solid OpenSCAD_Model
  facet normal -0.977973 0.0181921 -0.207936
    outer loop
      vertex 0 0 -19.1411
      vertex 0.0107847 2.5 -18.9731
      vertex 0.13833 0 -19.7917
    endloop
  endfacet
  facet normal -0.978038 0.0181722 -0.207635
    outer loop
      vertex 0.0107847 2.5 -18.9731
      vertex 0 0 -19.1411
      vertex 0 2.5 -18.9223
    endloop
  endfacet
  facet normal -0.977756 0.0185276 -0.208926
    outer loop
      vertex 0.13833 2.5 -19.57
      vertex 0.13833 0 -19.7917
      vertex 0.0107847 2.5 -18.9731
    endloop
  endfacet
  facet normal -0.977973 -0.0181921 -0.207936
    outer loop
      vertex 0.0107847 -2.5 -18.9731
      vertex 0 0 -19.1411
      vertex 0.13833 0 -19.7917
    endloop
  endfacet
  facet normal -0.978038 -0.0181722 -0.207635
    outer loop
      vertex 0 0 -19.1411
      vertex 0.0107847 -2.5 -18.9731
      vertex 0 -2.5 -18.9223
    endloop
  endfacet
  facet normal -0.977756 -0.0185276 -0.208926
    outer loop
      vertex 0.13833 0 -19.7917
      vertex 0.13833 -2.5 -19.57
      vertex 0.0107847 -2.5 -18.9731
    endloop
  endfacet
  facet normal -0.977963 0.0184414 -0.207962
    outer loop
      vertex 0.13833 0 -19.7917
      vertex 0.182559 2.5 -19.778
      vertex 0.306662 0 -20.5833
    endloop
  endfacet
  facet normal -0.977965 0.0184413 -0.207954
    outer loop
      vertex 0.182559 2.5 -19.778
      vertex 0.13833 0 -19.7917
      vertex 0.13833 2.5 -19.57
    endloop
  endfacet
  facet normal -0.97776 0.0187498 -0.208888
    outer loop
      vertex 0.306662 2.5 -20.3589
      vertex 0.306662 0 -20.5833
      vertex 0.182559 2.5 -19.778
    endloop
  endfacet
  facet normal -0.977963 -0.0184414 -0.207962
    outer loop
      vertex 0.182559 -2.5 -19.778
      vertex 0.13833 0 -19.7917
      vertex 0.306662 0 -20.5833
    endloop
  endfacet
  facet normal -0.977965 -0.0184413 -0.207954
    outer loop
      vertex 0.13833 0 -19.7917
      vertex 0.182559 -2.5 -19.778
      vertex 0.13833 -2.5 -19.57
    endloop
  endfacet
  facet normal -0.97776 -0.0187498 -0.208888
    outer loop
      vertex 0.306662 0 -20.5833
      vertex 0.306662 -2.5 -20.3589
      vertex 0.182559 -2.5 -19.778
    endloop
  endfacet
  facet normal -0.977963 0.0186708 -0.20794
    outer loop
      vertex 0.306662 0 -20.5833
      vertex 0.354157 2.5 -20.5822
      vertex 0.474998 0 -21.375
    endloop
  endfacet
  facet normal -0.977949 0.0186706 -0.208006
    outer loop
      vertex 0.354157 2.5 -20.5822
      vertex 0.306662 0 -20.5833
      vertex 0.306662 2.5 -20.3589
    endloop
  endfacet
  facet normal -0.977761 0.0189731 -0.208863
    outer loop
      vertex 0.474998 2.5 -21.1479
      vertex 0.474998 0 -21.375
      vertex 0.354157 2.5 -20.5822
    endloop
  endfacet
  facet normal -0.977963 -0.0186708 -0.20794
    outer loop
      vertex 0.354157 -2.5 -20.5822
      vertex 0.306662 0 -20.5833
      vertex 0.474998 0 -21.375
    endloop
  endfacet
  facet normal -0.977949 -0.0186706 -0.208006
    outer loop
      vertex 0.306662 0 -20.5833
      vertex 0.354157 -2.5 -20.5822
      vertex 0.306662 -2.5 -20.3589
    endloop
  endfacet
  facet normal -0.977761 -0.0189731 -0.208863
    outer loop
      vertex 0.474998 0 -21.375
      vertex 0.474998 -2.5 -21.1479
      vertex 0.354157 -2.5 -20.5822
    endloop
  endfacet
  facet normal -0.97796 0.0188929 -0.207935
    outer loop
      vertex 0.474998 0 -21.375
      vertex 0.525591 2.5 -21.3858
      vertex 0.64333 0 -22.1667
    endloop
  endfacet
  facet normal -0.977951 0.0188925 -0.207976
    outer loop
      vertex 0.525591 2.5 -21.3858
      vertex 0.474998 0 -21.375
      vertex 0.474998 2.5 -21.1479
    endloop
  endfacet
  facet normal -0.977759 0.0191895 -0.208854
    outer loop
      vertex 0.64333 2.5 -21.937
      vertex 0.64333 0 -22.1667
      vertex 0.525591 2.5 -21.3858
    endloop
  endfacet
  facet normal -0.97796 -0.0188929 -0.207935
    outer loop
      vertex 0.525591 -2.5 -21.3858
      vertex 0.474998 0 -21.375
      vertex 0.64333 0 -22.1667
    endloop
  endfacet
  facet normal -0.977951 -0.0188925 -0.207976
    outer loop
      vertex 0.474998 0 -21.375
      vertex 0.525591 -2.5 -21.3858
      vertex 0.474998 -2.5 -21.1479
    endloop
  endfacet
  facet normal -0.977759 -0.0191895 -0.208854
    outer loop
      vertex 0.64333 0 -22.1667
      vertex 0.64333 -2.5 -21.937
      vertex 0.525591 -2.5 -21.3858
    endloop
  endfacet
  facet normal -0.97795 0.0191046 -0.207964
    outer loop
      vertex 0.64333 0 -22.1667
      vertex 0.696868 2.5 -22.1888
      vertex 0.811666 0 -22.9583
    endloop
  endfacet
  facet normal -0.977956 0.019105 -0.207934
    outer loop
      vertex 0.696868 2.5 -22.1888
      vertex 0.64333 0 -22.1667
      vertex 0.64333 2.5 -21.937
    endloop
  endfacet
  facet normal -0.97776 0.0193792 -0.208828
    outer loop
      vertex 0.811666 2.5 -22.7263
      vertex 0.811666 0 -22.9583
      vertex 0.696868 2.5 -22.1888
    endloop
  endfacet
  facet normal -0.97795 -0.0191046 -0.207964
    outer loop
      vertex 0.696868 -2.5 -22.1888
      vertex 0.64333 0 -22.1667
      vertex 0.811666 0 -22.9583
    endloop
  endfacet
  facet normal -0.977956 -0.019105 -0.207934
    outer loop
      vertex 0.64333 0 -22.1667
      vertex 0.696868 -2.5 -22.1888
      vertex 0.64333 -2.5 -21.937
    endloop
  endfacet
  facet normal -0.97776 -0.0193792 -0.208828
    outer loop
      vertex 0.811666 0 -22.9583
      vertex 0.811666 -2.5 -22.7263
      vertex 0.696868 -2.5 -22.1888
    endloop
  endfacet
  facet normal -0.977953 0.0193012 -0.207933
    outer loop
      vertex 0.811666 0 -22.9583
      vertex 0.868002 2.5 -22.9912
      vertex 0.979998 0 -23.75
    endloop
  endfacet
  facet normal -0.977943 0.0193004 -0.207978
    outer loop
      vertex 0.868002 2.5 -22.9912
      vertex 0.811666 0 -22.9583
      vertex 0.811666 2.5 -22.7263
    endloop
  endfacet
  facet normal -0.977767 0.019567 -0.208782
    outer loop
      vertex 0.979998 2.5 -23.5157
      vertex 0.979998 0 -23.75
      vertex 0.868002 2.5 -22.9912
    endloop
  endfacet
  facet normal -0.977953 -0.0193012 -0.207933
    outer loop
      vertex 0.868002 -2.5 -22.9912
      vertex 0.811666 0 -22.9583
      vertex 0.979998 0 -23.75
    endloop
  endfacet
  facet normal -0.977943 -0.0193004 -0.207978
    outer loop
      vertex 0.811666 0 -22.9583
      vertex 0.868002 -2.5 -22.9912
      vertex 0.811666 -2.5 -22.7263
    endloop
  endfacet
  facet normal -0.977767 -0.019567 -0.208782
    outer loop
      vertex 0.979998 0 -23.75
      vertex 0.979998 -2.5 -23.5157
      vertex 0.868002 -2.5 -22.9912
    endloop
  endfacet
  facet normal -0.977949 0.0194956 -0.207932
    outer loop
      vertex 0.979998 0 -23.75
      vertex 1.039 2.5 -23.7931
      vertex 1.14833 0 -24.5417
    endloop
  endfacet
  facet normal -0.977934 0.019494 -0.208003
    outer loop
      vertex 1.039 2.5 -23.7931
      vertex 0.979998 0 -23.75
      vertex 0.979998 2.5 -23.5157
    endloop
  endfacet
  facet normal -0.977762 0.0197596 -0.208786
    outer loop
      vertex 1.14833 2.5 -24.3051
      vertex 1.14833 0 -24.5417
      vertex 1.039 2.5 -23.7931
    endloop
  endfacet
  facet normal -0.977949 -0.0194956 -0.207932
    outer loop
      vertex 1.039 -2.5 -23.7931
      vertex 0.979998 0 -23.75
      vertex 1.14833 0 -24.5417
    endloop
  endfacet
  facet normal -0.977934 -0.019494 -0.208003
    outer loop
      vertex 0.979998 0 -23.75
      vertex 1.039 -2.5 -23.7931
      vertex 0.979998 -2.5 -23.5157
    endloop
  endfacet
  facet normal -0.977762 -0.0197596 -0.208786
    outer loop
      vertex 1.14833 0 -24.5417
      vertex 1.14833 -2.5 -24.3051
      vertex 1.039 -2.5 -23.7931
    endloop
  endfacet
  facet normal -0.977938 0.0196763 -0.207966
    outer loop
      vertex 1.14833 0 -24.5417
      vertex 1.20988 2.5 -24.5946
      vertex 1.31667 0 -25.3333
    endloop
  endfacet
  facet normal -0.977948 0.0196775 -0.20792
    outer loop
      vertex 1.20988 2.5 -24.5946
      vertex 1.14833 0 -24.5417
      vertex 1.14833 2.5 -24.3051
    endloop
  endfacet
  facet normal -0.977758 0.0199267 -0.208788
    outer loop
      vertex 1.31667 2.5 -25.0947
      vertex 1.31667 0 -25.3333
      vertex 1.20988 2.5 -24.5946
    endloop
  endfacet
  facet normal -0.977938 -0.0196763 -0.207966
    outer loop
      vertex 1.20988 -2.5 -24.5946
      vertex 1.14833 0 -24.5417
      vertex 1.31667 0 -25.3333
    endloop
  endfacet
  facet normal -0.977948 -0.0196775 -0.20792
    outer loop
      vertex 1.14833 0 -24.5417
      vertex 1.20988 -2.5 -24.5946
      vertex 1.14833 -2.5 -24.3051
    endloop
  endfacet
  facet normal -0.977758 -0.0199267 -0.208788
    outer loop
      vertex 1.31667 0 -25.3333
      vertex 1.31667 -2.5 -25.0947
      vertex 1.20988 -2.5 -24.5946
    endloop
  endfacet
  facet normal -0.977943 0.019842 -0.207929
    outer loop
      vertex 1.31667 0 -25.3333
      vertex 1.38064 2.5 -25.3956
      vertex 1.485 0 -26.125
    endloop
  endfacet
  facet normal -0.977947 0.0198427 -0.207907
    outer loop
      vertex 1.38064 2.5 -25.3956
      vertex 1.31667 0 -25.3333
      vertex 1.31667 2.5 -25.0947
    endloop
  endfacet
  facet normal -0.977762 0.0200905 -0.208755
    outer loop
      vertex 1.485 2.5 -25.8844
      vertex 1.485 0 -26.125
      vertex 1.38064 2.5 -25.3956
    endloop
  endfacet
  facet normal -0.977943 -0.019842 -0.207929
    outer loop
      vertex 1.38064 -2.5 -25.3956
      vertex 1.31667 0 -25.3333
      vertex 1.485 0 -26.125
    endloop
  endfacet
  facet normal -0.977947 -0.0198427 -0.207907
    outer loop
      vertex 1.31667 0 -25.3333
      vertex 1.38064 -2.5 -25.3956
      vertex 1.31667 -2.5 -25.0947
    endloop
  endfacet
  facet normal -0.977762 -0.0200905 -0.208755
    outer loop
      vertex 1.485 0 -26.125
      vertex 1.485 -2.5 -25.8844
      vertex 1.38064 -2.5 -25.3956
    endloop
  endfacet
  facet normal -0.977939 0.0200093 -0.207928
    outer loop
      vertex 1.485 0 -26.125
      vertex 1.55129 2.5 -26.1962
      vertex 1.65333 0 -26.9167
    endloop
  endfacet
  facet normal -0.977942 0.0200097 -0.207915
    outer loop
      vertex 1.55129 2.5 -26.1962
      vertex 1.485 0 -26.125
      vertex 1.485 2.5 -25.8844
    endloop
  endfacet
  facet normal -0.977765 0.0202464 -0.208726
    outer loop
      vertex 1.65333 2.5 -26.6742
      vertex 1.65333 0 -26.9167
      vertex 1.55129 2.5 -26.1962
    endloop
  endfacet
  facet normal -0.977939 -0.0200093 -0.207928
    outer loop
      vertex 1.55129 -2.5 -26.1962
      vertex 1.485 0 -26.125
      vertex 1.65333 0 -26.9167
    endloop
  endfacet
  facet normal -0.977942 -0.0200097 -0.207915
    outer loop
      vertex 1.485 0 -26.125
      vertex 1.55129 -2.5 -26.1962
      vertex 1.485 -2.5 -25.8844
    endloop
  endfacet
  facet normal -0.977765 -0.0202464 -0.208726
    outer loop
      vertex 1.65333 0 -26.9167
      vertex 1.65333 -2.5 -26.6742
      vertex 1.55129 -2.5 -26.1962
    endloop
  endfacet
  facet normal -0.977931 0.0201697 -0.207952
    outer loop
      vertex 1.65333 0 -26.9167
      vertex 1.72184 2.5 -26.9964
      vertex 1.82166 0 -27.7083
    endloop
  endfacet
  facet normal -0.977934 0.0201702 -0.20794
    outer loop
      vertex 1.72184 2.5 -26.9964
      vertex 1.65333 0 -26.9167
      vertex 1.65333 2.5 -26.6742
    endloop
  endfacet
  facet normal -0.977761 0.0203967 -0.208726
    outer loop
      vertex 1.82166 2.5 -27.464
      vertex 1.82166 0 -27.7083
      vertex 1.72184 2.5 -26.9964
    endloop
  endfacet
  facet normal -0.977931 -0.0201697 -0.207952
    outer loop
      vertex 1.72184 -2.5 -26.9964
      vertex 1.65333 0 -26.9167
      vertex 1.82166 0 -27.7083
    endloop
  endfacet
  facet normal -0.977934 -0.0201702 -0.20794
    outer loop
      vertex 1.65333 0 -26.9167
      vertex 1.72184 -2.5 -26.9964
      vertex 1.65333 -2.5 -26.6742
    endloop
  endfacet
  facet normal -0.977761 -0.0203967 -0.208726
    outer loop
      vertex 1.82166 0 -27.7083
      vertex 1.82166 -2.5 -27.464
      vertex 1.72184 -2.5 -26.9964
    endloop
  endfacet
  facet normal -0.977931 0.0203213 -0.207938
    outer loop
      vertex 1.82166 0 -27.7083
      vertex 1.8923 2.5 -27.7962
      vertex 1.99 0 -28.5
    endloop
  endfacet
  facet normal -0.977928 0.0203208 -0.20795
    outer loop
      vertex 1.8923 2.5 -27.7962
      vertex 1.82166 0 -27.7083
      vertex 1.82166 2.5 -27.464
    endloop
  endfacet
  facet normal -0.977761 0.0205456 -0.208712
    outer loop
      vertex 1.99 2.5 -28.2539
      vertex 1.99 0 -28.5
      vertex 1.8923 2.5 -27.7962
    endloop
  endfacet
  facet normal -0.977931 -0.0203213 -0.207938
    outer loop
      vertex 1.8923 -2.5 -27.7962
      vertex 1.82166 0 -27.7083
      vertex 1.99 0 -28.5
    endloop
  endfacet
  facet normal -0.977928 -0.0203208 -0.20795
    outer loop
      vertex 1.82166 0 -27.7083
      vertex 1.8923 -2.5 -27.7962
      vertex 1.82166 -2.5 -27.464
    endloop
  endfacet
  facet normal -0.977761 -0.0205456 -0.208712
    outer loop
      vertex 1.99 0 -28.5
      vertex 1.99 -2.5 -28.2539
      vertex 1.8923 -2.5 -27.7962
    endloop
  endfacet
  facet normal -0.97793 0.0204671 -0.207926
    outer loop
      vertex 1.99 0 -28.5
      vertex 2.06267 2.5 -28.5957
      vertex 2.15833 0 -29.2917
    endloop
  endfacet
  facet normal -0.977932 0.0204674 -0.207918
    outer loop
      vertex 2.06267 2.5 -28.5957
      vertex 1.99 0 -28.5
      vertex 1.99 2.5 -28.2539
    endloop
  endfacet
  facet normal -0.977764 0.0206849 -0.208686
    outer loop
      vertex 2.15833 2.5 -29.0439
      vertex 2.15833 0 -29.2917
      vertex 2.06267 2.5 -28.5957
    endloop
  endfacet
  facet normal -0.97793 -0.0204671 -0.207926
    outer loop
      vertex 2.06267 -2.5 -28.5957
      vertex 1.99 0 -28.5
      vertex 2.15833 0 -29.2917
    endloop
  endfacet
  facet normal -0.977932 -0.0204674 -0.207918
    outer loop
      vertex 1.99 0 -28.5
      vertex 2.06267 -2.5 -28.5957
      vertex 1.99 -2.5 -28.2539
    endloop
  endfacet
  facet normal -0.977764 -0.0206849 -0.208686
    outer loop
      vertex 2.15833 0 -29.2917
      vertex 2.15833 -2.5 -29.0439
      vertex 2.06267 -2.5 -28.5957
    endloop
  endfacet
  facet normal -0.977922 0.0206048 -0.207951
    outer loop
      vertex 2.15833 0 -29.2917
      vertex 2.23295 2.5 -29.3949
      vertex 2.32666 0 -30.0833
    endloop
  endfacet
  facet normal -0.977933 0.0206072 -0.207901
    outer loop
      vertex 2.23295 2.5 -29.3949
      vertex 2.15833 0 -29.2917
      vertex 2.15833 2.5 -29.0439
    endloop
  endfacet
  facet normal -0.977765 0.0208084 -0.208669
    outer loop
      vertex 2.32666 2.5 -29.834
      vertex 2.32666 0 -30.0833
      vertex 2.23295 2.5 -29.3949
    endloop
  endfacet
  facet normal -0.977922 -0.0206048 -0.207951
    outer loop
      vertex 2.23295 -2.5 -29.3949
      vertex 2.15833 0 -29.2917
      vertex 2.32666 0 -30.0833
    endloop
  endfacet
  facet normal -0.977933 -0.0206072 -0.207901
    outer loop
      vertex 2.15833 0 -29.2917
      vertex 2.23295 -2.5 -29.3949
      vertex 2.15833 -2.5 -29.0439
    endloop
  endfacet
  facet normal -0.977765 -0.0208084 -0.208669
    outer loop
      vertex 2.32666 0 -30.0833
      vertex 2.32666 -2.5 -29.834
      vertex 2.23295 -2.5 -29.3949
    endloop
  endfacet
  facet normal -0.977922 0.0207419 -0.207937
    outer loop
      vertex 2.32666 0 -30.0833
      vertex 2.40316 2.5 -30.1937
      vertex 2.495 0 -30.875
    endloop
  endfacet
  facet normal -0.977913 0.0207398 -0.20798
    outer loop
      vertex 2.40316 2.5 -30.1937
      vertex 2.32666 0 -30.0833
      vertex 2.32666 2.5 -29.834
    endloop
  endfacet
  facet normal -0.977769 0.020939 -0.208639
    outer loop
      vertex 2.495 2.5 -30.6241
      vertex 2.495 0 -30.875
      vertex 2.40316 2.5 -30.1937
    endloop
  endfacet
  facet normal -0.977922 -0.0207419 -0.207937
    outer loop
      vertex 2.40316 -2.5 -30.1937
      vertex 2.32666 0 -30.0833
      vertex 2.495 0 -30.875
    endloop
  endfacet
  facet normal -0.977913 -0.0207398 -0.20798
    outer loop
      vertex 2.32666 0 -30.0833
      vertex 2.40316 -2.5 -30.1937
      vertex 2.32666 -2.5 -29.834
    endloop
  endfacet
  facet normal -0.977769 -0.020939 -0.208639
    outer loop
      vertex 2.495 0 -30.875
      vertex 2.495 -2.5 -30.6241
      vertex 2.40316 -2.5 -30.1937
    endloop
  endfacet
  facet normal -0.977922 0.0208688 -0.207924
    outer loop
      vertex 2.495 0 -30.875
      vertex 2.57329 2.5 -30.9923
      vertex 2.66333 0 -31.6667
    endloop
  endfacet
  facet normal -0.97792 0.0208683 -0.207934
    outer loop
      vertex 2.57329 2.5 -30.9923
      vertex 2.495 0 -30.875
      vertex 2.495 2.5 -30.6241
    endloop
  endfacet
  facet normal -0.97777 0.0210625 -0.208622
    outer loop
      vertex 2.66333 2.5 -31.4143
      vertex 2.66333 0 -31.6667
      vertex 2.57329 2.5 -30.9923
    endloop
  endfacet
  facet normal -0.977922 -0.0208688 -0.207924
    outer loop
      vertex 2.57329 -2.5 -30.9923
      vertex 2.495 0 -30.875
      vertex 2.66333 0 -31.6667
    endloop
  endfacet
  facet normal -0.97792 -0.0208683 -0.207934
    outer loop
      vertex 2.495 0 -30.875
      vertex 2.57329 -2.5 -30.9923
      vertex 2.495 -2.5 -30.6241
    endloop
  endfacet
  facet normal -0.97777 -0.0210625 -0.208622
    outer loop
      vertex 2.66333 0 -31.6667
      vertex 2.66333 -2.5 -31.4143
      vertex 2.57329 -2.5 -30.9923
    endloop
  endfacet
  facet normal -0.977914 0.0209907 -0.207949
    outer loop
      vertex 2.66333 0 -31.6667
      vertex 2.74336 2.5 -31.7907
      vertex 2.83166 0 -32.4583
    endloop
  endfacet
  facet normal -0.97792 0.0209921 -0.207925
    outer loop
      vertex 2.74336 2.5 -31.7907
      vertex 2.66333 0 -31.6667
      vertex 2.66333 2.5 -31.4143
    endloop
  endfacet
  facet normal -0.977762 0.0211814 -0.208643
    outer loop
      vertex 2.83166 2.5 -32.2045
      vertex 2.83166 0 -32.4583
      vertex 2.74336 2.5 -31.7907
    endloop
  endfacet
  facet normal -0.977914 -0.0209907 -0.207949
    outer loop
      vertex 2.74336 -2.5 -31.7907
      vertex 2.66333 0 -31.6667
      vertex 2.83166 0 -32.4583
    endloop
  endfacet
  facet normal -0.97792 -0.0209921 -0.207925
    outer loop
      vertex 2.66333 0 -31.6667
      vertex 2.74336 -2.5 -31.7907
      vertex 2.66333 -2.5 -31.4143
    endloop
  endfacet
  facet normal -0.977762 -0.0211814 -0.208643
    outer loop
      vertex 2.83166 0 -32.4583
      vertex 2.83166 -2.5 -32.2045
      vertex 2.74336 -2.5 -31.7907
    endloop
  endfacet
  facet normal -0.977915 0.0211124 -0.207935
    outer loop
      vertex 2.83166 0 -32.4583
      vertex 2.91336 2.5 -32.5887
      vertex 3 0 -33.25
    endloop
  endfacet
  facet normal -0.977911 0.0211113 -0.207952
    outer loop
      vertex 2.91336 2.5 -32.5887
      vertex 2.83166 0 -32.4583
      vertex 2.83166 2.5 -32.2045
    endloop
  endfacet
  facet normal -0.977768 0.0212942 -0.208603
    outer loop
      vertex 3 2.5 -32.9948
      vertex 3 0 -33.25
      vertex 2.91336 2.5 -32.5887
    endloop
  endfacet
  facet normal -0.977915 -0.0211124 -0.207935
    outer loop
      vertex 2.91336 -2.5 -32.5887
      vertex 2.83166 0 -32.4583
      vertex 3 0 -33.25
    endloop
  endfacet
  facet normal -0.977911 -0.0211113 -0.207952
    outer loop
      vertex 2.83166 0 -32.4583
      vertex 2.91336 -2.5 -32.5887
      vertex 2.83166 -2.5 -32.2045
    endloop
  endfacet
  facet normal -0.977768 -0.0212942 -0.208603
    outer loop
      vertex 3 0 -33.25
      vertex 3 -2.5 -32.9948
      vertex 2.91336 -2.5 -32.5887
    endloop
  endfacet
  facet normal -0.977915 0.0212232 -0.207923
    outer loop
      vertex 3 0 -33.25
      vertex 3.0833 2.5 -33.3866
      vertex 3.16833 0 -34.0417
    endloop
  endfacet
  facet normal -0.977917 0.0212238 -0.207913
    outer loop
      vertex 3.0833 2.5 -33.3866
      vertex 3 0 -33.25
      vertex 3 2.5 -32.9948
    endloop
  endfacet
  facet normal -0.977771 0.0214003 -0.20858
    outer loop
      vertex 3.16833 2.5 -33.7852
      vertex 3.16833 0 -34.0417
      vertex 3.0833 2.5 -33.3866
    endloop
  endfacet
  facet normal -0.977915 -0.0212232 -0.207923
    outer loop
      vertex 3.0833 -2.5 -33.3866
      vertex 3 0 -33.25
      vertex 3.16833 0 -34.0417
    endloop
  endfacet
  facet normal -0.977917 -0.0212238 -0.207913
    outer loop
      vertex 3 0 -33.25
      vertex 3.0833 -2.5 -33.3866
      vertex 3 -2.5 -32.9948
    endloop
  endfacet
  facet normal -0.977771 -0.0214003 -0.20858
    outer loop
      vertex 3.16833 0 -34.0417
      vertex 3.16833 -2.5 -33.7852
      vertex 3.0833 -2.5 -33.3866
    endloop
  endfacet
  facet normal -0.977907 0.0213372 -0.207947
    outer loop
      vertex 3.16833 0 -34.0417
      vertex 3.25318 2.5 -34.1842
      vertex 3.33666 0 -34.8333
    endloop
  endfacet
  facet normal -0.977905 0.0213365 -0.207958
    outer loop
      vertex 3.25318 2.5 -34.1842
      vertex 3.16833 0 -34.0417
      vertex 3.16833 2.5 -33.7852
    endloop
  endfacet
  facet normal -0.977776 0.0214969 -0.208546
    outer loop
      vertex 3.33666 2.5 -34.5756
      vertex 3.33666 0 -34.8333
      vertex 3.25318 2.5 -34.1842
    endloop
  endfacet
  facet normal -0.977907 -0.0213372 -0.207947
    outer loop
      vertex 3.25318 -2.5 -34.1842
      vertex 3.16833 0 -34.0417
      vertex 3.33666 0 -34.8333
    endloop
  endfacet
  facet normal -0.977905 -0.0213365 -0.207958
    outer loop
      vertex 3.16833 0 -34.0417
      vertex 3.25318 -2.5 -34.1842
      vertex 3.16833 -2.5 -33.7852
    endloop
  endfacet
  facet normal -0.977776 -0.0214969 -0.208546
    outer loop
      vertex 3.33666 0 -34.8333
      vertex 3.33666 -2.5 -34.5756
      vertex 3.25318 -2.5 -34.1842
    endloop
  endfacet
  facet normal -0.977908 0.0214384 -0.207934
    outer loop
      vertex 3.33666 0 -34.8333
      vertex 3.423 2.5 -34.9816
      vertex 3.505 0 -35.625
    endloop
  endfacet
  facet normal -0.977902 0.0214366 -0.207961
    outer loop
      vertex 3.423 2.5 -34.9816
      vertex 3.33666 0 -34.8333
      vertex 3.33666 2.5 -34.5756
    endloop
  endfacet
  facet normal -0.977767 0.0216086 -0.208577
    outer loop
      vertex 3.505 2.5 -35.366
      vertex 3.505 0 -35.625
      vertex 3.423 2.5 -34.9816
    endloop
  endfacet
  facet normal -0.977908 -0.0214384 -0.207934
    outer loop
      vertex 3.423 -2.5 -34.9816
      vertex 3.33666 0 -34.8333
      vertex 3.505 0 -35.625
    endloop
  endfacet
  facet normal -0.977902 -0.0214366 -0.207961
    outer loop
      vertex 3.33666 0 -34.8333
      vertex 3.423 -2.5 -34.9816
      vertex 3.33666 -2.5 -34.5756
    endloop
  endfacet
  facet normal -0.977767 -0.0216086 -0.208577
    outer loop
      vertex 3.505 0 -35.625
      vertex 3.505 -2.5 -35.366
      vertex 3.423 -2.5 -34.9816
    endloop
  endfacet
  facet normal -0.977908 0.0215411 -0.207921
    outer loop
      vertex 3.505 0 -35.625
      vertex 3.59277 2.5 -35.7788
      vertex 3.67333 0 -36.4167
    endloop
  endfacet
  facet normal -0.977908 0.0215409 -0.207924
    outer loop
      vertex 3.59277 2.5 -35.7788
      vertex 3.505 0 -35.625
      vertex 3.505 2.5 -35.366
    endloop
  endfacet
  facet normal -0.977771 0.0217059 -0.20855
    outer loop
      vertex 3.67333 2.5 -36.1565
      vertex 3.67333 0 -36.4167
      vertex 3.59277 2.5 -35.7788
    endloop
  endfacet
  facet normal -0.977908 -0.0215411 -0.207921
    outer loop
      vertex 3.59277 -2.5 -35.7788
      vertex 3.505 0 -35.625
      vertex 3.67333 0 -36.4167
    endloop
  endfacet
  facet normal -0.977908 -0.0215409 -0.207924
    outer loop
      vertex 3.505 0 -35.625
      vertex 3.59277 -2.5 -35.7788
      vertex 3.505 -2.5 -35.366
    endloop
  endfacet
  facet normal -0.977771 -0.0217059 -0.20855
    outer loop
      vertex 3.67333 0 -36.4167
      vertex 3.67333 -2.5 -36.1565
      vertex 3.59277 -2.5 -35.7788
    endloop
  endfacet
  facet normal -0.977901 0.0216422 -0.207946
    outer loop
      vertex 3.67333 0 -36.4167
      vertex 3.76249 2.5 -36.5758
      vertex 3.84166 0 -37.2083
    endloop
  endfacet
  facet normal -0.977902 0.0216425 -0.207941
    outer loop
      vertex 3.76249 2.5 -36.5758
      vertex 3.67333 0 -36.4167
      vertex 3.67333 2.5 -36.1565
    endloop
  endfacet
  facet normal -0.977771 0.0217966 -0.20854
    outer loop
      vertex 3.84166 2.5 -36.947
      vertex 3.84166 0 -37.2083
      vertex 3.76249 2.5 -36.5758
    endloop
  endfacet
  facet normal -0.977901 -0.0216422 -0.207946
    outer loop
      vertex 3.76249 -2.5 -36.5758
      vertex 3.67333 0 -36.4167
      vertex 3.84166 0 -37.2083
    endloop
  endfacet
  facet normal -0.977902 -0.0216425 -0.207941
    outer loop
      vertex 3.67333 0 -36.4167
      vertex 3.76249 -2.5 -36.5758
      vertex 3.67333 -2.5 -36.1565
    endloop
  endfacet
  facet normal -0.977771 -0.0217966 -0.20854
    outer loop
      vertex 3.84166 0 -37.2083
      vertex 3.84166 -2.5 -36.947
      vertex 3.76249 -2.5 -36.5758
    endloop
  endfacet
  facet normal -0.977902 0.0217386 -0.207932
    outer loop
      vertex 3.84166 0 -37.2083
      vertex 3.93217 2.5 -37.3726
      vertex 4.01 0 -38
    endloop
  endfacet
  facet normal -0.977895 0.0217363 -0.207964
    outer loop
      vertex 3.93217 2.5 -37.3726
      vertex 3.84166 0 -37.2083
      vertex 3.84166 2.5 -36.947
    endloop
  endfacet
  facet normal -0.977767 0.0218977 -0.208549
    outer loop
      vertex 4.01 2.5 -37.7375
      vertex 4.01 0 -38
      vertex 3.93217 2.5 -37.3726
    endloop
  endfacet
  facet normal -0.977902 -0.0217386 -0.207932
    outer loop
      vertex 3.93217 -2.5 -37.3726
      vertex 3.84166 0 -37.2083
      vertex 4.01 0 -38
    endloop
  endfacet
  facet normal -0.977895 -0.0217363 -0.207964
    outer loop
      vertex 3.84166 0 -37.2083
      vertex 3.93217 -2.5 -37.3726
      vertex 3.84166 -2.5 -36.947
    endloop
  endfacet
  facet normal -0.977767 -0.0218977 -0.208549
    outer loop
      vertex 4.01 0 -38
      vertex 4.01 -2.5 -37.7375
      vertex 3.93217 -2.5 -37.3726
    endloop
  endfacet
  facet normal -0.977902 0.0218282 -0.20792
    outer loop
      vertex 4.01 0 -38
      vertex 4.1018 2.5 -38.1693
      vertex 4.17833 0 -38.7917
    endloop
  endfacet
  facet normal -0.977906 0.0218296 -0.207901
    outer loop
      vertex 4.1018 2.5 -38.1693
      vertex 4.01 0 -38
      vertex 4.01 2.5 -37.7375
    endloop
  endfacet
  facet normal -0.977764 0.0219897 -0.208552
    outer loop
      vertex 4.17833 2.5 -38.5281
      vertex 4.17833 0 -38.7917
      vertex 4.1018 2.5 -38.1693
    endloop
  endfacet
  facet normal -0.977902 -0.0218282 -0.20792
    outer loop
      vertex 4.1018 -2.5 -38.1693
      vertex 4.01 0 -38
      vertex 4.17833 0 -38.7917
    endloop
  endfacet
  facet normal -0.977906 -0.0218296 -0.207901
    outer loop
      vertex 4.01 0 -38
      vertex 4.1018 -2.5 -38.1693
      vertex 4.01 -2.5 -37.7375
    endloop
  endfacet
  facet normal -0.977764 -0.0219897 -0.208552
    outer loop
      vertex 4.17833 0 -38.7917
      vertex 4.17833 -2.5 -38.5281
      vertex 4.1018 -2.5 -38.1693
    endloop
  endfacet
  facet normal -0.977892 0.021919 -0.207957
    outer loop
      vertex 4.17833 0 -38.7917
      vertex 4.27139 2.5 -38.9658
      vertex 4.34667 0 -39.5833
    endloop
  endfacet
  facet normal -0.977902 0.0219223 -0.207913
    outer loop
      vertex 4.27139 2.5 -38.9658
      vertex 4.17833 0 -38.7917
      vertex 4.17833 2.5 -38.5281
    endloop
  endfacet
  facet normal -0.977758 0.0220754 -0.208573
    outer loop
      vertex 4.34667 2.5 -39.3187
      vertex 4.34667 0 -39.5833
      vertex 4.27139 2.5 -38.9658
    endloop
  endfacet
  facet normal -0.977892 -0.021919 -0.207957
    outer loop
      vertex 4.27139 -2.5 -38.9658
      vertex 4.17833 0 -38.7917
      vertex 4.34667 0 -39.5833
    endloop
  endfacet
  facet normal -0.977902 -0.0219223 -0.207913
    outer loop
      vertex 4.17833 0 -38.7917
      vertex 4.27139 -2.5 -38.9658
      vertex 4.17833 -2.5 -38.5281
    endloop
  endfacet
  facet normal -0.977758 -0.0220754 -0.208573
    outer loop
      vertex 4.34667 0 -39.5833
      vertex 4.34667 -2.5 -39.3187
      vertex 4.27139 -2.5 -38.9658
    endloop
  endfacet
  facet normal -0.977898 0.0220042 -0.207919
    outer loop
      vertex 4.34667 0 -39.5833
      vertex 4.44094 2.5 -39.7621
      vertex 4.515 0 -40.375
    endloop
  endfacet
  facet normal -0.977901 0.0220051 -0.207909
    outer loop
      vertex 4.44094 2.5 -39.7621
      vertex 4.34667 0 -39.5833
      vertex 4.34667 2.5 -39.3187
    endloop
  endfacet
  facet normal -0.97777 0.0221515 -0.208505
    outer loop
      vertex 4.515 2.5 -40.1094
      vertex 4.515 0 -40.375
      vertex 4.44094 2.5 -39.7621
    endloop
  endfacet
  facet normal -0.977898 -0.0220042 -0.207919
    outer loop
      vertex 4.44094 -2.5 -39.7621
      vertex 4.34667 0 -39.5833
      vertex 4.515 0 -40.375
    endloop
  endfacet
  facet normal -0.977901 -0.0220051 -0.207909
    outer loop
      vertex 4.34667 0 -39.5833
      vertex 4.44094 -2.5 -39.7621
      vertex 4.34667 -2.5 -39.3187
    endloop
  endfacet
  facet normal -0.97777 -0.0221515 -0.208505
    outer loop
      vertex 4.515 0 -40.375
      vertex 4.515 -2.5 -40.1094
      vertex 4.44094 -2.5 -39.7621
    endloop
  endfacet
  facet normal -0.977897 0.0220876 -0.207919
    outer loop
      vertex 4.515 0 -40.375
      vertex 4.61044 2.5 -40.5583
      vertex 4.68333 0 -41.1667
    endloop
  endfacet
  facet normal -0.977899 0.0220883 -0.20791
    outer loop
      vertex 4.61044 2.5 -40.5583
      vertex 4.515 0 -40.375
      vertex 4.515 2.5 -40.1094
    endloop
  endfacet
  facet normal -0.977767 0.0222357 -0.208512
    outer loop
      vertex 4.68333 2.5 -40.9001
      vertex 4.68333 0 -41.1667
      vertex 4.61044 2.5 -40.5583
    endloop
  endfacet
  facet normal -0.977897 -0.0220876 -0.207919
    outer loop
      vertex 4.61044 -2.5 -40.5583
      vertex 4.515 0 -40.375
      vertex 4.68333 0 -41.1667
    endloop
  endfacet
  facet normal -0.977899 -0.0220883 -0.20791
    outer loop
      vertex 4.515 0 -40.375
      vertex 4.61044 -2.5 -40.5583
      vertex 4.515 -2.5 -40.1094
    endloop
  endfacet
  facet normal -0.977767 -0.0222357 -0.208512
    outer loop
      vertex 4.68333 0 -41.1667
      vertex 4.68333 -2.5 -40.9001
      vertex 4.61044 -2.5 -40.5583
    endloop
  endfacet
  facet normal -0.977887 0.0221767 -0.207955
    outer loop
      vertex 4.68333 0 -41.1667
      vertex 4.77992 2.5 -41.3543
      vertex 4.85167 0 -41.9583
    endloop
  endfacet
  facet normal -0.977887 0.0221765 -0.207957
    outer loop
      vertex 4.77992 2.5 -41.3543
      vertex 4.68333 0 -41.1667
      vertex 4.68333 2.5 -40.9001
    endloop
  endfacet
  facet normal -0.977771 0.0223079 -0.208485
    outer loop
      vertex 4.85167 2.5 -41.6908
      vertex 4.85167 0 -41.9583
      vertex 4.77992 2.5 -41.3543
    endloop
  endfacet
  facet normal -0.977887 -0.0221767 -0.207955
    outer loop
      vertex 4.77992 -2.5 -41.3543
      vertex 4.68333 0 -41.1667
      vertex 4.85167 0 -41.9583
    endloop
  endfacet
  facet normal -0.977887 -0.0221765 -0.207957
    outer loop
      vertex 4.68333 0 -41.1667
      vertex 4.77992 -2.5 -41.3543
      vertex 4.68333 -2.5 -40.9001
    endloop
  endfacet
  facet normal -0.977771 -0.0223079 -0.208485
    outer loop
      vertex 4.85167 0 -41.9583
      vertex 4.85167 -2.5 -41.6908
      vertex 4.77992 -2.5 -41.3543
    endloop
  endfacet
  facet normal -0.977893 0.0222484 -0.207918
    outer loop
      vertex 4.85167 0 -41.9583
      vertex 4.94935 2.5 -42.1502
      vertex 5.02 0 -42.75
    endloop
  endfacet
  facet normal -0.977892 0.0222479 -0.207924
    outer loop
      vertex 4.94935 2.5 -42.1502
      vertex 4.85167 0 -41.9583
      vertex 4.85167 2.5 -41.6908
    endloop
  endfacet
  facet normal -0.977777 0.0223791 -0.208449
    outer loop
      vertex 5.02 2.5 -42.4816
      vertex 5.02 0 -42.75
      vertex 4.94935 2.5 -42.1502
    endloop
  endfacet
  facet normal -0.977893 -0.0222484 -0.207918
    outer loop
      vertex 4.94935 -2.5 -42.1502
      vertex 4.85167 0 -41.9583
      vertex 5.02 0 -42.75
    endloop
  endfacet
  facet normal -0.977892 -0.0222479 -0.207924
    outer loop
      vertex 4.85167 0 -41.9583
      vertex 4.94935 -2.5 -42.1502
      vertex 4.85167 -2.5 -41.6908
    endloop
  endfacet
  facet normal -0.977777 -0.0223791 -0.208449
    outer loop
      vertex 5.02 0 -42.75
      vertex 5.02 -2.5 -42.4816
      vertex 4.94935 -2.5 -42.1502
    endloop
  endfacet
  facet normal -0.977891 0.022326 -0.207918
    outer loop
      vertex 5.02 0 -42.75
      vertex 5.11875 2.5 -42.946
      vertex 5.18833 0 -43.5417
    endloop
  endfacet
  facet normal -0.977887 0.0223242 -0.207938
    outer loop
      vertex 5.11875 2.5 -42.946
      vertex 5.02 0 -42.75
      vertex 5.02 2.5 -42.4816
    endloop
  endfacet
  facet normal -0.977765 0.0224677 -0.208498
    outer loop
      vertex 5.18833 2.5 -43.2723
      vertex 5.18833 0 -43.5417
      vertex 5.11875 2.5 -42.946
    endloop
  endfacet
  facet normal -0.977891 -0.022326 -0.207918
    outer loop
      vertex 5.11875 -2.5 -42.946
      vertex 5.02 0 -42.75
      vertex 5.18833 0 -43.5417
    endloop
  endfacet
  facet normal -0.977887 -0.0223242 -0.207938
    outer loop
      vertex 5.02 0 -42.75
      vertex 5.11875 -2.5 -42.946
      vertex 5.02 -2.5 -42.4816
    endloop
  endfacet
  facet normal -0.977765 -0.0224677 -0.208498
    outer loop
      vertex 5.18833 0 -43.5417
      vertex 5.18833 -2.5 -43.2723
      vertex 5.11875 -2.5 -42.946
    endloop
  endfacet
  facet normal -0.977884 0.0224017 -0.207943
    outer loop
      vertex 5.18833 0 -43.5417
      vertex 5.28813 2.5 -43.7417
      vertex 5.35666 0 -44.3333
    endloop
  endfacet
  facet normal -0.977891 0.0224045 -0.207911
    outer loop
      vertex 5.28813 2.5 -43.7417
      vertex 5.18833 0 -43.5417
      vertex 5.18833 2.5 -43.2723
    endloop
  endfacet
  facet normal -0.977766 0.0225328 -0.208483
    outer loop
      vertex 5.35666 2.5 -44.0631
      vertex 5.35666 0 -44.3333
      vertex 5.28813 2.5 -43.7417
    endloop
  endfacet
  facet normal -0.977884 -0.0224017 -0.207943
    outer loop
      vertex 5.28813 -2.5 -43.7417
      vertex 5.18833 0 -43.5417
      vertex 5.35666 0 -44.3333
    endloop
  endfacet
  facet normal -0.977891 -0.0224045 -0.207911
    outer loop
      vertex 5.18833 0 -43.5417
      vertex 5.28813 -2.5 -43.7417
      vertex 5.18833 -2.5 -43.2723
    endloop
  endfacet
  facet normal -0.977766 -0.0225328 -0.208483
    outer loop
      vertex 5.35666 0 -44.3333
      vertex 5.35666 -2.5 -44.0631
      vertex 5.28813 -2.5 -43.7417
    endloop
  endfacet
  facet normal -0.977886 0.0224736 -0.207929
    outer loop
      vertex 5.35666 0 -44.3333
      vertex 5.45747 2.5 -44.5372
      vertex 5.525 0 -45.125
    endloop
  endfacet
  facet normal -0.977885 0.0224733 -0.207932
    outer loop
      vertex 5.45747 2.5 -44.5372
      vertex 5.35666 0 -44.3333
      vertex 5.35666 2.5 -44.0631
    endloop
  endfacet
  facet normal -0.977777 0.0225934 -0.208426
    outer loop
      vertex 5.525 2.5 -44.854
      vertex 5.525 0 -45.125
      vertex 5.45747 2.5 -44.5372
    endloop
  endfacet
  facet normal -0.977886 -0.0224736 -0.207929
    outer loop
      vertex 5.45747 -2.5 -44.5372
      vertex 5.35666 0 -44.3333
      vertex 5.525 0 -45.125
    endloop
  endfacet
  facet normal -0.977885 -0.0224733 -0.207932
    outer loop
      vertex 5.35666 0 -44.3333
      vertex 5.45747 -2.5 -44.5372
      vertex 5.35666 -2.5 -44.0631
    endloop
  endfacet
  facet normal -0.977777 -0.0225934 -0.208426
    outer loop
      vertex 5.525 0 -45.125
      vertex 5.525 -2.5 -44.854
      vertex 5.45747 -2.5 -44.5372
    endloop
  endfacet
  facet normal -0.977887 0.022538 -0.207917
    outer loop
      vertex 5.525 0 -45.125
      vertex 5.62678 2.5 -45.3327
      vertex 5.69333 0 -45.9167
    endloop
  endfacet
  facet normal -0.977887 0.0225381 -0.207916
    outer loop
      vertex 5.62678 2.5 -45.3327
      vertex 5.525 0 -45.125
      vertex 5.525 2.5 -44.854
    endloop
  endfacet
  facet normal -0.977761 0.0226755 -0.208491
    outer loop
      vertex 5.69333 2.5 -45.6448
      vertex 5.69333 0 -45.9167
      vertex 5.62678 2.5 -45.3327
    endloop
  endfacet
  facet normal -0.977887 -0.022538 -0.207917
    outer loop
      vertex 5.62678 -2.5 -45.3327
      vertex 5.525 0 -45.125
      vertex 5.69333 0 -45.9167
    endloop
  endfacet
  facet normal -0.977887 -0.0225381 -0.207916
    outer loop
      vertex 5.525 0 -45.125
      vertex 5.62678 -2.5 -45.3327
      vertex 5.525 -2.5 -44.854
    endloop
  endfacet
  facet normal -0.977761 -0.0226755 -0.208491
    outer loop
      vertex 5.69333 0 -45.9167
      vertex 5.69333 -2.5 -45.6448
      vertex 5.62678 -2.5 -45.3327
    endloop
  endfacet
  facet normal -0.97788 0.0226117 -0.207942
    outer loop
      vertex 5.69333 0 -45.9167
      vertex 5.79607 2.5 -46.128
      vertex 5.86166 0 -46.7083
    endloop
  endfacet
  facet normal -0.977884 0.0226136 -0.207922
    outer loop
      vertex 5.79607 2.5 -46.128
      vertex 5.69333 0 -45.9167
      vertex 5.69333 2.5 -45.6448
    endloop
  endfacet
  facet normal -0.977774 0.0227266 -0.208425
    outer loop
      vertex 5.86166 2.5 -46.4357
      vertex 5.86166 0 -46.7083
      vertex 5.79607 2.5 -46.128
    endloop
  endfacet
  facet normal -0.97788 -0.0226117 -0.207942
    outer loop
      vertex 5.79607 -2.5 -46.128
      vertex 5.69333 0 -45.9167
      vertex 5.86166 0 -46.7083
    endloop
  endfacet
  facet normal -0.977884 -0.0226136 -0.207922
    outer loop
      vertex 5.69333 0 -45.9167
      vertex 5.79607 -2.5 -46.128
      vertex 5.69333 -2.5 -45.6448
    endloop
  endfacet
  facet normal -0.977774 -0.0227266 -0.208425
    outer loop
      vertex 5.86166 0 -46.7083
      vertex 5.86166 -2.5 -46.4357
      vertex 5.79607 -2.5 -46.128
    endloop
  endfacet
  facet normal -0.977881 0.022643 -0.207933
    outer loop
      vertex 5.97 2.31918 -46.9649
      vertex 5.86166 2.5 -46.4357
      vertex 5.96532 2.5 -46.9232
    endloop
  endfacet
  facet normal -0.97788 0.0226748 -0.207936
    outer loop
      vertex 5.86166 0 -46.7083
      vertex 5.97 2.31918 -46.9649
      vertex 5.97 0 -47.2178
    endloop
  endfacet
  facet normal -0.977878 0.0226741 -0.207943
    outer loop
      vertex 5.97 2.31918 -46.9649
      vertex 5.86166 0 -46.7083
      vertex 5.86166 2.5 -46.4357
    endloop
  endfacet
  facet normal -0.977862 0.0226632 -0.208018
    outer loop
      vertex 5.97 2.5 -46.9452
      vertex 5.97 2.31918 -46.9649
      vertex 5.96532 2.5 -46.9232
    endloop
  endfacet
  facet normal -0.97788 -0.0226748 -0.207936
    outer loop
      vertex 5.97 -2.31918 -46.9649
      vertex 5.86166 0 -46.7083
      vertex 5.97 0 -47.2178
    endloop
  endfacet
  facet normal -0.977881 -0.022643 -0.207933
    outer loop
      vertex 5.86166 -2.5 -46.4357
      vertex 5.97 -2.31918 -46.9649
      vertex 5.96532 -2.5 -46.9232
    endloop
  endfacet
  facet normal -0.977878 -0.0226741 -0.207943
    outer loop
      vertex 5.97 -2.31918 -46.9649
      vertex 5.86166 -2.5 -46.4357
      vertex 5.86166 0 -46.7083
    endloop
  endfacet
  facet normal -0.977862 -0.0226632 -0.208018
    outer loop
      vertex 5.97 -2.31918 -46.9649
      vertex 5.97 -2.5 -46.9452
      vertex 5.96532 -2.5 -46.9232
    endloop
  endfacet
  facet normal -1 0 0
    outer loop
      vertex 5.97 2.5 -47.2266
      vertex 5.97 2.31918 -46.9649
      vertex 5.97 2.5 -46.9452
    endloop
  endfacet
  facet normal -1 0 0
    outer loop
      vertex 5.97 0 -47.5
      vertex 5.97 2.31918 -46.9649
      vertex 5.97 2.5 -47.2266
    endloop
  endfacet
  facet normal -1 0 0
    outer loop
      vertex 5.97 0 -47.5
      vertex 5.97 0 -47.2178
      vertex 5.97 2.31918 -46.9649
    endloop
  endfacet
  facet normal -1 0 0
    outer loop
      vertex 5.97 0 -47.5
      vertex 5.97 -2.31918 -46.9649
      vertex 5.97 0 -47.2178
    endloop
  endfacet
  facet normal -1 0 0
    outer loop
      vertex 5.97 -2.5 -47.2266
      vertex 5.97 -2.31918 -46.9649
      vertex 5.97 0 -47.5
    endloop
  endfacet
  facet normal -1 -0 0
    outer loop
      vertex 5.97 -2.31918 -46.9649
      vertex 5.97 -2.5 -47.2266
      vertex 5.97 -2.5 -46.9452
    endloop
  endfacet
  facet normal -0.977882 0.0227437 -0.207916
    outer loop
      vertex 5.97 0 -47.5
      vertex 6.07456 2.5 -47.7183
      vertex 6.13833 0 -48.2917
    endloop
  endfacet
  facet normal -0.977876 0.0227409 -0.207945
    outer loop
      vertex 6.07456 2.5 -47.7183
      vertex 5.97 0 -47.5
      vertex 5.97 2.5 -47.2266
    endloop
  endfacet
  facet normal -0.977645 0.0229983 -0.208999
    outer loop
      vertex 6.13833 2.5 -48.0166
      vertex 6.13833 0 -48.2917
      vertex 6.07456 2.5 -47.7183
    endloop
  endfacet
  facet normal -0.977882 -0.0227437 -0.207916
    outer loop
      vertex 6.07456 -2.5 -47.7183
      vertex 5.97 0 -47.5
      vertex 6.13833 0 -48.2917
    endloop
  endfacet
  facet normal -0.977876 -0.0227409 -0.207945
    outer loop
      vertex 5.97 0 -47.5
      vertex 6.07456 -2.5 -47.7183
      vertex 5.97 -2.5 -47.2266
    endloop
  endfacet
  facet normal -0.977645 -0.0229983 -0.208999
    outer loop
      vertex 6.13833 0 -48.2917
      vertex 6.13833 -2.5 -48.0166
      vertex 6.07456 -2.5 -47.7183
    endloop
  endfacet
  facet normal -0.977874 0.0228791 -0.20794
    outer loop
      vertex 6.13833 0 -48.2917
      vertex 6.24354 2.5 -48.5114
      vertex 6.30666 0 -49.0833
    endloop
  endfacet
  facet normal -0.977877 0.0228803 -0.207927
    outer loop
      vertex 6.24354 2.5 -48.5114
      vertex 6.13833 0 -48.2917
      vertex 6.13833 2.5 -48.0166
    endloop
  endfacet
  facet normal -0.977634 0.0231364 -0.209039
    outer loop
      vertex 6.30666 2.5 -48.8066
      vertex 6.30666 0 -49.0833
      vertex 6.24354 2.5 -48.5114
    endloop
  endfacet
  facet normal -0.977874 -0.0228791 -0.20794
    outer loop
      vertex 6.24354 -2.5 -48.5114
      vertex 6.13833 0 -48.2917
      vertex 6.30666 0 -49.0833
    endloop
  endfacet
  facet normal -0.977877 -0.0228803 -0.207927
    outer loop
      vertex 6.13833 0 -48.2917
      vertex 6.24354 -2.5 -48.5114
      vertex 6.13833 -2.5 -48.0166
    endloop
  endfacet
  facet normal -0.977634 -0.0231364 -0.209039
    outer loop
      vertex 6.30666 0 -49.0833
      vertex 6.30666 -2.5 -48.8066
      vertex 6.24354 -2.5 -48.5114
    endloop
  endfacet
  facet normal -0.977874 0.0230181 -0.207926
    outer loop
      vertex 6.30666 0 -49.0833
      vertex 6.41252 2.5 -49.3044
      vertex 6.475 0 -49.875
    endloop
  endfacet
  facet normal -0.977869 0.0230158 -0.207949
    outer loop
      vertex 6.41252 2.5 -49.3044
      vertex 6.30666 0 -49.0833
      vertex 6.30666 2.5 -48.8066
    endloop
  endfacet
  facet normal -0.977629 0.023279 -0.209043
    outer loop
      vertex 6.475 2.5 -49.5966
      vertex 6.475 0 -49.875
      vertex 6.41252 2.5 -49.3044
    endloop
  endfacet
  facet normal -0.977874 -0.0230181 -0.207926
    outer loop
      vertex 6.41252 -2.5 -49.3044
      vertex 6.30666 0 -49.0833
      vertex 6.475 0 -49.875
    endloop
  endfacet
  facet normal -0.977869 -0.0230158 -0.207949
    outer loop
      vertex 6.30666 0 -49.0833
      vertex 6.41252 -2.5 -49.3044
      vertex 6.30666 -2.5 -48.8066
    endloop
  endfacet
  facet normal -0.977629 -0.023279 -0.209043
    outer loop
      vertex 6.475 0 -49.875
      vertex 6.475 -2.5 -49.5966
      vertex 6.41252 -2.5 -49.3044
    endloop
  endfacet
  facet normal -0.977873 0.0231575 -0.207914
    outer loop
      vertex 6.475 0 -49.875
      vertex 6.58149 2.5 -50.0974
      vertex 6.64333 0 -50.6667
    endloop
  endfacet
  facet normal -0.977869 0.0231555 -0.207934
    outer loop
      vertex 6.58149 2.5 -50.0974
      vertex 6.475 0 -49.875
      vertex 6.475 2.5 -49.5966
    endloop
  endfacet
  facet normal -0.97764 0.0234055 -0.208978
    outer loop
      vertex 6.64333 2.5 -50.3867
      vertex 6.64333 0 -50.6667
      vertex 6.58149 2.5 -50.0974
    endloop
  endfacet
  facet normal -0.977873 -0.0231575 -0.207914
    outer loop
      vertex 6.58149 -2.5 -50.0974
      vertex 6.475 0 -49.875
      vertex 6.64333 0 -50.6667
    endloop
  endfacet
  facet normal -0.977869 -0.0231555 -0.207934
    outer loop
      vertex 6.475 0 -49.875
      vertex 6.58149 -2.5 -50.0974
      vertex 6.475 -2.5 -49.5966
    endloop
  endfacet
  facet normal -0.97764 -0.0234055 -0.208978
    outer loop
      vertex 6.64333 0 -50.6667
      vertex 6.64333 -2.5 -50.3867
      vertex 6.58149 -2.5 -50.0974
    endloop
  endfacet
  facet normal -0.977862 0.0232881 -0.20795
    outer loop
      vertex 6.64333 0 -50.6667
      vertex 6.75044 2.5 -50.8904
      vertex 6.81167 0 -51.4583
    endloop
  endfacet
  facet normal -0.977864 0.0232892 -0.207939
    outer loop
      vertex 6.75044 2.5 -50.8904
      vertex 6.64333 0 -50.6667
      vertex 6.64333 2.5 -50.3867
    endloop
  endfacet
  facet normal -0.97763 0.0235345 -0.209009
    outer loop
      vertex 6.81167 2.5 -51.1768
      vertex 6.81167 0 -51.4583
      vertex 6.75044 2.5 -50.8904
    endloop
  endfacet
  facet normal -0.977862 -0.0232881 -0.20795
    outer loop
      vertex 6.75044 -2.5 -50.8904
      vertex 6.64333 0 -50.6667
      vertex 6.81167 0 -51.4583
    endloop
  endfacet
  facet normal -0.977864 -0.0232892 -0.207939
    outer loop
      vertex 6.64333 0 -50.6667
      vertex 6.75044 -2.5 -50.8904
      vertex 6.64333 -2.5 -50.3867
    endloop
  endfacet
  facet normal -0.97763 -0.0235345 -0.209009
    outer loop
      vertex 6.81167 0 -51.4583
      vertex 6.81167 -2.5 -51.1768
      vertex 6.75044 -2.5 -50.8904
    endloop
  endfacet
  facet normal -0.977867 0.02341 -0.207913
    outer loop
      vertex 6.81167 0 -51.4583
      vertex 6.91938 2.5 -51.6834
      vertex 6.98 0 -52.25
    endloop
  endfacet
  facet normal -0.977868 0.0234104 -0.207908
    outer loop
      vertex 6.91938 2.5 -51.6834
      vertex 6.81167 0 -51.4583
      vertex 6.81167 2.5 -51.1768
    endloop
  endfacet
  facet normal -0.97762 0.0236719 -0.209042
    outer loop
      vertex 6.98 2.5 -51.9669
      vertex 6.98 0 -52.25
      vertex 6.91938 2.5 -51.6834
    endloop
  endfacet
  facet normal -0.977867 -0.02341 -0.207913
    outer loop
      vertex 6.91938 -2.5 -51.6834
      vertex 6.81167 0 -51.4583
      vertex 6.98 0 -52.25
    endloop
  endfacet
  facet normal -0.977868 -0.0234104 -0.207908
    outer loop
      vertex 6.81167 0 -51.4583
      vertex 6.91938 -2.5 -51.6834
      vertex 6.81167 -2.5 -51.1768
    endloop
  endfacet
  facet normal -0.97762 -0.0236719 -0.209042
    outer loop
      vertex 6.98 0 -52.25
      vertex 6.98 -2.5 -51.9669
      vertex 6.91938 -2.5 -51.6834
    endloop
  endfacet
  facet normal -0.977864 0.0235409 -0.207912
    outer loop
      vertex 6.98 0 -52.25
      vertex 7.0883 2.5 -52.4763
      vertex 7.14833 0 -53.0417
    endloop
  endfacet
  facet normal -0.977867 0.0235423 -0.207898
    outer loop
      vertex 7.0883 2.5 -52.4763
      vertex 6.98 0 -52.25
      vertex 6.98 2.5 -51.9669
    endloop
  endfacet
  facet normal -0.977626 0.0237924 -0.208999
    outer loop
      vertex 7.14833 2.5 -52.7571
      vertex 7.14833 0 -53.0417
      vertex 7.0883 2.5 -52.4763
    endloop
  endfacet
  facet normal -0.977864 -0.0235409 -0.207912
    outer loop
      vertex 7.0883 -2.5 -52.4763
      vertex 6.98 0 -52.25
      vertex 7.14833 0 -53.0417
    endloop
  endfacet
  facet normal -0.977867 -0.0235423 -0.207898
    outer loop
      vertex 6.98 0 -52.25
      vertex 7.0883 -2.5 -52.4763
      vertex 6.98 -2.5 -51.9669
    endloop
  endfacet
  facet normal -0.977626 -0.0237924 -0.208999
    outer loop
      vertex 7.14833 0 -53.0417
      vertex 7.14833 -2.5 -52.7571
      vertex 7.0883 -2.5 -52.4763
    endloop
  endfacet
  facet normal -0.977853 0.0236681 -0.207948
    outer loop
      vertex 7.14833 0 -53.0417
      vertex 7.25722 2.5 -53.2692
      vertex 7.31667 0 -53.8333
    endloop
  endfacet
  facet normal -0.977858 0.0236703 -0.207926
    outer loop
      vertex 7.25722 2.5 -53.2692
      vertex 7.14833 0 -53.0417
      vertex 7.14833 2.5 -52.7571
    endloop
  endfacet
  facet normal -0.977626 0.0239083 -0.208989
    outer loop
      vertex 7.31667 2.5 -53.5473
      vertex 7.31667 0 -53.8333
      vertex 7.25722 2.5 -53.2692
    endloop
  endfacet
  facet normal -0.977853 -0.0236681 -0.207948
    outer loop
      vertex 7.25722 -2.5 -53.2692
      vertex 7.14833 0 -53.0417
      vertex 7.31667 0 -53.8333
    endloop
  endfacet
  facet normal -0.977858 -0.0236703 -0.207926
    outer loop
      vertex 7.14833 0 -53.0417
      vertex 7.25722 -2.5 -53.2692
      vertex 7.14833 -2.5 -52.7571
    endloop
  endfacet
  facet normal -0.977626 -0.0239083 -0.208989
    outer loop
      vertex 7.31667 0 -53.8333
      vertex 7.31667 -2.5 -53.5473
      vertex 7.25722 -2.5 -53.2692
    endloop
  endfacet
  facet normal -0.977859 0.0237866 -0.207911
    outer loop
      vertex 7.31667 0 -53.8333
      vertex 7.42613 2.5 -54.0621
      vertex 7.485 0 -54.625
    endloop
  endfacet
  facet normal -0.977857 0.0237858 -0.207918
    outer loop
      vertex 7.42613 2.5 -54.0621
      vertex 7.31667 0 -53.8333
      vertex 7.31667 2.5 -53.5473
    endloop
  endfacet
  facet normal -0.977625 0.0240326 -0.208979
    outer loop
      vertex 7.485 2.5 -54.3375
      vertex 7.485 0 -54.625
      vertex 7.42613 2.5 -54.0621
    endloop
  endfacet
  facet normal -0.977859 -0.0237866 -0.207911
    outer loop
      vertex 7.42613 -2.5 -54.0621
      vertex 7.31667 0 -53.8333
      vertex 7.485 0 -54.625
    endloop
  endfacet
  facet normal -0.977857 -0.0237858 -0.207918
    outer loop
      vertex 7.31667 0 -53.8333
      vertex 7.42613 -2.5 -54.0621
      vertex 7.31667 -2.5 -53.5473
    endloop
  endfacet
  facet normal -0.977625 -0.0240326 -0.208979
    outer loop
      vertex 7.485 0 -54.625
      vertex 7.485 -2.5 -54.3375
      vertex 7.42613 -2.5 -54.0621
    endloop
  endfacet
  facet normal -0.977856 0.0239057 -0.20791
    outer loop
      vertex 7.485 0 -54.625
      vertex 7.59502 2.5 -54.855
      vertex 7.65333 0 -55.4167
    endloop
  endfacet
  facet normal -0.97786 0.0239076 -0.207892
    outer loop
      vertex 7.59502 2.5 -54.855
      vertex 7.485 0 -54.625
      vertex 7.485 2.5 -54.3375
    endloop
  endfacet
  facet normal -0.977625 0.0241479 -0.208964
    outer loop
      vertex 7.65333 2.5 -55.1278
      vertex 7.65333 0 -55.4167
      vertex 7.59502 2.5 -54.855
    endloop
  endfacet
  facet normal -0.977856 -0.0239057 -0.20791
    outer loop
      vertex 7.59502 -2.5 -54.855
      vertex 7.485 0 -54.625
      vertex 7.65333 0 -55.4167
    endloop
  endfacet
  facet normal -0.97786 -0.0239076 -0.207892
    outer loop
      vertex 7.485 0 -54.625
      vertex 7.59502 -2.5 -54.855
      vertex 7.485 -2.5 -54.3375
    endloop
  endfacet
  facet normal -0.977625 -0.0241479 -0.208964
    outer loop
      vertex 7.65333 0 -55.4167
      vertex 7.65333 -2.5 -55.1278
      vertex 7.59502 -2.5 -54.855
    endloop
  endfacet
  facet normal -0.977848 0.0240268 -0.207935
    outer loop
      vertex 7.65333 0 -55.4167
      vertex 7.7639 2.5 -55.6478
      vertex 7.82166 0 -56.2083
    endloop
  endfacet
  facet normal -0.97785 0.0240278 -0.207925
    outer loop
      vertex 7.7639 2.5 -55.6478
      vertex 7.65333 0 -55.4167
      vertex 7.65333 2.5 -55.1278
    endloop
  endfacet
  facet normal -0.977634 0.0242502 -0.208909
    outer loop
      vertex 7.82166 2.5 -55.9181
      vertex 7.82166 0 -56.2083
      vertex 7.7639 2.5 -55.6478
    endloop
  endfacet
  facet normal -0.977848 -0.0240268 -0.207935
    outer loop
      vertex 7.7639 -2.5 -55.6478
      vertex 7.65333 0 -55.4167
      vertex 7.82166 0 -56.2083
    endloop
  endfacet
  facet normal -0.97785 -0.0240278 -0.207925
    outer loop
      vertex 7.65333 0 -55.4167
      vertex 7.7639 -2.5 -55.6478
      vertex 7.65333 -2.5 -55.1278
    endloop
  endfacet
  facet normal -0.977634 -0.0242502 -0.208909
    outer loop
      vertex 7.82166 0 -56.2083
      vertex 7.82166 -2.5 -55.9181
      vertex 7.7639 -2.5 -55.6478
    endloop
  endfacet
  facet normal -0.977848 0.0241434 -0.207921
    outer loop
      vertex 7.82166 0 -56.2083
      vertex 7.93278 2.5 -56.4406
      vertex 7.99 0 -57
    endloop
  endfacet
  facet normal -0.97784 0.0241397 -0.207957
    outer loop
      vertex 7.93278 2.5 -56.4406
      vertex 7.82166 0 -56.2083
      vertex 7.82166 2.5 -55.9181
    endloop
  endfacet
  facet normal -0.977636 0.0243647 -0.208888
    outer loop
      vertex 7.99 2.5 -56.7084
      vertex 7.99 0 -57
      vertex 7.93278 2.5 -56.4406
    endloop
  endfacet
  facet normal -0.977848 -0.0241434 -0.207921
    outer loop
      vertex 7.93278 -2.5 -56.4406
      vertex 7.82166 0 -56.2083
      vertex 7.99 0 -57
    endloop
  endfacet
  facet normal -0.97784 -0.0241397 -0.207957
    outer loop
      vertex 7.82166 0 -56.2083
      vertex 7.93278 -2.5 -56.4406
      vertex 7.82166 -2.5 -55.9181
    endloop
  endfacet
  facet normal -0.977636 -0.0243647 -0.208888
    outer loop
      vertex 7.99 0 -57
      vertex 7.99 -2.5 -56.7084
      vertex 7.93278 -2.5 -56.4406
    endloop
  endfacet
  facet normal -0.977847 0.0242564 -0.207908
    outer loop
      vertex 7.99 0 -57
      vertex 8.10164 2.5 -57.2334
      vertex 8.15833 0 -57.7917
    endloop
  endfacet
  facet normal -0.977842 0.0242536 -0.207936
    outer loop
      vertex 8.10164 2.5 -57.2334
      vertex 7.99 0 -57
      vertex 7.99 2.5 -56.7084
    endloop
  endfacet
  facet normal -0.97763 0.0244834 -0.208903
    outer loop
      vertex 8.15833 2.5 -57.4987
      vertex 8.15833 0 -57.7917
      vertex 8.10164 2.5 -57.2334
    endloop
  endfacet
  facet normal -0.977847 -0.0242564 -0.207908
    outer loop
      vertex 8.10164 -2.5 -57.2334
      vertex 7.99 0 -57
      vertex 8.15833 0 -57.7917
    endloop
  endfacet
  facet normal -0.977842 -0.0242536 -0.207936
    outer loop
      vertex 7.99 0 -57
      vertex 8.10164 -2.5 -57.2334
      vertex 7.99 -2.5 -56.7084
    endloop
  endfacet
  facet normal -0.97763 -0.0244834 -0.208903
    outer loop
      vertex 8.15833 0 -57.7917
      vertex 8.15833 -2.5 -57.4987
      vertex 8.10164 -2.5 -57.2334
    endloop
  endfacet
  facet normal -0.977839 0.0243696 -0.207933
    outer loop
      vertex 8.15833 0 -57.7917
      vertex 8.2705 2.5 -58.0262
      vertex 8.32666 0 -58.5833
    endloop
  endfacet
  facet normal -0.97784 0.0243697 -0.207932
    outer loop
      vertex 8.2705 2.5 -58.0262
      vertex 8.15833 0 -57.7917
      vertex 8.15833 2.5 -57.4987
    endloop
  endfacet
  facet normal -0.977641 0.0245764 -0.208841
    outer loop
      vertex 8.32666 2.5 -58.2891
      vertex 8.32666 0 -58.5833
      vertex 8.2705 2.5 -58.0262
    endloop
  endfacet
  facet normal -0.977839 -0.0243696 -0.207933
    outer loop
      vertex 8.2705 -2.5 -58.0262
      vertex 8.15833 0 -57.7917
      vertex 8.32666 0 -58.5833
    endloop
  endfacet
  facet normal -0.97784 -0.0243697 -0.207932
    outer loop
      vertex 8.15833 0 -57.7917
      vertex 8.2705 -2.5 -58.0262
      vertex 8.15833 -2.5 -57.4987
    endloop
  endfacet
  facet normal -0.977641 -0.0245764 -0.208841
    outer loop
      vertex 8.32666 0 -58.5833
      vertex 8.32666 -2.5 -58.2891
      vertex 8.2705 -2.5 -58.0262
    endloop
  endfacet
  facet normal -0.97784 0.0244706 -0.207919
    outer loop
      vertex 8.32666 0 -58.5833
      vertex 8.43934 2.5 -58.819
      vertex 8.495 0 -59.375
    endloop
  endfacet
  facet normal -0.977837 0.0244693 -0.207931
    outer loop
      vertex 8.43934 2.5 -58.819
      vertex 8.32666 0 -58.5833
      vertex 8.32666 2.5 -58.2891
    endloop
  endfacet
  facet normal -0.977611 0.0247077 -0.208963
    outer loop
      vertex 8.495 2.5 -59.0794
      vertex 8.495 0 -59.375
      vertex 8.43934 2.5 -58.819
    endloop
  endfacet
  facet normal -0.97784 -0.0244706 -0.207919
    outer loop
      vertex 8.43934 -2.5 -58.819
      vertex 8.32666 0 -58.5833
      vertex 8.495 0 -59.375
    endloop
  endfacet
  facet normal -0.977837 -0.0244693 -0.207931
    outer loop
      vertex 8.32666 0 -58.5833
      vertex 8.43934 -2.5 -58.819
      vertex 8.32666 -2.5 -58.2891
    endloop
  endfacet
  facet normal -0.977611 -0.0247077 -0.208963
    outer loop
      vertex 8.495 0 -59.375
      vertex 8.495 -2.5 -59.0794
      vertex 8.43934 -2.5 -58.819
    endloop
  endfacet
  facet normal -0.97784 0.0245802 -0.207907
    outer loop
      vertex 8.495 0 -59.375
      vertex 8.60817 2.5 -59.6117
      vertex 8.66333 0 -60.1667
    endloop
  endfacet
  facet normal -0.977842 0.0245815 -0.207895
    outer loop
      vertex 8.60817 2.5 -59.6117
      vertex 8.495 0 -59.375
      vertex 8.495 2.5 -59.0794
    endloop
  endfacet
  facet normal -0.977615 0.0248127 -0.208932
    outer loop
      vertex 8.66333 2.5 -59.8698
      vertex 8.66333 0 -60.1667
      vertex 8.60817 2.5 -59.6117
    endloop
  endfacet
  facet normal -0.97784 -0.0245802 -0.207907
    outer loop
      vertex 8.60817 -2.5 -59.6117
      vertex 8.495 0 -59.375
      vertex 8.66333 0 -60.1667
    endloop
  endfacet
  facet normal -0.977842 -0.0245815 -0.207895
    outer loop
      vertex 8.495 0 -59.375
      vertex 8.60817 -2.5 -59.6117
      vertex 8.495 -2.5 -59.0794
    endloop
  endfacet
  facet normal -0.977615 -0.0248127 -0.208932
    outer loop
      vertex 8.66333 0 -60.1667
      vertex 8.66333 -2.5 -59.8698
      vertex 8.60817 -2.5 -59.6117
    endloop
  endfacet
  facet normal -0.977832 0.0246899 -0.207931
    outer loop
      vertex 8.66333 0 -60.1667
      vertex 8.777 2.5 -60.4044
      vertex 8.83166 0 -60.9583
    endloop
  endfacet
  facet normal -0.977836 0.0246918 -0.207914
    outer loop
      vertex 8.777 2.5 -60.4044
      vertex 8.66333 0 -60.1667
      vertex 8.66333 2.5 -59.8698
    endloop
  endfacet
  facet normal -0.977637 0.0248916 -0.208822
    outer loop
      vertex 8.83166 2.5 -60.6603
      vertex 8.83166 0 -60.9583
      vertex 8.777 2.5 -60.4044
    endloop
  endfacet
  facet normal -0.977832 -0.0246899 -0.207931
    outer loop
      vertex 8.777 -2.5 -60.4044
      vertex 8.66333 0 -60.1667
      vertex 8.83166 0 -60.9583
    endloop
  endfacet
  facet normal -0.977836 -0.0246918 -0.207914
    outer loop
      vertex 8.66333 0 -60.1667
      vertex 8.777 -2.5 -60.4044
      vertex 8.66333 -2.5 -59.8698
    endloop
  endfacet
  facet normal -0.977637 -0.0248916 -0.208822
    outer loop
      vertex 8.83166 0 -60.9583
      vertex 8.83166 -2.5 -60.6603
      vertex 8.777 -2.5 -60.4044
    endloop
  endfacet
  facet normal -0.977832 0.0247915 -0.207917
    outer loop
      vertex 8.83166 0 -60.9583
      vertex 8.94582 2.5 -61.1971
      vertex 9 0 -61.75
    endloop
  endfacet
  facet normal -0.977825 0.0247878 -0.207952
    outer loop
      vertex 8.94582 2.5 -61.1971
      vertex 8.83166 0 -60.9583
      vertex 8.83166 2.5 -60.6603
    endloop
  endfacet
  facet normal -0.977625 0.0250051 -0.208863
    outer loop
      vertex 9 2.5 -61.4507
      vertex 9 0 -61.75
      vertex 8.94582 2.5 -61.1971
    endloop
  endfacet
  facet normal -0.977832 -0.0247915 -0.207917
    outer loop
      vertex 8.94582 -2.5 -61.1971
      vertex 8.83166 0 -60.9583
      vertex 9 0 -61.75
    endloop
  endfacet
  facet normal -0.977825 -0.0247878 -0.207952
    outer loop
      vertex 8.83166 0 -60.9583
      vertex 8.94582 -2.5 -61.1971
      vertex 8.83166 -2.5 -60.6603
    endloop
  endfacet
  facet normal -0.977625 -0.0250051 -0.208863
    outer loop
      vertex 9 0 -61.75
      vertex 9 -2.5 -61.4507
      vertex 8.94582 -2.5 -61.1971
    endloop
  endfacet
  facet normal -0.977832 0.0248933 -0.207905
    outer loop
      vertex 9 0 -61.75
      vertex 9.11463 2.5 -61.9898
      vertex 9.16833 0 -62.5417
    endloop
  endfacet
  facet normal -0.977829 0.0248919 -0.207918
    outer loop
      vertex 9.11463 2.5 -61.9898
      vertex 9 0 -61.75
      vertex 9 2.5 -61.4507
    endloop
  endfacet
  facet normal -0.977631 0.0251008 -0.208826
    outer loop
      vertex 9.16833 2.5 -62.2412
      vertex 9.16833 0 -62.5417
      vertex 9.11463 2.5 -61.9898
    endloop
  endfacet
  facet normal -0.977832 -0.0248933 -0.207905
    outer loop
      vertex 9.11463 -2.5 -61.9898
      vertex 9 0 -61.75
      vertex 9.16833 0 -62.5417
    endloop
  endfacet
  facet normal -0.977829 -0.0248919 -0.207918
    outer loop
      vertex 9 0 -61.75
      vertex 9.11463 -2.5 -61.9898
      vertex 9 -2.5 -61.4507
    endloop
  endfacet
  facet normal -0.977631 -0.0251008 -0.208826
    outer loop
      vertex 9.16833 0 -62.5417
      vertex 9.16833 -2.5 -62.2412
      vertex 9.11463 -2.5 -61.9898
    endloop
  endfacet
  facet normal -0.977824 0.0249956 -0.20793
    outer loop
      vertex 9.16833 0 -62.5417
      vertex 9.28342 2.5 -62.7824
      vertex 9.33666 0 -63.3333
    endloop
  endfacet
  facet normal -0.977822 0.0249945 -0.207941
    outer loop
      vertex 9.28342 2.5 -62.7824
      vertex 9.16833 0 -62.5417
      vertex 9.16833 2.5 -62.2412
    endloop
  endfacet
  facet normal -0.97762 0.0252055 -0.208862
    outer loop
      vertex 9.33666 2.5 -63.0316
      vertex 9.33666 0 -63.3333
      vertex 9.28342 2.5 -62.7824
    endloop
  endfacet
  facet normal -0.977824 -0.0249956 -0.20793
    outer loop
      vertex 9.28342 -2.5 -62.7824
      vertex 9.16833 0 -62.5417
      vertex 9.33666 0 -63.3333
    endloop
  endfacet
  facet normal -0.977822 -0.0249945 -0.207941
    outer loop
      vertex 9.16833 0 -62.5417
      vertex 9.28342 -2.5 -62.7824
      vertex 9.16833 -2.5 -62.2412
    endloop
  endfacet
  facet normal -0.97762 -0.0252055 -0.208862
    outer loop
      vertex 9.33666 0 -63.3333
      vertex 9.33666 -2.5 -63.0316
      vertex 9.28342 -2.5 -62.7824
    endloop
  endfacet
  facet normal -0.977825 0.0250893 -0.207916
    outer loop
      vertex 9.33666 0 -63.3333
      vertex 9.45222 2.5 -63.5751
      vertex 9.505 0 -64.125
    endloop
  endfacet
  facet normal -0.977827 0.0250903 -0.207907
    outer loop
      vertex 9.45222 2.5 -63.5751
      vertex 9.33666 0 -63.3333
      vertex 9.33666 2.5 -63.0316
    endloop
  endfacet
  facet normal -0.977627 0.0252922 -0.208819
    outer loop
      vertex 9.505 2.5 -63.8222
      vertex 9.505 0 -64.125
      vertex 9.45222 2.5 -63.5751
    endloop
  endfacet
  facet normal -0.977825 -0.0250893 -0.207916
    outer loop
      vertex 9.45222 -2.5 -63.5751
      vertex 9.33666 0 -63.3333
      vertex 9.505 0 -64.125
    endloop
  endfacet
  facet normal -0.977827 -0.0250903 -0.207907
    outer loop
      vertex 9.33666 0 -63.3333
      vertex 9.45222 -2.5 -63.5751
      vertex 9.33666 -2.5 -63.0316
    endloop
  endfacet
  facet normal -0.977627 -0.0252922 -0.208819
    outer loop
      vertex 9.505 0 -64.125
      vertex 9.505 -2.5 -63.8222
      vertex 9.45222 -2.5 -63.5751
    endloop
  endfacet
  facet normal -0.977825 0.0251878 -0.207904
    outer loop
      vertex 9.505 0 -64.125
      vertex 9.621 2.5 -64.3677
      vertex 9.67333 0 -64.9167
    endloop
  endfacet
  facet normal -0.977819 0.0251847 -0.207932
    outer loop
      vertex 9.621 2.5 -64.3677
      vertex 9.505 0 -64.125
      vertex 9.505 2.5 -63.8222
    endloop
  endfacet
  facet normal -0.977626 0.0253917 -0.208813
    outer loop
      vertex 9.67333 2.5 -64.6127
      vertex 9.67333 0 -64.9167
      vertex 9.621 2.5 -64.3677
    endloop
  endfacet
  facet normal -0.977825 -0.0251878 -0.207904
    outer loop
      vertex 9.621 -2.5 -64.3677
      vertex 9.505 0 -64.125
      vertex 9.67333 0 -64.9167
    endloop
  endfacet
  facet normal -0.977819 -0.0251847 -0.207932
    outer loop
      vertex 9.505 0 -64.125
      vertex 9.621 -2.5 -64.3677
      vertex 9.505 -2.5 -63.8222
    endloop
  endfacet
  facet normal -0.977626 -0.0253917 -0.208813
    outer loop
      vertex 9.67333 0 -64.9167
      vertex 9.67333 -2.5 -64.6127
      vertex 9.621 -2.5 -64.3677
    endloop
  endfacet
  facet normal -0.977817 0.0252862 -0.207928
    outer loop
      vertex 9.67333 0 -64.9167
      vertex 9.78978 2.5 -65.1603
      vertex 9.84166 0 -65.7083
    endloop
  endfacet
  facet normal -0.977815 0.0252852 -0.207938
    outer loop
      vertex 9.78978 2.5 -65.1603
      vertex 9.67333 0 -64.9167
      vertex 9.67333 2.5 -64.6127
    endloop
  endfacet
  facet normal -0.977625 0.0254828 -0.208807
    outer loop
      vertex 9.84166 2.5 -65.4032
      vertex 9.84166 0 -65.7083
      vertex 9.78978 2.5 -65.1603
    endloop
  endfacet
  facet normal -0.977817 -0.0252862 -0.207928
    outer loop
      vertex 9.78978 -2.5 -65.1603
      vertex 9.67333 0 -64.9167
      vertex 9.84166 0 -65.7083
    endloop
  endfacet
  facet normal -0.977815 -0.0252852 -0.207938
    outer loop
      vertex 9.67333 0 -64.9167
      vertex 9.78978 -2.5 -65.1603
      vertex 9.67333 -2.5 -64.6127
    endloop
  endfacet
  facet normal -0.977625 -0.0254828 -0.208807
    outer loop
      vertex 9.84166 0 -65.7083
      vertex 9.84166 -2.5 -65.4032
      vertex 9.78978 -2.5 -65.1603
    endloop
  endfacet
  facet normal -0.977818 0.0253765 -0.207914
    outer loop
      vertex 9.84166 0 -65.7083
      vertex 9.95855 2.5 -65.9529
      vertex 10.01 0 -66.5
    endloop
  endfacet
  facet normal -0.977815 0.0253753 -0.207926
    outer loop
      vertex 9.95855 2.5 -65.9529
      vertex 9.84166 0 -65.7083
      vertex 9.84166 2.5 -65.4032
    endloop
  endfacet
  facet normal -0.977625 0.0255733 -0.208795
    outer loop
      vertex 10.01 2.5 -66.1938
      vertex 10.01 0 -66.5
      vertex 9.95855 2.5 -65.9529
    endloop
  endfacet
  facet normal -0.977818 -0.0253765 -0.207914
    outer loop
      vertex 9.95855 -2.5 -65.9529
      vertex 9.84166 0 -65.7083
      vertex 10.01 0 -66.5
    endloop
  endfacet
  facet normal -0.977815 -0.0253753 -0.207926
    outer loop
      vertex 9.84166 0 -65.7083
      vertex 9.95855 -2.5 -65.9529
      vertex 9.84166 -2.5 -65.4032
    endloop
  endfacet
  facet normal -0.977625 -0.0255733 -0.208795
    outer loop
      vertex 10.01 0 -66.5
      vertex 10.01 -2.5 -66.1938
      vertex 9.95855 -2.5 -65.9529
    endloop
  endfacet
  facet normal -0.977826 0.0254671 -0.207867
    outer loop
      vertex 10.01 0 -66.5
      vertex 10.1273 2.5 -66.7455
      vertex 10.1783 0 -67.2917
    endloop
  endfacet
  facet normal -0.977819 0.0254635 -0.207899
    outer loop
      vertex 10.1273 2.5 -66.7455
      vertex 10.01 0 -66.5
      vertex 10.01 2.5 -66.1938
    endloop
  endfacet
  facet normal -0.977642 0.0256541 -0.208705
    outer loop
      vertex 10.1783 2.5 -66.9844
      vertex 10.1783 0 -67.2917
      vertex 10.1273 2.5 -66.7455
    endloop
  endfacet
  facet normal -0.977826 -0.0254671 -0.207867
    outer loop
      vertex 10.1273 -2.5 -66.7455
      vertex 10.01 0 -66.5
      vertex 10.1783 0 -67.2917
    endloop
  endfacet
  facet normal -0.977819 -0.0254635 -0.207899
    outer loop
      vertex 10.01 0 -66.5
      vertex 10.1273 -2.5 -66.7455
      vertex 10.01 -2.5 -66.1938
    endloop
  endfacet
  facet normal -0.977642 -0.0256541 -0.208705
    outer loop
      vertex 10.1783 0 -67.2917
      vertex 10.1783 -2.5 -66.9844
      vertex 10.1273 -2.5 -66.7455
    endloop
  endfacet
  facet normal -0.977792 0.0255722 -0.208009
    outer loop
      vertex 10.1783 0 -67.2917
      vertex 10.2961 2.5 -67.5381
      vertex 10.3467 0 -68.0833
    endloop
  endfacet
  facet normal -0.977789 0.0255705 -0.208025
    outer loop
      vertex 10.2961 2.5 -67.5381
      vertex 10.1783 0 -67.2917
      vertex 10.1783 2.5 -66.9844
    endloop
  endfacet
  facet normal -0.977617 0.0257506 -0.208811
    outer loop
      vertex 10.3467 2.5 -67.775
      vertex 10.3467 0 -68.0833
      vertex 10.2961 2.5 -67.5381
    endloop
  endfacet
  facet normal -0.977792 -0.0255722 -0.208009
    outer loop
      vertex 10.2961 -2.5 -67.5381
      vertex 10.1783 0 -67.2917
      vertex 10.3467 0 -68.0833
    endloop
  endfacet
  facet normal -0.977789 -0.0255705 -0.208025
    outer loop
      vertex 10.1783 0 -67.2917
      vertex 10.2961 -2.5 -67.5381
      vertex 10.1783 -2.5 -66.9844
    endloop
  endfacet
  facet normal -0.977617 -0.0257506 -0.208811
    outer loop
      vertex 10.3467 0 -68.0833
      vertex 10.3467 -2.5 -67.775
      vertex 10.2961 -2.5 -67.5381
    endloop
  endfacet
  facet normal -0.977822 0.0256302 -0.207866
    outer loop
      vertex 10.3467 0 -68.0833
      vertex 10.4648 2.5 -68.3306
      vertex 10.515 0 -68.875
    endloop
  endfacet
  facet normal -0.977825 0.025632 -0.207849
    outer loop
      vertex 10.4648 2.5 -68.3306
      vertex 10.3467 0 -68.0833
      vertex 10.3467 2.5 -67.775
    endloop
  endfacet
  facet normal -0.97761 0.0258453 -0.208834
    outer loop
      vertex 10.515 2.5 -68.5656
      vertex 10.515 0 -68.875
      vertex 10.4648 2.5 -68.3306
    endloop
  endfacet
  facet normal -0.977822 -0.0256302 -0.207866
    outer loop
      vertex 10.4648 -2.5 -68.3306
      vertex 10.3467 0 -68.0833
      vertex 10.515 0 -68.875
    endloop
  endfacet
  facet normal -0.977825 -0.025632 -0.207849
    outer loop
      vertex 10.3467 0 -68.0833
      vertex 10.4648 -2.5 -68.3306
      vertex 10.3467 -2.5 -67.775
    endloop
  endfacet
  facet normal -0.97761 -0.0258453 -0.208834
    outer loop
      vertex 10.515 0 -68.875
      vertex 10.515 -2.5 -68.5656
      vertex 10.4648 -2.5 -68.3306
    endloop
  endfacet
  facet normal -0.977818 0.0257509 -0.207865
    outer loop
      vertex 10.515 0 -68.875
      vertex 10.6336 2.5 -69.1232
      vertex 10.6833 0 -69.6667
    endloop
  endfacet
  facet normal -0.977796 0.0257389 -0.207974
    outer loop
      vertex 10.6336 2.5 -69.1232
      vertex 10.515 0 -68.875
      vertex 10.515 2.5 -68.5656
    endloop
  endfacet
  facet normal -0.97767 0.0259009 -0.208542
    outer loop
      vertex 10.6833 2.5 -69.3562
      vertex 10.6833 0 -69.6667
      vertex 10.6336 2.5 -69.1232
    endloop
  endfacet
  facet normal -0.977818 -0.0257509 -0.207865
    outer loop
      vertex 10.6336 -2.5 -69.1232
      vertex 10.515 0 -68.875
      vertex 10.6833 0 -69.6667
    endloop
  endfacet
  facet normal -0.977796 -0.0257389 -0.207974
    outer loop
      vertex 10.515 0 -68.875
      vertex 10.6336 -2.5 -69.1232
      vertex 10.515 -2.5 -68.5656
    endloop
  endfacet
  facet normal -0.97767 -0.0259009 -0.208542
    outer loop
      vertex 10.6833 0 -69.6667
      vertex 10.6833 -2.5 -69.3562
      vertex 10.6336 -2.5 -69.1232
    endloop
  endfacet
  facet normal -0.977786 0.025825 -0.208008
    outer loop
      vertex 10.6833 0 -69.6667
      vertex 10.8023 2.5 -69.9157
      vertex 10.8517 0 -70.4583
    endloop
  endfacet
  facet normal -0.977795 0.0258295 -0.207967
    outer loop
      vertex 10.8023 2.5 -69.9157
      vertex 10.6833 0 -69.6667
      vertex 10.6833 2.5 -69.3562
    endloop
  endfacet
  facet normal -0.977595 0.0260182 -0.208881
    outer loop
      vertex 10.8517 2.5 -70.1469
      vertex 10.8517 0 -70.4583
      vertex 10.8023 2.5 -69.9157
    endloop
  endfacet
  facet normal -0.977786 -0.025825 -0.208008
    outer loop
      vertex 10.8023 -2.5 -69.9157
      vertex 10.6833 0 -69.6667
      vertex 10.8517 0 -70.4583
    endloop
  endfacet
  facet normal -0.977795 -0.0258295 -0.207967
    outer loop
      vertex 10.6833 0 -69.6667
      vertex 10.8023 -2.5 -69.9157
      vertex 10.6833 -2.5 -69.3562
    endloop
  endfacet
  facet normal -0.977595 -0.0260182 -0.208881
    outer loop
      vertex 10.8517 0 -70.4583
      vertex 10.8517 -2.5 -70.1469
      vertex 10.8023 -2.5 -69.9157
    endloop
  endfacet
  facet normal -0.977815 0.0258832 -0.207864
    outer loop
      vertex 10.8517 0 -70.4583
      vertex 10.971 2.5 -70.7082
      vertex 11.02 0 -71.25
    endloop
  endfacet
  facet normal -0.977823 0.0258871 -0.207829
    outer loop
      vertex 10.971 2.5 -70.7082
      vertex 10.8517 0 -70.4583
      vertex 10.8517 2.5 -70.1469
    endloop
  endfacet
  facet normal -0.977587 0.0261131 -0.208904
    outer loop
      vertex 11.02 2.5 -70.9375
      vertex 11.02 0 -71.25
      vertex 10.971 2.5 -70.7082
    endloop
  endfacet
  facet normal -0.977815 -0.0258832 -0.207864
    outer loop
      vertex 10.971 -2.5 -70.7082
      vertex 10.8517 0 -70.4583
      vertex 11.02 0 -71.25
    endloop
  endfacet
  facet normal -0.977823 -0.0258871 -0.207829
    outer loop
      vertex 10.8517 0 -70.4583
      vertex 10.971 -2.5 -70.7082
      vertex 10.8517 -2.5 -70.1469
    endloop
  endfacet
  facet normal -0.977587 -0.0261131 -0.208904
    outer loop
      vertex 11.02 0 -71.25
      vertex 11.02 -2.5 -70.9375
      vertex 10.971 -2.5 -70.7082
    endloop
  endfacet
  facet normal -0.977813 0.0259731 -0.207864
    outer loop
      vertex 11.02 0 -71.25
      vertex 11.1397 2.5 -71.5007
      vertex 11.1883 0 -72.0417
    endloop
  endfacet
  facet normal -0.977822 0.0259777 -0.207822
    outer loop
      vertex 11.1397 2.5 -71.5007
      vertex 11.02 0 -71.25
      vertex 11.02 2.5 -70.9375
    endloop
  endfacet
  facet normal -0.977599 0.0261887 -0.208841
    outer loop
      vertex 11.1883 2.5 -71.7282
      vertex 11.1883 0 -72.0417
      vertex 11.1397 2.5 -71.5007
    endloop
  endfacet
  facet normal -0.977813 -0.0259731 -0.207864
    outer loop
      vertex 11.1397 -2.5 -71.5007
      vertex 11.02 0 -71.25
      vertex 11.1883 0 -72.0417
    endloop
  endfacet
  facet normal -0.977822 -0.0259777 -0.207822
    outer loop
      vertex 11.02 0 -71.25
      vertex 11.1397 -2.5 -71.5007
      vertex 11.02 -2.5 -70.9375
    endloop
  endfacet
  facet normal -0.977599 -0.0261887 -0.208841
    outer loop
      vertex 11.1883 0 -72.0417
      vertex 11.1883 -2.5 -71.7282
      vertex 11.1397 -2.5 -71.5007
    endloop
  endfacet
  facet normal -0.977779 0.0260862 -0.208007
    outer loop
      vertex 11.1883 0 -72.0417
      vertex 11.3085 2.5 -72.2932
      vertex 11.3567 0 -72.8333
    endloop
  endfacet
  facet normal -0.977778 0.0260852 -0.208016
    outer loop
      vertex 11.3085 2.5 -72.2932
      vertex 11.1883 0 -72.0417
      vertex 11.1883 2.5 -71.7282
    endloop
  endfacet
  facet normal -0.977611 0.0262557 -0.208776
    outer loop
      vertex 11.3567 2.5 -72.5189
      vertex 11.3567 0 -72.8333
      vertex 11.3085 2.5 -72.2932
    endloop
  endfacet
  facet normal -0.977779 -0.0260862 -0.208007
    outer loop
      vertex 11.3085 -2.5 -72.2932
      vertex 11.1883 0 -72.0417
      vertex 11.3567 0 -72.8333
    endloop
  endfacet
  facet normal -0.977778 -0.0260852 -0.208016
    outer loop
      vertex 11.1883 0 -72.0417
      vertex 11.3085 -2.5 -72.2932
      vertex 11.1883 -2.5 -71.7282
    endloop
  endfacet
  facet normal -0.977611 -0.0262557 -0.208776
    outer loop
      vertex 11.3567 0 -72.8333
      vertex 11.3567 -2.5 -72.5189
      vertex 11.3085 -2.5 -72.2932
    endloop
  endfacet
  facet normal -0.977808 0.0261528 -0.207863
    outer loop
      vertex 11.3567 0 -72.8333
      vertex 11.4772 2.5 -73.0856
      vertex 11.525 0 -73.625
    endloop
  endfacet
  facet normal -0.977798 0.0261472 -0.207914
    outer loop
      vertex 11.4772 2.5 -73.0856
      vertex 11.3567 0 -72.8333
      vertex 11.3567 2.5 -72.5189
    endloop
  endfacet
  facet normal -0.977642 0.0263197 -0.208622
    outer loop
      vertex 11.525 2.5 -73.3096
      vertex 11.525 0 -73.625
      vertex 11.4772 2.5 -73.0856
    endloop
  endfacet
  facet normal -0.977808 -0.0261528 -0.207863
    outer loop
      vertex 11.4772 -2.5 -73.0856
      vertex 11.3567 0 -72.8333
      vertex 11.525 0 -73.625
    endloop
  endfacet
  facet normal -0.977798 -0.0261472 -0.207914
    outer loop
      vertex 11.3567 0 -72.8333
      vertex 11.4772 -2.5 -73.0856
      vertex 11.3567 -2.5 -72.5189
    endloop
  endfacet
  facet normal -0.977642 -0.0263197 -0.208622
    outer loop
      vertex 11.525 0 -73.625
      vertex 11.525 -2.5 -73.3096
      vertex 11.4772 -2.5 -73.0856
    endloop
  endfacet
  facet normal -0.977806 0.0262427 -0.207863
    outer loop
      vertex 11.525 0 -73.625
      vertex 11.6459 2.5 -73.8781
      vertex 11.6933 0 -74.4167
    endloop
  endfacet
  facet normal -0.977789 0.0262339 -0.207941
    outer loop
      vertex 11.6459 2.5 -73.8781
      vertex 11.525 0 -73.625
      vertex 11.525 2.5 -73.3096
    endloop
  endfacet
  facet normal -0.977674 0.026375 -0.208465
    outer loop
      vertex 11.6933 2.5 -74.1004
      vertex 11.6933 0 -74.4167
      vertex 11.6459 2.5 -73.8781
    endloop
  endfacet
  facet normal -0.977806 -0.0262427 -0.207863
    outer loop
      vertex 11.6459 -2.5 -73.8781
      vertex 11.525 0 -73.625
      vertex 11.6933 0 -74.4167
    endloop
  endfacet
  facet normal -0.977789 -0.0262339 -0.207941
    outer loop
      vertex 11.525 0 -73.625
      vertex 11.6459 -2.5 -73.8781
      vertex 11.525 -2.5 -73.3096
    endloop
  endfacet
  facet normal -0.977674 -0.026375 -0.208465
    outer loop
      vertex 11.6933 0 -74.4167
      vertex 11.6933 -2.5 -74.1004
      vertex 11.6459 -2.5 -73.8781
    endloop
  endfacet
  facet normal -0.977773 0.0263249 -0.208005
    outer loop
      vertex 11.6933 0 -74.4167
      vertex 11.8146 2.5 -74.6705
      vertex 11.8617 0 -75.2083
    endloop
  endfacet
  facet normal -0.977766 0.0263211 -0.208039
    outer loop
      vertex 11.8146 2.5 -74.6705
      vertex 11.6933 0 -74.4167
      vertex 11.6933 2.5 -74.1004
    endloop
  endfacet
  facet normal -0.977615 0.0264836 -0.208729
    outer loop
      vertex 11.8617 2.5 -74.8911
      vertex 11.8617 0 -75.2083
      vertex 11.8146 2.5 -74.6705
    endloop
  endfacet
  facet normal -0.977773 -0.0263249 -0.208005
    outer loop
      vertex 11.8146 -2.5 -74.6705
      vertex 11.6933 0 -74.4167
      vertex 11.8617 0 -75.2083
    endloop
  endfacet
  facet normal -0.977766 -0.0263211 -0.208039
    outer loop
      vertex 11.6933 0 -74.4167
      vertex 11.8146 -2.5 -74.6705
      vertex 11.6933 -2.5 -74.1004
    endloop
  endfacet
  facet normal -0.977615 -0.0264836 -0.208729
    outer loop
      vertex 11.8617 0 -75.2083
      vertex 11.8617 -2.5 -74.8911
      vertex 11.8146 -2.5 -74.6705
    endloop
  endfacet
  facet normal -0.977806 0.0263712 -0.207844
    outer loop
      vertex 11.8617 0 -75.2083
      vertex 11.97 2.5 -75.4006
      vertex 11.97 0 -75.7178
    endloop
  endfacet
  facet normal -0.977806 0.0263712 -0.207844
    outer loop
      vertex 11.97 2.5 -75.4006
      vertex 11.8617 0 -75.2083
      vertex 11.8617 2.5 -74.8911
    endloop
  endfacet
  facet normal -0.977806 -0.0263712 -0.207844
    outer loop
      vertex 11.97 -2.5 -75.4006
      vertex 11.8617 0 -75.2083
      vertex 11.97 0 -75.7178
    endloop
  endfacet
  facet normal -0.977806 -0.0263712 -0.207844
    outer loop
      vertex 11.8617 0 -75.2083
      vertex 11.97 -2.5 -75.4006
      vertex 11.8617 -2.5 -74.8911
    endloop
  endfacet
  facet normal -0.95207 0.0382681 -0.303476
    outer loop
      vertex 17.97 0.0898264 -94.8005
      vertex 16.4172 2.5 -89.6251
      vertex 17.97 0.0929985 -94.8001
    endloop
  endfacet
  facet normal -0.951869 0.0394341 -0.303958
    outer loop
      vertex 16.4172 2.5 -89.6251
      vertex 17.97 0.0898264 -94.8005
      vertex 16.3602 2.5 -89.4466
    endloop
  endfacet
  facet normal -0.952004 -0.0385365 -0.303649
    outer loop
      vertex 17.97 -0.0898264 -94.8005
      vertex 17.1883 0 -92.3611
      vertex 17.97 0 -94.8119
    endloop
  endfacet
  facet normal -0.952002 -0.0386467 -0.303644
    outer loop
      vertex 16.3602 -2.5 -89.4466
      vertex 17.1883 0 -92.3611
      vertex 17.97 -0.0898264 -94.8005
    endloop
  endfacet
  facet normal -0.952014 -0.0386042 -0.303611
    outer loop
      vertex 17.1883 0 -92.3611
      vertex 16.3602 -2.5 -89.4466
      vertex 15.7505 -2.5 -87.5348
    endloop
  endfacet
  facet normal -0.951954 -0.0390913 -0.303737
    outer loop
      vertex 17.97 -2.5 -94.4903
      vertex 17.8373 -2.5 -94.0744
      vertex 17.97 -0.778183 -94.7119
    endloop
  endfacet
  facet normal -0.951999 -0.0386321 -0.303655
    outer loop
      vertex 12.2139 -2.5 -76.4466
      vertex 11.97 0 -76
      vertex 12.3067 0 -77.0556
    endloop
  endfacet
  facet normal -0.952003 -0.0386352 -0.30364
    outer loop
      vertex 11.97 0 -76
      vertex 12.2139 -2.5 -76.4466
      vertex 11.97 -2.5 -75.6819
    endloop
  endfacet
  facet normal -0.951999 0.0386321 -0.303655
    outer loop
      vertex 11.97 0 -76
      vertex 12.2139 2.5 -76.4466
      vertex 12.3067 0 -77.0556
    endloop
  endfacet
  facet normal -0.952003 0.0386352 -0.30364
    outer loop
      vertex 12.2139 2.5 -76.4466
      vertex 11.97 0 -76
      vertex 11.97 2.5 -75.6819
    endloop
  endfacet
  facet normal -0.952007 -0.0386428 -0.303627
    outer loop
      vertex 13.1895 -2.5 -79.5054
      vertex 12.3067 0 -77.0556
      vertex 13.6533 0 -81.2778
    endloop
  endfacet
  facet normal -0.952003 -0.0386284 -0.30364
    outer loop
      vertex 12.3067 0 -77.0556
      vertex 13.1895 -2.5 -79.5054
      vertex 12.2139 -2.5 -76.4466
    endloop
  endfacet
  facet normal -0.950738 -0.045645 -0.306616
    outer loop
      vertex 16.4734 -2.5 -89.8012
      vertex 17.97 -0.0929985 -94.8001
      vertex 17.97 -0.0963572 -94.7996
    endloop
  endfacet
  facet normal -0.951936 -0.0390476 -0.303798
    outer loop
      vertex 17.97 -0.0929985 -94.8001
      vertex 16.4734 -2.5 -89.8012
      vertex 16.4172 -2.5 -89.6251
    endloop
  endfacet
  facet normal -1 0 0
    outer loop
      vertex 11.97 0 -75.7178
      vertex 11.97 2.5 -75.6819
      vertex 11.97 0 -76
    endloop
  endfacet
  facet normal -1 -0 0
    outer loop
      vertex 11.97 2.5 -75.6819
      vertex 11.97 0 -75.7178
      vertex 11.97 2.5 -75.4006
    endloop
  endfacet
  facet normal -1 0 0
    outer loop
      vertex 11.97 -2.5 -75.6819
      vertex 11.97 0 -75.7178
      vertex 11.97 0 -76
    endloop
  endfacet
  facet normal -1 0 0
    outer loop
      vertex 11.97 0 -75.7178
      vertex 11.97 -2.5 -75.6819
      vertex 11.97 -2.5 -75.4006
    endloop
  endfacet
  facet normal -0.952036 0.0386028 -0.303542
    outer loop
      vertex 17.97 0.0963572 -94.7996
      vertex 16.8982 2.5 -91.1323
      vertex 17.97 0.132528 -94.795
    endloop
  endfacet
  facet normal -0.951937 0.0390345 -0.303796
    outer loop
      vertex 16.8982 2.5 -91.1323
      vertex 17.97 0.0963572 -94.7996
      vertex 16.4734 2.5 -89.8012
    endloop
  endfacet
  facet normal -0.952007 0.0386428 -0.303627
    outer loop
      vertex 12.3067 0 -77.0556
      vertex 13.1895 2.5 -79.5054
      vertex 13.6533 0 -81.2778
    endloop
  endfacet
  facet normal -0.952003 0.0386284 -0.30364
    outer loop
      vertex 13.1895 2.5 -79.5054
      vertex 12.3067 0 -77.0556
      vertex 12.2139 2.5 -76.4466
    endloop
  endfacet
  facet normal -0.952002 -0.0386666 -0.303639
    outer loop
      vertex 15.7505 -2.5 -87.5348
      vertex 13.6533 0 -81.2778
      vertex 17.1883 0 -92.3611
    endloop
  endfacet
  facet normal -0.952001 -0.0386558 -0.303644
    outer loop
      vertex 13.6533 0 -81.2778
      vertex 15.7505 -2.5 -87.5348
      vertex 13.1895 -2.5 -79.5054
    endloop
  endfacet
  facet normal -0.951917 -0.0391345 -0.303846
    outer loop
      vertex 16.8982 -2.5 -91.1323
      vertex 17.97 -0.778183 -94.7119
      vertex 17.8373 -2.5 -94.0744
    endloop
  endfacet
  facet normal -0.951922 -0.0391054 -0.303834
    outer loop
      vertex 17.97 -0.778183 -94.7119
      vertex 16.8982 -2.5 -91.1323
      vertex 17.97 -0.132528 -94.795
    endloop
  endfacet
  facet normal -0.95207 -0.0382681 -0.303476
    outer loop
      vertex 16.4172 -2.5 -89.6251
      vertex 17.97 -0.0898264 -94.8005
      vertex 17.97 -0.0929985 -94.8001
    endloop
  endfacet
  facet normal -0.951869 -0.0394341 -0.303958
    outer loop
      vertex 17.97 -0.0898264 -94.8005
      vertex 16.4172 -2.5 -89.6251
      vertex 16.3602 -2.5 -89.4466
    endloop
  endfacet
  facet normal -0.950738 0.045645 -0.306616
    outer loop
      vertex 17.97 0.0929985 -94.8001
      vertex 16.4734 2.5 -89.8012
      vertex 17.97 0.0963572 -94.7996
    endloop
  endfacet
  facet normal -0.951936 0.0390476 -0.303798
    outer loop
      vertex 16.4734 2.5 -89.8012
      vertex 17.97 0.0929985 -94.8001
      vertex 16.4172 2.5 -89.6251
    endloop
  endfacet
  facet normal -0.951954 0.0390913 -0.303737
    outer loop
      vertex 17.97 0.778183 -94.7119
      vertex 17.8373 2.5 -94.0744
      vertex 17.97 2.5 -94.4903
    endloop
  endfacet
  facet normal -0.952002 0.0386666 -0.303639
    outer loop
      vertex 13.6533 0 -81.2778
      vertex 15.7505 2.5 -87.5348
      vertex 17.1883 0 -92.3611
    endloop
  endfacet
  facet normal -0.952001 0.0386558 -0.303644
    outer loop
      vertex 15.7505 2.5 -87.5348
      vertex 13.6533 0 -81.2778
      vertex 13.1895 2.5 -79.5054
    endloop
  endfacet
  facet normal -0.952002 0.0386467 -0.303644
    outer loop
      vertex 17.1883 0 -92.3611
      vertex 16.3602 2.5 -89.4466
      vertex 17.97 0.0898264 -94.8005
    endloop
  endfacet
  facet normal -0.952004 0.0385365 -0.303649
    outer loop
      vertex 17.1883 0 -92.3611
      vertex 17.97 0.0898264 -94.8005
      vertex 17.97 0 -94.8119
    endloop
  endfacet
  facet normal -0.952014 0.0386042 -0.303611
    outer loop
      vertex 16.3602 2.5 -89.4466
      vertex 17.1883 0 -92.3611
      vertex 15.7505 2.5 -87.5348
    endloop
  endfacet
  facet normal -0.952036 -0.0386028 -0.303542
    outer loop
      vertex 16.8982 -2.5 -91.1323
      vertex 17.97 -0.0963572 -94.7996
      vertex 17.97 -0.132528 -94.795
    endloop
  endfacet
  facet normal -0.951937 -0.0390345 -0.303796
    outer loop
      vertex 17.97 -0.0963572 -94.7996
      vertex 16.8982 -2.5 -91.1323
      vertex 16.4734 -2.5 -89.8012
    endloop
  endfacet
  facet normal -0.951917 0.0391345 -0.303846
    outer loop
      vertex 17.97 0.778183 -94.7119
      vertex 16.8982 2.5 -91.1323
      vertex 17.8373 2.5 -94.0744
    endloop
  endfacet
  facet normal -0.951922 0.0391054 -0.303834
    outer loop
      vertex 16.8982 2.5 -91.1323
      vertex 17.97 0.778183 -94.7119
      vertex 17.97 0.132528 -94.795
    endloop
  endfacet
  facet normal -1 -0 0
    outer loop
      vertex 17.97 2.5 -94.6784
      vertex 17.97 0.778183 -94.7119
      vertex 17.97 2.5 -94.4903
    endloop
  endfacet
  facet normal -1 0 0
    outer loop
      vertex 17.97 0 -95
      vertex 17.97 0.778183 -94.7119
      vertex 17.97 2.5 -94.6784
    endloop
  endfacet
  facet normal -1 0 0
    outer loop
      vertex 17.97 0.778183 -94.7119
      vertex 17.97 0 -95
      vertex 17.97 0.132528 -94.795
    endloop
  endfacet
  facet normal -1 0 0
    outer loop
      vertex 17.97 0.132528 -94.795
      vertex 17.97 0 -95
      vertex 17.97 0.0963572 -94.7996
    endloop
  endfacet
  facet normal -1 0 0
    outer loop
      vertex 17.97 0.0963572 -94.7996
      vertex 17.97 0 -95
      vertex 17.97 0.0929985 -94.8001
    endloop
  endfacet
  facet normal -1 0 0
    outer loop
      vertex 17.97 0.0929985 -94.8001
      vertex 17.97 0 -95
      vertex 17.97 0.0898264 -94.8005
    endloop
  endfacet
  facet normal -1 0 0
    outer loop
      vertex 17.97 0 -95
      vertex 17.97 0 -94.8119
      vertex 17.97 0.0898264 -94.8005
    endloop
  endfacet
  facet normal -1 0 0
    outer loop
      vertex 17.97 0 -95
      vertex 17.97 -0.0898264 -94.8005
      vertex 17.97 0 -94.8119
    endloop
  endfacet
  facet normal -1 0 0
    outer loop
      vertex 17.97 0 -95
      vertex 17.97 -0.0929985 -94.8001
      vertex 17.97 -0.0898264 -94.8005
    endloop
  endfacet
  facet normal -1 0 0
    outer loop
      vertex 17.97 0 -95
      vertex 17.97 -0.0963572 -94.7996
      vertex 17.97 -0.0929985 -94.8001
    endloop
  endfacet
  facet normal -1 0 0
    outer loop
      vertex 17.97 0 -95
      vertex 17.97 -0.132528 -94.795
      vertex 17.97 -0.0963572 -94.7996
    endloop
  endfacet
  facet normal -1 0 0
    outer loop
      vertex 17.97 0 -95
      vertex 17.97 -0.778183 -94.7119
      vertex 17.97 -0.132528 -94.795
    endloop
  endfacet
  facet normal -1 0 0
    outer loop
      vertex 17.97 -2.5 -94.6784
      vertex 17.97 -0.778183 -94.7119
      vertex 17.97 0 -95
    endloop
  endfacet
  facet normal -1 0 0
    outer loop
      vertex 17.97 -0.778183 -94.7119
      vertex 17.97 -2.5 -94.6784
      vertex 17.97 -2.5 -94.4903
    endloop
  endfacet
  facet normal -0.959241 0.036055 -0.280278
    outer loop
      vertex 17.97 2.5 -94.6784
      vertex 18.0074 2.5 -94.8064
      vertex 17.97 0 -95
    endloop
  endfacet
  facet normal -0.959843 0.0359031 -0.278232
    outer loop
      vertex 17.97 0 -95
      vertex 18.1383 2.5 -95.258
      vertex 18.1383 0 -95.5806
    endloop
  endfacet
  facet normal -0.959846 0.0359046 -0.278219
    outer loop
      vertex 18.1383 2.5 -95.258
      vertex 17.97 0 -95
      vertex 18.0074 2.5 -94.8064
    endloop
  endfacet
  facet normal -0.959241 -0.036055 -0.280278
    outer loop
      vertex 17.97 0 -95
      vertex 18.0074 -2.5 -94.8064
      vertex 17.97 -2.5 -94.6784
    endloop
  endfacet
  facet normal -0.959843 -0.0359031 -0.278232
    outer loop
      vertex 18.1383 -2.5 -95.258
      vertex 17.97 0 -95
      vertex 18.1383 0 -95.5806
    endloop
  endfacet
  facet normal -0.959846 -0.0359046 -0.278219
    outer loop
      vertex 17.97 0 -95
      vertex 18.1383 -2.5 -95.258
      vertex 18.0074 -2.5 -94.8064
    endloop
  endfacet
  facet normal -0.959203 0.036182 -0.280394
    outer loop
      vertex 18.1383 2.5 -95.258
      vertex 18.1756 2.5 -95.3856
      vertex 18.1383 0 -95.5806
    endloop
  endfacet
  facet normal -0.959781 0.0360285 -0.278428
    outer loop
      vertex 18.1383 0 -95.5806
      vertex 18.3067 2.5 -95.8376
      vertex 18.3067 0 -96.1611
    endloop
  endfacet
  facet normal -0.959794 0.036034 -0.278383
    outer loop
      vertex 18.3067 2.5 -95.8376
      vertex 18.1383 0 -95.5806
      vertex 18.1756 2.5 -95.3856
    endloop
  endfacet
  facet normal -0.959203 -0.036182 -0.280394
    outer loop
      vertex 18.1383 0 -95.5806
      vertex 18.1756 -2.5 -95.3856
      vertex 18.1383 -2.5 -95.258
    endloop
  endfacet
  facet normal -0.959781 -0.0360285 -0.278428
    outer loop
      vertex 18.3067 -2.5 -95.8376
      vertex 18.1383 0 -95.5806
      vertex 18.3067 0 -96.1611
    endloop
  endfacet
  facet normal -0.959794 -0.036034 -0.278383
    outer loop
      vertex 18.1383 0 -95.5806
      vertex 18.3067 -2.5 -95.8376
      vertex 18.1756 -2.5 -95.3856
    endloop
  endfacet
  facet normal -0.95943 0.0361821 -0.279614
    outer loop
      vertex 18.3067 2.5 -95.8376
      vertex 18.3438 2.5 -95.9649
      vertex 18.3067 0 -96.1611
    endloop
  endfacet
  facet normal -0.959836 0.0361031 -0.27823
    outer loop
      vertex 18.3067 0 -96.1611
      vertex 18.475 2.5 -96.4173
      vertex 18.475 0 -96.7417
    endloop
  endfacet
  facet normal -0.959801 0.0360884 -0.278351
    outer loop
      vertex 18.475 2.5 -96.4173
      vertex 18.3067 0 -96.1611
      vertex 18.3438 2.5 -95.9649
    endloop
  endfacet
  facet normal -0.95943 -0.0361821 -0.279614
    outer loop
      vertex 18.3067 0 -96.1611
      vertex 18.3438 -2.5 -95.9649
      vertex 18.3067 -2.5 -95.8376
    endloop
  endfacet
  facet normal -0.959836 -0.0361031 -0.27823
    outer loop
      vertex 18.475 -2.5 -96.4173
      vertex 18.3067 0 -96.1611
      vertex 18.475 0 -96.7417
    endloop
  endfacet
  facet normal -0.959801 -0.0360884 -0.278351
    outer loop
      vertex 18.3067 0 -96.1611
      vertex 18.475 -2.5 -96.4173
      vertex 18.3438 -2.5 -95.9649
    endloop
  endfacet
  facet normal -0.959333 0.0363239 -0.279931
    outer loop
      vertex 18.475 2.5 -96.4173
      vertex 18.512 2.5 -96.5441
      vertex 18.475 0 -96.7417
    endloop
  endfacet
  facet normal -0.95982 0.0361978 -0.278273
    outer loop
      vertex 18.475 0 -96.7417
      vertex 18.6433 2.5 -96.997
      vertex 18.6433 0 -97.3222
    endloop
  endfacet
  facet normal -0.959823 0.0361992 -0.278262
    outer loop
      vertex 18.6433 2.5 -96.997
      vertex 18.475 0 -96.7417
      vertex 18.512 2.5 -96.5441
    endloop
  endfacet
  facet normal -0.959333 -0.0363239 -0.279931
    outer loop
      vertex 18.475 0 -96.7417
      vertex 18.512 -2.5 -96.5441
      vertex 18.475 -2.5 -96.4173
    endloop
  endfacet
  facet normal -0.95982 -0.0361978 -0.278273
    outer loop
      vertex 18.6433 -2.5 -96.997
      vertex 18.475 0 -96.7417
      vertex 18.6433 0 -97.3222
    endloop
  endfacet
  facet normal -0.959823 -0.0361992 -0.278262
    outer loop
      vertex 18.475 0 -96.7417
      vertex 18.6433 -2.5 -96.997
      vertex 18.512 -2.5 -96.5441
    endloop
  endfacet
  facet normal -0.959295 0.0364286 -0.280047
    outer loop
      vertex 18.6433 2.5 -96.997
      vertex 18.6802 2.5 -97.1234
      vertex 18.6433 0 -97.3222
    endloop
  endfacet
  facet normal -0.959784 0.0363231 -0.27838
    outer loop
      vertex 18.6433 0 -97.3222
      vertex 18.8117 2.5 -97.5766
      vertex 18.8117 0 -97.9028
    endloop
  endfacet
  facet normal -0.959755 0.0363108 -0.278481
    outer loop
      vertex 18.8117 2.5 -97.5766
      vertex 18.6433 0 -97.3222
      vertex 18.6802 2.5 -97.1234
    endloop
  endfacet
  facet normal -0.959295 -0.0364286 -0.280047
    outer loop
      vertex 18.6433 0 -97.3222
      vertex 18.6802 -2.5 -97.1234
      vertex 18.6433 -2.5 -96.997
    endloop
  endfacet
  facet normal -0.959784 -0.0363231 -0.27838
    outer loop
      vertex 18.8117 -2.5 -97.5766
      vertex 18.6433 0 -97.3222
      vertex 18.8117 0 -97.9028
    endloop
  endfacet
  facet normal -0.959755 -0.0363108 -0.278481
    outer loop
      vertex 18.6433 0 -97.3222
      vertex 18.8117 -2.5 -97.5766
      vertex 18.6802 -2.5 -97.1234
    endloop
  endfacet
  facet normal -0.959317 0.0365291 -0.279959
    outer loop
      vertex 18.8117 2.5 -97.5766
      vertex 18.8485 2.5 -97.7027
      vertex 18.8117 0 -97.9028
    endloop
  endfacet
  facet normal -0.959813 0.0363979 -0.278271
    outer loop
      vertex 18.8117 0 -97.9028
      vertex 18.98 2.5 -98.1563
      vertex 18.98 0 -98.4833
    endloop
  endfacet
  facet normal -0.959818 0.0364 -0.278254
    outer loop
      vertex 18.98 2.5 -98.1563
      vertex 18.8117 0 -97.9028
      vertex 18.8485 2.5 -97.7027
    endloop
  endfacet
  facet normal -0.959317 -0.0365291 -0.279959
    outer loop
      vertex 18.8117 0 -97.9028
      vertex 18.8485 -2.5 -97.7027
      vertex 18.8117 -2.5 -97.5766
    endloop
  endfacet
  facet normal -0.959813 -0.0363979 -0.278271
    outer loop
      vertex 18.98 -2.5 -98.1563
      vertex 18.8117 0 -97.9028
      vertex 18.98 0 -98.4833
    endloop
  endfacet
  facet normal -0.959818 -0.0364 -0.278254
    outer loop
      vertex 18.8117 0 -97.9028
      vertex 18.98 -2.5 -98.1563
      vertex 18.8485 -2.5 -97.7027
    endloop
  endfacet
  facet normal -0.959218 0.0366608 -0.280281
    outer loop
      vertex 18.98 2.5 -98.1563
      vertex 19.0167 2.5 -98.2819
      vertex 18.98 0 -98.4833
    endloop
  endfacet
  facet normal -0.959822 0.0364921 -0.278226
    outer loop
      vertex 18.98 0 -98.4833
      vertex 19.1483 2.5 -98.736
      vertex 19.1483 0 -99.0639
    endloop
  endfacet
  facet normal -0.959839 0.0364994 -0.278165
    outer loop
      vertex 19.1483 2.5 -98.736
      vertex 18.98 0 -98.4833
      vertex 19.0167 2.5 -98.2819
    endloop
  endfacet
  facet normal -0.959218 -0.0366608 -0.280281
    outer loop
      vertex 18.98 0 -98.4833
      vertex 19.0167 -2.5 -98.2819
      vertex 18.98 -2.5 -98.1563
    endloop
  endfacet
  facet normal -0.959822 -0.0364921 -0.278226
    outer loop
      vertex 19.1483 -2.5 -98.736
      vertex 18.98 0 -98.4833
      vertex 19.1483 0 -99.0639
    endloop
  endfacet
  facet normal -0.959839 -0.0364994 -0.278165
    outer loop
      vertex 18.98 0 -98.4833
      vertex 19.1483 -2.5 -98.736
      vertex 19.0167 -2.5 -98.2819
    endloop
  endfacet
  facet normal -0.959179 0.0367771 -0.280399
    outer loop
      vertex 19.1483 2.5 -98.736
      vertex 19.1849 2.5 -98.8612
      vertex 19.1483 0 -99.0639
    endloop
  endfacet
  facet normal -0.959761 0.0366069 -0.278422
    outer loop
      vertex 19.1483 0 -99.0639
      vertex 19.3167 2.5 -99.3157
      vertex 19.3167 0 -99.6444
    endloop
  endfacet
  facet normal -0.959788 0.0366181 -0.278328
    outer loop
      vertex 19.3167 2.5 -99.3157
      vertex 19.1483 0 -99.0639
      vertex 19.1849 2.5 -98.8612
    endloop
  endfacet
  facet normal -0.959179 -0.0367771 -0.280399
    outer loop
      vertex 19.1483 0 -99.0639
      vertex 19.1849 -2.5 -98.8612
      vertex 19.1483 -2.5 -98.736
    endloop
  endfacet
  facet normal -0.959761 -0.0366069 -0.278422
    outer loop
      vertex 19.3167 -2.5 -99.3157
      vertex 19.1483 0 -99.0639
      vertex 19.3167 0 -99.6444
    endloop
  endfacet
  facet normal -0.959788 -0.0366181 -0.278328
    outer loop
      vertex 19.1483 0 -99.0639
      vertex 19.3167 -2.5 -99.3157
      vertex 19.1849 -2.5 -98.8612
    endloop
  endfacet
  facet normal -0.95935 0.0367895 -0.27981
    outer loop
      vertex 19.3167 2.5 -99.3157
      vertex 19.3531 2.5 -99.4405
      vertex 19.3167 0 -99.6444
    endloop
  endfacet
  facet normal -0.959816 0.0366811 -0.278224
    outer loop
      vertex 19.3167 0 -99.6444
      vertex 19.485 2.5 -99.8954
      vertex 19.485 0 -100.225
    endloop
  endfacet
  facet normal -0.959795 0.0366725 -0.278296
    outer loop
      vertex 19.485 2.5 -99.8954
      vertex 19.3167 0 -99.6444
      vertex 19.3531 2.5 -99.4405
    endloop
  endfacet
  facet normal -0.95935 -0.0367895 -0.27981
    outer loop
      vertex 19.3167 0 -99.6444
      vertex 19.3531 -2.5 -99.4405
      vertex 19.3167 -2.5 -99.3157
    endloop
  endfacet
  facet normal -0.959816 -0.0366811 -0.278224
    outer loop
      vertex 19.485 -2.5 -99.8954
      vertex 19.3167 0 -99.6444
      vertex 19.485 0 -100.225
    endloop
  endfacet
  facet normal -0.959795 -0.0366725 -0.278296
    outer loop
      vertex 19.3167 0 -99.6444
      vertex 19.485 -2.5 -99.8954
      vertex 19.3531 -2.5 -99.4405
    endloop
  endfacet
  facet normal -0.959434 0.0368511 -0.279514
    outer loop
      vertex 19.485 2.5 -99.8954
      vertex 19.5213 2.5 -100.02
      vertex 19.485 0 -100.225
    endloop
  endfacet
  facet normal -0.959862 0.0368133 -0.278046
    outer loop
      vertex 19.485 0 -100.225
      vertex 19.6533 2.5 -100.475
      vertex 19.6533 0 -100.806
    endloop
  endfacet
  facet normal -0.959752 0.0367671 -0.278433
    outer loop
      vertex 19.6533 2.5 -100.475
      vertex 19.485 0 -100.225
      vertex 19.5213 2.5 -100.02
    endloop
  endfacet
  facet normal -0.959434 -0.0368511 -0.279514
    outer loop
      vertex 19.485 0 -100.225
      vertex 19.5213 -2.5 -100.02
      vertex 19.485 -2.5 -99.8954
    endloop
  endfacet
  facet normal -0.959862 -0.0368133 -0.278046
    outer loop
      vertex 19.6533 -2.5 -100.475
      vertex 19.485 0 -100.225
      vertex 19.6533 0 -100.806
    endloop
  endfacet
  facet normal -0.959752 -0.0367671 -0.278433
    outer loop
      vertex 19.485 0 -100.225
      vertex 19.6533 -2.5 -100.475
      vertex 19.5213 -2.5 -100.02
    endloop
  endfacet
  facet normal -0.959271 0.037078 -0.280045
    outer loop
      vertex 19.6533 2.5 -100.475
      vertex 19.6895 2.5 -100.599
      vertex 19.6533 0 -100.806
    endloop
  endfacet
  facet normal -0.959687 0.0368919 -0.27864
    outer loop
      vertex 19.6533 0 -100.806
      vertex 19.8217 2.5 -101.055
      vertex 19.8217 0 -101.386
    endloop
  endfacet
  facet normal -0.959796 0.0369375 -0.278257
    outer loop
      vertex 19.8217 2.5 -101.055
      vertex 19.6533 0 -100.806
      vertex 19.6895 2.5 -100.599
    endloop
  endfacet
  facet normal -0.959271 -0.037078 -0.280045
    outer loop
      vertex 19.6533 0 -100.806
      vertex 19.6895 -2.5 -100.599
      vertex 19.6533 -2.5 -100.475
    endloop
  endfacet
  facet normal -0.959687 -0.0368919 -0.27864
    outer loop
      vertex 19.8217 -2.5 -101.055
      vertex 19.6533 0 -100.806
      vertex 19.8217 0 -101.386
    endloop
  endfacet
  facet normal -0.959796 -0.0369375 -0.278257
    outer loop
      vertex 19.6533 0 -100.806
      vertex 19.8217 -2.5 -101.055
      vertex 19.6895 -2.5 -100.599
    endloop
  endfacet
  facet normal -0.958861 0.0372602 -0.281422
    outer loop
      vertex 19.8217 2.5 -101.055
      vertex 19.8578 2.5 -101.178
      vertex 19.8217 0 -101.386
    endloop
  endfacet
  facet normal -0.959854 0.0370354 -0.278044
    outer loop
      vertex 19.8217 0 -101.386
      vertex 19.99 2.5 -101.634
      vertex 19.99 0 -101.967
    endloop
  endfacet
  facet normal -0.959794 0.0370103 -0.278256
    outer loop
      vertex 19.99 2.5 -101.634
      vertex 19.8217 0 -101.386
      vertex 19.8578 2.5 -101.178
    endloop
  endfacet
  facet normal -0.958861 -0.0372602 -0.281422
    outer loop
      vertex 19.8217 0 -101.386
      vertex 19.8578 -2.5 -101.178
      vertex 19.8217 -2.5 -101.055
    endloop
  endfacet
  facet normal -0.959854 -0.0370354 -0.278044
    outer loop
      vertex 19.99 -2.5 -101.634
      vertex 19.8217 0 -101.386
      vertex 19.99 0 -101.967
    endloop
  endfacet
  facet normal -0.959794 -0.0370103 -0.278256
    outer loop
      vertex 19.8217 0 -101.386
      vertex 19.99 -2.5 -101.634
      vertex 19.8578 -2.5 -101.178
    endloop
  endfacet
  facet normal -0.959685 0.0371119 -0.278618
    outer loop
      vertex 19.99 2.5 -101.634
      vertex 20.026 2.5 -101.758
      vertex 19.99 0 -101.967
    endloop
  endfacet
  facet normal -0.959724 0.0370943 -0.278485
    outer loop
      vertex 19.99 0 -101.967
      vertex 20.1583 2.5 -102.214
      vertex 20.1583 0 -102.547
    endloop
  endfacet
  facet normal -0.959734 0.0370985 -0.278449
    outer loop
      vertex 20.1583 2.5 -102.214
      vertex 19.99 0 -101.967
      vertex 20.026 2.5 -101.758
    endloop
  endfacet
  facet normal -0.959685 -0.0371119 -0.278618
    outer loop
      vertex 19.99 0 -101.967
      vertex 20.026 -2.5 -101.758
      vertex 19.99 -2.5 -101.634
    endloop
  endfacet
  facet normal -0.959724 -0.0370943 -0.278485
    outer loop
      vertex 20.1583 -2.5 -102.214
      vertex 19.99 0 -101.967
      vertex 20.1583 0 -102.547
    endloop
  endfacet
  facet normal -0.959734 -0.0370985 -0.278449
    outer loop
      vertex 19.99 0 -101.967
      vertex 20.1583 -2.5 -102.214
      vertex 20.026 -2.5 -101.758
    endloop
  endfacet
  facet normal -0.95928 0.037294 -0.279985
    outer loop
      vertex 20.1583 2.5 -102.214
      vertex 20.1942 2.5 -102.337
      vertex 20.1583 0 -102.547
    endloop
  endfacet
  facet normal -0.959805 0.0371668 -0.278195
    outer loop
      vertex 20.1583 0 -102.547
      vertex 20.3267 2.5 -102.794
      vertex 20.3267 0 -103.128
    endloop
  endfacet
  facet normal -0.959783 0.0371575 -0.278274
    outer loop
      vertex 20.3267 2.5 -102.794
      vertex 20.1583 0 -102.547
      vertex 20.1942 2.5 -102.337
    endloop
  endfacet
  facet normal -0.95928 -0.037294 -0.279985
    outer loop
      vertex 20.1583 0 -102.547
      vertex 20.1942 -2.5 -102.337
      vertex 20.1583 -2.5 -102.214
    endloop
  endfacet
  facet normal -0.959805 -0.0371668 -0.278195
    outer loop
      vertex 20.3267 -2.5 -102.794
      vertex 20.1583 0 -102.547
      vertex 20.3267 0 -103.128
    endloop
  endfacet
  facet normal -0.959783 -0.0371575 -0.278274
    outer loop
      vertex 20.1583 0 -102.547
      vertex 20.3267 -2.5 -102.794
      vertex 20.1942 -2.5 -102.337
    endloop
  endfacet
  facet normal -0.959078 0.0374946 -0.280648
    outer loop
      vertex 20.3267 2.5 -102.794
      vertex 20.3624 2.5 -102.916
      vertex 20.3267 0 -103.128
    endloop
  endfacet
  facet normal -0.95972 0.0372055 -0.278484
    outer loop
      vertex 20.3267 0 -103.128
      vertex 20.495 2.5 -103.374
      vertex 20.495 0 -103.708
    endloop
  endfacet
  facet normal -0.959885 0.0372735 -0.277906
    outer loop
      vertex 20.495 2.5 -103.374
      vertex 20.3267 0 -103.128
      vertex 20.3624 2.5 -102.916
    endloop
  endfacet
  facet normal -0.959078 -0.0374946 -0.280648
    outer loop
      vertex 20.3267 0 -103.128
      vertex 20.3624 -2.5 -102.916
      vertex 20.3267 -2.5 -102.794
    endloop
  endfacet
  facet normal -0.95972 -0.0372055 -0.278484
    outer loop
      vertex 20.495 -2.5 -103.374
      vertex 20.3267 0 -103.128
      vertex 20.495 0 -103.708
    endloop
  endfacet
  facet normal -0.959885 -0.0372735 -0.277906
    outer loop
      vertex 20.3267 0 -103.128
      vertex 20.495 -2.5 -103.374
      vertex 20.3624 -2.5 -102.916
    endloop
  endfacet
  facet normal -0.959293 0.037398 -0.279925
    outer loop
      vertex 20.495 2.5 -103.374
      vertex 20.5306 2.5 -103.496
      vertex 20.495 0 -103.708
    endloop
  endfacet
  facet normal -0.959842 0.0373686 -0.27804
    outer loop
      vertex 20.495 0 -103.708
      vertex 20.6633 2.5 -103.953
      vertex 20.6633 0 -104.289
    endloop
  endfacet
  facet normal -0.959665 0.037296 -0.27866
    outer loop
      vertex 20.6633 2.5 -103.953
      vertex 20.495 0 -103.708
      vertex 20.5306 2.5 -103.496
    endloop
  endfacet
  facet normal -0.959293 -0.037398 -0.279925
    outer loop
      vertex 20.495 0 -103.708
      vertex 20.5306 -2.5 -103.496
      vertex 20.495 -2.5 -103.374
    endloop
  endfacet
  facet normal -0.959842 -0.0373686 -0.27804
    outer loop
      vertex 20.6633 -2.5 -103.953
      vertex 20.495 0 -103.708
      vertex 20.6633 0 -104.289
    endloop
  endfacet
  facet normal -0.959665 -0.037296 -0.27866
    outer loop
      vertex 20.495 0 -103.708
      vertex 20.6633 -2.5 -103.953
      vertex 20.5306 -2.5 -103.496
    endloop
  endfacet
  facet normal -0.959285 0.0376216 -0.279923
    outer loop
      vertex 20.6633 2.5 -103.953
      vertex 20.6989 2.5 -104.075
      vertex 20.6633 0 -104.289
    endloop
  endfacet
  facet normal -0.959667 0.0374485 -0.278634
    outer loop
      vertex 20.6633 0 -104.289
      vertex 20.8317 2.5 -104.533
      vertex 20.8317 0 -104.869
    endloop
  endfacet
  facet normal -0.959765 0.0374887 -0.27829
    outer loop
      vertex 20.8317 2.5 -104.533
      vertex 20.6633 0 -104.289
      vertex 20.6989 2.5 -104.075
    endloop
  endfacet
  facet normal -0.959285 -0.0376216 -0.279923
    outer loop
      vertex 20.6633 0 -104.289
      vertex 20.6989 -2.5 -104.075
      vertex 20.6633 -2.5 -103.953
    endloop
  endfacet
  facet normal -0.959667 -0.0374485 -0.278634
    outer loop
      vertex 20.8317 -2.5 -104.533
      vertex 20.6633 0 -104.289
      vertex 20.8317 0 -104.869
    endloop
  endfacet
  facet normal -0.959765 -0.0374887 -0.27829
    outer loop
      vertex 20.6633 0 -104.289
      vertex 20.8317 -2.5 -104.533
      vertex 20.6989 -2.5 -104.075
    endloop
  endfacet
  facet normal -0.959086 0.0377116 -0.280592
    outer loop
      vertex 20.8317 2.5 -104.533
      vertex 20.8671 2.5 -104.654
      vertex 20.8317 0 -104.869
    endloop
  endfacet
  facet normal -0.959838 0.0374797 -0.278039
    outer loop
      vertex 20.8317 0 -104.869
      vertex 21 2.5 -105.113
      vertex 21 0 -105.45
    endloop
  endfacet
  facet normal -0.959871 0.0374932 -0.277924
    outer loop
      vertex 21 2.5 -105.113
      vertex 20.8317 0 -104.869
      vertex 20.8671 2.5 -104.654
    endloop
  endfacet
  facet normal -0.959086 -0.0377116 -0.280592
    outer loop
      vertex 20.8317 0 -104.869
      vertex 20.8671 -2.5 -104.654
      vertex 20.8317 -2.5 -104.533
    endloop
  endfacet
  facet normal -0.959838 -0.0374797 -0.278039
    outer loop
      vertex 21 -2.5 -105.113
      vertex 20.8317 0 -104.869
      vertex 21 0 -105.45
    endloop
  endfacet
  facet normal -0.959871 -0.0374932 -0.277924
    outer loop
      vertex 20.8317 0 -104.869
      vertex 21 -2.5 -105.113
      vertex 20.8671 -2.5 -104.654
    endloop
  endfacet
  facet normal -0.959299 0.0377253 -0.279862
    outer loop
      vertex 21 2.5 -105.113
      vertex 21.0353 2.5 -105.234
      vertex 21 0 -105.45
    endloop
  endfacet
  facet normal -0.959834 0.0375907 -0.278038
    outer loop
      vertex 21 0 -105.45
      vertex 21.1683 2.5 -105.693
      vertex 21.1683 0 -106.031
    endloop
  endfacet
  facet normal -0.959812 0.0375817 -0.278116
    outer loop
      vertex 21.1683 2.5 -105.693
      vertex 21 0 -105.45
      vertex 21.0353 2.5 -105.234
    endloop
  endfacet
  facet normal -0.959299 -0.0377253 -0.279862
    outer loop
      vertex 21 0 -105.45
      vertex 21.0353 -2.5 -105.234
      vertex 21 -2.5 -105.113
    endloop
  endfacet
  facet normal -0.959834 -0.0375907 -0.278038
    outer loop
      vertex 21.1683 -2.5 -105.693
      vertex 21 0 -105.45
      vertex 21.1683 0 -106.031
    endloop
  endfacet
  facet normal -0.959812 -0.0375817 -0.278116
    outer loop
      vertex 21 0 -105.45
      vertex 21.1683 -2.5 -105.693
      vertex 21.0353 -2.5 -105.234
    endloop
  endfacet
  facet normal -0.958875 0.0380277 -0.28127
    outer loop
      vertex 21.1683 2.5 -105.693
      vertex 21.2035 2.5 -105.813
      vertex 21.1683 0 -106.031
    endloop
  endfacet
  facet normal -0.959655 0.0377823 -0.278631
    outer loop
      vertex 21.1683 0 -106.031
      vertex 21.3367 2.5 -106.272
      vertex 21.3367 0 -106.611
    endloop
  endfacet
  facet normal -0.959692 0.0377976 -0.278499
    outer loop
      vertex 21.3367 2.5 -106.272
      vertex 21.1683 0 -106.031
      vertex 21.2035 2.5 -105.813
    endloop
  endfacet
  facet normal -0.958875 -0.0380277 -0.28127
    outer loop
      vertex 21.1683 0 -106.031
      vertex 21.2035 -2.5 -105.813
      vertex 21.1683 -2.5 -105.693
    endloop
  endfacet
  facet normal -0.959655 -0.0377823 -0.278631
    outer loop
      vertex 21.3367 -2.5 -106.272
      vertex 21.1683 0 -106.031
      vertex 21.3367 0 -106.611
    endloop
  endfacet
  facet normal -0.959692 -0.0377976 -0.278499
    outer loop
      vertex 21.1683 0 -106.031
      vertex 21.3367 -2.5 -106.272
      vertex 21.2035 -2.5 -105.813
    endloop
  endfacet
  facet normal -0.959723 0.0377509 -0.278399
    outer loop
      vertex 21.3367 2.5 -106.272
      vertex 21.3718 2.5 -106.393
      vertex 21.3367 0 -106.611
    endloop
  endfacet
  facet normal -0.959826 0.0378129 -0.278036
    outer loop
      vertex 21.3367 0 -106.611
      vertex 21.505 2.5 -106.852
      vertex 21.505 0 -107.192
    endloop
  endfacet
  facet normal -0.959694 0.0377592 -0.278499
    outer loop
      vertex 21.505 2.5 -106.852
      vertex 21.3367 0 -106.611
      vertex 21.3718 2.5 -106.393
    endloop
  endfacet
  facet normal -0.959723 -0.0377509 -0.278399
    outer loop
      vertex 21.3367 0 -106.611
      vertex 21.3718 -2.5 -106.393
      vertex 21.3367 -2.5 -106.272
    endloop
  endfacet
  facet normal -0.959826 -0.0378129 -0.278036
    outer loop
      vertex 21.505 -2.5 -106.852
      vertex 21.3367 0 -106.611
      vertex 21.505 0 -107.192
    endloop
  endfacet
  facet normal -0.959694 -0.0377592 -0.278499
    outer loop
      vertex 21.3367 0 -106.611
      vertex 21.505 -2.5 -106.852
      vertex 21.3718 -2.5 -106.393
    endloop
  endfacet
  facet normal -0.959305 0.0380524 -0.279797
    outer loop
      vertex 21.505 2.5 -106.852
      vertex 21.54 2.5 -106.972
      vertex 21.505 0 -107.192
    endloop
  endfacet
  facet normal -0.959696 0.0378729 -0.278477
    outer loop
      vertex 21.505 0 -107.192
      vertex 21.6733 2.5 -107.432
      vertex 21.6733 0 -107.772
    endloop
  endfacet
  facet normal -0.959794 0.0379127 -0.278132
    outer loop
      vertex 21.6733 2.5 -107.432
      vertex 21.505 0 -107.192
      vertex 21.54 2.5 -106.972
    endloop
  endfacet
  facet normal -0.959305 -0.0380524 -0.279797
    outer loop
      vertex 21.505 0 -107.192
      vertex 21.54 -2.5 -106.972
      vertex 21.505 -2.5 -106.852
    endloop
  endfacet
  facet normal -0.959696 -0.0378729 -0.278477
    outer loop
      vertex 21.6733 -2.5 -107.432
      vertex 21.505 0 -107.192
      vertex 21.6733 0 -107.772
    endloop
  endfacet
  facet normal -0.959794 -0.0379127 -0.278132
    outer loop
      vertex 21.505 0 -107.192
      vertex 21.6733 -2.5 -107.432
      vertex 21.54 -2.5 -106.972
    endloop
  endfacet
  facet normal -0.958881 0.0382457 -0.281218
    outer loop
      vertex 21.6733 2.5 -107.432
      vertex 21.7082 2.5 -107.551
      vertex 21.6733 0 -107.772
    endloop
  endfacet
  facet normal -0.959777 0.0379447 -0.278187
    outer loop
      vertex 21.6733 0 -107.772
      vertex 21.8417 2.5 -108.012
      vertex 21.8417 0 -108.353
    endloop
  endfacet
  facet normal -0.959842 0.0379709 -0.277959
    outer loop
      vertex 21.8417 2.5 -108.012
      vertex 21.6733 0 -107.772
      vertex 21.7082 2.5 -107.551
    endloop
  endfacet
  facet normal -0.958881 -0.0382457 -0.281218
    outer loop
      vertex 21.6733 0 -107.772
      vertex 21.7082 -2.5 -107.551
      vertex 21.6733 -2.5 -107.432
    endloop
  endfacet
  facet normal -0.959777 -0.0379447 -0.278187
    outer loop
      vertex 21.8417 -2.5 -108.012
      vertex 21.6733 0 -107.772
      vertex 21.8417 0 -108.353
    endloop
  endfacet
  facet normal -0.959842 -0.0379709 -0.277959
    outer loop
      vertex 21.6733 0 -107.772
      vertex 21.8417 -2.5 -108.012
      vertex 21.7082 -2.5 -107.551
    endloop
  endfacet
  facet normal -0.959319 0.0381557 -0.279734
    outer loop
      vertex 21.8417 2.5 -108.012
      vertex 21.8764 2.5 -108.131
      vertex 21.8417 0 -108.353
    endloop
  endfacet
  facet normal -0.959688 0.0380954 -0.278475
    outer loop
      vertex 21.8417 0 -108.353
      vertex 22.01 2.5 -108.591
      vertex 22.01 0 -108.933
    endloop
  endfacet
  facet normal -0.959621 0.0380688 -0.278707
    outer loop
      vertex 22.01 2.5 -108.591
      vertex 21.8417 0 -108.353
      vertex 21.8764 2.5 -108.131
    endloop
  endfacet
  facet normal -0.959319 -0.0381557 -0.279734
    outer loop
      vertex 21.8417 0 -108.353
      vertex 21.8764 -2.5 -108.131
      vertex 21.8417 -2.5 -108.012
    endloop
  endfacet
  facet normal -0.959688 -0.0380954 -0.278475
    outer loop
      vertex 22.01 -2.5 -108.591
      vertex 21.8417 0 -108.353
      vertex 22.01 0 -108.933
    endloop
  endfacet
  facet normal -0.959621 -0.0380688 -0.278707
    outer loop
      vertex 21.8417 0 -108.353
      vertex 22.01 -2.5 -108.591
      vertex 21.8764 -2.5 -108.131
    endloop
  endfacet
  facet normal -0.959315 0.0382675 -0.279733
    outer loop
      vertex 22.01 2.5 -108.591
      vertex 22.0447 2.5 -108.71
      vertex 22.01 0 -108.933
    endloop
  endfacet
  facet normal -0.959814 0.038146 -0.278032
    outer loop
      vertex 22.01 0 -108.933
      vertex 22.1783 2.5 -109.171
      vertex 22.1783 0 -109.514
    endloop
  endfacet
  facet normal -0.959781 0.0381326 -0.278149
    outer loop
      vertex 22.1783 2.5 -109.171
      vertex 22.01 0 -108.933
      vertex 22.0447 2.5 -108.71
    endloop
  endfacet
  facet normal -0.959315 -0.0382675 -0.279733
    outer loop
      vertex 22.01 0 -108.933
      vertex 22.0447 -2.5 -108.71
      vertex 22.01 -2.5 -108.591
    endloop
  endfacet
  facet normal -0.959814 -0.038146 -0.278032
    outer loop
      vertex 22.1783 -2.5 -109.171
      vertex 22.01 0 -108.933
      vertex 22.1783 0 -109.514
    endloop
  endfacet
  facet normal -0.959781 -0.0381326 -0.278149
    outer loop
      vertex 22.01 0 -108.933
      vertex 22.1783 -2.5 -109.171
      vertex 22.0447 -2.5 -108.71
    endloop
  endfacet
  facet normal -0.959531 0.0382774 -0.27899
    outer loop
      vertex 22.1783 2.5 -109.171
      vertex 22.2129 2.5 -109.29
      vertex 22.1783 0 -109.514
    endloop
  endfacet
  facet normal -0.959639 0.0382275 -0.278626
    outer loop
      vertex 22.1783 0 -109.514
      vertex 22.3467 2.5 -109.751
      vertex 22.3467 0 -110.094
    endloop
  endfacet
  facet normal -0.959665 0.0382382 -0.278532
    outer loop
      vertex 22.3467 2.5 -109.751
      vertex 22.1783 0 -109.514
      vertex 22.2129 2.5 -109.29
    endloop
  endfacet
  facet normal -0.959531 -0.0382774 -0.27899
    outer loop
      vertex 22.1783 0 -109.514
      vertex 22.2129 -2.5 -109.29
      vertex 22.1783 -2.5 -109.171
    endloop
  endfacet
  facet normal -0.959639 -0.0382275 -0.278626
    outer loop
      vertex 22.3467 -2.5 -109.751
      vertex 22.1783 0 -109.514
      vertex 22.3467 0 -110.094
    endloop
  endfacet
  facet normal -0.959665 -0.0382382 -0.278532
    outer loop
      vertex 22.1783 0 -109.514
      vertex 22.3467 -2.5 -109.751
      vertex 22.2129 -2.5 -109.29
    endloop
  endfacet
  facet normal -0.959329 0.0383706 -0.279669
    outer loop
      vertex 22.3467 2.5 -109.751
      vertex 22.3811 2.5 -109.869
      vertex 22.3467 0 -110.094
    endloop
  endfacet
  facet normal -0.95981 0.0382571 -0.278031
    outer loop
      vertex 22.3467 0 -110.094
      vertex 22.515 2.5 -110.331
      vertex 22.515 0 -110.675
    endloop
  endfacet
  facet normal -0.959771 0.0382415 -0.278167
    outer loop
      vertex 22.515 2.5 -110.331
      vertex 22.3467 0 -110.094
      vertex 22.3811 2.5 -109.869
    endloop
  endfacet
  facet normal -0.959329 -0.0383706 -0.279669
    outer loop
      vertex 22.3467 0 -110.094
      vertex 22.3811 -2.5 -109.869
      vertex 22.3467 -2.5 -109.751
    endloop
  endfacet
  facet normal -0.95981 -0.0382571 -0.278031
    outer loop
      vertex 22.515 -2.5 -110.331
      vertex 22.3467 0 -110.094
      vertex 22.515 0 -110.675
    endloop
  endfacet
  facet normal -0.959771 -0.0382415 -0.278167
    outer loop
      vertex 22.3467 0 -110.094
      vertex 22.515 -2.5 -110.331
      vertex 22.3811 -2.5 -109.869
    endloop
  endfacet
  facet normal -0.95867 0.0387847 -0.281865
    outer loop
      vertex 22.515 2.5 -110.331
      vertex 22.5494 2.5 -110.448
      vertex 22.515 0 -110.675
    endloop
  endfacet
  facet normal -0.959806 0.0383681 -0.27803
    outer loop
      vertex 22.515 0 -110.675
      vertex 22.6833 2.5 -110.911
      vertex 22.6833 0 -111.256
    endloop
  endfacet
  facet normal -0.959925 0.0384157 -0.277611
    outer loop
      vertex 22.6833 2.5 -110.911
      vertex 22.515 0 -110.675
      vertex 22.5494 2.5 -110.448
    endloop
  endfacet
  facet normal -0.95867 -0.0387847 -0.281865
    outer loop
      vertex 22.515 0 -110.675
      vertex 22.5494 -2.5 -110.448
      vertex 22.515 -2.5 -110.331
    endloop
  endfacet
  facet normal -0.959806 -0.0383681 -0.27803
    outer loop
      vertex 22.6833 -2.5 -110.911
      vertex 22.515 0 -110.675
      vertex 22.6833 0 -111.256
    endloop
  endfacet
  facet normal -0.959925 -0.0384157 -0.277611
    outer loop
      vertex 22.515 0 -110.675
      vertex 22.6833 -2.5 -110.911
      vertex 22.5494 -2.5 -110.448
    endloop
  endfacet
  facet normal -0.958891 0.0387933 -0.281111
    outer loop
      vertex 22.6833 2.5 -110.911
      vertex 22.7176 2.5 -111.028
      vertex 22.6833 0 -111.256
    endloop
  endfacet
  facet normal -0.959626 0.0385614 -0.278623
    outer loop
      vertex 22.6833 0 -111.256
      vertex 22.8517 2.5 -111.49
      vertex 22.8517 0 -111.836
    endloop
  endfacet
  facet normal -0.959648 0.0385699 -0.278547
    outer loop
      vertex 22.8517 2.5 -111.49
      vertex 22.6833 0 -111.256
      vertex 22.7176 2.5 -111.028
    endloop
  endfacet
  facet normal -0.958891 -0.0387933 -0.281111
    outer loop
      vertex 22.6833 0 -111.256
      vertex 22.7176 -2.5 -111.028
      vertex 22.6833 -2.5 -110.911
    endloop
  endfacet
  facet normal -0.959626 -0.0385614 -0.278623
    outer loop
      vertex 22.8517 -2.5 -111.49
      vertex 22.6833 0 -111.256
      vertex 22.8517 0 -111.836
    endloop
  endfacet
  facet normal -0.959648 -0.0385699 -0.278547
    outer loop
      vertex 22.6833 0 -111.256
      vertex 22.8517 -2.5 -111.49
      vertex 22.7176 -2.5 -111.028
    endloop
  endfacet
  facet normal -0.959336 0.0386968 -0.279601
    outer loop
      vertex 22.8517 2.5 -111.49
      vertex 22.8858 2.5 -111.607
      vertex 22.8517 0 -111.836
    endloop
  endfacet
  facet normal -0.959798 0.0385902 -0.278027
    outer loop
      vertex 22.8517 0 -111.836
      vertex 23.02 2.5 -112.07
      vertex 23.02 0 -112.417
    endloop
  endfacet
  facet normal -0.959753 0.0385726 -0.278183
    outer loop
      vertex 23.02 2.5 -112.07
      vertex 22.8517 0 -111.836
      vertex 22.8858 2.5 -111.607
    endloop
  endfacet
  facet normal -0.959336 -0.0386968 -0.279601
    outer loop
      vertex 22.8517 0 -111.836
      vertex 22.8858 -2.5 -111.607
      vertex 22.8517 -2.5 -111.49
    endloop
  endfacet
  facet normal -0.959798 -0.0385902 -0.278027
    outer loop
      vertex 23.02 -2.5 -112.07
      vertex 22.8517 0 -111.836
      vertex 23.02 0 -112.417
    endloop
  endfacet
  facet normal -0.959753 -0.0385726 -0.278183
    outer loop
      vertex 22.8517 0 -111.836
      vertex 23.02 -2.5 -112.07
      vertex 22.8858 -2.5 -111.607
    endloop
  endfacet
  facet normal -0.959332 0.0388085 -0.2796
    outer loop
      vertex 23.02 2.5 -112.07
      vertex 23.0541 2.5 -112.187
      vertex 23.02 0 -112.417
    endloop
  endfacet
  facet normal -0.959667 0.0386515 -0.278469
    outer loop
      vertex 23.02 0 -112.417
      vertex 23.1883 2.5 -112.65
      vertex 23.1883 0 -112.997
    endloop
  endfacet
  facet normal -0.959749 0.0386837 -0.278182
    outer loop
      vertex 23.1883 2.5 -112.65
      vertex 23.02 0 -112.417
      vertex 23.0541 2.5 -112.187
    endloop
  endfacet
  facet normal -0.959332 -0.0388085 -0.2796
    outer loop
      vertex 23.02 0 -112.417
      vertex 23.0541 -2.5 -112.187
      vertex 23.02 -2.5 -112.07
    endloop
  endfacet
  facet normal -0.959667 -0.0386515 -0.278469
    outer loop
      vertex 23.1883 -2.5 -112.65
      vertex 23.02 0 -112.417
      vertex 23.1883 0 -112.997
    endloop
  endfacet
  facet normal -0.959749 -0.0386837 -0.278182
    outer loop
      vertex 23.02 0 -112.417
      vertex 23.1883 -2.5 -112.65
      vertex 23.0541 -2.5 -112.187
    endloop
  endfacet
  facet normal -0.958898 0.0390106 -0.281056
    outer loop
      vertex 23.1883 2.5 -112.65
      vertex 23.2223 2.5 -112.766
      vertex 23.1883 0 -112.997
    endloop
  endfacet
  facet normal -0.959749 0.0387224 -0.278178
    outer loop
      vertex 23.1883 0 -112.997
      vertex 23.3567 2.5 -113.23
      vertex 23.3567 0 -113.578
    endloop
  endfacet
  facet normal -0.959797 0.0387414 -0.27801
    outer loop
      vertex 23.3567 2.5 -113.23
      vertex 23.1883 0 -112.997
      vertex 23.2223 2.5 -112.766
    endloop
  endfacet
  facet normal -0.958898 -0.0390106 -0.281056
    outer loop
      vertex 23.1883 0 -112.997
      vertex 23.2223 -2.5 -112.766
      vertex 23.1883 -2.5 -112.65
    endloop
  endfacet
  facet normal -0.959749 -0.0387224 -0.278178
    outer loop
      vertex 23.3567 -2.5 -113.23
      vertex 23.1883 0 -112.997
      vertex 23.3567 0 -113.578
    endloop
  endfacet
  facet normal -0.959797 -0.0387414 -0.27801
    outer loop
      vertex 23.1883 0 -112.997
      vertex 23.3567 -2.5 -113.23
      vertex 23.2223 -2.5 -112.766
    endloop
  endfacet
  facet normal -0.959347 0.0389111 -0.279534
    outer loop
      vertex 23.3567 2.5 -113.23
      vertex 23.3905 2.5 -113.346
      vertex 23.3567 0 -113.578
    endloop
  endfacet
  facet normal -0.959663 0.0387627 -0.278468
    outer loop
      vertex 23.3567 0 -113.578
      vertex 23.525 2.5 -113.81
      vertex 23.525 0 -114.158
    endloop
  endfacet
  facet normal -0.959739 0.0387927 -0.2782
    outer loop
      vertex 23.525 2.5 -113.81
      vertex 23.3567 0 -113.578
      vertex 23.3905 2.5 -113.346
    endloop
  endfacet
  facet normal -0.959347 -0.0389111 -0.279534
    outer loop
      vertex 23.3567 0 -113.578
      vertex 23.3905 -2.5 -113.346
      vertex 23.3567 -2.5 -113.23
    endloop
  endfacet
  facet normal -0.959663 -0.0387627 -0.278468
    outer loop
      vertex 23.525 -2.5 -113.81
      vertex 23.3567 0 -113.578
      vertex 23.525 0 -114.158
    endloop
  endfacet
  facet normal -0.959739 -0.0387927 -0.2782
    outer loop
      vertex 23.3567 0 -113.578
      vertex 23.525 -2.5 -113.81
      vertex 23.3905 -2.5 -113.346
    endloop
  endfacet
  facet normal -0.95868 0.0392222 -0.281769
    outer loop
      vertex 23.525 2.5 -113.81
      vertex 23.5588 2.5 -113.925
      vertex 23.525 0 -114.158
    endloop
  endfacet
  facet normal -0.959785 0.0389233 -0.278024
    outer loop
      vertex 23.525 0 -114.158
      vertex 23.6933 2.5 -114.389
      vertex 23.6933 0 -114.739
    endloop
  endfacet
  facet normal -0.959735 0.0389038 -0.278199
    outer loop
      vertex 23.6933 2.5 -114.389
      vertex 23.525 0 -114.158
      vertex 23.5588 2.5 -113.925
    endloop
  endfacet
  facet normal -0.95868 -0.0392222 -0.281769
    outer loop
      vertex 23.525 0 -114.158
      vertex 23.5588 -2.5 -113.925
      vertex 23.525 -2.5 -113.81
    endloop
  endfacet
  facet normal -0.959785 -0.0389233 -0.278024
    outer loop
      vertex 23.6933 -2.5 -114.389
      vertex 23.525 0 -114.158
      vertex 23.6933 0 -114.739
    endloop
  endfacet
  facet normal -0.959735 -0.0389038 -0.278199
    outer loop
      vertex 23.525 0 -114.158
      vertex 23.6933 -2.5 -114.389
      vertex 23.5588 -2.5 -113.925
    endloop
  endfacet
  facet normal -0.959565 0.0390278 -0.27877
    outer loop
      vertex 23.6933 2.5 -114.389
      vertex 23.727 2.5 -114.505
      vertex 23.6933 0 -114.739
    endloop
  endfacet
  facet normal -0.95961 0.0390065 -0.278618
    outer loop
      vertex 23.6933 0 -114.739
      vertex 23.8617 2.5 -114.969
      vertex 23.8617 0 -115.319
    endloop
  endfacet
  facet normal -0.959621 0.0390107 -0.27858
    outer loop
      vertex 23.8617 2.5 -114.969
      vertex 23.6933 0 -114.739
      vertex 23.727 2.5 -114.505
    endloop
  endfacet
  facet normal -0.959565 -0.0390278 -0.27877
    outer loop
      vertex 23.6933 0 -114.739
      vertex 23.727 -2.5 -114.505
      vertex 23.6933 -2.5 -114.389
    endloop
  endfacet
  facet normal -0.95961 -0.0390065 -0.278618
    outer loop
      vertex 23.8617 -2.5 -114.969
      vertex 23.6933 0 -114.739
      vertex 23.8617 0 -115.319
    endloop
  endfacet
  facet normal -0.959621 -0.0390107 -0.27858
    outer loop
      vertex 23.6933 0 -114.739
      vertex 23.8617 -2.5 -114.969
      vertex 23.727 -2.5 -114.505
    endloop
  endfacet
  facet normal -0.959358 0.0391251 -0.279465
    outer loop
      vertex 23.8617 2.5 -114.969
      vertex 23.8952 2.5 -115.084
      vertex 23.8617 0 -115.319
    endloop
  endfacet
  facet normal -0.959807 0.0390219 -0.277934
    outer loop
      vertex 23.8617 0 -115.319
      vertex 23.97 2.5 -115.342
      vertex 23.97 0 -115.693
    endloop
  endfacet
  facet normal -0.959718 0.0390151 -0.278244
    outer loop
      vertex 23.97 2.5 -115.342
      vertex 23.8617 0 -115.319
      vertex 23.8952 2.5 -115.084
    endloop
  endfacet
  facet normal -0.959358 -0.0391251 -0.279465
    outer loop
      vertex 23.8617 0 -115.319
      vertex 23.8952 -2.5 -115.084
      vertex 23.8617 -2.5 -114.969
    endloop
  endfacet
  facet normal -0.959807 -0.0390219 -0.277934
    outer loop
      vertex 23.97 -2.5 -115.342
      vertex 23.8617 0 -115.319
      vertex 23.97 0 -115.693
    endloop
  endfacet
  facet normal -0.959718 -0.0390151 -0.278244
    outer loop
      vertex 23.8617 0 -115.319
      vertex 23.97 -2.5 -115.342
      vertex 23.8952 -2.5 -115.084
    endloop
  endfacet
  facet normal -1 0 0
    outer loop
      vertex 23.97 0 -115.693
      vertex 23.97 2.5 -115.549
      vertex 23.97 0 -115.9
    endloop
  endfacet
  facet normal -1 -0 0
    outer loop
      vertex 23.97 2.5 -115.549
      vertex 23.97 0 -115.693
      vertex 23.97 2.5 -115.342
    endloop
  endfacet
  facet normal -1 0 0
    outer loop
      vertex 23.97 -2.5 -115.549
      vertex 23.97 0 -115.693
      vertex 23.97 0 -115.9
    endloop
  endfacet
  facet normal -1 0 0
    outer loop
      vertex 23.97 0 -115.693
      vertex 23.97 -2.5 -115.549
      vertex 23.97 -2.5 -115.342
    endloop
  endfacet
  facet normal -0.90827 0.0581706 -0.414321
    outer loop
      vertex 23.97 2.5 -115.549
      vertex 24.0366 2.5 -115.695
      vertex 23.97 0 -115.9
    endloop
  endfacet
  facet normal -0.909466 0.0579698 -0.411718
    outer loop
      vertex 23.97 0 -115.9
      vertex 24.305 2.5 -116.288
      vertex 24.305 0 -116.64
    endloop
  endfacet
  facet normal -0.909495 0.0579843 -0.41165
    outer loop
      vertex 24.305 2.5 -116.288
      vertex 23.97 0 -115.9
      vertex 24.0366 2.5 -115.695
    endloop
  endfacet
  facet normal -0.90827 -0.0581706 -0.414321
    outer loop
      vertex 23.97 0 -115.9
      vertex 24.0366 -2.5 -115.695
      vertex 23.97 -2.5 -115.549
    endloop
  endfacet
  facet normal -0.909466 -0.0579698 -0.411718
    outer loop
      vertex 24.305 -2.5 -116.288
      vertex 23.97 0 -115.9
      vertex 24.305 0 -116.64
    endloop
  endfacet
  facet normal -0.909495 -0.0579843 -0.41165
    outer loop
      vertex 23.97 0 -115.9
      vertex 24.305 -2.5 -116.288
      vertex 24.0366 -2.5 -115.695
    endloop
  endfacet
  facet normal -0.908739 0.0581911 -0.413289
    outer loop
      vertex 24.305 2.5 -116.288
      vertex 24.3714 2.5 -116.434
      vertex 24.305 0 -116.64
    endloop
  endfacet
  facet normal -0.909669 0.0580691 -0.411254
    outer loop
      vertex 24.305 0 -116.64
      vertex 24.64 2.5 -117.028
      vertex 24.64 0 -117.381
    endloop
  endfacet
  facet normal -0.909637 0.0580533 -0.411327
    outer loop
      vertex 24.64 2.5 -117.028
      vertex 24.305 0 -116.64
      vertex 24.3714 2.5 -116.434
    endloop
  endfacet
  facet normal -0.908739 -0.0581911 -0.413289
    outer loop
      vertex 24.305 0 -116.64
      vertex 24.3714 -2.5 -116.434
      vertex 24.305 -2.5 -116.288
    endloop
  endfacet
  facet normal -0.909669 -0.0580691 -0.411254
    outer loop
      vertex 24.64 -2.5 -117.028
      vertex 24.305 0 -116.64
      vertex 24.64 0 -117.381
    endloop
  endfacet
  facet normal -0.909637 -0.0580533 -0.411327
    outer loop
      vertex 24.305 0 -116.64
      vertex 24.64 -2.5 -117.028
      vertex 24.3714 -2.5 -116.434
    endloop
  endfacet
  facet normal -0.908358 0.0584689 -0.414086
    outer loop
      vertex 24.64 2.5 -117.028
      vertex 24.7061 2.5 -117.173
      vertex 24.64 0 -117.381
    endloop
  endfacet
  facet normal -0.909448 0.0582981 -0.41171
    outer loop
      vertex 24.64 0 -117.381
      vertex 24.975 2.5 -117.767
      vertex 24.975 0 -118.121
    endloop
  endfacet
  facet normal -0.909451 0.0582996 -0.411703
    outer loop
      vertex 24.975 2.5 -117.767
      vertex 24.64 0 -117.381
      vertex 24.7061 2.5 -117.173
    endloop
  endfacet
  facet normal -0.908358 -0.0584689 -0.414086
    outer loop
      vertex 24.64 0 -117.381
      vertex 24.7061 -2.5 -117.173
      vertex 24.64 -2.5 -117.028
    endloop
  endfacet
  facet normal -0.909448 -0.0582981 -0.41171
    outer loop
      vertex 24.975 -2.5 -117.767
      vertex 24.64 0 -117.381
      vertex 24.975 0 -118.121
    endloop
  endfacet
  facet normal -0.909451 -0.0582996 -0.411703
    outer loop
      vertex 24.64 0 -117.381
      vertex 24.975 -2.5 -117.767
      vertex 24.7061 -2.5 -117.173
    endloop
  endfacet
  facet normal -0.90883 0.0584875 -0.413047
    outer loop
      vertex 24.975 2.5 -117.767
      vertex 25.0409 2.5 -117.912
      vertex 24.975 0 -118.121
    endloop
  endfacet
  facet normal -0.909652 0.0583969 -0.411246
    outer loop
      vertex 24.975 0 -118.121
      vertex 25.31 2.5 -118.507
      vertex 25.31 0 -118.862
    endloop
  endfacet
  facet normal -0.909593 0.0583683 -0.411381
    outer loop
      vertex 25.31 2.5 -118.507
      vertex 24.975 0 -118.121
      vertex 25.0409 2.5 -117.912
    endloop
  endfacet
  facet normal -0.90883 -0.0584875 -0.413047
    outer loop
      vertex 24.975 0 -118.121
      vertex 25.0409 -2.5 -117.912
      vertex 24.975 -2.5 -117.767
    endloop
  endfacet
  facet normal -0.909652 -0.0583969 -0.411246
    outer loop
      vertex 25.31 -2.5 -118.507
      vertex 24.975 0 -118.121
      vertex 25.31 0 -118.862
    endloop
  endfacet
  facet normal -0.909593 -0.0583683 -0.411381
    outer loop
      vertex 24.975 0 -118.121
      vertex 25.31 -2.5 -118.507
      vertex 25.0409 -2.5 -117.912
    endloop
  endfacet
  facet normal -0.908205 0.0588403 -0.414369
    outer loop
      vertex 25.31 2.5 -118.507
      vertex 25.3757 2.5 -118.651
      vertex 25.31 0 -118.862
    endloop
  endfacet
  facet normal -0.909431 0.0586263 -0.411702
    outer loop
      vertex 25.31 0 -118.862
      vertex 25.645 2.5 -119.246
      vertex 25.645 0 -119.602
    endloop
  endfacet
  facet normal -0.909463 0.0586421 -0.411628
    outer loop
      vertex 25.645 2.5 -119.246
      vertex 25.31 0 -118.862
      vertex 25.3757 2.5 -118.651
    endloop
  endfacet
  facet normal -0.908205 -0.0588403 -0.414369
    outer loop
      vertex 25.31 0 -118.862
      vertex 25.3757 -2.5 -118.651
      vertex 25.31 -2.5 -118.507
    endloop
  endfacet
  facet normal -0.909431 -0.0586263 -0.411702
    outer loop
      vertex 25.645 -2.5 -119.246
      vertex 25.31 0 -118.862
      vertex 25.645 0 -119.602
    endloop
  endfacet
  facet normal -0.909463 -0.0586421 -0.411628
    outer loop
      vertex 25.31 0 -118.862
      vertex 25.645 -2.5 -119.246
      vertex 25.3757 -2.5 -118.651
    endloop
  endfacet
  facet normal -0.90868 0.0588572 -0.413323
    outer loop
      vertex 25.645 2.5 -119.246
      vertex 25.7105 2.5 -119.39
      vertex 25.645 0 -119.602
    endloop
  endfacet
  facet normal -0.909625 0.0588887 -0.411234
    outer loop
      vertex 25.645 0 -119.602
      vertex 25.98 2.5 -119.985
      vertex 25.98 0 -120.343
    endloop
  endfacet
  facet normal -0.909343 0.0587521 -0.411879
    outer loop
      vertex 25.98 2.5 -119.985
      vertex 25.645 0 -119.602
      vertex 25.7105 2.5 -119.39
    endloop
  endfacet
  facet normal -0.90868 -0.0588572 -0.413323
    outer loop
      vertex 25.645 0 -119.602
      vertex 25.7105 -2.5 -119.39
      vertex 25.645 -2.5 -119.246
    endloop
  endfacet
  facet normal -0.909625 -0.0588887 -0.411234
    outer loop
      vertex 25.98 -2.5 -119.985
      vertex 25.645 0 -119.602
      vertex 25.98 0 -120.343
    endloop
  endfacet
  facet normal -0.909343 -0.0587521 -0.411879
    outer loop
      vertex 25.645 0 -119.602
      vertex 25.98 -2.5 -119.985
      vertex 25.7105 -2.5 -119.39
    endloop
  endfacet
  facet normal -0.909146 0.0590374 -0.412272
    outer loop
      vertex 25.98 2.5 -119.985
      vertex 26.0453 2.5 -120.129
      vertex 25.98 0 -120.343
    endloop
  endfacet
  facet normal -0.909413 0.0589546 -0.411694
    outer loop
      vertex 25.98 0 -120.343
      vertex 26.315 2.5 -120.725
      vertex 26.315 0 -121.083
    endloop
  endfacet
  facet normal -0.909475 0.0589844 -0.411553
    outer loop
      vertex 26.315 2.5 -120.725
      vertex 25.98 0 -120.343
      vertex 26.0453 2.5 -120.129
    endloop
  endfacet
  facet normal -0.909146 -0.0590374 -0.412272
    outer loop
      vertex 25.98 0 -120.343
      vertex 26.0453 -2.5 -120.129
      vertex 25.98 -2.5 -119.985
    endloop
  endfacet
  facet normal -0.909413 -0.0589546 -0.411694
    outer loop
      vertex 26.315 -2.5 -120.725
      vertex 25.98 0 -120.343
      vertex 26.315 0 -121.083
    endloop
  endfacet
  facet normal -0.909475 -0.0589844 -0.411553
    outer loop
      vertex 25.98 0 -120.343
      vertex 26.315 -2.5 -120.725
      vertex 26.0453 -2.5 -120.129
    endloop
  endfacet
  facet normal -0.908529 0.0592279 -0.413603
    outer loop
      vertex 26.315 2.5 -120.725
      vertex 26.3801 2.5 -120.868
      vertex 26.315 0 -121.083
    endloop
  endfacet
  facet normal -0.909608 0.0592166 -0.411226
    outer loop
      vertex 26.315 0 -121.083
      vertex 26.65 2.5 -121.464
      vertex 26.65 0 -121.824
    endloop
  endfacet
  facet normal -0.909355 0.0590947 -0.411803
    outer loop
      vertex 26.65 2.5 -121.464
      vertex 26.315 0 -121.083
      vertex 26.3801 2.5 -120.868
    endloop
  endfacet
  facet normal -0.908529 -0.0592279 -0.413603
    outer loop
      vertex 26.315 0 -121.083
      vertex 26.3801 -2.5 -120.868
      vertex 26.315 -2.5 -120.725
    endloop
  endfacet
  facet normal -0.909608 -0.0592166 -0.411226
    outer loop
      vertex 26.65 -2.5 -121.464
      vertex 26.315 0 -121.083
      vertex 26.65 0 -121.824
    endloop
  endfacet
  facet normal -0.909355 -0.0590947 -0.411803
    outer loop
      vertex 26.315 0 -121.083
      vertex 26.65 -2.5 -121.464
      vertex 26.3801 -2.5 -120.868
    endloop
  endfacet
  facet normal -0.908998 0.0594065 -0.412545
    outer loop
      vertex 26.65 2.5 -121.464
      vertex 26.7149 2.5 -121.607
      vertex 26.65 0 -121.824
    endloop
  endfacet
  facet normal -0.909396 0.0592828 -0.411686
    outer loop
      vertex 26.65 0 -121.824
      vertex 26.985 2.5 -122.204
      vertex 26.985 0 -122.564
    endloop
  endfacet
  facet normal -0.909487 0.0593266 -0.411478
    outer loop
      vertex 26.985 2.5 -122.204
      vertex 26.65 0 -121.824
      vertex 26.7149 2.5 -121.607
    endloop
  endfacet
  facet normal -0.908998 -0.0594065 -0.412545
    outer loop
      vertex 26.65 0 -121.824
      vertex 26.7149 -2.5 -121.607
      vertex 26.65 -2.5 -121.464
    endloop
  endfacet
  facet normal -0.909396 -0.0592828 -0.411686
    outer loop
      vertex 26.985 -2.5 -122.204
      vertex 26.65 0 -121.824
      vertex 26.985 0 -122.564
    endloop
  endfacet
  facet normal -0.909487 -0.0593266 -0.411478
    outer loop
      vertex 26.65 0 -121.824
      vertex 26.985 -2.5 -122.204
      vertex 26.7149 -2.5 -121.607
    endloop
  endfacet
  facet normal -0.908375 0.0595997 -0.413887
    outer loop
      vertex 26.985 2.5 -122.204
      vertex 27.0497 2.5 -122.346
      vertex 26.985 0 -122.564
    endloop
  endfacet
  facet normal -0.90959 0.0595444 -0.411218
    outer loop
      vertex 26.985 0 -122.564
      vertex 27.32 2.5 -122.943
      vertex 27.32 0 -123.305
    endloop
  endfacet
  facet normal -0.909366 0.0594371 -0.411728
    outer loop
      vertex 27.32 2.5 -122.943
      vertex 26.985 0 -122.564
      vertex 27.0497 2.5 -122.346
    endloop
  endfacet
  facet normal -0.908375 -0.0595997 -0.413887
    outer loop
      vertex 26.985 0 -122.564
      vertex 27.0497 -2.5 -122.346
      vertex 26.985 -2.5 -122.204
    endloop
  endfacet
  facet normal -0.90959 -0.0595444 -0.411218
    outer loop
      vertex 27.32 -2.5 -122.943
      vertex 26.985 0 -122.564
      vertex 27.32 0 -123.305
    endloop
  endfacet
  facet normal -0.909366 -0.0594371 -0.411728
    outer loop
      vertex 26.985 0 -122.564
      vertex 27.32 -2.5 -122.943
      vertex 27.0497 -2.5 -122.346
    endloop
  endfacet
  facet normal -0.908848 0.0597766 -0.412822
    outer loop
      vertex 27.32 2.5 -122.943
      vertex 27.3845 2.5 -123.085
      vertex 27.32 0 -123.305
    endloop
  endfacet
  facet normal -0.909378 0.0596109 -0.411678
    outer loop
      vertex 27.32 0 -123.305
      vertex 27.655 2.5 -123.683
      vertex 27.655 0 -124.045
    endloop
  endfacet
  facet normal -0.909498 0.0596686 -0.411403
    outer loop
      vertex 27.655 2.5 -123.683
      vertex 27.32 0 -123.305
      vertex 27.3845 2.5 -123.085
    endloop
  endfacet
  facet normal -0.908848 -0.0597766 -0.412822
    outer loop
      vertex 27.32 0 -123.305
      vertex 27.3845 -2.5 -123.085
      vertex 27.32 -2.5 -122.943
    endloop
  endfacet
  facet normal -0.909378 -0.0596109 -0.411678
    outer loop
      vertex 27.655 -2.5 -123.683
      vertex 27.32 0 -123.305
      vertex 27.655 0 -124.045
    endloop
  endfacet
  facet normal -0.909498 -0.0596686 -0.411403
    outer loop
      vertex 27.32 0 -123.305
      vertex 27.655 -2.5 -123.683
      vertex 27.3845 -2.5 -123.085
    endloop
  endfacet
  facet normal -0.90822 0.0599724 -0.414174
    outer loop
      vertex 27.655 2.5 -123.683
      vertex 27.7193 2.5 -123.824
      vertex 27.655 0 -124.045
    endloop
  endfacet
  facet normal -0.909572 0.0598722 -0.41121
    outer loop
      vertex 27.655 0 -124.045
      vertex 27.99 2.5 -124.422
      vertex 27.99 0 -124.786
    endloop
  endfacet
  facet normal -0.909378 0.0597793 -0.411653
    outer loop
      vertex 27.99 2.5 -124.422
      vertex 27.655 0 -124.045
      vertex 27.7193 2.5 -123.824
    endloop
  endfacet
  facet normal -0.90822 -0.0599724 -0.414174
    outer loop
      vertex 27.655 0 -124.045
      vertex 27.7193 -2.5 -123.824
      vertex 27.655 -2.5 -123.683
    endloop
  endfacet
  facet normal -0.909572 -0.0598722 -0.41121
    outer loop
      vertex 27.99 -2.5 -124.422
      vertex 27.655 0 -124.045
      vertex 27.99 0 -124.786
    endloop
  endfacet
  facet normal -0.909378 -0.0597793 -0.411653
    outer loop
      vertex 27.655 0 -124.045
      vertex 27.99 -2.5 -124.422
      vertex 27.7193 -2.5 -123.824
    endloop
  endfacet
  facet normal -0.908696 0.0601477 -0.413102
    outer loop
      vertex 27.99 2.5 -124.422
      vertex 28.0541 2.5 -124.563
      vertex 27.99 0 -124.786
    endloop
  endfacet
  facet normal -0.909351 0.0601032 -0.411666
    outer loop
      vertex 27.99 0 -124.786
      vertex 28.325 2.5 -125.161
      vertex 28.325 0 -125.526
    endloop
  endfacet
  facet normal -0.909249 0.0600545 -0.411899
    outer loop
      vertex 28.325 2.5 -125.161
      vertex 27.99 0 -124.786
      vertex 28.0541 2.5 -124.563
    endloop
  endfacet
  facet normal -0.908696 -0.0601477 -0.413102
    outer loop
      vertex 27.99 0 -124.786
      vertex 28.0541 -2.5 -124.563
      vertex 27.99 -2.5 -124.422
    endloop
  endfacet
  facet normal -0.909351 -0.0601032 -0.411666
    outer loop
      vertex 28.325 -2.5 -125.161
      vertex 27.99 0 -124.786
      vertex 28.325 0 -125.526
    endloop
  endfacet
  facet normal -0.909249 -0.0600545 -0.411899
    outer loop
      vertex 27.99 0 -124.786
      vertex 28.325 -2.5 -125.161
      vertex 28.0541 -2.5 -124.563
    endloop
  endfacet
  facet normal -0.909181 0.0601568 -0.412033
    outer loop
      vertex 28.325 2.5 -125.161
      vertex 28.3889 2.5 -125.302
      vertex 28.325 0 -125.526
    endloop
  endfacet
  facet normal -0.909554 0.0602 -0.411202
    outer loop
      vertex 28.325 0 -125.526
      vertex 28.66 2.5 -125.901
      vertex 28.66 0 -126.267
    endloop
  endfacet
  facet normal -0.909389 0.0601214 -0.411578
    outer loop
      vertex 28.66 2.5 -125.901
      vertex 28.325 0 -125.526
      vertex 28.3889 2.5 -125.302
    endloop
  endfacet
  facet normal -0.909181 -0.0601568 -0.412033
    outer loop
      vertex 28.325 0 -125.526
      vertex 28.3889 -2.5 -125.302
      vertex 28.325 -2.5 -125.161
    endloop
  endfacet
  facet normal -0.909554 -0.0602 -0.411202
    outer loop
      vertex 28.66 -2.5 -125.901
      vertex 28.325 0 -125.526
      vertex 28.66 0 -126.267
    endloop
  endfacet
  facet normal -0.909389 -0.0601214 -0.411578
    outer loop
      vertex 28.325 0 -125.526
      vertex 28.66 -2.5 -125.901
      vertex 28.3889 -2.5 -125.302
    endloop
  endfacet
  facet normal -0.908542 0.0605198 -0.413387
    outer loop
      vertex 28.66 2.5 -125.901
      vertex 28.7237 2.5 -126.041
      vertex 28.66 0 -126.267
    endloop
  endfacet
  facet normal -0.909333 0.0604313 -0.411657
    outer loop
      vertex 28.66 0 -126.267
      vertex 28.995 2.5 -126.64
      vertex 28.995 0 -127.007
    endloop
  endfacet
  facet normal -0.90926 0.0603968 -0.411823
    outer loop
      vertex 28.995 2.5 -126.64
      vertex 28.66 0 -126.267
      vertex 28.7237 2.5 -126.041
    endloop
  endfacet
  facet normal -0.908542 -0.0605198 -0.413387
    outer loop
      vertex 28.66 0 -126.267
      vertex 28.7237 -2.5 -126.041
      vertex 28.66 -2.5 -125.901
    endloop
  endfacet
  facet normal -0.909333 -0.0604313 -0.411657
    outer loop
      vertex 28.995 -2.5 -126.64
      vertex 28.66 0 -126.267
      vertex 28.995 0 -127.007
    endloop
  endfacet
  facet normal -0.90926 -0.0603968 -0.411823
    outer loop
      vertex 28.66 0 -126.267
      vertex 28.995 -2.5 -126.64
      vertex 28.7237 -2.5 -126.041
    endloop
  endfacet
  facet normal -0.909031 0.0605272 -0.41231
    outer loop
      vertex 28.995 2.5 -126.64
      vertex 29.0585 2.5 -126.78
      vertex 28.995 0 -127.007
    endloop
  endfacet
  facet normal -0.909536 0.0605277 -0.411194
    outer loop
      vertex 28.995 0 -127.007
      vertex 29.33 2.5 -127.38
      vertex 29.33 0 -127.748
    endloop
  endfacet
  facet normal -0.9094 0.0604633 -0.411504
    outer loop
      vertex 29.33 2.5 -127.38
      vertex 28.995 0 -127.007
      vertex 29.0585 2.5 -126.78
    endloop
  endfacet
  facet normal -0.909031 -0.0605272 -0.41231
    outer loop
      vertex 28.995 0 -127.007
      vertex 29.0585 -2.5 -126.78
      vertex 28.995 -2.5 -126.64
    endloop
  endfacet
  facet normal -0.909536 -0.0605277 -0.411194
    outer loop
      vertex 29.33 -2.5 -127.38
      vertex 28.995 0 -127.007
      vertex 29.33 0 -127.748
    endloop
  endfacet
  facet normal -0.9094 -0.0604633 -0.411504
    outer loop
      vertex 28.995 0 -127.007
      vertex 29.33 -2.5 -127.38
      vertex 29.0585 -2.5 -126.78
    endloop
  endfacet
  facet normal -0.908386 0.060893 -0.413675
    outer loop
      vertex 29.33 2.5 -127.38
      vertex 29.3933 2.5 -127.519
      vertex 29.33 0 -127.748
    endloop
  endfacet
  facet normal -0.909315 0.0607594 -0.411649
    outer loop
      vertex 29.33 0 -127.748
      vertex 29.665 2.5 -128.119
      vertex 29.665 0 -128.488
    endloop
  endfacet
  facet normal -0.909271 0.0607389 -0.411748
    outer loop
      vertex 29.665 2.5 -128.119
      vertex 29.33 0 -127.748
      vertex 29.3933 2.5 -127.519
    endloop
  endfacet
  facet normal -0.908386 -0.060893 -0.413675
    outer loop
      vertex 29.33 0 -127.748
      vertex 29.3933 -2.5 -127.519
      vertex 29.33 -2.5 -127.38
    endloop
  endfacet
  facet normal -0.909315 -0.0607594 -0.411649
    outer loop
      vertex 29.665 -2.5 -128.119
      vertex 29.33 0 -127.748
      vertex 29.665 0 -128.488
    endloop
  endfacet
  facet normal -0.909271 -0.0607389 -0.411748
    outer loop
      vertex 29.33 0 -127.748
      vertex 29.665 -2.5 -128.119
      vertex 29.3933 -2.5 -127.519
    endloop
  endfacet
  facet normal -0.908878 0.0608985 -0.412591
    outer loop
      vertex 29.665 2.5 -128.119
      vertex 29.7281 2.5 -128.258
      vertex 29.665 0 -128.488
    endloop
  endfacet
  facet normal -0.909518 0.0608555 -0.411186
    outer loop
      vertex 29.665 0 -128.488
      vertex 30 2.5 -128.859
      vertex 30 0 -129.229
    endloop
  endfacet
  facet normal -0.909411 0.060805 -0.411429
    outer loop
      vertex 30 2.5 -128.859
      vertex 29.665 0 -128.488
      vertex 29.7281 2.5 -128.258
    endloop
  endfacet
  facet normal -0.908878 -0.0608985 -0.412591
    outer loop
      vertex 29.665 0 -128.488
      vertex 29.7281 -2.5 -128.258
      vertex 29.665 -2.5 -128.119
    endloop
  endfacet
  facet normal -0.909518 -0.0608555 -0.411186
    outer loop
      vertex 30 -2.5 -128.859
      vertex 29.665 0 -128.488
      vertex 30 0 -129.229
    endloop
  endfacet
  facet normal -0.909411 -0.060805 -0.411429
    outer loop
      vertex 29.665 0 -128.488
      vertex 30 -2.5 -128.859
      vertex 29.7281 -2.5 -128.258
    endloop
  endfacet
  facet normal -0.908228 0.0612672 -0.413967
    outer loop
      vertex 30 2.5 -128.859
      vertex 30.0629 2.5 -128.997
      vertex 30 0 -129.229
    endloop
  endfacet
  facet normal -0.909296 0.0610875 -0.411641
    outer loop
      vertex 30 0 -129.229
      vertex 30.335 2.5 -129.598
      vertex 30.335 0 -129.969
    endloop
  endfacet
  facet normal -0.909282 0.0610808 -0.411673
    outer loop
      vertex 30.335 2.5 -129.598
      vertex 30 0 -129.229
      vertex 30.0629 2.5 -128.997
    endloop
  endfacet
  facet normal -0.908228 -0.0612672 -0.413967
    outer loop
      vertex 30 0 -129.229
      vertex 30.0629 -2.5 -128.997
      vertex 30 -2.5 -128.859
    endloop
  endfacet
  facet normal -0.909296 -0.0610875 -0.411641
    outer loop
      vertex 30.335 -2.5 -129.598
      vertex 30 0 -129.229
      vertex 30.335 0 -129.969
    endloop
  endfacet
  facet normal -0.909282 -0.0610808 -0.411673
    outer loop
      vertex 30 0 -129.229
      vertex 30.335 -2.5 -129.598
      vertex 30.0629 -2.5 -128.997
    endloop
  endfacet
  facet normal -0.908724 0.0612709 -0.412877
    outer loop
      vertex 30.335 2.5 -129.598
      vertex 30.3977 2.5 -129.736
      vertex 30.335 0 -129.969
    endloop
  endfacet
  facet normal -0.909296 0.0610875 -0.411641
    outer loop
      vertex 30.335 0 -129.969
      vertex 30.67 2.5 -130.338
      vertex 30.67 0 -130.709
    endloop
  endfacet
  facet normal -0.909422 0.0611466 -0.411355
    outer loop
      vertex 30.67 2.5 -130.338
      vertex 30.335 0 -129.969
      vertex 30.3977 2.5 -129.736
    endloop
  endfacet
  facet normal -0.908724 -0.0612709 -0.412877
    outer loop
      vertex 30.335 0 -129.969
      vertex 30.3977 -2.5 -129.736
      vertex 30.335 -2.5 -129.598
    endloop
  endfacet
  facet normal -0.909296 -0.0610875 -0.411641
    outer loop
      vertex 30.67 -2.5 -130.338
      vertex 30.335 0 -129.969
      vertex 30.67 0 -130.709
    endloop
  endfacet
  facet normal -0.909422 -0.0611466 -0.411355
    outer loop
      vertex 30.335 0 -129.969
      vertex 30.67 -2.5 -130.338
      vertex 30.3977 -2.5 -129.736
    endloop
  endfacet
  facet normal -0.908076 0.0614774 -0.414268
    outer loop
      vertex 30.67 2.5 -130.338
      vertex 30.7325 2.5 -130.475
      vertex 30.67 0 -130.709
    endloop
  endfacet
  facet normal -0.909491 0.061347 -0.411173
    outer loop
      vertex 30.67 0 -130.709
      vertex 31.005 2.5 -131.077
      vertex 31.005 0 -131.45
    endloop
  endfacet
  facet normal -0.909302 0.0612586 -0.411603
    outer loop
      vertex 31.005 2.5 -131.077
      vertex 30.67 0 -130.709
      vertex 30.7325 2.5 -130.475
    endloop
  endfacet
  facet normal -0.908076 -0.0614774 -0.414268
    outer loop
      vertex 30.67 0 -130.709
      vertex 30.7325 -2.5 -130.475
      vertex 30.67 -2.5 -130.338
    endloop
  endfacet
  facet normal -0.909491 -0.061347 -0.411173
    outer loop
      vertex 31.005 -2.5 -131.077
      vertex 30.67 0 -130.709
      vertex 31.005 0 -131.45
    endloop
  endfacet
  facet normal -0.909302 -0.0612586 -0.411603
    outer loop
      vertex 30.67 0 -130.709
      vertex 31.005 -2.5 -131.077
      vertex 30.7325 -2.5 -130.475
    endloop
  endfacet
  facet normal -0.908567 0.0616443 -0.413166
    outer loop
      vertex 31.005 2.5 -131.077
      vertex 31.0673 2.5 -131.214
      vertex 31.005 0 -131.45
    endloop
  endfacet
  facet normal -0.909278 0.0614156 -0.411633
    outer loop
      vertex 31.005 0 -131.45
      vertex 31.34 2.5 -131.817
      vertex 31.34 0 -132.19
    endloop
  endfacet
  facet normal -0.909432 0.061488 -0.411281
    outer loop
      vertex 31.34 2.5 -131.817
      vertex 31.005 0 -131.45
      vertex 31.0673 2.5 -131.214
    endloop
  endfacet
  facet normal -0.908567 -0.0616443 -0.413166
    outer loop
      vertex 31.005 0 -131.45
      vertex 31.0673 -2.5 -131.214
      vertex 31.005 -2.5 -131.077
    endloop
  endfacet
  facet normal -0.909278 -0.0614156 -0.411633
    outer loop
      vertex 31.34 -2.5 -131.817
      vertex 31.005 0 -131.45
      vertex 31.34 0 -132.19
    endloop
  endfacet
  facet normal -0.909432 -0.061488 -0.411281
    outer loop
      vertex 31.005 0 -131.45
      vertex 31.34 -2.5 -131.817
      vertex 31.0673 -2.5 -131.214
    endloop
  endfacet
  facet normal -0.907913 0.0618537 -0.414569
    outer loop
      vertex 31.34 2.5 -131.817
      vertex 31.4021 2.5 -131.953
      vertex 31.34 0 -132.19
    endloop
  endfacet
  facet normal -0.909472 0.0616747 -0.411165
    outer loop
      vertex 31.34 0 -132.19
      vertex 31.675 2.5 -132.556
      vertex 31.675 0 -132.931
    endloop
  endfacet
  facet normal -0.909313 0.0616002 -0.411528
    outer loop
      vertex 31.675 2.5 -132.556
      vertex 31.34 0 -132.19
      vertex 31.4021 2.5 -131.953
    endloop
  endfacet
  facet normal -0.907913 -0.0618537 -0.414569
    outer loop
      vertex 31.34 0 -132.19
      vertex 31.4021 -2.5 -131.953
      vertex 31.34 -2.5 -131.817
    endloop
  endfacet
  facet normal -0.909472 -0.0616747 -0.411165
    outer loop
      vertex 31.675 -2.5 -132.556
      vertex 31.34 0 -132.19
      vertex 31.675 0 -132.931
    endloop
  endfacet
  facet normal -0.909313 -0.0616002 -0.411528
    outer loop
      vertex 31.34 0 -132.19
      vertex 31.675 -2.5 -132.556
      vertex 31.4021 -2.5 -131.953
    endloop
  endfacet
  facet normal -0.908408 0.0620189 -0.413459
    outer loop
      vertex 31.675 2.5 -132.556
      vertex 31.7369 2.5 -132.692
      vertex 31.675 0 -132.931
    endloop
  endfacet
  facet normal -0.90926 0.0617436 -0.411624
    outer loop
      vertex 31.675 0 -132.931
      vertex 32.01 2.5 -133.296
      vertex 32.01 0 -133.671
    endloop
  endfacet
  facet normal -0.909443 0.0618292 -0.411207
    outer loop
      vertex 32.01 2.5 -133.296
      vertex 31.675 0 -132.931
      vertex 31.7369 2.5 -132.692
    endloop
  endfacet
  facet normal -0.908408 -0.0620189 -0.413459
    outer loop
      vertex 31.675 0 -132.931
      vertex 31.7369 -2.5 -132.692
      vertex 31.675 -2.5 -132.556
    endloop
  endfacet
  facet normal -0.90926 -0.0617436 -0.411624
    outer loop
      vertex 32.01 -2.5 -133.296
      vertex 31.675 0 -132.931
      vertex 32.01 0 -133.671
    endloop
  endfacet
  facet normal -0.909443 -0.0618292 -0.411207
    outer loop
      vertex 31.675 0 -132.931
      vertex 32.01 -2.5 -133.296
      vertex 31.7369 -2.5 -132.692
    endloop
  endfacet
  facet normal -0.907748 0.0622312 -0.414874
    outer loop
      vertex 32.01 2.5 -133.296
      vertex 32.0717 2.5 -133.431
      vertex 32.01 0 -133.671
    endloop
  endfacet
  facet normal -0.909454 0.0620024 -0.411157
    outer loop
      vertex 32.01 0 -133.671
      vertex 32.345 2.5 -134.035
      vertex 32.345 0 -134.412
    endloop
  endfacet
  facet normal -0.909323 0.0619417 -0.411454
    outer loop
      vertex 32.345 2.5 -134.035
      vertex 32.01 0 -133.671
      vertex 32.0717 2.5 -133.431
    endloop
  endfacet
  facet normal -0.907748 -0.0622312 -0.414874
    outer loop
      vertex 32.01 0 -133.671
      vertex 32.0717 -2.5 -133.431
      vertex 32.01 -2.5 -133.296
    endloop
  endfacet
  facet normal -0.909454 -0.0620024 -0.411157
    outer loop
      vertex 32.345 -2.5 -134.035
      vertex 32.01 0 -133.671
      vertex 32.345 0 -134.412
    endloop
  endfacet
  facet normal -0.909323 -0.0619417 -0.411454
    outer loop
      vertex 32.01 0 -133.671
      vertex 32.345 -2.5 -134.035
      vertex 32.0717 -2.5 -133.431
    endloop
  endfacet
  facet normal -0.909414 0.0620153 -0.411242
    outer loop
      vertex 32.345 2.5 -134.035
      vertex 32.4065 2.5 -134.171
      vertex 32.345 0 -134.412
    endloop
  endfacet
  facet normal -0.909241 0.0620717 -0.411616
    outer loop
      vertex 32.345 0 -134.412
      vertex 32.68 2.5 -134.775
      vertex 32.68 0 -135.152
    endloop
  endfacet
  facet normal -0.909204 0.0620544 -0.411701
    outer loop
      vertex 32.68 2.5 -134.775
      vertex 32.345 0 -134.412
      vertex 32.4065 2.5 -134.171
    endloop
  endfacet
  facet normal -0.909414 -0.0620153 -0.411242
    outer loop
      vertex 32.345 0 -134.412
      vertex 32.4065 -2.5 -134.171
      vertex 32.345 -2.5 -134.035
    endloop
  endfacet
  facet normal -0.909241 -0.0620717 -0.411616
    outer loop
      vertex 32.68 -2.5 -134.775
      vertex 32.345 0 -134.412
      vertex 32.68 0 -135.152
    endloop
  endfacet
  facet normal -0.909204 -0.0620544 -0.411701
    outer loop
      vertex 32.345 0 -134.412
      vertex 32.68 -2.5 -134.775
      vertex 32.4065 -2.5 -134.171
    endloop
  endfacet
  facet normal -0.908505 0.0623108 -0.413202
    outer loop
      vertex 32.68 2.5 -134.775
      vertex 32.7414 2.5 -134.91
      vertex 32.68 0 -135.152
    endloop
  endfacet
  facet normal -0.909444 0.0621662 -0.411152
    outer loop
      vertex 32.68 0 -135.152
      vertex 33.015 2.5 -135.515
      vertex 33.015 0 -135.893
    endloop
  endfacet
  facet normal -0.909398 0.0621446 -0.411258
    outer loop
      vertex 33.015 2.5 -135.515
      vertex 32.68 0 -135.152
      vertex 32.7414 2.5 -134.91
    endloop
  endfacet
  facet normal -0.908505 -0.0623108 -0.413202
    outer loop
      vertex 32.68 0 -135.152
      vertex 32.7414 -2.5 -134.91
      vertex 32.68 -2.5 -134.775
    endloop
  endfacet
  facet normal -0.909444 -0.0621662 -0.411152
    outer loop
      vertex 33.015 -2.5 -135.515
      vertex 32.68 0 -135.152
      vertex 33.015 0 -135.893
    endloop
  endfacet
  facet normal -0.909398 -0.0621446 -0.411258
    outer loop
      vertex 32.68 0 -135.152
      vertex 33.015 -2.5 -135.515
      vertex 32.7414 -2.5 -134.91
    endloop
  endfacet
  facet normal -0.907832 0.0626908 -0.414622
    outer loop
      vertex 33.015 2.5 -135.515
      vertex 33.0762 2.5 -135.649
      vertex 33.015 0 -135.893
    endloop
  endfacet
  facet normal -0.909223 0.0623997 -0.411607
    outer loop
      vertex 33.015 0 -135.893
      vertex 33.35 2.5 -136.254
      vertex 33.35 0 -136.633
    endloop
  endfacet
  facet normal -0.909269 0.0624214 -0.411501
    outer loop
      vertex 33.35 2.5 -136.254
      vertex 33.015 0 -135.893
      vertex 33.0762 2.5 -135.649
    endloop
  endfacet
  facet normal -0.907832 -0.0626908 -0.414622
    outer loop
      vertex 33.015 0 -135.893
      vertex 33.0762 -2.5 -135.649
      vertex 33.015 -2.5 -135.515
    endloop
  endfacet
  facet normal -0.909223 -0.0623997 -0.411607
    outer loop
      vertex 33.35 -2.5 -136.254
      vertex 33.015 0 -135.893
      vertex 33.35 0 -136.633
    endloop
  endfacet
  facet normal -0.909269 -0.0624214 -0.411501
    outer loop
      vertex 33.015 0 -135.893
      vertex 33.35 -2.5 -136.254
      vertex 33.0762 -2.5 -135.649
    endloop
  endfacet
  facet normal -0.908344 0.0626866 -0.4135
    outer loop
      vertex 33.35 2.5 -136.254
      vertex 33.411 2.5 -136.388
      vertex 33.35 0 -136.633
    endloop
  endfacet
  facet normal -0.909426 0.0624939 -0.411144
    outer loop
      vertex 33.35 0 -136.633
      vertex 33.685 2.5 -136.994
      vertex 33.685 0 -137.374
    endloop
  endfacet
  facet normal -0.909408 0.0624856 -0.411184
    outer loop
      vertex 33.685 2.5 -136.994
      vertex 33.35 0 -136.633
      vertex 33.411 2.5 -136.388
    endloop
  endfacet
  facet normal -0.908344 -0.0626866 -0.4135
    outer loop
      vertex 33.35 0 -136.633
      vertex 33.411 -2.5 -136.388
      vertex 33.35 -2.5 -136.254
    endloop
  endfacet
  facet normal -0.909426 -0.0624939 -0.411144
    outer loop
      vertex 33.685 -2.5 -136.994
      vertex 33.35 0 -136.633
      vertex 33.685 0 -137.374
    endloop
  endfacet
  facet normal -0.909408 -0.0624856 -0.411184
    outer loop
      vertex 33.35 0 -136.633
      vertex 33.685 -2.5 -136.994
      vertex 33.411 -2.5 -136.388
    endloop
  endfacet
  facet normal -0.907664 0.0630697 -0.414932
    outer loop
      vertex 33.685 2.5 -136.994
      vertex 33.7458 2.5 -137.127
      vertex 33.685 0 -137.374
    endloop
  endfacet
  facet normal -0.909204 0.0627277 -0.411599
    outer loop
      vertex 33.685 0 -137.374
      vertex 34.02 2.5 -137.733
      vertex 34.02 0 -138.114
    endloop
  endfacet
  facet normal -0.909279 0.0627626 -0.411426
    outer loop
      vertex 34.02 2.5 -137.733
      vertex 33.685 0 -137.374
      vertex 33.7458 2.5 -137.127
    endloop
  endfacet
  facet normal -0.907664 -0.0630697 -0.414932
    outer loop
      vertex 33.685 0 -137.374
      vertex 33.7458 -2.5 -137.127
      vertex 33.685 -2.5 -136.994
    endloop
  endfacet
  facet normal -0.909204 -0.0627277 -0.411599
    outer loop
      vertex 34.02 -2.5 -137.733
      vertex 33.685 0 -137.374
      vertex 34.02 0 -138.114
    endloop
  endfacet
  facet normal -0.909279 -0.0627626 -0.411426
    outer loop
      vertex 33.685 0 -137.374
      vertex 34.02 -2.5 -137.733
      vertex 33.7458 -2.5 -137.127
    endloop
  endfacet
  facet normal -0.90818 0.0630635 -0.413802
    outer loop
      vertex 34.02 2.5 -137.733
      vertex 34.0806 2.5 -137.866
      vertex 34.02 0 -138.114
    endloop
  endfacet
  facet normal -0.909407 0.0628215 -0.411135
    outer loop
      vertex 34.02 0 -138.114
      vertex 34.355 2.5 -138.473
      vertex 34.355 0 -138.855
    endloop
  endfacet
  facet normal -0.909418 0.0628265 -0.411111
    outer loop
      vertex 34.355 2.5 -138.473
      vertex 34.02 0 -138.114
      vertex 34.0806 2.5 -137.866
    endloop
  endfacet
  facet normal -0.90818 -0.0630635 -0.413802
    outer loop
      vertex 34.02 0 -138.114
      vertex 34.0806 -2.5 -137.866
      vertex 34.02 -2.5 -137.733
    endloop
  endfacet
  facet normal -0.909407 -0.0628215 -0.411135
    outer loop
      vertex 34.355 -2.5 -138.473
      vertex 34.02 0 -138.114
      vertex 34.355 0 -138.855
    endloop
  endfacet
  facet normal -0.909418 -0.0628265 -0.411111
    outer loop
      vertex 34.02 0 -138.114
      vertex 34.355 -2.5 -138.473
      vertex 34.0806 -2.5 -137.866
    endloop
  endfacet
  facet normal -0.908433 0.0631422 -0.413235
    outer loop
      vertex 34.355 2.5 -138.473
      vertex 34.4155 2.5 -138.606
      vertex 34.355 0 -138.855
    endloop
  endfacet
  facet normal -0.909185 0.0630557 -0.41159
    outer loop
      vertex 34.355 0 -138.855
      vertex 34.69 2.5 -139.212
      vertex 34.69 0 -139.595
    endloop
  endfacet
  facet normal -0.909096 0.0630147 -0.411793
    outer loop
      vertex 34.69 2.5 -139.212
      vertex 34.355 0 -138.855
      vertex 34.4155 2.5 -138.606
    endloop
  endfacet
  facet normal -0.908433 -0.0631422 -0.413235
    outer loop
      vertex 34.355 0 -138.855
      vertex 34.4155 -2.5 -138.606
      vertex 34.355 -2.5 -138.473
    endloop
  endfacet
  facet normal -0.909185 -0.0630557 -0.41159
    outer loop
      vertex 34.69 -2.5 -139.212
      vertex 34.355 0 -138.855
      vertex 34.69 0 -139.595
    endloop
  endfacet
  facet normal -0.909096 -0.0630147 -0.411793
    outer loop
      vertex 34.355 0 -138.855
      vertex 34.69 -2.5 -139.212
      vertex 34.4155 -2.5 -138.606
    endloop
  endfacet
  facet normal -0.908948 0.063134 -0.412102
    outer loop
      vertex 34.69 2.5 -139.212
      vertex 34.7503 2.5 -139.345
      vertex 34.69 0 -139.595
    endloop
  endfacet
  facet normal -0.909388 0.0631491 -0.411127
    outer loop
      vertex 34.69 0 -139.595
      vertex 35.025 2.5 -139.952
      vertex 35.025 0 -140.336
    endloop
  endfacet
  facet normal -0.909235 0.0630785 -0.411477
    outer loop
      vertex 35.025 2.5 -139.952
      vertex 34.69 0 -139.595
      vertex 34.7503 2.5 -139.345
    endloop
  endfacet
  facet normal -0.908948 -0.063134 -0.412102
    outer loop
      vertex 34.69 0 -139.595
      vertex 34.7503 -2.5 -139.345
      vertex 34.69 -2.5 -139.212
    endloop
  endfacet
  facet normal -0.909388 -0.0631491 -0.411127
    outer loop
      vertex 35.025 -2.5 -139.952
      vertex 34.69 0 -139.595
      vertex 35.025 0 -140.336
    endloop
  endfacet
  facet normal -0.909235 -0.0630785 -0.411477
    outer loop
      vertex 34.69 0 -139.595
      vertex 35.025 -2.5 -139.952
      vertex 34.7503 -2.5 -139.345
    endloop
  endfacet
  facet normal -0.908269 0.0635194 -0.413537
    outer loop
      vertex 35.025 2.5 -139.952
      vertex 35.0851 2.5 -140.084
      vertex 35.025 0 -140.336
    endloop
  endfacet
  facet normal -0.909175 0.0632196 -0.411586
    outer loop
      vertex 35.025 0 -140.336
      vertex 35.36 2.5 -140.692
      vertex 35.36 0 -141.076
    endloop
  endfacet
  facet normal -0.909363 0.0633058 -0.411158
    outer loop
      vertex 35.36 2.5 -140.692
      vertex 35.025 0 -140.336
      vertex 35.0851 2.5 -140.084
    endloop
  endfacet
  facet normal -0.908269 -0.0635194 -0.413537
    outer loop
      vertex 35.025 0 -140.336
      vertex 35.0851 -2.5 -140.084
      vertex 35.025 -2.5 -139.952
    endloop
  endfacet
  facet normal -0.909175 -0.0632196 -0.411586
    outer loop
      vertex 35.36 -2.5 -140.692
      vertex 35.025 0 -140.336
      vertex 35.36 0 -141.076
    endloop
  endfacet
  facet normal -0.909363 -0.0633058 -0.411158
    outer loop
      vertex 35.025 0 -140.336
      vertex 35.36 -2.5 -140.692
      vertex 35.0851 -2.5 -140.084
    endloop
  endfacet
  facet normal -0.907587 0.0637434 -0.414996
    outer loop
      vertex 35.36 2.5 -140.692
      vertex 35.4199 2.5 -140.823
      vertex 35.36 0 -141.076
    endloop
  endfacet
  facet normal -0.909369 0.0634767 -0.411118
    outer loop
      vertex 35.36 0 -141.076
      vertex 35.695 2.5 -141.431
      vertex 35.695 0 -141.817
    endloop
  endfacet
  facet normal -0.909244 0.0634195 -0.411403
    outer loop
      vertex 35.695 2.5 -141.431
      vertex 35.36 0 -141.076
      vertex 35.4199 2.5 -140.823
    endloop
  endfacet
  facet normal -0.907587 -0.0637434 -0.414996
    outer loop
      vertex 35.36 0 -141.076
      vertex 35.4199 -2.5 -140.823
      vertex 35.36 -2.5 -140.692
    endloop
  endfacet
  facet normal -0.909369 -0.0634767 -0.411118
    outer loop
      vertex 35.695 -2.5 -141.431
      vertex 35.36 0 -141.076
      vertex 35.695 0 -141.817
    endloop
  endfacet
  facet normal -0.909244 -0.0634195 -0.411403
    outer loop
      vertex 35.36 0 -141.076
      vertex 35.695 -2.5 -141.431
      vertex 35.4199 -2.5 -140.823
    endloop
  endfacet
  facet normal -0.908102 0.0638977 -0.413845
    outer loop
      vertex 35.695 2.5 -141.431
      vertex 35.7547 2.5 -141.562
      vertex 35.695 0 -141.817
    endloop
  endfacet
  facet normal -0.909036 0.0635876 -0.411837
    outer loop
      vertex 35.695 0 -141.817
      vertex 35.97 2.5 -142.038
      vertex 35.97 0 -142.424
    endloop
  endfacet
  facet normal -0.909284 0.0636641 -0.411279
    outer loop
      vertex 35.97 2.5 -142.038
      vertex 35.695 0 -141.817
      vertex 35.7547 2.5 -141.562
    endloop
  endfacet
  facet normal -0.908102 -0.0638977 -0.413845
    outer loop
      vertex 35.695 0 -141.817
      vertex 35.7547 -2.5 -141.562
      vertex 35.695 -2.5 -141.431
    endloop
  endfacet
  facet normal -0.909036 -0.0635876 -0.411837
    outer loop
      vertex 35.97 -2.5 -142.038
      vertex 35.695 0 -141.817
      vertex 35.97 0 -142.424
    endloop
  endfacet
  facet normal -0.909284 -0.0636641 -0.411279
    outer loop
      vertex 35.695 0 -141.817
      vertex 35.97 -2.5 -142.038
      vertex 35.7547 -2.5 -141.562
    endloop
  endfacet
  facet normal -1 0 0
    outer loop
      vertex 35.97 0 -142.424
      vertex 35.97 2.5 -142.114
      vertex 35.97 0 -142.5
    endloop
  endfacet
  facet normal -1 -0 0
    outer loop
      vertex 35.97 2.5 -142.114
      vertex 35.97 0 -142.424
      vertex 35.97 2.5 -142.038
    endloop
  endfacet
  facet normal -1 0 0
    outer loop
      vertex 35.97 -2.5 -142.114
      vertex 35.97 0 -142.424
      vertex 35.97 0 -142.5
    endloop
  endfacet
  facet normal -1 0 0
    outer loop
      vertex 35.97 0 -142.424
      vertex 35.97 -2.5 -142.114
      vertex 35.97 -2.5 -142.038
    endloop
  endfacet
  facet normal -0.838421 0.0831661 -0.53864
    outer loop
      vertex 35.97 2.5 -142.114
      vertex 36.0593 2.5 -142.253
      vertex 35.97 0 -142.5
    endloop
  endfacet
  facet normal -0.841872 0.0827669 -0.533292
    outer loop
      vertex 35.97 0 -142.5
      vertex 36.4717 2.5 -142.904
      vertex 36.4717 0 -143.292
    endloop
  endfacet
  facet normal -0.841862 0.0827622 -0.533309
    outer loop
      vertex 36.4717 2.5 -142.904
      vertex 35.97 0 -142.5
      vertex 36.0593 2.5 -142.253
    endloop
  endfacet
  facet normal -0.838421 -0.0831661 -0.53864
    outer loop
      vertex 35.97 0 -142.5
      vertex 36.0593 -2.5 -142.253
      vertex 35.97 -2.5 -142.114
    endloop
  endfacet
  facet normal -0.841872 -0.0827669 -0.533292
    outer loop
      vertex 36.4717 -2.5 -142.904
      vertex 35.97 0 -142.5
      vertex 36.4717 0 -143.292
    endloop
  endfacet
  facet normal -0.841862 -0.0827622 -0.533309
    outer loop
      vertex 35.97 0 -142.5
      vertex 36.4717 -2.5 -142.904
      vertex 36.0593 -2.5 -142.253
    endloop
  endfacet
  facet normal -0.838949 0.0834622 -0.537772
    outer loop
      vertex 36.4717 2.5 -142.904
      vertex 36.5608 2.5 -143.043
      vertex 36.4717 0 -143.292
    endloop
  endfacet
  facet normal -0.841596 0.0830414 -0.533685
    outer loop
      vertex 36.4717 0 -143.292
      vertex 36.9733 2.5 -143.694
      vertex 36.9733 0 -144.083
    endloop
  endfacet
  facet normal -0.841778 0.0831261 -0.533385
    outer loop
      vertex 36.9733 2.5 -143.694
      vertex 36.4717 0 -143.292
      vertex 36.5608 2.5 -143.043
    endloop
  endfacet
  facet normal -0.838949 -0.0834622 -0.537772
    outer loop
      vertex 36.4717 0 -143.292
      vertex 36.5608 -2.5 -143.043
      vertex 36.4717 -2.5 -142.904
    endloop
  endfacet
  facet normal -0.841596 -0.0830414 -0.533685
    outer loop
      vertex 36.9733 -2.5 -143.694
      vertex 36.4717 0 -143.292
      vertex 36.9733 0 -144.083
    endloop
  endfacet
  facet normal -0.841778 -0.0831261 -0.533385
    outer loop
      vertex 36.4717 0 -143.292
      vertex 36.9733 -2.5 -143.694
      vertex 36.5608 -2.5 -143.043
    endloop
  endfacet
  facet normal -0.838934 0.0836759 -0.537763
    outer loop
      vertex 36.9733 2.5 -143.694
      vertex 37.0624 2.5 -143.833
      vertex 36.9733 0 -144.083
    endloop
  endfacet
  facet normal -0.841828 0.0834025 -0.533264
    outer loop
      vertex 36.9733 0 -144.083
      vertex 37.475 2.5 -144.484
      vertex 37.475 0 -144.875
    endloop
  endfacet
  facet normal -0.841704 0.0833451 -0.533467
    outer loop
      vertex 37.475 2.5 -144.484
      vertex 36.9733 0 -144.083
      vertex 37.0624 2.5 -143.833
    endloop
  endfacet
  facet normal -0.838934 -0.0836759 -0.537763
    outer loop
      vertex 36.9733 0 -144.083
      vertex 37.0624 -2.5 -143.833
      vertex 36.9733 -2.5 -143.694
    endloop
  endfacet
  facet normal -0.841828 -0.0834025 -0.533264
    outer loop
      vertex 37.475 -2.5 -144.484
      vertex 36.9733 0 -144.083
      vertex 37.475 0 -144.875
    endloop
  endfacet
  facet normal -0.841704 -0.0833451 -0.533467
    outer loop
      vertex 36.9733 0 -144.083
      vertex 37.475 -2.5 -144.484
      vertex 37.0624 -2.5 -143.833
    endloop
  endfacet
  facet normal -0.839461 0.08397 -0.536893
    outer loop
      vertex 37.475 2.5 -144.484
      vertex 37.5639 2.5 -144.623
      vertex 37.475 0 -144.875
    endloop
  endfacet
  facet normal -0.841813 0.0836143 -0.533254
    outer loop
      vertex 37.475 0 -144.875
      vertex 37.9767 2.5 -145.275
      vertex 37.9767 0 -145.667
    endloop
  endfacet
  facet normal -0.841934 0.0836709 -0.533053
    outer loop
      vertex 37.9767 2.5 -145.275
      vertex 37.475 0 -144.875
      vertex 37.5639 2.5 -144.623
    endloop
  endfacet
  facet normal -0.839461 -0.08397 -0.536893
    outer loop
      vertex 37.475 0 -144.875
      vertex 37.5639 -2.5 -144.623
      vertex 37.475 -2.5 -144.484
    endloop
  endfacet
  facet normal -0.841813 -0.0836143 -0.533254
    outer loop
      vertex 37.9767 -2.5 -145.275
      vertex 37.475 0 -144.875
      vertex 37.9767 0 -145.667
    endloop
  endfacet
  facet normal -0.841934 -0.0836709 -0.533053
    outer loop
      vertex 37.475 0 -144.875
      vertex 37.9767 -2.5 -145.275
      vertex 37.5639 -2.5 -144.623
    endloop
  endfacet
  facet normal -0.838211 0.0844781 -0.538763
    outer loop
      vertex 37.9767 2.5 -145.275
      vertex 38.0654 2.5 -145.413
      vertex 37.9767 0 -145.667
    endloop
  endfacet
  facet normal -0.841536 0.0838893 -0.533647
    outer loop
      vertex 37.9767 0 -145.667
      vertex 38.4783 2.5 -146.065
      vertex 38.4783 0 -146.458
    endloop
  endfacet
  facet normal -0.84185 0.0840347 -0.533129
    outer loop
      vertex 38.4783 2.5 -146.065
      vertex 37.9767 0 -145.667
      vertex 38.0654 2.5 -145.413
    endloop
  endfacet
  facet normal -0.838211 -0.0844781 -0.538763
    outer loop
      vertex 37.9767 0 -145.667
      vertex 38.0654 -2.5 -145.413
      vertex 37.9767 -2.5 -145.275
    endloop
  endfacet
  facet normal -0.841536 -0.0838893 -0.533647
    outer loop
      vertex 38.4783 -2.5 -146.065
      vertex 37.9767 0 -145.667
      vertex 38.4783 0 -146.458
    endloop
  endfacet
  facet normal -0.84185 -0.0840347 -0.533129
    outer loop
      vertex 37.9767 0 -145.667
      vertex 38.4783 -2.5 -146.065
      vertex 38.0654 -2.5 -145.413
    endloop
  endfacet
  facet normal -0.838477 0.0846249 -0.538326
    outer loop
      vertex 38.4783 2.5 -146.065
      vertex 38.5669 2.5 -146.203
      vertex 38.4783 0 -146.458
    endloop
  endfacet
  facet normal -0.841767 0.0842497 -0.533226
    outer loop
      vertex 38.4783 0 -146.458
      vertex 38.98 2.5 -146.855
      vertex 38.98 0 -147.25
    endloop
  endfacet
  facet normal -0.84172 0.0842276 -0.533304
    outer loop
      vertex 38.98 2.5 -146.855
      vertex 38.4783 0 -146.458
      vertex 38.5669 2.5 -146.203
    endloop
  endfacet
  facet normal -0.838477 -0.0846249 -0.538326
    outer loop
      vertex 38.4783 0 -146.458
      vertex 38.5669 -2.5 -146.203
      vertex 38.4783 -2.5 -146.065
    endloop
  endfacet
  facet normal -0.841767 -0.0842497 -0.533226
    outer loop
      vertex 38.98 -2.5 -146.855
      vertex 38.4783 0 -146.458
      vertex 38.98 0 -147.25
    endloop
  endfacet
  facet normal -0.84172 -0.0842276 -0.533304
    outer loop
      vertex 38.4783 0 -146.458
      vertex 38.98 -2.5 -146.855
      vertex 38.5669 -2.5 -146.203
    endloop
  endfacet
  facet normal -0.838727 0.0849849 -0.537879
    outer loop
      vertex 38.98 2.5 -146.855
      vertex 39.0685 2.5 -146.993
      vertex 38.98 0 -147.25
    endloop
  endfacet
  facet normal -0.841737 0.0846732 -0.533206
    outer loop
      vertex 38.98 0 -147.25
      vertex 39.4817 2.5 -147.645
      vertex 39.4817 0 -148.042
    endloop
  endfacet
  facet normal -0.841633 0.0846251 -0.533378
    outer loop
      vertex 39.4817 2.5 -147.645
      vertex 38.98 0 -147.25
      vertex 39.0685 2.5 -146.993
    endloop
  endfacet
  facet normal -0.838727 -0.0849849 -0.537879
    outer loop
      vertex 38.98 0 -147.25
      vertex 39.0685 -2.5 -146.993
      vertex 38.98 -2.5 -146.855
    endloop
  endfacet
  facet normal -0.841737 -0.0846732 -0.533206
    outer loop
      vertex 39.4817 -2.5 -147.645
      vertex 38.98 0 -147.25
      vertex 39.4817 0 -148.042
    endloop
  endfacet
  facet normal -0.841633 -0.0846251 -0.533378
    outer loop
      vertex 38.98 0 -147.25
      vertex 39.4817 -2.5 -147.645
      vertex 39.0685 -2.5 -146.993
    endloop
  endfacet
  facet normal -0.839259 0.0852762 -0.537004
    outer loop
      vertex 39.4817 2.5 -147.645
      vertex 39.57 2.5 -147.783
      vertex 39.4817 0 -148.042
    endloop
  endfacet
  facet normal -0.841461 0.0849489 -0.533599
    outer loop
      vertex 39.4817 0 -148.042
      vertex 39.9833 2.5 -148.435
      vertex 39.9833 0 -148.833
    endloop
  endfacet
  facet normal -0.841548 0.0849893 -0.533454
    outer loop
      vertex 39.9833 2.5 -148.435
      vertex 39.4817 0 -148.042
      vertex 39.57 2.5 -147.783
    endloop
  endfacet
  facet normal -0.839259 -0.0852762 -0.537004
    outer loop
      vertex 39.4817 0 -148.042
      vertex 39.57 -2.5 -147.783
      vertex 39.4817 -2.5 -147.645
    endloop
  endfacet
  facet normal -0.841461 -0.0849489 -0.533599
    outer loop
      vertex 39.9833 -2.5 -148.435
      vertex 39.4817 0 -148.042
      vertex 39.9833 0 -148.833
    endloop
  endfacet
  facet normal -0.841548 -0.0849893 -0.533454
    outer loop
      vertex 39.4817 0 -148.042
      vertex 39.9833 -2.5 -148.435
      vertex 39.57 -2.5 -147.783
    endloop
  endfacet
  facet normal -0.839524 0.0854212 -0.536565
    outer loop
      vertex 39.9833 2.5 -148.435
      vertex 40.0715 2.5 -148.573
      vertex 39.9833 0 -148.833
    endloop
  endfacet
  facet normal -0.841691 0.0853084 -0.533177
    outer loop
      vertex 39.9833 0 -148.833
      vertex 40.485 2.5 -149.225
      vertex 40.485 0 -149.625
    endloop
  endfacet
  facet normal -0.841418 0.0851827 -0.533629
    outer loop
      vertex 40.485 2.5 -149.225
      vertex 39.9833 0 -148.833
      vertex 40.0715 2.5 -148.573
    endloop
  endfacet
  facet normal -0.839524 -0.0854212 -0.536565
    outer loop
      vertex 39.9833 0 -148.833
      vertex 40.0715 -2.5 -148.573
      vertex 39.9833 -2.5 -148.435
    endloop
  endfacet
  facet normal -0.841691 -0.0853084 -0.533177
    outer loop
      vertex 40.485 -2.5 -149.225
      vertex 39.9833 0 -148.833
      vertex 40.485 0 -149.625
    endloop
  endfacet
  facet normal -0.841418 -0.0851827 -0.533629
    outer loop
      vertex 39.9833 0 -148.833
      vertex 40.485 -2.5 -149.225
      vertex 40.0715 -2.5 -148.573
    endloop
  endfacet
  facet normal -0.840055 0.08571 -0.535687
    outer loop
      vertex 40.485 2.5 -149.225
      vertex 40.573 2.5 -149.363
      vertex 40.485 0 -149.625
    endloop
  endfacet
  facet normal -0.841676 0.0855201 -0.533168
    outer loop
      vertex 40.485 0 -149.625
      vertex 40.9867 2.5 -150.016
      vertex 40.9867 0 -150.417
    endloop
  endfacet
  facet normal -0.841647 0.0855069 -0.533215
    outer loop
      vertex 40.9867 2.5 -150.016
      vertex 40.485 0 -149.625
      vertex 40.573 2.5 -149.363
    endloop
  endfacet
  facet normal -0.840055 -0.08571 -0.535687
    outer loop
      vertex 40.485 0 -149.625
      vertex 40.573 -2.5 -149.363
      vertex 40.485 -2.5 -149.225
    endloop
  endfacet
  facet normal -0.841676 -0.0855201 -0.533168
    outer loop
      vertex 40.9867 -2.5 -150.016
      vertex 40.485 0 -149.625
      vertex 40.9867 0 -150.417
    endloop
  endfacet
  facet normal -0.841647 -0.0855069 -0.533215
    outer loop
      vertex 40.485 0 -149.625
      vertex 40.9867 -2.5 -150.016
      vertex 40.573 -2.5 -149.363
    endloop
  endfacet
  facet normal -0.838518 0.0862948 -0.537998
    outer loop
      vertex 40.9867 2.5 -150.016
      vertex 41.0746 2.5 -150.153
      vertex 40.9867 0 -150.417
    endloop
  endfacet
  facet normal -0.841399 0.0857964 -0.53356
    outer loop
      vertex 40.9867 0 -150.417
      vertex 41.4883 2.5 -150.806
      vertex 41.4883 0 -151.208
    endloop
  endfacet
  facet normal -0.841619 0.0858969 -0.533197
    outer loop
      vertex 41.4883 2.5 -150.806
      vertex 40.9867 0 -150.417
      vertex 41.0746 2.5 -150.153
    endloop
  endfacet
  facet normal -0.838518 -0.0862948 -0.537998
    outer loop
      vertex 40.9867 0 -150.417
      vertex 41.0746 -2.5 -150.153
      vertex 40.9867 -2.5 -150.016
    endloop
  endfacet
  facet normal -0.841399 -0.0857964 -0.53356
    outer loop
      vertex 41.4883 -2.5 -150.806
      vertex 40.9867 0 -150.417
      vertex 41.4883 0 -151.208
    endloop
  endfacet
  facet normal -0.841619 -0.0858969 -0.533197
    outer loop
      vertex 40.9867 0 -150.417
      vertex 41.4883 -2.5 -150.806
      vertex 41.0746 -2.5 -150.153
    endloop
  endfacet
  facet normal -0.838785 0.0864392 -0.537557
    outer loop
      vertex 41.4883 2.5 -150.806
      vertex 41.5761 2.5 -150.943
      vertex 41.4883 0 -151.208
    endloop
  endfacet
  facet normal -0.84163 0.0861552 -0.533138
    outer loop
      vertex 41.4883 0 -151.208
      vertex 41.99 2.5 -151.596
      vertex 41.99 0 -152
    endloop
  endfacet
  facet normal -0.841488 0.0860905 -0.533372
    outer loop
      vertex 41.99 2.5 -151.596
      vertex 41.4883 0 -151.208
      vertex 41.5761 2.5 -150.943
    endloop
  endfacet
  facet normal -0.838785 -0.0864392 -0.537557
    outer loop
      vertex 41.4883 0 -151.208
      vertex 41.5761 -2.5 -150.943
      vertex 41.4883 -2.5 -150.806
    endloop
  endfacet
  facet normal -0.84163 -0.0861552 -0.533138
    outer loop
      vertex 41.99 -2.5 -151.596
      vertex 41.4883 0 -151.208
      vertex 41.99 0 -152
    endloop
  endfacet
  facet normal -0.841488 -0.0860905 -0.533372
    outer loop
      vertex 41.4883 0 -151.208
      vertex 41.99 -2.5 -151.596
      vertex 41.5761 -2.5 -150.943
    endloop
  endfacet
  facet normal -0.83932 0.0867267 -0.536675
    outer loop
      vertex 41.99 2.5 -151.596
      vertex 42.0776 2.5 -151.733
      vertex 41.99 0 -152
    endloop
  endfacet
  facet normal -0.841599 0.0865785 -0.533119
    outer loop
      vertex 41.99 0 -152
      vertex 42.4917 2.5 -152.386
      vertex 42.4917 0 -152.792
    endloop
  endfacet
  facet normal -0.841345 0.0864626 -0.533539
    outer loop
      vertex 42.4917 2.5 -152.386
      vertex 41.99 0 -152
      vertex 42.0776 2.5 -151.733
    endloop
  endfacet
  facet normal -0.83932 -0.0867267 -0.536675
    outer loop
      vertex 41.99 0 -152
      vertex 42.0776 -2.5 -151.733
      vertex 41.99 -2.5 -151.596
    endloop
  endfacet
  facet normal -0.841599 -0.0865785 -0.533119
    outer loop
      vertex 42.4917 -2.5 -152.386
      vertex 41.99 0 -152
      vertex 42.4917 0 -152.792
    endloop
  endfacet
  facet normal -0.841345 -0.0864626 -0.533539
    outer loop
      vertex 41.99 0 -152
      vertex 42.4917 -2.5 -152.386
      vertex 42.0776 -2.5 -151.733
    endloop
  endfacet
  facet normal -0.839855 0.0870124 -0.535791
    outer loop
      vertex 42.4917 2.5 -152.386
      vertex 42.5791 2.5 -152.523
      vertex 42.4917 0 -152.792
    endloop
  endfacet
  facet normal -0.841337 0.0866438 -0.533521
    outer loop
      vertex 42.4917 0 -152.792
      vertex 42.9933 2.5 -153.177
      vertex 42.9933 0 -153.583
    endloop
  endfacet
  facet normal -0.841632 0.0867779 -0.533034
    outer loop
      vertex 42.9933 2.5 -153.177
      vertex 42.4917 0 -152.792
      vertex 42.5791 2.5 -152.523
    endloop
  endfacet
  facet normal -0.839855 -0.0870124 -0.535791
    outer loop
      vertex 42.4917 0 -152.792
      vertex 42.5791 -2.5 -152.523
      vertex 42.4917 -2.5 -152.386
    endloop
  endfacet
  facet normal -0.841337 -0.0866438 -0.533521
    outer loop
      vertex 42.9933 -2.5 -153.177
      vertex 42.4917 0 -152.792
      vertex 42.9933 0 -153.583
    endloop
  endfacet
  facet normal -0.841632 -0.0867779 -0.533034
    outer loop
      vertex 42.4917 0 -152.792
      vertex 42.9933 -2.5 -153.177
      vertex 42.5791 -2.5 -152.523
    endloop
  endfacet
  facet normal -0.838035 0.0874623 -0.538561
    outer loop
      vertex 42.9933 2.5 -153.177
      vertex 43.0807 2.5 -153.313
      vertex 42.9933 0 -153.583
    endloop
  endfacet
  facet normal -0.841568 0.0870018 -0.533099
    outer loop
      vertex 42.9933 0 -153.583
      vertex 43.495 2.5 -153.967
      vertex 43.495 0 -154.375
    endloop
  endfacet
  facet normal -0.841558 0.0869973 -0.533115
    outer loop
      vertex 43.495 2.5 -153.967
      vertex 42.9933 0 -153.583
      vertex 43.0807 2.5 -153.313
    endloop
  endfacet
  facet normal -0.838035 -0.0874623 -0.538561
    outer loop
      vertex 42.9933 0 -153.583
      vertex 43.0807 -2.5 -153.313
      vertex 42.9933 -2.5 -153.177
    endloop
  endfacet
  facet normal -0.841568 -0.0870018 -0.533099
    outer loop
      vertex 43.495 -2.5 -153.967
      vertex 42.9933 0 -153.583
      vertex 43.495 0 -154.375
    endloop
  endfacet
  facet normal -0.841558 -0.0869973 -0.533115
    outer loop
      vertex 42.9933 0 -153.583
      vertex 43.495 -2.5 -153.967
      vertex 43.0807 -2.5 -153.313
    endloop
  endfacet
  facet normal -0.838574 0.0877484 -0.537674
    outer loop
      vertex 43.495 2.5 -153.967
      vertex 43.5822 2.5 -154.103
      vertex 43.495 0 -154.375
    endloop
  endfacet
  facet normal -0.841536 0.087425 -0.533079
    outer loop
      vertex 43.495 0 -154.375
      vertex 43.9967 2.5 -154.757
      vertex 43.9967 0 -155.167
    endloop
  endfacet
  facet normal -0.841414 0.0873695 -0.533281
    outer loop
      vertex 43.9967 2.5 -154.757
      vertex 43.495 0 -154.375
      vertex 43.5822 2.5 -154.103
    endloop
  endfacet
  facet normal -0.838574 -0.0877484 -0.537674
    outer loop
      vertex 43.495 0 -154.375
      vertex 43.5822 -2.5 -154.103
      vertex 43.495 -2.5 -153.967
    endloop
  endfacet
  facet normal -0.841536 -0.087425 -0.533079
    outer loop
      vertex 43.9967 -2.5 -154.757
      vertex 43.495 0 -154.375
      vertex 43.9967 0 -155.167
    endloop
  endfacet
  facet normal -0.841414 -0.0873695 -0.533281
    outer loop
      vertex 43.495 0 -154.375
      vertex 43.9967 -2.5 -154.757
      vertex 43.5822 -2.5 -154.103
    endloop
  endfacet
  facet normal -0.839113 0.0880329 -0.536786
    outer loop
      vertex 43.9967 2.5 -154.757
      vertex 44.0837 2.5 -154.893
      vertex 43.9967 0 -155.167
    endloop
  endfacet
  facet normal -0.841259 0.0877026 -0.533471
    outer loop
      vertex 43.9967 0 -155.167
      vertex 44.4983 2.5 -155.547
      vertex 44.4983 0 -155.958
    endloop
  endfacet
  facet normal -0.841329 0.0877341 -0.533356
    outer loop
      vertex 44.4983 2.5 -155.547
      vertex 43.9967 0 -155.167
      vertex 44.0837 2.5 -154.893
    endloop
  endfacet
  facet normal -0.839113 -0.0880329 -0.536786
    outer loop
      vertex 43.9967 0 -155.167
      vertex 44.0837 -2.5 -154.893
      vertex 43.9967 -2.5 -154.757
    endloop
  endfacet
  facet normal -0.841259 -0.0877026 -0.533471
    outer loop
      vertex 44.4983 -2.5 -155.547
      vertex 43.9967 0 -155.167
      vertex 44.4983 0 -155.958
    endloop
  endfacet
  facet normal -0.841329 -0.0877341 -0.533356
    outer loop
      vertex 43.9967 0 -155.167
      vertex 44.4983 -2.5 -155.547
      vertex 44.0837 -2.5 -154.893
    endloop
  endfacet
  facet normal -0.839383 0.0881745 -0.536341
    outer loop
      vertex 44.4983 2.5 -155.547
      vertex 44.5852 2.5 -155.683
      vertex 44.4983 0 -155.958
    endloop
  endfacet
  facet normal -0.841489 0.0880598 -0.533049
    outer loop
      vertex 44.4983 0 -155.958
      vertex 45 2.5 -156.337
      vertex 45 0 -156.75
    endloop
  endfacet
  facet normal -0.841198 0.0879284 -0.53353
    outer loop
      vertex 45 2.5 -156.337
      vertex 44.4983 0 -155.958
      vertex 44.5852 2.5 -155.683
    endloop
  endfacet
  facet normal -0.839383 -0.0881745 -0.536341
    outer loop
      vertex 44.4983 0 -155.958
      vertex 44.5852 -2.5 -155.683
      vertex 44.4983 -2.5 -155.547
    endloop
  endfacet
  facet normal -0.841489 -0.0880598 -0.533049
    outer loop
      vertex 45 -2.5 -156.337
      vertex 44.4983 0 -155.958
      vertex 45 0 -156.75
    endloop
  endfacet
  facet normal -0.841198 -0.0879284 -0.53353
    outer loop
      vertex 44.4983 0 -155.958
      vertex 45 -2.5 -156.337
      vertex 44.5852 -2.5 -155.683
    endloop
  endfacet
  facet normal -0.839636 0.0885283 -0.535886
    outer loop
      vertex 45 2.5 -156.337
      vertex 45.0868 2.5 -156.473
      vertex 45 0 -156.75
    endloop
  endfacet
  facet normal -0.841473 0.0882713 -0.533039
    outer loop
      vertex 45 0 -156.75
      vertex 45.5017 2.5 -157.128
      vertex 45.5017 0 -157.542
    endloop
  endfacet
  facet normal -0.841482 0.0882754 -0.533024
    outer loop
      vertex 45.5017 2.5 -157.128
      vertex 45 0 -156.75
      vertex 45.0868 2.5 -156.473
    endloop
  endfacet
  facet normal -0.839636 -0.0885283 -0.535886
    outer loop
      vertex 45 0 -156.75
      vertex 45.0868 -2.5 -156.473
      vertex 45 -2.5 -156.337
    endloop
  endfacet
  facet normal -0.841473 -0.0882713 -0.533039
    outer loop
      vertex 45.5017 -2.5 -157.128
      vertex 45 0 -156.75
      vertex 45.5017 0 -157.542
    endloop
  endfacet
  facet normal -0.841482 -0.0882754 -0.533024
    outer loop
      vertex 45 0 -156.75
      vertex 45.5017 -2.5 -157.128
      vertex 45.0868 -2.5 -156.473
    endloop
  endfacet
  facet normal -0.83836 0.0890584 -0.537793
    outer loop
      vertex 45.5017 2.5 -157.128
      vertex 45.5883 2.5 -157.263
      vertex 45.5017 0 -157.542
    endloop
  endfacet
  facet normal -0.841196 0.0885495 -0.533431
    outer loop
      vertex 45.5017 0 -157.542
      vertex 46.0033 2.5 -157.918
      vertex 46.0033 0 -158.333
    endloop
  endfacet
  facet normal -0.841397 0.0886398 -0.533099
    outer loop
      vertex 46.0033 2.5 -157.918
      vertex 45.5017 0 -157.542
      vertex 45.5883 2.5 -157.263
    endloop
  endfacet
  facet normal -0.83836 -0.0890584 -0.537793
    outer loop
      vertex 45.5017 0 -157.542
      vertex 45.5883 -2.5 -157.263
      vertex 45.5017 -2.5 -157.128
    endloop
  endfacet
  facet normal -0.841196 -0.0885495 -0.533431
    outer loop
      vertex 46.0033 -2.5 -157.918
      vertex 45.5017 0 -157.542
      vertex 46.0033 0 -158.333
    endloop
  endfacet
  facet normal -0.841397 -0.0886398 -0.533099
    outer loop
      vertex 45.5017 0 -157.542
      vertex 46.0033 -2.5 -157.918
      vertex 45.5883 -2.5 -157.263
    endloop
  endfacet
  facet normal -0.838632 0.0891994 -0.537346
    outer loop
      vertex 46.0033 2.5 -157.918
      vertex 46.0898 2.5 -158.053
      vertex 46.0033 0 -158.333
    endloop
  endfacet
  facet normal -0.841426 0.0889059 -0.533009
    outer loop
      vertex 46.0033 0 -158.333
      vertex 46.505 2.5 -158.708
      vertex 46.505 0 -159.125
    endloop
  endfacet
  facet normal -0.841266 0.0888344 -0.533273
    outer loop
      vertex 46.505 2.5 -158.708
      vertex 46.0033 0 -158.333
      vertex 46.0898 2.5 -158.053
    endloop
  endfacet
  facet normal -0.838632 -0.0891994 -0.537346
    outer loop
      vertex 46.0033 0 -158.333
      vertex 46.0898 -2.5 -158.053
      vertex 46.0033 -2.5 -157.918
    endloop
  endfacet
  facet normal -0.841426 -0.0889059 -0.533009
    outer loop
      vertex 46.505 -2.5 -158.708
      vertex 46.0033 0 -158.333
      vertex 46.505 0 -159.125
    endloop
  endfacet
  facet normal -0.841266 -0.0888344 -0.533273
    outer loop
      vertex 46.0033 0 -158.333
      vertex 46.505 -2.5 -158.708
      vertex 46.0898 -2.5 -158.053
    endloop
  endfacet
  facet normal -0.838887 0.0895529 -0.536888
    outer loop
      vertex 46.505 2.5 -158.708
      vertex 46.5914 2.5 -158.843
      vertex 46.505 0 -159.125
    endloop
  endfacet
  facet normal -0.841394 0.0893289 -0.532989
    outer loop
      vertex 46.505 0 -159.125
      vertex 47.0067 2.5 -159.498
      vertex 47.0067 0 -159.917
    endloop
  endfacet
  facet normal -0.841178 0.0892325 -0.533345
    outer loop
      vertex 47.0067 2.5 -159.498
      vertex 46.505 0 -159.125
      vertex 46.5914 2.5 -158.843
    endloop
  endfacet
  facet normal -0.838887 -0.0895529 -0.536888
    outer loop
      vertex 46.505 0 -159.125
      vertex 46.5914 -2.5 -158.843
      vertex 46.505 -2.5 -158.708
    endloop
  endfacet
  facet normal -0.841394 -0.0893289 -0.532989
    outer loop
      vertex 47.0067 -2.5 -159.498
      vertex 46.505 0 -159.125
      vertex 47.0067 0 -159.917
    endloop
  endfacet
  facet normal -0.841178 -0.0892325 -0.533345
    outer loop
      vertex 46.505 0 -159.125
      vertex 47.0067 -2.5 -159.498
      vertex 46.5914 -2.5 -158.843
    endloop
  endfacet
  facet normal -0.83943 0.0898322 -0.535992
    outer loop
      vertex 47.0067 2.5 -159.498
      vertex 47.0929 2.5 -159.633
      vertex 47.0067 0 -159.917
    endloop
  endfacet
  facet normal -0.841132 0.0893962 -0.53339
    outer loop
      vertex 47.0067 0 -159.917
      vertex 47.5083 2.5 -160.289
      vertex 47.5083 0 -160.708
    endloop
  endfacet
  facet normal -0.841464 0.0895445 -0.532842
    outer loop
      vertex 47.5083 2.5 -160.289
      vertex 47.0067 0 -159.917
      vertex 47.0929 2.5 -159.633
    endloop
  endfacet
  facet normal -0.83943 -0.0898322 -0.535992
    outer loop
      vertex 47.0067 0 -159.917
      vertex 47.0929 -2.5 -159.633
      vertex 47.0067 -2.5 -159.498
    endloop
  endfacet
  facet normal -0.841132 -0.0893962 -0.53339
    outer loop
      vertex 47.5083 -2.5 -160.289
      vertex 47.0067 0 -159.917
      vertex 47.5083 0 -160.708
    endloop
  endfacet
  facet normal -0.841464 -0.0895445 -0.532842
    outer loop
      vertex 47.0067 0 -159.917
      vertex 47.5083 -2.5 -160.289
      vertex 47.0929 -2.5 -159.633
    endloop
  endfacet
  facet normal -0.837869 0.0902295 -0.538362
    outer loop
      vertex 47.5083 2.5 -160.289
      vertex 47.5944 2.5 -160.423
      vertex 47.5083 0 -160.708
    endloop
  endfacet
  facet normal -0.841361 0.0897519 -0.532969
    outer loop
      vertex 47.5083 0 -160.708
      vertex 48.01 2.5 -161.079
      vertex 48.01 0 -161.5
    endloop
  endfacet
  facet normal -0.841333 0.0897393 -0.533015
    outer loop
      vertex 48.01 2.5 -161.079
      vertex 47.5083 0 -160.708
      vertex 47.5944 2.5 -160.423
    endloop
  endfacet
  facet normal -0.837869 -0.0902295 -0.538362
    outer loop
      vertex 47.5083 0 -160.708
      vertex 47.5944 -2.5 -160.423
      vertex 47.5083 -2.5 -160.289
    endloop
  endfacet
  facet normal -0.841361 -0.0897519 -0.532969
    outer loop
      vertex 48.01 -2.5 -161.079
      vertex 47.5083 0 -160.708
      vertex 48.01 0 -161.5
    endloop
  endfacet
  facet normal -0.841333 -0.0897393 -0.533015
    outer loop
      vertex 47.5083 0 -160.708
      vertex 48.01 -2.5 -161.079
      vertex 47.5944 -2.5 -160.423
    endloop
  endfacet
  facet normal -0.838416 0.0905087 -0.537463
    outer loop
      vertex 48.01 2.5 -161.079
      vertex 48.0959 2.5 -161.213
      vertex 48.01 0 -161.5
    endloop
  endfacet
  facet normal -0.841329 0.0901748 -0.532948
    outer loop
      vertex 48.01 0 -161.5
      vertex 48.5117 2.5 -161.869
      vertex 48.5117 0 -162.292
    endloop
  endfacet
  facet normal -0.841189 0.0901123 -0.53318
    outer loop
      vertex 48.5117 2.5 -161.869
      vertex 48.01 0 -161.5
      vertex 48.0959 2.5 -161.213
    endloop
  endfacet
  facet normal -0.838416 -0.0905087 -0.537463
    outer loop
      vertex 48.01 0 -161.5
      vertex 48.0959 -2.5 -161.213
      vertex 48.01 -2.5 -161.079
    endloop
  endfacet
  facet normal -0.841329 -0.0901748 -0.532948
    outer loop
      vertex 48.5117 -2.5 -161.869
      vertex 48.01 0 -161.5
      vertex 48.5117 0 -162.292
    endloop
  endfacet
  facet normal -0.841189 -0.0901123 -0.53318
    outer loop
      vertex 48.01 0 -161.5
      vertex 48.5117 -2.5 -161.869
      vertex 48.0959 -2.5 -161.213
    endloop
  endfacet
  facet normal -0.838674 0.0908607 -0.537002
    outer loop
      vertex 48.5117 2.5 -161.869
      vertex 48.5975 2.5 -162.003
      vertex 48.5117 0 -162.292
    endloop
  endfacet
  facet normal -0.841068 0.0902427 -0.53335
    outer loop
      vertex 48.5117 0 -162.292
      vertex 49.0133 2.5 -162.66
      vertex 49.0133 0 -163.083
    endloop
  endfacet
  facet normal -0.84153 0.0904481 -0.532585
    outer loop
      vertex 49.0133 2.5 -162.66
      vertex 48.5117 0 -162.292
      vertex 48.5975 2.5 -162.003
    endloop
  endfacet
  facet normal -0.838674 -0.0908607 -0.537002
    outer loop
      vertex 48.5117 0 -162.292
      vertex 48.5975 -2.5 -162.003
      vertex 48.5117 -2.5 -161.869
    endloop
  endfacet
  facet normal -0.841068 -0.0902427 -0.53335
    outer loop
      vertex 49.0133 -2.5 -162.66
      vertex 48.5117 0 -162.292
      vertex 49.0133 0 -163.083
    endloop
  endfacet
  facet normal -0.84153 -0.0904481 -0.532585
    outer loop
      vertex 48.5117 0 -162.292
      vertex 49.0133 -2.5 -162.66
      vertex 48.5975 -2.5 -162.003
    endloop
  endfacet
  facet normal -0.837095 0.091265 -0.539391
    outer loop
      vertex 49.0133 2.5 -162.66
      vertex 49.099 2.5 -162.793
      vertex 49.0133 0 -163.083
    endloop
  endfacet
  facet normal -0.841297 0.0905977 -0.532928
    outer loop
      vertex 49.0133 0 -163.083
      vertex 49.515 2.5 -163.45
      vertex 49.515 0 -163.875
    endloop
  endfacet
  facet normal -0.841399 0.0906431 -0.532758
    outer loop
      vertex 49.515 2.5 -163.45
      vertex 49.0133 0 -163.083
      vertex 49.099 2.5 -162.793
    endloop
  endfacet
  facet normal -0.837095 -0.091265 -0.539391
    outer loop
      vertex 49.0133 0 -163.083
      vertex 49.099 -2.5 -162.793
      vertex 49.0133 -2.5 -162.66
    endloop
  endfacet
  facet normal -0.841297 -0.0905977 -0.532928
    outer loop
      vertex 49.515 -2.5 -163.45
      vertex 49.0133 0 -163.083
      vertex 49.515 0 -163.875
    endloop
  endfacet
  facet normal -0.841399 -0.0906431 -0.532758
    outer loop
      vertex 49.0133 0 -163.083
      vertex 49.515 -2.5 -163.45
      vertex 49.099 -2.5 -162.793
    endloop
  endfacet
  facet normal -0.837646 0.0915428 -0.538487
    outer loop
      vertex 49.515 2.5 -163.45
      vertex 49.6005 2.5 -163.583
      vertex 49.515 0 -163.875
    endloop
  endfacet
  facet normal -0.841264 0.0910205 -0.532907
    outer loop
      vertex 49.515 0 -163.875
      vertex 50.0167 2.5 -164.24
      vertex 50.0167 0 -164.667
    endloop
  endfacet
  facet normal -0.841255 0.0910163 -0.532923
    outer loop
      vertex 50.0167 2.5 -164.24
      vertex 49.515 0 -163.875
      vertex 49.6005 2.5 -163.583
    endloop
  endfacet
  facet normal -0.837646 -0.0915428 -0.538487
    outer loop
      vertex 49.515 0 -163.875
      vertex 49.6005 -2.5 -163.583
      vertex 49.515 -2.5 -163.45
    endloop
  endfacet
  facet normal -0.841264 -0.0910205 -0.532907
    outer loop
      vertex 50.0167 -2.5 -164.24
      vertex 49.515 0 -163.875
      vertex 50.0167 0 -164.667
    endloop
  endfacet
  facet normal -0.841255 -0.0910163 -0.532923
    outer loop
      vertex 49.515 0 -163.875
      vertex 50.0167 -2.5 -164.24
      vertex 49.6005 -2.5 -163.583
    endloop
  endfacet
  facet normal -0.837906 0.0918944 -0.538024
    outer loop
      vertex 50.0167 2.5 -164.24
      vertex 50.1021 2.5 -164.373
      vertex 50.0167 0 -164.667
    endloop
  endfacet
  facet normal -0.840986 0.0913006 -0.533298
    outer loop
      vertex 50.0167 0 -164.667
      vertex 50.5183 2.5 -165.03
      vertex 50.5183 0 -165.458
    endloop
  endfacet
  facet normal -0.841225 0.0914057 -0.532904
    outer loop
      vertex 50.5183 2.5 -165.03
      vertex 50.0167 0 -164.667
      vertex 50.1021 2.5 -164.373
    endloop
  endfacet
  facet normal -0.837906 -0.0918944 -0.538024
    outer loop
      vertex 50.0167 0 -164.667
      vertex 50.1021 -2.5 -164.373
      vertex 50.0167 -2.5 -164.24
    endloop
  endfacet
  facet normal -0.840986 -0.0913006 -0.533298
    outer loop
      vertex 50.5183 -2.5 -165.03
      vertex 50.0167 0 -164.667
      vertex 50.5183 0 -165.458
    endloop
  endfacet
  facet normal -0.841225 -0.0914057 -0.532904
    outer loop
      vertex 50.0167 0 -164.667
      vertex 50.5183 -2.5 -165.03
      vertex 50.1021 -2.5 -164.373
    endloop
  endfacet
  facet normal -0.840041 0.0915479 -0.534743
    outer loop
      vertex 50.5183 2.5 -165.03
      vertex 50.6036 2.5 -165.164
      vertex 50.5183 0 -165.458
    endloop
  endfacet
  facet normal -0.841232 0.0914433 -0.532886
    outer loop
      vertex 50.5183 0 -165.458
      vertex 51.02 2.5 -165.821
      vertex 51.02 0 -166.25
    endloop
  endfacet
  facet normal -0.84111 0.0913897 -0.533087
    outer loop
      vertex 51.02 2.5 -165.821
      vertex 50.5183 0 -165.458
      vertex 50.6036 2.5 -165.164
    endloop
  endfacet
  facet normal -0.840041 -0.0915479 -0.534743
    outer loop
      vertex 50.5183 0 -165.458
      vertex 50.6036 -2.5 -165.164
      vertex 50.5183 -2.5 -165.03
    endloop
  endfacet
  facet normal -0.841232 -0.0914433 -0.532886
    outer loop
      vertex 51.02 -2.5 -165.821
      vertex 50.5183 0 -165.458
      vertex 51.02 0 -166.25
    endloop
  endfacet
  facet normal -0.84111 -0.0913897 -0.533087
    outer loop
      vertex 50.5183 0 -165.458
      vertex 51.02 -2.5 -165.821
      vertex 50.6036 -2.5 -165.164
    endloop
  endfacet
  facet normal -0.838749 0.0920932 -0.536673
    outer loop
      vertex 51.02 2.5 -165.821
      vertex 51.1051 2.5 -165.954
      vertex 51.02 0 -166.25
    endloop
  endfacet
  facet normal -0.841199 0.091866 -0.532865
    outer loop
      vertex 51.02 0 -166.25
      vertex 51.5217 2.5 -166.611
      vertex 51.5217 0 -167.042
    endloop
  endfacet
  facet normal -0.840965 0.0917634 -0.533251
    outer loop
      vertex 51.5217 2.5 -166.611
      vertex 51.02 0 -166.25
      vertex 51.1051 2.5 -165.954
    endloop
  endfacet
  facet normal -0.838749 -0.0920932 -0.536673
    outer loop
      vertex 51.02 0 -166.25
      vertex 51.1051 -2.5 -165.954
      vertex 51.02 -2.5 -165.821
    endloop
  endfacet
  facet normal -0.841199 -0.091866 -0.532865
    outer loop
      vertex 51.5217 -2.5 -166.611
      vertex 51.02 0 -166.25
      vertex 51.5217 0 -167.042
    endloop
  endfacet
  facet normal -0.840965 -0.0917634 -0.533251
    outer loop
      vertex 51.02 0 -166.25
      vertex 51.5217 -2.5 -166.611
      vertex 51.1051 -2.5 -165.954
    endloop
  endfacet
  facet normal -0.839008 0.0924423 -0.536208
    outer loop
      vertex 51.5217 2.5 -166.611
      vertex 51.6067 2.5 -166.744
      vertex 51.5217 0 -167.042
    endloop
  endfacet
  facet normal -0.84092 0.0921467 -0.533256
    outer loop
      vertex 51.5217 0 -167.042
      vertex 52.0233 2.5 -167.401
      vertex 52.0233 0 -167.833
    endloop
  endfacet
  facet normal -0.840935 0.092153 -0.533232
    outer loop
      vertex 52.0233 2.5 -167.401
      vertex 51.5217 0 -167.042
      vertex 51.6067 2.5 -166.744
    endloop
  endfacet
  facet normal -0.839008 -0.0924423 -0.536208
    outer loop
      vertex 51.5217 0 -167.042
      vertex 51.6067 -2.5 -166.744
      vertex 51.5217 -2.5 -166.611
    endloop
  endfacet
  facet normal -0.84092 -0.0921467 -0.533256
    outer loop
      vertex 52.0233 -2.5 -167.401
      vertex 51.5217 0 -167.042
      vertex 52.0233 0 -167.833
    endloop
  endfacet
  facet normal -0.840935 -0.092153 -0.533232
    outer loop
      vertex 51.5217 0 -167.042
      vertex 52.0233 -2.5 -167.401
      vertex 51.6067 -2.5 -166.744
    endloop
  endfacet
  facet normal -0.839284 0.0925782 -0.535753
    outer loop
      vertex 52.0233 2.5 -167.401
      vertex 52.1082 2.5 -167.534
      vertex 52.0233 0 -167.833
    endloop
  endfacet
  facet normal -0.841166 0.0922887 -0.532844
    outer loop
      vertex 52.0233 0 -167.833
      vertex 52.525 2.5 -168.192
      vertex 52.525 0 -168.625
    endloop
  endfacet
  facet normal -0.841175 0.0922927 -0.532829
    outer loop
      vertex 52.525 2.5 -168.192
      vertex 52.0233 0 -167.833
      vertex 52.1082 2.5 -167.534
    endloop
  endfacet
  facet normal -0.839284 -0.0925782 -0.535753
    outer loop
      vertex 52.0233 0 -167.833
      vertex 52.1082 -2.5 -167.534
      vertex 52.0233 -2.5 -167.401
    endloop
  endfacet
  facet normal -0.841166 -0.0922887 -0.532844
    outer loop
      vertex 52.525 -2.5 -168.192
      vertex 52.0233 0 -167.833
      vertex 52.525 0 -168.625
    endloop
  endfacet
  facet normal -0.841175 -0.0922927 -0.532829
    outer loop
      vertex 52.0233 0 -167.833
      vertex 52.525 -2.5 -168.192
      vertex 52.1082 -2.5 -167.534
    endloop
  endfacet
  facet normal -0.837976 0.0931299 -0.537701
    outer loop
      vertex 52.525 2.5 -168.192
      vertex 52.6097 2.5 -168.324
      vertex 52.525 0 -168.625
    endloop
  endfacet
  facet normal -0.841132 0.0927113 -0.532823
    outer loop
      vertex 52.525 0 -168.625
      vertex 53.0267 2.5 -168.982
      vertex 53.0267 0 -169.417
    endloop
  endfacet
  facet normal -0.84103 0.0926665 -0.532993
    outer loop
      vertex 53.0267 2.5 -168.982
      vertex 52.525 0 -168.625
      vertex 52.6097 2.5 -168.324
    endloop
  endfacet
  facet normal -0.837976 -0.0931299 -0.537701
    outer loop
      vertex 52.525 0 -168.625
      vertex 52.6097 -2.5 -168.324
      vertex 52.525 -2.5 -168.192
    endloop
  endfacet
  facet normal -0.841132 -0.0927113 -0.532823
    outer loop
      vertex 53.0267 -2.5 -168.982
      vertex 52.525 0 -168.625
      vertex 53.0267 0 -169.417
    endloop
  endfacet
  facet normal -0.84103 -0.0926665 -0.532993
    outer loop
      vertex 52.525 0 -168.625
      vertex 53.0267 -2.5 -168.982
      vertex 52.6097 -2.5 -168.324
    endloop
  endfacet
  facet normal -0.838237 0.0934787 -0.537234
    outer loop
      vertex 53.0267 2.5 -168.982
      vertex 53.1113 2.5 -169.114
      vertex 53.0267 0 -169.417
    endloop
  endfacet
  facet normal -0.840854 0.0929925 -0.533214
    outer loop
      vertex 53.0267 0 -169.417
      vertex 53.5283 2.5 -169.772
      vertex 53.5283 0 -170.208
    endloop
  endfacet
  facet normal -0.840999 0.0930558 -0.532974
    outer loop
      vertex 53.5283 2.5 -169.772
      vertex 53.0267 0 -169.417
      vertex 53.1113 2.5 -169.114
    endloop
  endfacet
  facet normal -0.838237 -0.0934787 -0.537234
    outer loop
      vertex 53.0267 0 -169.417
      vertex 53.1113 -2.5 -169.114
      vertex 53.0267 -2.5 -168.982
    endloop
  endfacet
  facet normal -0.840854 -0.0929925 -0.533214
    outer loop
      vertex 53.5283 -2.5 -169.772
      vertex 53.0267 0 -169.417
      vertex 53.5283 0 -170.208
    endloop
  endfacet
  facet normal -0.840999 -0.0930558 -0.532974
    outer loop
      vertex 53.0267 0 -169.417
      vertex 53.5283 -2.5 -169.772
      vertex 53.1113 -2.5 -169.114
    endloop
  endfacet
  facet normal -0.838515 0.0936138 -0.536777
    outer loop
      vertex 53.5283 2.5 -169.772
      vertex 53.6128 2.5 -169.904
      vertex 53.5283 0 -170.208
    endloop
  endfacet
  facet normal -0.841 0.0931605 -0.532955
    outer loop
      vertex 53.5283 0 -170.208
      vertex 53.97 2.5 -170.468
      vertex 53.97 0 -170.905
    endloop
  endfacet
  facet normal -0.841141 0.0932097 -0.532723
    outer loop
      vertex 53.97 2.5 -170.468
      vertex 53.5283 0 -170.208
      vertex 53.6128 2.5 -169.904
    endloop
  endfacet
  facet normal -0.838515 -0.0936138 -0.536777
    outer loop
      vertex 53.5283 0 -170.208
      vertex 53.6128 -2.5 -169.904
      vertex 53.5283 -2.5 -169.772
    endloop
  endfacet
  facet normal -0.841 -0.0931605 -0.532955
    outer loop
      vertex 53.97 -2.5 -170.468
      vertex 53.5283 0 -170.208
      vertex 53.97 0 -170.905
    endloop
  endfacet
  facet normal -0.841141 -0.0932097 -0.532723
    outer loop
      vertex 53.5283 0 -170.208
      vertex 53.97 -2.5 -170.468
      vertex 53.6128 -2.5 -169.904
    endloop
  endfacet
  facet normal -1 0 0
    outer loop
      vertex 53.97 0 -170.905
      vertex 53.97 2.5 -170.563
      vertex 53.97 0 -171
    endloop
  endfacet
  facet normal -1 -0 0
    outer loop
      vertex 53.97 2.5 -170.563
      vertex 53.97 0 -170.905
      vertex 53.97 2.5 -170.468
    endloop
  endfacet
  facet normal -1 0 0
    outer loop
      vertex 53.97 -2.5 -170.563
      vertex 53.97 0 -170.905
      vertex 53.97 0 -171
    endloop
  endfacet
  facet normal -1 0 0
    outer loop
      vertex 53.97 0 -170.905
      vertex 53.97 -2.5 -170.563
      vertex 53.97 -2.5 -170.468
    endloop
  endfacet
  facet normal 1 0 0
    outer loop
      vertex 90.03 0 -186.207
      vertex 90.03 2.5 -185.768
      vertex 90.03 2.5 -185.756
    endloop
  endfacet
  facet normal 1 -0 0
    outer loop
      vertex 90.03 0 -186.207
      vertex 90.03 0 -186.219
      vertex 90.03 2.5 -185.768
    endloop
  endfacet
  facet normal 1 -0 0
    outer loop
      vertex 90.03 -2.5 -185.768
      vertex 90.03 0 -186.207
      vertex 90.03 -2.5 -185.756
    endloop
  endfacet
  facet normal 1 0 0
    outer loop
      vertex 90.03 0 -186.207
      vertex 90.03 -2.5 -185.768
      vertex 90.03 0 -186.219
    endloop
  endfacet
  facet normal -0.378932 0.159348 -0.911602
    outer loop
      vertex 53.97 2.5 -170.563
      vertex 54.1384 2.5 -170.633
      vertex 53.97 0 -171
    endloop
  endfacet
  facet normal -0.384153 0.15933 -0.909418
    outer loop
      vertex 54.9717 0 -171.423
      vertex 54.1384 2.5 -170.633
      vertex 54.9717 2.5 -170.985
    endloop
  endfacet
  facet normal -0.384046 0.159377 -0.909454
    outer loop
      vertex 54.1384 2.5 -170.633
      vertex 54.9717 0 -171.423
      vertex 53.97 0 -171
    endloop
  endfacet
  facet normal -0.378932 -0.159348 -0.911602
    outer loop
      vertex 53.97 0 -171
      vertex 54.1384 -2.5 -170.633
      vertex 53.97 -2.5 -170.563
    endloop
  endfacet
  facet normal -0.384153 -0.15933 -0.909418
    outer loop
      vertex 54.1384 -2.5 -170.633
      vertex 54.9717 0 -171.423
      vertex 54.9717 -2.5 -170.985
    endloop
  endfacet
  facet normal -0.384046 -0.159377 -0.909454
    outer loop
      vertex 54.9717 0 -171.423
      vertex 54.1384 -2.5 -170.633
      vertex 53.97 0 -171
    endloop
  endfacet
  facet normal -0.379489 0.159662 -0.911316
    outer loop
      vertex 54.9717 2.5 -170.985
      vertex 55.1398 2.5 -171.055
      vertex 54.9717 0 -171.423
    endloop
  endfacet
  facet normal -0.384052 0.15969 -0.909397
    outer loop
      vertex 55.9733 0 -171.846
      vertex 55.1398 2.5 -171.055
      vertex 55.9733 2.5 -171.407
    endloop
  endfacet
  facet normal -0.384059 0.159687 -0.909395
    outer loop
      vertex 55.1398 2.5 -171.055
      vertex 55.9733 0 -171.846
      vertex 54.9717 0 -171.423
    endloop
  endfacet
  facet normal -0.379489 -0.159662 -0.911316
    outer loop
      vertex 54.9717 0 -171.423
      vertex 55.1398 -2.5 -171.055
      vertex 54.9717 -2.5 -170.985
    endloop
  endfacet
  facet normal -0.384052 -0.15969 -0.909397
    outer loop
      vertex 55.1398 -2.5 -171.055
      vertex 55.9733 0 -171.846
      vertex 55.9733 -2.5 -171.407
    endloop
  endfacet
  facet normal -0.384059 -0.159687 -0.909395
    outer loop
      vertex 55.9733 0 -171.846
      vertex 55.1398 -2.5 -171.055
      vertex 54.9717 0 -171.423
    endloop
  endfacet
  facet normal -0.384483 0.159659 -0.909221
    outer loop
      vertex 55.9733 2.5 -171.407
      vertex 56.1412 2.5 -171.478
      vertex 55.9733 0 -171.846
    endloop
  endfacet
  facet normal -0.383957 0.159344 -0.909498
    outer loop
      vertex 56.975 0 -172.268
      vertex 56.1412 2.5 -171.478
      vertex 56.975 2.5 -171.83
    endloop
  endfacet
  facet normal -0.383258 0.159653 -0.909738
    outer loop
      vertex 56.1412 2.5 -171.478
      vertex 56.975 0 -172.268
      vertex 55.9733 0 -171.846
    endloop
  endfacet
  facet normal -0.384483 -0.159659 -0.909221
    outer loop
      vertex 55.9733 0 -171.846
      vertex 56.1412 -2.5 -171.478
      vertex 55.9733 -2.5 -171.407
    endloop
  endfacet
  facet normal -0.383957 -0.159344 -0.909498
    outer loop
      vertex 56.1412 -2.5 -171.478
      vertex 56.975 0 -172.268
      vertex 56.975 -2.5 -171.83
    endloop
  endfacet
  facet normal -0.383258 -0.159653 -0.909738
    outer loop
      vertex 56.975 0 -172.268
      vertex 56.1412 -2.5 -171.478
      vertex 55.9733 0 -171.846
    endloop
  endfacet
  facet normal -0.380457 0.159594 -0.910924
    outer loop
      vertex 56.975 2.5 -171.83
      vertex 57.1426 2.5 -171.9
      vertex 56.975 0 -172.268
    endloop
  endfacet
  facet normal -0.383817 0.159707 -0.909493
    outer loop
      vertex 57.9767 0 -172.691
      vertex 57.1426 2.5 -171.9
      vertex 57.9767 2.5 -172.252
    endloop
  endfacet
  facet normal -0.384032 0.159612 -0.909419
    outer loop
      vertex 57.1426 2.5 -171.9
      vertex 57.9767 0 -172.691
      vertex 56.975 0 -172.268
    endloop
  endfacet
  facet normal -0.380457 -0.159594 -0.910924
    outer loop
      vertex 56.975 0 -172.268
      vertex 57.1426 -2.5 -171.9
      vertex 56.975 -2.5 -171.83
    endloop
  endfacet
  facet normal -0.383817 -0.159707 -0.909493
    outer loop
      vertex 57.1426 -2.5 -171.9
      vertex 57.9767 0 -172.691
      vertex 57.9767 -2.5 -172.252
    endloop
  endfacet
  facet normal -0.384032 -0.159612 -0.909419
    outer loop
      vertex 57.9767 0 -172.691
      vertex 57.1426 -2.5 -171.9
      vertex 56.975 0 -172.268
    endloop
  endfacet
  facet normal -0.381018 0.159907 -0.910634
    outer loop
      vertex 57.9767 2.5 -172.252
      vertex 58.144 2.5 -172.322
      vertex 57.9767 0 -172.691
    endloop
  endfacet
  facet normal -0.383716 0.160067 -0.909473
    outer loop
      vertex 58.9783 0 -173.114
      vertex 58.144 2.5 -172.322
      vertex 58.9783 2.5 -172.674
    endloop
  endfacet
  facet normal -0.384045 0.159922 -0.90936
    outer loop
      vertex 58.144 2.5 -172.322
      vertex 58.9783 0 -173.114
      vertex 57.9767 0 -172.691
    endloop
  endfacet
  facet normal -0.381018 -0.159907 -0.910634
    outer loop
      vertex 57.9767 0 -172.691
      vertex 58.144 -2.5 -172.322
      vertex 57.9767 -2.5 -172.252
    endloop
  endfacet
  facet normal -0.383716 -0.160067 -0.909473
    outer loop
      vertex 58.144 -2.5 -172.322
      vertex 58.9783 0 -173.114
      vertex 58.9783 -2.5 -172.674
    endloop
  endfacet
  facet normal -0.384045 -0.159922 -0.90936
    outer loop
      vertex 58.9783 0 -173.114
      vertex 58.144 -2.5 -172.322
      vertex 57.9767 0 -172.691
    endloop
  endfacet
  facet normal -0.381386 0.160234 -0.910423
    outer loop
      vertex 58.9783 2.5 -172.674
      vertex 59.1454 2.5 -172.744
      vertex 58.9783 0 -173.114
    endloop
  endfacet
  facet normal -0.38455 0.159654 -0.909193
    outer loop
      vertex 59.98 0 -173.536
      vertex 59.1454 2.5 -172.744
      vertex 59.98 2.5 -173.097
    endloop
  endfacet
  facet normal -0.383221 0.160243 -0.90965
    outer loop
      vertex 59.1454 2.5 -172.744
      vertex 59.98 0 -173.536
      vertex 58.9783 0 -173.114
    endloop
  endfacet
  facet normal -0.381386 -0.160234 -0.910423
    outer loop
      vertex 58.9783 0 -173.114
      vertex 59.1454 -2.5 -172.744
      vertex 58.9783 -2.5 -172.674
    endloop
  endfacet
  facet normal -0.38455 -0.159654 -0.909193
    outer loop
      vertex 59.1454 -2.5 -172.744
      vertex 59.98 0 -173.536
      vertex 59.98 -2.5 -173.097
    endloop
  endfacet
  facet normal -0.383221 -0.160243 -0.90965
    outer loop
      vertex 59.98 0 -173.536
      vertex 59.1454 -2.5 -172.744
      vertex 58.9783 0 -173.114
    endloop
  endfacet
  facet normal -0.381994 0.159838 -0.910238
    outer loop
      vertex 59.98 2.5 -173.097
      vertex 60.1468 2.5 -173.167
      vertex 59.98 0 -173.536
    endloop
  endfacet
  facet normal -0.383481 0.160084 -0.909569
    outer loop
      vertex 60.9817 0 -173.959
      vertex 60.1468 2.5 -173.167
      vertex 60.9817 2.5 -173.519
    endloop
  endfacet
  facet normal -0.384017 0.159847 -0.909384
    outer loop
      vertex 60.1468 2.5 -173.167
      vertex 60.9817 0 -173.959
      vertex 59.98 0 -173.536
    endloop
  endfacet
  facet normal -0.381994 -0.159838 -0.910238
    outer loop
      vertex 59.98 0 -173.536
      vertex 60.1468 -2.5 -173.167
      vertex 59.98 -2.5 -173.097
    endloop
  endfacet
  facet normal -0.383481 -0.160084 -0.909569
    outer loop
      vertex 60.1468 -2.5 -173.167
      vertex 60.9817 0 -173.959
      vertex 60.9817 -2.5 -173.519
    endloop
  endfacet
  facet normal -0.384017 -0.159847 -0.909384
    outer loop
      vertex 60.9817 0 -173.959
      vertex 60.1468 -2.5 -173.167
      vertex 59.98 0 -173.536
    endloop
  endfacet
  facet normal -0.382363 0.160164 -0.910025
    outer loop
      vertex 60.9817 2.5 -173.519
      vertex 61.1483 2.5 -173.589
      vertex 60.9817 0 -173.959
    endloop
  endfacet
  facet normal -0.383419 0.160441 -0.909532
    outer loop
      vertex 61.9833 0 -174.382
      vertex 61.1483 2.5 -173.589
      vertex 61.9833 2.5 -173.941
    endloop
  endfacet
  facet normal -0.384029 0.160171 -0.909322
    outer loop
      vertex 61.1483 2.5 -173.589
      vertex 61.9833 0 -174.382
      vertex 60.9817 0 -173.959
    endloop
  endfacet
  facet normal -0.382363 -0.160164 -0.910025
    outer loop
      vertex 60.9817 0 -173.959
      vertex 61.1483 -2.5 -173.589
      vertex 60.9817 -2.5 -173.519
    endloop
  endfacet
  facet normal -0.383419 -0.160441 -0.909532
    outer loop
      vertex 61.1483 -2.5 -173.589
      vertex 61.9833 0 -174.382
      vertex 61.9833 -2.5 -173.941
    endloop
  endfacet
  facet normal -0.384029 -0.160171 -0.909322
    outer loop
      vertex 61.9833 0 -174.382
      vertex 61.1483 -2.5 -173.589
      vertex 60.9817 0 -173.959
    endloop
  endfacet
  facet normal -0.382733 0.160491 -0.909812
    outer loop
      vertex 61.9833 2.5 -173.941
      vertex 62.1497 2.5 -174.011
      vertex 61.9833 0 -174.382
    endloop
  endfacet
  facet normal -0.38423 0.160383 -0.9092
    outer loop
      vertex 62.985 0 -174.805
      vertex 62.1497 2.5 -174.011
      vertex 62.985 2.5 -174.364
    endloop
  endfacet
  facet normal -0.383976 0.160496 -0.909287
    outer loop
      vertex 62.1497 2.5 -174.011
      vertex 62.985 0 -174.805
      vertex 61.9833 0 -174.382
    endloop
  endfacet
  facet normal -0.382733 -0.160491 -0.909812
    outer loop
      vertex 61.9833 0 -174.382
      vertex 62.1497 -2.5 -174.011
      vertex 61.9833 -2.5 -173.941
    endloop
  endfacet
  facet normal -0.38423 -0.160383 -0.9092
    outer loop
      vertex 62.1497 -2.5 -174.011
      vertex 62.985 0 -174.805
      vertex 62.985 -2.5 -174.364
    endloop
  endfacet
  facet normal -0.383976 -0.160496 -0.909287
    outer loop
      vertex 62.985 0 -174.805
      vertex 62.1497 -2.5 -174.011
      vertex 61.9833 0 -174.382
    endloop
  endfacet
  facet normal -0.378637 0.160784 -0.911473
    outer loop
      vertex 62.985 2.5 -174.364
      vertex 63.1511 2.5 -174.433
      vertex 62.985 0 -174.805
    endloop
  endfacet
  facet normal -0.384113 0.160391 -0.909248
    outer loop
      vertex 63.9867 0 -175.227
      vertex 63.1511 2.5 -174.433
      vertex 63.9867 2.5 -174.786
    endloop
  endfacet
  facet normal -0.383186 0.160802 -0.909567
    outer loop
      vertex 63.1511 2.5 -174.433
      vertex 63.9867 0 -175.227
      vertex 62.985 0 -174.805
    endloop
  endfacet
  facet normal -0.378637 -0.160784 -0.911473
    outer loop
      vertex 62.985 0 -174.805
      vertex 63.1511 -2.5 -174.433
      vertex 62.985 -2.5 -174.364
    endloop
  endfacet
  facet normal -0.384113 -0.160391 -0.909248
    outer loop
      vertex 63.1511 -2.5 -174.433
      vertex 63.9867 0 -175.227
      vertex 63.9867 -2.5 -174.786
    endloop
  endfacet
  facet normal -0.383186 -0.160802 -0.909567
    outer loop
      vertex 63.9867 0 -175.227
      vertex 63.1511 -2.5 -174.433
      vertex 62.985 0 -174.805
    endloop
  endfacet
  facet normal -0.383915 0.160406 -0.909329
    outer loop
      vertex 63.9867 2.5 -174.786
      vertex 64.1525 2.5 -174.856
      vertex 63.9867 0 -175.227
    endloop
  endfacet
  facet normal -0.383084 0.160818 -0.909607
    outer loop
      vertex 64.9883 0 -175.65
      vertex 64.1525 2.5 -174.856
      vertex 64.9883 2.5 -175.208
    endloop
  endfacet
  facet normal -0.384014 0.160406 -0.909287
    outer loop
      vertex 64.1525 2.5 -174.856
      vertex 64.9883 0 -175.65
      vertex 63.9867 0 -175.227
    endloop
  endfacet
  facet normal -0.383915 -0.160406 -0.909329
    outer loop
      vertex 63.9867 0 -175.227
      vertex 64.1525 -2.5 -174.856
      vertex 63.9867 -2.5 -174.786
    endloop
  endfacet
  facet normal -0.383084 -0.160818 -0.909607
    outer loop
      vertex 64.1525 -2.5 -174.856
      vertex 64.9883 0 -175.65
      vertex 64.9883 -2.5 -175.208
    endloop
  endfacet
  facet normal -0.384014 -0.160406 -0.909287
    outer loop
      vertex 64.9883 0 -175.65
      vertex 64.1525 -2.5 -174.856
      vertex 63.9867 0 -175.227
    endloop
  endfacet
  facet normal -0.384287 0.160731 -0.909114
    outer loop
      vertex 64.9883 2.5 -175.208
      vertex 65.1539 2.5 -175.278
      vertex 64.9883 0 -175.65
    endloop
  endfacet
  facet normal -0.383894 0.16076 -0.909275
    outer loop
      vertex 65.99 0 -176.073
      vertex 65.1539 2.5 -175.278
      vertex 65.99 2.5 -175.631
    endloop
  endfacet
  facet normal -0.383961 0.16073 -0.909252
    outer loop
      vertex 65.1539 2.5 -175.278
      vertex 65.99 0 -176.073
      vertex 64.9883 0 -175.65
    endloop
  endfacet
  facet normal -0.384287 -0.160731 -0.909114
    outer loop
      vertex 64.9883 0 -175.65
      vertex 65.1539 -2.5 -175.278
      vertex 64.9883 -2.5 -175.208
    endloop
  endfacet
  facet normal -0.383894 -0.16076 -0.909275
    outer loop
      vertex 65.1539 -2.5 -175.278
      vertex 65.99 0 -176.073
      vertex 65.99 -2.5 -175.631
    endloop
  endfacet
  facet normal -0.383961 -0.16073 -0.909252
    outer loop
      vertex 65.99 0 -176.073
      vertex 65.1539 -2.5 -175.278
      vertex 64.9883 0 -175.65
    endloop
  endfacet
  facet normal -0.380183 0.161027 -0.910786
    outer loop
      vertex 65.99 2.5 -175.631
      vertex 66.1553 2.5 -175.7
      vertex 65.99 0 -176.073
    endloop
  endfacet
  facet normal -0.383755 0.161123 -0.90927
    outer loop
      vertex 66.9917 0 -176.496
      vertex 66.1553 2.5 -175.7
      vertex 66.9917 2.5 -176.053
    endloop
  endfacet
  facet normal -0.383941 0.16104 -0.909206
    outer loop
      vertex 66.1553 2.5 -175.7
      vertex 66.9917 0 -176.496
      vertex 65.99 0 -176.073
    endloop
  endfacet
  facet normal -0.380183 -0.161027 -0.910786
    outer loop
      vertex 65.99 0 -176.073
      vertex 66.1553 -2.5 -175.7
      vertex 65.99 -2.5 -175.631
    endloop
  endfacet
  facet normal -0.383755 -0.161123 -0.90927
    outer loop
      vertex 66.1553 -2.5 -175.7
      vertex 66.9917 0 -176.496
      vertex 66.9917 -2.5 -176.053
    endloop
  endfacet
  facet normal -0.383941 -0.16104 -0.909206
    outer loop
      vertex 66.9917 0 -176.496
      vertex 66.1553 -2.5 -175.7
      vertex 65.99 0 -176.073
    endloop
  endfacet
  facet normal -0.380752 0.161339 -0.910493
    outer loop
      vertex 66.9917 2.5 -176.053
      vertex 67.1567 2.5 -176.122
      vertex 66.9917 0 -176.496
    endloop
  endfacet
  facet normal -0.384603 0.161061 -0.908923
    outer loop
      vertex 67.9933 0 -176.919
      vertex 67.1567 2.5 -176.122
      vertex 67.9933 2.5 -176.476
    endloop
  endfacet
  facet normal -0.383954 0.161349 -0.909146
    outer loop
      vertex 67.1567 2.5 -176.122
      vertex 67.9933 0 -176.919
      vertex 66.9917 0 -176.496
    endloop
  endfacet
  facet normal -0.380752 -0.161339 -0.910493
    outer loop
      vertex 66.9917 0 -176.496
      vertex 67.1567 -2.5 -176.122
      vertex 66.9917 -2.5 -176.053
    endloop
  endfacet
  facet normal -0.384603 -0.161061 -0.908923
    outer loop
      vertex 67.1567 -2.5 -176.122
      vertex 67.9933 0 -176.919
      vertex 67.9933 -2.5 -176.476
    endloop
  endfacet
  facet normal -0.383954 -0.161349 -0.909146
    outer loop
      vertex 67.9933 0 -176.919
      vertex 67.1567 -2.5 -176.122
      vertex 66.9917 0 -176.496
    endloop
  endfacet
  facet normal -0.381147 0.161311 -0.910333
    outer loop
      vertex 67.9933 2.5 -176.476
      vertex 68.1581 2.5 -176.545
      vertex 67.9933 0 -176.919
    endloop
  endfacet
  facet normal -0.383559 0.161137 -0.90935
    outer loop
      vertex 68.995 0 -177.341
      vertex 68.1581 2.5 -176.545
      vertex 68.995 2.5 -176.898
    endloop
  endfacet
  facet normal -0.383153 0.161317 -0.909489
    outer loop
      vertex 68.1581 2.5 -176.545
      vertex 68.995 0 -177.341
      vertex 67.9933 0 -176.919
    endloop
  endfacet
  facet normal -0.381147 -0.161311 -0.910333
    outer loop
      vertex 67.9933 0 -176.919
      vertex 68.1581 -2.5 -176.545
      vertex 67.9933 -2.5 -176.476
    endloop
  endfacet
  facet normal -0.383559 -0.161137 -0.90935
    outer loop
      vertex 68.1581 -2.5 -176.545
      vertex 68.995 0 -177.341
      vertex 68.995 -2.5 -176.898
    endloop
  endfacet
  facet normal -0.383153 -0.161317 -0.909489
    outer loop
      vertex 68.995 0 -177.341
      vertex 68.1581 -2.5 -176.545
      vertex 67.9933 0 -176.919
    endloop
  endfacet
  facet normal -0.381542 0.161283 -0.910172
    outer loop
      vertex 68.995 2.5 -176.898
      vertex 69.1596 2.5 -176.967
      vertex 68.995 0 -177.341
    endloop
  endfacet
  facet normal -0.383458 0.161497 -0.909329
    outer loop
      vertex 69.9967 0 -177.764
      vertex 69.1596 2.5 -176.967
      vertex 69.9967 2.5 -177.32
    endloop
  endfacet
  facet normal -0.383926 0.161289 -0.909168
    outer loop
      vertex 69.1596 2.5 -176.967
      vertex 69.9967 0 -177.764
      vertex 68.995 0 -177.341
    endloop
  endfacet
  facet normal -0.381542 -0.161283 -0.910172
    outer loop
      vertex 68.995 0 -177.341
      vertex 69.1596 -2.5 -176.967
      vertex 68.995 -2.5 -176.898
    endloop
  endfacet
  facet normal -0.383458 -0.161497 -0.909329
    outer loop
      vertex 69.1596 -2.5 -176.967
      vertex 69.9967 0 -177.764
      vertex 69.9967 -2.5 -177.32
    endloop
  endfacet
  facet normal -0.383926 -0.161289 -0.909168
    outer loop
      vertex 69.9967 0 -177.764
      vertex 69.1596 -2.5 -176.967
      vertex 68.995 0 -177.341
    endloop
  endfacet
  facet normal -0.382115 0.161594 -0.909877
    outer loop
      vertex 69.9967 2.5 -177.32
      vertex 70.161 2.5 -177.389
      vertex 69.9967 0 -177.764
    endloop
  endfacet
  facet normal -0.384306 0.161435 -0.908982
    outer loop
      vertex 70.9983 0 -178.187
      vertex 70.161 2.5 -177.389
      vertex 70.9983 2.5 -177.743
    endloop
  endfacet
  facet normal -0.383938 0.161599 -0.909108
    outer loop
      vertex 70.161 2.5 -177.389
      vertex 70.9983 0 -178.187
      vertex 69.9967 0 -177.764
    endloop
  endfacet
  facet normal -0.382115 -0.161594 -0.909877
    outer loop
      vertex 69.9967 0 -177.764
      vertex 70.161 -2.5 -177.389
      vertex 69.9967 -2.5 -177.32
    endloop
  endfacet
  facet normal -0.384306 -0.161435 -0.908982
    outer loop
      vertex 70.161 -2.5 -177.389
      vertex 70.9983 0 -178.187
      vertex 70.9983 -2.5 -177.743
    endloop
  endfacet
  facet normal -0.383938 -0.161599 -0.909108
    outer loop
      vertex 70.9983 0 -178.187
      vertex 70.161 -2.5 -177.389
      vertex 69.9967 0 -177.764
    endloop
  endfacet
  facet normal -0.382513 0.161565 -0.909715
    outer loop
      vertex 70.9983 2.5 -177.743
      vertex 71.1624 2.5 -177.812
      vertex 70.9983 0 -178.187
    endloop
  endfacet
  facet normal -0.383263 0.161511 -0.909408
    outer loop
      vertex 72 0 -178.609
      vertex 71.1624 2.5 -177.812
      vertex 72 2.5 -178.165
    endloop
  endfacet
  facet normal -0.383137 0.161567 -0.909452
    outer loop
      vertex 71.1624 2.5 -177.812
      vertex 72 0 -178.609
      vertex 70.9983 0 -178.187
    endloop
  endfacet
  facet normal -0.382513 -0.161565 -0.909715
    outer loop
      vertex 70.9983 0 -178.187
      vertex 71.1624 -2.5 -177.812
      vertex 70.9983 -2.5 -177.743
    endloop
  endfacet
  facet normal -0.383263 -0.161511 -0.909408
    outer loop
      vertex 71.1624 -2.5 -177.812
      vertex 72 0 -178.609
      vertex 72 -2.5 -178.165
    endloop
  endfacet
  facet normal -0.383137 -0.161567 -0.909452
    outer loop
      vertex 72 0 -178.609
      vertex 71.1624 -2.5 -177.812
      vertex 70.9983 0 -178.187
    endloop
  endfacet
  facet normal -0.38311 0.161522 -0.909471
    outer loop
      vertex 72 2.5 -178.165
      vertex 72.1638 2.5 -178.234
      vertex 72 0 -178.609
    endloop
  endfacet
  facet normal -0.383123 0.161874 -0.909403
    outer loop
      vertex 73.0017 0 -179.032
      vertex 72.1638 2.5 -178.234
      vertex 73.0017 2.5 -178.587
    endloop
  endfacet
  facet normal -0.383911 0.161524 -0.909133
    outer loop
      vertex 72.1638 2.5 -178.234
      vertex 73.0017 0 -179.032
      vertex 72 0 -178.609
    endloop
  endfacet
  facet normal -0.38311 -0.161522 -0.909471
    outer loop
      vertex 72 0 -178.609
      vertex 72.1638 -2.5 -178.234
      vertex 72 -2.5 -178.165
    endloop
  endfacet
  facet normal -0.383123 -0.161874 -0.909403
    outer loop
      vertex 72.1638 -2.5 -178.234
      vertex 73.0017 0 -179.032
      vertex 73.0017 -2.5 -178.587
    endloop
  endfacet
  facet normal -0.383911 -0.161524 -0.909133
    outer loop
      vertex 73.0017 0 -179.032
      vertex 72.1638 -2.5 -178.234
      vertex 72 0 -178.609
    endloop
  endfacet
  facet normal -0.383687 0.161833 -0.909172
    outer loop
      vertex 73.0017 2.5 -178.587
      vertex 73.1652 2.5 -178.656
      vertex 73.0017 0 -179.032
    endloop
  endfacet
  facet normal -0.383971 0.161812 -0.909056
    outer loop
      vertex 74.0033 0 -179.455
      vertex 73.1652 2.5 -178.656
      vertex 74.0033 2.5 -179.01
    endloop
  endfacet
  facet normal -0.383923 0.161833 -0.909073
    outer loop
      vertex 73.1652 2.5 -178.656
      vertex 74.0033 0 -179.455
      vertex 73.0017 0 -179.032
    endloop
  endfacet
  facet normal -0.383687 -0.161833 -0.909172
    outer loop
      vertex 73.0017 0 -179.032
      vertex 73.1652 -2.5 -178.656
      vertex 73.0017 -2.5 -178.587
    endloop
  endfacet
  facet normal -0.383971 -0.161812 -0.909056
    outer loop
      vertex 73.1652 -2.5 -178.656
      vertex 74.0033 0 -179.455
      vertex 74.0033 -2.5 -179.01
    endloop
  endfacet
  facet normal -0.383923 -0.161833 -0.909073
    outer loop
      vertex 74.0033 0 -179.455
      vertex 73.1652 -2.5 -178.656
      vertex 73.0017 0 -179.032
    endloop
  endfacet
  facet normal -0.379129 0.162162 -0.911024
    outer loop
      vertex 74.0033 2.5 -179.01
      vertex 74.1667 2.5 -179.078
      vertex 74.0033 0 -179.455
    endloop
  endfacet
  facet normal -0.38387 0.162172 -0.909035
    outer loop
      vertex 75.005 0 -179.878
      vertex 74.1667 2.5 -179.078
      vertex 75.005 2.5 -179.432
    endloop
  endfacet
  facet normal -0.383869 0.162172 -0.909035
    outer loop
      vertex 74.1667 2.5 -179.078
      vertex 75.005 0 -179.878
      vertex 74.0033 0 -179.455
    endloop
  endfacet
  facet normal -0.379129 -0.162162 -0.911024
    outer loop
      vertex 74.0033 0 -179.455
      vertex 74.1667 -2.5 -179.078
      vertex 74.0033 -2.5 -179.01
    endloop
  endfacet
  facet normal -0.38387 -0.162172 -0.909035
    outer loop
      vertex 74.1667 -2.5 -179.078
      vertex 75.005 0 -179.878
      vertex 75.005 -2.5 -179.432
    endloop
  endfacet
  facet normal -0.383869 -0.162172 -0.909035
    outer loop
      vertex 75.005 0 -179.878
      vertex 74.1667 -2.5 -179.078
      vertex 74.0033 0 -179.455
    endloop
  endfacet
  facet normal -0.384467 0.162128 -0.90879
    outer loop
      vertex 75.005 2.5 -179.432
      vertex 75.1681 2.5 -179.501
      vertex 75.005 0 -179.878
    endloop
  endfacet
  facet normal -0.383753 0.16218 -0.909083
    outer loop
      vertex 76.0067 0 -180.301
      vertex 75.1681 2.5 -179.501
      vertex 76.0067 2.5 -179.855
    endloop
  endfacet
  facet normal -0.383872 0.162127 -0.909042
    outer loop
      vertex 75.1681 2.5 -179.501
      vertex 76.0067 0 -180.301
      vertex 75.005 0 -179.878
    endloop
  endfacet
  facet normal -0.384467 -0.162128 -0.90879
    outer loop
      vertex 75.005 0 -179.878
      vertex 75.1681 -2.5 -179.501
      vertex 75.005 -2.5 -179.432
    endloop
  endfacet
  facet normal -0.383753 -0.16218 -0.909083
    outer loop
      vertex 75.1681 -2.5 -179.501
      vertex 76.0067 0 -180.301
      vertex 76.0067 -2.5 -179.855
    endloop
  endfacet
  facet normal -0.383872 -0.162127 -0.909042
    outer loop
      vertex 76.0067 0 -180.301
      vertex 75.1681 -2.5 -179.501
      vertex 75.005 0 -179.878
    endloop
  endfacet
  facet normal -0.380302 0.162431 -0.910487
    outer loop
      vertex 76.0067 2.5 -179.855
      vertex 76.1695 2.5 -179.923
      vertex 76.0067 0 -180.301
    endloop
  endfacet
  facet normal -0.383675 0.162186 -0.909115
    outer loop
      vertex 77.0083 0 -180.723
      vertex 76.1695 2.5 -179.923
      vertex 77.0083 2.5 -180.277
    endloop
  endfacet
  facet normal -0.383114 0.162436 -0.909306
    outer loop
      vertex 76.1695 2.5 -179.923
      vertex 77.0083 0 -180.723
      vertex 76.0067 0 -180.301
    endloop
  endfacet
  facet normal -0.380302 -0.162431 -0.910487
    outer loop
      vertex 76.0067 0 -180.301
      vertex 76.1695 -2.5 -179.923
      vertex 76.0067 -2.5 -179.855
    endloop
  endfacet
  facet normal -0.383675 -0.162186 -0.909115
    outer loop
      vertex 76.1695 -2.5 -179.923
      vertex 77.0083 0 -180.723
      vertex 77.0083 -2.5 -180.277
    endloop
  endfacet
  facet normal -0.383114 -0.162436 -0.909306
    outer loop
      vertex 77.0083 0 -180.723
      vertex 76.1695 -2.5 -179.923
      vertex 76.0067 0 -180.301
    endloop
  endfacet
  facet normal -0.380702 0.162402 -0.910325
    outer loop
      vertex 77.0083 2.5 -180.277
      vertex 77.1709 2.5 -180.345
      vertex 77.0083 0 -180.723
    endloop
  endfacet
  facet normal -0.383535 0.162549 -0.909109
    outer loop
      vertex 78.01 0 -181.146
      vertex 77.1709 2.5 -180.345
      vertex 78.01 2.5 -180.699
    endloop
  endfacet
  facet normal -0.383854 0.162407 -0.908999
    outer loop
      vertex 77.1709 2.5 -180.345
      vertex 78.01 0 -181.146
      vertex 77.0083 0 -180.723
    endloop
  endfacet
  facet normal -0.380702 -0.162402 -0.910325
    outer loop
      vertex 77.0083 0 -180.723
      vertex 77.1709 -2.5 -180.345
      vertex 77.0083 -2.5 -180.277
    endloop
  endfacet
  facet normal -0.383535 -0.162549 -0.909109
    outer loop
      vertex 77.1709 -2.5 -180.345
      vertex 78.01 0 -181.146
      vertex 78.01 -2.5 -180.699
    endloop
  endfacet
  facet normal -0.383854 -0.162407 -0.908999
    outer loop
      vertex 78.01 0 -181.146
      vertex 77.1709 -2.5 -180.345
      vertex 77.0083 0 -180.723
    endloop
  endfacet
  facet normal -0.381281 0.162713 -0.910027
    outer loop
      vertex 78.01 2.5 -180.699
      vertex 78.1723 2.5 -180.767
      vertex 78.01 0 -181.146
    endloop
  endfacet
  facet normal -0.384342 0.16249 -0.908779
    outer loop
      vertex 79.0117 0 -181.569
      vertex 78.1723 2.5 -180.767
      vertex 79.0117 2.5 -181.122
    endloop
  endfacet
  facet normal -0.383834 0.162716 -0.908953
    outer loop
      vertex 78.1723 2.5 -180.767
      vertex 79.0117 0 -181.569
      vertex 78.01 0 -181.146
    endloop
  endfacet
  facet normal -0.381281 -0.162713 -0.910027
    outer loop
      vertex 78.01 0 -181.146
      vertex 78.1723 -2.5 -180.767
      vertex 78.01 -2.5 -180.699
    endloop
  endfacet
  facet normal -0.384342 -0.16249 -0.908779
    outer loop
      vertex 78.1723 -2.5 -180.767
      vertex 79.0117 0 -181.569
      vertex 79.0117 -2.5 -181.122
    endloop
  endfacet
  facet normal -0.383834 -0.162716 -0.908953
    outer loop
      vertex 79.0117 0 -181.569
      vertex 78.1723 -2.5 -180.767
      vertex 78.01 0 -181.146
    endloop
  endfacet
  facet normal -0.381683 0.162684 -0.909864
    outer loop
      vertex 79.0117 2.5 -181.122
      vertex 79.1738 2.5 -181.19
      vertex 79.0117 0 -181.569
    endloop
  endfacet
  facet normal -0.383357 0.162914 -0.909119
    outer loop
      vertex 80.0133 0 -181.992
      vertex 79.1738 2.5 -181.19
      vertex 80.0133 2.5 -181.544
    endloop
  endfacet
  facet normal -0.383869 0.162686 -0.908943
    outer loop
      vertex 79.1738 2.5 -181.19
      vertex 80.0133 0 -181.992
      vertex 79.0117 0 -181.569
    endloop
  endfacet
  facet normal -0.381683 -0.162684 -0.909864
    outer loop
      vertex 79.0117 0 -181.569
      vertex 79.1738 -2.5 -181.19
      vertex 79.0117 -2.5 -181.122
    endloop
  endfacet
  facet normal -0.383357 -0.162914 -0.909119
    outer loop
      vertex 79.1738 -2.5 -181.19
      vertex 80.0133 0 -181.992
      vertex 80.0133 -2.5 -181.544
    endloop
  endfacet
  facet normal -0.383869 -0.162686 -0.908943
    outer loop
      vertex 80.0133 0 -181.992
      vertex 79.1738 -2.5 -181.19
      vertex 79.0117 0 -181.569
    endloop
  endfacet
  facet normal -0.382063 0.163009 -0.909646
    outer loop
      vertex 80.0133 2.5 -181.544
      vertex 80.1752 2.5 -181.612
      vertex 80.0133 0 -181.992
    endloop
  endfacet
  facet normal -0.38324 0.162923 -0.909166
    outer loop
      vertex 81.015 0 -182.414
      vertex 80.1752 2.5 -181.612
      vertex 81.015 2.5 -181.966
    endloop
  endfacet
  facet normal -0.383045 0.163009 -0.909233
    outer loop
      vertex 80.1752 2.5 -181.612
      vertex 81.015 0 -182.414
      vertex 80.0133 0 -181.992
    endloop
  endfacet
  facet normal -0.382063 -0.163009 -0.909646
    outer loop
      vertex 80.0133 0 -181.992
      vertex 80.1752 -2.5 -181.612
      vertex 80.0133 -2.5 -181.544
    endloop
  endfacet
  facet normal -0.38324 -0.162923 -0.909166
    outer loop
      vertex 80.1752 -2.5 -181.612
      vertex 81.015 0 -182.414
      vertex 81.015 -2.5 -181.966
    endloop
  endfacet
  facet normal -0.383045 -0.163009 -0.909233
    outer loop
      vertex 81.015 0 -182.414
      vertex 80.1752 -2.5 -181.612
      vertex 80.0133 0 -181.992
    endloop
  endfacet
  facet normal -0.382668 0.162964 -0.9094
    outer loop
      vertex 81.015 2.5 -181.966
      vertex 81.1766 2.5 -182.034
      vertex 81.015 0 -182.414
    endloop
  endfacet
  facet normal -0.384046 0.162864 -0.908837
    outer loop
      vertex 82.0167 0 -182.837
      vertex 81.1766 2.5 -182.034
      vertex 82.0167 2.5 -182.389
    endloop
  endfacet
  facet normal -0.383818 0.162965 -0.908915
    outer loop
      vertex 81.1766 2.5 -182.034
      vertex 82.0167 0 -182.837
      vertex 81.015 0 -182.414
    endloop
  endfacet
  facet normal -0.382668 -0.162964 -0.9094
    outer loop
      vertex 81.015 0 -182.414
      vertex 81.1766 -2.5 -182.034
      vertex 81.015 -2.5 -181.966
    endloop
  endfacet
  facet normal -0.384046 -0.162864 -0.908837
    outer loop
      vertex 81.1766 -2.5 -182.034
      vertex 82.0167 0 -182.837
      vertex 82.0167 -2.5 -182.389
    endloop
  endfacet
  facet normal -0.383818 -0.162965 -0.908915
    outer loop
      vertex 82.0167 0 -182.837
      vertex 81.1766 -2.5 -182.034
      vertex 81.015 0 -182.414
    endloop
  endfacet
  facet normal -0.383275 0.16292 -0.909152
    outer loop
      vertex 82.0167 2.5 -182.389
      vertex 82.178 2.5 -182.457
      vertex 82.0167 0 -182.837
    endloop
  endfacet
  facet normal -0.383023 0.163291 -0.909192
    outer loop
      vertex 83.0183 0 -183.26
      vertex 82.178 2.5 -182.457
      vertex 83.0183 2.5 -182.811
    endloop
  endfacet
  facet normal -0.383854 0.16292 -0.908908
    outer loop
      vertex 82.178 2.5 -182.457
      vertex 83.0183 0 -183.26
      vertex 82.0167 0 -182.837
    endloop
  endfacet
  facet normal -0.383275 -0.16292 -0.909152
    outer loop
      vertex 82.0167 0 -182.837
      vertex 82.178 -2.5 -182.457
      vertex 82.0167 -2.5 -182.389
    endloop
  endfacet
  facet normal -0.383023 -0.163291 -0.909192
    outer loop
      vertex 82.178 -2.5 -182.457
      vertex 83.0183 0 -183.26
      vertex 83.0183 -2.5 -182.811
    endloop
  endfacet
  facet normal -0.383854 -0.16292 -0.908908
    outer loop
      vertex 83.0183 0 -183.26
      vertex 82.178 -2.5 -182.457
      vertex 82.0167 0 -182.837
    endloop
  endfacet
  facet normal -0.383455 0.163259 -0.909015
    outer loop
      vertex 83.0183 2.5 -182.811
      vertex 83.1795 2.5 -182.879
      vertex 83.0183 0 -183.26
    endloop
  endfacet
  facet normal -0.38389 0.162875 -0.9089
    outer loop
      vertex 84.02 0 -183.682
      vertex 83.1795 2.5 -182.879
      vertex 84.02 2.5 -183.234
    endloop
  endfacet
  facet normal -0.383029 0.163259 -0.909195
    outer loop
      vertex 83.1795 2.5 -182.879
      vertex 84.02 0 -183.682
      vertex 83.0183 0 -183.26
    endloop
  endfacet
  facet normal -0.383455 -0.163259 -0.909015
    outer loop
      vertex 83.0183 0 -183.26
      vertex 83.1795 -2.5 -182.879
      vertex 83.0183 -2.5 -182.811
    endloop
  endfacet
  facet normal -0.38389 -0.162875 -0.9089
    outer loop
      vertex 83.1795 -2.5 -182.879
      vertex 84.02 0 -183.682
      vertex 84.02 -2.5 -183.234
    endloop
  endfacet
  facet normal -0.383029 -0.163259 -0.909195
    outer loop
      vertex 84.02 0 -183.682
      vertex 83.1795 -2.5 -182.879
      vertex 83.0183 0 -183.26
    endloop
  endfacet
  facet normal -0.379257 0.163212 -0.910783
    outer loop
      vertex 84.02 2.5 -183.234
      vertex 84.1809 2.5 -183.301
      vertex 84.02 0 -183.682
    endloop
  endfacet
  facet normal -0.383751 0.163237 -0.908894
    outer loop
      vertex 85.0217 0 -184.105
      vertex 84.1809 2.5 -183.301
      vertex 85.0217 2.5 -183.656
    endloop
  endfacet
  facet normal -0.383802 0.163214 -0.908877
    outer loop
      vertex 84.1809 2.5 -183.301
      vertex 85.0217 0 -184.105
      vertex 84.02 0 -183.682
    endloop
  endfacet
  facet normal -0.379257 -0.163212 -0.910783
    outer loop
      vertex 84.02 0 -183.682
      vertex 84.1809 -2.5 -183.301
      vertex 84.02 -2.5 -183.234
    endloop
  endfacet
  facet normal -0.383751 -0.163237 -0.908894
    outer loop
      vertex 84.1809 -2.5 -183.301
      vertex 85.0217 0 -184.105
      vertex 85.0217 -2.5 -183.656
    endloop
  endfacet
  facet normal -0.383802 -0.163214 -0.908877
    outer loop
      vertex 85.0217 0 -184.105
      vertex 84.1809 -2.5 -183.301
      vertex 84.02 0 -183.682
    endloop
  endfacet
  facet normal -0.379841 0.163523 -0.910484
    outer loop
      vertex 85.0217 2.5 -183.656
      vertex 85.1823 2.5 -183.723
      vertex 85.0217 0 -184.105
    endloop
  endfacet
  facet normal -0.38365 0.163597 -0.908872
    outer loop
      vertex 86.0233 0 -184.528
      vertex 85.1823 2.5 -183.723
      vertex 86.0233 2.5 -184.078
    endloop
  endfacet
  facet normal -0.383815 0.163523 -0.908816
    outer loop
      vertex 85.1823 2.5 -183.723
      vertex 86.0233 0 -184.528
      vertex 85.0217 0 -184.105
    endloop
  endfacet
  facet normal -0.379841 -0.163523 -0.910484
    outer loop
      vertex 85.0217 0 -184.105
      vertex 85.1823 -2.5 -183.723
      vertex 85.0217 -2.5 -183.656
    endloop
  endfacet
  facet normal -0.38365 -0.163597 -0.908872
    outer loop
      vertex 85.1823 -2.5 -183.723
      vertex 86.0233 0 -184.528
      vertex 86.0233 -2.5 -184.078
    endloop
  endfacet
  facet normal -0.383815 -0.163523 -0.908816
    outer loop
      vertex 86.0233 0 -184.528
      vertex 85.1823 -2.5 -183.723
      vertex 85.0217 0 -184.105
    endloop
  endfacet
  facet normal -0.384858 0.163508 -0.908377
    outer loop
      vertex 86.0233 2.5 -184.078
      vertex 86.1838 2.5 -184.146
      vertex 86.0233 0 -184.528
    endloop
  endfacet
  facet normal -0.383572 0.163603 -0.908904
    outer loop
      vertex 87.025 0 -184.951
      vertex 86.1838 2.5 -184.146
      vertex 87.025 2.5 -184.501
    endloop
  endfacet
  facet normal -0.383783 0.163508 -0.908832
    outer loop
      vertex 86.1838 2.5 -184.146
      vertex 87.025 0 -184.951
      vertex 86.0233 0 -184.528
    endloop
  endfacet
  facet normal -0.384858 -0.163508 -0.908377
    outer loop
      vertex 86.0233 0 -184.528
      vertex 86.1838 -2.5 -184.146
      vertex 86.0233 -2.5 -184.078
    endloop
  endfacet
  facet normal -0.383572 -0.163603 -0.908904
    outer loop
      vertex 86.1838 -2.5 -184.146
      vertex 87.025 0 -184.951
      vertex 87.025 -2.5 -184.501
    endloop
  endfacet
  facet normal -0.383783 -0.163508 -0.908832
    outer loop
      vertex 87.025 0 -184.951
      vertex 86.1838 -2.5 -184.146
      vertex 86.0233 0 -184.528
    endloop
  endfacet
  facet normal -0.380629 0.163818 -0.910102
    outer loop
      vertex 87.025 2.5 -184.501
      vertex 87.1852 2.5 -184.568
      vertex 87.025 0 -184.951
    endloop
  endfacet
  facet normal -0.383433 0.163965 -0.908898
    outer loop
      vertex 88.0267 0 -185.374
      vertex 87.1852 2.5 -184.568
      vertex 88.0267 2.5 -184.923
    endloop
  endfacet
  facet normal -0.383763 0.163817 -0.908785
    outer loop
      vertex 87.1852 2.5 -184.568
      vertex 88.0267 0 -185.374
      vertex 87.025 0 -184.951
    endloop
  endfacet
  facet normal -0.380629 -0.163818 -0.910102
    outer loop
      vertex 87.025 0 -184.951
      vertex 87.1852 -2.5 -184.568
      vertex 87.025 -2.5 -184.501
    endloop
  endfacet
  facet normal -0.383433 -0.163965 -0.908898
    outer loop
      vertex 87.1852 -2.5 -184.568
      vertex 88.0267 0 -185.374
      vertex 88.0267 -2.5 -184.923
    endloop
  endfacet
  facet normal -0.383763 -0.163817 -0.908785
    outer loop
      vertex 88.0267 0 -185.374
      vertex 87.1852 -2.5 -184.568
      vertex 87.025 0 -184.951
    endloop
  endfacet
  facet normal -0.381217 0.164128 -0.9098
    outer loop
      vertex 88.0267 2.5 -184.923
      vertex 88.1866 2.5 -184.99
      vertex 88.0267 0 -185.374
    endloop
  endfacet
  facet normal -0.383355 0.163971 -0.908929
    outer loop
      vertex 89.0283 0 -185.796
      vertex 88.1866 2.5 -184.99
      vertex 89.0283 2.5 -185.345
    endloop
  endfacet
  facet normal -0.383006 0.164127 -0.909048
    outer loop
      vertex 88.1866 2.5 -184.99
      vertex 89.0283 0 -185.796
      vertex 88.0267 0 -185.374
    endloop
  endfacet
  facet normal -0.381217 -0.164128 -0.9098
    outer loop
      vertex 88.0267 0 -185.374
      vertex 88.1866 -2.5 -184.99
      vertex 88.0267 -2.5 -184.923
    endloop
  endfacet
  facet normal -0.383355 -0.163971 -0.908929
    outer loop
      vertex 88.1866 -2.5 -184.99
      vertex 89.0283 0 -185.796
      vertex 89.0283 -2.5 -185.345
    endloop
  endfacet
  facet normal -0.383006 -0.164127 -0.909048
    outer loop
      vertex 89.0283 0 -185.796
      vertex 88.1866 -2.5 -184.99
      vertex 88.0267 0 -185.374
    endloop
  endfacet
  facet normal -0.386475 0.16374 -0.907649
    outer loop
      vertex 89.0283 2.5 -185.345
      vertex 89.188 2.5 -185.413
      vertex 89.0283 0 -185.796
    endloop
  endfacet
  facet normal -0.376035 0.164504 -0.911886
    outer loop
      vertex 89.9912 0 -186.203
      vertex 90.03 2.5 -185.768
      vertex 90.03 0 -186.219
    endloop
  endfacet
  facet normal -0.386669 0.163912 -0.907535
    outer loop
      vertex 90.03 2.5 -185.768
      vertex 89.9912 0 -186.203
      vertex 89.9901 2.5 -185.751
    endloop
  endfacet
  facet normal -0.383533 0.163958 -0.908857
    outer loop
      vertex 89.97 0 -186.194
      vertex 89.188 2.5 -185.413
      vertex 89.97 2.5 -185.743
    endloop
  endfacet
  facet normal -0.384044 0.163742 -0.90868
    outer loop
      vertex 89.188 2.5 -185.413
      vertex 89.97 0 -186.194
      vertex 89.0283 0 -185.796
    endloop
  endfacet
  facet normal -0.386475 -0.16374 -0.907649
    outer loop
      vertex 89.0283 0 -185.796
      vertex 89.188 -2.5 -185.413
      vertex 89.0283 -2.5 -185.345
    endloop
  endfacet
  facet normal -0.376035 -0.164504 -0.911886
    outer loop
      vertex 90.03 -2.5 -185.768
      vertex 89.9912 0 -186.203
      vertex 90.03 0 -186.219
    endloop
  endfacet
  facet normal -0.386669 -0.163912 -0.907535
    outer loop
      vertex 89.9912 0 -186.203
      vertex 90.03 -2.5 -185.768
      vertex 89.9901 -2.5 -185.751
    endloop
  endfacet
  facet normal -0.383533 -0.163958 -0.908857
    outer loop
      vertex 89.188 -2.5 -185.413
      vertex 89.97 0 -186.194
      vertex 89.97 -2.5 -185.743
    endloop
  endfacet
  facet normal -0.384044 -0.163742 -0.90868
    outer loop
      vertex 89.97 0 -186.194
      vertex 89.188 -2.5 -185.413
      vertex 89.0283 0 -185.796
    endloop
  endfacet
  facet normal -1 0 0
    outer loop
      vertex 89.97 0 -186.194
      vertex 89.97 2.5 -185.749
      vertex 89.97 0 -186.2
    endloop
  endfacet
  facet normal -1 -0 0
    outer loop
      vertex 89.97 2.5 -185.749
      vertex 89.97 0 -186.194
      vertex 89.97 2.5 -185.743
    endloop
  endfacet
  facet normal -1 0 0
    outer loop
      vertex 89.97 -2.5 -185.749
      vertex 89.97 0 -186.194
      vertex 89.97 0 -186.2
    endloop
  endfacet
  facet normal -1 0 0
    outer loop
      vertex 89.97 0 -186.194
      vertex 89.97 -2.5 -185.749
      vertex 89.97 -2.5 -185.743
    endloop
  endfacet
  facet normal -0.137922 0.176156 -0.974652
    outer loop
      vertex 89.97 0 -186.2
      vertex 89.9901 2.5 -185.751
      vertex 89.9912 0 -186.203
    endloop
  endfacet
  facet normal -0.0974557 0.176689 -0.97943
    outer loop
      vertex 89.9901 2.5 -185.751
      vertex 89.97 0 -186.2
      vertex 89.97 2.5 -185.749
    endloop
  endfacet
  facet normal -0.121003 0.176414 -0.97685
    outer loop
      vertex 90.03 0 -186.207
      vertex 90.6717 2.5 -185.835
      vertex 90.805 0 -186.303
    endloop
  endfacet
  facet normal -0.120275 0.176245 -0.976971
    outer loop
      vertex 90.6717 2.5 -185.835
      vertex 90.03 0 -186.207
      vertex 90.03 2.5 -185.756
    endloop
  endfacet
  facet normal -0.124529 0.176152 -0.976454
    outer loop
      vertex 90.805 2.5 -185.852
      vertex 90.805 0 -186.303
      vertex 90.6717 2.5 -185.835
    endloop
  endfacet
  facet normal -0.0974497 -0.177027 -0.97937
    outer loop
      vertex 89.97 -2.5 -185.749
      vertex 89.9912 0 -186.203
      vertex 89.9901 -2.5 -185.751
    endloop
  endfacet
  facet normal -0.13793 -0.175837 -0.974708
    outer loop
      vertex 89.9912 0 -186.203
      vertex 89.97 -2.5 -185.749
      vertex 89.97 0 -186.2
    endloop
  endfacet
  facet normal -0.120275 -0.176245 -0.976971
    outer loop
      vertex 90.03 0 -186.207
      vertex 90.6717 -2.5 -185.835
      vertex 90.03 -2.5 -185.756
    endloop
  endfacet
  facet normal -0.121003 -0.176414 -0.97685
    outer loop
      vertex 90.6717 -2.5 -185.835
      vertex 90.03 0 -186.207
      vertex 90.805 0 -186.303
    endloop
  endfacet
  facet normal -0.124529 -0.176152 -0.976454
    outer loop
      vertex 90.805 0 -186.303
      vertex 90.805 -2.5 -185.852
      vertex 90.6717 -2.5 -185.835
    endloop
  endfacet
  facet normal -0.121658 0.176375 -0.976776
    outer loop
      vertex 90.805 0 -186.303
      vertex 91.5069 2.5 -185.939
      vertex 91.64 0 -186.407
    endloop
  endfacet
  facet normal -0.121083 0.176228 -0.976874
    outer loop
      vertex 91.5069 2.5 -185.939
      vertex 90.805 0 -186.303
      vertex 90.805 2.5 -185.852
    endloop
  endfacet
  facet normal -0.124713 0.176148 -0.976431
    outer loop
      vertex 91.64 2.5 -185.956
      vertex 91.64 0 -186.407
      vertex 91.5069 2.5 -185.939
    endloop
  endfacet
  facet normal -0.121083 -0.176228 -0.976874
    outer loop
      vertex 90.805 0 -186.303
      vertex 91.5069 -2.5 -185.939
      vertex 90.805 -2.5 -185.852
    endloop
  endfacet
  facet normal -0.121658 -0.176375 -0.976776
    outer loop
      vertex 91.5069 -2.5 -185.939
      vertex 90.805 0 -186.303
      vertex 91.64 0 -186.407
    endloop
  endfacet
  facet normal -0.124713 -0.176148 -0.976431
    outer loop
      vertex 91.64 0 -186.407
      vertex 91.64 -2.5 -185.956
      vertex 91.5069 -2.5 -185.939
    endloop
  endfacet
  facet normal -0.120512 0.176091 -0.976969
    outer loop
      vertex 91.64 0 -186.407
      vertex 92.3421 2.5 -186.043
      vertex 92.475 0 -186.51
    endloop
  endfacet
  facet normal -0.121049 0.176229 -0.976878
    outer loop
      vertex 92.3421 2.5 -186.043
      vertex 91.64 0 -186.407
      vertex 91.64 2.5 -185.956
    endloop
  endfacet
  facet normal -0.124907 0.175766 -0.976476
    outer loop
      vertex 92.475 2.5 -186.06
      vertex 92.475 0 -186.51
      vertex 92.3421 2.5 -186.043
    endloop
  endfacet
  facet normal -0.121049 -0.176229 -0.976878
    outer loop
      vertex 91.64 0 -186.407
      vertex 92.3421 -2.5 -186.043
      vertex 91.64 -2.5 -185.956
    endloop
  endfacet
  facet normal -0.120512 -0.176091 -0.976969
    outer loop
      vertex 92.3421 -2.5 -186.043
      vertex 91.64 0 -186.407
      vertex 92.475 0 -186.51
    endloop
  endfacet
  facet normal -0.124907 -0.175766 -0.976476
    outer loop
      vertex 92.475 0 -186.51
      vertex 92.475 -2.5 -186.06
      vertex 92.3421 -2.5 -186.043
    endloop
  endfacet
  facet normal -0.121666 0.176016 -0.97684
    outer loop
      vertex 92.475 0 -186.51
      vertex 93.1773 2.5 -186.147
      vertex 93.31 0 -186.614
    endloop
  endfacet
  facet normal -0.121023 0.175851 -0.976949
    outer loop
      vertex 93.1773 2.5 -186.147
      vertex 92.475 0 -186.51
      vertex 92.475 2.5 -186.06
    endloop
  endfacet
  facet normal -0.125092 0.175761 -0.976453
    outer loop
      vertex 93.31 2.5 -186.164
      vertex 93.31 0 -186.614
      vertex 93.1773 2.5 -186.147
    endloop
  endfacet
  facet normal -0.121023 -0.175851 -0.976949
    outer loop
      vertex 92.475 0 -186.51
      vertex 93.1773 -2.5 -186.147
      vertex 92.475 -2.5 -186.06
    endloop
  endfacet
  facet normal -0.121666 -0.176016 -0.97684
    outer loop
      vertex 93.1773 -2.5 -186.147
      vertex 92.475 0 -186.51
      vertex 93.31 0 -186.614
    endloop
  endfacet
  facet normal -0.125092 -0.175761 -0.976453
    outer loop
      vertex 93.31 0 -186.614
      vertex 93.31 -2.5 -186.164
      vertex 93.1773 -2.5 -186.147
    endloop
  endfacet
  facet normal -0.12052 0.175731 -0.977033
    outer loop
      vertex 93.31 0 -186.614
      vertex 94.0125 2.5 -186.251
      vertex 94.145 0 -186.717
    endloop
  endfacet
  facet normal -0.120989 0.175852 -0.976953
    outer loop
      vertex 94.0125 2.5 -186.251
      vertex 93.31 0 -186.614
      vertex 93.31 2.5 -186.164
    endloop
  endfacet
  facet normal -0.125286 0.175379 -0.976497
    outer loop
      vertex 94.145 2.5 -186.268
      vertex 94.145 0 -186.717
      vertex 94.0125 2.5 -186.251
    endloop
  endfacet
  facet normal -0.120989 -0.175852 -0.976953
    outer loop
      vertex 93.31 0 -186.614
      vertex 94.0125 -2.5 -186.251
      vertex 93.31 -2.5 -186.164
    endloop
  endfacet
  facet normal -0.12052 -0.175731 -0.977033
    outer loop
      vertex 94.0125 -2.5 -186.251
      vertex 93.31 0 -186.614
      vertex 94.145 0 -186.717
    endloop
  endfacet
  facet normal -0.125286 -0.175379 -0.976497
    outer loop
      vertex 94.145 0 -186.717
      vertex 94.145 -2.5 -186.268
      vertex 94.0125 -2.5 -186.251
    endloop
  endfacet
  facet normal -0.121674 0.175656 -0.976903
    outer loop
      vertex 94.145 0 -186.717
      vertex 94.8477 2.5 -186.355
      vertex 94.98 0 -186.821
    endloop
  endfacet
  facet normal -0.120964 0.175474 -0.977024
    outer loop
      vertex 94.8477 2.5 -186.355
      vertex 94.145 0 -186.717
      vertex 94.145 2.5 -186.268
    endloop
  endfacet
  facet normal -0.125473 0.175375 -0.976473
    outer loop
      vertex 94.98 2.5 -186.372
      vertex 94.98 0 -186.821
      vertex 94.8477 2.5 -186.355
    endloop
  endfacet
  facet normal -0.120964 -0.175474 -0.977024
    outer loop
      vertex 94.145 0 -186.717
      vertex 94.8477 -2.5 -186.355
      vertex 94.145 -2.5 -186.268
    endloop
  endfacet
  facet normal -0.121674 -0.175656 -0.976903
    outer loop
      vertex 94.8477 -2.5 -186.355
      vertex 94.145 0 -186.717
      vertex 94.98 0 -186.821
    endloop
  endfacet
  facet normal -0.125473 -0.175375 -0.976473
    outer loop
      vertex 94.98 0 -186.821
      vertex 94.98 -2.5 -186.372
      vertex 94.8477 -2.5 -186.355
    endloop
  endfacet
  facet normal -0.120528 0.175371 -0.977097
    outer loop
      vertex 94.98 0 -186.821
      vertex 95.6829 2.5 -186.459
      vertex 95.815 0 -186.924
    endloop
  endfacet
  facet normal -0.12093 0.175474 -0.977029
    outer loop
      vertex 95.6829 2.5 -186.459
      vertex 94.98 0 -186.821
      vertex 94.98 2.5 -186.372
    endloop
  endfacet
  facet normal -0.125668 0.174992 -0.976517
    outer loop
      vertex 95.815 2.5 -186.476
      vertex 95.815 0 -186.924
      vertex 95.6829 2.5 -186.459
    endloop
  endfacet
  facet normal -0.12093 -0.175474 -0.977029
    outer loop
      vertex 94.98 0 -186.821
      vertex 95.6829 -2.5 -186.459
      vertex 94.98 -2.5 -186.372
    endloop
  endfacet
  facet normal -0.120528 -0.175371 -0.977097
    outer loop
      vertex 95.6829 -2.5 -186.459
      vertex 94.98 0 -186.821
      vertex 95.815 0 -186.924
    endloop
  endfacet
  facet normal -0.125668 -0.174992 -0.976517
    outer loop
      vertex 95.815 0 -186.924
      vertex 95.815 -2.5 -186.476
      vertex 95.6829 -2.5 -186.459
    endloop
  endfacet
  facet normal -0.121682 0.175296 -0.976967
    outer loop
      vertex 95.815 0 -186.924
      vertex 96.5181 2.5 -186.563
      vertex 96.65 0 -187.028
    endloop
  endfacet
  facet normal -0.120904 0.175096 -0.9771
    outer loop
      vertex 96.5181 2.5 -186.563
      vertex 95.815 0 -186.924
      vertex 95.815 2.5 -186.476
    endloop
  endfacet
  facet normal -0.118552 0.175525 -0.977311
    outer loop
      vertex 96.65 2.5 -186.579
      vertex 96.65 0 -187.028
      vertex 96.5181 2.5 -186.563
    endloop
  endfacet
  facet normal -0.120904 -0.175096 -0.9771
    outer loop
      vertex 95.815 0 -186.924
      vertex 96.5181 -2.5 -186.563
      vertex 95.815 -2.5 -186.476
    endloop
  endfacet
  facet normal -0.121682 -0.175296 -0.976967
    outer loop
      vertex 96.5181 -2.5 -186.563
      vertex 95.815 0 -186.924
      vertex 96.65 0 -187.028
    endloop
  endfacet
  facet normal -0.118552 -0.175525 -0.977311
    outer loop
      vertex 96.65 0 -187.028
      vertex 96.65 -2.5 -186.579
      vertex 96.5181 -2.5 -186.563
    endloop
  endfacet
  facet normal -0.120536 0.175011 -0.97716
    outer loop
      vertex 96.65 0 -187.028
      vertex 97.3533 2.5 -186.667
      vertex 97.485 0 -187.131
    endloop
  endfacet
  facet normal -0.122231 0.175446 -0.976872
    outer loop
      vertex 97.3533 2.5 -186.667
      vertex 96.65 0 -187.028
      vertex 96.65 2.5 -186.579
    endloop
  endfacet
  facet normal -0.118737 0.175142 -0.977357
    outer loop
      vertex 97.485 2.5 -186.683
      vertex 97.485 0 -187.131
      vertex 97.3533 2.5 -186.667
    endloop
  endfacet
  facet normal -0.122231 -0.175446 -0.976872
    outer loop
      vertex 96.65 0 -187.028
      vertex 97.3533 -2.5 -186.667
      vertex 96.65 -2.5 -186.579
    endloop
  endfacet
  facet normal -0.120536 -0.175011 -0.97716
    outer loop
      vertex 97.3533 -2.5 -186.667
      vertex 96.65 0 -187.028
      vertex 97.485 0 -187.131
    endloop
  endfacet
  facet normal -0.118737 -0.175142 -0.977357
    outer loop
      vertex 97.485 0 -187.131
      vertex 97.485 -2.5 -186.683
      vertex 97.3533 -2.5 -186.667
    endloop
  endfacet
  facet normal -0.120536 0.17502 -0.977159
    outer loop
      vertex 97.485 0 -187.131
      vertex 98.1885 2.5 -186.77
      vertex 98.32 0 -187.234
    endloop
  endfacet
  facet normal -0.120836 0.175098 -0.977108
    outer loop
      vertex 98.1885 2.5 -186.77
      vertex 97.485 0 -187.131
      vertex 97.485 2.5 -186.683
    endloop
  endfacet
  facet normal -0.126241 0.174601 -0.976513
    outer loop
      vertex 98.32 2.5 -186.787
      vertex 98.32 0 -187.234
      vertex 98.1885 2.5 -186.77
    endloop
  endfacet
  facet normal -0.120836 -0.175098 -0.977108
    outer loop
      vertex 97.485 0 -187.131
      vertex 98.1885 -2.5 -186.77
      vertex 97.485 -2.5 -186.683
    endloop
  endfacet
  facet normal -0.120536 -0.17502 -0.977159
    outer loop
      vertex 98.1885 -2.5 -186.77
      vertex 97.485 0 -187.131
      vertex 98.32 0 -187.234
    endloop
  endfacet
  facet normal -0.126241 -0.174601 -0.976513
    outer loop
      vertex 98.32 0 -187.234
      vertex 98.32 -2.5 -186.787
      vertex 98.1885 -2.5 -186.77
    endloop
  endfacet
  facet normal -0.12169 0.174945 -0.977029
    outer loop
      vertex 98.32 0 -187.234
      vertex 99.0237 2.5 -186.874
      vertex 99.155 0 -187.338
    endloop
  endfacet
  facet normal -0.120811 0.17472 -0.977179
    outer loop
      vertex 99.0237 2.5 -186.874
      vertex 98.32 0 -187.234
      vertex 98.32 2.5 -186.787
    endloop
  endfacet
  facet normal -0.12643 0.174596 -0.976489
    outer loop
      vertex 99.155 2.5 -186.891
      vertex 99.155 0 -187.338
      vertex 99.0237 2.5 -186.874
    endloop
  endfacet
  facet normal -0.120811 -0.17472 -0.977179
    outer loop
      vertex 98.32 0 -187.234
      vertex 99.0237 -2.5 -186.874
      vertex 98.32 -2.5 -186.787
    endloop
  endfacet
  facet normal -0.12169 -0.174945 -0.977029
    outer loop
      vertex 99.0237 -2.5 -186.874
      vertex 98.32 0 -187.234
      vertex 99.155 0 -187.338
    endloop
  endfacet
  facet normal -0.12643 -0.174596 -0.976489
    outer loop
      vertex 99.155 0 -187.338
      vertex 99.155 -2.5 -186.891
      vertex 99.0237 -2.5 -186.874
    endloop
  endfacet
  facet normal -0.120544 0.17466 -0.977222
    outer loop
      vertex 99.155 0 -187.338
      vertex 99.8589 2.5 -186.978
      vertex 99.99 0 -187.441
    endloop
  endfacet
  facet normal -0.120777 0.17472 -0.977183
    outer loop
      vertex 99.8589 2.5 -186.978
      vertex 99.155 0 -187.338
      vertex 99.155 2.5 -186.891
    endloop
  endfacet
  facet normal -0.126629 0.174213 -0.976532
    outer loop
      vertex 99.99 2.5 -186.995
      vertex 99.99 0 -187.441
      vertex 99.8589 2.5 -186.978
    endloop
  endfacet
  facet normal -0.120777 -0.17472 -0.977183
    outer loop
      vertex 99.155 0 -187.338
      vertex 99.8589 -2.5 -186.978
      vertex 99.155 -2.5 -186.891
    endloop
  endfacet
  facet normal -0.120544 -0.17466 -0.977222
    outer loop
      vertex 99.8589 -2.5 -186.978
      vertex 99.155 0 -187.338
      vertex 99.99 0 -187.441
    endloop
  endfacet
  facet normal -0.126629 -0.174213 -0.976532
    outer loop
      vertex 99.99 0 -187.441
      vertex 99.99 -2.5 -186.995
      vertex 99.8589 -2.5 -186.978
    endloop
  endfacet
  facet normal -0.121698 0.174581 -0.977093
    outer loop
      vertex 99.99 0 -187.441
      vertex 100.694 2.5 -187.082
      vertex 100.825 0 -187.545
    endloop
  endfacet
  facet normal -0.120768 0.174342 -0.977251
    outer loop
      vertex 100.694 2.5 -187.082
      vertex 99.99 0 -187.441
      vertex 99.99 2.5 -186.995
    endloop
  endfacet
  facet normal -0.126724 0.174211 -0.97652
    outer loop
      vertex 100.825 2.5 -187.099
      vertex 100.825 0 -187.545
      vertex 100.694 2.5 -187.082
    endloop
  endfacet
  facet normal -0.120768 -0.174342 -0.977251
    outer loop
      vertex 99.99 0 -187.441
      vertex 100.694 -2.5 -187.082
      vertex 99.99 -2.5 -186.995
    endloop
  endfacet
  facet normal -0.121698 -0.174581 -0.977093
    outer loop
      vertex 100.694 -2.5 -187.082
      vertex 99.99 0 -187.441
      vertex 100.825 0 -187.545
    endloop
  endfacet
  facet normal -0.126724 -0.174211 -0.97652
    outer loop
      vertex 100.825 0 -187.545
      vertex 100.825 -2.5 -187.099
      vertex 100.694 -2.5 -187.082
    endloop
  endfacet
  facet normal -0.120552 0.174286 -0.977288
    outer loop
      vertex 100.825 0 -187.545
      vertex 101.529 2.5 -187.186
      vertex 101.66 0 -187.648
    endloop
  endfacet
  facet normal -0.120768 0.174342 -0.977251
    outer loop
      vertex 101.529 2.5 -187.186
      vertex 100.825 0 -187.545
      vertex 100.825 2.5 -187.099
    endloop
  endfacet
  facet normal -0.119379 0.174371 -0.977417
    outer loop
      vertex 101.66 2.5 -187.202
      vertex 101.66 0 -187.648
      vertex 101.529 2.5 -187.186
    endloop
  endfacet
  facet normal -0.120768 -0.174342 -0.977251
    outer loop
      vertex 100.825 0 -187.545
      vertex 101.529 -2.5 -187.186
      vertex 100.825 -2.5 -187.099
    endloop
  endfacet
  facet normal -0.120552 -0.174286 -0.977288
    outer loop
      vertex 101.529 -2.5 -187.186
      vertex 100.825 0 -187.545
      vertex 101.66 0 -187.648
    endloop
  endfacet
  facet normal -0.119379 -0.174371 -0.977417
    outer loop
      vertex 101.66 0 -187.648
      vertex 101.66 -2.5 -187.202
      vertex 101.529 -2.5 -187.186
    endloop
  endfacet
  facet normal -0.121706 0.174202 -0.97716
    outer loop
      vertex 101.66 0 -187.648
      vertex 102.364 2.5 -187.29
      vertex 102.495 0 -187.752
    endloop
  endfacet
  facet normal -0.122136 0.174312 -0.977087
    outer loop
      vertex 102.364 2.5 -187.29
      vertex 101.66 0 -187.648
      vertex 101.66 2.5 -187.202
    endloop
  endfacet
  facet normal -0.119379 0.174371 -0.977417
    outer loop
      vertex 102.495 2.5 -187.306
      vertex 102.495 0 -187.752
      vertex 102.364 2.5 -187.29
    endloop
  endfacet
  facet normal -0.122136 -0.174312 -0.977087
    outer loop
      vertex 101.66 0 -187.648
      vertex 102.364 -2.5 -187.29
      vertex 101.66 -2.5 -187.202
    endloop
  endfacet
  facet normal -0.121706 -0.174202 -0.97716
    outer loop
      vertex 102.364 -2.5 -187.29
      vertex 101.66 0 -187.648
      vertex 102.495 0 -187.752
    endloop
  endfacet
  facet normal -0.119379 -0.174371 -0.977417
    outer loop
      vertex 102.495 0 -187.752
      vertex 102.495 -2.5 -187.306
      vertex 102.364 -2.5 -187.29
    endloop
  endfacet
  facet normal -0.120559 0.173954 -0.977346
    outer loop
      vertex 102.495 0 -187.752
      vertex 103.2 2.5 -187.394
      vertex 103.33 0 -187.855
    endloop
  endfacet
  facet normal -0.121965 0.174316 -0.977107
    outer loop
      vertex 103.2 2.5 -187.394
      vertex 102.495 0 -187.752
      vertex 102.495 2.5 -187.306
    endloop
  endfacet
  facet normal -0.120292 0.173973 -0.977376
    outer loop
      vertex 103.33 2.5 -187.41
      vertex 103.33 0 -187.855
      vertex 103.2 2.5 -187.394
    endloop
  endfacet
  facet normal -0.121965 -0.174316 -0.977107
    outer loop
      vertex 102.495 0 -187.752
      vertex 103.2 -2.5 -187.394
      vertex 102.495 -2.5 -187.306
    endloop
  endfacet
  facet normal -0.120559 -0.173954 -0.977346
    outer loop
      vertex 103.2 -2.5 -187.394
      vertex 102.495 0 -187.752
      vertex 103.33 0 -187.855
    endloop
  endfacet
  facet normal -0.120292 -0.173973 -0.977376
    outer loop
      vertex 103.33 0 -187.855
      vertex 103.33 -2.5 -187.41
      vertex 103.2 -2.5 -187.394
    endloop
  endfacet
  facet normal -0.121705 0.174249 -0.977152
    outer loop
      vertex 103.33 0 -187.855
      vertex 104.035 2.5 -187.497
      vertex 104.165 0 -187.959
    endloop
  endfacet
  facet normal -0.120608 0.173966 -0.977338
    outer loop
      vertex 104.035 2.5 -187.497
      vertex 103.33 0 -187.855
      vertex 103.33 2.5 -187.41
    endloop
  endfacet
  facet normal -0.127692 0.173811 -0.976465
    outer loop
      vertex 104.165 2.5 -187.514
      vertex 104.165 0 -187.959
      vertex 104.035 2.5 -187.497
    endloop
  endfacet
  facet normal -0.120608 -0.173966 -0.977338
    outer loop
      vertex 103.33 0 -187.855
      vertex 104.035 -2.5 -187.497
      vertex 103.33 -2.5 -187.41
    endloop
  endfacet
  facet normal -0.121705 -0.174249 -0.977152
    outer loop
      vertex 104.035 -2.5 -187.497
      vertex 103.33 0 -187.855
      vertex 104.165 0 -187.959
    endloop
  endfacet
  facet normal -0.127692 -0.173811 -0.976465
    outer loop
      vertex 104.165 0 -187.959
      vertex 104.165 -2.5 -187.514
      vertex 104.035 -2.5 -187.497
    endloop
  endfacet
  facet normal -0.120559 0.173954 -0.977346
    outer loop
      vertex 104.165 0 -187.959
      vertex 104.87 2.5 -187.601
      vertex 105 0 -188.062
    endloop
  endfacet
  facet normal -0.120608 0.173966 -0.977338
    outer loop
      vertex 104.87 2.5 -187.601
      vertex 104.165 0 -187.959
      vertex 104.165 2.5 -187.514
    endloop
  endfacet
  facet normal -0.1277 0.173432 -0.976532
    outer loop
      vertex 105 2.5 -187.618
      vertex 105 0 -188.062
      vertex 104.87 2.5 -187.601
    endloop
  endfacet
  facet normal -0.120608 -0.173966 -0.977338
    outer loop
      vertex 104.165 0 -187.959
      vertex 104.87 -2.5 -187.601
      vertex 104.165 -2.5 -187.514
    endloop
  endfacet
  facet normal -0.120559 -0.173954 -0.977346
    outer loop
      vertex 104.87 -2.5 -187.601
      vertex 104.165 0 -187.959
      vertex 105 0 -188.062
    endloop
  endfacet
  facet normal -0.1277 -0.173432 -0.976532
    outer loop
      vertex 105 0 -188.062
      vertex 105 -2.5 -187.618
      vertex 104.87 -2.5 -187.601
    endloop
  endfacet
  facet normal -0.120567 0.173574 -0.977413
    outer loop
      vertex 105 0 -188.062
      vertex 105.705 2.5 -187.705
      vertex 105.835 0 -188.165
    endloop
  endfacet
  facet normal -0.120616 0.173587 -0.977404
    outer loop
      vertex 105.705 2.5 -187.705
      vertex 105 0 -188.062
      vertex 105 2.5 -187.618
    endloop
  endfacet
  facet normal -0.127709 0.173053 -0.976598
    outer loop
      vertex 105.835 2.5 -187.722
      vertex 105.835 0 -188.165
      vertex 105.705 2.5 -187.705
    endloop
  endfacet
  facet normal -0.120616 -0.173587 -0.977404
    outer loop
      vertex 105 0 -188.062
      vertex 105.705 -2.5 -187.705
      vertex 105 -2.5 -187.618
    endloop
  endfacet
  facet normal -0.120567 -0.173574 -0.977413
    outer loop
      vertex 105.705 -2.5 -187.705
      vertex 105 0 -188.062
      vertex 105.835 0 -188.165
    endloop
  endfacet
  facet normal -0.127709 -0.173053 -0.976598
    outer loop
      vertex 105.835 0 -188.165
      vertex 105.835 -2.5 -187.722
      vertex 105.705 -2.5 -187.705
    endloop
  endfacet
  facet normal -0.121722 0.173491 -0.977284
    outer loop
      vertex 105.835 0 -188.165
      vertex 106.54 2.5 -187.809
      vertex 106.67 0 -188.269
    endloop
  endfacet
  facet normal -0.120624 0.173208 -0.977471
    outer loop
      vertex 106.54 2.5 -187.809
      vertex 105.835 0 -188.165
      vertex 105.835 2.5 -187.722
    endloop
  endfacet
  facet normal -0.120301 0.173594 -0.977442
    outer loop
      vertex 106.67 2.5 -187.825
      vertex 106.67 0 -188.269
      vertex 106.54 2.5 -187.809
    endloop
  endfacet
  facet normal -0.120624 -0.173208 -0.977471
    outer loop
      vertex 105.835 0 -188.165
      vertex 106.54 -2.5 -187.809
      vertex 105.835 -2.5 -187.722
    endloop
  endfacet
  facet normal -0.121722 -0.173491 -0.977284
    outer loop
      vertex 106.54 -2.5 -187.809
      vertex 105.835 0 -188.165
      vertex 106.67 0 -188.269
    endloop
  endfacet
  facet normal -0.120301 -0.173594 -0.977442
    outer loop
      vertex 106.67 0 -188.269
      vertex 106.67 -2.5 -187.825
      vertex 106.54 -2.5 -187.809
    endloop
  endfacet
  facet normal -0.120574 0.173242 -0.977471
    outer loop
      vertex 106.67 0 -188.269
      vertex 107.376 2.5 -187.913
      vertex 107.505 0 -188.372
    endloop
  endfacet
  facet normal -0.121812 0.173561 -0.977261
    outer loop
      vertex 107.376 2.5 -187.913
      vertex 106.67 0 -188.269
      vertex 106.67 2.5 -187.825
    endloop
  endfacet
  facet normal -0.121228 0.173195 -0.977398
    outer loop
      vertex 107.505 2.5 -187.929
      vertex 107.505 0 -188.372
      vertex 107.376 2.5 -187.913
    endloop
  endfacet
  facet normal -0.121812 -0.173561 -0.977261
    outer loop
      vertex 106.67 0 -188.269
      vertex 107.376 -2.5 -187.913
      vertex 106.67 -2.5 -187.825
    endloop
  endfacet
  facet normal -0.120574 -0.173242 -0.977471
    outer loop
      vertex 107.376 -2.5 -187.913
      vertex 106.67 0 -188.269
      vertex 107.505 0 -188.372
    endloop
  endfacet
  facet normal -0.121228 -0.173195 -0.977398
    outer loop
      vertex 107.505 0 -188.372
      vertex 107.505 -2.5 -187.929
      vertex 107.376 -2.5 -187.913
    endloop
  endfacet
  facet normal -0.121729 0.173159 -0.977342
    outer loop
      vertex 107.505 0 -188.372
      vertex 108.211 2.5 -188.017
      vertex 108.34 0 -188.476
    endloop
  endfacet
  facet normal -0.12182 0.173182 -0.977327
    outer loop
      vertex 108.211 2.5 -188.017
      vertex 107.505 0 -188.372
      vertex 107.505 2.5 -187.929
    endloop
  endfacet
  facet normal -0.121228 0.173195 -0.977398
    outer loop
      vertex 108.34 2.5 -188.033
      vertex 108.34 0 -188.476
      vertex 108.211 2.5 -188.017
    endloop
  endfacet
  facet normal -0.12182 -0.173182 -0.977327
    outer loop
      vertex 107.505 0 -188.372
      vertex 108.211 -2.5 -188.017
      vertex 107.505 -2.5 -187.929
    endloop
  endfacet
  facet normal -0.121729 -0.173159 -0.977342
    outer loop
      vertex 108.211 -2.5 -188.017
      vertex 107.505 0 -188.372
      vertex 108.34 0 -188.476
    endloop
  endfacet
  facet normal -0.121228 -0.173195 -0.977398
    outer loop
      vertex 108.34 0 -188.476
      vertex 108.34 -2.5 -188.033
      vertex 108.211 -2.5 -188.017
    endloop
  endfacet
  facet normal -0.120582 0.172863 -0.977537
    outer loop
      vertex 108.34 0 -188.476
      vertex 109.046 2.5 -188.121
      vertex 109.175 0 -188.579
    endloop
  endfacet
  facet normal -0.12182 0.173182 -0.977327
    outer loop
      vertex 109.046 2.5 -188.121
      vertex 108.34 0 -188.476
      vertex 108.34 2.5 -188.033
    endloop
  endfacet
  facet normal -0.121236 0.172816 -0.977464
    outer loop
      vertex 109.175 2.5 -188.137
      vertex 109.175 0 -188.579
      vertex 109.046 2.5 -188.121
    endloop
  endfacet
  facet normal -0.12182 -0.173182 -0.977327
    outer loop
      vertex 108.34 0 -188.476
      vertex 109.046 -2.5 -188.121
      vertex 108.34 -2.5 -188.033
    endloop
  endfacet
  facet normal -0.120582 -0.172863 -0.977537
    outer loop
      vertex 109.046 -2.5 -188.121
      vertex 108.34 0 -188.476
      vertex 109.175 0 -188.579
    endloop
  endfacet
  facet normal -0.121236 -0.172816 -0.977464
    outer loop
      vertex 109.175 0 -188.579
      vertex 109.175 -2.5 -188.137
      vertex 109.046 -2.5 -188.121
    endloop
  endfacet
  facet normal -0.121729 0.173159 -0.977342
    outer loop
      vertex 109.175 0 -188.579
      vertex 109.881 2.5 -188.224
      vertex 110.01 0 -188.683
    endloop
  endfacet
  facet normal -0.120464 0.172832 -0.977557
    outer loop
      vertex 109.881 2.5 -188.224
      vertex 109.175 0 -188.579
      vertex 109.175 2.5 -188.137
    endloop
  endfacet
  facet normal -0.128691 0.172652 -0.97654
    outer loop
      vertex 110.01 2.5 -188.241
      vertex 110.01 0 -188.683
      vertex 109.881 2.5 -188.224
    endloop
  endfacet
  facet normal -0.120464 -0.172832 -0.977557
    outer loop
      vertex 109.175 0 -188.579
      vertex 109.881 -2.5 -188.224
      vertex 109.175 -2.5 -188.137
    endloop
  endfacet
  facet normal -0.121729 -0.173159 -0.977342
    outer loop
      vertex 109.881 -2.5 -188.224
      vertex 109.175 0 -188.579
      vertex 110.01 0 -188.683
    endloop
  endfacet
  facet normal -0.128691 -0.172652 -0.97654
    outer loop
      vertex 110.01 0 -188.683
      vertex 110.01 -2.5 -188.241
      vertex 109.881 -2.5 -188.224
    endloop
  endfacet
  facet normal -0.120582 0.172863 -0.977537
    outer loop
      vertex 110.01 0 -188.683
      vertex 110.716 2.5 -188.328
      vertex 110.845 0 -188.786
    endloop
  endfacet
  facet normal -0.120464 0.172832 -0.977557
    outer loop
      vertex 110.716 2.5 -188.328
      vertex 110.01 0 -188.683
      vertex 110.01 2.5 -188.241
    endloop
  endfacet
  facet normal -0.1287 0.172273 -0.976605
    outer loop
      vertex 110.845 2.5 -188.345
      vertex 110.845 0 -188.786
      vertex 110.716 2.5 -188.328
    endloop
  endfacet
  facet normal -0.120464 -0.172832 -0.977557
    outer loop
      vertex 110.01 0 -188.683
      vertex 110.716 -2.5 -188.328
      vertex 110.01 -2.5 -188.241
    endloop
  endfacet
  facet normal -0.120582 -0.172863 -0.977537
    outer loop
      vertex 110.716 -2.5 -188.328
      vertex 110.01 0 -188.683
      vertex 110.845 0 -188.786
    endloop
  endfacet
  facet normal -0.1287 -0.172273 -0.976605
    outer loop
      vertex 110.845 0 -188.786
      vertex 110.845 -2.5 -188.345
      vertex 110.716 -2.5 -188.328
    endloop
  endfacet
  facet normal -0.121737 0.17278 -0.977408
    outer loop
      vertex 110.845 0 -188.786
      vertex 111.551 2.5 -188.432
      vertex 111.68 0 -188.89
    endloop
  endfacet
  facet normal -0.120472 0.172453 -0.977623
    outer loop
      vertex 111.551 2.5 -188.432
      vertex 110.845 0 -188.786
      vertex 110.845 2.5 -188.345
    endloop
  endfacet
  facet normal -0.121236 0.172816 -0.977464
    outer loop
      vertex 111.68 2.5 -188.448
      vertex 111.68 0 -188.89
      vertex 111.551 2.5 -188.432
    endloop
  endfacet
  facet normal -0.120472 -0.172453 -0.977623
    outer loop
      vertex 110.845 0 -188.786
      vertex 111.551 -2.5 -188.432
      vertex 110.845 -2.5 -188.345
    endloop
  endfacet
  facet normal -0.121737 -0.17278 -0.977408
    outer loop
      vertex 111.551 -2.5 -188.432
      vertex 110.845 0 -188.786
      vertex 111.68 0 -188.89
    endloop
  endfacet
  facet normal -0.121236 -0.172816 -0.977464
    outer loop
      vertex 111.68 0 -188.89
      vertex 111.68 -2.5 -188.448
      vertex 111.551 -2.5 -188.432
    endloop
  endfacet
  facet normal -0.12059 0.17253 -0.977595
    outer loop
      vertex 111.68 0 -188.89
      vertex 112.387 2.5 -188.536
      vertex 112.515 0 -188.993
    endloop
  endfacet
  facet normal -0.121658 0.172807 -0.977413
    outer loop
      vertex 112.387 2.5 -188.536
      vertex 111.68 0 -188.89
      vertex 111.68 2.5 -188.448
    endloop
  endfacet
  facet normal -0.122177 0.172416 -0.977418
    outer loop
      vertex 112.515 2.5 -188.552
      vertex 112.515 0 -188.993
      vertex 112.387 2.5 -188.536
    endloop
  endfacet
  facet normal -0.121658 -0.172807 -0.977413
    outer loop
      vertex 111.68 0 -188.89
      vertex 112.387 -2.5 -188.536
      vertex 111.68 -2.5 -188.448
    endloop
  endfacet
  facet normal -0.12059 -0.17253 -0.977595
    outer loop
      vertex 112.387 -2.5 -188.536
      vertex 111.68 0 -188.89
      vertex 112.515 0 -188.993
    endloop
  endfacet
  facet normal -0.122177 -0.172416 -0.977418
    outer loop
      vertex 112.515 0 -188.993
      vertex 112.515 -2.5 -188.552
      vertex 112.387 -2.5 -188.536
    endloop
  endfacet
  facet normal -0.120598 0.172151 -0.977661
    outer loop
      vertex 112.515 0 -188.993
      vertex 113.222 2.5 -188.64
      vertex 113.35 0 -189.096
    endloop
  endfacet
  facet normal -0.121666 0.172427 -0.977479
    outer loop
      vertex 113.222 2.5 -188.64
      vertex 112.515 0 -188.993
      vertex 112.515 2.5 -188.552
    endloop
  endfacet
  facet normal -0.122185 0.172037 -0.977483
    outer loop
      vertex 113.35 2.5 -188.656
      vertex 113.35 0 -189.096
      vertex 113.222 2.5 -188.64
    endloop
  endfacet
  facet normal -0.121666 -0.172427 -0.977479
    outer loop
      vertex 112.515 0 -188.993
      vertex 113.222 -2.5 -188.64
      vertex 112.515 -2.5 -188.552
    endloop
  endfacet
  facet normal -0.120598 -0.172151 -0.977661
    outer loop
      vertex 113.222 -2.5 -188.64
      vertex 112.515 0 -188.993
      vertex 113.35 0 -189.096
    endloop
  endfacet
  facet normal -0.122185 -0.172037 -0.977483
    outer loop
      vertex 113.35 0 -189.096
      vertex 113.35 -2.5 -188.656
      vertex 113.222 -2.5 -188.64
    endloop
  endfacet
  facet normal -0.121752 0.172068 -0.977532
    outer loop
      vertex 113.35 0 -189.096
      vertex 114.057 2.5 -188.744
      vertex 114.185 0 -189.2
    endloop
  endfacet
  facet normal -0.121675 0.172048 -0.977545
    outer loop
      vertex 114.057 2.5 -188.744
      vertex 113.35 0 -189.096
      vertex 113.35 2.5 -188.656
    endloop
  endfacet
  facet normal -0.122185 0.172037 -0.977483
    outer loop
      vertex 114.185 2.5 -188.76
      vertex 114.185 0 -189.2
      vertex 114.057 2.5 -188.744
    endloop
  endfacet
  facet normal -0.121675 -0.172048 -0.977545
    outer loop
      vertex 113.35 0 -189.096
      vertex 114.057 -2.5 -188.744
      vertex 113.35 -2.5 -188.656
    endloop
  endfacet
  facet normal -0.121752 -0.172068 -0.977532
    outer loop
      vertex 114.057 -2.5 -188.744
      vertex 113.35 0 -189.096
      vertex 114.185 0 -189.2
    endloop
  endfacet
  facet normal -0.122185 -0.172037 -0.977483
    outer loop
      vertex 114.185 0 -189.2
      vertex 114.185 -2.5 -188.76
      vertex 114.057 -2.5 -188.744
    endloop
  endfacet
  facet normal -0.120606 0.171771 -0.977726
    outer loop
      vertex 114.185 0 -189.2
      vertex 114.892 2.5 -188.848
      vertex 115.02 0 -189.303
    endloop
  endfacet
  facet normal -0.121675 0.172048 -0.977545
    outer loop
      vertex 114.892 2.5 -188.848
      vertex 114.185 0 -189.2
      vertex 114.185 2.5 -188.76
    endloop
  endfacet
  facet normal -0.122194 0.171658 -0.977549
    outer loop
      vertex 115.02 2.5 -188.864
      vertex 115.02 0 -189.303
      vertex 114.892 2.5 -188.848
    endloop
  endfacet
  facet normal -0.121675 -0.172048 -0.977545
    outer loop
      vertex 114.185 0 -189.2
      vertex 114.892 -2.5 -188.848
      vertex 114.185 -2.5 -188.76
    endloop
  endfacet
  facet normal -0.120606 -0.171771 -0.977726
    outer loop
      vertex 114.892 -2.5 -188.848
      vertex 114.185 0 -189.2
      vertex 115.02 0 -189.303
    endloop
  endfacet
  facet normal -0.122194 -0.171658 -0.977549
    outer loop
      vertex 115.02 0 -189.303
      vertex 115.02 -2.5 -188.864
      vertex 114.892 -2.5 -188.848
    endloop
  endfacet
  facet normal -0.121752 0.172068 -0.977532
    outer loop
      vertex 115.02 0 -189.303
      vertex 115.727 2.5 -188.951
      vertex 115.855 0 -189.407
    endloop
  endfacet
  facet normal -0.12032 0.171697 -0.977775
    outer loop
      vertex 115.727 2.5 -188.951
      vertex 115.02 0 -189.303
      vertex 115.02 2.5 -188.864
    endloop
  endfacet
  facet normal -0.129706 0.171493 -0.97661
    outer loop
      vertex 115.855 2.5 -188.968
      vertex 115.855 0 -189.407
      vertex 115.727 2.5 -188.951
    endloop
  endfacet
  facet normal -0.12032 -0.171697 -0.977775
    outer loop
      vertex 115.02 0 -189.303
      vertex 115.727 -2.5 -188.951
      vertex 115.02 -2.5 -188.864
    endloop
  endfacet
  facet normal -0.121752 -0.172068 -0.977532
    outer loop
      vertex 115.727 -2.5 -188.951
      vertex 115.02 0 -189.303
      vertex 115.855 0 -189.407
    endloop
  endfacet
  facet normal -0.129706 -0.171493 -0.97661
    outer loop
      vertex 115.855 0 -189.407
      vertex 115.855 -2.5 -188.968
      vertex 115.727 -2.5 -188.951
    endloop
  endfacet
  facet normal -0.120605 0.171818 -0.977718
    outer loop
      vertex 115.855 0 -189.407
      vertex 116.563 2.5 -189.055
      vertex 116.69 0 -189.51
    endloop
  endfacet
  facet normal -0.120153 0.171701 -0.977795
    outer loop
      vertex 116.563 2.5 -189.055
      vertex 115.855 0 -189.407
      vertex 115.855 2.5 -188.968
    endloop
  endfacet
  facet normal -0.123141 0.171637 -0.977434
    outer loop
      vertex 116.69 2.5 -189.071
      vertex 116.69 0 -189.51
      vertex 116.563 2.5 -189.055
    endloop
  endfacet
  facet normal -0.120153 -0.171701 -0.977795
    outer loop
      vertex 115.855 0 -189.407
      vertex 116.563 -2.5 -189.055
      vertex 115.855 -2.5 -188.968
    endloop
  endfacet
  facet normal -0.120605 -0.171818 -0.977718
    outer loop
      vertex 116.563 -2.5 -189.055
      vertex 115.855 0 -189.407
      vertex 116.69 0 -189.51
    endloop
  endfacet
  facet normal -0.123141 -0.171637 -0.977434
    outer loop
      vertex 116.69 0 -189.51
      vertex 116.69 -2.5 -189.071
      vertex 116.563 -2.5 -189.055
    endloop
  endfacet
  facet normal -0.12176 0.171736 -0.97759
    outer loop
      vertex 116.69 0 -189.51
      vertex 117.398 2.5 -189.159
      vertex 117.525 0 -189.614
    endloop
  endfacet
  facet normal -0.121514 0.171672 -0.977631
    outer loop
      vertex 117.398 2.5 -189.159
      vertex 116.69 0 -189.51
      vertex 116.69 2.5 -189.071
    endloop
  endfacet
  facet normal -0.123141 0.171637 -0.977434
    outer loop
      vertex 117.525 2.5 -189.175
      vertex 117.525 0 -189.614
      vertex 117.398 2.5 -189.159
    endloop
  endfacet
  facet normal -0.121514 -0.171672 -0.977631
    outer loop
      vertex 116.69 0 -189.51
      vertex 117.398 -2.5 -189.159
      vertex 116.69 -2.5 -189.071
    endloop
  endfacet
  facet normal -0.12176 -0.171736 -0.97759
    outer loop
      vertex 117.398 -2.5 -189.159
      vertex 116.69 0 -189.51
      vertex 117.525 0 -189.614
    endloop
  endfacet
  facet normal -0.123141 -0.171637 -0.977434
    outer loop
      vertex 117.525 0 -189.614
      vertex 117.525 -2.5 -189.175
      vertex 117.398 -2.5 -189.159
    endloop
  endfacet
  facet normal -0.120613 0.171438 -0.977784
    outer loop
      vertex 117.525 0 -189.614
      vertex 118.233 2.5 -189.263
      vertex 118.36 0 -189.717
    endloop
  endfacet
  facet normal -0.121514 0.171672 -0.977631
    outer loop
      vertex 118.233 2.5 -189.263
      vertex 117.525 0 -189.614
      vertex 117.525 2.5 -189.175
    endloop
  endfacet
  facet normal -0.12315 0.171258 -0.977499
    outer loop
      vertex 118.36 2.5 -189.279
      vertex 118.36 0 -189.717
      vertex 118.233 2.5 -189.263
    endloop
  endfacet
  facet normal -0.121514 -0.171672 -0.977631
    outer loop
      vertex 117.525 0 -189.614
      vertex 118.233 -2.5 -189.263
      vertex 117.525 -2.5 -189.175
    endloop
  endfacet
  facet normal -0.120613 -0.171438 -0.977784
    outer loop
      vertex 118.233 -2.5 -189.263
      vertex 117.525 0 -189.614
      vertex 118.36 0 -189.717
    endloop
  endfacet
  facet normal -0.12315 -0.171258 -0.977499
    outer loop
      vertex 118.36 0 -189.717
      vertex 118.36 -2.5 -189.279
      vertex 118.233 -2.5 -189.263
    endloop
  endfacet
  facet normal -0.121768 0.171356 -0.977655
    outer loop
      vertex 118.36 0 -189.717
      vertex 119.068 2.5 -189.367
      vertex 119.195 0 -189.821
    endloop
  endfacet
  facet normal -0.121522 0.171293 -0.977697
    outer loop
      vertex 119.068 2.5 -189.367
      vertex 118.36 0 -189.717
      vertex 118.36 2.5 -189.279
    endloop
  endfacet
  facet normal -0.12315 0.171258 -0.977499
    outer loop
      vertex 119.195 2.5 -189.383
      vertex 119.195 0 -189.821
      vertex 119.068 2.5 -189.367
    endloop
  endfacet
  facet normal -0.121522 -0.171293 -0.977697
    outer loop
      vertex 118.36 0 -189.717
      vertex 119.068 -2.5 -189.367
      vertex 118.36 -2.5 -189.279
    endloop
  endfacet
  facet normal -0.121768 -0.171356 -0.977655
    outer loop
      vertex 119.068 -2.5 -189.367
      vertex 118.36 0 -189.717
      vertex 119.195 0 -189.821
    endloop
  endfacet
  facet normal -0.12315 -0.171258 -0.977499
    outer loop
      vertex 119.195 0 -189.821
      vertex 119.195 -2.5 -189.383
      vertex 119.068 -2.5 -189.367
    endloop
  endfacet
  facet normal -0.121103 0.17181 -0.977658
    outer loop
      vertex 119.195 0 -189.821
      vertex 119.97 1.18359 -189.709
      vertex 119.97 0 -189.917
    endloop
  endfacet
  facet normal -0.120325 0.171318 -0.977841
    outer loop
      vertex 119.195 2.5 -189.383
      vertex 119.97 1.18359 -189.709
      vertex 119.195 0 -189.821
    endloop
  endfacet
  facet normal -0.121537 0.170598 -0.977816
    outer loop
      vertex 119.97 1.18359 -189.709
      vertex 119.195 2.5 -189.383
      vertex 119.903 2.5 -189.471
    endloop
  endfacet
  facet normal -0.116816 0.170932 -0.978333
    outer loop
      vertex 119.97 2.5 -189.479
      vertex 119.97 1.18359 -189.709
      vertex 119.903 2.5 -189.471
    endloop
  endfacet
  facet normal -0.121537 -0.170598 -0.977816
    outer loop
      vertex 119.195 -2.5 -189.383
      vertex 119.97 -1.18359 -189.709
      vertex 119.903 -2.5 -189.471
    endloop
  endfacet
  facet normal -0.120325 -0.171318 -0.977841
    outer loop
      vertex 119.97 -1.18359 -189.709
      vertex 119.195 -2.5 -189.383
      vertex 119.195 0 -189.821
    endloop
  endfacet
  facet normal -0.121103 -0.17181 -0.977658
    outer loop
      vertex 119.97 -1.18359 -189.709
      vertex 119.195 0 -189.821
      vertex 119.97 0 -189.917
    endloop
  endfacet
  facet normal -0.116816 -0.170932 -0.978333
    outer loop
      vertex 119.97 -1.18359 -189.709
      vertex 119.97 -2.5 -189.479
      vertex 119.903 -2.5 -189.471
    endloop
  endfacet
  facet normal 0 -0.172189 -0.985064
    outer loop
      vertex 119.97 -2.5 -189.563
      vertex 150 0 -190
      vertex 150 -2.5 -189.563
    endloop
  endfacet
  facet normal -0 -0.172189 -0.985064
    outer loop
      vertex 150 0 -190
      vertex 119.97 -2.5 -189.563
      vertex 119.97 0 -190
    endloop
  endfacet
  facet normal -1 -0 0
    outer loop
      vertex 119.97 2.5 -189.563
      vertex 119.97 1.18359 -189.709
      vertex 119.97 2.5 -189.479
    endloop
  endfacet
  facet normal -1 0 0
    outer loop
      vertex 119.97 0 -190
      vertex 119.97 1.18359 -189.709
      vertex 119.97 2.5 -189.563
    endloop
  endfacet
  facet normal -1 0 0
    outer loop
      vertex 119.97 0 -190
      vertex 119.97 0 -189.917
      vertex 119.97 1.18359 -189.709
    endloop
  endfacet
  facet normal -1 0 0
    outer loop
      vertex 119.97 0 -190
      vertex 119.97 -1.18359 -189.709
      vertex 119.97 0 -189.917
    endloop
  endfacet
  facet normal -1 0 0
    outer loop
      vertex 119.97 -2.5 -189.563
      vertex 119.97 -1.18359 -189.709
      vertex 119.97 0 -190
    endloop
  endfacet
  facet normal -1 0 0
    outer loop
      vertex 119.97 -1.18359 -189.709
      vertex 119.97 -2.5 -189.563
      vertex 119.97 -2.5 -189.479
    endloop
  endfacet
  facet normal 0 0.172189 -0.985064
    outer loop
      vertex 119.97 0 -190
      vertex 150 2.5 -189.563
      vertex 150 0 -190
    endloop
  endfacet
  facet normal 0 0.172189 -0.985064
    outer loop
      vertex 150 2.5 -189.563
      vertex 119.97 0 -190
      vertex 119.97 2.5 -189.563
    endloop
  endfacet
  facet normal -0 0 1
    outer loop
      vertex 0 2.5 0
      vertex 9.97099 -2.5 0
      vertex 9.97099 2.5 0
    endloop
  endfacet
  facet normal 0 0 1
    outer loop
      vertex 9.97099 -2.5 0
      vertex 0 2.5 0
      vertex 0 -2.5 0
    endloop
  endfacet
  facet normal 1 0 0
    outer loop
      vertex 9.97099 2.5 0
      vertex 9.97099 0 -17.893
      vertex 9.97099 2.5 -17.6743
    endloop
  endfacet
  facet normal 1 -0 0
    outer loop
      vertex 9.97099 -2.5 0
      vertex 9.97099 0 -17.893
      vertex 9.97099 2.5 0
    endloop
  endfacet
  facet normal 1 0 0
    outer loop
      vertex 9.97099 0 -17.893
      vertex 9.97099 -2.5 0
      vertex 9.97099 -2.5 -17.6743
    endloop
  endfacet
  facet normal 0.977083 -0.0185501 0.212049
    outer loop
      vertex 9.97099 0 -17.893
      vertex 10.0035 2.5 -17.8241
      vertex 9.97099 2.5 -17.6743
    endloop
  endfacet
  facet normal 0.977054 -0.0185534 0.212184
    outer loop
      vertex 10.0035 2.5 -17.8241
      vertex 9.97099 0 -17.893
      vertex 10.1338 0 -18.6427
    endloop
  endfacet
  facet normal 0.976818 -0.0189096 0.213234
    outer loop
      vertex 10.1338 2.5 -18.421
      vertex 10.0035 2.5 -17.8241
      vertex 10.1338 0 -18.6427
    endloop
  endfacet
  facet normal 0.977083 0.0185501 0.212049
    outer loop
      vertex 10.0035 -2.5 -17.8241
      vertex 9.97099 0 -17.893
      vertex 9.97099 -2.5 -17.6743
    endloop
  endfacet
  facet normal 0.977054 0.0185534 0.212184
    outer loop
      vertex 9.97099 0 -17.893
      vertex 10.0035 -2.5 -17.8241
      vertex 10.1338 0 -18.6427
    endloop
  endfacet
  facet normal 0.976818 0.0189096 0.213234
    outer loop
      vertex 10.1338 0 -18.6427
      vertex 10.0035 -2.5 -17.8241
      vertex 10.1338 -2.5 -18.421
    endloop
  endfacet
  facet normal 0.977137 -0.0187808 0.211782
    outer loop
      vertex 10.1338 0 -18.6427
      vertex 10.1698 2.5 -18.5871
      vertex 10.1338 2.5 -18.421
    endloop
  endfacet
  facet normal 0.977079 -0.0187858 0.212046
    outer loop
      vertex 10.1698 2.5 -18.5871
      vertex 10.1338 0 -18.6427
      vertex 10.2965 0 -19.3924
    endloop
  endfacet
  facet normal 0.976844 -0.019136 0.213096
    outer loop
      vertex 10.2965 2.5 -19.1679
      vertex 10.1698 2.5 -18.5871
      vertex 10.2965 0 -19.3924
    endloop
  endfacet
  facet normal 0.977137 0.0187808 0.211782
    outer loop
      vertex 10.1698 -2.5 -18.5871
      vertex 10.1338 0 -18.6427
      vertex 10.1338 -2.5 -18.421
    endloop
  endfacet
  facet normal 0.977079 0.0187858 0.212046
    outer loop
      vertex 10.1338 0 -18.6427
      vertex 10.1698 -2.5 -18.5871
      vertex 10.2965 0 -19.3924
    endloop
  endfacet
  facet normal 0.976844 0.019136 0.213096
    outer loop
      vertex 10.2965 0 -19.3924
      vertex 10.1698 -2.5 -18.5871
      vertex 10.2965 -2.5 -19.1679
    endloop
  endfacet
  facet normal 0.977038 -0.0190567 0.212212
    outer loop
      vertex 10.2965 0 -19.3924
      vertex 10.3359 2.5 -19.3493
      vertex 10.2965 2.5 -19.1679
    endloop
  endfacet
  facet normal 0.977047 -0.0190561 0.212169
    outer loop
      vertex 10.3359 2.5 -19.3493
      vertex 10.2965 0 -19.3924
      vertex 10.4593 0 -20.1421
    endloop
  endfacet
  facet normal 0.976842 -0.0193567 0.213085
    outer loop
      vertex 10.4593 2.5 -19.915
      vertex 10.3359 2.5 -19.3493
      vertex 10.4593 0 -20.1421
    endloop
  endfacet
  facet normal 0.977038 0.0190567 0.212212
    outer loop
      vertex 10.3359 -2.5 -19.3493
      vertex 10.2965 0 -19.3924
      vertex 10.2965 -2.5 -19.1679
    endloop
  endfacet
  facet normal 0.977047 0.0190561 0.212169
    outer loop
      vertex 10.2965 0 -19.3924
      vertex 10.3359 -2.5 -19.3493
      vertex 10.4593 0 -20.1421
    endloop
  endfacet
  facet normal 0.976842 0.0193567 0.213085
    outer loop
      vertex 10.4593 0 -20.1421
      vertex 10.3359 -2.5 -19.3493
      vertex 10.4593 -2.5 -19.915
    endloop
  endfacet
  facet normal 0.977004 -0.0192898 0.212349
    outer loop
      vertex 10.4593 0 -20.1421
      vertex 10.5019 2.5 -20.111
      vertex 10.4593 2.5 -19.915
    endloop
  endfacet
  facet normal 0.977043 -0.0192882 0.212168
    outer loop
      vertex 10.5019 2.5 -20.111
      vertex 10.4593 0 -20.1421
      vertex 10.6221 0 -20.8918
    endloop
  endfacet
  facet normal 0.976852 -0.0195639 0.213022
    outer loop
      vertex 10.6221 2.5 -20.6622
      vertex 10.5019 2.5 -20.111
      vertex 10.6221 0 -20.8918
    endloop
  endfacet
  facet normal 0.977004 0.0192898 0.212349
    outer loop
      vertex 10.5019 -2.5 -20.111
      vertex 10.4593 0 -20.1421
      vertex 10.4593 -2.5 -19.915
    endloop
  endfacet
  facet normal 0.977043 0.0192882 0.212168
    outer loop
      vertex 10.4593 0 -20.1421
      vertex 10.5019 -2.5 -20.111
      vertex 10.6221 0 -20.8918
    endloop
  endfacet
  facet normal 0.976852 0.0195639 0.213022
    outer loop
      vertex 10.6221 0 -20.8918
      vertex 10.5019 -2.5 -20.111
      vertex 10.6221 -2.5 -20.6622
    endloop
  endfacet
  facet normal 0.976999 -0.0195023 0.212351
    outer loop
      vertex 10.6221 0 -20.8918
      vertex 10.6677 2.5 -20.872
      vertex 10.6221 2.5 -20.6622
    endloop
  endfacet
  facet normal 0.977039 -0.0195016 0.212167
    outer loop
      vertex 10.6677 2.5 -20.872
      vertex 10.6221 0 -20.8918
      vertex 10.7849 0 -21.6415
    endloop
  endfacet
  facet normal 0.976852 -0.0197663 0.212999
    outer loop
      vertex 10.7849 2.5 -21.4095
      vertex 10.6677 2.5 -20.872
      vertex 10.7849 0 -21.6415
    endloop
  endfacet
  facet normal 0.976999 0.0195023 0.212351
    outer loop
      vertex 10.6677 -2.5 -20.872
      vertex 10.6221 0 -20.8918
      vertex 10.6221 -2.5 -20.6622
    endloop
  endfacet
  facet normal 0.977039 0.0195016 0.212167
    outer loop
      vertex 10.6221 0 -20.8918
      vertex 10.6677 -2.5 -20.872
      vertex 10.7849 0 -21.6415
    endloop
  endfacet
  facet normal 0.976852 0.0197663 0.212999
    outer loop
      vertex 10.7849 0 -21.6415
      vertex 10.6677 -2.5 -20.872
      vertex 10.7849 -2.5 -21.4095
    endloop
  endfacet
  facet normal 0.977058 -0.0196793 0.212061
    outer loop
      vertex 10.7849 0 -21.6415
      vertex 10.8333 2.5 -21.6325
      vertex 10.7849 2.5 -21.4095
    endloop
  endfacet
  facet normal 0.977041 -0.0196792 0.21214
    outer loop
      vertex 10.8333 2.5 -21.6325
      vertex 10.7849 0 -21.6415
      vertex 10.9477 0 -22.3913
    endloop
  endfacet
  facet normal 0.976826 -0.0199801 0.213099
    outer loop
      vertex 10.9477 2.5 -22.1569
      vertex 10.8333 2.5 -21.6325
      vertex 10.9477 0 -22.3913
    endloop
  endfacet
  facet normal 0.977058 0.0196793 0.212061
    outer loop
      vertex 10.8333 -2.5 -21.6325
      vertex 10.7849 0 -21.6415
      vertex 10.7849 -2.5 -21.4095
    endloop
  endfacet
  facet normal 0.977041 0.0196792 0.21214
    outer loop
      vertex 10.7849 0 -21.6415
      vertex 10.8333 -2.5 -21.6325
      vertex 10.9477 0 -22.3913
    endloop
  endfacet
  facet normal 0.976826 0.0199801 0.213099
    outer loop
      vertex 10.9477 0 -22.3913
      vertex 10.8333 -2.5 -21.6325
      vertex 10.9477 -2.5 -22.1569
    endloop
  endfacet
  facet normal 0.977066 -0.0198779 0.212009
    outer loop
      vertex 10.9477 0 -22.3913
      vertex 10.9988 2.5 -22.3924
      vertex 10.9477 2.5 -22.1569
    endloop
  endfacet
  facet normal 0.977059 -0.0198778 0.212041
    outer loop
      vertex 10.9988 2.5 -22.3924
      vertex 10.9477 0 -22.3913
      vertex 11.1104 0 -23.141
    endloop
  endfacet
  facet normal 0.976861 -0.0201512 0.212925
    outer loop
      vertex 11.1104 2.5 -22.9044
      vertex 10.9988 2.5 -22.3924
      vertex 11.1104 0 -23.141
    endloop
  endfacet
  facet normal 0.977066 0.0198779 0.212009
    outer loop
      vertex 10.9988 -2.5 -22.3924
      vertex 10.9477 0 -22.3913
      vertex 10.9477 -2.5 -22.1569
    endloop
  endfacet
  facet normal 0.977059 0.0198778 0.212041
    outer loop
      vertex 10.9477 0 -22.3913
      vertex 10.9988 -2.5 -22.3924
      vertex 11.1104 0 -23.141
    endloop
  endfacet
  facet normal 0.976861 0.0201512 0.212925
    outer loop
      vertex 11.1104 0 -23.141
      vertex 10.9988 -2.5 -22.3924
      vertex 11.1104 -2.5 -22.9044
    endloop
  endfacet
  facet normal 0.976983 -0.0200987 0.21237
    outer loop
      vertex 11.1104 0 -23.141
      vertex 11.1642 2.5 -23.1519
      vertex 11.1104 2.5 -22.9044
    endloop
  endfacet
  facet normal 0.977027 -0.0201006 0.212165
    outer loop
      vertex 11.1642 2.5 -23.1519
      vertex 11.1104 0 -23.141
      vertex 11.2732 0 -23.8907
    endloop
  endfacet
  facet normal 0.976869 -0.0203165 0.212872
    outer loop
      vertex 11.2732 2.5 -23.6521
      vertex 11.1642 2.5 -23.1519
      vertex 11.2732 0 -23.8907
    endloop
  endfacet
  facet normal 0.976983 0.0200987 0.21237
    outer loop
      vertex 11.1642 -2.5 -23.1519
      vertex 11.1104 0 -23.141
      vertex 11.1104 -2.5 -22.9044
    endloop
  endfacet
  facet normal 0.977027 0.0201006 0.212165
    outer loop
      vertex 11.1104 0 -23.141
      vertex 11.1642 -2.5 -23.1519
      vertex 11.2732 0 -23.8907
    endloop
  endfacet
  facet normal 0.976869 0.0203165 0.212872
    outer loop
      vertex 11.2732 0 -23.8907
      vertex 11.1642 -2.5 -23.1519
      vertex 11.2732 -2.5 -23.6521
    endloop
  endfacet
  facet normal 0.977041 -0.0202417 0.212088
    outer loop
      vertex 11.2732 0 -23.8907
      vertex 11.3294 2.5 -23.911
      vertex 11.2732 2.5 -23.6521
    endloop
  endfacet
  facet normal 0.977024 -0.0202407 0.212164
    outer loop
      vertex 11.3294 2.5 -23.911
      vertex 11.2732 0 -23.8907
      vertex 11.436 0 -24.6404
    endloop
  endfacet
  facet normal 0.97683 -0.0205022 0.213032
    outer loop
      vertex 11.436 2.5 -24.3998
      vertex 11.3294 2.5 -23.911
      vertex 11.436 0 -24.6404
    endloop
  endfacet
  facet normal 0.977041 0.0202417 0.212088
    outer loop
      vertex 11.3294 -2.5 -23.911
      vertex 11.2732 0 -23.8907
      vertex 11.2732 -2.5 -23.6521
    endloop
  endfacet
  facet normal 0.977024 0.0202407 0.212164
    outer loop
      vertex 11.2732 0 -23.8907
      vertex 11.3294 -2.5 -23.911
      vertex 11.436 0 -24.6404
    endloop
  endfacet
  facet normal 0.97683 0.0205022 0.213032
    outer loop
      vertex 11.436 0 -24.6404
      vertex 11.3294 -2.5 -23.911
      vertex 11.436 -2.5 -24.3998
    endloop
  endfacet
  facet normal 0.977012 -0.0204226 0.212205
    outer loop
      vertex 11.436 0 -24.6404
      vertex 11.4946 2.5 -24.6696
      vertex 11.436 2.5 -24.3998
    endloop
  endfacet
  facet normal 0.977021 -0.0204233 0.212164
    outer loop
      vertex 11.4946 2.5 -24.6696
      vertex 11.436 0 -24.6404
      vertex 11.5988 0 -25.3901
    endloop
  endfacet
  facet normal 0.976846 -0.0206556 0.212944
    outer loop
      vertex 11.5988 2.5 -25.1476
      vertex 11.4946 2.5 -24.6696
      vertex 11.5988 0 -25.3901
    endloop
  endfacet
  facet normal 0.977012 0.0204226 0.212205
    outer loop
      vertex 11.4946 -2.5 -24.6696
      vertex 11.436 0 -24.6404
      vertex 11.436 -2.5 -24.3998
    endloop
  endfacet
  facet normal 0.977021 0.0204233 0.212164
    outer loop
      vertex 11.436 0 -24.6404
      vertex 11.4946 -2.5 -24.6696
      vertex 11.5988 0 -25.3901
    endloop
  endfacet
  facet normal 0.976846 0.0206556 0.212944
    outer loop
      vertex 11.5988 0 -25.3901
      vertex 11.4946 -2.5 -24.6696
      vertex 11.5988 -2.5 -25.1476
    endloop
  endfacet
  facet normal 0.977051 -0.0205648 0.212008
    outer loop
      vertex 11.5988 0 -25.3901
      vertex 11.6596 2.5 -25.4278
      vertex 11.5988 2.5 -25.1476
    endloop
  endfacet
  facet normal 0.977045 -0.0205642 0.212038
    outer loop
      vertex 11.6596 2.5 -25.4278
      vertex 11.5988 0 -25.3901
      vertex 11.7615 0 -26.1398
    endloop
  endfacet
  facet normal 0.976867 -0.0207982 0.212835
    outer loop
      vertex 11.7615 2.5 -25.8955
      vertex 11.6596 2.5 -25.4278
      vertex 11.7615 0 -26.1398
    endloop
  endfacet
  facet normal 0.977051 0.0205648 0.212008
    outer loop
      vertex 11.6596 -2.5 -25.4278
      vertex 11.5988 0 -25.3901
      vertex 11.5988 -2.5 -25.1476
    endloop
  endfacet
  facet normal 0.977045 0.0205642 0.212038
    outer loop
      vertex 11.5988 0 -25.3901
      vertex 11.6596 -2.5 -25.4278
      vertex 11.7615 0 -26.1398
    endloop
  endfacet
  facet normal 0.976867 0.0207982 0.212835
    outer loop
      vertex 11.7615 0 -26.1398
      vertex 11.6596 -2.5 -25.4278
      vertex 11.7615 -2.5 -25.8955
    endloop
  endfacet
  facet normal 0.976957 -0.0207582 0.212426
    outer loop
      vertex 11.7615 0 -26.1398
      vertex 11.8246 2.5 -26.1857
      vertex 11.7615 2.5 -25.8955
    endloop
  endfacet
  facet normal 0.977014 -0.0207645 0.212162
    outer loop
      vertex 11.8246 2.5 -26.1857
      vertex 11.7615 0 -26.1398
      vertex 11.9243 0 -26.8895
    endloop
  endfacet
  facet normal 0.976873 -0.0209471 0.212791
    outer loop
      vertex 11.9243 2.5 -26.6434
      vertex 11.8246 2.5 -26.1857
      vertex 11.9243 0 -26.8895
    endloop
  endfacet
  facet normal 0.976957 0.0207582 0.212426
    outer loop
      vertex 11.8246 -2.5 -26.1857
      vertex 11.7615 0 -26.1398
      vertex 11.7615 -2.5 -25.8955
    endloop
  endfacet
  facet normal 0.977014 0.0207645 0.212162
    outer loop
      vertex 11.7615 0 -26.1398
      vertex 11.8246 -2.5 -26.1857
      vertex 11.9243 0 -26.8895
    endloop
  endfacet
  facet normal 0.976873 0.0209471 0.212791
    outer loop
      vertex 11.9243 0 -26.8895
      vertex 11.8246 -2.5 -26.1857
      vertex 11.9243 -2.5 -26.6434
    endloop
  endfacet
  facet normal 0.977013 -0.0208844 0.212153
    outer loop
      vertex 11.9243 0 -26.8895
      vertex 11.9894 2.5 -26.9432
      vertex 11.9243 2.5 -26.6434
    endloop
  endfacet
  facet normal 0.977011 -0.0208841 0.212161
    outer loop
      vertex 11.9894 2.5 -26.9432
      vertex 11.9243 0 -26.8895
      vertex 12.0871 0 -27.6392
    endloop
  endfacet
  facet normal 0.976849 -0.021093 0.212889
    outer loop
      vertex 12.0871 2.5 -27.3915
      vertex 11.9894 2.5 -26.9432
      vertex 12.0871 0 -27.6392
    endloop
  endfacet
  facet normal 0.977013 0.0208844 0.212153
    outer loop
      vertex 11.9894 -2.5 -26.9432
      vertex 11.9243 0 -26.8895
      vertex 11.9243 -2.5 -26.6434
    endloop
  endfacet
  facet normal 0.977011 0.0208841 0.212161
    outer loop
      vertex 11.9243 0 -26.8895
      vertex 11.9894 -2.5 -26.9432
      vertex 12.0871 0 -27.6392
    endloop
  endfacet
  facet normal 0.976849 0.021093 0.212889
    outer loop
      vertex 12.0871 0 -27.6392
      vertex 11.9894 -2.5 -26.9432
      vertex 12.0871 -2.5 -27.3915
    endloop
  endfacet
  facet normal 0.977009 -0.0210208 0.21216
    outer loop
      vertex 12.0871 0 -27.6392
      vertex 12.1542 2.5 -27.7005
      vertex 12.0871 2.5 -27.3915
    endloop
  endfacet
  facet normal 0.977009 -0.0210207 0.212161
    outer loop
      vertex 12.1542 2.5 -27.7005
      vertex 12.0871 0 -27.6392
      vertex 12.2499 0 -28.3889
    endloop
  endfacet
  facet normal 0.976844 -0.0212303 0.212899
    outer loop
      vertex 12.2499 2.5 -28.1396
      vertex 12.1542 2.5 -27.7005
      vertex 12.2499 0 -28.3889
    endloop
  endfacet
  facet normal 0.977009 0.0210208 0.21216
    outer loop
      vertex 12.1542 -2.5 -27.7005
      vertex 12.0871 0 -27.6392
      vertex 12.0871 -2.5 -27.3915
    endloop
  endfacet
  facet normal 0.977009 0.0210207 0.212161
    outer loop
      vertex 12.0871 0 -27.6392
      vertex 12.1542 -2.5 -27.7005
      vertex 12.2499 0 -28.3889
    endloop
  endfacet
  facet normal 0.976844 0.0212303 0.212899
    outer loop
      vertex 12.2499 0 -28.3889
      vertex 12.1542 -2.5 -27.7005
      vertex 12.2499 -2.5 -28.1396
    endloop
  endfacet
  facet normal 0.977013 -0.0211533 0.212127
    outer loop
      vertex 12.2499 0 -28.3889
      vertex 12.3189 2.5 -28.4574
      vertex 12.2499 2.5 -28.1396
    endloop
  endfacet
  facet normal 0.977006 -0.0211522 0.21216
    outer loop
      vertex 12.3189 2.5 -28.4574
      vertex 12.2499 0 -28.3889
      vertex 12.4127 0 -29.1386
    endloop
  endfacet
  facet normal 0.976832 -0.0213704 0.212937
    outer loop
      vertex 12.4127 2.5 -28.8877
      vertex 12.3189 2.5 -28.4574
      vertex 12.4127 0 -29.1386
    endloop
  endfacet
  facet normal 0.977013 0.0211533 0.212127
    outer loop
      vertex 12.3189 -2.5 -28.4574
      vertex 12.2499 0 -28.3889
      vertex 12.2499 -2.5 -28.1396
    endloop
  endfacet
  facet normal 0.977006 0.0211522 0.21216
    outer loop
      vertex 12.2499 0 -28.3889
      vertex 12.3189 -2.5 -28.4574
      vertex 12.4127 0 -29.1386
    endloop
  endfacet
  facet normal 0.976832 0.0213704 0.212937
    outer loop
      vertex 12.4127 0 -29.1386
      vertex 12.3189 -2.5 -28.4574
      vertex 12.4127 -2.5 -28.8877
    endloop
  endfacet
  facet normal 0.977039 -0.0212759 0.211996
    outer loop
      vertex 12.4127 0 -29.1386
      vertex 12.4835 2.5 -29.214
      vertex 12.4127 2.5 -28.8877
    endloop
  endfacet
  facet normal 0.97703 -0.0212745 0.212035
    outer loop
      vertex 12.4835 2.5 -29.214
      vertex 12.4127 0 -29.1386
      vertex 12.5754 0 -29.8883
    endloop
  endfacet
  facet normal 0.976874 -0.0214693 0.212736
    outer loop
      vertex 12.5754 2.5 -29.636
      vertex 12.4835 2.5 -29.214
      vertex 12.5754 0 -29.8883
    endloop
  endfacet
  facet normal 0.977039 0.0212759 0.211996
    outer loop
      vertex 12.4835 -2.5 -29.214
      vertex 12.4127 0 -29.1386
      vertex 12.4127 -2.5 -28.8877
    endloop
  endfacet
  facet normal 0.97703 0.0212745 0.212035
    outer loop
      vertex 12.4127 0 -29.1386
      vertex 12.4835 -2.5 -29.214
      vertex 12.5754 0 -29.8883
    endloop
  endfacet
  facet normal 0.976874 0.0214693 0.212736
    outer loop
      vertex 12.5754 0 -29.8883
      vertex 12.4835 -2.5 -29.214
      vertex 12.5754 -2.5 -29.636
    endloop
  endfacet
  facet normal 0.977029 -0.0204893 0.212118
    outer loop
      vertex 12.5754 2.5 -29.636
      vertex 12.6521 2.38907 -30
      vertex 12.648 2.5 -29.9704
    endloop
  endfacet
  facet normal 0.97695 -0.0214343 0.212389
    outer loop
      vertex 12.5754 0 -29.8883
      vertex 12.6521 2.38907 -30
      vertex 12.5754 2.5 -29.636
    endloop
  endfacet
  facet normal 0.97692 -0.021427 0.212526
    outer loop
      vertex 12.6521 2.38907 -30
      vertex 12.5754 0 -29.8883
      vertex 12.5997 0 -30
    endloop
  endfacet
  facet normal 0.976509 -0.021127 0.214436
    outer loop
      vertex 12.6545 2.5 -30
      vertex 12.648 2.5 -29.9704
      vertex 12.6521 2.38907 -30
    endloop
  endfacet
  facet normal 0.97692 0.021427 0.212526
    outer loop
      vertex 12.5754 0 -29.8883
      vertex 12.6521 -2.38907 -30
      vertex 12.5997 0 -30
    endloop
  endfacet
  facet normal 0.97695 0.0214343 0.212389
    outer loop
      vertex 12.5754 -2.5 -29.636
      vertex 12.6521 -2.38907 -30
      vertex 12.5754 0 -29.8883
    endloop
  endfacet
  facet normal 0.977029 0.0204893 0.212118
    outer loop
      vertex 12.6521 -2.38907 -30
      vertex 12.5754 -2.5 -29.636
      vertex 12.648 -2.5 -29.9704
    endloop
  endfacet
  facet normal 0.976509 0.021127 0.214436
    outer loop
      vertex 12.6521 -2.38907 -30
      vertex 12.648 -2.5 -29.9704
      vertex 12.6545 -2.5 -30
    endloop
  endfacet
  facet normal 0.977 -0.022691 0.212027
    outer loop
      vertex 14.8081 1.60171 -40
      vertex 14.7709 0 -40
      vertex 14.8543 0 -40.3843
    endloop
  endfacet
  facet normal 0.976876 -0.0228372 0.212584
    outer loop
      vertex 14.8081 1.60171 -40
      vertex 14.8543 2.5 -40.1158
      vertex 14.8291 2.5 -40
    endloop
  endfacet
  facet normal 0.976871 -0.022834 0.212607
    outer loop
      vertex 14.8543 2.5 -40.1158
      vertex 14.8081 1.60171 -40
      vertex 14.8543 0 -40.3843
    endloop
  endfacet
  facet normal 0.977 0.022691 0.212027
    outer loop
      vertex 14.8543 0 -40.3843
      vertex 14.7709 0 -40
      vertex 14.8081 -1.60171 -40
    endloop
  endfacet
  facet normal 0.976876 0.0228372 0.212584
    outer loop
      vertex 14.8543 -2.5 -40.1158
      vertex 14.8081 -1.60171 -40
      vertex 14.8291 -2.5 -40
    endloop
  endfacet
  facet normal 0.976871 0.022834 0.212607
    outer loop
      vertex 14.8081 -1.60171 -40
      vertex 14.8543 -2.5 -40.1158
      vertex 14.8543 0 -40.3843
    endloop
  endfacet
  facet normal 0.976945 -0.0227977 0.212269
    outer loop
      vertex 14.8543 0 -40.3843
      vertex 14.9461 2.5 -40.5383
      vertex 14.8543 2.5 -40.1158
    endloop
  endfacet
  facet normal 0.97697 -0.0228058 0.212153
    outer loop
      vertex 14.9461 2.5 -40.5383
      vertex 14.8543 0 -40.3843
      vertex 15.0171 0 -41.134
    endloop
  endfacet
  facet normal 0.976879 -0.0229055 0.21256
    outer loop
      vertex 15.0171 2.5 -40.8646
      vertex 14.9461 2.5 -40.5383
      vertex 15.0171 0 -41.134
    endloop
  endfacet
  facet normal 0.976945 0.0227977 0.212269
    outer loop
      vertex 14.9461 -2.5 -40.5383
      vertex 14.8543 0 -40.3843
      vertex 14.8543 -2.5 -40.1158
    endloop
  endfacet
  facet normal 0.97697 0.0228058 0.212153
    outer loop
      vertex 14.8543 0 -40.3843
      vertex 14.9461 -2.5 -40.5383
      vertex 15.0171 0 -41.134
    endloop
  endfacet
  facet normal 0.976879 0.0229055 0.21256
    outer loop
      vertex 15.0171 0 -41.134
      vertex 14.9461 -2.5 -40.5383
      vertex 15.0171 -2.5 -40.8646
    endloop
  endfacet
  facet normal 0.976975 -0.0228588 0.212127
    outer loop
      vertex 15.0171 0 -41.134
      vertex 15.1099 2.5 -41.292
      vertex 15.0171 2.5 -40.8646
    endloop
  endfacet
  facet normal 0.976969 -0.0228571 0.212152
    outer loop
      vertex 15.1099 2.5 -41.292
      vertex 15.0171 0 -41.134
      vertex 15.1799 0 -41.8837
    endloop
  endfacet
  facet normal 0.97685 -0.0229874 0.212689
    outer loop
      vertex 15.1799 2.5 -41.6135
      vertex 15.1099 2.5 -41.292
      vertex 15.1799 0 -41.8837
    endloop
  endfacet
  facet normal 0.976975 0.0228588 0.212127
    outer loop
      vertex 15.1099 -2.5 -41.292
      vertex 15.0171 0 -41.134
      vertex 15.0171 -2.5 -40.8646
    endloop
  endfacet
  facet normal 0.976969 0.0228571 0.212152
    outer loop
      vertex 15.0171 0 -41.134
      vertex 15.1099 -2.5 -41.292
      vertex 15.1799 0 -41.8837
    endloop
  endfacet
  facet normal 0.97685 0.0229874 0.212689
    outer loop
      vertex 15.1799 0 -41.8837
      vertex 15.1099 -2.5 -41.292
      vertex 15.1799 -2.5 -41.6135
    endloop
  endfacet
  facet normal 0.976983 -0.0229219 0.212083
    outer loop
      vertex 15.1799 0 -41.8837
      vertex 15.2737 2.5 -42.0456
      vertex 15.1799 2.5 -41.6135
    endloop
  endfacet
  facet normal 0.976968 -0.0229169 0.212152
    outer loop
      vertex 15.2737 2.5 -42.0456
      vertex 15.1799 0 -41.8837
      vertex 15.3427 0 -42.6334
    endloop
  endfacet
  facet normal 0.976833 -0.0230629 0.212757
    outer loop
      vertex 15.3427 2.5 -42.3624
      vertex 15.2737 2.5 -42.0456
      vertex 15.3427 0 -42.6334
    endloop
  endfacet
  facet normal 0.976983 0.0229219 0.212083
    outer loop
      vertex 15.2737 -2.5 -42.0456
      vertex 15.1799 0 -41.8837
      vertex 15.1799 -2.5 -41.6135
    endloop
  endfacet
  facet normal 0.976968 0.0229169 0.212152
    outer loop
      vertex 15.1799 0 -41.8837
      vertex 15.2737 -2.5 -42.0456
      vertex 15.3427 0 -42.6334
    endloop
  endfacet
  facet normal 0.976833 0.0230629 0.212757
    outer loop
      vertex 15.3427 0 -42.6334
      vertex 15.2737 -2.5 -42.0456
      vertex 15.3427 -2.5 -42.3624
    endloop
  endfacet
  facet normal 0.976981 -0.0229901 0.212086
    outer loop
      vertex 15.3427 0 -42.6334
      vertex 15.4375 2.5 -42.7991
      vertex 15.3427 2.5 -42.3624
    endloop
  endfacet
  facet normal 0.976966 -0.0229852 0.212152
    outer loop
      vertex 15.4375 2.5 -42.7991
      vertex 15.3427 0 -42.6334
      vertex 15.5055 0 -43.3831
    endloop
  endfacet
  facet normal 0.976816 -0.0231471 0.212827
    outer loop
      vertex 15.5055 2.5 -43.1112
      vertex 15.4375 2.5 -42.7991
      vertex 15.5055 0 -43.3831
    endloop
  endfacet
  facet normal 0.976981 0.0229901 0.212086
    outer loop
      vertex 15.4375 -2.5 -42.7991
      vertex 15.3427 0 -42.6334
      vertex 15.3427 -2.5 -42.3624
    endloop
  endfacet
  facet normal 0.976966 0.0229852 0.212152
    outer loop
      vertex 15.3427 0 -42.6334
      vertex 15.4375 -2.5 -42.7991
      vertex 15.5055 0 -43.3831
    endloop
  endfacet
  facet normal 0.976816 0.0231471 0.212827
    outer loop
      vertex 15.5055 0 -43.3831
      vertex 15.4375 -2.5 -42.7991
      vertex 15.5055 -2.5 -43.1112
    endloop
  endfacet
  facet normal 0.977015 -0.0230487 0.211923
    outer loop
      vertex 15.5055 0 -43.3831
      vertex 15.6012 2.5 -43.5524
      vertex 15.5055 2.5 -43.1112
    endloop
  endfacet
  facet normal 0.976992 -0.0230408 0.212027
    outer loop
      vertex 15.6012 2.5 -43.5524
      vertex 15.5055 0 -43.3831
      vertex 15.6682 0 -44.1328
    endloop
  endfacet
  facet normal 0.976856 -0.0231858 0.212636
    outer loop
      vertex 15.6682 2.5 -43.8602
      vertex 15.6012 2.5 -43.5524
      vertex 15.6682 0 -44.1328
    endloop
  endfacet
  facet normal 0.977015 0.0230487 0.211923
    outer loop
      vertex 15.6012 -2.5 -43.5524
      vertex 15.5055 0 -43.3831
      vertex 15.5055 -2.5 -43.1112
    endloop
  endfacet
  facet normal 0.976992 0.0230408 0.212027
    outer loop
      vertex 15.5055 0 -43.3831
      vertex 15.6012 -2.5 -43.5524
      vertex 15.6682 0 -44.1328
    endloop
  endfacet
  facet normal 0.976856 0.0231858 0.212636
    outer loop
      vertex 15.6682 0 -44.1328
      vertex 15.6012 -2.5 -43.5524
      vertex 15.6682 -2.5 -43.8602
    endloop
  endfacet
  facet normal 0.976934 -0.0232601 0.212272
    outer loop
      vertex 15.6682 2.5 -43.8602
      vertex 15.773 2.19627 -44.3758
      vertex 15.765 2.5 -44.3057
    endloop
  endfacet
  facet normal 0.976951 -0.0231387 0.212204
    outer loop
      vertex 15.6682 0 -44.1328
      vertex 15.773 2.19627 -44.3758
      vertex 15.6682 2.5 -43.8602
    endloop
  endfacet
  facet normal 0.976953 -0.0231397 0.212196
    outer loop
      vertex 15.773 2.19627 -44.3758
      vertex 15.6682 0 -44.1328
      vertex 15.773 0 -44.6153
    endloop
  endfacet
  facet normal 0.977034 -0.0231539 0.211823
    outer loop
      vertex 15.773 2.5 -44.3426
      vertex 15.765 2.5 -44.3057
      vertex 15.773 2.19627 -44.3758
    endloop
  endfacet
  facet normal 0.976953 0.0231397 0.212196
    outer loop
      vertex 15.6682 0 -44.1328
      vertex 15.773 -2.19627 -44.3758
      vertex 15.773 0 -44.6153
    endloop
  endfacet
  facet normal 0.976951 0.0231387 0.212204
    outer loop
      vertex 15.6682 -2.5 -43.8602
      vertex 15.773 -2.19627 -44.3758
      vertex 15.6682 0 -44.1328
    endloop
  endfacet
  facet normal 0.976934 0.0232601 0.212272
    outer loop
      vertex 15.773 -2.19627 -44.3758
      vertex 15.6682 -2.5 -43.8602
      vertex 15.765 -2.5 -44.3057
    endloop
  endfacet
  facet normal 0.977034 0.0231539 0.211823
    outer loop
      vertex 15.773 -2.19627 -44.3758
      vertex 15.765 -2.5 -44.3057
      vertex 15.773 -2.5 -44.3426
    endloop
  endfacet
  facet normal 1 -0 0
    outer loop
      vertex 15.773 2.19627 -44.3758
      vertex 15.773 2.5 -44.6091
      vertex 15.773 2.5 -44.3426
    endloop
  endfacet
  facet normal 1 0 0
    outer loop
      vertex 15.773 0 -44.8825
      vertex 15.773 2.19627 -44.3758
      vertex 15.773 0 -44.6153
    endloop
  endfacet
  facet normal 1 0 0
    outer loop
      vertex 15.773 2.19627 -44.3758
      vertex 15.773 0 -44.8825
      vertex 15.773 2.5 -44.6091
    endloop
  endfacet
  facet normal 1 0 0
    outer loop
      vertex 15.773 -2.19627 -44.3758
      vertex 15.773 0 -44.8825
      vertex 15.773 0 -44.6153
    endloop
  endfacet
  facet normal 1 0 0
    outer loop
      vertex 15.773 -2.5 -44.6091
      vertex 15.773 -2.19627 -44.3758
      vertex 15.773 -2.5 -44.3426
    endloop
  endfacet
  facet normal 1 0 0
    outer loop
      vertex 15.773 -2.19627 -44.3758
      vertex 15.773 -2.5 -44.6091
      vertex 15.773 0 -44.8825
    endloop
  endfacet
  facet normal 0.976996 -0.0231836 0.211994
    outer loop
      vertex 15.773 0 -44.8825
      vertex 15.8706 2.5 -45.0589
      vertex 15.773 2.5 -44.6091
    endloop
  endfacet
  facet normal 0.976962 -0.0231712 0.212151
    outer loop
      vertex 15.8706 2.5 -45.0589
      vertex 15.773 0 -44.8825
      vertex 15.9358 0 -45.6322
    endloop
  endfacet
  facet normal 0.976652 -0.023498 0.21354
    outer loop
      vertex 15.9358 2.5 -45.3571
      vertex 15.8706 2.5 -45.0589
      vertex 15.9358 0 -45.6322
    endloop
  endfacet
  facet normal 0.976996 0.0231836 0.211994
    outer loop
      vertex 15.8706 -2.5 -45.0589
      vertex 15.773 0 -44.8825
      vertex 15.773 -2.5 -44.6091
    endloop
  endfacet
  facet normal 0.976962 0.0231712 0.212151
    outer loop
      vertex 15.773 0 -44.8825
      vertex 15.8706 -2.5 -45.0589
      vertex 15.9358 0 -45.6322
    endloop
  endfacet
  facet normal 0.976652 0.023498 0.21354
    outer loop
      vertex 15.9358 0 -45.6322
      vertex 15.8706 -2.5 -45.0589
      vertex 15.9358 -2.5 -45.3571
    endloop
  endfacet
  facet normal 0.97698 -0.0233339 0.212049
    outer loop
      vertex 15.9358 0 -45.6322
      vertex 16.0341 2.5 -45.81
      vertex 15.9358 2.5 -45.3571
    endloop
  endfacet
  facet normal 0.976985 -0.0233358 0.212026
    outer loop
      vertex 16.0341 2.5 -45.81
      vertex 15.9358 0 -45.6322
      vertex 16.0985 0 -46.3819
    endloop
  endfacet
  facet normal 0.976749 -0.0235842 0.213085
    outer loop
      vertex 16.0985 2.5 -46.1052
      vertex 16.0341 2.5 -45.81
      vertex 16.0985 0 -46.3819
    endloop
  endfacet
  facet normal 0.97698 0.0233339 0.212049
    outer loop
      vertex 16.0341 -2.5 -45.81
      vertex 15.9358 0 -45.6322
      vertex 15.9358 -2.5 -45.3571
    endloop
  endfacet
  facet normal 0.976985 0.0233358 0.212026
    outer loop
      vertex 15.9358 0 -45.6322
      vertex 16.0341 -2.5 -45.81
      vertex 16.0985 0 -46.3819
    endloop
  endfacet
  facet normal 0.976749 0.0235842 0.213085
    outer loop
      vertex 16.0985 0 -46.3819
      vertex 16.0341 -2.5 -45.81
      vertex 16.0985 -2.5 -46.1052
    endloop
  endfacet
  facet normal 0.976955 -0.0234806 0.212149
    outer loop
      vertex 16.0985 0 -46.3819
      vertex 16.1975 2.5 -46.5611
      vertex 16.0985 2.5 -46.1052
    endloop
  endfacet
  facet normal 0.976955 -0.0234806 0.212149
    outer loop
      vertex 16.1975 2.5 -46.5611
      vertex 16.0985 0 -46.3819
      vertex 16.2613 0 -47.1316
    endloop
  endfacet
  facet normal 0.976707 -0.0237399 0.213258
    outer loop
      vertex 16.2613 2.5 -46.8533
      vertex 16.1975 2.5 -46.5611
      vertex 16.2613 0 -47.1316
    endloop
  endfacet
  facet normal 0.976955 0.0234806 0.212149
    outer loop
      vertex 16.1975 -2.5 -46.5611
      vertex 16.0985 0 -46.3819
      vertex 16.0985 -2.5 -46.1052
    endloop
  endfacet
  facet normal 0.976955 0.0234806 0.212149
    outer loop
      vertex 16.0985 0 -46.3819
      vertex 16.1975 -2.5 -46.5611
      vertex 16.2613 0 -47.1316
    endloop
  endfacet
  facet normal 0.976707 0.0237399 0.213258
    outer loop
      vertex 16.2613 0 -47.1316
      vertex 16.1975 -2.5 -46.5611
      vertex 16.2613 -2.5 -46.8533
    endloop
  endfacet
  facet normal 0.976921 -0.0236322 0.212291
    outer loop
      vertex 16.2613 0 -47.1316
      vertex 16.361 2.5 -47.3121
      vertex 16.2613 2.5 -46.8533
    endloop
  endfacet
  facet normal 0.976951 -0.0236437 0.212148
    outer loop
      vertex 16.361 2.5 -47.3121
      vertex 16.2613 0 -47.1316
      vertex 16.4241 0 -47.8813
    endloop
  endfacet
  facet normal 0.976752 -0.0238522 0.213042
    outer loop
      vertex 16.4241 2.5 -47.6014
      vertex 16.361 2.5 -47.3121
      vertex 16.4241 0 -47.8813
    endloop
  endfacet
  facet normal 0.976921 0.0236322 0.212291
    outer loop
      vertex 16.361 -2.5 -47.3121
      vertex 16.2613 0 -47.1316
      vertex 16.2613 -2.5 -46.8533
    endloop
  endfacet
  facet normal 0.976951 0.0236437 0.212148
    outer loop
      vertex 16.2613 0 -47.1316
      vertex 16.361 -2.5 -47.3121
      vertex 16.4241 0 -47.8813
    endloop
  endfacet
  facet normal 0.976752 0.0238522 0.213042
    outer loop
      vertex 16.4241 0 -47.8813
      vertex 16.361 -2.5 -47.3121
      vertex 16.4241 -2.5 -47.6014
    endloop
  endfacet
  facet normal 0.976931 -0.0237612 0.212229
    outer loop
      vertex 16.4241 0 -47.8813
      vertex 16.5244 2.5 -48.0631
      vertex 16.4241 2.5 -47.6014
    endloop
  endfacet
  facet normal 0.976949 -0.0237678 0.212148
    outer loop
      vertex 16.5244 2.5 -48.0631
      vertex 16.4241 0 -47.8813
      vertex 16.5869 0 -48.631
    endloop
  endfacet
  facet normal 0.976725 -0.0240004 0.213147
    outer loop
      vertex 16.5869 2.5 -48.3495
      vertex 16.5244 2.5 -48.0631
      vertex 16.5869 0 -48.631
    endloop
  endfacet
  facet normal 0.976931 0.0237612 0.212229
    outer loop
      vertex 16.5244 -2.5 -48.0631
      vertex 16.4241 0 -47.8813
      vertex 16.4241 -2.5 -47.6014
    endloop
  endfacet
  facet normal 0.976949 0.0237678 0.212148
    outer loop
      vertex 16.4241 0 -47.8813
      vertex 16.5244 -2.5 -48.0631
      vertex 16.5869 0 -48.631
    endloop
  endfacet
  facet normal 0.976725 0.0240004 0.213147
    outer loop
      vertex 16.5869 0 -48.631
      vertex 16.5244 -2.5 -48.0631
      vertex 16.5869 -2.5 -48.3495
    endloop
  endfacet
  facet normal 0.976941 -0.0238901 0.212168
    outer loop
      vertex 16.5869 0 -48.631
      vertex 16.6878 2.5 -48.8141
      vertex 16.5869 2.5 -48.3495
    endloop
  endfacet
  facet normal 0.976946 -0.0238919 0.212147
    outer loop
      vertex 16.6878 2.5 -48.8141
      vertex 16.5869 0 -48.631
      vertex 16.7497 0 -49.3807
    endloop
  endfacet
  facet normal 0.976714 -0.0241323 0.213183
    outer loop
      vertex 16.7497 2.5 -49.0977
      vertex 16.6878 2.5 -48.8141
      vertex 16.7497 0 -49.3807
    endloop
  endfacet
  facet normal 0.976941 0.0238901 0.212168
    outer loop
      vertex 16.6878 -2.5 -48.8141
      vertex 16.5869 0 -48.631
      vertex 16.5869 -2.5 -48.3495
    endloop
  endfacet
  facet normal 0.976946 0.0238919 0.212147
    outer loop
      vertex 16.5869 0 -48.631
      vertex 16.6878 -2.5 -48.8141
      vertex 16.7497 0 -49.3807
    endloop
  endfacet
  facet normal 0.976714 0.0241323 0.213183
    outer loop
      vertex 16.7497 0 -49.3807
      vertex 16.6878 -2.5 -48.8141
      vertex 16.7497 -2.5 -49.0977
    endloop
  endfacet
  facet normal 0.976986 -0.023993 0.211952
    outer loop
      vertex 16.7497 0 -49.3807
      vertex 16.8511 2.5 -49.5651
      vertex 16.7497 2.5 -49.0977
    endloop
  endfacet
  facet normal 0.976976 -0.0239894 0.211995
    outer loop
      vertex 16.8511 2.5 -49.5651
      vertex 16.7497 0 -49.3807
      vertex 16.9124 0 -50.1305
    endloop
  endfacet
  facet normal 0.976703 -0.0242728 0.213219
    outer loop
      vertex 16.9124 2.5 -49.8459
      vertex 16.8511 2.5 -49.5651
      vertex 16.9124 0 -50.1305
    endloop
  endfacet
  facet normal 0.976986 0.023993 0.211952
    outer loop
      vertex 16.8511 -2.5 -49.5651
      vertex 16.7497 0 -49.3807
      vertex 16.7497 -2.5 -49.0977
    endloop
  endfacet
  facet normal 0.976976 0.0239894 0.211995
    outer loop
      vertex 16.7497 0 -49.3807
      vertex 16.8511 -2.5 -49.5651
      vertex 16.9124 0 -50.1305
    endloop
  endfacet
  facet normal 0.976703 0.0242728 0.213219
    outer loop
      vertex 16.9124 0 -50.1305
      vertex 16.8511 -2.5 -49.5651
      vertex 16.9124 -2.5 -49.8459
    endloop
  endfacet
  facet normal 0.976942 -0.0241494 0.212135
    outer loop
      vertex 16.9124 0 -50.1305
      vertex 17.0145 2.5 -50.3161
      vertex 16.9124 2.5 -49.8459
    endloop
  endfacet
  facet normal 0.97694 -0.0241485 0.212146
    outer loop
      vertex 17.0145 2.5 -50.3161
      vertex 16.9124 0 -50.1305
      vertex 17.0752 0 -50.8802
    endloop
  endfacet
  facet normal 0.976691 -0.024405 0.213256
    outer loop
      vertex 17.0752 2.5 -50.5941
      vertex 17.0145 2.5 -50.3161
      vertex 17.0752 0 -50.8802
    endloop
  endfacet
  facet normal 0.976942 0.0241494 0.212135
    outer loop
      vertex 17.0145 -2.5 -50.3161
      vertex 16.9124 0 -50.1305
      vertex 16.9124 -2.5 -49.8459
    endloop
  endfacet
  facet normal 0.97694 0.0241485 0.212146
    outer loop
      vertex 16.9124 0 -50.1305
      vertex 17.0145 -2.5 -50.3161
      vertex 17.0752 0 -50.8802
    endloop
  endfacet
  facet normal 0.976691 0.024405 0.213256
    outer loop
      vertex 17.0752 0 -50.8802
      vertex 17.0145 -2.5 -50.3161
      vertex 17.0752 -2.5 -50.5941
    endloop
  endfacet
  facet normal 0.976933 -0.0242797 0.212161
    outer loop
      vertex 17.0752 0 -50.8802
      vertex 17.1779 2.5 -51.067
      vertex 17.0752 2.5 -50.5941
    endloop
  endfacet
  facet normal 0.976936 -0.0242811 0.212145
    outer loop
      vertex 17.1779 2.5 -51.067
      vertex 17.0752 0 -50.8802
      vertex 17.238 0 -51.6299
    endloop
  endfacet
  facet normal 0.976713 -0.0245118 0.213146
    outer loop
      vertex 17.238 2.5 -51.3424
      vertex 17.1779 2.5 -51.067
      vertex 17.238 0 -51.6299
    endloop
  endfacet
  facet normal 0.976933 0.0242797 0.212161
    outer loop
      vertex 17.1779 -2.5 -51.067
      vertex 17.0752 0 -50.8802
      vertex 17.0752 -2.5 -50.5941
    endloop
  endfacet
  facet normal 0.976936 0.0242811 0.212145
    outer loop
      vertex 17.0752 0 -50.8802
      vertex 17.1779 -2.5 -51.067
      vertex 17.238 0 -51.6299
    endloop
  endfacet
  facet normal 0.976713 0.0245118 0.213146
    outer loop
      vertex 17.238 0 -51.6299
      vertex 17.1779 -2.5 -51.067
      vertex 17.238 -2.5 -51.3424
    endloop
  endfacet
  facet normal 0.976958 -0.0243839 0.212034
    outer loop
      vertex 17.238 0 -51.6299
      vertex 17.3412 2.5 -51.8179
      vertex 17.238 2.5 -51.3424
    endloop
  endfacet
  facet normal 0.976934 -0.0243746 0.212145
    outer loop
      vertex 17.3412 2.5 -51.8179
      vertex 17.238 0 -51.6299
      vertex 17.4008 0 -52.3796
    endloop
  endfacet
  facet normal 0.976659 -0.0246577 0.213376
    outer loop
      vertex 17.4008 2.5 -52.0907
      vertex 17.3412 2.5 -51.8179
      vertex 17.4008 0 -52.3796
    endloop
  endfacet
  facet normal 0.976958 0.0243839 0.212034
    outer loop
      vertex 17.3412 -2.5 -51.8179
      vertex 17.238 0 -51.6299
      vertex 17.238 -2.5 -51.3424
    endloop
  endfacet
  facet normal 0.976934 0.0243746 0.212145
    outer loop
      vertex 17.238 0 -51.6299
      vertex 17.3412 -2.5 -51.8179
      vertex 17.4008 0 -52.3796
    endloop
  endfacet
  facet normal 0.976659 0.0246577 0.213376
    outer loop
      vertex 17.4008 0 -52.3796
      vertex 17.3412 -2.5 -51.8179
      vertex 17.4008 -2.5 -52.0907
    endloop
  endfacet
  facet normal 0.97694 -0.0245106 0.212103
    outer loop
      vertex 17.4008 0 -52.3796
      vertex 17.5046 2.5 -52.5688
      vertex 17.4008 2.5 -52.0907
    endloop
  endfacet
  facet normal 0.976958 -0.0245177 0.21202
    outer loop
      vertex 17.5046 2.5 -52.5688
      vertex 17.4008 0 -52.3796
      vertex 17.5635 0 -53.1293
    endloop
  endfacet
  facet normal 0.976757 -0.0247243 0.21292
    outer loop
      vertex 17.5635 2.5 -52.839
      vertex 17.5046 2.5 -52.5688
      vertex 17.5635 0 -53.1293
    endloop
  endfacet
  facet normal 0.97694 0.0245106 0.212103
    outer loop
      vertex 17.5046 -2.5 -52.5688
      vertex 17.4008 0 -52.3796
      vertex 17.4008 -2.5 -52.0907
    endloop
  endfacet
  facet normal 0.976958 0.0245177 0.21202
    outer loop
      vertex 17.4008 0 -52.3796
      vertex 17.5046 -2.5 -52.5688
      vertex 17.5635 0 -53.1293
    endloop
  endfacet
  facet normal 0.976757 0.0247243 0.21292
    outer loop
      vertex 17.5635 0 -53.1293
      vertex 17.5046 -2.5 -52.5688
      vertex 17.5635 -2.5 -52.839
    endloop
  endfacet
  facet normal 0.976913 -0.0246422 0.212213
    outer loop
      vertex 17.5635 0 -53.1293
      vertex 17.6679 2.5 -53.3196
      vertex 17.5635 2.5 -52.839
    endloop
  endfacet
  facet normal 0.976928 -0.0246482 0.212143
    outer loop
      vertex 17.6679 2.5 -53.3196
      vertex 17.5635 0 -53.1293
      vertex 17.7263 0 -53.879
    endloop
  endfacet
  facet normal 0.976736 -0.0248443 0.213
    outer loop
      vertex 17.7263 2.5 -53.5874
      vertex 17.6679 2.5 -53.3196
      vertex 17.7263 0 -53.879
    endloop
  endfacet
  facet normal 0.976913 0.0246422 0.212213
    outer loop
      vertex 17.6679 -2.5 -53.3196
      vertex 17.5635 0 -53.1293
      vertex 17.5635 -2.5 -52.839
    endloop
  endfacet
  facet normal 0.976928 0.0246482 0.212143
    outer loop
      vertex 17.5635 0 -53.1293
      vertex 17.6679 -2.5 -53.3196
      vertex 17.7263 0 -53.879
    endloop
  endfacet
  facet normal 0.976736 0.0248443 0.213
    outer loop
      vertex 17.7263 0 -53.879
      vertex 17.6679 -2.5 -53.3196
      vertex 17.7263 -2.5 -53.5874
    endloop
  endfacet
  facet normal 0.976928 -0.0247428 0.21213
    outer loop
      vertex 17.7263 0 -53.879
      vertex 17.8312 2.5 -54.0705
      vertex 17.7263 2.5 -53.5874
    endloop
  endfacet
  facet normal 0.976925 -0.0247417 0.212143
    outer loop
      vertex 17.8312 2.5 -54.0705
      vertex 17.7263 0 -53.879
      vertex 17.8891 0 -54.6287
    endloop
  endfacet
  facet normal 0.976681 -0.0249911 0.213235
    outer loop
      vertex 17.8891 2.5 -54.3357
      vertex 17.8312 2.5 -54.0705
      vertex 17.8891 0 -54.6287
    endloop
  endfacet
  facet normal 0.976928 0.0247428 0.21213
    outer loop
      vertex 17.8312 -2.5 -54.0705
      vertex 17.7263 0 -53.879
      vertex 17.7263 -2.5 -53.5874
    endloop
  endfacet
  facet normal 0.976925 0.0247417 0.212143
    outer loop
      vertex 17.7263 0 -53.879
      vertex 17.8312 -2.5 -54.0705
      vertex 17.8891 0 -54.6287
    endloop
  endfacet
  facet normal 0.976681 0.0249911 0.213235
    outer loop
      vertex 17.8891 0 -54.6287
      vertex 17.8312 -2.5 -54.0705
      vertex 17.8891 -2.5 -54.3357
    endloop
  endfacet
  facet normal 0.976944 -0.0248519 0.212047
    outer loop
      vertex 17.8891 0 -54.6287
      vertex 17.9945 2.5 -54.8213
      vertex 17.8891 2.5 -54.3357
    endloop
  endfacet
  facet normal 0.976923 -0.0248436 0.212142
    outer loop
      vertex 17.9945 2.5 -54.8213
      vertex 17.8891 0 -54.6287
      vertex 18.0519 0 -55.3784
    endloop
  endfacet
  facet normal 0.97666 -0.0251119 0.213319
    outer loop
      vertex 18.0519 2.5 -55.0841
      vertex 17.9945 2.5 -54.8213
      vertex 18.0519 0 -55.3784
    endloop
  endfacet
  facet normal 0.976944 0.0248519 0.212047
    outer loop
      vertex 17.9945 -2.5 -54.8213
      vertex 17.8891 0 -54.6287
      vertex 17.8891 -2.5 -54.3357
    endloop
  endfacet
  facet normal 0.976923 0.0248436 0.212142
    outer loop
      vertex 17.8891 0 -54.6287
      vertex 17.9945 -2.5 -54.8213
      vertex 18.0519 0 -55.3784
    endloop
  endfacet
  facet normal 0.97666 0.0251119 0.213319
    outer loop
      vertex 18.0519 0 -55.3784
      vertex 17.9945 -2.5 -54.8213
      vertex 18.0519 -2.5 -55.0841
    endloop
  endfacet
  facet normal 0.97695 -0.0249574 0.212006
    outer loop
      vertex 18.0519 0 -55.3784
      vertex 18.1578 2.5 -55.5721
      vertex 18.0519 2.5 -55.0841
    endloop
  endfacet
  facet normal 0.97692 -0.0249456 0.212142
    outer loop
      vertex 18.1578 2.5 -55.5721
      vertex 18.0519 0 -55.3784
      vertex 18.2147 0 -56.1281
    endloop
  endfacet
  facet normal 0.976655 -0.0252153 0.213327
    outer loop
      vertex 18.2147 2.5 -55.8326
      vertex 18.1578 2.5 -55.5721
      vertex 18.2147 0 -56.1281
    endloop
  endfacet
  facet normal 0.97695 0.0249574 0.212006
    outer loop
      vertex 18.1578 -2.5 -55.5721
      vertex 18.0519 0 -55.3784
      vertex 18.0519 -2.5 -55.0841
    endloop
  endfacet
  facet normal 0.97692 0.0249456 0.212142
    outer loop
      vertex 18.0519 0 -55.3784
      vertex 18.1578 -2.5 -55.5721
      vertex 18.2147 0 -56.1281
    endloop
  endfacet
  facet normal 0.976655 0.0252153 0.213327
    outer loop
      vertex 18.2147 0 -56.1281
      vertex 18.1578 -2.5 -55.5721
      vertex 18.2147 -2.5 -55.8326
    endloop
  endfacet
  facet normal 0.976947 -0.0250593 0.212007
    outer loop
      vertex 18.2147 0 -56.1281
      vertex 18.3211 2.5 -56.3229
      vertex 18.2147 2.5 -55.8326
    endloop
  endfacet
  facet normal 0.976945 -0.0250584 0.212017
    outer loop
      vertex 18.3211 2.5 -56.3229
      vertex 18.2147 0 -56.1281
      vertex 18.3774 0 -56.8778
    endloop
  endfacet
  facet normal 0.976713 -0.0252936 0.213053
    outer loop
      vertex 18.3774 2.5 -56.581
      vertex 18.3211 2.5 -56.3229
      vertex 18.3774 0 -56.8778
    endloop
  endfacet
  facet normal 0.976947 0.0250593 0.212007
    outer loop
      vertex 18.3211 -2.5 -56.3229
      vertex 18.2147 0 -56.1281
      vertex 18.2147 -2.5 -55.8326
    endloop
  endfacet
  facet normal 0.976945 0.0250584 0.212017
    outer loop
      vertex 18.2147 0 -56.1281
      vertex 18.3211 -2.5 -56.3229
      vertex 18.3774 0 -56.8778
    endloop
  endfacet
  facet normal 0.976713 0.0252936 0.213053
    outer loop
      vertex 18.3774 0 -56.8778
      vertex 18.3211 -2.5 -56.3229
      vertex 18.3774 -2.5 -56.581
    endloop
  endfacet
  facet normal 0.976902 -0.0251921 0.212198
    outer loop
      vertex 18.3774 0 -56.8778
      vertex 18.4844 2.5 -57.0736
      vertex 18.3774 2.5 -56.581
    endloop
  endfacet
  facet normal 0.976914 -0.0251971 0.21214
    outer loop
      vertex 18.4844 2.5 -57.0736
      vertex 18.3774 0 -56.8778
      vertex 18.5402 0 -57.6275
    endloop
  endfacet
  facet normal 0.976727 -0.0253871 0.212979
    outer loop
      vertex 18.5402 2.5 -57.3295
      vertex 18.4844 2.5 -57.0736
      vertex 18.5402 0 -57.6275
    endloop
  endfacet
  facet normal 0.976902 0.0251921 0.212198
    outer loop
      vertex 18.4844 -2.5 -57.0736
      vertex 18.3774 0 -56.8778
      vertex 18.3774 -2.5 -56.581
    endloop
  endfacet
  facet normal 0.976914 0.0251971 0.21214
    outer loop
      vertex 18.3774 0 -56.8778
      vertex 18.4844 -2.5 -57.0736
      vertex 18.5402 0 -57.6275
    endloop
  endfacet
  facet normal 0.976727 0.0253871 0.212979
    outer loop
      vertex 18.5402 0 -57.6275
      vertex 18.4844 -2.5 -57.0736
      vertex 18.5402 -2.5 -57.3295
    endloop
  endfacet
  facet normal 0.976899 -0.025294 0.212198
    outer loop
      vertex 18.5402 0 -57.6275
      vertex 18.6477 2.5 -57.8244
      vertex 18.5402 2.5 -57.3295
    endloop
  endfacet
  facet normal 0.976918 -0.0253015 0.212113
    outer loop
      vertex 18.6477 2.5 -57.8244
      vertex 18.5402 0 -57.6275
      vertex 18.703 0 -58.3773
    endloop
  endfacet
  facet normal 0.976705 -0.0255166 0.213064
    outer loop
      vertex 18.703 2.5 -58.0779
      vertex 18.6477 2.5 -57.8244
      vertex 18.703 0 -58.3773
    endloop
  endfacet
  facet normal 0.976899 0.025294 0.212198
    outer loop
      vertex 18.6477 -2.5 -57.8244
      vertex 18.5402 0 -57.6275
      vertex 18.5402 -2.5 -57.3295
    endloop
  endfacet
  facet normal 0.976918 0.0253015 0.212113
    outer loop
      vertex 18.5402 0 -57.6275
      vertex 18.6477 -2.5 -57.8244
      vertex 18.703 0 -58.3773
    endloop
  endfacet
  facet normal 0.976705 0.0255166 0.213064
    outer loop
      vertex 18.703 0 -58.3773
      vertex 18.6477 -2.5 -57.8244
      vertex 18.703 -2.5 -58.0779
    endloop
  endfacet
  facet normal 0.976938 -0.0253904 0.21201
    outer loop
      vertex 18.703 0 -58.3773
      vertex 18.8109 2.5 -58.5751
      vertex 18.703 2.5 -58.0779
    endloop
  endfacet
  facet normal 0.97691 -0.025379 0.212139
    outer loop
      vertex 18.8109 2.5 -58.5751
      vertex 18.703 0 -58.3773
      vertex 18.8658 0 -59.127
    endloop
  endfacet
  facet normal 0.976655 -0.0256361 0.213279
    outer loop
      vertex 18.8658 2.5 -58.8265
      vertex 18.8109 2.5 -58.5751
      vertex 18.8658 0 -59.127
    endloop
  endfacet
  facet normal 0.976938 0.0253904 0.21201
    outer loop
      vertex 18.8109 -2.5 -58.5751
      vertex 18.703 0 -58.3773
      vertex 18.703 -2.5 -58.0779
    endloop
  endfacet
  facet normal 0.97691 0.025379 0.212139
    outer loop
      vertex 18.703 0 -58.3773
      vertex 18.8109 -2.5 -58.5751
      vertex 18.8658 0 -59.127
    endloop
  endfacet
  facet normal 0.976655 0.0256361 0.213279
    outer loop
      vertex 18.8658 0 -59.127
      vertex 18.8109 -2.5 -58.5751
      vertex 18.8658 -2.5 -58.8265
    endloop
  endfacet
  facet normal 0.976917 -0.0254935 0.212093
    outer loop
      vertex 18.8658 0 -59.127
      vertex 18.9742 2.5 -59.3258
      vertex 18.8658 2.5 -58.8265
    endloop
  endfacet
  facet normal 0.976907 -0.0254894 0.212139
    outer loop
      vertex 18.9742 2.5 -59.3258
      vertex 18.8658 0 -59.127
      vertex 19.0286 0 -59.8767
    endloop
  endfacet
  facet normal 0.976669 -0.0257296 0.213205
    outer loop
      vertex 19.0286 2.5 -59.575
      vertex 18.9742 2.5 -59.3258
      vertex 19.0286 0 -59.8767
    endloop
  endfacet
  facet normal 0.976917 0.0254935 0.212093
    outer loop
      vertex 18.9742 -2.5 -59.3258
      vertex 18.8658 0 -59.127
      vertex 18.8658 -2.5 -58.8265
    endloop
  endfacet
  facet normal 0.976907 0.0254894 0.212139
    outer loop
      vertex 18.8658 0 -59.127
      vertex 18.9742 -2.5 -59.3258
      vertex 19.0286 0 -59.8767
    endloop
  endfacet
  facet normal 0.976669 0.0257296 0.213205
    outer loop
      vertex 19.0286 0 -59.8767
      vertex 18.9742 -2.5 -59.3258
      vertex 19.0286 -2.5 -59.575
    endloop
  endfacet
  facet normal 0.976946 -0.0255778 0.211948
    outer loop
      vertex 19.0286 0 -59.8767
      vertex 19.1374 2.5 -60.0765
      vertex 19.0286 2.5 -59.575
    endloop
  endfacet
  facet normal 0.976932 -0.0255719 0.212014
    outer loop
      vertex 19.1374 2.5 -60.0765
      vertex 19.0286 0 -59.8767
      vertex 19.1913 0 -60.6264
    endloop
  endfacet
  facet normal 0.976682 -0.0258229 0.21313
    outer loop
      vertex 19.1913 2.5 -60.3235
      vertex 19.1374 2.5 -60.0765
      vertex 19.1913 0 -60.6264
    endloop
  endfacet
  facet normal 0.976946 0.0255778 0.211948
    outer loop
      vertex 19.1374 -2.5 -60.0765
      vertex 19.0286 0 -59.8767
      vertex 19.0286 -2.5 -59.575
    endloop
  endfacet
  facet normal 0.976932 0.0255719 0.212014
    outer loop
      vertex 19.0286 0 -59.8767
      vertex 19.1374 -2.5 -60.0765
      vertex 19.1913 0 -60.6264
    endloop
  endfacet
  facet normal 0.976682 0.0258229 0.21313
    outer loop
      vertex 19.1913 0 -60.6264
      vertex 19.1374 -2.5 -60.0765
      vertex 19.1913 -2.5 -60.3235
    endloop
  endfacet
  facet normal 0.976885 -0.0257119 0.212214
    outer loop
      vertex 19.1913 0 -60.6264
      vertex 19.3007 2.5 -60.8271
      vertex 19.1913 2.5 -60.3235
    endloop
  endfacet
  facet normal 0.976901 -0.0257188 0.212138
    outer loop
      vertex 19.3007 2.5 -60.8271
      vertex 19.1913 0 -60.6264
      vertex 19.3541 0 -61.3761
    endloop
  endfacet
  facet normal 0.976734 -0.0258872 0.212888
    outer loop
      vertex 19.3541 2.5 -61.0721
      vertex 19.3007 2.5 -60.8271
      vertex 19.3541 0 -61.3761
    endloop
  endfacet
  facet normal 0.976885 0.0257119 0.212214
    outer loop
      vertex 19.3007 -2.5 -60.8271
      vertex 19.1913 0 -60.6264
      vertex 19.1913 -2.5 -60.3235
    endloop
  endfacet
  facet normal 0.976901 0.0257188 0.212138
    outer loop
      vertex 19.1913 0 -60.6264
      vertex 19.3007 -2.5 -60.8271
      vertex 19.3541 0 -61.3761
    endloop
  endfacet
  facet normal 0.976734 0.0258872 0.212888
    outer loop
      vertex 19.3541 0 -61.3761
      vertex 19.3007 -2.5 -60.8271
      vertex 19.3541 -2.5 -61.0721
    endloop
  endfacet
  facet normal 0.976905 -0.0257926 0.21211
    outer loop
      vertex 19.3541 0 -61.3761
      vertex 19.4639 2.5 -61.5778
      vertex 19.3541 2.5 -61.0721
    endloop
  endfacet
  facet normal 0.9769 -0.0257902 0.212137
    outer loop
      vertex 19.4639 2.5 -61.5778
      vertex 19.3541 0 -61.3761
      vertex 19.5169 0 -62.1258
    endloop
  endfacet
  facet normal 0.976682 -0.0260078 0.213109
    outer loop
      vertex 19.5169 2.5 -61.8207
      vertex 19.4639 2.5 -61.5778
      vertex 19.5169 0 -62.1258
    endloop
  endfacet
  facet normal 0.976905 0.0257926 0.21211
    outer loop
      vertex 19.4639 -2.5 -61.5778
      vertex 19.3541 0 -61.3761
      vertex 19.3541 -2.5 -61.0721
    endloop
  endfacet
  facet normal 0.9769 0.0257902 0.212137
    outer loop
      vertex 19.3541 0 -61.3761
      vertex 19.4639 -2.5 -61.5778
      vertex 19.5169 0 -62.1258
    endloop
  endfacet
  facet normal 0.976682 0.0260078 0.213109
    outer loop
      vertex 19.5169 0 -62.1258
      vertex 19.4639 -2.5 -61.5778
      vertex 19.5169 -2.5 -61.8207
    endloop
  endfacet
  facet normal 0.976917 -0.0258782 0.212047
    outer loop
      vertex 19.5169 0 -62.1258
      vertex 19.6271 2.5 -62.3284
      vertex 19.5169 2.5 -61.8207
    endloop
  endfacet
  facet normal 0.976898 -0.0258701 0.212137
    outer loop
      vertex 19.6271 2.5 -62.3284
      vertex 19.5169 0 -62.1258
      vertex 19.6797 0 -62.8755
    endloop
  endfacet
  facet normal 0.976649 -0.0261188 0.213249
    outer loop
      vertex 19.6797 2.5 -62.5693
      vertex 19.6271 2.5 -62.3284
      vertex 19.6797 0 -62.8755
    endloop
  endfacet
  facet normal 0.976917 0.0258782 0.212047
    outer loop
      vertex 19.6271 -2.5 -62.3284
      vertex 19.5169 0 -62.1258
      vertex 19.5169 -2.5 -61.8207
    endloop
  endfacet
  facet normal 0.976898 0.0258701 0.212137
    outer loop
      vertex 19.5169 0 -62.1258
      vertex 19.6271 -2.5 -62.3284
      vertex 19.6797 0 -62.8755
    endloop
  endfacet
  facet normal 0.976649 0.0261188 0.213249
    outer loop
      vertex 19.6797 0 -62.8755
      vertex 19.6271 -2.5 -62.3284
      vertex 19.6797 -2.5 -62.5693
    endloop
  endfacet
  facet normal 0.976928 -0.0259638 0.211984
    outer loop
      vertex 19.6797 0 -62.8755
      vertex 19.7903 2.5 -63.079
      vertex 19.6797 2.5 -62.5693
    endloop
  endfacet
  facet normal 0.976922 -0.0259613 0.212012
    outer loop
      vertex 19.7903 2.5 -63.079
      vertex 19.6797 0 -62.8755
      vertex 19.8424 0 -63.6252
    endloop
  endfacet
  facet normal 0.976701 -0.0261822 0.213002
    outer loop
      vertex 19.8424 2.5 -63.3179
      vertex 19.7903 2.5 -63.079
      vertex 19.8424 0 -63.6252
    endloop
  endfacet
  facet normal 0.976928 0.0259638 0.211984
    outer loop
      vertex 19.7903 -2.5 -63.079
      vertex 19.6797 0 -62.8755
      vertex 19.6797 -2.5 -62.5693
    endloop
  endfacet
  facet normal 0.976922 0.0259613 0.212012
    outer loop
      vertex 19.6797 0 -62.8755
      vertex 19.7903 -2.5 -63.079
      vertex 19.8424 0 -63.6252
    endloop
  endfacet
  facet normal 0.976701 0.0261822 0.213002
    outer loop
      vertex 19.8424 0 -63.6252
      vertex 19.7903 -2.5 -63.079
      vertex 19.8424 -2.5 -63.3179
    endloop
  endfacet
  facet normal 0.976868 -0.0260893 0.212246
    outer loop
      vertex 19.8424 0 -63.6252
      vertex 19.9536 2.5 -63.8297
      vertex 19.8424 2.5 -63.3179
    endloop
  endfacet
  facet normal 0.976892 -0.0260995 0.212135
    outer loop
      vertex 19.9536 2.5 -63.8297
      vertex 19.8424 0 -63.6252
      vertex 20.0052 0 -64.3749
    endloop
  endfacet
  facet normal 0.976754 -0.0262364 0.21275
    outer loop
      vertex 20.0052 2.5 -64.0666
      vertex 19.9536 2.5 -63.8297
      vertex 20.0052 0 -64.3749
    endloop
  endfacet
  facet normal 0.976868 0.0260893 0.212246
    outer loop
      vertex 19.9536 -2.5 -63.8297
      vertex 19.8424 0 -63.6252
      vertex 19.8424 -2.5 -63.3179
    endloop
  endfacet
  facet normal 0.976892 0.0260995 0.212135
    outer loop
      vertex 19.8424 0 -63.6252
      vertex 19.9536 -2.5 -63.8297
      vertex 20.0052 0 -64.3749
    endloop
  endfacet
  facet normal 0.976754 0.0262364 0.21275
    outer loop
      vertex 20.0052 0 -64.3749
      vertex 19.9536 -2.5 -63.8297
      vertex 20.0052 -2.5 -64.0666
    endloop
  endfacet
  facet normal 0.976862 -0.0261762 0.212262
    outer loop
      vertex 20.0052 0 -64.3749
      vertex 20.1168 2.5 -64.5802
      vertex 20.0052 2.5 -64.0666
    endloop
  endfacet
  facet normal 0.976889 -0.0261878 0.212135
    outer loop
      vertex 20.1168 2.5 -64.5802
      vertex 20.0052 0 -64.3749
      vertex 20.168 0 -65.1246
    endloop
  endfacet
  facet normal 0.97674 -0.0263367 0.212805
    outer loop
      vertex 20.168 2.5 -64.8152
      vertex 20.1168 2.5 -64.5802
      vertex 20.168 0 -65.1246
    endloop
  endfacet
  facet normal 0.976862 0.0261762 0.212262
    outer loop
      vertex 20.1168 -2.5 -64.5802
      vertex 20.0052 0 -64.3749
      vertex 20.0052 -2.5 -64.0666
    endloop
  endfacet
  facet normal 0.976889 0.0261878 0.212135
    outer loop
      vertex 20.0052 0 -64.3749
      vertex 20.1168 -2.5 -64.5802
      vertex 20.168 0 -65.1246
    endloop
  endfacet
  facet normal 0.97674 0.0263367 0.212805
    outer loop
      vertex 20.168 0 -65.1246
      vertex 20.1168 -2.5 -64.5802
      vertex 20.168 -2.5 -64.8152
    endloop
  endfacet
  facet normal 0.976874 -0.0262618 0.212199
    outer loop
      vertex 20.168 0 -65.1246
      vertex 20.28 2.5 -65.3308
      vertex 20.168 2.5 -64.8152
    endloop
  endfacet
  facet normal 0.976887 -0.0262677 0.212135
    outer loop
      vertex 20.28 2.5 -65.3308
      vertex 20.168 0 -65.1246
      vertex 20.3308 0 -65.8743
    endloop
  endfacet
  facet normal 0.976725 -0.0264287 0.21286
    outer loop
      vertex 20.3308 2.5 -65.5639
      vertex 20.28 2.5 -65.3308
      vertex 20.3308 0 -65.8743
    endloop
  endfacet
  facet normal 0.976874 0.0262618 0.212199
    outer loop
      vertex 20.28 -2.5 -65.3308
      vertex 20.168 0 -65.1246
      vertex 20.168 -2.5 -64.8152
    endloop
  endfacet
  facet normal 0.976887 0.0262677 0.212135
    outer loop
      vertex 20.168 0 -65.1246
      vertex 20.28 -2.5 -65.3308
      vertex 20.3308 0 -65.8743
    endloop
  endfacet
  facet normal 0.976725 0.0264287 0.21286
    outer loop
      vertex 20.3308 0 -65.8743
      vertex 20.28 -2.5 -65.3308
      vertex 20.3308 -2.5 -65.5639
    endloop
  endfacet
  facet normal 0.976916 -0.0263214 0.211996
    outer loop
      vertex 20.3308 0 -65.8743
      vertex 20.4431 2.5 -66.0814
      vertex 20.3308 2.5 -65.5639
    endloop
  endfacet
  facet normal 0.976886 -0.0263085 0.212134
    outer loop
      vertex 20.4431 2.5 -66.0814
      vertex 20.3308 0 -65.8743
      vertex 20.4936 0 -66.624
    endloop
  endfacet
  facet normal 0.976621 -0.026571 0.213319
    outer loop
      vertex 20.4936 2.5 -66.3126
      vertex 20.4431 2.5 -66.0814
      vertex 20.4936 0 -66.624
    endloop
  endfacet
  facet normal 0.976916 0.0263214 0.211996
    outer loop
      vertex 20.4431 -2.5 -66.0814
      vertex 20.3308 0 -65.8743
      vertex 20.3308 -2.5 -65.5639
    endloop
  endfacet
  facet normal 0.976886 0.0263085 0.212134
    outer loop
      vertex 20.3308 0 -65.8743
      vertex 20.4431 -2.5 -66.0814
      vertex 20.4936 0 -66.624
    endloop
  endfacet
  facet normal 0.976621 0.026571 0.213319
    outer loop
      vertex 20.4936 0 -66.624
      vertex 20.4431 -2.5 -66.0814
      vertex 20.4936 -2.5 -66.3126
    endloop
  endfacet
  facet normal 0.97691 -0.0264082 0.212012
    outer loop
      vertex 20.4936 0 -66.624
      vertex 20.6063 2.5 -66.8319
      vertex 20.4936 2.5 -66.3126
    endloop
  endfacet
  facet normal 0.976911 -0.0264084 0.212009
    outer loop
      vertex 20.6063 2.5 -66.8319
      vertex 20.4936 0 -66.624
      vertex 20.6563 0 -67.3737
    endloop
  endfacet
  facet normal 0.976715 -0.0266021 0.212885
    outer loop
      vertex 20.6563 2.5 -67.0613
      vertex 20.6063 2.5 -66.8319
      vertex 20.6563 0 -67.3737
    endloop
  endfacet
  facet normal 0.97691 0.0264082 0.212012
    outer loop
      vertex 20.6063 -2.5 -66.8319
      vertex 20.4936 0 -66.624
      vertex 20.4936 -2.5 -66.3126
    endloop
  endfacet
  facet normal 0.976911 0.0264084 0.212009
    outer loop
      vertex 20.4936 0 -66.624
      vertex 20.6063 -2.5 -66.8319
      vertex 20.6563 0 -67.3737
    endloop
  endfacet
  facet normal 0.976715 0.0266021 0.212885
    outer loop
      vertex 20.6563 0 -67.3737
      vertex 20.6063 -2.5 -66.8319
      vertex 20.6563 -2.5 -67.0613
    endloop
  endfacet
  facet normal 0.976873 -0.0265125 0.212168
    outer loop
      vertex 20.6563 0 -67.3737
      vertex 20.7695 2.5 -67.5825
      vertex 20.6563 2.5 -67.0613
    endloop
  endfacet
  facet normal 0.976887 -0.0265183 0.212106
    outer loop
      vertex 20.7695 2.5 -67.5825
      vertex 20.6563 0 -67.3737
      vertex 20.8191 0 -68.1235
    endloop
  endfacet
  facet normal 0.9767 -0.0267029 0.212942
    outer loop
      vertex 20.8191 2.5 -67.81
      vertex 20.7695 2.5 -67.5825
      vertex 20.8191 0 -68.1235
    endloop
  endfacet
  facet normal 0.976873 0.0265125 0.212168
    outer loop
      vertex 20.7695 -2.5 -67.5825
      vertex 20.6563 0 -67.3737
      vertex 20.6563 -2.5 -67.0613
    endloop
  endfacet
  facet normal 0.976887 0.0265183 0.212106
    outer loop
      vertex 20.6563 0 -67.3737
      vertex 20.7695 -2.5 -67.5825
      vertex 20.8191 0 -68.1235
    endloop
  endfacet
  facet normal 0.9767 0.0267029 0.212942
    outer loop
      vertex 20.8191 0 -68.1235
      vertex 20.7695 -2.5 -67.5825
      vertex 20.8191 -2.5 -67.81
    endloop
  endfacet
  facet normal 0.976867 -0.0266079 0.212184
    outer loop
      vertex 20.8191 0 -68.1235
      vertex 20.9327 2.5 -68.333
      vertex 20.8191 2.5 -67.81
    endloop
  endfacet
  facet normal 0.976878 -0.0266126 0.212133
    outer loop
      vertex 20.9327 2.5 -68.333
      vertex 20.8191 0 -68.1235
      vertex 20.9819 0 -68.8732
    endloop
  endfacet
  facet normal 0.976725 -0.0267643 0.21282
    outer loop
      vertex 20.9819 2.5 -68.5588
      vertex 20.9327 2.5 -68.333
      vertex 20.9819 0 -68.8732
    endloop
  endfacet
  facet normal 0.976867 0.0266079 0.212184
    outer loop
      vertex 20.9327 -2.5 -68.333
      vertex 20.8191 0 -68.1235
      vertex 20.8191 -2.5 -67.81
    endloop
  endfacet
  facet normal 0.976878 0.0266126 0.212133
    outer loop
      vertex 20.8191 0 -68.1235
      vertex 20.9327 -2.5 -68.333
      vertex 20.9819 0 -68.8732
    endloop
  endfacet
  facet normal 0.976725 0.0267643 0.21282
    outer loop
      vertex 20.9819 0 -68.8732
      vertex 20.9327 -2.5 -68.333
      vertex 20.9819 -2.5 -68.5588
    endloop
  endfacet
  facet normal 0.976893 -0.0266687 0.21206
    outer loop
      vertex 20.9819 0 -68.8732
      vertex 21.0958 2.5 -69.0835
      vertex 20.9819 2.5 -68.5588
    endloop
  endfacet
  facet normal 0.976877 -0.026662 0.212132
    outer loop
      vertex 21.0958 2.5 -69.0835
      vertex 20.9819 0 -68.8732
      vertex 21.1447 0 -69.6229
    endloop
  endfacet
  facet normal 0.976637 -0.0268977 0.213203
    outer loop
      vertex 21.1447 2.5 -69.3075
      vertex 21.0958 2.5 -69.0835
      vertex 21.1447 0 -69.6229
    endloop
  endfacet
  facet normal 0.976893 0.0266687 0.21206
    outer loop
      vertex 21.0958 -2.5 -69.0835
      vertex 20.9819 0 -68.8732
      vertex 20.9819 -2.5 -68.5588
    endloop
  endfacet
  facet normal 0.976877 0.026662 0.212132
    outer loop
      vertex 20.9819 0 -68.8732
      vertex 21.0958 -2.5 -69.0835
      vertex 21.1447 0 -69.6229
    endloop
  endfacet
  facet normal 0.976637 0.0268977 0.213203
    outer loop
      vertex 21.1447 0 -69.6229
      vertex 21.0958 -2.5 -69.0835
      vertex 21.1447 -2.5 -69.3075
    endloop
  endfacet
  facet normal 0.976887 -0.0267555 0.212076
    outer loop
      vertex 21.1447 0 -69.6229
      vertex 21.259 2.5 -69.834
      vertex 21.1447 2.5 -69.3075
    endloop
  endfacet
  facet normal 0.976875 -0.0267503 0.212132
    outer loop
      vertex 21.259 2.5 -69.834
      vertex 21.1447 0 -69.6229
      vertex 21.3075 0 -70.3726
    endloop
  endfacet
  facet normal 0.976662 -0.0269591 0.213082
    outer loop
      vertex 21.3075 2.5 -70.0563
      vertex 21.259 2.5 -69.834
      vertex 21.3075 0 -70.3726
    endloop
  endfacet
  facet normal 0.976887 0.0267555 0.212076
    outer loop
      vertex 21.259 -2.5 -69.834
      vertex 21.1447 0 -69.6229
      vertex 21.1447 -2.5 -69.3075
    endloop
  endfacet
  facet normal 0.976875 0.0267503 0.212132
    outer loop
      vertex 21.1447 0 -69.6229
      vertex 21.259 -2.5 -69.834
      vertex 21.3075 0 -70.3726
    endloop
  endfacet
  facet normal 0.976662 0.0269591 0.213082
    outer loop
      vertex 21.3075 0 -70.3726
      vertex 21.259 -2.5 -69.834
      vertex 21.3075 -2.5 -70.0563
    endloop
  endfacet
  facet normal 0.976912 -0.0268164 0.211954
    outer loop
      vertex 21.3075 0 -70.3726
      vertex 21.4221 2.5 -70.5845
      vertex 21.3075 2.5 -70.0563
    endloop
  endfacet
  facet normal 0.9769 -0.0268114 0.212007
    outer loop
      vertex 21.4221 2.5 -70.5845
      vertex 21.3075 0 -70.3726
      vertex 21.4702 0 -71.1223
    endloop
  endfacet
  facet normal 0.976688 -0.0270202 0.212959
    outer loop
      vertex 21.4702 2.5 -70.8051
      vertex 21.4221 2.5 -70.5845
      vertex 21.4702 0 -71.1223
    endloop
  endfacet
  facet normal 0.976912 0.0268164 0.211954
    outer loop
      vertex 21.4221 -2.5 -70.5845
      vertex 21.3075 0 -70.3726
      vertex 21.3075 -2.5 -70.0563
    endloop
  endfacet
  facet normal 0.9769 0.0268114 0.212007
    outer loop
      vertex 21.3075 0 -70.3726
      vertex 21.4221 -2.5 -70.5845
      vertex 21.4702 0 -71.1223
    endloop
  endfacet
  facet normal 0.976688 0.0270202 0.212959
    outer loop
      vertex 21.4702 0 -71.1223
      vertex 21.4221 -2.5 -70.5845
      vertex 21.4702 -2.5 -70.8051
    endloop
  endfacet
  facet normal 0.976861 -0.0269209 0.212176
    outer loop
      vertex 21.4702 0 -71.1223
      vertex 21.575 2.5 -71.2876
      vertex 21.4702 2.5 -70.8051
    endloop
  endfacet
  facet normal 0.976861 -0.0269209 0.212176
    outer loop
      vertex 21.575 2.5 -71.2876
      vertex 21.4702 0 -71.1223
      vertex 21.575 0 -71.6048
    endloop
  endfacet
  facet normal 0.976861 0.0269209 0.212176
    outer loop
      vertex 21.575 -2.5 -71.2876
      vertex 21.4702 0 -71.1223
      vertex 21.4702 -2.5 -70.8051
    endloop
  endfacet
  facet normal 0.976861 0.0269209 0.212176
    outer loop
      vertex 21.4702 0 -71.1223
      vertex 21.575 -2.5 -71.2876
      vertex 21.575 0 -71.6048
    endloop
  endfacet
  facet normal 0.950174 -0.0389758 0.309272
    outer loop
      vertex 27.377 0.0850656 -89.676
      vertex 25.7881 2.5 -84.4901
      vertex 25.73 2.5 -84.3116
    endloop
  endfacet
  facet normal 0.951611 -0.0305376 0.305783
    outer loop
      vertex 25.7881 2.5 -84.4901
      vertex 27.377 0.0850656 -89.676
      vertex 27.377 0.0880696 -89.6757
    endloop
  endfacet
  facet normal 0.950093 0.0396503 0.309438
    outer loop
      vertex 26.6211 0 -87.366
      vertex 27.377 -0.0850656 -89.676
      vertex 27.377 0 -89.6869
    endloop
  endfacet
  facet normal 0.950101 0.0394119 0.309444
    outer loop
      vertex 25.73 -2.5 -84.3116
      vertex 26.6211 0 -87.366
      vertex 25.1529 -2.5 -82.5397
    endloop
  endfacet
  facet normal 0.950099 0.0394188 0.309449
    outer loop
      vertex 26.6211 0 -87.366
      vertex 25.73 -2.5 -84.3116
      vertex 27.377 -0.0850656 -89.676
    endloop
  endfacet
  facet normal 0.950006 0.0398545 0.309678
    outer loop
      vertex 27.377 -2.5 -89.3652
      vertex 27.377 -0.736939 -89.5921
      vertex 27.2382 -2.5 -88.9394
    endloop
  endfacet
  facet normal 0.95011 0.0393705 0.309419
    outer loop
      vertex 21.8058 -2.5 -72.2626
      vertex 21.575 0 -71.872
      vertex 21.575 -2.5 -71.5539
    endloop
  endfacet
  facet normal 0.95012 0.0393763 0.309388
    outer loop
      vertex 21.575 0 -71.872
      vertex 21.8058 -2.5 -72.2626
      vertex 21.9005 0 -72.8716
    endloop
  endfacet
  facet normal 0.95011 -0.0393705 0.309419
    outer loop
      vertex 21.575 0 -71.872
      vertex 21.8058 2.5 -72.2626
      vertex 21.575 2.5 -71.5539
    endloop
  endfacet
  facet normal 0.95012 -0.0393763 0.309388
    outer loop
      vertex 21.8058 2.5 -72.2626
      vertex 21.575 0 -71.872
      vertex 21.9005 0 -72.8716
    endloop
  endfacet
  facet normal 0.95011 0.0393845 0.30942
    outer loop
      vertex 22.7291 -2.5 -75.0977
      vertex 21.9005 0 -72.8716
      vertex 21.8058 -2.5 -72.2626
    endloop
  endfacet
  facet normal 0.950102 0.0393592 0.309446
    outer loop
      vertex 21.9005 0 -72.8716
      vertex 22.7291 -2.5 -75.0977
      vertex 23.2028 0 -76.8701
    endloop
  endfacet
  facet normal 0.95001 0.0399206 0.309657
    outer loop
      vertex 25.8455 -2.5 -84.6662
      vertex 27.377 -0.0880696 -89.6757
      vertex 25.7881 -2.5 -84.4901
    endloop
  endfacet
  facet normal 0.948261 0.0493036 0.31364
    outer loop
      vertex 27.377 -0.0880696 -89.6757
      vertex 25.8455 -2.5 -84.6662
      vertex 27.377 -0.0912503 -89.6752
    endloop
  endfacet
  facet normal 1 0 0
    outer loop
      vertex 21.575 0 -71.6048
      vertex 21.575 2.5 -71.5539
      vertex 21.575 2.5 -71.2876
    endloop
  endfacet
  facet normal 1 -0 0
    outer loop
      vertex 21.575 0 -71.6048
      vertex 21.575 0 -71.872
      vertex 21.575 2.5 -71.5539
    endloop
  endfacet
  facet normal 1 -0 0
    outer loop
      vertex 21.575 -2.5 -71.5539
      vertex 21.575 0 -71.6048
      vertex 21.575 -2.5 -71.2876
    endloop
  endfacet
  facet normal 1 0 0
    outer loop
      vertex 21.575 0 -71.6048
      vertex 21.575 -2.5 -71.5539
      vertex 21.575 0 -71.872
    endloop
  endfacet
  facet normal 0.950003 -0.039948 0.309674
    outer loop
      vertex 27.377 0.0912503 -89.6752
      vertex 26.2794 2.5 -85.9973
      vertex 25.8455 2.5 -84.6662
    endloop
  endfacet
  facet normal 0.950046 -0.0397648 0.309566
    outer loop
      vertex 26.2794 2.5 -85.9973
      vertex 27.377 0.0912503 -89.6752
      vertex 27.377 0.125504 -89.6708
    endloop
  endfacet
  facet normal 0.95011 -0.0393845 0.30942
    outer loop
      vertex 21.9005 0 -72.8716
      vertex 22.7291 2.5 -75.0977
      vertex 21.8058 2.5 -72.2626
    endloop
  endfacet
  facet normal 0.950102 -0.0393592 0.309446
    outer loop
      vertex 22.7291 2.5 -75.0977
      vertex 21.9005 0 -72.8716
      vertex 23.2028 0 -76.8701
    endloop
  endfacet
  facet normal 0.950104 0.0393558 0.309441
    outer loop
      vertex 25.1529 -2.5 -82.5397
      vertex 23.2028 0 -76.8701
      vertex 22.7291 -2.5 -75.0977
    endloop
  endfacet
  facet normal 0.950106 0.0393827 0.30943
    outer loop
      vertex 23.2028 0 -76.8701
      vertex 25.1529 -2.5 -82.5397
      vertex 26.6211 0 -87.366
    endloop
  endfacet
  facet normal 0.950026 0.0398519 0.309617
    outer loop
      vertex 26.2794 -2.5 -85.9973
      vertex 27.377 -0.736939 -89.5921
      vertex 27.377 -0.125504 -89.6708
    endloop
  endfacet
  facet normal 0.950031 0.0398257 0.309605
    outer loop
      vertex 27.377 -0.736939 -89.5921
      vertex 26.2794 -2.5 -85.9973
      vertex 27.2382 -2.5 -88.9394
    endloop
  endfacet
  facet normal 0.950174 0.0389758 0.309272
    outer loop
      vertex 25.7881 -2.5 -84.4901
      vertex 27.377 -0.0850656 -89.676
      vertex 25.73 -2.5 -84.3116
    endloop
  endfacet
  facet normal 0.951611 0.0305376 0.305783
    outer loop
      vertex 27.377 -0.0850656 -89.676
      vertex 25.7881 -2.5 -84.4901
      vertex 27.377 -0.0880696 -89.6757
    endloop
  endfacet
  facet normal 0.95001 -0.0399206 0.309657
    outer loop
      vertex 27.377 0.0880696 -89.6757
      vertex 25.8455 2.5 -84.6662
      vertex 25.7881 2.5 -84.4901
    endloop
  endfacet
  facet normal 0.948261 -0.0493036 0.31364
    outer loop
      vertex 25.8455 2.5 -84.6662
      vertex 27.377 0.0880696 -89.6757
      vertex 27.377 0.0912503 -89.6752
    endloop
  endfacet
  facet normal 0.950006 -0.0398545 0.309678
    outer loop
      vertex 27.377 0.736939 -89.5921
      vertex 27.377 2.5 -89.3652
      vertex 27.2382 2.5 -88.9394
    endloop
  endfacet
  facet normal 0.950104 -0.0393558 0.309441
    outer loop
      vertex 23.2028 0 -76.8701
      vertex 25.1529 2.5 -82.5397
      vertex 22.7291 2.5 -75.0977
    endloop
  endfacet
  facet normal 0.950106 -0.0393827 0.30943
    outer loop
      vertex 25.1529 2.5 -82.5397
      vertex 23.2028 0 -76.8701
      vertex 26.6211 0 -87.366
    endloop
  endfacet
  facet normal 0.950101 -0.0394119 0.309444
    outer loop
      vertex 26.6211 0 -87.366
      vertex 25.73 2.5 -84.3116
      vertex 25.1529 2.5 -82.5397
    endloop
  endfacet
  facet normal 0.950099 -0.0394188 0.309449
    outer loop
      vertex 25.73 2.5 -84.3116
      vertex 26.6211 0 -87.366
      vertex 27.377 0.0850656 -89.676
    endloop
  endfacet
  facet normal 0.950093 -0.0396503 0.309438
    outer loop
      vertex 27.377 0.0850656 -89.676
      vertex 26.6211 0 -87.366
      vertex 27.377 0 -89.6869
    endloop
  endfacet
  facet normal 0.950003 0.039948 0.309674
    outer loop
      vertex 26.2794 -2.5 -85.9973
      vertex 27.377 -0.0912503 -89.6752
      vertex 25.8455 -2.5 -84.6662
    endloop
  endfacet
  facet normal 0.950046 0.0397648 0.309566
    outer loop
      vertex 27.377 -0.0912503 -89.6752
      vertex 26.2794 -2.5 -85.9973
      vertex 27.377 -0.125504 -89.6708
    endloop
  endfacet
  facet normal 0.950031 -0.0398257 0.309605
    outer loop
      vertex 26.2794 2.5 -85.9973
      vertex 27.377 0.736939 -89.5921
      vertex 27.2382 2.5 -88.9394
    endloop
  endfacet
  facet normal 0.950026 -0.0398519 0.309617
    outer loop
      vertex 27.377 0.736939 -89.5921
      vertex 26.2794 2.5 -85.9973
      vertex 27.377 0.125504 -89.6708
    endloop
  endfacet
  facet normal 1 0 0
    outer loop
      vertex 27.377 0.736939 -89.5921
      vertex 27.377 2.5 -89.5434
      vertex 27.377 2.5 -89.3652
    endloop
  endfacet
  facet normal 1 0 0
    outer loop
      vertex 27.377 0 -89.865
      vertex 27.377 0.736939 -89.5921
      vertex 27.377 0.125504 -89.6708
    endloop
  endfacet
  facet normal 1 0 0
    outer loop
      vertex 27.377 0 -89.865
      vertex 27.377 0.125504 -89.6708
      vertex 27.377 0.0912503 -89.6752
    endloop
  endfacet
  facet normal 1 0 0
    outer loop
      vertex 27.377 0 -89.865
      vertex 27.377 0.0912503 -89.6752
      vertex 27.377 0.0880696 -89.6757
    endloop
  endfacet
  facet normal 1 0 0
    outer loop
      vertex 27.377 0 -89.865
      vertex 27.377 0.0880696 -89.6757
      vertex 27.377 0.0850656 -89.676
    endloop
  endfacet
  facet normal 1 0 0
    outer loop
      vertex 27.377 0 -89.865
      vertex 27.377 0.0850656 -89.676
      vertex 27.377 0 -89.6869
    endloop
  endfacet
  facet normal 1 -0 0
    outer loop
      vertex 27.377 0.736939 -89.5921
      vertex 27.377 0 -89.865
      vertex 27.377 2.5 -89.5434
    endloop
  endfacet
  facet normal 1 0 0
    outer loop
      vertex 27.377 -0.0850656 -89.676
      vertex 27.377 0 -89.865
      vertex 27.377 0 -89.6869
    endloop
  endfacet
  facet normal 1 0 0
    outer loop
      vertex 27.377 -0.0880696 -89.6757
      vertex 27.377 0 -89.865
      vertex 27.377 -0.0850656 -89.676
    endloop
  endfacet
  facet normal 1 0 0
    outer loop
      vertex 27.377 -0.0912503 -89.6752
      vertex 27.377 0 -89.865
      vertex 27.377 -0.0880696 -89.6757
    endloop
  endfacet
  facet normal 1 0 0
    outer loop
      vertex 27.377 -0.125504 -89.6708
      vertex 27.377 0 -89.865
      vertex 27.377 -0.0912503 -89.6752
    endloop
  endfacet
  facet normal 1 0 0
    outer loop
      vertex 27.377 -0.736939 -89.5921
      vertex 27.377 0 -89.865
      vertex 27.377 -0.125504 -89.6708
    endloop
  endfacet
  facet normal 1 -0 0
    outer loop
      vertex 27.377 -2.5 -89.5434
      vertex 27.377 -0.736939 -89.5921
      vertex 27.377 -2.5 -89.3652
    endloop
  endfacet
  facet normal 1 0 0
    outer loop
      vertex 27.377 -0.736939 -89.5921
      vertex 27.377 -2.5 -89.5434
      vertex 27.377 0 -89.865
    endloop
  endfacet
  facet normal 0.95759 -0.0367628 0.285781
    outer loop
      vertex 27.377 2.5 -89.5434
      vertex 27.377 0 -89.865
      vertex 27.4152 2.5 -89.6714
    endloop
  endfacet
  facet normal 0.958206 -0.0366132 0.283727
    outer loop
      vertex 27.377 0 -89.865
      vertex 27.5398 2.5 -90.0922
      vertex 27.4152 2.5 -89.6714
    endloop
  endfacet
  facet normal 0.958204 -0.0366127 0.283732
    outer loop
      vertex 27.5398 2.5 -90.0922
      vertex 27.377 0 -89.865
      vertex 27.5398 0 -90.4148
    endloop
  endfacet
  facet normal 0.95759 0.0367628 0.285781
    outer loop
      vertex 27.377 0 -89.865
      vertex 27.377 -2.5 -89.5434
      vertex 27.4152 -2.5 -89.6714
    endloop
  endfacet
  facet normal 0.958206 0.0366132 0.283727
    outer loop
      vertex 27.5398 -2.5 -90.0922
      vertex 27.377 0 -89.865
      vertex 27.4152 -2.5 -89.6714
    endloop
  endfacet
  facet normal 0.958204 0.0366127 0.283732
    outer loop
      vertex 27.377 0 -89.865
      vertex 27.5398 -2.5 -90.0922
      vertex 27.5398 0 -90.4148
    endloop
  endfacet
  facet normal 0.957816 -0.0367789 0.28502
    outer loop
      vertex 27.5398 2.5 -90.0922
      vertex 27.5398 0 -90.4148
      vertex 27.5778 2.5 -90.2199
    endloop
  endfacet
  facet normal 0.958215 -0.0366812 0.283688
    outer loop
      vertex 27.5398 0 -90.4148
      vertex 27.7025 2.5 -90.6411
      vertex 27.5778 2.5 -90.2199
    endloop
  endfacet
  facet normal 0.958249 -0.036694 0.283571
    outer loop
      vertex 27.7025 2.5 -90.6411
      vertex 27.5398 0 -90.4148
      vertex 27.7025 0 -90.9646
    endloop
  endfacet
  facet normal 0.957816 0.0367789 0.28502
    outer loop
      vertex 27.5398 0 -90.4148
      vertex 27.5398 -2.5 -90.0922
      vertex 27.5778 -2.5 -90.2199
    endloop
  endfacet
  facet normal 0.958215 0.0366812 0.283688
    outer loop
      vertex 27.7025 -2.5 -90.6411
      vertex 27.5398 0 -90.4148
      vertex 27.5778 -2.5 -90.2199
    endloop
  endfacet
  facet normal 0.958249 0.036694 0.283571
    outer loop
      vertex 27.5398 0 -90.4148
      vertex 27.7025 -2.5 -90.6411
      vertex 27.7025 0 -90.9646
    endloop
  endfacet
  facet normal 0.957501 -0.0370143 0.286046
    outer loop
      vertex 27.7025 2.5 -90.6411
      vertex 27.7025 0 -90.9646
      vertex 27.7405 2.5 -90.7683
    endloop
  endfacet
  facet normal 0.958239 -0.0368324 0.283586
    outer loop
      vertex 27.7025 0 -90.9646
      vertex 27.8653 2.5 -91.19
      vertex 27.7405 2.5 -90.7683
    endloop
  endfacet
  facet normal 0.958197 -0.0368167 0.28373
    outer loop
      vertex 27.8653 2.5 -91.19
      vertex 27.7025 0 -90.9646
      vertex 27.8653 0 -91.5144
    endloop
  endfacet
  facet normal 0.957501 0.0370143 0.286046
    outer loop
      vertex 27.7025 0 -90.9646
      vertex 27.7025 -2.5 -90.6411
      vertex 27.7405 -2.5 -90.7683
    endloop
  endfacet
  facet normal 0.958239 0.0368324 0.283586
    outer loop
      vertex 27.8653 -2.5 -91.19
      vertex 27.7025 0 -90.9646
      vertex 27.7405 -2.5 -90.7683
    endloop
  endfacet
  facet normal 0.958197 0.0368167 0.28373
    outer loop
      vertex 27.7025 0 -90.9646
      vertex 27.8653 -2.5 -91.19
      vertex 27.8653 0 -91.5144
    endloop
  endfacet
  facet normal 0.957666 -0.0370448 0.285487
    outer loop
      vertex 27.8653 2.5 -91.19
      vertex 27.8653 0 -91.5144
      vertex 27.9031 2.5 -91.3168
    endloop
  endfacet
  facet normal 0.958186 -0.0369158 0.283756
    outer loop
      vertex 27.8653 0 -91.5144
      vertex 28.0281 2.5 -91.7389
      vertex 27.9031 2.5 -91.3168
    endloop
  endfacet
  facet normal 0.95818 -0.0369136 0.283776
    outer loop
      vertex 28.0281 2.5 -91.7389
      vertex 27.8653 0 -91.5144
      vertex 28.0281 0 -92.0641
    endloop
  endfacet
  facet normal 0.957666 0.0370448 0.285487
    outer loop
      vertex 27.8653 0 -91.5144
      vertex 27.8653 -2.5 -91.19
      vertex 27.9031 -2.5 -91.3168
    endloop
  endfacet
  facet normal 0.958186 0.0369158 0.283756
    outer loop
      vertex 28.0281 -2.5 -91.7389
      vertex 27.8653 0 -91.5144
      vertex 27.9031 -2.5 -91.3168
    endloop
  endfacet
  facet normal 0.95818 0.0369136 0.283776
    outer loop
      vertex 27.8653 0 -91.5144
      vertex 28.0281 -2.5 -91.7389
      vertex 28.0281 0 -92.0641
    endloop
  endfacet
  facet normal 0.957622 -0.0371534 0.28562
    outer loop
      vertex 28.0281 2.5 -91.7389
      vertex 28.0281 0 -92.0641
      vertex 28.0658 2.5 -91.8653
    endloop
  endfacet
  facet normal 0.958194 -0.0370107 0.283716
    outer loop
      vertex 28.0281 0 -92.0641
      vertex 28.1909 2.5 -92.2878
      vertex 28.0658 2.5 -91.8653
    endloop
  endfacet
  facet normal 0.95819 -0.0370094 0.283728
    outer loop
      vertex 28.1909 2.5 -92.2878
      vertex 28.0281 0 -92.0641
      vertex 28.1909 0 -92.6139
    endloop
  endfacet
  facet normal 0.957622 0.0371534 0.28562
    outer loop
      vertex 28.0281 0 -92.0641
      vertex 28.0281 -2.5 -91.7389
      vertex 28.0658 -2.5 -91.8653
    endloop
  endfacet
  facet normal 0.958194 0.0370107 0.283716
    outer loop
      vertex 28.1909 -2.5 -92.2878
      vertex 28.0281 0 -92.0641
      vertex 28.0658 -2.5 -91.8653
    endloop
  endfacet
  facet normal 0.95819 0.0370094 0.283728
    outer loop
      vertex 28.0281 0 -92.0641
      vertex 28.1909 -2.5 -92.2878
      vertex 28.1909 0 -92.6139
    endloop
  endfacet
  facet normal 0.957789 -0.0371827 0.285056
    outer loop
      vertex 28.1909 2.5 -92.2878
      vertex 28.1909 0 -92.6139
      vertex 28.2284 2.5 -92.4138
    endloop
  endfacet
  facet normal 0.958141 -0.0370943 0.283885
    outer loop
      vertex 28.1909 0 -92.6139
      vertex 28.3537 2.5 -92.8367
      vertex 28.2284 2.5 -92.4138
    endloop
  endfacet
  facet normal 0.958187 -0.0371114 0.283726
    outer loop
      vertex 28.3537 2.5 -92.8367
      vertex 28.1909 0 -92.6139
      vertex 28.3537 0 -93.1637
    endloop
  endfacet
  facet normal 0.957789 0.0371827 0.285056
    outer loop
      vertex 28.1909 0 -92.6139
      vertex 28.1909 -2.5 -92.2878
      vertex 28.2284 -2.5 -92.4138
    endloop
  endfacet
  facet normal 0.958141 0.0370943 0.283885
    outer loop
      vertex 28.3537 -2.5 -92.8367
      vertex 28.1909 0 -92.6139
      vertex 28.2284 -2.5 -92.4138
    endloop
  endfacet
  facet normal 0.958187 0.0371114 0.283726
    outer loop
      vertex 28.1909 0 -92.6139
      vertex 28.3537 -2.5 -92.8367
      vertex 28.3537 0 -93.1637
    endloop
  endfacet
  facet normal 0.957745 -0.0373027 0.285188
    outer loop
      vertex 28.3537 2.5 -92.8367
      vertex 28.3537 0 -93.1637
      vertex 28.3911 2.5 -92.9623
    endloop
  endfacet
  facet normal 0.95821 -0.0371847 0.283638
    outer loop
      vertex 28.3537 0 -93.1637
      vertex 28.5164 2.5 -93.3856
      vertex 28.3911 2.5 -92.9623
    endloop
  endfacet
  facet normal 0.958231 -0.0371924 0.283565
    outer loop
      vertex 28.5164 2.5 -93.3856
      vertex 28.3537 0 -93.1637
      vertex 28.5164 0 -93.7135
    endloop
  endfacet
  facet normal 0.957745 0.0373027 0.285188
    outer loop
      vertex 28.3537 0 -93.1637
      vertex 28.3537 -2.5 -92.8367
      vertex 28.3911 -2.5 -92.9623
    endloop
  endfacet
  facet normal 0.95821 0.0371847 0.283638
    outer loop
      vertex 28.5164 -2.5 -93.3856
      vertex 28.3537 0 -93.1637
      vertex 28.3911 -2.5 -92.9623
    endloop
  endfacet
  facet normal 0.958231 0.0371924 0.283565
    outer loop
      vertex 28.3537 0 -93.1637
      vertex 28.5164 -2.5 -93.3856
      vertex 28.5164 0 -93.7135
    endloop
  endfacet
  facet normal 0.957488 -0.0375148 0.286023
    outer loop
      vertex 28.5164 2.5 -93.3856
      vertex 28.5164 0 -93.7135
      vertex 28.5538 2.5 -93.5108
    endloop
  endfacet
  facet normal 0.958217 -0.037329 0.283598
    outer loop
      vertex 28.5164 0 -93.7135
      vertex 28.6792 2.5 -93.9345
      vertex 28.5538 2.5 -93.5108
    endloop
  endfacet
  facet normal 0.95818 -0.0373154 0.283724
    outer loop
      vertex 28.6792 2.5 -93.9345
      vertex 28.5164 0 -93.7135
      vertex 28.6792 0 -94.2633
    endloop
  endfacet
  facet normal 0.957488 0.0375148 0.286023
    outer loop
      vertex 28.5164 0 -93.7135
      vertex 28.5164 -2.5 -93.3856
      vertex 28.5538 -2.5 -93.5108
    endloop
  endfacet
  facet normal 0.958217 0.037329 0.283598
    outer loop
      vertex 28.6792 -2.5 -93.9345
      vertex 28.5164 0 -93.7135
      vertex 28.5538 -2.5 -93.5108
    endloop
  endfacet
  facet normal 0.95818 0.0373154 0.283724
    outer loop
      vertex 28.5164 0 -93.7135
      vertex 28.6792 -2.5 -93.9345
      vertex 28.6792 0 -94.2633
    endloop
  endfacet
  facet normal 0.957656 -0.0375431 0.285455
    outer loop
      vertex 28.6792 2.5 -93.9345
      vertex 28.6792 0 -94.2633
      vertex 28.7164 2.5 -94.0593
    endloop
  endfacet
  facet normal 0.958182 -0.0374081 0.283705
    outer loop
      vertex 28.6792 0 -94.2633
      vertex 28.842 2.5 -94.4835
      vertex 28.7164 2.5 -94.0593
    endloop
  endfacet
  facet normal 0.958176 -0.0374061 0.283723
    outer loop
      vertex 28.842 2.5 -94.4835
      vertex 28.6792 0 -94.2633
      vertex 28.842 0 -94.8131
    endloop
  endfacet
  facet normal 0.957656 0.0375431 0.285455
    outer loop
      vertex 28.6792 0 -94.2633
      vertex 28.6792 -2.5 -93.9345
      vertex 28.7164 -2.5 -94.0593
    endloop
  endfacet
  facet normal 0.958182 0.0374081 0.283705
    outer loop
      vertex 28.842 -2.5 -94.4835
      vertex 28.6792 0 -94.2633
      vertex 28.7164 -2.5 -94.0593
    endloop
  endfacet
  facet normal 0.958176 0.0374061 0.283723
    outer loop
      vertex 28.6792 0 -94.2633
      vertex 28.842 -2.5 -94.4835
      vertex 28.842 0 -94.8131
    endloop
  endfacet
  facet normal 0.957612 -0.0376522 0.28559
    outer loop
      vertex 28.842 2.5 -94.4835
      vertex 28.842 0 -94.8131
      vertex 28.8791 2.5 -94.6079
    endloop
  endfacet
  facet normal 0.958171 -0.0375076 0.283727
    outer loop
      vertex 28.842 0 -94.8131
      vertex 29.0048 2.5 -95.0324
      vertex 28.8791 2.5 -94.6079
    endloop
  endfacet
  facet normal 0.958173 -0.0375081 0.283722
    outer loop
      vertex 29.0048 2.5 -95.0324
      vertex 28.842 0 -94.8131
      vertex 29.0048 0 -95.3629
    endloop
  endfacet
  facet normal 0.957612 0.0376522 0.28559
    outer loop
      vertex 28.842 0 -94.8131
      vertex 28.842 -2.5 -94.4835
      vertex 28.8791 -2.5 -94.6079
    endloop
  endfacet
  facet normal 0.958171 0.0375076 0.283727
    outer loop
      vertex 29.0048 -2.5 -95.0324
      vertex 28.842 0 -94.8131
      vertex 28.8791 -2.5 -94.6079
    endloop
  endfacet
  facet normal 0.958173 0.0375081 0.283722
    outer loop
      vertex 28.842 0 -94.8131
      vertex 29.0048 -2.5 -95.0324
      vertex 29.0048 0 -95.3629
    endloop
  endfacet
  facet normal 0.957782 -0.0376793 0.285017
    outer loop
      vertex 29.0048 2.5 -95.0324
      vertex 29.0048 0 -95.3629
      vertex 29.0417 2.5 -95.1564
    endloop
  endfacet
  facet normal 0.95818 -0.0375754 0.283688
    outer loop
      vertex 29.0048 0 -95.3629
      vertex 29.1675 2.5 -95.5813
      vertex 29.0417 2.5 -95.1564
    endloop
  endfacet
  facet normal 0.958203 -0.0375838 0.283609
    outer loop
      vertex 29.1675 2.5 -95.5813
      vertex 29.0048 0 -95.3629
      vertex 29.1675 0 -95.9126
    endloop
  endfacet
  facet normal 0.957782 0.0376793 0.285017
    outer loop
      vertex 29.0048 0 -95.3629
      vertex 29.0048 -2.5 -95.0324
      vertex 29.0417 -2.5 -95.1564
    endloop
  endfacet
  facet normal 0.95818 0.0375754 0.283688
    outer loop
      vertex 29.1675 -2.5 -95.5813
      vertex 29.0048 0 -95.3629
      vertex 29.0417 -2.5 -95.1564
    endloop
  endfacet
  facet normal 0.958203 0.0375838 0.283609
    outer loop
      vertex 29.0048 0 -95.3629
      vertex 29.1675 -2.5 -95.5813
      vertex 29.1675 0 -95.9126
    endloop
  endfacet
  facet normal 0.957586 -0.0378544 0.28565
    outer loop
      vertex 29.1675 2.5 -95.5813
      vertex 29.1675 0 -95.9126
      vertex 29.2044 2.5 -95.705
    endloop
  endfacet
  facet normal 0.958187 -0.037697 0.283649
    outer loop
      vertex 29.1675 0 -95.9126
      vertex 29.3303 2.5 -96.1303
      vertex 29.2044 2.5 -95.705
    endloop
  endfacet
  facet normal 0.958166 -0.0376894 0.28372
    outer loop
      vertex 29.3303 2.5 -96.1303
      vertex 29.1675 0 -95.9126
      vertex 29.3303 0 -96.4624
    endloop
  endfacet
  facet normal 0.957586 0.0378544 0.28565
    outer loop
      vertex 29.1675 0 -95.9126
      vertex 29.1675 -2.5 -95.5813
      vertex 29.2044 -2.5 -95.705
    endloop
  endfacet
  facet normal 0.958187 0.037697 0.283649
    outer loop
      vertex 29.3303 -2.5 -96.1303
      vertex 29.1675 0 -95.9126
      vertex 29.2044 -2.5 -95.705
    endloop
  endfacet
  facet normal 0.958166 0.0376894 0.28372
    outer loop
      vertex 29.1675 0 -95.9126
      vertex 29.3303 -2.5 -96.1303
      vertex 29.3303 0 -96.4624
    endloop
  endfacet
  facet normal 0.957476 -0.0379922 0.285999
    outer loop
      vertex 29.3303 2.5 -96.1303
      vertex 29.3303 0 -96.4624
      vertex 29.3671 2.5 -96.2535
    endloop
  endfacet
  facet normal 0.958194 -0.037803 0.283609
    outer loop
      vertex 29.3303 0 -96.4624
      vertex 29.4931 2.5 -96.6792
      vertex 29.3671 2.5 -96.2535
    endloop
  endfacet
  facet normal 0.958162 -0.0377914 0.283719
    outer loop
      vertex 29.4931 2.5 -96.6792
      vertex 29.3303 0 -96.4624
      vertex 29.4931 0 -97.0122
    endloop
  endfacet
  facet normal 0.957476 0.0379922 0.285999
    outer loop
      vertex 29.3303 0 -96.4624
      vertex 29.3303 -2.5 -96.1303
      vertex 29.3671 -2.5 -96.2535
    endloop
  endfacet
  facet normal 0.958194 0.037803 0.283609
    outer loop
      vertex 29.4931 -2.5 -96.6792
      vertex 29.3303 0 -96.4624
      vertex 29.3671 -2.5 -96.2535
    endloop
  endfacet
  facet normal 0.958162 0.0377914 0.283719
    outer loop
      vertex 29.3303 0 -96.4624
      vertex 29.4931 -2.5 -96.6792
      vertex 29.4931 0 -97.0122
    endloop
  endfacet
  facet normal 0.957712 -0.0379899 0.28521
    outer loop
      vertex 29.4931 2.5 -96.6792
      vertex 29.4931 0 -97.0122
      vertex 29.5297 2.5 -96.8021
    endloop
  endfacet
  facet normal 0.958142 -0.0378758 0.283777
    outer loop
      vertex 29.4931 0 -97.0122
      vertex 29.6559 2.5 -97.2282
      vertex 29.5297 2.5 -96.8021
    endloop
  endfacet
  facet normal 0.958159 -0.0378821 0.283718
    outer loop
      vertex 29.6559 2.5 -97.2282
      vertex 29.4931 0 -97.0122
      vertex 29.6559 0 -97.562
    endloop
  endfacet
  facet normal 0.957712 0.0379899 0.28521
    outer loop
      vertex 29.4931 0 -97.0122
      vertex 29.4931 -2.5 -96.6792
      vertex 29.5297 -2.5 -96.8021
    endloop
  endfacet
  facet normal 0.958142 0.0378758 0.283777
    outer loop
      vertex 29.6559 -2.5 -97.2282
      vertex 29.4931 0 -97.0122
      vertex 29.5297 -2.5 -96.8021
    endloop
  endfacet
  facet normal 0.958159 0.0378821 0.283718
    outer loop
      vertex 29.4931 0 -97.0122
      vertex 29.6559 -2.5 -97.2282
      vertex 29.6559 0 -97.562
    endloop
  endfacet
  facet normal 0.957602 -0.0381279 0.285559
    outer loop
      vertex 29.6559 2.5 -97.2282
      vertex 29.6559 0 -97.562
      vertex 29.6924 2.5 -97.3506
    endloop
  endfacet
  facet normal 0.958149 -0.0379819 0.283738
    outer loop
      vertex 29.6559 0 -97.562
      vertex 29.8187 2.5 -97.7771
      vertex 29.6924 2.5 -97.3506
    endloop
  endfacet
  facet normal 0.958155 -0.0379841 0.283717
    outer loop
      vertex 29.8187 2.5 -97.7771
      vertex 29.6559 0 -97.562
      vertex 29.8187 0 -98.1118
    endloop
  endfacet
  facet normal 0.957602 0.0381279 0.285559
    outer loop
      vertex 29.6559 0 -97.562
      vertex 29.6559 -2.5 -97.2282
      vertex 29.6924 -2.5 -97.3506
    endloop
  endfacet
  facet normal 0.958149 0.0379819 0.283738
    outer loop
      vertex 29.8187 -2.5 -97.7771
      vertex 29.6559 0 -97.562
      vertex 29.6924 -2.5 -97.3506
    endloop
  endfacet
  facet normal 0.958155 0.0379841 0.283717
    outer loop
      vertex 29.6559 0 -97.562
      vertex 29.8187 -2.5 -97.7771
      vertex 29.8187 0 -98.1118
    endloop
  endfacet
  facet normal 0.957621 -0.0382204 0.285483
    outer loop
      vertex 29.8187 2.5 -97.7771
      vertex 29.8187 0 -98.1118
      vertex 29.8551 2.5 -97.8992
    endloop
  endfacet
  facet normal 0.958219 -0.0380599 0.283493
    outer loop
      vertex 29.8187 0 -98.1118
      vertex 29.9814 2.5 -98.3261
      vertex 29.8551 2.5 -97.8992
    endloop
  endfacet
  facet normal 0.9582 -0.0380532 0.283556
    outer loop
      vertex 29.9814 2.5 -98.3261
      vertex 29.8187 0 -98.1118
      vertex 29.9814 0 -98.6616
    endloop
  endfacet
  facet normal 0.957621 0.0382204 0.285483
    outer loop
      vertex 29.8187 0 -98.1118
      vertex 29.8187 -2.5 -97.7771
      vertex 29.8551 -2.5 -97.8992
    endloop
  endfacet
  facet normal 0.958219 0.0380599 0.283493
    outer loop
      vertex 29.9814 -2.5 -98.3261
      vertex 29.8187 0 -98.1118
      vertex 29.8551 -2.5 -97.8992
    endloop
  endfacet
  facet normal 0.9582 0.0380532 0.283556
    outer loop
      vertex 29.8187 0 -98.1118
      vertex 29.9814 -2.5 -98.3261
      vertex 29.9814 0 -98.6616
    endloop
  endfacet
  facet normal 0.957576 -0.0383303 0.28562
    outer loop
      vertex 29.9814 2.5 -98.3261
      vertex 29.9814 0 -98.6616
      vertex 30.0177 2.5 -98.4478
    endloop
  endfacet
  facet normal 0.958147 -0.0381761 0.283721
    outer loop
      vertex 29.9814 0 -98.6616
      vertex 30.1442 2.5 -98.875
      vertex 30.0177 2.5 -98.4478
    endloop
  endfacet
  facet normal 0.958148 -0.0381767 0.283715
    outer loop
      vertex 30.1442 2.5 -98.875
      vertex 29.9814 0 -98.6616
      vertex 30.1442 0 -99.2114
    endloop
  endfacet
  facet normal 0.957576 0.0383303 0.28562
    outer loop
      vertex 29.9814 0 -98.6616
      vertex 29.9814 -2.5 -98.3261
      vertex 30.0177 -2.5 -98.4478
    endloop
  endfacet
  facet normal 0.958147 0.0381761 0.283721
    outer loop
      vertex 30.1442 -2.5 -98.875
      vertex 29.9814 0 -98.6616
      vertex 30.0177 -2.5 -98.4478
    endloop
  endfacet
  facet normal 0.958148 0.0381767 0.283715
    outer loop
      vertex 29.9814 0 -98.6616
      vertex 30.1442 -2.5 -98.875
      vertex 30.1442 0 -99.2114
    endloop
  endfacet
  facet normal 0.957595 -0.0384227 0.285543
    outer loop
      vertex 30.1442 2.5 -98.875
      vertex 30.1442 0 -99.2114
      vertex 30.1804 2.5 -98.9964
    endloop
  endfacet
  facet normal 0.958154 -0.0382707 0.283682
    outer loop
      vertex 30.1442 0 -99.2114
      vertex 30.307 2.5 -99.424
      vertex 30.1804 2.5 -98.9964
    endloop
  endfacet
  facet normal 0.958131 -0.0382624 0.283762
    outer loop
      vertex 30.307 2.5 -99.424
      vertex 30.1442 0 -99.2114
      vertex 30.307 0 -99.7611
    endloop
  endfacet
  facet normal 0.957595 0.0384227 0.285543
    outer loop
      vertex 30.1442 0 -99.2114
      vertex 30.1442 -2.5 -98.875
      vertex 30.1804 -2.5 -98.9964
    endloop
  endfacet
  facet normal 0.958154 0.0382707 0.283682
    outer loop
      vertex 30.307 -2.5 -99.424
      vertex 30.1442 0 -99.2114
      vertex 30.1804 -2.5 -98.9964
    endloop
  endfacet
  facet normal 0.958131 0.0382624 0.283762
    outer loop
      vertex 30.1442 0 -99.2114
      vertex 30.307 -2.5 -99.424
      vertex 30.307 0 -99.7611
    endloop
  endfacet
  facet normal 0.95755 -0.0385214 0.285682
    outer loop
      vertex 30.307 2.5 -99.424
      vertex 30.307 0 -99.7611
      vertex 30.3431 2.5 -99.545
    endloop
  endfacet
  facet normal 0.958163 -0.038354 0.283643
    outer loop
      vertex 30.307 0 -99.7611
      vertex 30.4698 2.5 -99.973
      vertex 30.3431 2.5 -99.545
    endloop
  endfacet
  facet normal 0.958156 -0.0383516 0.283666
    outer loop
      vertex 30.4698 2.5 -99.973
      vertex 30.307 0 -99.7611
      vertex 30.4698 0 -100.311
    endloop
  endfacet
  facet normal 0.95755 0.0385214 0.285682
    outer loop
      vertex 30.307 0 -99.7611
      vertex 30.307 -2.5 -99.424
      vertex 30.3431 -2.5 -99.545
    endloop
  endfacet
  facet normal 0.958163 0.038354 0.283643
    outer loop
      vertex 30.4698 -2.5 -99.973
      vertex 30.307 0 -99.7611
      vertex 30.3431 -2.5 -99.545
    endloop
  endfacet
  facet normal 0.958156 0.0383516 0.283666
    outer loop
      vertex 30.307 0 -99.7611
      vertex 30.4698 -2.5 -99.973
      vertex 30.4698 0 -100.311
    endloop
  endfacet
  facet normal 0.957986 -0.0384277 0.284229
    outer loop
      vertex 30.4698 2.5 -99.973
      vertex 30.4698 0 -100.311
      vertex 30.5057 2.5 -100.094
    endloop
  endfacet
  facet normal 0.958039 -0.0384133 0.284054
    outer loop
      vertex 30.4698 0 -100.311
      vertex 30.6326 2.5 -100.522
      vertex 30.5057 2.5 -100.094
    endloop
  endfacet
  facet normal 0.958166 -0.0384585 0.283617
    outer loop
      vertex 30.6326 2.5 -100.522
      vertex 30.4698 0 -100.311
      vertex 30.6326 0 -100.861
    endloop
  endfacet
  facet normal 0.957986 0.0384277 0.284229
    outer loop
      vertex 30.4698 0 -100.311
      vertex 30.4698 -2.5 -99.973
      vertex 30.5057 -2.5 -100.094
    endloop
  endfacet
  facet normal 0.958039 0.0384133 0.284054
    outer loop
      vertex 30.6326 -2.5 -100.522
      vertex 30.4698 0 -100.311
      vertex 30.5057 -2.5 -100.094
    endloop
  endfacet
  facet normal 0.958166 0.0384585 0.283617
    outer loop
      vertex 30.4698 0 -100.311
      vertex 30.6326 -2.5 -100.522
      vertex 30.6326 0 -100.861
    endloop
  endfacet
  facet normal 0.957546 -0.0387365 0.285668
    outer loop
      vertex 30.6326 2.5 -100.522
      vertex 30.6326 0 -100.861
      vertex 30.6684 2.5 -100.642
    endloop
  endfacet
  facet normal 0.958214 -0.0385513 0.283444
    outer loop
      vertex 30.6326 0 -100.861
      vertex 30.7953 2.5 -101.071
      vertex 30.6684 2.5 -100.642
    endloop
  endfacet
  facet normal 0.95821 -0.03855 0.283456
    outer loop
      vertex 30.7953 2.5 -101.071
      vertex 30.6326 0 -100.861
      vertex 30.7953 0 -101.411
    endloop
  endfacet
  facet normal 0.957546 0.0387365 0.285668
    outer loop
      vertex 30.6326 0 -100.861
      vertex 30.6326 -2.5 -100.522
      vertex 30.6684 -2.5 -100.642
    endloop
  endfacet
  facet normal 0.958214 0.0385513 0.283444
    outer loop
      vertex 30.7953 -2.5 -101.071
      vertex 30.6326 0 -100.861
      vertex 30.6684 -2.5 -100.642
    endloop
  endfacet
  facet normal 0.95821 0.03855 0.283456
    outer loop
      vertex 30.6326 0 -100.861
      vertex 30.7953 -2.5 -101.071
      vertex 30.7953 0 -101.411
    endloop
  endfacet
  facet normal 0.957541 -0.0388506 0.285666
    outer loop
      vertex 30.7953 2.5 -101.071
      vertex 30.7953 0 -101.411
      vertex 30.8311 2.5 -101.191
    endloop
  endfacet
  facet normal 0.958148 -0.0386817 0.283648
    outer loop
      vertex 30.7953 0 -101.411
      vertex 30.9581 2.5 -101.62
      vertex 30.8311 2.5 -101.191
    endloop
  endfacet
  facet normal 0.958019 -0.0386363 0.28409
    outer loop
      vertex 30.9581 2.5 -101.62
      vertex 30.7953 0 -101.411
      vertex 30.9581 0 -101.96
    endloop
  endfacet
  facet normal 0.957541 0.0388506 0.285666
    outer loop
      vertex 30.7953 0 -101.411
      vertex 30.7953 -2.5 -101.071
      vertex 30.8311 -2.5 -101.191
    endloop
  endfacet
  facet normal 0.958148 0.0386817 0.283648
    outer loop
      vertex 30.9581 -2.5 -101.62
      vertex 30.7953 0 -101.411
      vertex 30.8311 -2.5 -101.191
    endloop
  endfacet
  facet normal 0.958019 0.0386363 0.28409
    outer loop
      vertex 30.7953 0 -101.411
      vertex 30.9581 -2.5 -101.62
      vertex 30.9581 0 -101.96
    endloop
  endfacet
  facet normal 0.957321 -0.0389493 0.286392
    outer loop
      vertex 30.9581 2.5 -101.62
      vertex 30.9581 0 -101.96
      vertex 30.9937 2.5 -101.739
    endloop
  endfacet
  facet normal 0.958206 -0.0387019 0.283451
    outer loop
      vertex 30.9581 0 -101.96
      vertex 31.1209 2.5 -102.169
      vertex 30.9937 2.5 -101.739
    endloop
  endfacet
  facet normal 0.958158 -0.038685 0.283615
    outer loop
      vertex 31.1209 2.5 -102.169
      vertex 30.9581 0 -101.96
      vertex 31.1209 0 -102.51
    endloop
  endfacet
  facet normal 0.957321 0.0389493 0.286392
    outer loop
      vertex 30.9581 0 -101.96
      vertex 30.9581 -2.5 -101.62
      vertex 30.9937 -2.5 -101.739
    endloop
  endfacet
  facet normal 0.958206 0.0387019 0.283451
    outer loop
      vertex 31.1209 -2.5 -102.169
      vertex 30.9581 0 -101.96
      vertex 30.9937 -2.5 -101.739
    endloop
  endfacet
  facet normal 0.958158 0.038685 0.283615
    outer loop
      vertex 30.9581 0 -101.96
      vertex 31.1209 -2.5 -102.169
      vertex 31.1209 0 -102.51
    endloop
  endfacet
  facet normal 0.957541 -0.0389631 0.285653
    outer loop
      vertex 31.1209 2.5 -102.169
      vertex 31.1209 0 -102.51
      vertex 31.1564 2.5 -102.288
    endloop
  endfacet
  facet normal 0.958142 -0.0387941 0.283654
    outer loop
      vertex 31.1209 0 -102.51
      vertex 31.2837 2.5 -102.718
      vertex 31.1564 2.5 -102.288
    endloop
  endfacet
  facet normal 0.958153 -0.0387983 0.283613
    outer loop
      vertex 31.2837 2.5 -102.718
      vertex 31.1209 0 -102.51
      vertex 31.2837 0 -103.06
    endloop
  endfacet
  facet normal 0.957541 0.0389631 0.285653
    outer loop
      vertex 31.1209 0 -102.51
      vertex 31.1209 -2.5 -102.169
      vertex 31.1564 -2.5 -102.288
    endloop
  endfacet
  facet normal 0.958142 0.0387941 0.283654
    outer loop
      vertex 31.2837 -2.5 -102.718
      vertex 31.1209 0 -102.51
      vertex 31.1564 -2.5 -102.288
    endloop
  endfacet
  facet normal 0.958153 0.0387983 0.283613
    outer loop
      vertex 31.1209 0 -102.51
      vertex 31.2837 -2.5 -102.718
      vertex 31.2837 0 -103.06
    endloop
  endfacet
  facet normal 0.95776 -0.0389762 0.284914
    outer loop
      vertex 31.2837 2.5 -102.718
      vertex 31.2837 0 -103.06
      vertex 31.3191 2.5 -102.837
    endloop
  endfacet
  facet normal 0.958139 -0.0388691 0.283654
    outer loop
      vertex 31.2837 0 -103.06
      vertex 31.4464 2.5 -103.267
      vertex 31.3191 2.5 -102.837
    endloop
  endfacet
  facet normal 0.958197 -0.0388896 0.283452
    outer loop
      vertex 31.4464 2.5 -103.267
      vertex 31.2837 0 -103.06
      vertex 31.4464 0 -103.61
    endloop
  endfacet
  facet normal 0.95776 0.0389762 0.284914
    outer loop
      vertex 31.2837 0 -103.06
      vertex 31.2837 -2.5 -102.718
      vertex 31.3191 -2.5 -102.837
    endloop
  endfacet
  facet normal 0.958139 0.0388691 0.283654
    outer loop
      vertex 31.4464 -2.5 -103.267
      vertex 31.2837 0 -103.06
      vertex 31.3191 -2.5 -102.837
    endloop
  endfacet
  facet normal 0.958197 0.0388896 0.283452
    outer loop
      vertex 31.2837 0 -103.06
      vertex 31.4464 -2.5 -103.267
      vertex 31.4464 0 -103.61
    endloop
  endfacet
  facet normal 0.95731 -0.0392916 0.286382
    outer loop
      vertex 31.4464 2.5 -103.267
      vertex 31.4464 0 -103.61
      vertex 31.4817 2.5 -103.385
    endloop
  endfacet
  facet normal 0.95819 -0.0390406 0.283455
    outer loop
      vertex 31.4464 0 -103.61
      vertex 31.6092 2.5 -103.816
      vertex 31.4817 2.5 -103.385
    endloop
  endfacet
  facet normal 0.958006 -0.0389766 0.284086
    outer loop
      vertex 31.6092 2.5 -103.816
      vertex 31.4464 0 -103.61
      vertex 31.6092 0 -104.159
    endloop
  endfacet
  facet normal 0.95731 0.0392916 0.286382
    outer loop
      vertex 31.4464 0 -103.61
      vertex 31.4464 -2.5 -103.267
      vertex 31.4817 -2.5 -103.385
    endloop
  endfacet
  facet normal 0.95819 0.0390406 0.283455
    outer loop
      vertex 31.6092 -2.5 -103.816
      vertex 31.4464 0 -103.61
      vertex 31.4817 -2.5 -103.385
    endloop
  endfacet
  facet normal 0.958006 0.0389766 0.284086
    outer loop
      vertex 31.4464 0 -103.61
      vertex 31.6092 -2.5 -103.816
      vertex 31.6092 0 -104.159
    endloop
  endfacet
  facet normal 0.957536 -0.0391895 0.285638
    outer loop
      vertex 31.6092 2.5 -103.816
      vertex 31.6092 0 -104.159
      vertex 31.6444 2.5 -103.934
    endloop
  endfacet
  facet normal 0.958131 -0.0390199 0.28366
    outer loop
      vertex 31.6092 0 -104.159
      vertex 31.772 2.5 -104.365
      vertex 31.6444 2.5 -103.934
    endloop
  endfacet
  facet normal 0.958145 -0.0390249 0.283611
    outer loop
      vertex 31.772 2.5 -104.365
      vertex 31.6092 0 -104.159
      vertex 31.772 0 -104.709
    endloop
  endfacet
  facet normal 0.957536 0.0391895 0.285638
    outer loop
      vertex 31.6092 0 -104.159
      vertex 31.6092 -2.5 -103.816
      vertex 31.6444 -2.5 -103.934
    endloop
  endfacet
  facet normal 0.958131 0.0390199 0.28366
    outer loop
      vertex 31.772 -2.5 -104.365
      vertex 31.6092 0 -104.159
      vertex 31.6444 -2.5 -103.934
    endloop
  endfacet
  facet normal 0.958145 0.0390249 0.283611
    outer loop
      vertex 31.6092 0 -104.159
      vertex 31.772 -2.5 -104.365
      vertex 31.772 0 -104.709
    endloop
  endfacet
  facet normal 0.957758 -0.0392012 0.284892
    outer loop
      vertex 31.772 2.5 -104.365
      vertex 31.772 0 -104.709
      vertex 31.8071 2.5 -104.483
    endloop
  endfacet
  facet normal 0.958067 -0.0391125 0.283863
    outer loop
      vertex 31.772 0 -104.709
      vertex 31.9348 2.5 -104.914
      vertex 31.8071 2.5 -104.483
    endloop
  endfacet
  facet normal 0.958141 -0.0391381 0.28361
    outer loop
      vertex 31.9348 2.5 -104.914
      vertex 31.772 0 -104.709
      vertex 31.9348 0 -105.259
    endloop
  endfacet
  facet normal 0.957758 0.0392012 0.284892
    outer loop
      vertex 31.772 0 -104.709
      vertex 31.772 -2.5 -104.365
      vertex 31.8071 -2.5 -104.483
    endloop
  endfacet
  facet normal 0.958067 0.0391125 0.283863
    outer loop
      vertex 31.9348 -2.5 -104.914
      vertex 31.772 0 -104.709
      vertex 31.8071 -2.5 -104.483
    endloop
  endfacet
  facet normal 0.958141 0.0391381 0.28361
    outer loop
      vertex 31.772 0 -104.709
      vertex 31.9348 -2.5 -104.914
      vertex 31.9348 0 -105.259
    endloop
  endfacet
  facet normal 0.957303 -0.0395194 0.286373
    outer loop
      vertex 31.9348 2.5 -104.914
      vertex 31.9348 0 -105.259
      vertex 31.9698 2.5 -105.031
    endloop
  endfacet
  facet normal 0.958179 -0.0392662 0.283461
    outer loop
      vertex 31.9348 0 -105.259
      vertex 32.0976 2.5 -105.463
      vertex 31.9698 2.5 -105.031
    endloop
  endfacet
  facet normal 0.958137 -0.0392514 0.283608
    outer loop
      vertex 32.0976 2.5 -105.463
      vertex 31.9348 0 -105.259
      vertex 32.0976 0 -105.809
    endloop
  endfacet
  facet normal 0.957303 0.0395194 0.286373
    outer loop
      vertex 31.9348 0 -105.259
      vertex 31.9348 -2.5 -104.914
      vertex 31.9698 -2.5 -105.031
    endloop
  endfacet
  facet normal 0.958179 0.0392662 0.283461
    outer loop
      vertex 32.0976 -2.5 -105.463
      vertex 31.9348 0 -105.259
      vertex 31.9698 -2.5 -105.031
    endloop
  endfacet
  facet normal 0.958137 0.0392514 0.283608
    outer loop
      vertex 31.9348 0 -105.259
      vertex 32.0976 -2.5 -105.463
      vertex 32.0976 0 -105.809
    endloop
  endfacet
  facet normal 0.957755 -0.0394261 0.284871
    outer loop
      vertex 32.0976 2.5 -105.463
      vertex 32.0976 0 -105.809
      vertex 32.1324 2.5 -105.58
    endloop
  endfacet
  facet normal 0.958117 -0.0393207 0.283665
    outer loop
      vertex 32.0976 0 -105.809
      vertex 32.2603 2.5 -106.012
      vertex 32.1324 2.5 -105.58
    endloop
  endfacet
  facet normal 0.95818 -0.0393425 0.283447
    outer loop
      vertex 32.2603 2.5 -106.012
      vertex 32.0976 0 -105.809
      vertex 32.2603 0 -106.359
    endloop
  endfacet
  facet normal 0.957755 0.0394261 0.284871
    outer loop
      vertex 32.0976 0 -105.809
      vertex 32.0976 -2.5 -105.463
      vertex 32.1324 -2.5 -105.58
    endloop
  endfacet
  facet normal 0.958117 0.0393207 0.283665
    outer loop
      vertex 32.2603 -2.5 -106.012
      vertex 32.0976 0 -105.809
      vertex 32.1324 -2.5 -105.58
    endloop
  endfacet
  facet normal 0.95818 0.0393425 0.283447
    outer loop
      vertex 32.0976 0 -105.809
      vertex 32.2603 -2.5 -106.012
      vertex 32.2603 0 -106.359
    endloop
  endfacet
  facet normal 0.957751 -0.0395399 0.284869
    outer loop
      vertex 32.2603 2.5 -106.012
      vertex 32.2603 0 -106.359
      vertex 32.2951 2.5 -106.129
    endloop
  endfacet
  facet normal 0.958052 -0.0394519 0.283867
    outer loop
      vertex 32.2603 0 -106.359
      vertex 32.4231 2.5 -106.561
      vertex 32.2951 2.5 -106.129
    endloop
  endfacet
  facet normal 0.957989 -0.0394305 0.284081
    outer loop
      vertex 32.4231 2.5 -106.561
      vertex 32.2603 0 -106.359
      vertex 32.4231 0 -106.908
    endloop
  endfacet
  facet normal 0.957751 0.0395399 0.284869
    outer loop
      vertex 32.2603 0 -106.359
      vertex 32.2603 -2.5 -106.012
      vertex 32.2951 -2.5 -106.129
    endloop
  endfacet
  facet normal 0.958052 0.0394519 0.283867
    outer loop
      vertex 32.4231 -2.5 -106.561
      vertex 32.2603 0 -106.359
      vertex 32.2951 -2.5 -106.129
    endloop
  endfacet
  facet normal 0.957989 0.0394305 0.284081
    outer loop
      vertex 32.2603 0 -106.359
      vertex 32.4231 -2.5 -106.561
      vertex 32.4231 0 -106.908
    endloop
  endfacet
  facet normal 0.957296 -0.0397473 0.286364
    outer loop
      vertex 32.4231 2.5 -106.561
      vertex 32.4231 0 -106.908
      vertex 32.4578 2.5 -106.677
    endloop
  endfacet
  facet normal 0.958168 -0.0394918 0.283467
    outer loop
      vertex 32.4231 0 -106.908
      vertex 32.5859 2.5 -107.11
      vertex 32.4578 2.5 -106.677
    endloop
  endfacet
  facet normal 0.958128 -0.0394779 0.283606
    outer loop
      vertex 32.5859 2.5 -107.11
      vertex 32.4231 0 -106.908
      vertex 32.5859 0 -107.458
    endloop
  endfacet
  facet normal 0.957296 0.0397473 0.286364
    outer loop
      vertex 32.4231 0 -106.908
      vertex 32.4231 -2.5 -106.561
      vertex 32.4578 -2.5 -106.677
    endloop
  endfacet
  facet normal 0.958168 0.0394918 0.283467
    outer loop
      vertex 32.5859 -2.5 -107.11
      vertex 32.4231 0 -106.908
      vertex 32.4578 -2.5 -106.677
    endloop
  endfacet
  facet normal 0.958128 0.0394779 0.283606
    outer loop
      vertex 32.4231 0 -106.908
      vertex 32.5859 -2.5 -107.11
      vertex 32.5859 0 -107.458
    endloop
  endfacet
  facet normal 0.957522 -0.0397563 0.285606
    outer loop
      vertex 32.5859 2.5 -107.11
      vertex 32.5859 0 -107.458
      vertex 32.6205 2.5 -107.226
    endloop
  endfacet
  facet normal 0.958105 -0.0395847 0.28367
    outer loop
      vertex 32.5859 0 -107.458
      vertex 32.7487 2.5 -107.659
      vertex 32.6205 2.5 -107.226
    endloop
  endfacet
  facet normal 0.958124 -0.0395912 0.283605
    outer loop
      vertex 32.7487 2.5 -107.659
      vertex 32.5859 0 -107.458
      vertex 32.7487 0 -108.008
    endloop
  endfacet
  facet normal 0.957522 0.0397563 0.285606
    outer loop
      vertex 32.5859 0 -107.458
      vertex 32.5859 -2.5 -107.11
      vertex 32.6205 -2.5 -107.226
    endloop
  endfacet
  facet normal 0.958105 0.0395847 0.28367
    outer loop
      vertex 32.7487 -2.5 -107.659
      vertex 32.5859 0 -107.458
      vertex 32.6205 -2.5 -107.226
    endloop
  endfacet
  facet normal 0.958124 0.0395912 0.283605
    outer loop
      vertex 32.5859 0 -107.458
      vertex 32.7487 -2.5 -107.659
      vertex 32.7487 0 -108.008
    endloop
  endfacet
  facet normal 0.957977 -0.0396589 0.28409
    outer loop
      vertex 32.7487 2.5 -107.659
      vertex 32.7487 0 -108.008
      vertex 32.7831 2.5 -107.775
    endloop
  endfacet
  facet normal 0.957981 -0.0396577 0.284076
    outer loop
      vertex 32.7487 0 -108.008
      vertex 32.9115 2.5 -108.208
      vertex 32.7831 2.5 -107.775
    endloop
  endfacet
  facet normal 0.958119 -0.0397045 0.283603
    outer loop
      vertex 32.9115 2.5 -108.208
      vertex 32.7487 0 -108.008
      vertex 32.9115 0 -108.558
    endloop
  endfacet
  facet normal 0.957977 0.0396589 0.28409
    outer loop
      vertex 32.7487 0 -108.008
      vertex 32.7487 -2.5 -107.659
      vertex 32.7831 -2.5 -107.775
    endloop
  endfacet
  facet normal 0.957981 0.0396577 0.284076
    outer loop
      vertex 32.9115 -2.5 -108.208
      vertex 32.7487 0 -108.008
      vertex 32.7831 -2.5 -107.775
    endloop
  endfacet
  facet normal 0.958119 0.0397045 0.283603
    outer loop
      vertex 32.7487 0 -108.008
      vertex 32.9115 -2.5 -108.208
      vertex 32.9115 0 -108.558
    endloop
  endfacet
  facet normal 0.958202 -0.0396662 0.28333
    outer loop
      vertex 32.9115 2.5 -108.208
      vertex 32.9115 0 -108.558
      vertex 32.9458 2.5 -108.324
    endloop
  endfacet
  facet normal 0.957978 -0.0397329 0.284075
    outer loop
      vertex 32.9115 0 -108.558
      vertex 33.0742 2.5 -108.757
      vertex 32.9458 2.5 -108.324
    endloop
  endfacet
  facet normal 0.958163 -0.0397953 0.283442
    outer loop
      vertex 33.0742 2.5 -108.757
      vertex 32.9115 0 -108.558
      vertex 33.0742 0 -109.108
    endloop
  endfacet
  facet normal 0.958202 0.0396662 0.28333
    outer loop
      vertex 32.9115 0 -108.558
      vertex 32.9115 -2.5 -108.208
      vertex 32.9458 -2.5 -108.324
    endloop
  endfacet
  facet normal 0.957978 0.0397329 0.284075
    outer loop
      vertex 33.0742 -2.5 -108.757
      vertex 32.9115 0 -108.558
      vertex 32.9458 -2.5 -108.324
    endloop
  endfacet
  facet normal 0.958163 0.0397953 0.283442
    outer loop
      vertex 32.9115 0 -108.558
      vertex 33.0742 -2.5 -108.757
      vertex 33.0742 0 -109.108
    endloop
  endfacet
  facet normal 0.957513 -0.0400967 0.285589
    outer loop
      vertex 33.0742 2.5 -108.757
      vertex 33.0742 0 -109.108
      vertex 33.1085 2.5 -108.872
    endloop
  endfacet
  facet normal 0.958054 -0.0399346 0.283793
    outer loop
      vertex 33.0742 0 -109.108
      vertex 33.179 2.5 -109.11
      vertex 33.1085 2.5 -108.872
    endloop
  endfacet
  facet normal 0.95788 -0.0399268 0.284379
    outer loop
      vertex 33.179 2.5 -109.11
      vertex 33.0742 0 -109.108
      vertex 33.179 0 -109.461
    endloop
  endfacet
  facet normal 0.957513 0.0400967 0.285589
    outer loop
      vertex 33.0742 0 -109.108
      vertex 33.0742 -2.5 -108.757
      vertex 33.1085 -2.5 -108.872
    endloop
  endfacet
  facet normal 0.958054 0.0399346 0.283793
    outer loop
      vertex 33.179 -2.5 -109.11
      vertex 33.0742 0 -109.108
      vertex 33.1085 -2.5 -108.872
    endloop
  endfacet
  facet normal 0.95788 0.0399268 0.284379
    outer loop
      vertex 33.0742 0 -109.108
      vertex 33.179 -2.5 -109.11
      vertex 33.179 0 -109.461
    endloop
  endfacet
  facet normal 1 0 0
    outer loop
      vertex 33.179 0 -109.461
      vertex 33.179 2.5 -109.306
      vertex 33.179 2.5 -109.11
    endloop
  endfacet
  facet normal 1 -0 0
    outer loop
      vertex 33.179 0 -109.461
      vertex 33.179 0 -109.657
      vertex 33.179 2.5 -109.306
    endloop
  endfacet
  facet normal 1 -0 0
    outer loop
      vertex 33.179 -2.5 -109.306
      vertex 33.179 0 -109.461
      vertex 33.179 -2.5 -109.11
    endloop
  endfacet
  facet normal 1 0 0
    outer loop
      vertex 33.179 0 -109.461
      vertex 33.179 -2.5 -109.306
      vertex 33.179 0 -109.657
    endloop
  endfacet
  facet normal 0.904912 -0.0591738 0.421466
    outer loop
      vertex 33.179 2.5 -109.306
      vertex 33.179 0 -109.657
      vertex 33.247 2.5 -109.452
    endloop
  endfacet
  facet normal 0.90625 -0.0589759 0.418609
    outer loop
      vertex 33.179 0 -109.657
      vertex 33.5029 2.5 -110.006
      vertex 33.247 2.5 -109.452
    endloop
  endfacet
  facet normal 0.906424 -0.0590527 0.41822
    outer loop
      vertex 33.5029 2.5 -110.006
      vertex 33.179 0 -109.657
      vertex 33.5029 0 -110.359
    endloop
  endfacet
  facet normal 0.904912 0.0591738 0.421466
    outer loop
      vertex 33.179 0 -109.657
      vertex 33.179 -2.5 -109.306
      vertex 33.247 -2.5 -109.452
    endloop
  endfacet
  facet normal 0.90625 0.0589759 0.418609
    outer loop
      vertex 33.5029 -2.5 -110.006
      vertex 33.179 0 -109.657
      vertex 33.247 -2.5 -109.452
    endloop
  endfacet
  facet normal 0.906424 0.0590527 0.41822
    outer loop
      vertex 33.179 0 -109.657
      vertex 33.5029 -2.5 -110.006
      vertex 33.5029 0 -110.359
    endloop
  endfacet
  facet normal 0.905375 -0.0593663 0.420441
    outer loop
      vertex 33.5029 2.5 -110.006
      vertex 33.5029 0 -110.359
      vertex 33.5707 2.5 -110.152
    endloop
  endfacet
  facet normal 0.906337 -0.0592221 0.418385
    outer loop
      vertex 33.5029 0 -110.359
      vertex 33.8269 2.5 -110.707
      vertex 33.5707 2.5 -110.152
    endloop
  endfacet
  facet normal 0.906143 -0.0591369 0.418817
    outer loop
      vertex 33.8269 2.5 -110.707
      vertex 33.5029 0 -110.359
      vertex 33.8269 0 -111.06
    endloop
  endfacet
  facet normal 0.905375 0.0593663 0.420441
    outer loop
      vertex 33.5029 0 -110.359
      vertex 33.5029 -2.5 -110.006
      vertex 33.5707 -2.5 -110.152
    endloop
  endfacet
  facet normal 0.906337 0.0592221 0.418385
    outer loop
      vertex 33.8269 -2.5 -110.707
      vertex 33.5029 0 -110.359
      vertex 33.5707 -2.5 -110.152
    endloop
  endfacet
  facet normal 0.906143 0.0591369 0.418817
    outer loop
      vertex 33.5029 0 -110.359
      vertex 33.8269 -2.5 -110.707
      vertex 33.8269 0 -111.06
    endloop
  endfacet
  facet normal 0.904977 -0.0594851 0.421282
    outer loop
      vertex 33.8269 2.5 -110.707
      vertex 33.8269 0 -111.06
      vertex 33.8944 2.5 -110.852
    endloop
  endfacet
  facet normal 0.906209 -0.0592995 0.418652
    outer loop
      vertex 33.8269 0 -111.06
      vertex 34.1508 2.5 -111.407
      vertex 33.8944 2.5 -110.852
    endloop
  endfacet
  facet normal 0.906184 -0.0592888 0.418706
    outer loop
      vertex 34.1508 2.5 -111.407
      vertex 33.8269 0 -111.06
      vertex 34.1508 0 -111.761
    endloop
  endfacet
  facet normal 0.904977 0.0594851 0.421282
    outer loop
      vertex 33.8269 0 -111.06
      vertex 33.8269 -2.5 -110.707
      vertex 33.8944 -2.5 -110.852
    endloop
  endfacet
  facet normal 0.906209 0.0592995 0.418652
    outer loop
      vertex 34.1508 -2.5 -111.407
      vertex 33.8269 0 -111.06
      vertex 33.8944 -2.5 -110.852
    endloop
  endfacet
  facet normal 0.906184 0.0592888 0.418706
    outer loop
      vertex 33.8269 0 -111.06
      vertex 34.1508 -2.5 -111.407
      vertex 34.1508 0 -111.761
    endloop
  endfacet
  facet normal 0.904318 -0.0598463 0.422643
    outer loop
      vertex 34.1508 2.5 -111.407
      vertex 34.1508 0 -111.761
      vertex 34.2181 2.5 -111.551
    endloop
  endfacet
  facet normal 0.906296 -0.0595455 0.418428
    outer loop
      vertex 34.1508 0 -111.761
      vertex 34.4748 2.5 -112.107
      vertex 34.2181 2.5 -111.551
    endloop
  endfacet
  facet normal 0.906125 -0.0594708 0.418808
    outer loop
      vertex 34.4748 2.5 -112.107
      vertex 34.1508 0 -111.761
      vertex 34.4748 0 -112.462
    endloop
  endfacet
  facet normal 0.904318 0.0598463 0.422643
    outer loop
      vertex 34.1508 0 -111.761
      vertex 34.1508 -2.5 -111.407
      vertex 34.2181 -2.5 -111.551
    endloop
  endfacet
  facet normal 0.906296 0.0595455 0.418428
    outer loop
      vertex 34.4748 -2.5 -112.107
      vertex 34.1508 0 -111.761
      vertex 34.2181 -2.5 -111.551
    endloop
  endfacet
  facet normal 0.906125 0.0594708 0.418808
    outer loop
      vertex 34.1508 0 -111.761
      vertex 34.4748 -2.5 -112.107
      vertex 34.4748 0 -112.462
    endloop
  endfacet
  facet normal 0.904798 -0.0598687 0.421611
    outer loop
      vertex 34.4748 2.5 -112.107
      vertex 34.4748 0 -112.462
      vertex 34.5419 2.5 -112.251
    endloop
  endfacet
  facet normal 0.906228 -0.0596496 0.41856
    outer loop
      vertex 34.4748 0 -112.462
      vertex 34.7987 2.5 -112.807
      vertex 34.5419 2.5 -112.251
    endloop
  endfacet
  facet normal 0.906166 -0.0596226 0.418698
    outer loop
      vertex 34.7987 2.5 -112.807
      vertex 34.4748 0 -112.462
      vertex 34.7987 0 -113.163
    endloop
  endfacet
  facet normal 0.904798 0.0598687 0.421611
    outer loop
      vertex 34.4748 0 -112.462
      vertex 34.4748 -2.5 -112.107
      vertex 34.5419 -2.5 -112.251
    endloop
  endfacet
  facet normal 0.906228 0.0596496 0.41856
    outer loop
      vertex 34.7987 -2.5 -112.807
      vertex 34.4748 0 -112.462
      vertex 34.5419 -2.5 -112.251
    endloop
  endfacet
  facet normal 0.906166 0.0596226 0.418698
    outer loop
      vertex 34.4748 0 -112.462
      vertex 34.7987 -2.5 -112.807
      vertex 34.7987 0 -113.163
    endloop
  endfacet
  facet normal 0.905278 -0.0598902 0.420577
    outer loop
      vertex 34.7987 2.5 -112.807
      vertex 34.7987 0 -113.163
      vertex 34.8656 2.5 -112.951
    endloop
  endfacet
  facet normal 0.906035 -0.0597733 0.41896
    outer loop
      vertex 34.7987 0 -113.163
      vertex 35.1227 2.5 -113.507
      vertex 34.8656 2.5 -112.951
    endloop
  endfacet
  facet normal 0.906329 -0.0599014 0.418306
    outer loop
      vertex 35.1227 2.5 -113.507
      vertex 34.7987 0 -113.163
      vertex 35.1227 0 -113.865
    endloop
  endfacet
  facet normal 0.905278 0.0598902 0.420577
    outer loop
      vertex 34.7987 0 -113.163
      vertex 34.7987 -2.5 -112.807
      vertex 34.8656 -2.5 -112.951
    endloop
  endfacet
  facet normal 0.906035 0.0597733 0.41896
    outer loop
      vertex 35.1227 -2.5 -113.507
      vertex 34.7987 0 -113.163
      vertex 34.8656 -2.5 -112.951
    endloop
  endfacet
  facet normal 0.906329 0.0599014 0.418306
    outer loop
      vertex 34.7987 0 -113.163
      vertex 35.1227 -2.5 -113.507
      vertex 35.1227 0 -113.865
    endloop
  endfacet
  facet normal 0.904855 -0.0603476 0.421422
    outer loop
      vertex 35.1227 2.5 -113.507
      vertex 35.1227 0 -113.865
      vertex 35.1893 2.5 -113.65
    endloop
  endfacet
  facet normal 0.906178 -0.0601401 0.418599
    outer loop
      vertex 35.1227 0 -113.865
      vertex 35.4466 2.5 -114.207
      vertex 35.1893 2.5 -113.65
    endloop
  endfacet
  facet normal 0.906139 -0.0601232 0.418685
    outer loop
      vertex 35.4466 2.5 -114.207
      vertex 35.1227 0 -113.865
      vertex 35.4466 0 -114.566
    endloop
  endfacet
  facet normal 0.904855 0.0603476 0.421422
    outer loop
      vertex 35.1227 0 -113.865
      vertex 35.1227 -2.5 -113.507
      vertex 35.1893 -2.5 -113.65
    endloop
  endfacet
  facet normal 0.906178 0.0601401 0.418599
    outer loop
      vertex 35.4466 -2.5 -114.207
      vertex 35.1227 0 -113.865
      vertex 35.1893 -2.5 -113.65
    endloop
  endfacet
  facet normal 0.906139 0.0601232 0.418685
    outer loop
      vertex 35.1227 0 -113.865
      vertex 35.4466 -2.5 -114.207
      vertex 35.4466 0 -114.566
    endloop
  endfacet
  facet normal 0.905092 -0.0604411 0.420899
    outer loop
      vertex 35.4466 2.5 -114.207
      vertex 35.4466 0 -114.566
      vertex 35.5131 2.5 -114.35
    endloop
  endfacet
  facet normal 0.906396 -0.060235 0.418112
    outer loop
      vertex 35.4466 0 -114.566
      vertex 35.7705 2.5 -114.908
      vertex 35.5131 2.5 -114.35
    endloop
  endfacet
  facet normal 0.906139 -0.0601232 0.418685
    outer loop
      vertex 35.7705 2.5 -114.908
      vertex 35.4466 0 -114.566
      vertex 35.7705 0 -115.267
    endloop
  endfacet
  facet normal 0.905092 0.0604411 0.420899
    outer loop
      vertex 35.4466 0 -114.566
      vertex 35.4466 -2.5 -114.207
      vertex 35.5131 -2.5 -114.35
    endloop
  endfacet
  facet normal 0.906396 0.060235 0.418112
    outer loop
      vertex 35.7705 -2.5 -114.908
      vertex 35.4466 0 -114.566
      vertex 35.5131 -2.5 -114.35
    endloop
  endfacet
  facet normal 0.906139 0.0601232 0.418685
    outer loop
      vertex 35.4466 0 -114.566
      vertex 35.7705 -2.5 -114.908
      vertex 35.7705 0 -115.267
    endloop
  endfacet
  facet normal 0.904434 -0.0606396 0.422282
    outer loop
      vertex 35.7705 2.5 -114.908
      vertex 35.7705 0 -115.267
      vertex 35.8368 2.5 -115.05
    endloop
  endfacet
  facet normal 0.906204 -0.0603592 0.41851
    outer loop
      vertex 35.7705 0 -115.267
      vertex 36.0945 2.5 -115.608
      vertex 35.8368 2.5 -115.05
    endloop
  endfacet
  facet normal 0.90608 -0.0603054 0.418787
    outer loop
      vertex 36.0945 2.5 -115.608
      vertex 35.7705 0 -115.267
      vertex 36.0945 0 -115.968
    endloop
  endfacet
  facet normal 0.904434 0.0606396 0.422282
    outer loop
      vertex 35.7705 0 -115.267
      vertex 35.7705 -2.5 -114.908
      vertex 35.8368 -2.5 -115.05
    endloop
  endfacet
  facet normal 0.906204 0.0603592 0.41851
    outer loop
      vertex 36.0945 -2.5 -115.608
      vertex 35.7705 0 -115.267
      vertex 35.8368 -2.5 -115.05
    endloop
  endfacet
  facet normal 0.90608 0.0603054 0.418787
    outer loop
      vertex 35.7705 0 -115.267
      vertex 36.0945 -2.5 -115.608
      vertex 36.0945 0 -115.968
    endloop
  endfacet
  facet normal 0.905169 -0.0605826 0.420712
    outer loop
      vertex 36.0945 2.5 -115.608
      vertex 36.0945 0 -115.968
      vertex 36.1605 2.5 -115.75
    endloop
  endfacet
  facet normal 0.906076 -0.0604377 0.418776
    outer loop
      vertex 36.0945 0 -115.968
      vertex 36.4184 2.5 -116.308
      vertex 36.1605 2.5 -115.75
    endloop
  endfacet
  facet normal 0.906342 -0.0605529 0.418183
    outer loop
      vertex 36.4184 2.5 -116.308
      vertex 36.0945 0 -115.968
      vertex 36.4184 0 -116.67
    endloop
  endfacet
  facet normal 0.905169 0.0605826 0.420712
    outer loop
      vertex 36.0945 0 -115.968
      vertex 36.0945 -2.5 -115.608
      vertex 36.1605 -2.5 -115.75
    endloop
  endfacet
  facet normal 0.906076 0.0604377 0.418776
    outer loop
      vertex 36.4184 -2.5 -116.308
      vertex 36.0945 0 -115.968
      vertex 36.1605 -2.5 -115.75
    endloop
  endfacet
  facet normal 0.906342 0.0605529 0.418183
    outer loop
      vertex 36.0945 0 -115.968
      vertex 36.4184 -2.5 -116.308
      vertex 36.4184 0 -116.67
    endloop
  endfacet
  facet normal 0.904239 -0.0611953 0.422619
    outer loop
      vertex 36.4184 2.5 -116.308
      vertex 36.4184 0 -116.67
      vertex 36.4843 2.5 -116.449
    endloop
  endfacet
  facet normal 0.906214 -0.0608756 0.418415
    outer loop
      vertex 36.4184 0 -116.67
      vertex 36.7424 2.5 -117.008
      vertex 36.4843 2.5 -116.449
    endloop
  endfacet
  facet normal 0.906052 -0.0608061 0.418774
    outer loop
      vertex 36.7424 2.5 -117.008
      vertex 36.4184 0 -116.67
      vertex 36.7424 0 -117.371
    endloop
  endfacet
  facet normal 0.904239 0.0611953 0.422619
    outer loop
      vertex 36.4184 0 -116.67
      vertex 36.4184 -2.5 -116.308
      vertex 36.4843 -2.5 -116.449
    endloop
  endfacet
  facet normal 0.906214 0.0608756 0.418415
    outer loop
      vertex 36.7424 -2.5 -117.008
      vertex 36.4184 0 -116.67
      vertex 36.4843 -2.5 -116.449
    endloop
  endfacet
  facet normal 0.906052 0.0608061 0.418774
    outer loop
      vertex 36.4184 0 -116.67
      vertex 36.7424 -2.5 -117.008
      vertex 36.7424 0 -117.371
    endloop
  endfacet
  facet normal 0.904979 -0.061135 0.42104
    outer loop
      vertex 36.7424 2.5 -117.008
      vertex 36.7424 0 -117.371
      vertex 36.808 2.5 -117.149
    endloop
  endfacet
  facet normal 0.906086 -0.0609545 0.41868
    outer loop
      vertex 36.7424 0 -117.371
      vertex 37.0663 2.5 -117.708
      vertex 36.808 2.5 -117.149
    endloop
  endfacet
  facet normal 0.906093 -0.0609575 0.418664
    outer loop
      vertex 37.0663 2.5 -117.708
      vertex 36.7424 0 -117.371
      vertex 37.0663 0 -118.072
    endloop
  endfacet
  facet normal 0.904979 0.061135 0.42104
    outer loop
      vertex 36.7424 0 -117.371
      vertex 36.7424 -2.5 -117.008
      vertex 36.808 -2.5 -117.149
    endloop
  endfacet
  facet normal 0.906086 0.0609545 0.41868
    outer loop
      vertex 37.0663 -2.5 -117.708
      vertex 36.7424 0 -117.371
      vertex 36.808 -2.5 -117.149
    endloop
  endfacet
  facet normal 0.906093 0.0609575 0.418664
    outer loop
      vertex 36.7424 0 -117.371
      vertex 37.0663 -2.5 -117.708
      vertex 37.0663 0 -118.072
    endloop
  endfacet
  facet normal 0.905469 -0.0611496 0.419984
    outer loop
      vertex 37.0663 2.5 -117.708
      vertex 37.0663 0 -118.072
      vertex 37.1317 2.5 -117.849
    endloop
  endfacet
  facet normal 0.906181 -0.0610325 0.418462
    outer loop
      vertex 37.0663 0 -118.072
      vertex 37.3903 2.5 -118.409
      vertex 37.1317 2.5 -117.849
    endloop
  endfacet
  facet normal 0.906043 -0.0609729 0.41877
    outer loop
      vertex 37.3903 2.5 -118.409
      vertex 37.0663 0 -118.072
      vertex 37.3903 0 -118.773
    endloop
  endfacet
  facet normal 0.905469 0.0611496 0.419984
    outer loop
      vertex 37.0663 0 -118.072
      vertex 37.0663 -2.5 -117.708
      vertex 37.1317 -2.5 -117.849
    endloop
  endfacet
  facet normal 0.906181 0.0610325 0.418462
    outer loop
      vertex 37.3903 -2.5 -118.409
      vertex 37.0663 0 -118.072
      vertex 37.1317 -2.5 -117.849
    endloop
  endfacet
  facet normal 0.906043 0.0609729 0.41877
    outer loop
      vertex 37.0663 0 -118.072
      vertex 37.3903 -2.5 -118.409
      vertex 37.3903 0 -118.773
    endloop
  endfacet
  facet normal 0.904806 -0.0613531 0.421381
    outer loop
      vertex 37.3903 2.5 -118.409
      vertex 37.3903 0 -118.773
      vertex 37.4555 2.5 -118.549
    endloop
  endfacet
  facet normal 0.906114 -0.0611373 0.418592
    outer loop
      vertex 37.3903 0 -118.773
      vertex 37.7142 2.5 -119.109
      vertex 37.4555 2.5 -118.549
    endloop
  endfacet
  facet normal 0.906084 -0.0611243 0.41866
    outer loop
      vertex 37.7142 2.5 -119.109
      vertex 37.3903 0 -118.773
      vertex 37.7142 0 -119.474
    endloop
  endfacet
  facet normal 0.904806 0.0613531 0.421381
    outer loop
      vertex 37.3903 0 -118.773
      vertex 37.3903 -2.5 -118.409
      vertex 37.4555 -2.5 -118.549
    endloop
  endfacet
  facet normal 0.906114 0.0611373 0.418592
    outer loop
      vertex 37.7142 -2.5 -119.109
      vertex 37.3903 0 -118.773
      vertex 37.4555 -2.5 -118.549
    endloop
  endfacet
  facet normal 0.906084 0.0611243 0.41866
    outer loop
      vertex 37.3903 0 -118.773
      vertex 37.7142 -2.5 -119.109
      vertex 37.7142 0 -119.474
    endloop
  endfacet
  facet normal 0.9053 -0.0613664 0.420318
    outer loop
      vertex 37.7142 2.5 -119.109
      vertex 37.7142 0 -119.474
      vertex 37.7792 2.5 -119.249
    endloop
  endfacet
  facet normal 0.905922 -0.061263 0.418989
    outer loop
      vertex 37.7142 0 -119.474
      vertex 38.0382 2.5 -119.809
      vertex 37.7792 2.5 -119.249
    endloop
  endfacet
  facet normal 0.906246 -0.0614017 0.418267
    outer loop
      vertex 38.0382 2.5 -119.809
      vertex 37.7142 0 -119.474
      vertex 38.0382 0 -120.176
    endloop
  endfacet
  facet normal 0.9053 0.0613664 0.420318
    outer loop
      vertex 37.7142 0 -119.474
      vertex 37.7142 -2.5 -119.109
      vertex 37.7792 -2.5 -119.249
    endloop
  endfacet
  facet normal 0.905922 0.061263 0.418989
    outer loop
      vertex 38.0382 -2.5 -119.809
      vertex 37.7142 0 -119.474
      vertex 37.7792 -2.5 -119.249
    endloop
  endfacet
  facet normal 0.906246 0.0614017 0.418267
    outer loop
      vertex 37.7142 0 -119.474
      vertex 38.0382 -2.5 -119.809
      vertex 38.0382 0 -120.176
    endloop
  endfacet
  facet normal 0.904611 -0.0619082 0.421718
    outer loop
      vertex 38.0382 2.5 -119.809
      vertex 38.0382 0 -120.176
      vertex 38.103 2.5 -119.948
    endloop
  endfacet
  facet normal 0.906123 -0.0616536 0.418497
    outer loop
      vertex 38.0382 0 -120.176
      vertex 38.3621 2.5 -120.509
      vertex 38.103 2.5 -119.948
    endloop
  endfacet
  facet normal 0.906056 -0.0616248 0.418647
    outer loop
      vertex 38.3621 2.5 -120.509
      vertex 38.0382 0 -120.176
      vertex 38.3621 0 -120.877
    endloop
  endfacet
  facet normal 0.904611 0.0619082 0.421718
    outer loop
      vertex 38.0382 0 -120.176
      vertex 38.0382 -2.5 -119.809
      vertex 38.103 -2.5 -119.948
    endloop
  endfacet
  facet normal 0.906123 0.0616536 0.418497
    outer loop
      vertex 38.3621 -2.5 -120.509
      vertex 38.0382 0 -120.176
      vertex 38.103 -2.5 -119.948
    endloop
  endfacet
  facet normal 0.906056 0.0616248 0.418647
    outer loop
      vertex 38.0382 0 -120.176
      vertex 38.3621 -2.5 -120.509
      vertex 38.3621 0 -120.877
    endloop
  endfacet
  facet normal 0.905109 -0.0619193 0.420648
    outer loop
      vertex 38.3621 2.5 -120.509
      vertex 38.3621 0 -120.877
      vertex 38.4267 2.5 -120.648
    endloop
  endfacet
  facet normal 0.905932 -0.0617798 0.418893
    outer loop
      vertex 38.3621 0 -120.877
      vertex 38.6861 2.5 -121.209
      vertex 38.4267 2.5 -120.648
    endloop
  endfacet
  facet normal 0.905996 -0.0618073 0.418749
    outer loop
      vertex 38.6861 2.5 -121.209
      vertex 38.3621 0 -120.877
      vertex 38.6861 0 -121.578
    endloop
  endfacet
  facet normal 0.905109 0.0619193 0.420648
    outer loop
      vertex 38.3621 0 -120.877
      vertex 38.3621 -2.5 -120.509
      vertex 38.4267 -2.5 -120.648
    endloop
  endfacet
  facet normal 0.905932 0.0617798 0.418893
    outer loop
      vertex 38.6861 -2.5 -121.209
      vertex 38.3621 0 -120.877
      vertex 38.4267 -2.5 -120.648
    endloop
  endfacet
  facet normal 0.905996 0.0618073 0.418749
    outer loop
      vertex 38.3621 0 -120.877
      vertex 38.6861 -2.5 -121.209
      vertex 38.6861 0 -121.578
    endloop
  endfacet
  facet normal 0.905605 -0.0619293 0.419575
    outer loop
      vertex 38.6861 2.5 -121.209
      vertex 38.6861 0 -121.578
      vertex 38.7505 2.5 -121.348
    endloop
  endfacet
  facet normal 0.906151 -0.0618361 0.41841
    outer loop
      vertex 38.6861 0 -121.578
      vertex 39.01 2.5 -121.91
      vertex 38.7505 2.5 -121.348
    endloop
  endfacet
  facet normal 0.906046 -0.0617916 0.418643
    outer loop
      vertex 39.01 2.5 -121.91
      vertex 38.6861 0 -121.578
      vertex 39.01 0 -122.279
    endloop
  endfacet
  facet normal 0.905605 0.0619293 0.419575
    outer loop
      vertex 38.6861 0 -121.578
      vertex 38.6861 -2.5 -121.209
      vertex 38.7505 -2.5 -121.348
    endloop
  endfacet
  facet normal 0.906151 0.0618361 0.41841
    outer loop
      vertex 39.01 -2.5 -121.91
      vertex 38.6861 0 -121.578
      vertex 38.7505 -2.5 -121.348
    endloop
  endfacet
  facet normal 0.906046 0.0617916 0.418643
    outer loop
      vertex 38.6861 0 -121.578
      vertex 39.01 -2.5 -121.91
      vertex 39.01 0 -122.279
    endloop
  endfacet
  facet normal 0.904934 -0.0621383 0.420991
    outer loop
      vertex 39.01 2.5 -121.91
      vertex 39.01 0 -122.279
      vertex 39.0742 2.5 -122.048
    endloop
  endfacet
  facet normal 0.906022 -0.061952 0.418672
    outer loop
      vertex 39.01 0 -122.279
      vertex 39.3339 2.5 -122.61
      vertex 39.0742 2.5 -122.048
    endloop
  endfacet
  facet normal 0.906259 -0.0620526 0.418144
    outer loop
      vertex 39.3339 2.5 -122.61
      vertex 39.01 0 -122.279
      vertex 39.3339 0 -122.981
    endloop
  endfacet
  facet normal 0.904934 0.0621383 0.420991
    outer loop
      vertex 39.01 0 -122.279
      vertex 39.01 -2.5 -121.91
      vertex 39.0742 -2.5 -122.048
    endloop
  endfacet
  facet normal 0.906022 0.061952 0.418672
    outer loop
      vertex 39.3339 -2.5 -122.61
      vertex 39.01 0 -122.279
      vertex 39.0742 -2.5 -122.048
    endloop
  endfacet
  facet normal 0.906259 0.0620526 0.418144
    outer loop
      vertex 39.01 0 -122.279
      vertex 39.3339 -2.5 -122.61
      vertex 39.3339 0 -122.981
    endloop
  endfacet
  facet normal 0.905425 -0.0623142 0.419907
    outer loop
      vertex 39.3339 2.5 -122.61
      vertex 39.3339 0 -122.981
      vertex 39.3979 2.5 -122.748
    endloop
  endfacet
  facet normal 0.905821 -0.0622457 0.419063
    outer loop
      vertex 39.3339 0 -122.981
      vertex 39.6579 2.5 -123.31
      vertex 39.3979 2.5 -122.748
    endloop
  endfacet
  facet normal 0.905968 -0.0623079 0.418736
    outer loop
      vertex 39.6579 2.5 -123.31
      vertex 39.3339 0 -122.981
      vertex 39.6579 0 -123.682
    endloop
  endfacet
  facet normal 0.905425 0.0623142 0.419907
    outer loop
      vertex 39.3339 0 -122.981
      vertex 39.3339 -2.5 -122.61
      vertex 39.3979 -2.5 -122.748
    endloop
  endfacet
  facet normal 0.905821 0.0622457 0.419063
    outer loop
      vertex 39.6579 -2.5 -123.31
      vertex 39.3339 0 -122.981
      vertex 39.3979 -2.5 -122.748
    endloop
  endfacet
  facet normal 0.905968 0.0623079 0.418736
    outer loop
      vertex 39.3339 0 -122.981
      vertex 39.6579 -2.5 -123.31
      vertex 39.6579 0 -123.682
    endloop
  endfacet
  facet normal 0.904738 -0.062694 0.42133
    outer loop
      vertex 39.6579 2.5 -123.31
      vertex 39.6579 0 -123.682
      vertex 39.7217 2.5 -123.447
    endloop
  endfacet
  facet normal 0.906316 -0.062418 0.417966
    outer loop
      vertex 39.6579 0 -123.682
      vertex 39.9818 2.5 -124.011
      vertex 39.7217 2.5 -123.447
    endloop
  endfacet
  facet normal 0.906018 -0.0622921 0.41863
    outer loop
      vertex 39.9818 2.5 -124.011
      vertex 39.6579 0 -123.682
      vertex 39.9818 0 -124.383
    endloop
  endfacet
  facet normal 0.904738 0.062694 0.42133
    outer loop
      vertex 39.6579 0 -123.682
      vertex 39.6579 -2.5 -123.31
      vertex 39.7217 -2.5 -123.447
    endloop
  endfacet
  facet normal 0.906316 0.062418 0.417966
    outer loop
      vertex 39.9818 -2.5 -124.011
      vertex 39.6579 0 -123.682
      vertex 39.7217 -2.5 -123.447
    endloop
  endfacet
  facet normal 0.906018 0.0622921 0.41863
    outer loop
      vertex 39.6579 0 -123.682
      vertex 39.9818 -2.5 -124.011
      vertex 39.9818 0 -124.383
    endloop
  endfacet
  facet normal 0.904048 -0.062909 0.422776
    outer loop
      vertex 39.9818 2.5 -124.011
      vertex 39.9818 0 -124.383
      vertex 40.0454 2.5 -124.147
    endloop
  endfacet
  facet normal 0.906125 -0.062545 0.41836
    outer loop
      vertex 39.9818 0 -124.383
      vertex 40.3058 2.5 -124.711
      vertex 40.0454 2.5 -124.147
    endloop
  endfacet
  facet normal 0.905959 -0.0624747 0.418731
    outer loop
      vertex 40.3058 2.5 -124.711
      vertex 39.9818 0 -124.383
      vertex 40.3058 0 -125.084
    endloop
  endfacet
  facet normal 0.904048 0.062909 0.422776
    outer loop
      vertex 39.9818 0 -124.383
      vertex 39.9818 -2.5 -124.011
      vertex 40.0454 -2.5 -124.147
    endloop
  endfacet
  facet normal 0.906125 0.062545 0.41836
    outer loop
      vertex 40.3058 -2.5 -124.711
      vertex 39.9818 0 -124.383
      vertex 40.0454 -2.5 -124.147
    endloop
  endfacet
  facet normal 0.905959 0.0624747 0.418731
    outer loop
      vertex 39.9818 0 -124.383
      vertex 40.3058 -2.5 -124.711
      vertex 40.3058 0 -125.084
    endloop
  endfacet
  facet normal 0.904558 -0.0629152 0.421684
    outer loop
      vertex 40.3058 2.5 -124.711
      vertex 40.3058 0 -125.084
      vertex 40.3692 2.5 -124.847
    endloop
  endfacet
  facet normal 0.906058 -0.0626505 0.41849
    outer loop
      vertex 40.3058 0 -125.084
      vertex 40.6297 2.5 -125.411
      vertex 40.3692 2.5 -124.847
    endloop
  endfacet
  facet normal 0.906221 -0.062719 0.418127
    outer loop
      vertex 40.6297 2.5 -125.411
      vertex 40.3058 0 -125.084
      vertex 40.6297 0 -125.786
    endloop
  endfacet
  facet normal 0.904558 0.0629152 0.421684
    outer loop
      vertex 40.3058 0 -125.084
      vertex 40.3058 -2.5 -124.711
      vertex 40.3692 -2.5 -124.847
    endloop
  endfacet
  facet normal 0.906058 0.0626505 0.41849
    outer loop
      vertex 40.6297 -2.5 -125.411
      vertex 40.3058 0 -125.084
      vertex 40.3692 -2.5 -124.847
    endloop
  endfacet
  facet normal 0.906221 0.062719 0.418127
    outer loop
      vertex 40.3058 0 -125.084
      vertex 40.6297 -2.5 -125.411
      vertex 40.6297 0 -125.786
    endloop
  endfacet
  facet normal 0.904798 -0.0631695 0.42113
    outer loop
      vertex 40.6297 2.5 -125.411
      vertex 40.6297 0 -125.786
      vertex 40.693 2.5 -125.547
    endloop
  endfacet
  facet normal 0.905918 -0.0629699 0.418746
    outer loop
      vertex 40.6297 0 -125.786
      vertex 40.9537 2.5 -126.111
      vertex 40.693 2.5 -125.547
    endloop
  endfacet
  facet normal 0.90593 -0.0629752 0.418718
    outer loop
      vertex 40.9537 2.5 -126.111
      vertex 40.6297 0 -125.786
      vertex 40.9537 0 -126.487
    endloop
  endfacet
  facet normal 0.904798 0.0631695 0.42113
    outer loop
      vertex 40.6297 0 -125.786
      vertex 40.6297 -2.5 -125.411
      vertex 40.693 -2.5 -125.547
    endloop
  endfacet
  facet normal 0.905918 0.0629699 0.418746
    outer loop
      vertex 40.9537 -2.5 -126.111
      vertex 40.6297 0 -125.786
      vertex 40.693 -2.5 -125.547
    endloop
  endfacet
  facet normal 0.90593 0.0629752 0.418718
    outer loop
      vertex 40.6297 0 -125.786
      vertex 40.9537 -2.5 -126.111
      vertex 40.9537 0 -126.487
    endloop
  endfacet
  facet normal 0.905565 -0.0630912 0.41949
    outer loop
      vertex 40.9537 2.5 -126.111
      vertex 40.9537 0 -126.487
      vertex 41.0167 2.5 -126.247
    endloop
  endfacet
  facet normal 0.906076 -0.0629994 0.418399
    outer loop
      vertex 40.9537 0 -126.487
      vertex 41.2776 2.5 -126.812
      vertex 41.0167 2.5 -126.247
    endloop
  endfacet
  facet normal 0.90598 -0.0629592 0.418612
    outer loop
      vertex 41.2776 2.5 -126.812
      vertex 40.9537 0 -126.487
      vertex 41.2776 0 -127.188
    endloop
  endfacet
  facet normal 0.905565 0.0630912 0.41949
    outer loop
      vertex 40.9537 0 -126.487
      vertex 40.9537 -2.5 -126.111
      vertex 41.0167 -2.5 -126.247
    endloop
  endfacet
  facet normal 0.906076 0.0629994 0.418399
    outer loop
      vertex 41.2776 -2.5 -126.812
      vertex 40.9537 0 -126.487
      vertex 41.0167 -2.5 -126.247
    endloop
  endfacet
  facet normal 0.90598 0.0629592 0.418612
    outer loop
      vertex 40.9537 0 -126.487
      vertex 41.2776 -2.5 -126.812
      vertex 41.2776 0 -127.188
    endloop
  endfacet
  facet normal 0.904617 -0.0633913 0.421485
    outer loop
      vertex 41.2776 2.5 -126.812
      vertex 41.2776 0 -127.188
      vertex 41.3405 2.5 -126.947
    endloop
  endfacet
  facet normal 0.905945 -0.0631523 0.418659
    outer loop
      vertex 41.2776 0 -127.188
      vertex 41.6016 2.5 -127.512
      vertex 41.3405 2.5 -126.947
    endloop
  endfacet
  facet normal 0.905921 -0.063142 0.418714
    outer loop
      vertex 41.6016 2.5 -127.512
      vertex 41.2776 0 -127.188
      vertex 41.6016 0 -127.889
    endloop
  endfacet
  facet normal 0.904617 0.0633913 0.421485
    outer loop
      vertex 41.2776 0 -127.188
      vertex 41.2776 -2.5 -126.812
      vertex 41.3405 -2.5 -126.947
    endloop
  endfacet
  facet normal 0.905945 0.0631523 0.418659
    outer loop
      vertex 41.6016 -2.5 -127.512
      vertex 41.2776 0 -127.188
      vertex 41.3405 -2.5 -126.947
    endloop
  endfacet
  facet normal 0.905921 0.063142 0.418714
    outer loop
      vertex 41.2776 0 -127.188
      vertex 41.6016 -2.5 -127.512
      vertex 41.6016 0 -127.889
    endloop
  endfacet
  facet normal 0.905391 -0.0633108 0.419833
    outer loop
      vertex 41.6016 2.5 -127.512
      vertex 41.6016 0 -127.889
      vertex 41.6642 2.5 -127.647
    endloop
  endfacet
  facet normal 0.905818 -0.0632332 0.418921
    outer loop
      vertex 41.6016 0 -127.889
      vertex 41.9255 2.5 -128.212
      vertex 41.6642 2.5 -127.647
    endloop
  endfacet
  facet normal 0.905961 -0.0632928 0.418603
    outer loop
      vertex 41.9255 2.5 -128.212
      vertex 41.6016 0 -127.889
      vertex 41.9255 0 -128.59
    endloop
  endfacet
  facet normal 0.905391 0.0633108 0.419833
    outer loop
      vertex 41.6016 0 -127.889
      vertex 41.6016 -2.5 -127.512
      vertex 41.6642 -2.5 -127.647
    endloop
  endfacet
  facet normal 0.905818 0.0632332 0.418921
    outer loop
      vertex 41.9255 -2.5 -128.212
      vertex 41.6016 0 -127.889
      vertex 41.6642 -2.5 -127.647
    endloop
  endfacet
  facet normal 0.905961 0.0632928 0.418603
    outer loop
      vertex 41.6016 0 -127.889
      vertex 41.9255 -2.5 -128.212
      vertex 41.9255 0 -128.59
    endloop
  endfacet
  facet normal 0.905642 -0.0633949 0.419278
    outer loop
      vertex 41.9255 2.5 -128.212
      vertex 41.9255 0 -128.59
      vertex 41.988 2.5 -128.347
    endloop
  endfacet
  facet normal 0.906034 -0.0633233 0.41844
    outer loop
      vertex 41.9255 0 -128.59
      vertex 42.2494 2.5 -128.913
      vertex 41.988 2.5 -128.347
    endloop
  endfacet
  facet normal 0.906183 -0.0633853 0.418109
    outer loop
      vertex 42.2494 2.5 -128.913
      vertex 41.9255 0 -128.59
      vertex 42.2494 0 -129.292
    endloop
  endfacet
  facet normal 0.905642 0.0633949 0.419278
    outer loop
      vertex 41.9255 0 -128.59
      vertex 41.9255 -2.5 -128.212
      vertex 41.988 -2.5 -128.347
    endloop
  endfacet
  facet normal 0.906034 0.0633233 0.41844
    outer loop
      vertex 42.2494 -2.5 -128.913
      vertex 41.9255 0 -128.59
      vertex 41.988 -2.5 -128.347
    endloop
  endfacet
  facet normal 0.906183 0.0633853 0.418109
    outer loop
      vertex 41.9255 0 -128.59
      vertex 42.2494 -2.5 -128.913
      vertex 42.2494 0 -129.292
    endloop
  endfacet
  facet normal 0.903707 -0.0641746 0.423315
    outer loop
      vertex 42.2494 2.5 -128.913
      vertex 42.2494 0 -129.292
      vertex 42.3117 2.5 -129.046
    endloop
  endfacet
  facet normal 0.906109 -0.0637327 0.418216
    outer loop
      vertex 42.2494 0 -129.292
      vertex 42.5734 2.5 -129.613
      vertex 42.3117 2.5 -129.046
    endloop
  endfacet
  facet normal 0.905892 -0.0636424 0.4187
    outer loop
      vertex 42.5734 2.5 -129.613
      vertex 42.2494 0 -129.292
      vertex 42.5734 0 -129.993
    endloop
  endfacet
  facet normal 0.903707 0.0641746 0.423315
    outer loop
      vertex 42.2494 0 -129.292
      vertex 42.2494 -2.5 -128.913
      vertex 42.3117 -2.5 -129.046
    endloop
  endfacet
  facet normal 0.906109 0.0637327 0.418216
    outer loop
      vertex 42.5734 -2.5 -129.613
      vertex 42.2494 0 -129.292
      vertex 42.3117 -2.5 -129.046
    endloop
  endfacet
  facet normal 0.905892 0.0636424 0.4187
    outer loop
      vertex 42.2494 0 -129.292
      vertex 42.5734 -2.5 -129.613
      vertex 42.5734 0 -129.993
    endloop
  endfacet
  facet normal 0.904228 -0.0641744 0.4222
    outer loop
      vertex 42.5734 2.5 -129.613
      vertex 42.5734 0 -129.993
      vertex 42.6355 2.5 -129.746
    endloop
  endfacet
  facet normal 0.906042 -0.0638386 0.418345
    outer loop
      vertex 42.5734 0 -129.993
      vertex 42.8973 2.5 -130.313
      vertex 42.6355 2.5 -129.746
    endloop
  endfacet
  facet normal 0.905932 -0.0637931 0.41859
    outer loop
      vertex 42.8973 2.5 -130.313
      vertex 42.5734 0 -129.993
      vertex 42.8973 0 -130.694
    endloop
  endfacet
  facet normal 0.904228 0.0641744 0.4222
    outer loop
      vertex 42.5734 0 -129.993
      vertex 42.5734 -2.5 -129.613
      vertex 42.6355 -2.5 -129.746
    endloop
  endfacet
  facet normal 0.906042 0.0638386 0.418345
    outer loop
      vertex 42.8973 -2.5 -130.313
      vertex 42.5734 0 -129.993
      vertex 42.6355 -2.5 -129.746
    endloop
  endfacet
  facet normal 0.905932 0.0637931 0.41859
    outer loop
      vertex 42.5734 0 -129.993
      vertex 42.8973 -2.5 -130.313
      vertex 42.8973 0 -130.694
    endloop
  endfacet
  facet normal 0.904484 -0.0642578 0.421639
    outer loop
      vertex 42.8973 2.5 -130.313
      vertex 42.8973 0 -130.694
      vertex 42.9593 2.5 -130.446
    endloop
  endfacet
  facet normal 0.906195 -0.0639391 0.417998
    outer loop
      vertex 42.8973 0 -130.694
      vertex 43.2213 2.5 -131.014
      vertex 42.9593 2.5 -130.446
    endloop
  endfacet
  facet normal 0.905882 -0.0638092 0.418696
    outer loop
      vertex 43.2213 2.5 -131.014
      vertex 42.8973 0 -130.694
      vertex 43.2213 0 -131.395
    endloop
  endfacet
  facet normal 0.904484 0.0642578 0.421639
    outer loop
      vertex 42.8973 0 -130.694
      vertex 42.8973 -2.5 -130.313
      vertex 42.9593 -2.5 -130.446
    endloop
  endfacet
  facet normal 0.906195 0.0639391 0.417998
    outer loop
      vertex 43.2213 -2.5 -131.014
      vertex 42.8973 0 -130.694
      vertex 42.9593 -2.5 -130.446
    endloop
  endfacet
  facet normal 0.905882 0.0638092 0.418696
    outer loop
      vertex 42.8973 0 -130.694
      vertex 43.2213 -2.5 -131.014
      vertex 43.2213 0 -131.395
    endloop
  endfacet
  facet normal 0.904039 -0.0643997 0.42257
    outer loop
      vertex 43.2213 2.5 -131.014
      vertex 43.2213 0 -131.395
      vertex 43.283 2.5 -131.146
    endloop
  endfacet
  facet normal 0.906069 -0.0640204 0.418259
    outer loop
      vertex 43.2213 0 -131.395
      vertex 43.5452 2.5 -131.714
      vertex 43.283 2.5 -131.146
    endloop
  endfacet
  facet normal 0.906144 -0.0640516 0.418091
    outer loop
      vertex 43.5452 2.5 -131.714
      vertex 43.2213 0 -131.395
      vertex 43.5452 0 -132.097
    endloop
  endfacet
  facet normal 0.904039 0.0643997 0.42257
    outer loop
      vertex 43.2213 0 -131.395
      vertex 43.2213 -2.5 -131.014
      vertex 43.283 -2.5 -131.146
    endloop
  endfacet
  facet normal 0.906069 0.0640204 0.418259
    outer loop
      vertex 43.5452 -2.5 -131.714
      vertex 43.2213 0 -131.395
      vertex 43.283 -2.5 -131.146
    endloop
  endfacet
  facet normal 0.906144 0.0640516 0.418091
    outer loop
      vertex 43.2213 0 -131.395
      vertex 43.5452 -2.5 -131.714
      vertex 43.5452 0 -132.097
    endloop
  endfacet
  facet normal 0.904287 -0.0646505 0.422001
    outer loop
      vertex 43.5452 2.5 -131.714
      vertex 43.5452 0 -132.097
      vertex 43.6068 2.5 -131.846
    endloop
  endfacet
  facet normal 0.905929 -0.0643408 0.418514
    outer loop
      vertex 43.5452 0 -132.097
      vertex 43.8692 2.5 -132.414
      vertex 43.6068 2.5 -131.846
    endloop
  endfacet
  facet normal 0.905853 -0.0643096 0.418682
    outer loop
      vertex 43.8692 2.5 -132.414
      vertex 43.5452 0 -132.097
      vertex 43.8692 0 -132.798
    endloop
  endfacet
  facet normal 0.904287 0.0646505 0.422001
    outer loop
      vertex 43.5452 0 -132.097
      vertex 43.5452 -2.5 -131.714
      vertex 43.6068 -2.5 -131.846
    endloop
  endfacet
  facet normal 0.905929 0.0643408 0.418514
    outer loop
      vertex 43.8692 -2.5 -132.414
      vertex 43.5452 0 -132.097
      vertex 43.6068 -2.5 -131.846
    endloop
  endfacet
  facet normal 0.905853 0.0643096 0.418682
    outer loop
      vertex 43.5452 0 -132.097
      vertex 43.8692 -2.5 -132.414
      vertex 43.8692 0 -132.798
    endloop
  endfacet
  facet normal 0.905079 -0.0645601 0.420313
    outer loop
      vertex 43.8692 2.5 -132.414
      vertex 43.8692 0 -132.798
      vertex 43.9305 2.5 -132.546
    endloop
  endfacet
  facet normal 0.906086 -0.0643687 0.418169
    outer loop
      vertex 43.8692 0 -132.798
      vertex 44.1931 2.5 -133.115
      vertex 43.9305 2.5 -132.546
    endloop
  endfacet
  facet normal 0.905903 -0.0642933 0.418576
    outer loop
      vertex 44.1931 2.5 -133.115
      vertex 43.8692 0 -132.798
      vertex 44.1931 0 -133.499
    endloop
  endfacet
  facet normal 0.905079 0.0645601 0.420313
    outer loop
      vertex 43.8692 0 -132.798
      vertex 43.8692 -2.5 -132.414
      vertex 43.9305 -2.5 -132.546
    endloop
  endfacet
  facet normal 0.906086 0.0643687 0.418169
    outer loop
      vertex 44.1931 -2.5 -133.115
      vertex 43.8692 0 -132.798
      vertex 43.9305 -2.5 -132.546
    endloop
  endfacet
  facet normal 0.905903 0.0642933 0.418576
    outer loop
      vertex 43.8692 0 -132.798
      vertex 44.1931 -2.5 -133.115
      vertex 44.1931 0 -133.499
    endloop
  endfacet
  facet normal 0.904098 -0.0648764 0.422372
    outer loop
      vertex 44.1931 2.5 -133.115
      vertex 44.1931 0 -133.499
      vertex 44.2543 2.5 -133.246
    endloop
  endfacet
  facet normal 0.905956 -0.0645226 0.418427
    outer loop
      vertex 44.1931 0 -133.499
      vertex 44.5171 2.5 -133.815
      vertex 44.2543 2.5 -133.246
    endloop
  endfacet
  facet normal 0.905843 -0.0644764 0.418678
    outer loop
      vertex 44.5171 2.5 -133.815
      vertex 44.1931 0 -133.499
      vertex 44.5171 0 -134.2
    endloop
  endfacet
  facet normal 0.904098 0.0648764 0.422372
    outer loop
      vertex 44.1931 0 -133.499
      vertex 44.1931 -2.5 -133.115
      vertex 44.2543 -2.5 -133.246
    endloop
  endfacet
  facet normal 0.905956 0.0645226 0.418427
    outer loop
      vertex 44.5171 -2.5 -133.815
      vertex 44.1931 0 -133.499
      vertex 44.2543 -2.5 -133.246
    endloop
  endfacet
  facet normal 0.905843 0.0644764 0.418678
    outer loop
      vertex 44.1931 0 -133.499
      vertex 44.5171 -2.5 -133.815
      vertex 44.5171 0 -134.2
    endloop
  endfacet
  facet normal 0.904627 -0.0648707 0.421239
    outer loop
      vertex 44.5171 2.5 -133.815
      vertex 44.5171 0 -134.2
      vertex 44.5781 2.5 -133.946
    endloop
  endfacet
  facet normal 0.906081 -0.0645918 0.418144
    outer loop
      vertex 44.5171 0 -134.2
      vertex 44.783 2.5 -134.39
      vertex 44.5781 2.5 -133.946
    endloop
  endfacet
  facet normal 0.906032 -0.0645783 0.418253
    outer loop
      vertex 44.783 2.5 -134.39
      vertex 44.5171 0 -134.2
      vertex 44.783 0 -134.776
    endloop
  endfacet
  facet normal 0.904627 0.0648707 0.421239
    outer loop
      vertex 44.5171 0 -134.2
      vertex 44.5171 -2.5 -133.815
      vertex 44.5781 -2.5 -133.946
    endloop
  endfacet
  facet normal 0.906081 0.0645918 0.418144
    outer loop
      vertex 44.783 -2.5 -134.39
      vertex 44.5171 0 -134.2
      vertex 44.5781 -2.5 -133.946
    endloop
  endfacet
  facet normal 0.906032 0.0645783 0.418253
    outer loop
      vertex 44.5171 0 -134.2
      vertex 44.783 -2.5 -134.39
      vertex 44.783 0 -134.776
    endloop
  endfacet
  facet normal 1 0 0
    outer loop
      vertex 44.783 0 -134.776
      vertex 44.783 2.5 -134.461
      vertex 44.783 2.5 -134.39
    endloop
  endfacet
  facet normal 1 -0 0
    outer loop
      vertex 44.783 0 -134.776
      vertex 44.783 0 -134.848
      vertex 44.783 2.5 -134.461
    endloop
  endfacet
  facet normal 1 -0 0
    outer loop
      vertex 44.783 -2.5 -134.461
      vertex 44.783 0 -134.776
      vertex 44.783 -2.5 -134.39
    endloop
  endfacet
  facet normal 1 0 0
    outer loop
      vertex 44.783 0 -134.776
      vertex 44.783 -2.5 -134.461
      vertex 44.783 0 -134.848
    endloop
  endfacet
  facet normal 0.834921 -0.0841944 0.543891
    outer loop
      vertex 44.783 2.5 -134.461
      vertex 44.783 0 -134.848
      vertex 44.8742 2.5 -134.601
    endloop
  endfacet
  facet normal 0.836703 -0.0839913 0.541178
    outer loop
      vertex 44.783 0 -134.848
      vertex 45.2681 2.5 -135.21
      vertex 44.8742 2.5 -134.601
    endloop
  endfacet
  facet normal 0.836382 -0.0838543 0.541694
    outer loop
      vertex 45.2681 2.5 -135.21
      vertex 44.783 0 -134.848
      vertex 45.2681 0 -135.597
    endloop
  endfacet
  facet normal 0.834921 0.0841944 0.543891
    outer loop
      vertex 44.783 0 -134.848
      vertex 44.783 -2.5 -134.461
      vertex 44.8742 -2.5 -134.601
    endloop
  endfacet
  facet normal 0.836703 0.0839913 0.541178
    outer loop
      vertex 45.2681 -2.5 -135.21
      vertex 44.783 0 -134.848
      vertex 44.8742 -2.5 -134.601
    endloop
  endfacet
  facet normal 0.836382 0.0838543 0.541694
    outer loop
      vertex 44.783 0 -134.848
      vertex 45.2681 -2.5 -135.21
      vertex 45.2681 0 -135.597
    endloop
  endfacet
  facet normal 0.833381 -0.0845508 0.546194
    outer loop
      vertex 45.2681 2.5 -135.21
      vertex 45.2681 0 -135.597
      vertex 45.3592 2.5 -135.349
    endloop
  endfacet
  facet normal 0.836627 -0.0841803 0.541266
    outer loop
      vertex 45.2681 0 -135.597
      vertex 45.7532 2.5 -135.958
      vertex 45.3592 2.5 -135.349
    endloop
  endfacet
  facet normal 0.836687 -0.0842059 0.541169
    outer loop
      vertex 45.7532 2.5 -135.958
      vertex 45.2681 0 -135.597
      vertex 45.7532 0 -136.347
    endloop
  endfacet
  facet normal 0.833381 0.0845508 0.546194
    outer loop
      vertex 45.2681 0 -135.597
      vertex 45.2681 -2.5 -135.21
      vertex 45.3592 -2.5 -135.349
    endloop
  endfacet
  facet normal 0.836627 0.0841803 0.541266
    outer loop
      vertex 45.7532 -2.5 -135.958
      vertex 45.2681 0 -135.597
      vertex 45.3592 -2.5 -135.349
    endloop
  endfacet
  facet normal 0.836687 0.0842059 0.541169
    outer loop
      vertex 45.2681 0 -135.597
      vertex 45.7532 -2.5 -135.958
      vertex 45.7532 0 -136.347
    endloop
  endfacet
  facet normal 0.833909 -0.0848549 0.54534
    outer loop
      vertex 45.7532 2.5 -135.958
      vertex 45.7532 0 -136.347
      vertex 45.8441 2.5 -136.097
    endloop
  endfacet
  facet normal 0.836475 -0.0845585 0.541442
    outer loop
      vertex 45.7532 0 -136.347
      vertex 46.2383 2.5 -136.706
      vertex 45.8441 2.5 -136.097
    endloop
  endfacet
  facet normal 0.836656 -0.0846358 0.541149
    outer loop
      vertex 46.2383 2.5 -136.706
      vertex 45.7532 0 -136.347
      vertex 46.2383 0 -137.097
    endloop
  endfacet
  facet normal 0.833909 0.0848549 0.54534
    outer loop
      vertex 45.7532 0 -136.347
      vertex 45.7532 -2.5 -135.958
      vertex 45.8441 -2.5 -136.097
    endloop
  endfacet
  facet normal 0.836475 0.0845585 0.541442
    outer loop
      vertex 46.2383 -2.5 -136.706
      vertex 45.7532 0 -136.347
      vertex 45.8441 -2.5 -136.097
    endloop
  endfacet
  facet normal 0.836656 0.0846358 0.541149
    outer loop
      vertex 45.7532 0 -136.347
      vertex 46.2383 -2.5 -136.706
      vertex 46.2383 0 -137.097
    endloop
  endfacet
  facet normal 0.834157 -0.0852228 0.544903
    outer loop
      vertex 46.2383 2.5 -136.706
      vertex 46.2383 0 -137.097
      vertex 46.3291 2.5 -136.845
    endloop
  endfacet
  facet normal 0.836383 -0.0849627 0.54152
    outer loop
      vertex 46.2383 0 -137.097
      vertex 46.7234 2.5 -137.454
      vertex 46.3291 2.5 -136.845
    endloop
  endfacet
  facet normal 0.836306 -0.0849299 0.541645
    outer loop
      vertex 46.7234 2.5 -137.454
      vertex 46.2383 0 -137.097
      vertex 46.7234 0 -137.846
    endloop
  endfacet
  facet normal 0.834157 0.0852228 0.544903
    outer loop
      vertex 46.2383 0 -137.097
      vertex 46.2383 -2.5 -136.706
      vertex 46.3291 -2.5 -136.845
    endloop
  endfacet
  facet normal 0.836383 0.0849627 0.54152
    outer loop
      vertex 46.7234 -2.5 -137.454
      vertex 46.2383 0 -137.097
      vertex 46.3291 -2.5 -136.845
    endloop
  endfacet
  facet normal 0.836306 0.0849299 0.541645
    outer loop
      vertex 46.2383 0 -137.097
      vertex 46.7234 -2.5 -137.454
      vertex 46.7234 0 -137.846
    endloop
  endfacet
  facet normal 0.834701 -0.0853081 0.544057
    outer loop
      vertex 46.7234 2.5 -137.454
      vertex 46.7234 0 -137.846
      vertex 46.814 2.5 -137.593
    endloop
  endfacet
  facet normal 0.836246 -0.0851262 0.541706
    outer loop
      vertex 46.7234 0 -137.846
      vertex 47.2085 2.5 -138.202
      vertex 46.814 2.5 -137.593
    endloop
  endfacet
  facet normal 0.83661 -0.0852804 0.54112
    outer loop
      vertex 47.2085 2.5 -138.202
      vertex 46.7234 0 -137.846
      vertex 47.2085 0 -138.596
    endloop
  endfacet
  facet normal 0.834701 0.0853081 0.544057
    outer loop
      vertex 46.7234 0 -137.846
      vertex 46.7234 -2.5 -137.454
      vertex 46.814 -2.5 -137.593
    endloop
  endfacet
  facet normal 0.836246 0.0851262 0.541706
    outer loop
      vertex 47.2085 -2.5 -138.202
      vertex 46.7234 0 -137.846
      vertex 46.814 -2.5 -137.593
    endloop
  endfacet
  facet normal 0.83661 0.0852804 0.54112
    outer loop
      vertex 46.7234 0 -137.846
      vertex 47.2085 -2.5 -138.202
      vertex 47.2085 0 -138.596
    endloop
  endfacet
  facet normal 0.834949 -0.0856742 0.543618
    outer loop
      vertex 47.2085 2.5 -138.202
      vertex 47.2085 0 -138.596
      vertex 47.299 2.5 -138.341
    endloop
  endfacet
  facet normal 0.8365 -0.0854895 0.541257
    outer loop
      vertex 47.2085 0 -138.596
      vertex 47.6937 2.5 -138.951
      vertex 47.299 2.5 -138.341
    endloop
  endfacet
  facet normal 0.836543 -0.0855076 0.541188
    outer loop
      vertex 47.6937 2.5 -138.951
      vertex 47.2085 0 -138.596
      vertex 47.6937 0 -139.346
    endloop
  endfacet
  facet normal 0.834949 0.0856742 0.543618
    outer loop
      vertex 47.2085 0 -138.596
      vertex 47.2085 -2.5 -138.202
      vertex 47.299 -2.5 -138.341
    endloop
  endfacet
  facet normal 0.8365 0.0854895 0.541257
    outer loop
      vertex 47.6937 -2.5 -138.951
      vertex 47.2085 0 -138.596
      vertex 47.299 -2.5 -138.341
    endloop
  endfacet
  facet normal 0.836543 0.0855076 0.541188
    outer loop
      vertex 47.2085 0 -138.596
      vertex 47.6937 -2.5 -138.951
      vertex 47.6937 0 -139.346
    endloop
  endfacet
  facet normal 0.833663 -0.0861899 0.545506
    outer loop
      vertex 47.6937 2.5 -138.951
      vertex 47.6937 0 -139.346
      vertex 47.784 2.5 -139.089
    endloop
  endfacet
  facet normal 0.836411 -0.0858605 0.541336
    outer loop
      vertex 47.6937 0 -139.346
      vertex 48.1788 2.5 -139.699
      vertex 47.784 2.5 -139.089
    endloop
  endfacet
  facet normal 0.836244 -0.0857902 0.541605
    outer loop
      vertex 48.1788 2.5 -139.699
      vertex 47.6937 0 -139.346
      vertex 48.1788 0 -140.095
    endloop
  endfacet
  facet normal 0.833663 0.0861899 0.545506
    outer loop
      vertex 47.6937 0 -139.346
      vertex 47.6937 -2.5 -138.951
      vertex 47.784 -2.5 -139.089
    endloop
  endfacet
  facet normal 0.836411 0.0858605 0.541336
    outer loop
      vertex 48.1788 -2.5 -139.699
      vertex 47.6937 0 -139.346
      vertex 47.784 -2.5 -139.089
    endloop
  endfacet
  facet normal 0.836244 0.0857902 0.541605
    outer loop
      vertex 47.6937 0 -139.346
      vertex 48.1788 -2.5 -139.699
      vertex 48.1788 0 -140.095
    endloop
  endfacet
  facet normal 0.834211 -0.0862734 0.544655
    outer loop
      vertex 48.1788 2.5 -139.699
      vertex 48.1788 0 -140.095
      vertex 48.2689 2.5 -139.837
    endloop
  endfacet
  facet normal 0.836274 -0.0860243 0.541522
    outer loop
      vertex 48.1788 0 -140.095
      vertex 48.6639 2.5 -140.447
      vertex 48.2689 2.5 -139.837
    endloop
  endfacet
  facet normal 0.836548 -0.0861398 0.541079
    outer loop
      vertex 48.6639 2.5 -140.447
      vertex 48.1788 0 -140.095
      vertex 48.6639 0 -140.845
    endloop
  endfacet
  facet normal 0.834211 0.0862734 0.544655
    outer loop
      vertex 48.1788 0 -140.095
      vertex 48.1788 -2.5 -139.699
      vertex 48.2689 -2.5 -139.837
    endloop
  endfacet
  facet normal 0.836274 0.0860243 0.541522
    outer loop
      vertex 48.6639 -2.5 -140.447
      vertex 48.1788 0 -140.095
      vertex 48.2689 -2.5 -139.837
    endloop
  endfacet
  facet normal 0.836548 0.0861398 0.541079
    outer loop
      vertex 48.1788 0 -140.095
      vertex 48.6639 -2.5 -140.447
      vertex 48.6639 0 -140.845
    endloop
  endfacet
  facet normal 0.834461 -0.0866388 0.544214
    outer loop
      vertex 48.6639 2.5 -140.447
      vertex 48.6639 0 -140.845
      vertex 48.7539 2.5 -140.585
    endloop
  endfacet
  facet normal 0.836182 -0.0864289 0.541599
    outer loop
      vertex 48.6639 0 -140.845
      vertex 49.149 2.5 -141.195
      vertex 48.7539 2.5 -140.585
    endloop
  endfacet
  facet normal 0.836517 -0.0865695 0.541059
    outer loop
      vertex 49.149 2.5 -141.195
      vertex 48.6639 0 -140.845
      vertex 49.149 0 -141.595
    endloop
  endfacet
  facet normal 0.834461 0.0866388 0.544214
    outer loop
      vertex 48.6639 0 -140.845
      vertex 48.6639 -2.5 -140.447
      vertex 48.7539 -2.5 -140.585
    endloop
  endfacet
  facet normal 0.836182 0.0864289 0.541599
    outer loop
      vertex 49.149 -2.5 -141.195
      vertex 48.6639 0 -140.845
      vertex 48.7539 -2.5 -140.585
    endloop
  endfacet
  facet normal 0.836517 0.0865695 0.541059
    outer loop
      vertex 48.6639 0 -140.845
      vertex 49.149 -2.5 -141.195
      vertex 49.149 0 -141.595
    endloop
  endfacet
  facet normal 0.834711 -0.0870035 0.543772
    outer loop
      vertex 49.149 2.5 -141.195
      vertex 49.149 0 -141.595
      vertex 49.2389 2.5 -141.333
    endloop
  endfacet
  facet normal 0.836498 -0.0867829 0.541054
    outer loop
      vertex 49.149 0 -141.595
      vertex 49.6341 2.5 -141.944
      vertex 49.2389 2.5 -141.333
    endloop
  endfacet
  facet normal 0.836501 -0.0867843 0.541049
    outer loop
      vertex 49.6341 2.5 -141.944
      vertex 49.149 0 -141.595
      vertex 49.6341 0 -142.345
    endloop
  endfacet
  facet normal 0.834711 0.0870035 0.543772
    outer loop
      vertex 49.149 0 -141.595
      vertex 49.149 -2.5 -141.195
      vertex 49.2389 -2.5 -141.333
    endloop
  endfacet
  facet normal 0.836498 0.0867829 0.541054
    outer loop
      vertex 49.6341 -2.5 -141.944
      vertex 49.149 0 -141.595
      vertex 49.2389 -2.5 -141.333
    endloop
  endfacet
  facet normal 0.836501 0.0867843 0.541049
    outer loop
      vertex 49.149 0 -141.595
      vertex 49.6341 -2.5 -141.944
      vertex 49.6341 0 -142.345
    endloop
  endfacet
  facet normal 0.833414 -0.087526 0.545674
    outer loop
      vertex 49.6341 2.5 -141.944
      vertex 49.6341 0 -142.345
      vertex 49.7238 2.5 -142.081
    endloop
  endfacet
  facet normal 0.836346 -0.0871619 0.541229
    outer loop
      vertex 49.6341 0 -142.345
      vertex 50.1192 2.5 -142.692
      vertex 49.7238 2.5 -142.081
    endloop
  endfacet
  facet normal 0.83615 -0.0870803 0.541544
    outer loop
      vertex 50.1192 2.5 -142.692
      vertex 49.6341 0 -142.345
      vertex 50.1192 0 -143.094
    endloop
  endfacet
  facet normal 0.833414 0.087526 0.545674
    outer loop
      vertex 49.6341 0 -142.345
      vertex 49.6341 -2.5 -141.944
      vertex 49.7238 -2.5 -142.081
    endloop
  endfacet
  facet normal 0.836346 0.0871619 0.541229
    outer loop
      vertex 50.1192 -2.5 -142.692
      vertex 49.6341 0 -142.345
      vertex 49.7238 -2.5 -142.081
    endloop
  endfacet
  facet normal 0.83615 0.0870803 0.541544
    outer loop
      vertex 49.6341 0 -142.345
      vertex 50.1192 -2.5 -142.692
      vertex 50.1192 0 -143.094
    endloop
  endfacet
  facet normal 0.833682 -0.0876747 0.54524
    outer loop
      vertex 50.1192 2.5 -142.692
      vertex 50.1192 0 -143.094
      vertex 50.2088 2.5 -142.829
    endloop
  endfacet
  facet normal 0.836269 -0.0873514 0.541317
    outer loop
      vertex 50.1192 0 -143.094
      vertex 50.6043 2.5 -143.44
      vertex 50.2088 2.5 -142.829
    endloop
  endfacet
  facet normal 0.836454 -0.0874286 0.541018
    outer loop
      vertex 50.6043 2.5 -143.44
      vertex 50.1192 0 -143.094
      vertex 50.6043 0 -143.844
    endloop
  endfacet
  facet normal 0.833682 0.0876747 0.54524
    outer loop
      vertex 50.1192 0 -143.094
      vertex 50.1192 -2.5 -142.692
      vertex 50.2088 -2.5 -142.829
    endloop
  endfacet
  facet normal 0.836269 0.0873514 0.541317
    outer loop
      vertex 50.6043 -2.5 -143.44
      vertex 50.1192 0 -143.094
      vertex 50.2088 -2.5 -142.829
    endloop
  endfacet
  facet normal 0.836454 0.0874286 0.541018
    outer loop
      vertex 50.1192 0 -143.094
      vertex 50.6043 -2.5 -143.44
      vertex 50.6043 0 -143.844
    endloop
  endfacet
  facet normal 0.833934 -0.0880391 0.544796
    outer loop
      vertex 50.6043 2.5 -143.44
      vertex 50.6043 0 -143.844
      vertex 50.6938 2.5 -143.577
    endloop
  endfacet
  facet normal 0.836177 -0.087756 0.541394
    outer loop
      vertex 50.6043 0 -143.844
      vertex 51.0894 2.5 -144.188
      vertex 50.6938 2.5 -143.577
    endloop
  endfacet
  facet normal 0.836422 -0.0878581 0.540998
    outer loop
      vertex 51.0894 2.5 -144.188
      vertex 50.6043 0 -143.844
      vertex 51.0894 0 -144.594
    endloop
  endfacet
  facet normal 0.833934 0.0880391 0.544796
    outer loop
      vertex 50.6043 0 -143.844
      vertex 50.6043 -2.5 -143.44
      vertex 50.6938 -2.5 -143.577
    endloop
  endfacet
  facet normal 0.836177 0.087756 0.541394
    outer loop
      vertex 51.0894 -2.5 -144.188
      vertex 50.6043 0 -143.844
      vertex 50.6938 -2.5 -143.577
    endloop
  endfacet
  facet normal 0.836422 0.0878581 0.540998
    outer loop
      vertex 50.6043 0 -143.844
      vertex 51.0894 -2.5 -144.188
      vertex 51.0894 0 -144.594
    endloop
  endfacet
  facet normal 0.83447 -0.0883339 0.543928
    outer loop
      vertex 51.0894 2.5 -144.188
      vertex 51.0894 0 -144.594
      vertex 51.1787 2.5 -144.325
    endloop
  endfacet
  facet normal 0.836369 -0.0880913 0.541043
    outer loop
      vertex 51.0894 0 -144.594
      vertex 51.5746 2.5 -144.937
      vertex 51.1787 2.5 -144.325
    endloop
  endfacet
  facet normal 0.836035 -0.0879527 0.541581
    outer loop
      vertex 51.5746 2.5 -144.937
      vertex 51.0894 0 -144.594
      vertex 51.5746 0 -145.343
    endloop
  endfacet
  facet normal 0.83447 0.0883339 0.543928
    outer loop
      vertex 51.0894 0 -144.594
      vertex 51.0894 -2.5 -144.188
      vertex 51.1787 -2.5 -144.325
    endloop
  endfacet
  facet normal 0.836369 0.0880913 0.541043
    outer loop
      vertex 51.5746 -2.5 -144.937
      vertex 51.0894 0 -144.594
      vertex 51.1787 -2.5 -144.325
    endloop
  endfacet
  facet normal 0.836035 0.0879527 0.541581
    outer loop
      vertex 51.0894 0 -144.594
      vertex 51.5746 -2.5 -144.937
      vertex 51.5746 0 -145.343
    endloop
  endfacet
  facet normal 0.833178 -0.0886467 0.545854
    outer loop
      vertex 51.5746 2.5 -144.937
      vertex 51.5746 0 -145.343
      vertex 51.6637 2.5 -145.073
    endloop
  endfacet
  facet normal 0.836295 -0.0882478 0.541132
    outer loop
      vertex 51.5746 0 -145.343
      vertex 52.0597 2.5 -145.685
      vertex 51.6637 2.5 -145.073
    endloop
  endfacet
  facet normal 0.83639 -0.0882875 0.540977
    outer loop
      vertex 52.0597 2.5 -145.685
      vertex 51.5746 0 -145.343
      vertex 52.0597 0 -146.093
    endloop
  endfacet
  facet normal 0.833178 0.0886467 0.545854
    outer loop
      vertex 51.5746 0 -145.343
      vertex 51.5746 -2.5 -144.937
      vertex 51.6637 -2.5 -145.073
    endloop
  endfacet
  facet normal 0.836295 0.0882478 0.541132
    outer loop
      vertex 52.0597 -2.5 -145.685
      vertex 51.5746 0 -145.343
      vertex 51.6637 -2.5 -145.073
    endloop
  endfacet
  facet normal 0.83639 0.0882875 0.540977
    outer loop
      vertex 51.5746 0 -145.343
      vertex 52.0597 -2.5 -145.685
      vertex 52.0597 0 -146.093
    endloop
  endfacet
  facet normal 0.833431 -0.0890105 0.545407
    outer loop
      vertex 52.0597 2.5 -145.685
      vertex 52.0597 0 -146.093
      vertex 52.1487 2.5 -145.821
    endloop
  endfacet
  facet normal 0.836202 -0.0886523 0.541209
    outer loop
      vertex 52.0597 0 -146.093
      vertex 52.5448 2.5 -146.433
      vertex 52.1487 2.5 -145.821
    endloop
  endfacet
  facet normal 0.836358 -0.0887169 0.540957
    outer loop
      vertex 52.5448 2.5 -146.433
      vertex 52.0597 0 -146.093
      vertex 52.5448 0 -146.843
    endloop
  endfacet
  facet normal 0.833431 0.0890105 0.545407
    outer loop
      vertex 52.0597 0 -146.093
      vertex 52.0597 -2.5 -145.685
      vertex 52.1487 -2.5 -145.821
    endloop
  endfacet
  facet normal 0.836202 0.0886523 0.541209
    outer loop
      vertex 52.5448 -2.5 -146.433
      vertex 52.0597 0 -146.093
      vertex 52.1487 -2.5 -145.821
    endloop
  endfacet
  facet normal 0.836358 0.0887169 0.540957
    outer loop
      vertex 52.0597 0 -146.093
      vertex 52.5448 -2.5 -146.433
      vertex 52.5448 0 -146.843
    endloop
  endfacet
  facet normal 0.833685 -0.0893735 0.54496
    outer loop
      vertex 52.5448 2.5 -146.433
      vertex 52.5448 0 -146.843
      vertex 52.6337 2.5 -146.569
    endloop
  endfacet
  facet normal 0.83611 -0.0890569 0.541285
    outer loop
      vertex 52.5448 0 -146.843
      vertex 53.0299 2.5 -147.181
      vertex 52.6337 2.5 -146.569
    endloop
  endfacet
  facet normal 0.836326 -0.0891462 0.540936
    outer loop
      vertex 53.0299 2.5 -147.181
      vertex 52.5448 0 -146.843
      vertex 53.0299 0 -147.593
    endloop
  endfacet
  facet normal 0.833685 0.0893735 0.54496
    outer loop
      vertex 52.5448 0 -146.843
      vertex 52.5448 -2.5 -146.433
      vertex 52.6337 -2.5 -146.569
    endloop
  endfacet
  facet normal 0.83611 0.0890569 0.541285
    outer loop
      vertex 53.0299 -2.5 -147.181
      vertex 52.5448 0 -146.843
      vertex 52.6337 -2.5 -146.569
    endloop
  endfacet
  facet normal 0.836326 0.0891462 0.540936
    outer loop
      vertex 52.5448 0 -146.843
      vertex 53.0299 -2.5 -147.181
      vertex 53.0299 0 -147.593
    endloop
  endfacet
  facet normal 0.834224 -0.0896654 0.544086
    outer loop
      vertex 53.0299 2.5 -147.181
      vertex 53.0299 0 -147.593
      vertex 53.1186 2.5 -147.317
    endloop
  endfacet
  facet normal 0.836363 -0.0893828 0.540839
    outer loop
      vertex 53.0299 0 -147.593
      vertex 53.515 2.5 -147.93
      vertex 53.1186 2.5 -147.317
    endloop
  endfacet
  facet normal 0.835991 -0.0892294 0.541441
    outer loop
      vertex 53.515 2.5 -147.93
      vertex 53.0299 0 -147.593
      vertex 53.515 0 -148.342
    endloop
  endfacet
  facet normal 0.834224 0.0896654 0.544086
    outer loop
      vertex 53.0299 0 -147.593
      vertex 53.0299 -2.5 -147.181
      vertex 53.1186 -2.5 -147.317
    endloop
  endfacet
  facet normal 0.836363 0.0893828 0.540839
    outer loop
      vertex 53.515 -2.5 -147.93
      vertex 53.0299 0 -147.593
      vertex 53.1186 -2.5 -147.317
    endloop
  endfacet
  facet normal 0.835991 0.0892294 0.541441
    outer loop
      vertex 53.0299 0 -147.593
      vertex 53.515 -2.5 -147.93
      vertex 53.515 0 -148.342
    endloop
  endfacet
  facet normal 0.832633 -0.0900556 0.546454
    outer loop
      vertex 53.515 2.5 -147.93
      vertex 53.515 0 -148.342
      vertex 53.6036 2.5 -148.065
    endloop
  endfacet
  facet normal 0.836287 -0.0895726 0.540926
    outer loop
      vertex 53.515 0 -148.342
      vertex 54.0001 2.5 -148.678
      vertex 53.6036 2.5 -148.065
    endloop
  endfacet
  facet normal 0.836294 -0.0895755 0.540915
    outer loop
      vertex 54.0001 2.5 -148.678
      vertex 53.515 0 -148.342
      vertex 54.0001 0 -149.092
    endloop
  endfacet
  facet normal 0.832633 0.0900556 0.546454
    outer loop
      vertex 53.515 0 -148.342
      vertex 53.515 -2.5 -147.93
      vertex 53.6036 -2.5 -148.065
    endloop
  endfacet
  facet normal 0.836287 0.0895726 0.540926
    outer loop
      vertex 54.0001 -2.5 -148.678
      vertex 53.515 0 -148.342
      vertex 53.6036 -2.5 -148.065
    endloop
  endfacet
  facet normal 0.836294 0.0895755 0.540915
    outer loop
      vertex 53.515 0 -148.342
      vertex 54.0001 -2.5 -148.678
      vertex 54.0001 0 -149.092
    endloop
  endfacet
  facet normal 0.832889 -0.0904184 0.546005
    outer loop
      vertex 54.0001 2.5 -148.678
      vertex 54.0001 0 -149.092
      vertex 54.0886 2.5 -148.813
    endloop
  endfacet
  facet normal 0.836194 -0.0899771 0.541003
    outer loop
      vertex 54.0001 0 -149.092
      vertex 54.4852 2.5 -149.426
      vertex 54.0886 2.5 -148.813
    endloop
  endfacet
  facet normal 0.836261 -0.0900047 0.540894
    outer loop
      vertex 54.4852 2.5 -149.426
      vertex 54.0001 0 -149.092
      vertex 54.4852 0 -149.842
    endloop
  endfacet
  facet normal 0.832889 0.0904184 0.546005
    outer loop
      vertex 54.0001 0 -149.092
      vertex 54.0001 -2.5 -148.678
      vertex 54.0886 -2.5 -148.813
    endloop
  endfacet
  facet normal 0.836194 0.0899771 0.541003
    outer loop
      vertex 54.4852 -2.5 -149.426
      vertex 54.0001 0 -149.092
      vertex 54.0886 -2.5 -148.813
    endloop
  endfacet
  facet normal 0.836261 0.0900047 0.540894
    outer loop
      vertex 54.0001 0 -149.092
      vertex 54.4852 -2.5 -149.426
      vertex 54.4852 0 -149.842
    endloop
  endfacet
  facet normal 0.833432 -0.090709 0.545126
    outer loop
      vertex 54.4852 2.5 -149.426
      vertex 54.4852 0 -149.842
      vertex 54.5735 2.5 -149.561
    endloop
  endfacet
  facet normal 0.836447 -0.0903019 0.540557
    outer loop
      vertex 54.4852 0 -149.842
      vertex 54.9703 2.5 -150.175
      vertex 54.5735 2.5 -149.561
    endloop
  endfacet
  facet normal 0.835926 -0.0900887 0.541399
    outer loop
      vertex 54.9703 2.5 -150.175
      vertex 54.4852 0 -149.842
      vertex 54.9703 0 -150.591
    endloop
  endfacet
  facet normal 0.833432 0.090709 0.545126
    outer loop
      vertex 54.4852 0 -149.842
      vertex 54.4852 -2.5 -149.426
      vertex 54.5735 -2.5 -149.561
    endloop
  endfacet
  facet normal 0.836447 0.0903019 0.540557
    outer loop
      vertex 54.9703 -2.5 -150.175
      vertex 54.4852 0 -149.842
      vertex 54.5735 -2.5 -149.561
    endloop
  endfacet
  facet normal 0.835926 0.0900887 0.541399
    outer loop
      vertex 54.4852 0 -149.842
      vertex 54.9703 -2.5 -150.175
      vertex 54.9703 0 -150.591
    endloop
  endfacet
  facet normal 0.831823 -0.0911062 0.547513
    outer loop
      vertex 54.9703 2.5 -150.175
      vertex 54.9703 0 -150.591
      vertex 55.0585 2.5 -150.309
    endloop
  endfacet
  facet normal 0.83637 -0.0904918 0.540644
    outer loop
      vertex 54.9703 0 -150.591
      vertex 55.4554 2.5 -150.923
      vertex 55.0585 2.5 -150.309
    endloop
  endfacet
  facet normal 0.836229 -0.0904339 0.540873
    outer loop
      vertex 55.4554 2.5 -150.923
      vertex 54.9703 0 -150.591
      vertex 55.4554 0 -151.341
    endloop
  endfacet
  facet normal 0.831823 0.0911062 0.547513
    outer loop
      vertex 54.9703 0 -150.591
      vertex 54.9703 -2.5 -150.175
      vertex 55.0585 -2.5 -150.309
    endloop
  endfacet
  facet normal 0.83637 0.0904918 0.540644
    outer loop
      vertex 55.4554 -2.5 -150.923
      vertex 54.9703 0 -150.591
      vertex 55.0585 -2.5 -150.309
    endloop
  endfacet
  facet normal 0.836229 0.0904339 0.540873
    outer loop
      vertex 54.9703 0 -150.591
      vertex 55.4554 -2.5 -150.923
      vertex 55.4554 0 -151.341
    endloop
  endfacet
  facet normal 0.833976 -0.090998 0.544246
    outer loop
      vertex 55.4554 2.5 -150.923
      vertex 55.4554 0 -151.341
      vertex 55.5435 2.5 -151.058
    endloop
  endfacet
  facet normal 0.835824 -0.090746 0.541445
    outer loop
      vertex 55.4554 0 -151.341
      vertex 55.9406 2.5 -151.671
      vertex 55.5435 2.5 -151.058
    endloop
  endfacet
  facet normal 0.836144 -0.0908761 0.540929
    outer loop
      vertex 55.9406 2.5 -151.671
      vertex 55.4554 0 -151.341
      vertex 55.9406 0 -152.091
    endloop
  endfacet
  facet normal 0.833976 0.090998 0.544246
    outer loop
      vertex 55.4554 0 -151.341
      vertex 55.4554 -2.5 -150.923
      vertex 55.5435 -2.5 -151.058
    endloop
  endfacet
  facet normal 0.835824 0.090746 0.541445
    outer loop
      vertex 55.9406 -2.5 -151.671
      vertex 55.4554 0 -151.341
      vertex 55.5435 -2.5 -151.058
    endloop
  endfacet
  facet normal 0.836144 0.0908761 0.540929
    outer loop
      vertex 55.4554 0 -151.341
      vertex 55.9406 -2.5 -151.671
      vertex 55.9406 0 -152.091
    endloop
  endfacet
  facet normal 0.834519 -0.0912852 0.543365
    outer loop
      vertex 55.9406 2.5 -151.671
      vertex 55.9406 0 -152.091
      vertex 56.0285 2.5 -151.806
    endloop
  endfacet
  facet normal 0.835734 -0.091118 0.541523
    outer loop
      vertex 55.9406 0 -152.091
      vertex 56.4257 2.5 -152.419
      vertex 56.0285 2.5 -151.806
    endloop
  endfacet
  facet normal 0.835844 -0.0911626 0.541345
    outer loop
      vertex 56.4257 2.5 -152.419
      vertex 55.9406 0 -152.091
      vertex 56.4257 0 -152.84
    endloop
  endfacet
  facet normal 0.834519 0.0912852 0.543365
    outer loop
      vertex 55.9406 0 -152.091
      vertex 55.9406 -2.5 -151.671
      vertex 56.0285 -2.5 -151.806
    endloop
  endfacet
  facet normal 0.835734 0.091118 0.541523
    outer loop
      vertex 56.4257 -2.5 -152.419
      vertex 55.9406 0 -152.091
      vertex 56.0285 -2.5 -151.806
    endloop
  endfacet
  facet normal 0.835844 0.0911626 0.541345
    outer loop
      vertex 55.9406 0 -152.091
      vertex 56.4257 -2.5 -152.419
      vertex 56.4257 0 -152.84
    endloop
  endfacet
  facet normal 0.835079 -0.0913556 0.542492
    outer loop
      vertex 56.4257 2.5 -152.419
      vertex 56.4257 0 -152.84
      vertex 56.5134 2.5 -152.554
    endloop
  endfacet
  facet normal 0.836003 -0.0912274 0.541088
    outer loop
      vertex 56.4257 0 -152.84
      vertex 56.9108 2.5 -153.168
      vertex 56.5134 2.5 -152.554
    endloop
  endfacet
  facet normal 0.836163 -0.0912921 0.54083
    outer loop
      vertex 56.9108 2.5 -153.168
      vertex 56.4257 0 -152.84
      vertex 56.9108 0 -153.59
    endloop
  endfacet
  facet normal 0.835079 0.0913556 0.542492
    outer loop
      vertex 56.4257 0 -152.84
      vertex 56.4257 -2.5 -152.419
      vertex 56.5134 -2.5 -152.554
    endloop
  endfacet
  facet normal 0.836003 0.0912274 0.541088
    outer loop
      vertex 56.9108 -2.5 -153.168
      vertex 56.4257 0 -152.84
      vertex 56.5134 -2.5 -152.554
    endloop
  endfacet
  facet normal 0.836163 0.0912921 0.54083
    outer loop
      vertex 56.4257 0 -152.84
      vertex 56.9108 -2.5 -153.168
      vertex 56.9108 0 -153.59
    endloop
  endfacet
  facet normal 0.833466 -0.0919728 0.544863
    outer loop
      vertex 56.9108 2.5 -153.168
      vertex 56.9108 0 -153.59
      vertex 56.9984 2.5 -153.302
    endloop
  endfacet
  facet normal 0.83591 -0.0916323 0.541163
    outer loop
      vertex 56.9108 0 -153.59
      vertex 57.3959 2.5 -153.916
      vertex 56.9984 2.5 -153.302
    endloop
  endfacet
  facet normal 0.83613 -0.0917212 0.540809
    outer loop
      vertex 57.3959 2.5 -153.916
      vertex 56.9108 0 -153.59
      vertex 57.3959 0 -154.34
    endloop
  endfacet
  facet normal 0.833466 0.0919728 0.544863
    outer loop
      vertex 56.9108 0 -153.59
      vertex 56.9108 -2.5 -153.168
      vertex 56.9984 -2.5 -153.302
    endloop
  endfacet
  facet normal 0.83591 0.0916323 0.541163
    outer loop
      vertex 57.3959 -2.5 -153.916
      vertex 56.9108 0 -153.59
      vertex 56.9984 -2.5 -153.302
    endloop
  endfacet
  facet normal 0.83613 0.0917212 0.540809
    outer loop
      vertex 56.9108 0 -153.59
      vertex 57.3959 -2.5 -153.916
      vertex 57.3959 0 -154.34
    endloop
  endfacet
  facet normal 0.833723 -0.0923317 0.544409
    outer loop
      vertex 57.3959 2.5 -153.916
      vertex 57.3959 0 -154.34
      vertex 57.4834 2.5 -154.05
    endloop
  endfacet
  facet normal 0.835817 -0.0920373 0.541239
    outer loop
      vertex 57.3959 0 -154.34
      vertex 57.881 2.5 -154.664
      vertex 57.4834 2.5 -154.05
    endloop
  endfacet
  facet normal 0.836097 -0.0921501 0.540787
    outer loop
      vertex 57.881 2.5 -154.664
      vertex 57.3959 0 -154.34
      vertex 57.881 0 -155.09
    endloop
  endfacet
  facet normal 0.833723 0.0923317 0.544409
    outer loop
      vertex 57.3959 0 -154.34
      vertex 57.3959 -2.5 -153.916
      vertex 57.4834 -2.5 -154.05
    endloop
  endfacet
  facet normal 0.835817 0.0920373 0.541239
    outer loop
      vertex 57.881 -2.5 -154.664
      vertex 57.3959 0 -154.34
      vertex 57.4834 -2.5 -154.05
    endloop
  endfacet
  facet normal 0.836097 0.0921501 0.540787
    outer loop
      vertex 57.3959 0 -154.34
      vertex 57.881 -2.5 -154.664
      vertex 57.881 0 -155.09
    endloop
  endfacet
  facet normal 0.83398 -0.0926898 0.543954
    outer loop
      vertex 57.881 2.5 -154.664
      vertex 57.881 0 -155.09
      vertex 57.9684 2.5 -154.798
    endloop
  endfacet
  facet normal 0.836129 -0.0923845 0.540697
    outer loop
      vertex 57.881 0 -155.09
      vertex 58.3661 2.5 -155.413
      vertex 57.9684 2.5 -154.798
    endloop
  endfacet
  facet normal 0.835761 -0.0922361 0.541292
    outer loop
      vertex 58.3661 2.5 -155.413
      vertex 57.881 0 -155.09
      vertex 58.3661 0 -155.839
    endloop
  endfacet
  facet normal 0.83398 0.0926898 0.543954
    outer loop
      vertex 57.881 0 -155.09
      vertex 57.881 -2.5 -154.664
      vertex 57.9684 -2.5 -154.798
    endloop
  endfacet
  facet normal 0.836129 0.0923845 0.540697
    outer loop
      vertex 58.3661 -2.5 -155.413
      vertex 57.881 0 -155.09
      vertex 57.9684 -2.5 -154.798
    endloop
  endfacet
  facet normal 0.835761 0.0922361 0.541292
    outer loop
      vertex 57.881 0 -155.09
      vertex 58.3661 -2.5 -155.413
      vertex 58.3661 0 -155.839
    endloop
  endfacet
  facet normal 0.832656 -0.0930251 0.545922
    outer loop
      vertex 58.3661 2.5 -155.413
      vertex 58.3661 0 -155.839
      vertex 58.4533 2.5 -155.546
    endloop
  endfacet
  facet normal 0.835992 -0.0925506 0.54088
    outer loop
      vertex 58.3661 0 -155.839
      vertex 58.8512 2.5 -156.161
      vertex 58.4533 2.5 -155.546
    endloop
  endfacet
  facet normal 0.836063 -0.0925791 0.540766
    outer loop
      vertex 58.8512 2.5 -156.161
      vertex 58.3661 0 -155.839
      vertex 58.8512 0 -156.589
    endloop
  endfacet
  facet normal 0.832656 0.0930251 0.545922
    outer loop
      vertex 58.3661 0 -155.839
      vertex 58.3661 -2.5 -155.413
      vertex 58.4533 -2.5 -155.546
    endloop
  endfacet
  facet normal 0.835992 0.0925506 0.54088
    outer loop
      vertex 58.8512 -2.5 -156.161
      vertex 58.3661 0 -155.839
      vertex 58.4533 -2.5 -155.546
    endloop
  endfacet
  facet normal 0.836063 0.0925791 0.540766
    outer loop
      vertex 58.3661 0 -155.839
      vertex 58.8512 -2.5 -156.161
      vertex 58.8512 0 -156.589
    endloop
  endfacet
  facet normal 0.832915 -0.0933837 0.545465
    outer loop
      vertex 58.8512 2.5 -156.161
      vertex 58.8512 0 -156.589
      vertex 58.9383 2.5 -156.294
    endloop
  endfacet
  facet normal 0.835899 -0.0929555 0.540956
    outer loop
      vertex 58.8512 0 -156.589
      vertex 59.3363 2.5 -156.909
      vertex 58.9383 2.5 -156.294
    endloop
  endfacet
  facet normal 0.83603 -0.093008 0.540744
    outer loop
      vertex 59.3363 2.5 -156.909
      vertex 58.8512 0 -156.589
      vertex 59.3363 0 -157.339
    endloop
  endfacet
  facet normal 0.832915 0.0933837 0.545465
    outer loop
      vertex 58.8512 0 -156.589
      vertex 58.8512 -2.5 -156.161
      vertex 58.9383 -2.5 -156.294
    endloop
  endfacet
  facet normal 0.835899 0.0929555 0.540956
    outer loop
      vertex 59.3363 -2.5 -156.909
      vertex 58.8512 0 -156.589
      vertex 58.9383 -2.5 -156.294
    endloop
  endfacet
  facet normal 0.83603 0.093008 0.540744
    outer loop
      vertex 58.8512 0 -156.589
      vertex 59.3363 -2.5 -156.909
      vertex 59.3363 0 -157.339
    endloop
  endfacet
  facet normal 0.833174 -0.0937414 0.545008
    outer loop
      vertex 59.3363 2.5 -156.909
      vertex 59.3363 0 -157.339
      vertex 59.4233 2.5 -157.042
    endloop
  endfacet
  facet normal 0.83621 -0.0933013 0.540414
    outer loop
      vertex 59.3363 0 -157.339
      vertex 59.8214 2.5 -157.658
      vertex 59.4233 2.5 -157.042
    endloop
  endfacet
  facet normal 0.835694 -0.0930947 0.541248
    outer loop
      vertex 59.8214 2.5 -157.658
      vertex 59.3363 0 -157.339
      vertex 59.8214 0 -158.088
    endloop
  endfacet
  facet normal 0.833174 0.0937414 0.545008
    outer loop
      vertex 59.3363 0 -157.339
      vertex 59.3363 -2.5 -156.909
      vertex 59.4233 -2.5 -157.042
    endloop
  endfacet
  facet normal 0.83621 0.0933013 0.540414
    outer loop
      vertex 59.8214 -2.5 -157.658
      vertex 59.3363 0 -157.339
      vertex 59.4233 -2.5 -157.042
    endloop
  endfacet
  facet normal 0.835694 0.0930947 0.541248
    outer loop
      vertex 59.3363 0 -157.339
      vertex 59.8214 -2.5 -157.658
      vertex 59.8214 0 -158.088
    endloop
  endfacet
  facet normal 0.833467 -0.0936666 0.544573
    outer loop
      vertex 59.8214 2.5 -157.658
      vertex 59.8214 0 -158.088
      vertex 59.9083 2.5 -157.791
    endloop
  endfacet
  facet normal 0.835682 -0.0933456 0.541223
    outer loop
      vertex 59.8214 0 -158.088
      vertex 60.3066 2.5 -158.406
      vertex 59.9083 2.5 -157.791
    endloop
  endfacet
  facet normal 0.835944 -0.0934502 0.5408
    outer loop
      vertex 60.3066 2.5 -158.406
      vertex 59.8214 0 -158.088
      vertex 60.3066 0 -158.838
    endloop
  endfacet
  facet normal 0.833467 0.0936666 0.544573
    outer loop
      vertex 59.8214 0 -158.088
      vertex 59.8214 -2.5 -157.658
      vertex 59.9083 -2.5 -157.791
    endloop
  endfacet
  facet normal 0.835682 0.0933456 0.541223
    outer loop
      vertex 60.3066 -2.5 -158.406
      vertex 59.8214 0 -158.088
      vertex 59.9083 -2.5 -157.791
    endloop
  endfacet
  facet normal 0.835944 0.0934502 0.5408
    outer loop
      vertex 59.8214 0 -158.088
      vertex 60.3066 -2.5 -158.406
      vertex 60.3066 0 -158.838
    endloop
  endfacet
  facet normal 0.834311 -0.0938724 0.543243
    outer loop
      vertex 60.3066 2.5 -158.406
      vertex 60.3066 0 -158.838
      vertex 60.3932 2.5 -158.539
    endloop
  endfacet
  facet normal 0.83553 -0.0936938 0.541397
    outer loop
      vertex 60.3066 0 -158.838
      vertex 60.7917 2.5 -159.154
      vertex 60.3932 2.5 -158.539
    endloop
  endfacet
  facet normal 0.835962 -0.0938656 0.5407
    outer loop
      vertex 60.7917 2.5 -159.154
      vertex 60.3066 0 -158.838
      vertex 60.7917 0 -159.588
    endloop
  endfacet
  facet normal 0.834311 0.0938724 0.543243
    outer loop
      vertex 60.3066 0 -158.838
      vertex 60.3066 -2.5 -158.406
      vertex 60.3932 -2.5 -158.539
    endloop
  endfacet
  facet normal 0.83553 0.0936938 0.541397
    outer loop
      vertex 60.7917 -2.5 -159.154
      vertex 60.3066 0 -158.838
      vertex 60.3932 -2.5 -158.539
    endloop
  endfacet
  facet normal 0.835962 0.0938656 0.5407
    outer loop
      vertex 60.3066 0 -158.838
      vertex 60.7917 -2.5 -159.154
      vertex 60.7917 0 -159.588
    endloop
  endfacet
  facet normal 0.83457 -0.0942273 0.542784
    outer loop
      vertex 60.7917 2.5 -159.154
      vertex 60.7917 0 -159.588
      vertex 60.8782 2.5 -159.287
    endloop
  endfacet
  facet normal 0.835842 -0.0940391 0.540855
    outer loop
      vertex 60.7917 0 -159.588
      vertex 61.2768 2.5 -159.903
      vertex 60.8782 2.5 -159.287
    endloop
  endfacet
  facet normal 0.835945 -0.0940799 0.540689
    outer loop
      vertex 61.2768 2.5 -159.903
      vertex 60.7917 0 -159.588
      vertex 61.2768 0 -160.338
    endloop
  endfacet
  facet normal 0.83457 0.0942273 0.542784
    outer loop
      vertex 60.7917 0 -159.588
      vertex 60.7917 -2.5 -159.154
      vertex 60.8782 -2.5 -159.287
    endloop
  endfacet
  facet normal 0.835842 0.0940391 0.540855
    outer loop
      vertex 61.2768 -2.5 -159.903
      vertex 60.7917 0 -159.588
      vertex 60.8782 -2.5 -159.287
    endloop
  endfacet
  facet normal 0.835945 0.0940799 0.540689
    outer loop
      vertex 60.7917 0 -159.588
      vertex 61.2768 -2.5 -159.903
      vertex 61.2768 0 -160.338
    endloop
  endfacet
  facet normal 0.832928 -0.094863 0.545189
    outer loop
      vertex 61.2768 2.5 -159.903
      vertex 61.2768 0 -160.338
      vertex 61.3632 2.5 -160.035
    endloop
  endfacet
  facet normal 0.835748 -0.0944442 0.54093
    outer loop
      vertex 61.2768 0 -160.338
      vertex 61.7619 2.5 -160.651
      vertex 61.3632 2.5 -160.035
    endloop
  endfacet
  facet normal 0.835592 -0.0943822 0.541182
    outer loop
      vertex 61.7619 2.5 -160.651
      vertex 61.2768 0 -160.338
      vertex 61.7619 0 -161.087
    endloop
  endfacet
  facet normal 0.832928 0.094863 0.545189
    outer loop
      vertex 61.2768 0 -160.338
      vertex 61.2768 -2.5 -159.903
      vertex 61.3632 -2.5 -160.035
    endloop
  endfacet
  facet normal 0.835748 0.0944442 0.54093
    outer loop
      vertex 61.7619 -2.5 -160.651
      vertex 61.2768 0 -160.338
      vertex 61.3632 -2.5 -160.035
    endloop
  endfacet
  facet normal 0.835592 0.0943822 0.541182
    outer loop
      vertex 61.2768 0 -160.338
      vertex 61.7619 -2.5 -160.651
      vertex 61.7619 0 -161.087
    endloop
  endfacet
  facet normal 0.833206 -0.0950027 0.54474
    outer loop
      vertex 61.7619 2.5 -160.651
      vertex 61.7619 0 -161.087
      vertex 61.8482 2.5 -160.783
    endloop
  endfacet
  facet normal 0.83595 -0.094593 0.540592
    outer loop
      vertex 61.7619 0 -161.087
      vertex 62.189 2.5 -161.31
      vertex 61.8482 2.5 -160.783
    endloop
  endfacet
  facet normal 0.835786 -0.0945414 0.540855
    outer loop
      vertex 62.189 2.5 -161.31
      vertex 61.7619 0 -161.087
      vertex 62.189 0 -161.747
    endloop
  endfacet
  facet normal 0.833206 0.0950027 0.54474
    outer loop
      vertex 61.7619 0 -161.087
      vertex 61.7619 -2.5 -160.651
      vertex 61.8482 -2.5 -160.783
    endloop
  endfacet
  facet normal 0.83595 0.094593 0.540592
    outer loop
      vertex 62.189 -2.5 -161.31
      vertex 61.7619 0 -161.087
      vertex 61.8482 -2.5 -160.783
    endloop
  endfacet
  facet normal 0.835786 0.0945414 0.540855
    outer loop
      vertex 61.7619 0 -161.087
      vertex 62.189 -2.5 -161.31
      vertex 62.189 0 -161.747
    endloop
  endfacet
  facet normal 1 0 0
    outer loop
      vertex 62.189 0 -161.747
      vertex 62.189 2.5 -161.4
      vertex 62.189 2.5 -161.31
    endloop
  endfacet
  facet normal 1 -0 0
    outer loop
      vertex 62.189 0 -161.747
      vertex 62.189 0 -161.837
      vertex 62.189 2.5 -161.4
    endloop
  endfacet
  facet normal 1 -0 0
    outer loop
      vertex 62.189 -2.5 -161.4
      vertex 62.189 0 -161.747
      vertex 62.189 -2.5 -161.31
    endloop
  endfacet
  facet normal 1 0 0
    outer loop
      vertex 62.189 0 -161.747
      vertex 62.189 -2.5 -161.4
      vertex 62.189 0 -161.837
    endloop
  endfacet
  facet normal -1 0 0
    outer loop
      vertex 97.059 0 -176.238
      vertex 97.059 2.5 -175.798
      vertex 97.059 0 -176.249
    endloop
  endfacet
  facet normal -1 -0 0
    outer loop
      vertex 97.059 2.5 -175.798
      vertex 97.059 0 -176.238
      vertex 97.059 2.5 -175.787
    endloop
  endfacet
  facet normal -1 0 0
    outer loop
      vertex 97.059 -2.5 -175.798
      vertex 97.059 0 -176.238
      vertex 97.059 0 -176.249
    endloop
  endfacet
  facet normal -1 0 0
    outer loop
      vertex 97.059 0 -176.238
      vertex 97.059 -2.5 -175.798
      vertex 97.059 -2.5 -175.787
    endloop
  endfacet
  facet normal 0.372109 -0.159824 0.914325
    outer loop
      vertex 62.189 2.5 -161.4
      vertex 62.189 0 -161.837
      vertex 62.361 2.5 -161.47
    endloop
  endfacet
  facet normal 0.376821 -0.159851 0.912389
    outer loop
      vertex 62.361 2.5 -161.47
      vertex 63.1576 0 -162.237
      vertex 63.1576 2.5 -161.799
    endloop
  endfacet
  facet normal 0.376791 -0.159863 0.912399
    outer loop
      vertex 63.1576 0 -162.237
      vertex 62.361 2.5 -161.47
      vertex 62.189 0 -161.837
    endloop
  endfacet
  facet normal 0.372109 0.159824 0.914325
    outer loop
      vertex 62.189 0 -161.837
      vertex 62.189 -2.5 -161.4
      vertex 62.361 -2.5 -161.47
    endloop
  endfacet
  facet normal 0.376821 0.159851 0.912389
    outer loop
      vertex 63.1576 0 -162.237
      vertex 62.361 -2.5 -161.47
      vertex 63.1576 -2.5 -161.799
    endloop
  endfacet
  facet normal 0.376791 0.159863 0.912399
    outer loop
      vertex 62.361 -2.5 -161.47
      vertex 63.1576 0 -162.237
      vertex 62.189 0 -161.837
    endloop
  endfacet
  facet normal 0.377218 -0.159823 0.91223
    outer loop
      vertex 63.1576 2.5 -161.799
      vertex 63.1576 0 -162.237
      vertex 63.3293 2.5 -161.87
    endloop
  endfacet
  facet normal 0.376678 -0.160215 0.912384
    outer loop
      vertex 63.3293 2.5 -161.87
      vertex 64.1262 0 -162.638
      vertex 64.1262 2.5 -162.199
    endloop
  endfacet
  facet normal 0.377598 -0.159826 0.912072
    outer loop
      vertex 64.1262 0 -162.638
      vertex 63.3293 2.5 -161.87
      vertex 63.1576 0 -162.237
    endloop
  endfacet
  facet normal 0.377218 0.159823 0.91223
    outer loop
      vertex 63.1576 0 -162.237
      vertex 63.1576 -2.5 -161.799
      vertex 63.3293 -2.5 -161.87
    endloop
  endfacet
  facet normal 0.376678 0.160215 0.912384
    outer loop
      vertex 64.1262 0 -162.638
      vertex 63.3293 -2.5 -161.87
      vertex 64.1262 -2.5 -162.199
    endloop
  endfacet
  facet normal 0.377598 0.159826 0.912072
    outer loop
      vertex 63.3293 -2.5 -161.87
      vertex 64.1262 0 -162.638
      vertex 63.1576 0 -162.237
    endloop
  endfacet
  facet normal 0.377762 -0.160138 0.911949
    outer loop
      vertex 64.1262 2.5 -162.199
      vertex 64.1262 0 -162.638
      vertex 64.2976 2.5 -162.27
    endloop
  endfacet
  facet normal 0.376556 -0.160223 0.912433
    outer loop
      vertex 64.2976 2.5 -162.27
      vertex 65.0948 0 -163.038
      vertex 65.0948 2.5 -162.599
    endloop
  endfacet
  facet normal 0.376774 -0.160131 0.912359
    outer loop
      vertex 65.0948 0 -163.038
      vertex 64.2976 2.5 -162.27
      vertex 64.1262 0 -162.638
    endloop
  endfacet
  facet normal 0.377762 0.160138 0.911949
    outer loop
      vertex 64.1262 0 -162.638
      vertex 64.1262 -2.5 -162.199
      vertex 64.2976 -2.5 -162.27
    endloop
  endfacet
  facet normal 0.376556 0.160223 0.912433
    outer loop
      vertex 65.0948 0 -163.038
      vertex 64.2976 -2.5 -162.27
      vertex 65.0948 -2.5 -162.599
    endloop
  endfacet
  facet normal 0.376774 0.160131 0.912359
    outer loop
      vertex 64.2976 -2.5 -162.27
      vertex 65.0948 0 -163.038
      vertex 64.1262 0 -162.638
    endloop
  endfacet
  facet normal 0.37814 -0.160112 0.911797
    outer loop
      vertex 65.0948 2.5 -162.599
      vertex 65.0948 0 -163.038
      vertex 65.266 2.5 -162.67
    endloop
  endfacet
  facet normal 0.376475 -0.160229 0.912465
    outer loop
      vertex 65.266 2.5 -162.67
      vertex 66.0634 0 -163.438
      vertex 66.0634 2.5 -162.999
    endloop
  endfacet
  facet normal 0.376776 -0.160102 0.912364
    outer loop
      vertex 66.0634 0 -163.438
      vertex 65.266 2.5 -162.67
      vertex 65.0948 0 -163.038
    endloop
  endfacet
  facet normal 0.37814 0.160112 0.911797
    outer loop
      vertex 65.0948 0 -163.038
      vertex 65.0948 -2.5 -162.599
      vertex 65.266 -2.5 -162.67
    endloop
  endfacet
  facet normal 0.376475 0.160229 0.912465
    outer loop
      vertex 66.0634 0 -163.438
      vertex 65.266 -2.5 -162.67
      vertex 66.0634 -2.5 -162.999
    endloop
  endfacet
  facet normal 0.376776 0.160102 0.912364
    outer loop
      vertex 65.266 -2.5 -162.67
      vertex 66.0634 0 -163.438
      vertex 65.0948 0 -163.038
    endloop
  endfacet
  facet normal 0.378709 -0.160071 0.911568
    outer loop
      vertex 66.0634 2.5 -162.999
      vertex 66.0634 0 -163.438
      vertex 66.2343 2.5 -163.07
    endloop
  endfacet
  facet normal 0.376331 -0.160593 0.912461
    outer loop
      vertex 66.2343 2.5 -163.07
      vertex 67.032 0 -163.839
      vertex 67.032 2.5 -163.399
    endloop
  endfacet
  facet normal 0.377583 -0.160063 0.912037
    outer loop
      vertex 67.032 0 -163.839
      vertex 66.2343 2.5 -163.07
      vertex 66.0634 0 -163.438
    endloop
  endfacet
  facet normal 0.378709 0.160071 0.911568
    outer loop
      vertex 66.0634 0 -163.438
      vertex 66.0634 -2.5 -162.999
      vertex 66.2343 -2.5 -163.07
    endloop
  endfacet
  facet normal 0.376331 0.160593 0.912461
    outer loop
      vertex 67.032 0 -163.839
      vertex 66.2343 -2.5 -163.07
      vertex 67.032 -2.5 -163.399
    endloop
  endfacet
  facet normal 0.377583 0.160063 0.912037
    outer loop
      vertex 66.2343 -2.5 -163.07
      vertex 67.032 0 -163.839
      vertex 66.0634 0 -163.438
    endloop
  endfacet
  facet normal 0.374481 -0.160723 0.913199
    outer loop
      vertex 67.032 2.5 -163.399
      vertex 67.032 0 -163.839
      vertex 67.2027 2.5 -163.469
    endloop
  endfacet
  facet normal 0.377191 -0.160532 0.912116
    outer loop
      vertex 67.2027 2.5 -163.469
      vertex 68.0007 0 -164.239
      vertex 68.0007 2.5 -163.799
    endloop
  endfacet
  facet normal 0.376703 -0.160739 0.912281
    outer loop
      vertex 68.0007 0 -164.239
      vertex 67.2027 2.5 -163.469
      vertex 67.032 0 -163.839
    endloop
  endfacet
  facet normal 0.374481 0.160723 0.913199
    outer loop
      vertex 67.032 0 -163.839
      vertex 67.032 -2.5 -163.399
      vertex 67.2027 -2.5 -163.469
    endloop
  endfacet
  facet normal 0.377191 0.160532 0.912116
    outer loop
      vertex 68.0007 0 -164.239
      vertex 67.2027 -2.5 -163.469
      vertex 68.0007 -2.5 -163.799
    endloop
  endfacet
  facet normal 0.376703 0.160739 0.912281
    outer loop
      vertex 67.2027 -2.5 -163.469
      vertex 68.0007 0 -164.239
      vertex 67.032 0 -163.839
    endloop
  endfacet
  facet normal 0.375237 -0.16067 0.912898
    outer loop
      vertex 68.0007 2.5 -163.799
      vertex 68.0007 0 -164.239
      vertex 68.171 2.5 -163.869
    endloop
  endfacet
  facet normal 0.377069 -0.160541 0.912165
    outer loop
      vertex 68.171 2.5 -163.869
      vertex 68.9693 0 -164.639
      vertex 68.9693 2.5 -164.199
    endloop
  endfacet
  facet normal 0.37674 -0.16068 0.912277
    outer loop
      vertex 68.9693 0 -164.639
      vertex 68.171 2.5 -163.869
      vertex 68.0007 0 -164.239
    endloop
  endfacet
  facet normal 0.375237 0.16067 0.912898
    outer loop
      vertex 68.0007 0 -164.239
      vertex 68.0007 -2.5 -163.799
      vertex 68.171 -2.5 -163.869
    endloop
  endfacet
  facet normal 0.377069 0.160541 0.912165
    outer loop
      vertex 68.9693 0 -164.639
      vertex 68.171 -2.5 -163.869
      vertex 68.9693 -2.5 -164.199
    endloop
  endfacet
  facet normal 0.37674 0.16068 0.912277
    outer loop
      vertex 68.171 -2.5 -163.869
      vertex 68.9693 0 -164.639
      vertex 68.0007 0 -164.239
    endloop
  endfacet
  facet normal 0.375616 -0.160643 0.912747
    outer loop
      vertex 68.9693 2.5 -164.199
      vertex 68.9693 0 -164.639
      vertex 69.1394 2.5 -164.269
    endloop
  endfacet
  facet normal 0.376966 -0.160902 0.912144
    outer loop
      vertex 69.1394 2.5 -164.269
      vertex 69.9379 0 -165.04
      vertex 69.9379 2.5 -164.599
    endloop
  endfacet
  facet normal 0.377546 -0.160656 0.911948
    outer loop
      vertex 69.9379 0 -165.04
      vertex 69.1394 2.5 -164.269
      vertex 68.9693 0 -164.639
    endloop
  endfacet
  facet normal 0.375616 0.160643 0.912747
    outer loop
      vertex 68.9693 0 -164.639
      vertex 68.9693 -2.5 -164.199
      vertex 69.1394 -2.5 -164.269
    endloop
  endfacet
  facet normal 0.376966 0.160902 0.912144
    outer loop
      vertex 69.9379 0 -165.04
      vertex 69.1394 -2.5 -164.269
      vertex 69.9379 -2.5 -164.599
    endloop
  endfacet
  facet normal 0.377546 0.160656 0.911948
    outer loop
      vertex 69.1394 -2.5 -164.269
      vertex 69.9379 0 -165.04
      vertex 68.9693 0 -164.639
    endloop
  endfacet
  facet normal 0.376164 -0.160959 0.912465
    outer loop
      vertex 69.9379 2.5 -164.599
      vertex 69.9379 0 -165.04
      vertex 70.1077 2.5 -164.669
    endloop
  endfacet
  facet normal 0.376845 -0.160911 0.912193
    outer loop
      vertex 70.1077 2.5 -164.669
      vertex 70.9065 0 -165.44
      vertex 70.9065 2.5 -164.999
    endloop
  endfacet
  facet normal 0.376723 -0.160963 0.912234
    outer loop
      vertex 70.9065 0 -165.44
      vertex 70.1077 2.5 -164.669
      vertex 69.9379 0 -165.04
    endloop
  endfacet
  facet normal 0.376164 0.160959 0.912465
    outer loop
      vertex 69.9379 0 -165.04
      vertex 69.9379 -2.5 -164.599
      vertex 70.1077 -2.5 -164.669
    endloop
  endfacet
  facet normal 0.376845 0.160911 0.912193
    outer loop
      vertex 70.9065 0 -165.44
      vertex 70.1077 -2.5 -164.669
      vertex 70.9065 -2.5 -164.999
    endloop
  endfacet
  facet normal 0.376723 0.160963 0.912234
    outer loop
      vertex 70.1077 -2.5 -164.669
      vertex 70.9065 0 -165.44
      vertex 69.9379 0 -165.04
    endloop
  endfacet
  facet normal 0.376544 -0.160932 0.912313
    outer loop
      vertex 70.9065 2.5 -164.999
      vertex 70.9065 0 -165.44
      vertex 71.0761 2.5 -165.069
    endloop
  endfacet
  facet normal 0.376764 -0.160917 0.912225
    outer loop
      vertex 71.0761 2.5 -165.069
      vertex 71.8751 0 -165.84
      vertex 71.8751 2.5 -165.399
    endloop
  endfacet
  facet normal 0.376725 -0.160933 0.912239
    outer loop
      vertex 71.8751 0 -165.84
      vertex 71.0761 2.5 -165.069
      vertex 70.9065 0 -165.44
    endloop
  endfacet
  facet normal 0.376544 0.160932 0.912313
    outer loop
      vertex 70.9065 0 -165.44
      vertex 70.9065 -2.5 -164.999
      vertex 71.0761 -2.5 -165.069
    endloop
  endfacet
  facet normal 0.376764 0.160917 0.912225
    outer loop
      vertex 71.8751 0 -165.84
      vertex 71.0761 -2.5 -165.069
      vertex 71.8751 -2.5 -165.399
    endloop
  endfacet
  facet normal 0.376725 0.160933 0.912239
    outer loop
      vertex 71.0761 -2.5 -165.069
      vertex 71.8751 0 -165.84
      vertex 70.9065 0 -165.44
    endloop
  endfacet
  facet normal 0.377117 -0.160892 0.912084
    outer loop
      vertex 71.8751 2.5 -165.399
      vertex 71.8751 0 -165.84
      vertex 72.0444 2.5 -165.469
    endloop
  endfacet
  facet normal 0.37662 -0.161281 0.91222
    outer loop
      vertex 72.0444 2.5 -165.469
      vertex 72.8437 0 -166.241
      vertex 72.8437 2.5 -165.799
    endloop
  endfacet
  facet normal 0.377531 -0.160894 0.911912
    outer loop
      vertex 72.8437 0 -166.241
      vertex 72.0444 2.5 -165.469
      vertex 71.8751 0 -165.84
    endloop
  endfacet
  facet normal 0.377117 0.160892 0.912084
    outer loop
      vertex 71.8751 0 -165.84
      vertex 71.8751 -2.5 -165.399
      vertex 72.0444 -2.5 -165.469
    endloop
  endfacet
  facet normal 0.37662 0.161281 0.91222
    outer loop
      vertex 72.8437 0 -166.241
      vertex 72.0444 -2.5 -165.469
      vertex 72.8437 -2.5 -165.799
    endloop
  endfacet
  facet normal 0.377531 0.160894 0.911912
    outer loop
      vertex 72.0444 -2.5 -165.469
      vertex 72.8437 0 -166.241
      vertex 71.8751 0 -165.84
    endloop
  endfacet
  facet normal 0.372839 -0.161547 0.913725
    outer loop
      vertex 72.8437 2.5 -165.799
      vertex 72.8437 0 -166.241
      vertex 73.0128 2.5 -165.868
    endloop
  endfacet
  facet normal 0.377518 -0.161217 0.91186
    outer loop
      vertex 73.0128 2.5 -165.868
      vertex 73.8123 0 -166.641
      vertex 73.8123 2.5 -166.199
    endloop
  endfacet
  facet normal 0.376685 -0.161571 0.912142
    outer loop
      vertex 73.8123 0 -166.641
      vertex 73.0128 2.5 -165.868
      vertex 72.8437 0 -166.241
    endloop
  endfacet
  facet normal 0.372839 0.161547 0.913725
    outer loop
      vertex 72.8437 0 -166.241
      vertex 72.8437 -2.5 -165.799
      vertex 73.0128 -2.5 -165.868
    endloop
  endfacet
  facet normal 0.377518 0.161217 0.91186
    outer loop
      vertex 73.8123 0 -166.641
      vertex 73.0128 -2.5 -165.868
      vertex 73.8123 -2.5 -166.199
    endloop
  endfacet
  facet normal 0.376685 0.161571 0.912142
    outer loop
      vertex 73.0128 -2.5 -165.868
      vertex 73.8123 0 -166.641
      vertex 72.8437 0 -166.241
    endloop
  endfacet
  facet normal 0.373409 -0.161507 0.913499
    outer loop
      vertex 73.8123 2.5 -166.199
      vertex 73.8123 0 -166.641
      vertex 73.9811 2.5 -166.268
    endloop
  endfacet
  facet normal 0.377397 -0.161226 0.911909
    outer loop
      vertex 73.9811 2.5 -166.268
      vertex 74.7809 0 -167.041
      vertex 74.7809 2.5 -166.599
    endloop
  endfacet
  facet normal 0.376688 -0.161527 0.912149
    outer loop
      vertex 74.7809 0 -167.041
      vertex 73.9811 2.5 -166.268
      vertex 73.8123 0 -166.641
    endloop
  endfacet
  facet normal 0.373409 0.161507 0.913499
    outer loop
      vertex 73.8123 0 -166.641
      vertex 73.8123 -2.5 -166.199
      vertex 73.9811 -2.5 -166.268
    endloop
  endfacet
  facet normal 0.377397 0.161226 0.911909
    outer loop
      vertex 74.7809 0 -167.041
      vertex 73.9811 -2.5 -166.268
      vertex 74.7809 -2.5 -166.599
    endloop
  endfacet
  facet normal 0.376688 0.161527 0.912149
    outer loop
      vertex 73.9811 -2.5 -166.268
      vertex 74.7809 0 -167.041
      vertex 73.8123 0 -166.641
    endloop
  endfacet
  facet normal 0.37379 -0.16148 0.913348
    outer loop
      vertex 74.7809 2.5 -166.599
      vertex 74.7809 0 -167.041
      vertex 74.9495 2.5 -166.668
    endloop
  endfacet
  facet normal 0.377294 -0.161587 0.911888
    outer loop
      vertex 74.9495 2.5 -166.668
      vertex 75.7495 0 -167.442
      vertex 75.7495 2.5 -166.999
    endloop
  endfacet
  facet normal 0.377493 -0.161502 0.91182
    outer loop
      vertex 75.7495 0 -167.442
      vertex 74.9495 2.5 -166.668
      vertex 74.7809 0 -167.041
    endloop
  endfacet
  facet normal 0.37379 0.16148 0.913348
    outer loop
      vertex 74.7809 0 -167.041
      vertex 74.7809 -2.5 -166.599
      vertex 74.9495 -2.5 -166.668
    endloop
  endfacet
  facet normal 0.377294 0.161587 0.911888
    outer loop
      vertex 75.7495 0 -167.442
      vertex 74.9495 -2.5 -166.668
      vertex 75.7495 -2.5 -166.999
    endloop
  endfacet
  facet normal 0.377493 0.161502 0.91182
    outer loop
      vertex 74.9495 -2.5 -166.668
      vertex 75.7495 0 -167.442
      vertex 74.7809 0 -167.041
    endloop
  endfacet
  facet normal 0.37415 -0.161809 0.913143
    outer loop
      vertex 75.7495 2.5 -166.999
      vertex 75.7495 0 -167.442
      vertex 75.9179 2.5 -167.068
    endloop
  endfacet
  facet normal 0.377172 -0.161595 0.911936
    outer loop
      vertex 75.9179 2.5 -167.068
      vertex 76.7182 0 -167.842
      vertex 76.7182 2.5 -167.399
    endloop
  endfacet
  facet normal 0.376636 -0.161823 0.912118
    outer loop
      vertex 76.7182 0 -167.842
      vertex 75.9179 2.5 -167.068
      vertex 75.7495 0 -167.442
    endloop
  endfacet
  facet normal 0.37415 0.161809 0.913143
    outer loop
      vertex 75.7495 0 -167.442
      vertex 75.7495 -2.5 -166.999
      vertex 75.9179 -2.5 -167.068
    endloop
  endfacet
  facet normal 0.377172 0.161595 0.911936
    outer loop
      vertex 76.7182 0 -167.842
      vertex 75.9179 -2.5 -167.068
      vertex 76.7182 -2.5 -167.399
    endloop
  endfacet
  facet normal 0.376636 0.161823 0.912118
    outer loop
      vertex 75.9179 -2.5 -167.068
      vertex 76.7182 0 -167.842
      vertex 75.7495 0 -167.442
    endloop
  endfacet
  facet normal 0.374916 -0.161755 0.912838
    outer loop
      vertex 76.7182 2.5 -167.399
      vertex 76.7182 0 -167.842
      vertex 76.8862 2.5 -167.468
    endloop
  endfacet
  facet normal 0.377029 -0.161959 0.911931
    outer loop
      vertex 76.8862 2.5 -167.468
      vertex 77.6868 0 -168.243
      vertex 77.6868 2.5 -167.799
    endloop
  endfacet
  facet normal 0.377476 -0.161769 0.91178
    outer loop
      vertex 77.6868 0 -168.243
      vertex 76.8862 2.5 -167.468
      vertex 76.7182 0 -167.842
    endloop
  endfacet
  facet normal 0.374916 0.161755 0.912838
    outer loop
      vertex 76.7182 0 -167.842
      vertex 76.7182 -2.5 -167.399
      vertex 76.8862 -2.5 -167.468
    endloop
  endfacet
  facet normal 0.377029 0.161959 0.911931
    outer loop
      vertex 77.6868 0 -168.243
      vertex 76.8862 -2.5 -167.468
      vertex 77.6868 -2.5 -167.799
    endloop
  endfacet
  facet normal 0.377476 0.161769 0.91178
    outer loop
      vertex 76.8862 -2.5 -167.468
      vertex 77.6868 0 -168.243
      vertex 76.7182 0 -167.842
    endloop
  endfacet
  facet normal 0.375277 -0.162083 0.912631
    outer loop
      vertex 77.6868 2.5 -167.799
      vertex 77.6868 0 -168.243
      vertex 77.8546 2.5 -167.868
    endloop
  endfacet
  facet normal 0.376948 -0.161965 0.911964
    outer loop
      vertex 77.8546 2.5 -167.868
      vertex 78.6554 0 -168.643
      vertex 78.6554 2.5 -168.199
    endloop
  endfacet
  facet normal 0.376652 -0.16209 0.912063
    outer loop
      vertex 78.6554 0 -168.643
      vertex 77.8546 2.5 -167.868
      vertex 77.6868 0 -168.243
    endloop
  endfacet
  facet normal 0.375277 0.162083 0.912631
    outer loop
      vertex 77.6868 0 -168.243
      vertex 77.6868 -2.5 -167.799
      vertex 77.8546 -2.5 -167.868
    endloop
  endfacet
  facet normal 0.376948 0.161965 0.911964
    outer loop
      vertex 78.6554 0 -168.643
      vertex 77.8546 -2.5 -167.868
      vertex 78.6554 -2.5 -168.199
    endloop
  endfacet
  facet normal 0.376652 0.16209 0.912063
    outer loop
      vertex 77.8546 -2.5 -167.868
      vertex 78.6554 0 -168.643
      vertex 77.6868 0 -168.243
    endloop
  endfacet
  facet normal 0.375855 -0.162042 0.912401
    outer loop
      vertex 78.6554 2.5 -168.199
      vertex 78.6554 0 -168.643
      vertex 78.8229 2.5 -168.268
    endloop
  endfacet
  facet normal 0.376827 -0.161973 0.912012
    outer loop
      vertex 78.8229 2.5 -168.268
      vertex 79.624 0 -169.043
      vertex 79.624 2.5 -168.599
    endloop
  endfacet
  facet normal 0.376655 -0.162046 0.91207
    outer loop
      vertex 79.624 0 -169.043
      vertex 78.8229 2.5 -168.268
      vertex 78.6554 0 -168.643
    endloop
  endfacet
  facet normal 0.375855 0.162042 0.912401
    outer loop
      vertex 78.6554 0 -168.643
      vertex 78.6554 -2.5 -168.199
      vertex 78.8229 -2.5 -168.268
    endloop
  endfacet
  facet normal 0.376827 0.161973 0.912012
    outer loop
      vertex 79.624 0 -169.043
      vertex 78.8229 -2.5 -168.268
      vertex 79.624 -2.5 -168.599
    endloop
  endfacet
  facet normal 0.376655 0.162046 0.91207
    outer loop
      vertex 78.8229 -2.5 -168.268
      vertex 79.624 0 -169.043
      vertex 78.6554 0 -168.643
    endloop
  endfacet
  facet normal 0.371545 -0.162346 0.91411
    outer loop
      vertex 79.624 2.5 -168.599
      vertex 79.624 0 -169.043
      vertex 79.7913 2.5 -168.667
    endloop
  endfacet
  facet normal 0.3777 -0.162265 0.911599
    outer loop
      vertex 79.7913 2.5 -168.667
      vertex 80.5926 0 -169.444
      vertex 80.5926 2.5 -168.999
    endloop
  endfacet
  facet normal 0.377438 -0.162376 0.911688
    outer loop
      vertex 80.5926 0 -169.444
      vertex 79.7913 2.5 -168.667
      vertex 79.624 0 -169.043
    endloop
  endfacet
  facet normal 0.371545 0.162346 0.91411
    outer loop
      vertex 79.624 0 -169.043
      vertex 79.624 -2.5 -168.599
      vertex 79.7913 -2.5 -168.667
    endloop
  endfacet
  facet normal 0.3777 0.162265 0.911599
    outer loop
      vertex 80.5926 0 -169.444
      vertex 79.7913 -2.5 -168.667
      vertex 80.5926 -2.5 -168.999
    endloop
  endfacet
  facet normal 0.377438 0.162376 0.911688
    outer loop
      vertex 79.7913 -2.5 -168.667
      vertex 80.5926 0 -169.444
      vertex 79.624 0 -169.043
    endloop
  endfacet
  facet normal 0.372098 -0.162662 0.913829
    outer loop
      vertex 80.5926 2.5 -168.999
      vertex 80.5926 0 -169.444
      vertex 80.7596 2.5 -169.067
    endloop
  endfacet
  facet normal 0.377579 -0.162273 0.911648
    outer loop
      vertex 80.7596 2.5 -169.067
      vertex 81.5612 0 -169.844
      vertex 81.5612 2.5 -169.399
    endloop
  endfacet
  facet normal 0.376615 -0.162683 0.911973
    outer loop
      vertex 81.5612 0 -169.844
      vertex 80.7596 2.5 -169.067
      vertex 80.5926 0 -169.444
    endloop
  endfacet
  facet normal 0.372098 0.162662 0.913829
    outer loop
      vertex 80.5926 0 -169.444
      vertex 80.5926 -2.5 -168.999
      vertex 80.7596 -2.5 -169.067
    endloop
  endfacet
  facet normal 0.377579 0.162273 0.911648
    outer loop
      vertex 81.5612 0 -169.844
      vertex 80.7596 -2.5 -169.067
      vertex 81.5612 -2.5 -169.399
    endloop
  endfacet
  facet normal 0.376615 0.162683 0.911973
    outer loop
      vertex 80.7596 -2.5 -169.067
      vertex 81.5612 0 -169.844
      vertex 80.5926 0 -169.444
    endloop
  endfacet
  facet normal 0.372482 -0.162635 0.913678
    outer loop
      vertex 81.5612 2.5 -169.399
      vertex 81.5612 0 -169.844
      vertex 81.728 2.5 -169.467
    endloop
  endfacet
  facet normal 0.377498 -0.162279 0.91168
    outer loop
      vertex 81.728 2.5 -169.467
      vertex 82.5298 0 -170.244
      vertex 82.5298 2.5 -169.799
    endloop
  endfacet
  facet normal 0.376617 -0.162654 0.911978
    outer loop
      vertex 82.5298 0 -170.244
      vertex 81.728 2.5 -169.467
      vertex 81.5612 0 -169.844
    endloop
  endfacet
  facet normal 0.372482 0.162635 0.913678
    outer loop
      vertex 81.5612 0 -169.844
      vertex 81.5612 -2.5 -169.399
      vertex 81.728 -2.5 -169.467
    endloop
  endfacet
  facet normal 0.377498 0.162279 0.91168
    outer loop
      vertex 82.5298 0 -170.244
      vertex 81.728 -2.5 -169.467
      vertex 82.5298 -2.5 -169.799
    endloop
  endfacet
  facet normal 0.376617 0.162654 0.911978
    outer loop
      vertex 81.728 -2.5 -169.467
      vertex 82.5298 0 -170.244
      vertex 81.5612 0 -169.844
    endloop
  endfacet
  facet normal 0.372868 -0.162608 0.913525
    outer loop
      vertex 82.5298 2.5 -169.799
      vertex 82.5298 0 -170.244
      vertex 82.6964 2.5 -169.867
    endloop
  endfacet
  facet normal 0.377395 -0.16264 0.911659
    outer loop
      vertex 82.6964 2.5 -169.867
      vertex 83.4984 0 -170.645
      vertex 83.4984 2.5 -170.199
    endloop
  endfacet
  facet normal 0.377422 -0.162628 0.911649
    outer loop
      vertex 83.4984 0 -170.645
      vertex 82.6964 2.5 -169.867
      vertex 82.5298 0 -170.244
    endloop
  endfacet
  facet normal 0.372868 0.162608 0.913525
    outer loop
      vertex 82.5298 0 -170.244
      vertex 82.5298 -2.5 -169.799
      vertex 82.6964 -2.5 -169.867
    endloop
  endfacet
  facet normal 0.377395 0.16264 0.911659
    outer loop
      vertex 83.4984 0 -170.645
      vertex 82.6964 -2.5 -169.867
      vertex 83.4984 -2.5 -170.199
    endloop
  endfacet
  facet normal 0.377422 0.162628 0.911649
    outer loop
      vertex 82.6964 -2.5 -169.867
      vertex 83.4984 0 -170.645
      vertex 82.5298 0 -170.244
    endloop
  endfacet
  facet normal 0.373424 -0.162922 0.913242
    outer loop
      vertex 83.4984 2.5 -170.199
      vertex 83.4984 0 -170.645
      vertex 83.6647 2.5 -170.267
    endloop
  endfacet
  facet normal 0.377233 -0.162651 0.911723
    outer loop
      vertex 83.6647 2.5 -170.267
      vertex 84.4671 0 -171.045
      vertex 84.4671 2.5 -170.599
    endloop
  endfacet
  facet normal 0.376566 -0.162936 0.911948
    outer loop
      vertex 84.4671 0 -171.045
      vertex 83.6647 2.5 -170.267
      vertex 83.4984 0 -170.645
    endloop
  endfacet
  facet normal 0.373424 0.162922 0.913242
    outer loop
      vertex 83.4984 0 -170.645
      vertex 83.4984 -2.5 -170.199
      vertex 83.6647 -2.5 -170.267
    endloop
  endfacet
  facet normal 0.377233 0.162651 0.911723
    outer loop
      vertex 84.4671 0 -171.045
      vertex 83.6647 -2.5 -170.267
      vertex 84.4671 -2.5 -170.599
    endloop
  endfacet
  facet normal 0.376566 0.162936 0.911948
    outer loop
      vertex 83.6647 -2.5 -170.267
      vertex 84.4671 0 -171.045
      vertex 83.4984 0 -170.645
    endloop
  endfacet
  facet normal 0.374005 -0.162881 0.913012
    outer loop
      vertex 84.4671 2.5 -170.599
      vertex 84.4671 0 -171.045
      vertex 84.6331 2.5 -170.667
    endloop
  endfacet
  facet normal 0.377153 -0.162657 0.911756
    outer loop
      vertex 84.6331 2.5 -170.667
      vertex 85.4357 0 -171.445
      vertex 85.4357 2.5 -170.999
    endloop
  endfacet
  facet normal 0.376602 -0.162892 0.911941
    outer loop
      vertex 85.4357 0 -171.445
      vertex 84.6331 2.5 -170.667
      vertex 84.4671 0 -171.045
    endloop
  endfacet
  facet normal 0.374005 0.162881 0.913012
    outer loop
      vertex 84.4671 0 -171.045
      vertex 84.4671 -2.5 -170.599
      vertex 84.6331 -2.5 -170.667
    endloop
  endfacet
  facet normal 0.377153 0.162657 0.911756
    outer loop
      vertex 85.4357 0 -171.445
      vertex 84.6331 -2.5 -170.667
      vertex 85.4357 -2.5 -170.999
    endloop
  endfacet
  facet normal 0.376602 0.162892 0.911941
    outer loop
      vertex 84.6331 -2.5 -170.667
      vertex 85.4357 0 -171.445
      vertex 84.4671 0 -171.045
    endloop
  endfacet
  facet normal 0.374587 -0.16284 0.91278
    outer loop
      vertex 85.4357 2.5 -170.999
      vertex 85.4357 0 -171.445
      vertex 85.6014 2.5 -171.067
    endloop
  endfacet
  facet normal 0.37701 -0.163021 0.91175
    outer loop
      vertex 85.6014 2.5 -171.067
      vertex 86.4043 0 -171.846
      vertex 86.4043 2.5 -171.399
    endloop
  endfacet
  facet normal 0.377408 -0.162851 0.911615
    outer loop
      vertex 86.4043 0 -171.846
      vertex 85.6014 2.5 -171.067
      vertex 85.4357 0 -171.445
    endloop
  endfacet
  facet normal 0.374587 0.16284 0.91278
    outer loop
      vertex 85.4357 0 -171.445
      vertex 85.4357 -2.5 -170.999
      vertex 85.6014 -2.5 -171.067
    endloop
  endfacet
  facet normal 0.37701 0.163021 0.91175
    outer loop
      vertex 86.4043 0 -171.846
      vertex 85.6014 -2.5 -171.067
      vertex 86.4043 -2.5 -171.399
    endloop
  endfacet
  facet normal 0.377408 0.162851 0.911615
    outer loop
      vertex 85.6014 -2.5 -171.067
      vertex 86.4043 0 -171.846
      vertex 85.4357 0 -171.445
    endloop
  endfacet
  facet normal 0.374954 -0.163168 0.912571
    outer loop
      vertex 86.4043 2.5 -171.399
      vertex 86.4043 0 -171.846
      vertex 86.5698 2.5 -171.467
    endloop
  endfacet
  facet normal 0.375932 -0.163451 0.912118
    outer loop
      vertex 86.5698 2.5 -171.467
      vertex 87.3729 0 -172.246
      vertex 87.3729 2.5 -171.798
    endloop
  endfacet
  facet normal 0.376584 -0.163174 0.911898
    outer loop
      vertex 87.3729 0 -172.246
      vertex 86.5698 2.5 -171.467
      vertex 86.4043 0 -171.846
    endloop
  endfacet
  facet normal 0.374954 0.163168 0.912571
    outer loop
      vertex 86.4043 0 -171.846
      vertex 86.4043 -2.5 -171.399
      vertex 86.5698 -2.5 -171.467
    endloop
  endfacet
  facet normal 0.375932 0.163451 0.912118
    outer loop
      vertex 87.3729 0 -172.246
      vertex 86.5698 -2.5 -171.467
      vertex 87.3729 -2.5 -171.798
    endloop
  endfacet
  facet normal 0.376584 0.163174 0.911898
    outer loop
      vertex 86.5698 -2.5 -171.467
      vertex 87.3729 0 -172.246
      vertex 86.4043 0 -171.846
    endloop
  endfacet
  facet normal 0.375321 -0.163495 0.912361
    outer loop
      vertex 87.3729 2.5 -171.798
      vertex 87.3729 0 -172.246
      vertex 87.5382 2.5 -171.866
    endloop
  endfacet
  facet normal 0.376826 -0.163387 0.91176
    outer loop
      vertex 87.5382 2.5 -171.866
      vertex 88.3415 0 -172.646
      vertex 88.3415 2.5 -172.198
    endloop
  endfacet
  facet normal 0.376564 -0.163499 0.911849
    outer loop
      vertex 88.3415 0 -172.646
      vertex 87.5382 2.5 -171.866
      vertex 87.3729 0 -172.246
    endloop
  endfacet
  facet normal 0.375321 0.163495 0.912361
    outer loop
      vertex 87.3729 0 -172.246
      vertex 87.3729 -2.5 -171.798
      vertex 87.5382 -2.5 -171.866
    endloop
  endfacet
  facet normal 0.376826 0.163387 0.91176
    outer loop
      vertex 88.3415 0 -172.646
      vertex 87.5382 -2.5 -171.866
      vertex 88.3415 -2.5 -172.198
    endloop
  endfacet
  facet normal 0.376564 0.163499 0.911849
    outer loop
      vertex 87.5382 -2.5 -171.866
      vertex 88.3415 0 -172.646
      vertex 87.3729 0 -172.246
    endloop
  endfacet
  facet normal 0.375907 -0.163453 0.912128
    outer loop
      vertex 88.3415 2.5 -172.198
      vertex 88.3415 0 -172.646
      vertex 88.5065 2.5 -172.266
    endloop
  endfacet
  facet normal 0.376683 -0.163751 0.911754
    outer loop
      vertex 88.5065 2.5 -172.266
      vertex 89.3101 0 -173.047
      vertex 89.3101 2.5 -172.598
    endloop
  endfacet
  facet normal 0.37737 -0.163458 0.911523
    outer loop
      vertex 89.3101 0 -173.047
      vertex 88.5065 2.5 -172.266
      vertex 88.3415 0 -172.646
    endloop
  endfacet
  facet normal 0.375907 0.163453 0.912128
    outer loop
      vertex 88.3415 0 -172.646
      vertex 88.3415 -2.5 -172.198
      vertex 88.5065 -2.5 -172.266
    endloop
  endfacet
  facet normal 0.376683 0.163751 0.911754
    outer loop
      vertex 89.3101 0 -173.047
      vertex 88.5065 -2.5 -172.266
      vertex 89.3101 -2.5 -172.598
    endloop
  endfacet
  facet normal 0.37737 0.163458 0.911523
    outer loop
      vertex 88.5065 -2.5 -172.266
      vertex 89.3101 0 -173.047
      vertex 88.3415 0 -172.646
    endloop
  endfacet
  facet normal 0.376276 -0.16378 0.911917
    outer loop
      vertex 89.3101 2.5 -172.598
      vertex 89.3101 0 -173.047
      vertex 89.4749 2.5 -172.666
    endloop
  endfacet
  facet normal 0.376602 -0.163757 0.911786
    outer loop
      vertex 89.4749 2.5 -172.666
      vertex 90.2787 0 -173.447
      vertex 90.2787 2.5 -172.998
    endloop
  endfacet
  facet normal 0.376546 -0.163781 0.911805
    outer loop
      vertex 90.2787 0 -173.447
      vertex 89.4749 2.5 -172.666
      vertex 89.3101 0 -173.047
    endloop
  endfacet
  facet normal 0.376276 0.16378 0.911917
    outer loop
      vertex 89.3101 0 -173.047
      vertex 89.3101 -2.5 -172.598
      vertex 89.4749 -2.5 -172.666
    endloop
  endfacet
  facet normal 0.376602 0.163757 0.911786
    outer loop
      vertex 90.2787 0 -173.447
      vertex 89.4749 -2.5 -172.666
      vertex 90.2787 -2.5 -172.998
    endloop
  endfacet
  facet normal 0.376546 0.163781 0.911805
    outer loop
      vertex 89.4749 -2.5 -172.666
      vertex 90.2787 0 -173.447
      vertex 89.3101 0 -173.047
    endloop
  endfacet
  facet normal 0.376669 -0.163752 0.91176
    outer loop
      vertex 90.2787 2.5 -172.998
      vertex 90.2787 0 -173.447
      vertex 90.4433 2.5 -173.066
    endloop
  endfacet
  facet normal 0.376522 -0.163763 0.911818
    outer loop
      vertex 90.4433 2.5 -173.066
      vertex 91.2473 0 -173.847
      vertex 91.2473 2.5 -173.398
    endloop
  endfacet
  facet normal 0.376548 -0.163752 0.91181
    outer loop
      vertex 91.2473 0 -173.847
      vertex 90.4433 2.5 -173.066
      vertex 90.2787 0 -173.447
    endloop
  endfacet
  facet normal 0.376669 0.163752 0.91176
    outer loop
      vertex 90.2787 0 -173.447
      vertex 90.2787 -2.5 -172.998
      vertex 90.4433 -2.5 -173.066
    endloop
  endfacet
  facet normal 0.376522 0.163763 0.911818
    outer loop
      vertex 91.2473 0 -173.847
      vertex 90.4433 -2.5 -173.066
      vertex 91.2473 -2.5 -173.398
    endloop
  endfacet
  facet normal 0.376548 0.163752 0.91181
    outer loop
      vertex 90.4433 -2.5 -173.066
      vertex 91.2473 0 -173.847
      vertex 90.2787 0 -173.447
    endloop
  endfacet
  facet normal 0.377259 -0.16371 0.911523
    outer loop
      vertex 91.2473 2.5 -173.398
      vertex 91.2473 0 -173.847
      vertex 91.4116 2.5 -173.466
    endloop
  endfacet
  facet normal 0.376339 -0.164129 0.911828
    outer loop
      vertex 91.4116 2.5 -173.466
      vertex 92.216 0 -174.248
      vertex 92.216 2.5 -173.798
    endloop
  endfacet
  facet normal 0.377321 -0.16371 0.911498
    outer loop
      vertex 92.216 0 -174.248
      vertex 91.4116 2.5 -173.466
      vertex 91.2473 0 -173.847
    endloop
  endfacet
  facet normal 0.377259 0.16371 0.911523
    outer loop
      vertex 91.2473 0 -173.847
      vertex 91.2473 -2.5 -173.398
      vertex 91.4116 -2.5 -173.466
    endloop
  endfacet
  facet normal 0.376339 0.164129 0.911828
    outer loop
      vertex 92.216 0 -174.248
      vertex 91.4116 -2.5 -173.466
      vertex 92.216 -2.5 -173.798
    endloop
  endfacet
  facet normal 0.377321 0.16371 0.911498
    outer loop
      vertex 91.4116 -2.5 -173.466
      vertex 92.216 0 -174.248
      vertex 91.2473 0 -173.847
    endloop
  endfacet
  facet normal 0.377828 -0.164022 0.911232
    outer loop
      vertex 92.216 2.5 -173.798
      vertex 92.216 0 -174.248
      vertex 92.38 2.5 -173.866
    endloop
  endfacet
  facet normal 0.376259 -0.164135 0.91186
    outer loop
      vertex 92.38 2.5 -173.866
      vertex 93.1846 0 -174.648
      vertex 93.1846 2.5 -174.198
    endloop
  endfacet
  facet normal 0.376531 -0.164019 0.911769
    outer loop
      vertex 93.1846 0 -174.648
      vertex 92.38 2.5 -173.866
      vertex 92.216 0 -174.248
    endloop
  endfacet
  facet normal 0.377828 0.164022 0.911232
    outer loop
      vertex 92.216 0 -174.248
      vertex 92.216 -2.5 -173.798
      vertex 92.38 -2.5 -173.866
    endloop
  endfacet
  facet normal 0.376259 0.164135 0.91186
    outer loop
      vertex 93.1846 0 -174.648
      vertex 92.38 -2.5 -173.866
      vertex 93.1846 -2.5 -174.198
    endloop
  endfacet
  facet normal 0.376531 0.164019 0.911769
    outer loop
      vertex 92.38 -2.5 -173.866
      vertex 93.1846 0 -174.648
      vertex 92.216 0 -174.248
    endloop
  endfacet
  facet normal 0.378223 -0.163993 0.911073
    outer loop
      vertex 93.1846 2.5 -174.198
      vertex 93.1846 0 -174.648
      vertex 93.3484 2.5 -174.266
    endloop
  endfacet
  facet normal 0.376178 -0.164141 0.911892
    outer loop
      vertex 93.3484 2.5 -174.266
      vertex 94.1532 0 -175.048
      vertex 94.1532 2.5 -174.598
    endloop
  endfacet
  facet normal 0.376532 -0.163989 0.911773
    outer loop
      vertex 94.1532 0 -175.048
      vertex 93.3484 2.5 -174.266
      vertex 93.1846 0 -174.648
    endloop
  endfacet
  facet normal 0.378223 0.163993 0.911073
    outer loop
      vertex 93.1846 0 -174.648
      vertex 93.1846 -2.5 -174.198
      vertex 93.3484 -2.5 -174.266
    endloop
  endfacet
  facet normal 0.376178 0.164141 0.911892
    outer loop
      vertex 94.1532 0 -175.048
      vertex 93.3484 -2.5 -174.266
      vertex 94.1532 -2.5 -174.598
    endloop
  endfacet
  facet normal 0.376532 0.163989 0.911773
    outer loop
      vertex 93.3484 -2.5 -174.266
      vertex 94.1532 0 -175.048
      vertex 93.1846 0 -174.648
    endloop
  endfacet
  facet normal 0.378818 -0.16395 0.910833
    outer loop
      vertex 94.1532 2.5 -174.598
      vertex 94.1532 0 -175.048
      vertex 94.3167 2.5 -174.666
    endloop
  endfacet
  facet normal 0.376035 -0.164504 0.911886
    outer loop
      vertex 94.3167 2.5 -174.666
      vertex 95.1218 0 -175.449
      vertex 95.1218 2.5 -174.998
    endloop
  endfacet
  facet normal 0.377339 -0.163947 0.911448
    outer loop
      vertex 95.1218 0 -175.449
      vertex 94.3167 2.5 -174.666
      vertex 94.1532 0 -175.048
    endloop
  endfacet
  facet normal 0.378818 0.16395 0.910833
    outer loop
      vertex 94.1532 0 -175.048
      vertex 94.1532 -2.5 -174.598
      vertex 94.3167 -2.5 -174.666
    endloop
  endfacet
  facet normal 0.376035 0.164504 0.911886
    outer loop
      vertex 95.1218 0 -175.449
      vertex 94.3167 -2.5 -174.666
      vertex 95.1218 -2.5 -174.998
    endloop
  endfacet
  facet normal 0.377339 0.163947 0.911448
    outer loop
      vertex 94.3167 -2.5 -174.666
      vertex 95.1218 0 -175.449
      vertex 94.1532 0 -175.048
    endloop
  endfacet
  facet normal 0.374403 -0.164622 0.912536
    outer loop
      vertex 95.1218 2.5 -174.998
      vertex 95.1218 0 -175.449
      vertex 95.2851 2.5 -175.065
    endloop
  endfacet
  facet normal 0.376927 -0.16444 0.911529
    outer loop
      vertex 95.2851 2.5 -175.065
      vertex 96.0904 0 -175.849
      vertex 96.0904 2.5 -175.398
    endloop
  endfacet
  facet normal 0.376492 -0.164626 0.911675
    outer loop
      vertex 96.0904 0 -175.849
      vertex 95.2851 2.5 -175.065
      vertex 95.1218 0 -175.449
    endloop
  endfacet
  facet normal 0.374403 0.164622 0.912536
    outer loop
      vertex 95.1218 0 -175.449
      vertex 95.1218 -2.5 -174.998
      vertex 95.2851 -2.5 -175.065
    endloop
  endfacet
  facet normal 0.376927 0.16444 0.911529
    outer loop
      vertex 96.0904 0 -175.849
      vertex 95.2851 -2.5 -175.065
      vertex 96.0904 -2.5 -175.398
    endloop
  endfacet
  facet normal 0.376492 0.164626 0.911675
    outer loop
      vertex 95.2851 -2.5 -175.065
      vertex 96.0904 0 -175.849
      vertex 95.1218 0 -175.449
    endloop
  endfacet
  facet normal 0.374797 -0.164593 0.912379
    outer loop
      vertex 96.0904 2.5 -175.398
      vertex 96.0904 0 -175.849
      vertex 96.2535 2.5 -175.465
    endloop
  endfacet
  facet normal 0.366288 -0.165196 0.91572
    outer loop
      vertex 97.059 2.5 -175.798
      vertex 97.0215 0 -176.234
      vertex 97.059 0 -176.249
    endloop
  endfacet
  facet normal 0.377694 -0.164576 0.911187
    outer loop
      vertex 97.0215 0 -176.234
      vertex 97.059 2.5 -175.798
      vertex 97.0204 2.5 -175.782
    endloop
  endfacet
  facet normal 0.376823 -0.164447 0.911571
    outer loop
      vertex 96.2535 2.5 -175.465
      vertex 97.001 0 -176.225
      vertex 97.001 2.5 -175.774
    endloop
  endfacet
  facet normal 0.376453 -0.164596 0.911697
    outer loop
      vertex 97.001 0 -176.225
      vertex 96.2535 2.5 -175.465
      vertex 96.0904 0 -175.849
    endloop
  endfacet
  facet normal 0.374797 0.164593 0.912379
    outer loop
      vertex 96.0904 0 -175.849
      vertex 96.0904 -2.5 -175.398
      vertex 96.2535 -2.5 -175.465
    endloop
  endfacet
  facet normal 0.366288 0.165196 0.91572
    outer loop
      vertex 97.0215 0 -176.234
      vertex 97.059 -2.5 -175.798
      vertex 97.059 0 -176.249
    endloop
  endfacet
  facet normal 0.377694 0.164576 0.911187
    outer loop
      vertex 97.059 -2.5 -175.798
      vertex 97.0215 0 -176.234
      vertex 97.0204 -2.5 -175.782
    endloop
  endfacet
  facet normal 0.376823 0.164447 0.911571
    outer loop
      vertex 97.001 0 -176.225
      vertex 96.2535 -2.5 -175.465
      vertex 97.001 -2.5 -175.774
    endloop
  endfacet
  facet normal 0.376453 0.164596 0.911697
    outer loop
      vertex 96.2535 -2.5 -175.465
      vertex 97.001 0 -176.225
      vertex 96.0904 0 -175.849
    endloop
  endfacet
  facet normal 1 0 0
    outer loop
      vertex 97.001 0 -176.225
      vertex 97.001 2.5 -175.78
      vertex 97.001 2.5 -175.774
    endloop
  endfacet
  facet normal 1 -0 0
    outer loop
      vertex 97.001 0 -176.225
      vertex 97.001 0 -176.231
      vertex 97.001 2.5 -175.78
    endloop
  endfacet
  facet normal 1 -0 0
    outer loop
      vertex 97.001 -2.5 -175.78
      vertex 97.001 0 -176.225
      vertex 97.001 -2.5 -175.774
    endloop
  endfacet
  facet normal 1 0 0
    outer loop
      vertex 97.001 0 -176.225
      vertex 97.001 -2.5 -175.78
      vertex 97.001 0 -176.231
    endloop
  endfacet
  facet normal 0.100931 -0.176964 0.979028
    outer loop
      vertex 97.001 2.5 -175.78
      vertex 97.0215 0 -176.234
      vertex 97.0204 2.5 -175.782
    endloop
  endfacet
  facet normal 0.142546 -0.175721 0.974065
    outer loop
      vertex 97.0215 0 -176.234
      vertex 97.001 2.5 -175.78
      vertex 97.001 0 -176.231
    endloop
  endfacet
  facet normal 0.117895 -0.176296 0.977252
    outer loop
      vertex 97.059 0 -176.238
      vertex 97.6724 2.5 -175.861
      vertex 97.059 2.5 -175.787
    endloop
  endfacet
  facet normal 0.118653 -0.176464 0.977129
    outer loop
      vertex 97.6724 2.5 -175.861
      vertex 97.059 0 -176.238
      vertex 97.8084 0 -176.329
    endloop
  endfacet
  facet normal 0.122094 -0.176206 0.976752
    outer loop
      vertex 97.8084 2.5 -175.878
      vertex 97.6724 2.5 -175.861
      vertex 97.8084 0 -176.329
    endloop
  endfacet
  facet normal 0.142538 0.176038 0.974009
    outer loop
      vertex 97.001 0 -176.231
      vertex 97.0204 -2.5 -175.782
      vertex 97.0215 0 -176.234
    endloop
  endfacet
  facet normal 0.100937 0.176628 0.979089
    outer loop
      vertex 97.0204 -2.5 -175.782
      vertex 97.001 0 -176.231
      vertex 97.001 -2.5 -175.78
    endloop
  endfacet
  facet normal 0.118653 0.176464 0.977129
    outer loop
      vertex 97.059 0 -176.238
      vertex 97.6724 -2.5 -175.861
      vertex 97.8084 0 -176.329
    endloop
  endfacet
  facet normal 0.117895 0.176296 0.977252
    outer loop
      vertex 97.6724 -2.5 -175.861
      vertex 97.059 0 -176.238
      vertex 97.059 -2.5 -175.787
    endloop
  endfacet
  facet normal 0.122094 0.176206 0.976752
    outer loop
      vertex 97.8084 0 -176.329
      vertex 97.6724 -2.5 -175.861
      vertex 97.8084 -2.5 -175.878
    endloop
  endfacet
  facet normal 0.119299 -0.176266 0.977086
    outer loop
      vertex 97.8084 0 -176.329
      vertex 98.48 2.5 -175.96
      vertex 97.8084 2.5 -175.878
    endloop
  endfacet
  facet normal 0.118596 -0.176095 0.977203
    outer loop
      vertex 98.48 2.5 -175.96
      vertex 97.8084 0 -176.329
      vertex 98.6159 0 -176.427
    endloop
  endfacet
  facet normal 0.122191 -0.175826 0.976808
    outer loop
      vertex 98.6159 2.5 -175.977
      vertex 98.48 2.5 -175.96
      vertex 98.6159 0 -176.427
    endloop
  endfacet
  facet normal 0.118596 0.176095 0.977203
    outer loop
      vertex 97.8084 0 -176.329
      vertex 98.48 -2.5 -175.96
      vertex 98.6159 0 -176.427
    endloop
  endfacet
  facet normal 0.119299 0.176266 0.977086
    outer loop
      vertex 98.48 -2.5 -175.96
      vertex 97.8084 0 -176.329
      vertex 97.8084 -2.5 -175.878
    endloop
  endfacet
  facet normal 0.122191 0.175826 0.976808
    outer loop
      vertex 98.6159 0 -176.427
      vertex 98.48 -2.5 -175.96
      vertex 98.6159 -2.5 -175.977
    endloop
  endfacet
  facet normal 0.117838 -0.175919 0.977326
    outer loop
      vertex 98.6159 0 -176.427
      vertex 99.2877 2.5 -176.058
      vertex 98.6159 2.5 -175.977
    endloop
  endfacet
  facet normal 0.11861 -0.176107 0.977199
    outer loop
      vertex 99.2877 2.5 -176.058
      vertex 98.6159 0 -176.427
      vertex 99.4233 0 -176.525
    endloop
  endfacet
  facet normal 0.122457 -0.17582 0.976776
    outer loop
      vertex 99.4233 2.5 -176.075
      vertex 99.2877 2.5 -176.058
      vertex 99.4233 0 -176.525
    endloop
  endfacet
  facet normal 0.11861 0.176107 0.977199
    outer loop
      vertex 98.6159 0 -176.427
      vertex 99.2877 -2.5 -176.058
      vertex 99.4233 0 -176.525
    endloop
  endfacet
  facet normal 0.117838 0.175919 0.977326
    outer loop
      vertex 99.2877 -2.5 -176.058
      vertex 98.6159 0 -176.427
      vertex 98.6159 -2.5 -175.977
    endloop
  endfacet
  facet normal 0.122457 0.17582 0.976776
    outer loop
      vertex 99.4233 0 -176.525
      vertex 99.2877 -2.5 -176.058
      vertex 99.4233 -2.5 -176.075
    endloop
  endfacet
  facet normal 0.11929 -0.175888 0.977156
    outer loop
      vertex 99.4233 0 -176.525
      vertex 100.095 2.5 -176.157
      vertex 99.4233 2.5 -176.075
    endloop
  endfacet
  facet normal 0.118575 -0.175713 0.977274
    outer loop
      vertex 100.095 2.5 -176.157
      vertex 99.4233 0 -176.525
      vertex 100.231 0 -176.623
    endloop
  endfacet
  facet normal 0.115018 -0.175977 0.977652
    outer loop
      vertex 100.231 2.5 -176.173
      vertex 100.095 2.5 -176.157
      vertex 100.231 0 -176.623
    endloop
  endfacet
  facet normal 0.118575 0.175713 0.977274
    outer loop
      vertex 99.4233 0 -176.525
      vertex 100.095 -2.5 -176.157
      vertex 100.231 0 -176.623
    endloop
  endfacet
  facet normal 0.11929 0.175888 0.977156
    outer loop
      vertex 100.095 -2.5 -176.157
      vertex 99.4233 0 -176.525
      vertex 99.4233 -2.5 -176.075
    endloop
  endfacet
  facet normal 0.115018 0.175977 0.977652
    outer loop
      vertex 100.231 0 -176.623
      vertex 100.095 -2.5 -176.157
      vertex 100.231 -2.5 -176.173
    endloop
  endfacet
  facet normal 0.119237 -0.175889 0.977162
    outer loop
      vertex 100.231 0 -176.623
      vertex 100.903 2.5 -176.255
      vertex 100.231 2.5 -176.173
    endloop
  endfacet
  facet normal 0.118675 -0.175752 0.977255
    outer loop
      vertex 100.903 2.5 -176.255
      vertex 100.231 0 -176.623
      vertex 101.038 0 -176.721
    endloop
  endfacet
  facet normal 0.123002 -0.175429 0.976778
    outer loop
      vertex 101.038 2.5 -176.272
      vertex 100.903 2.5 -176.255
      vertex 101.038 0 -176.721
    endloop
  endfacet
  facet normal 0.118675 0.175752 0.977255
    outer loop
      vertex 100.231 0 -176.623
      vertex 100.903 -2.5 -176.255
      vertex 101.038 0 -176.721
    endloop
  endfacet
  facet normal 0.119237 0.175889 0.977162
    outer loop
      vertex 100.903 -2.5 -176.255
      vertex 100.231 0 -176.623
      vertex 100.231 -2.5 -176.173
    endloop
  endfacet
  facet normal 0.123002 0.175429 0.976778
    outer loop
      vertex 101.038 0 -176.721
      vertex 100.903 -2.5 -176.255
      vertex 101.038 -2.5 -176.272
    endloop
  endfacet
  facet normal 0.117639 -0.175544 0.977418
    outer loop
      vertex 101.038 0 -176.721
      vertex 101.711 2.5 -176.353
      vertex 101.038 2.5 -176.272
    endloop
  endfacet
  facet normal 0.11853 -0.175763 0.977271
    outer loop
      vertex 101.711 2.5 -176.353
      vertex 101.038 0 -176.721
      vertex 101.846 0 -176.819
    endloop
  endfacet
  facet normal 0.123002 -0.175429 0.976778
    outer loop
      vertex 101.846 2.5 -176.37
      vertex 101.711 2.5 -176.353
      vertex 101.846 0 -176.819
    endloop
  endfacet
  facet normal 0.11853 0.175763 0.977271
    outer loop
      vertex 101.038 0 -176.721
      vertex 101.711 -2.5 -176.353
      vertex 101.846 0 -176.819
    endloop
  endfacet
  facet normal 0.117639 0.175544 0.977418
    outer loop
      vertex 101.711 -2.5 -176.353
      vertex 101.038 0 -176.721
      vertex 101.038 -2.5 -176.272
    endloop
  endfacet
  facet normal 0.123002 0.175429 0.976778
    outer loop
      vertex 101.846 0 -176.819
      vertex 101.711 -2.5 -176.353
      vertex 101.846 -2.5 -176.37
    endloop
  endfacet
  facet normal 0.119245 -0.17551 0.977229
    outer loop
      vertex 101.846 0 -176.819
      vertex 102.518 2.5 -176.452
      vertex 101.846 2.5 -176.37
    endloop
  endfacet
  facet normal 0.118683 -0.175373 0.977322
    outer loop
      vertex 102.518 2.5 -176.452
      vertex 101.846 0 -176.819
      vertex 102.653 0 -176.917
    endloop
  endfacet
  facet normal 0.12301 -0.175051 0.976845
    outer loop
      vertex 102.653 2.5 -176.469
      vertex 102.518 2.5 -176.452
      vertex 102.653 0 -176.917
    endloop
  endfacet
  facet normal 0.118683 0.175373 0.977322
    outer loop
      vertex 101.846 0 -176.819
      vertex 102.518 -2.5 -176.452
      vertex 102.653 0 -176.917
    endloop
  endfacet
  facet normal 0.119245 0.17551 0.977229
    outer loop
      vertex 102.518 -2.5 -176.452
      vertex 101.846 0 -176.819
      vertex 101.846 -2.5 -176.37
    endloop
  endfacet
  facet normal 0.12301 0.175051 0.976845
    outer loop
      vertex 102.653 0 -176.917
      vertex 102.518 -2.5 -176.452
      vertex 102.653 -2.5 -176.469
    endloop
  endfacet
  facet normal 0.117647 -0.175165 0.977485
    outer loop
      vertex 102.653 0 -176.917
      vertex 103.326 2.5 -176.55
      vertex 102.653 2.5 -176.469
    endloop
  endfacet
  facet normal 0.118538 -0.175384 0.977338
    outer loop
      vertex 103.326 2.5 -176.55
      vertex 102.653 0 -176.917
      vertex 103.461 0 -177.015
    endloop
  endfacet
  facet normal 0.12301 -0.175051 0.976845
    outer loop
      vertex 103.461 2.5 -176.567
      vertex 103.326 2.5 -176.55
      vertex 103.461 0 -177.015
    endloop
  endfacet
  facet normal 0.118538 0.175384 0.977338
    outer loop
      vertex 102.653 0 -176.917
      vertex 103.326 -2.5 -176.55
      vertex 103.461 0 -177.015
    endloop
  endfacet
  facet normal 0.117647 0.175165 0.977485
    outer loop
      vertex 103.326 -2.5 -176.55
      vertex 102.653 0 -176.917
      vertex 102.653 -2.5 -176.469
    endloop
  endfacet
  facet normal 0.12301 0.175051 0.976845
    outer loop
      vertex 103.461 0 -177.015
      vertex 103.326 -2.5 -176.55
      vertex 103.461 -2.5 -176.567
    endloop
  endfacet
  facet normal 0.119079 -0.175135 0.977317
    outer loop
      vertex 103.461 0 -177.015
      vertex 104.134 2.5 -176.649
      vertex 103.461 2.5 -176.567
    endloop
  endfacet
  facet normal 0.118691 -0.17504 0.977381
    outer loop
      vertex 104.134 2.5 -176.649
      vertex 103.461 0 -177.015
      vertex 104.268 0 -177.113
    endloop
  endfacet
  facet normal 0.116727 -0.175184 0.977592
    outer loop
      vertex 104.268 2.5 -176.665
      vertex 104.134 2.5 -176.649
      vertex 104.268 0 -177.113
    endloop
  endfacet
  facet normal 0.118691 0.17504 0.977381
    outer loop
      vertex 103.461 0 -177.015
      vertex 104.134 -2.5 -176.649
      vertex 104.268 0 -177.113
    endloop
  endfacet
  facet normal 0.119079 0.175135 0.977317
    outer loop
      vertex 104.134 -2.5 -176.649
      vertex 103.461 0 -177.015
      vertex 103.461 -2.5 -176.567
    endloop
  endfacet
  facet normal 0.116727 0.175184 0.977592
    outer loop
      vertex 104.268 0 -177.113
      vertex 104.134 -2.5 -176.649
      vertex 104.268 -2.5 -176.665
    endloop
  endfacet
  facet normal 0.119079 -0.175135 0.977317
    outer loop
      vertex 104.268 0 -177.113
      vertex 104.941 2.5 -176.747
      vertex 104.268 2.5 -176.665
    endloop
  endfacet
  facet normal 0.118691 -0.17504 0.977381
    outer loop
      vertex 104.941 2.5 -176.747
      vertex 104.268 0 -177.113
      vertex 105.075 0 -177.211
    endloop
  endfacet
  facet normal 0.123922 -0.174652 0.976801
    outer loop
      vertex 105.075 2.5 -176.764
      vertex 104.941 2.5 -176.747
      vertex 105.075 0 -177.211
    endloop
  endfacet
  facet normal 0.118691 0.17504 0.977381
    outer loop
      vertex 104.268 0 -177.113
      vertex 104.941 -2.5 -176.747
      vertex 105.075 0 -177.211
    endloop
  endfacet
  facet normal 0.119079 0.175135 0.977317
    outer loop
      vertex 104.941 -2.5 -176.747
      vertex 104.268 0 -177.113
      vertex 104.268 -2.5 -176.665
    endloop
  endfacet
  facet normal 0.123922 0.174652 0.976801
    outer loop
      vertex 105.075 0 -177.211
      vertex 104.941 -2.5 -176.747
      vertex 105.075 -2.5 -176.764
    endloop
  endfacet
  facet normal 0.117483 -0.17479 0.977572
    outer loop
      vertex 105.075 0 -177.211
      vertex 105.749 2.5 -176.845
      vertex 105.075 2.5 -176.764
    endloop
  endfacet
  facet normal 0.118546 -0.175051 0.977397
    outer loop
      vertex 105.749 2.5 -176.845
      vertex 105.075 0 -177.211
      vertex 105.883 0 -177.309
    endloop
  endfacet
  facet normal 0.123922 -0.174652 0.976801
    outer loop
      vertex 105.883 2.5 -176.862
      vertex 105.749 2.5 -176.845
      vertex 105.883 0 -177.309
    endloop
  endfacet
  facet normal 0.118546 0.175051 0.977397
    outer loop
      vertex 105.075 0 -177.211
      vertex 105.749 -2.5 -176.845
      vertex 105.883 0 -177.309
    endloop
  endfacet
  facet normal 0.117483 0.17479 0.977572
    outer loop
      vertex 105.749 -2.5 -176.845
      vertex 105.075 0 -177.211
      vertex 105.075 -2.5 -176.764
    endloop
  endfacet
  facet normal 0.123922 0.174652 0.976801
    outer loop
      vertex 105.883 0 -177.309
      vertex 105.749 -2.5 -176.845
      vertex 105.883 -2.5 -176.862
    endloop
  endfacet
  facet normal 0.119087 -0.174756 0.977384
    outer loop
      vertex 105.883 0 -177.309
      vertex 106.556 2.5 -176.944
      vertex 105.883 2.5 -176.862
    endloop
  endfacet
  facet normal 0.118699 -0.174661 0.977448
    outer loop
      vertex 106.556 2.5 -176.944
      vertex 105.883 0 -177.309
      vertex 106.69 0 -177.407
    endloop
  endfacet
  facet normal 0.116735 -0.174805 0.977658
    outer loop
      vertex 106.69 2.5 -176.96
      vertex 106.556 2.5 -176.944
      vertex 106.69 0 -177.407
    endloop
  endfacet
  facet normal 0.118699 0.174661 0.977448
    outer loop
      vertex 105.883 0 -177.309
      vertex 106.556 -2.5 -176.944
      vertex 106.69 0 -177.407
    endloop
  endfacet
  facet normal 0.119087 0.174756 0.977384
    outer loop
      vertex 106.556 -2.5 -176.944
      vertex 105.883 0 -177.309
      vertex 105.883 -2.5 -176.862
    endloop
  endfacet
  facet normal 0.116735 0.174805 0.977658
    outer loop
      vertex 106.69 0 -177.407
      vertex 106.556 -2.5 -176.944
      vertex 106.69 -2.5 -176.96
    endloop
  endfacet
  facet normal 0.118913 -0.17476 0.977404
    outer loop
      vertex 106.69 0 -177.407
      vertex 107.364 2.5 -177.042
      vertex 106.69 2.5 -176.96
    endloop
  endfacet
  facet normal 0.118554 -0.174672 0.977463
    outer loop
      vertex 107.364 2.5 -177.042
      vertex 106.69 0 -177.407
      vertex 107.498 0 -177.505
    endloop
  endfacet
  facet normal 0.123931 -0.174273 0.976867
    outer loop
      vertex 107.498 2.5 -177.059
      vertex 107.364 2.5 -177.042
      vertex 107.498 0 -177.505
    endloop
  endfacet
  facet normal 0.118554 0.174672 0.977463
    outer loop
      vertex 106.69 0 -177.407
      vertex 107.364 -2.5 -177.042
      vertex 107.498 0 -177.505
    endloop
  endfacet
  facet normal 0.118913 0.17476 0.977404
    outer loop
      vertex 107.364 -2.5 -177.042
      vertex 106.69 0 -177.407
      vertex 106.69 -2.5 -176.96
    endloop
  endfacet
  facet normal 0.123931 0.174273 0.976867
    outer loop
      vertex 107.498 0 -177.505
      vertex 107.364 -2.5 -177.042
      vertex 107.498 -2.5 -177.059
    endloop
  endfacet
  facet normal 0.118921 -0.174381 0.977471
    outer loop
      vertex 107.498 0 -177.505
      vertex 108.172 2.5 -177.141
      vertex 107.498 2.5 -177.059
    endloop
  endfacet
  facet normal 0.118706 -0.174328 0.977506
    outer loop
      vertex 108.172 2.5 -177.141
      vertex 107.498 0 -177.505
      vertex 108.305 0 -177.603
    endloop
  endfacet
  facet normal 0.117609 -0.174408 0.977625
    outer loop
      vertex 108.305 2.5 -177.157
      vertex 108.172 2.5 -177.141
      vertex 108.305 0 -177.603
    endloop
  endfacet
  facet normal 0.118706 0.174328 0.977506
    outer loop
      vertex 107.498 0 -177.505
      vertex 108.172 -2.5 -177.141
      vertex 108.305 0 -177.603
    endloop
  endfacet
  facet normal 0.118921 0.174381 0.977471
    outer loop
      vertex 108.172 -2.5 -177.141
      vertex 107.498 0 -177.505
      vertex 107.498 -2.5 -177.059
    endloop
  endfacet
  facet normal 0.117609 0.174408 0.977625
    outer loop
      vertex 108.305 0 -177.603
      vertex 108.172 -2.5 -177.141
      vertex 108.305 -2.5 -177.157
    endloop
  endfacet
  facet normal 0.118921 -0.174381 0.977471
    outer loop
      vertex 108.305 0 -177.603
      vertex 108.979 2.5 -177.239
      vertex 108.305 2.5 -177.157
    endloop
  endfacet
  facet normal 0.118562 -0.174293 0.97753
    outer loop
      vertex 108.979 2.5 -177.239
      vertex 108.305 0 -177.603
      vertex 109.113 0 -177.701
    endloop
  endfacet
  facet normal 0.116743 -0.174426 0.977725
    outer loop
      vertex 109.113 2.5 -177.255
      vertex 108.979 2.5 -177.239
      vertex 109.113 0 -177.701
    endloop
  endfacet
  facet normal 0.118562 0.174293 0.97753
    outer loop
      vertex 108.305 0 -177.603
      vertex 108.979 -2.5 -177.239
      vertex 109.113 0 -177.701
    endloop
  endfacet
  facet normal 0.118921 0.174381 0.977471
    outer loop
      vertex 108.979 -2.5 -177.239
      vertex 108.305 0 -177.603
      vertex 108.305 -2.5 -177.157
    endloop
  endfacet
  facet normal 0.116743 0.174426 0.977725
    outer loop
      vertex 109.113 0 -177.701
      vertex 108.979 -2.5 -177.239
      vertex 109.113 -2.5 -177.255
    endloop
  endfacet
  facet normal 0.118921 -0.174381 0.977471
    outer loop
      vertex 109.113 0 -177.701
      vertex 109.787 2.5 -177.337
      vertex 109.113 2.5 -177.255
    endloop
  endfacet
  facet normal 0.118706 -0.174328 0.977506
    outer loop
      vertex 109.787 2.5 -177.337
      vertex 109.113 0 -177.701
      vertex 109.92 0 -177.799
    endloop
  endfacet
  facet normal 0.124857 -0.173874 0.976821
    outer loop
      vertex 109.92 2.5 -177.354
      vertex 109.787 2.5 -177.337
      vertex 109.92 0 -177.799
    endloop
  endfacet
  facet normal 0.118706 0.174328 0.977506
    outer loop
      vertex 109.113 0 -177.701
      vertex 109.787 -2.5 -177.337
      vertex 109.92 0 -177.799
    endloop
  endfacet
  facet normal 0.118921 0.174381 0.977471
    outer loop
      vertex 109.787 -2.5 -177.337
      vertex 109.113 0 -177.701
      vertex 109.113 -2.5 -177.255
    endloop
  endfacet
  facet normal 0.124857 0.173874 0.976821
    outer loop
      vertex 109.92 0 -177.799
      vertex 109.787 -2.5 -177.337
      vertex 109.92 -2.5 -177.354
    endloop
  endfacet
  facet normal 0.118755 -0.174005 0.977558
    outer loop
      vertex 109.92 0 -177.799
      vertex 110.595 2.5 -177.436
      vertex 109.92 2.5 -177.354
    endloop
  endfacet
  facet normal 0.118569 -0.173959 0.977589
    outer loop
      vertex 110.595 2.5 -177.436
      vertex 109.92 0 -177.799
      vertex 110.728 0 -177.897
    endloop
  endfacet
  facet normal 0.117617 -0.174029 0.977691
    outer loop
      vertex 110.728 2.5 -177.452
      vertex 110.595 2.5 -177.436
      vertex 110.728 0 -177.897
    endloop
  endfacet
  facet normal 0.118569 0.173959 0.977589
    outer loop
      vertex 109.92 0 -177.799
      vertex 110.595 -2.5 -177.436
      vertex 110.728 0 -177.897
    endloop
  endfacet
  facet normal 0.118755 0.174005 0.977558
    outer loop
      vertex 110.595 -2.5 -177.436
      vertex 109.92 0 -177.799
      vertex 109.92 -2.5 -177.354
    endloop
  endfacet
  facet normal 0.117617 0.174029 0.977691
    outer loop
      vertex 110.728 0 -177.897
      vertex 110.595 -2.5 -177.436
      vertex 110.728 -2.5 -177.452
    endloop
  endfacet
  facet normal 0.118929 -0.174002 0.977537
    outer loop
      vertex 110.728 0 -177.897
      vertex 111.402 2.5 -177.534
      vertex 110.728 2.5 -177.452
    endloop
  endfacet
  facet normal 0.118714 -0.173949 0.977573
    outer loop
      vertex 111.402 2.5 -177.534
      vertex 110.728 0 -177.897
      vertex 111.535 0 -177.995
    endloop
  endfacet
  facet normal 0.124865 -0.173495 0.976887
    outer loop
      vertex 111.535 2.5 -177.551
      vertex 111.402 2.5 -177.534
      vertex 111.535 0 -177.995
    endloop
  endfacet
  facet normal 0.118714 0.173949 0.977573
    outer loop
      vertex 110.728 0 -177.897
      vertex 111.402 -2.5 -177.534
      vertex 111.535 0 -177.995
    endloop
  endfacet
  facet normal 0.118929 0.174002 0.977537
    outer loop
      vertex 111.402 -2.5 -177.534
      vertex 110.728 0 -177.897
      vertex 110.728 -2.5 -177.452
    endloop
  endfacet
  facet normal 0.124865 0.173495 0.976887
    outer loop
      vertex 111.535 0 -177.995
      vertex 111.402 -2.5 -177.534
      vertex 111.535 -2.5 -177.551
    endloop
  endfacet
  facet normal 0.117335 -0.173656 0.977791
    outer loop
      vertex 111.535 0 -177.995
      vertex 112.21 2.5 -177.632
      vertex 111.535 2.5 -177.551
    endloop
  endfacet
  facet normal 0.118713 -0.173995 0.977565
    outer loop
      vertex 112.21 2.5 -177.632
      vertex 111.535 0 -177.995
      vertex 112.342 0 -178.093
    endloop
  endfacet
  facet normal 0.125796 -0.173475 0.976771
    outer loop
      vertex 112.342 2.5 -177.649
      vertex 112.21 2.5 -177.632
      vertex 112.342 0 -178.093
    endloop
  endfacet
  facet normal 0.118713 0.173995 0.977565
    outer loop
      vertex 111.535 0 -177.995
      vertex 112.21 -2.5 -177.632
      vertex 112.342 0 -178.093
    endloop
  endfacet
  facet normal 0.117335 0.173656 0.977791
    outer loop
      vertex 112.21 -2.5 -177.632
      vertex 111.535 0 -177.995
      vertex 111.535 -2.5 -177.551
    endloop
  endfacet
  facet normal 0.125796 0.173475 0.976771
    outer loop
      vertex 112.342 0 -178.093
      vertex 112.21 -2.5 -177.632
      vertex 112.342 -2.5 -177.649
    endloop
  endfacet
  facet normal 0.11859 -0.17363 0.977645
    outer loop
      vertex 112.342 0 -178.093
      vertex 113.018 2.5 -177.731
      vertex 112.342 2.5 -177.649
    endloop
  endfacet
  facet normal 0.118576 -0.173626 0.977647
    outer loop
      vertex 113.018 2.5 -177.731
      vertex 112.342 0 -178.093
      vertex 113.15 0 -178.191
    endloop
  endfacet
  facet normal 0.118504 -0.173632 0.977655
    outer loop
      vertex 113.15 2.5 -177.747
      vertex 113.018 2.5 -177.731
      vertex 113.15 0 -178.191
    endloop
  endfacet
  facet normal 0.118576 0.173626 0.977647
    outer loop
      vertex 112.342 0 -178.093
      vertex 113.018 -2.5 -177.731
      vertex 113.15 0 -178.191
    endloop
  endfacet
  facet normal 0.11859 0.17363 0.977645
    outer loop
      vertex 113.018 -2.5 -177.731
      vertex 112.342 0 -178.093
      vertex 112.342 -2.5 -177.649
    endloop
  endfacet
  facet normal 0.118504 0.173632 0.977655
    outer loop
      vertex 113.15 0 -178.191
      vertex 113.018 -2.5 -177.731
      vertex 113.15 -2.5 -177.747
    endloop
  endfacet
  facet normal 0.118763 -0.173626 0.977624
    outer loop
      vertex 113.15 0 -178.191
      vertex 113.825 2.5 -177.829
      vertex 113.15 2.5 -177.747
    endloop
  endfacet
  facet normal 0.118721 -0.173616 0.977631
    outer loop
      vertex 113.825 2.5 -177.829
      vertex 113.15 0 -178.191
      vertex 113.957 0 -178.289
    endloop
  endfacet
  facet normal 0.125805 -0.173096 0.976837
    outer loop
      vertex 113.957 2.5 -177.846
      vertex 113.825 2.5 -177.829
      vertex 113.957 0 -178.289
    endloop
  endfacet
  facet normal 0.118721 0.173616 0.977631
    outer loop
      vertex 113.15 0 -178.191
      vertex 113.825 -2.5 -177.829
      vertex 113.957 0 -178.289
    endloop
  endfacet
  facet normal 0.118763 0.173626 0.977624
    outer loop
      vertex 113.825 -2.5 -177.829
      vertex 113.15 0 -178.191
      vertex 113.15 -2.5 -177.747
    endloop
  endfacet
  facet normal 0.125805 0.173096 0.976837
    outer loop
      vertex 113.957 0 -178.289
      vertex 113.825 -2.5 -177.829
      vertex 113.957 -2.5 -177.846
    endloop
  endfacet
  facet normal 0.118598 -0.17325 0.977711
    outer loop
      vertex 113.957 0 -178.289
      vertex 114.633 2.5 -177.928
      vertex 113.957 2.5 -177.846
    endloop
  endfacet
  facet normal 0.118584 -0.173247 0.977713
    outer loop
      vertex 114.633 2.5 -177.928
      vertex 113.957 0 -178.289
      vertex 114.765 0 -178.387
    endloop
  endfacet
  facet normal 0.118512 -0.173252 0.977721
    outer loop
      vertex 114.765 2.5 -177.944
      vertex 114.633 2.5 -177.928
      vertex 114.765 0 -178.387
    endloop
  endfacet
  facet normal 0.118584 0.173247 0.977713
    outer loop
      vertex 113.957 0 -178.289
      vertex 114.633 -2.5 -177.928
      vertex 114.765 0 -178.387
    endloop
  endfacet
  facet normal 0.118598 0.17325 0.977711
    outer loop
      vertex 114.633 -2.5 -177.928
      vertex 113.957 0 -178.289
      vertex 113.957 -2.5 -177.846
    endloop
  endfacet
  facet normal 0.118512 0.173252 0.977721
    outer loop
      vertex 114.765 0 -178.387
      vertex 114.633 -2.5 -177.928
      vertex 114.765 -2.5 -177.944
    endloop
  endfacet
  facet normal 0.118771 -0.173247 0.977691
    outer loop
      vertex 114.765 0 -178.387
      vertex 115.44 2.5 -178.026
      vertex 114.765 2.5 -177.944
    endloop
  endfacet
  facet normal 0.118729 -0.173236 0.977698
    outer loop
      vertex 115.44 2.5 -178.026
      vertex 114.765 0 -178.387
      vertex 115.572 0 -178.485
    endloop
  endfacet
  facet normal 0.118512 -0.173252 0.977721
    outer loop
      vertex 115.572 2.5 -178.042
      vertex 115.44 2.5 -178.026
      vertex 115.572 0 -178.485
    endloop
  endfacet
  facet normal 0.118729 0.173236 0.977698
    outer loop
      vertex 114.765 0 -178.387
      vertex 115.44 -2.5 -178.026
      vertex 115.572 0 -178.485
    endloop
  endfacet
  facet normal 0.118771 0.173247 0.977691
    outer loop
      vertex 115.44 -2.5 -178.026
      vertex 114.765 0 -178.387
      vertex 114.765 -2.5 -177.944
    endloop
  endfacet
  facet normal 0.118512 0.173252 0.977721
    outer loop
      vertex 115.572 0 -178.485
      vertex 115.44 -2.5 -178.026
      vertex 115.572 -2.5 -178.042
    endloop
  endfacet
  facet normal 0.118598 -0.17325 0.977711
    outer loop
      vertex 115.572 0 -178.485
      vertex 116.248 2.5 -178.124
      vertex 115.572 2.5 -178.042
    endloop
  endfacet
  facet normal 0.117397 -0.172954 0.977908
    outer loop
      vertex 116.248 2.5 -178.124
      vertex 115.572 0 -178.485
      vertex 116.38 0 -178.582
    endloop
  endfacet
  facet normal 0.125822 -0.172337 0.976969
    outer loop
      vertex 116.38 2.5 -178.141
      vertex 116.248 2.5 -178.124
      vertex 116.38 0 -178.582
    endloop
  endfacet
  facet normal 0.117397 0.172954 0.977908
    outer loop
      vertex 115.572 0 -178.485
      vertex 116.248 -2.5 -178.124
      vertex 116.38 0 -178.582
    endloop
  endfacet
  facet normal 0.118598 0.17325 0.977711
    outer loop
      vertex 116.248 -2.5 -178.124
      vertex 115.572 0 -178.485
      vertex 115.572 -2.5 -178.042
    endloop
  endfacet
  facet normal 0.125822 0.172337 0.976969
    outer loop
      vertex 116.38 0 -178.582
      vertex 116.248 -2.5 -178.124
      vertex 116.38 -2.5 -178.141
    endloop
  endfacet
  facet normal 0.118614 -0.172492 0.977843
    outer loop
      vertex 116.38 0 -178.582
      vertex 117.056 2.5 -178.223
      vertex 116.38 2.5 -178.141
    endloop
  endfacet
  facet normal 0.118744 -0.172524 0.977822
    outer loop
      vertex 117.056 2.5 -178.223
      vertex 116.38 0 -178.582
      vertex 117.187 0 -178.68
    endloop
  endfacet
  facet normal 0.11942 -0.172475 0.977748
    outer loop
      vertex 117.187 2.5 -178.239
      vertex 117.056 2.5 -178.223
      vertex 117.187 0 -178.68
    endloop
  endfacet
  facet normal 0.118744 0.172524 0.977822
    outer loop
      vertex 116.38 0 -178.582
      vertex 117.056 -2.5 -178.223
      vertex 117.187 0 -178.68
    endloop
  endfacet
  facet normal 0.118614 0.172492 0.977843
    outer loop
      vertex 117.056 -2.5 -178.223
      vertex 116.38 0 -178.582
      vertex 116.38 -2.5 -178.141
    endloop
  endfacet
  facet normal 0.11942 0.172475 0.977748
    outer loop
      vertex 117.187 0 -178.68
      vertex 117.056 -2.5 -178.223
      vertex 117.187 -2.5 -178.239
    endloop
  endfacet
  facet normal 0.118614 -0.172492 0.977843
    outer loop
      vertex 117.187 0 -178.68
      vertex 117.863 2.5 -178.321
      vertex 117.187 2.5 -178.239
    endloop
  endfacet
  facet normal 0.1186 -0.172488 0.977846
    outer loop
      vertex 117.863 2.5 -178.321
      vertex 117.187 0 -178.68
      vertex 117.995 0 -178.778
    endloop
  endfacet
  facet normal 0.118528 -0.172493 0.977853
    outer loop
      vertex 117.995 2.5 -178.337
      vertex 117.863 2.5 -178.321
      vertex 117.995 0 -178.778
    endloop
  endfacet
  facet normal 0.1186 0.172488 0.977846
    outer loop
      vertex 117.187 0 -178.68
      vertex 117.863 -2.5 -178.321
      vertex 117.995 0 -178.778
    endloop
  endfacet
  facet normal 0.118614 0.172492 0.977843
    outer loop
      vertex 117.863 -2.5 -178.321
      vertex 117.187 0 -178.68
      vertex 117.187 -2.5 -178.239
    endloop
  endfacet
  facet normal 0.118528 0.172493 0.977853
    outer loop
      vertex 117.995 0 -178.778
      vertex 117.863 -2.5 -178.321
      vertex 117.995 -2.5 -178.337
    endloop
  endfacet
  facet normal 0.118614 -0.172492 0.977843
    outer loop
      vertex 117.995 0 -178.778
      vertex 118.671 2.5 -178.419
      vertex 117.995 2.5 -178.337
    endloop
  endfacet
  facet normal 0.118744 -0.172524 0.977822
    outer loop
      vertex 118.671 2.5 -178.419
      vertex 117.995 0 -178.778
      vertex 118.802 0 -178.876
    endloop
  endfacet
  facet normal 0.126775 -0.171937 0.976916
    outer loop
      vertex 118.802 2.5 -178.436
      vertex 118.671 2.5 -178.419
      vertex 118.802 0 -178.876
    endloop
  endfacet
  facet normal 0.118744 0.172524 0.977822
    outer loop
      vertex 117.995 0 -178.778
      vertex 118.671 -2.5 -178.419
      vertex 118.802 0 -178.876
    endloop
  endfacet
  facet normal 0.118614 0.172492 0.977843
    outer loop
      vertex 118.671 -2.5 -178.419
      vertex 117.995 0 -178.778
      vertex 117.995 -2.5 -178.337
    endloop
  endfacet
  facet normal 0.126775 0.171937 0.976916
    outer loop
      vertex 118.802 0 -178.876
      vertex 118.671 -2.5 -178.419
      vertex 118.802 -2.5 -178.436
    endloop
  endfacet
  facet normal 0.118449 -0.172116 0.977929
    outer loop
      vertex 118.802 0 -178.876
      vertex 119.479 2.5 -178.518
      vertex 118.802 2.5 -178.436
    endloop
  endfacet
  facet normal 0.118751 -0.17219 0.97788
    outer loop
      vertex 119.479 2.5 -178.518
      vertex 118.802 0 -178.876
      vertex 119.609 0 -178.974
    endloop
  endfacet
  facet normal 0.120333 -0.172076 0.977706
    outer loop
      vertex 119.609 2.5 -178.534
      vertex 119.479 2.5 -178.518
      vertex 119.609 0 -178.974
    endloop
  endfacet
  facet normal 0.118751 0.17219 0.97788
    outer loop
      vertex 118.802 0 -178.876
      vertex 119.479 -2.5 -178.518
      vertex 119.609 0 -178.974
    endloop
  endfacet
  facet normal 0.118449 0.172116 0.977929
    outer loop
      vertex 119.479 -2.5 -178.518
      vertex 118.802 0 -178.876
      vertex 118.802 -2.5 -178.436
    endloop
  endfacet
  facet normal 0.120333 0.172076 0.977706
    outer loop
      vertex 119.609 0 -178.974
      vertex 119.479 -2.5 -178.518
      vertex 119.609 -2.5 -178.534
    endloop
  endfacet
  facet normal 0.118449 -0.172116 0.977929
    outer loop
      vertex 119.609 0 -178.974
      vertex 120.286 2.5 -178.616
      vertex 119.609 2.5 -178.534
    endloop
  endfacet
  facet normal 0.118607 -0.172155 0.977903
    outer loop
      vertex 120.286 2.5 -178.616
      vertex 119.609 0 -178.974
      vertex 120.417 0 -179.072
    endloop
  endfacet
  facet normal 0.119428 -0.172095 0.977814
    outer loop
      vertex 120.417 2.5 -178.632
      vertex 120.286 2.5 -178.616
      vertex 120.417 0 -179.072
    endloop
  endfacet
  facet normal 0.118607 0.172155 0.977903
    outer loop
      vertex 119.609 0 -178.974
      vertex 120.286 -2.5 -178.616
      vertex 120.417 0 -179.072
    endloop
  endfacet
  facet normal 0.118449 0.172116 0.977929
    outer loop
      vertex 120.286 -2.5 -178.616
      vertex 119.609 0 -178.974
      vertex 119.609 -2.5 -178.534
    endloop
  endfacet
  facet normal 0.119428 0.172095 0.977814
    outer loop
      vertex 120.417 0 -179.072
      vertex 120.286 -2.5 -178.616
      vertex 120.417 -2.5 -178.632
    endloop
  endfacet
  facet normal 0.118449 -0.172116 0.977929
    outer loop
      vertex 120.417 0 -179.072
      vertex 121.094 2.5 -178.714
      vertex 120.417 2.5 -178.632
    endloop
  endfacet
  facet normal 0.118751 -0.17219 0.97788
    outer loop
      vertex 121.094 2.5 -178.714
      vertex 120.417 0 -179.072
      vertex 121.224 0 -179.17
    endloop
  endfacet
  facet normal 0.127743 -0.171537 0.976861
    outer loop
      vertex 121.224 2.5 -178.731
      vertex 121.094 2.5 -178.714
      vertex 121.224 0 -179.17
    endloop
  endfacet
  facet normal 0.118751 0.17219 0.97788
    outer loop
      vertex 120.417 0 -179.072
      vertex 121.094 -2.5 -178.714
      vertex 121.224 0 -179.17
    endloop
  endfacet
  facet normal 0.118449 0.172116 0.977929
    outer loop
      vertex 121.094 -2.5 -178.714
      vertex 120.417 0 -179.072
      vertex 120.417 -2.5 -178.632
    endloop
  endfacet
  facet normal 0.127743 0.171537 0.976861
    outer loop
      vertex 121.224 0 -179.17
      vertex 121.094 -2.5 -178.714
      vertex 121.224 -2.5 -178.731
    endloop
  endfacet
  facet normal 0.118457 -0.171736 0.977995
    outer loop
      vertex 121.224 0 -179.17
      vertex 121.901 2.5 -178.813
      vertex 121.224 2.5 -178.731
    endloop
  endfacet
  facet normal 0.118615 -0.171775 0.977969
    outer loop
      vertex 121.901 2.5 -178.813
      vertex 121.224 0 -179.17
      vertex 122.032 0 -179.268
    endloop
  endfacet
  facet normal 0.119436 -0.171716 0.97788
    outer loop
      vertex 122.032 2.5 -178.829
      vertex 121.901 2.5 -178.813
      vertex 122.032 0 -179.268
    endloop
  endfacet
  facet normal 0.118615 0.171775 0.977969
    outer loop
      vertex 121.224 0 -179.17
      vertex 121.901 -2.5 -178.813
      vertex 122.032 0 -179.268
    endloop
  endfacet
  facet normal 0.118457 0.171736 0.977995
    outer loop
      vertex 121.901 -2.5 -178.813
      vertex 121.224 0 -179.17
      vertex 121.224 -2.5 -178.731
    endloop
  endfacet
  facet normal 0.119436 0.171716 0.97788
    outer loop
      vertex 122.032 0 -179.268
      vertex 121.901 -2.5 -178.813
      vertex 122.032 -2.5 -178.829
    endloop
  endfacet
  facet normal 0.118457 -0.171736 0.977995
    outer loop
      vertex 122.032 0 -179.268
      vertex 122.709 2.5 -178.911
      vertex 122.032 2.5 -178.829
    endloop
  endfacet
  facet normal 0.118759 -0.171811 0.977945
    outer loop
      vertex 122.709 2.5 -178.911
      vertex 122.032 0 -179.268
      vertex 122.839 0 -179.366
    endloop
  endfacet
  facet normal 0.120341 -0.171697 0.977772
    outer loop
      vertex 122.839 2.5 -178.927
      vertex 122.709 2.5 -178.911
      vertex 122.839 0 -179.366
    endloop
  endfacet
  facet normal 0.118759 0.171811 0.977945
    outer loop
      vertex 122.032 0 -179.268
      vertex 122.709 -2.5 -178.911
      vertex 122.839 0 -179.366
    endloop
  endfacet
  facet normal 0.118457 0.171736 0.977995
    outer loop
      vertex 122.709 -2.5 -178.911
      vertex 122.032 0 -179.268
      vertex 122.032 -2.5 -178.829
    endloop
  endfacet
  facet normal 0.120341 0.171697 0.977772
    outer loop
      vertex 122.839 0 -179.366
      vertex 122.709 -2.5 -178.911
      vertex 122.839 -2.5 -178.927
    endloop
  endfacet
  facet normal 0.119707 -0.17171 0.977848
    outer loop
      vertex 122.839 0 -179.366
      vertex 123.517 2.5 -179.01
      vertex 122.839 2.5 -178.927
    endloop
  endfacet
  facet normal 0.118622 -0.171441 0.978027
    outer loop
      vertex 123.517 2.5 -179.01
      vertex 122.839 0 -179.366
      vertex 123.647 0 -179.464
    endloop
  endfacet
  facet normal 0.120349 -0.171317 0.977838
    outer loop
      vertex 123.647 2.5 -179.026
      vertex 123.517 2.5 -179.01
      vertex 123.647 0 -179.464
    endloop
  endfacet
  facet normal 0.118622 0.171441 0.978027
    outer loop
      vertex 122.839 0 -179.366
      vertex 123.517 -2.5 -179.01
      vertex 123.647 0 -179.464
    endloop
  endfacet
  facet normal 0.119707 0.17171 0.977848
    outer loop
      vertex 123.517 -2.5 -179.01
      vertex 122.839 0 -179.366
      vertex 122.839 -2.5 -178.927
    endloop
  endfacet
  facet normal 0.120349 0.171317 0.977838
    outer loop
      vertex 123.647 0 -179.464
      vertex 123.517 -2.5 -179.01
      vertex 123.647 -2.5 -179.026
    endloop
  endfacet
  facet normal 0.118465 -0.171356 0.978061
    outer loop
      vertex 123.647 0 -179.464
      vertex 124.324 2.5 -179.108
      vertex 123.647 2.5 -179.026
    endloop
  endfacet
  facet normal 0.118767 -0.171431 0.978011
    outer loop
      vertex 124.324 2.5 -179.108
      vertex 123.647 0 -179.464
      vertex 124.454 0 -179.562
    endloop
  endfacet
  facet normal 0.120349 -0.171317 0.977838
    outer loop
      vertex 124.454 2.5 -179.124
      vertex 124.324 2.5 -179.108
      vertex 124.454 0 -179.562
    endloop
  endfacet
  facet normal 0.118767 0.171431 0.978011
    outer loop
      vertex 123.647 0 -179.464
      vertex 124.324 -2.5 -179.108
      vertex 124.454 0 -179.562
    endloop
  endfacet
  facet normal 0.118465 0.171356 0.978061
    outer loop
      vertex 124.324 -2.5 -179.108
      vertex 123.647 0 -179.464
      vertex 123.647 -2.5 -179.026
    endloop
  endfacet
  facet normal 0.120349 0.171317 0.977838
    outer loop
      vertex 124.454 0 -179.562
      vertex 124.324 -2.5 -179.108
      vertex 124.454 -2.5 -179.124
    endloop
  endfacet
  facet normal 0.118293 -0.17136 0.978081
    outer loop
      vertex 124.454 0 -179.562
      vertex 125.132 2.5 -179.206
      vertex 124.454 2.5 -179.124
    endloop
  endfacet
  facet normal 0.118622 -0.171441 0.978027
    outer loop
      vertex 125.132 2.5 -179.206
      vertex 124.454 0 -179.562
      vertex 125.262 0 -179.66
    endloop
  endfacet
  facet normal 0.120349 -0.171317 0.977838
    outer loop
      vertex 125.262 2.5 -179.222
      vertex 125.132 2.5 -179.206
      vertex 125.262 0 -179.66
    endloop
  endfacet
  facet normal 0.118622 0.171441 0.978027
    outer loop
      vertex 124.454 0 -179.562
      vertex 125.132 -2.5 -179.206
      vertex 125.262 0 -179.66
    endloop
  endfacet
  facet normal 0.118293 0.17136 0.978081
    outer loop
      vertex 125.132 -2.5 -179.206
      vertex 124.454 0 -179.562
      vertex 124.454 -2.5 -179.124
    endloop
  endfacet
  facet normal 0.120349 0.171317 0.977838
    outer loop
      vertex 125.262 0 -179.66
      vertex 125.132 -2.5 -179.206
      vertex 125.262 -2.5 -179.222
    endloop
  endfacet
  facet normal 0.11972 -0.171112 0.977951
    outer loop
      vertex 125.262 2.5 -179.222
      vertex 126.011 1.12086 -179.555
      vertex 125.94 2.5 -179.305
    endloop
  endfacet
  facet normal 0.119307 -0.171339 0.977962
    outer loop
      vertex 126.011 1.12086 -179.555
      vertex 125.262 2.5 -179.222
      vertex 125.262 0 -179.66
    endloop
  endfacet
  facet normal 0.118831 -0.171031 0.978073
    outer loop
      vertex 126.011 1.12086 -179.555
      vertex 125.262 0 -179.66
      vertex 126.011 0 -179.751
    endloop
  endfacet
  facet normal 0.123906 -0.170812 0.977482
    outer loop
      vertex 126.011 2.5 -179.314
      vertex 125.94 2.5 -179.305
      vertex 126.011 1.12086 -179.555
    endloop
  endfacet
  facet normal 0.118831 0.171031 0.978073
    outer loop
      vertex 125.262 0 -179.66
      vertex 126.011 -1.12086 -179.555
      vertex 126.011 0 -179.751
    endloop
  endfacet
  facet normal 0.119307 0.171339 0.977962
    outer loop
      vertex 125.262 -2.5 -179.222
      vertex 126.011 -1.12086 -179.555
      vertex 125.262 0 -179.66
    endloop
  endfacet
  facet normal 0.11972 0.171112 0.977951
    outer loop
      vertex 126.011 -1.12086 -179.555
      vertex 125.262 -2.5 -179.222
      vertex 125.94 -2.5 -179.305
    endloop
  endfacet
  facet normal 0.123906 0.170812 0.977482
    outer loop
      vertex 126.011 -1.12086 -179.555
      vertex 125.94 -2.5 -179.305
      vertex 126.011 -2.5 -179.314
    endloop
  endfacet
  facet normal -0 0.172189 0.985064
    outer loop
      vertex 126.011 0 -179.83
      vertex 150 -2.5 -179.393
      vertex 150 0 -179.83
    endloop
  endfacet
  facet normal 0 0.172189 0.985064
    outer loop
      vertex 150 -2.5 -179.393
      vertex 126.011 0 -179.83
      vertex 126.011 -2.5 -179.393
    endloop
  endfacet
  facet normal 1 0 0
    outer loop
      vertex 126.011 1.12086 -179.555
      vertex 126.011 2.5 -179.393
      vertex 126.011 2.5 -179.314
    endloop
  endfacet
  facet normal 1 0 0
    outer loop
      vertex 126.011 0 -179.83
      vertex 126.011 1.12086 -179.555
      vertex 126.011 0 -179.751
    endloop
  endfacet
  facet normal 1 -0 0
    outer loop
      vertex 126.011 1.12086 -179.555
      vertex 126.011 0 -179.83
      vertex 126.011 2.5 -179.393
    endloop
  endfacet
  facet normal 1 0 0
    outer loop
      vertex 126.011 -1.12086 -179.555
      vertex 126.011 0 -179.83
      vertex 126.011 0 -179.751
    endloop
  endfacet
  facet normal 1 -0 0
    outer loop
      vertex 126.011 -2.5 -179.393
      vertex 126.011 -1.12086 -179.555
      vertex 126.011 -2.5 -179.314
    endloop
  endfacet
  facet normal 1 0 0
    outer loop
      vertex 126.011 -1.12086 -179.555
      vertex 126.011 -2.5 -179.393
      vertex 126.011 0 -179.83
    endloop
  endfacet
  facet normal 0 -0.172189 0.985064
    outer loop
      vertex 126.011 2.5 -179.393
      vertex 150 0 -179.83
      vertex 150 2.5 -179.393
    endloop
  endfacet
  facet normal 0 -0.172189 0.985064
    outer loop
      vertex 150 0 -179.83
      vertex 126.011 2.5 -179.393
      vertex 126.011 0 -179.83
    endloop
  endfacet
  facet normal 0.978842 -0.0251682 0.203064
    outer loop
      vertex 17.4334 2.2324 -30
      vertex 17.376 0 -30
      vertex 17.5302 0 -30.7433
    endloop
  endfacet
  facet normal 0.978695 -0.0252354 0.203763
    outer loop
      vertex 17.4334 2.2324 -30
      vertex 17.5302 2.5 -30.4318
      vertex 17.4403 2.5 -30
    endloop
  endfacet
  facet normal 0.978709 -0.0253782 0.203677
    outer loop
      vertex 17.5302 2.5 -30.4318
      vertex 17.4334 2.2324 -30
      vertex 17.5302 0 -30.7433
    endloop
  endfacet
  facet normal 0.978842 0.0251682 0.203064
    outer loop
      vertex 17.5302 0 -30.7433
      vertex 17.376 0 -30
      vertex 17.4334 -2.2324 -30
    endloop
  endfacet
  facet normal 0.978695 0.0252354 0.203763
    outer loop
      vertex 17.5302 -2.5 -30.4318
      vertex 17.4334 -2.2324 -30
      vertex 17.4403 -2.5 -30
    endloop
  endfacet
  facet normal 0.978709 0.0253782 0.203677
    outer loop
      vertex 17.4334 -2.2324 -30
      vertex 17.5302 -2.5 -30.4318
      vertex 17.5302 0 -30.7433
    endloop
  endfacet
  facet normal 0.978843 -0.025299 0.203042
    outer loop
      vertex 17.5302 0 -30.7433
      vertex 17.5838 2.5 -30.6902
      vertex 17.5302 2.5 -30.4318
    endloop
  endfacet
  facet normal 0.978856 -0.025298 0.202981
    outer loop
      vertex 17.5838 2.5 -30.6902
      vertex 17.5302 0 -30.7433
      vertex 17.6901 0 -31.5144
    endloop
  endfacet
  facet normal 0.978714 -0.0255196 0.203635
    outer loop
      vertex 17.6901 2.5 -31.2011
      vertex 17.5838 2.5 -30.6902
      vertex 17.6901 0 -31.5144
    endloop
  endfacet
  facet normal 0.978843 0.025299 0.203042
    outer loop
      vertex 17.5838 -2.5 -30.6902
      vertex 17.5302 0 -30.7433
      vertex 17.5302 -2.5 -30.4318
    endloop
  endfacet
  facet normal 0.978856 0.025298 0.202981
    outer loop
      vertex 17.5302 0 -30.7433
      vertex 17.5838 -2.5 -30.6902
      vertex 17.6901 0 -31.5144
    endloop
  endfacet
  facet normal 0.978714 0.0255196 0.203635
    outer loop
      vertex 17.6901 0 -31.5144
      vertex 17.5838 -2.5 -30.6902
      vertex 17.6901 -2.5 -31.2011
    endloop
  endfacet
  facet normal 0.978848 -0.0254398 0.202999
    outer loop
      vertex 17.6901 0 -31.5144
      vertex 17.7457 2.5 -31.4692
      vertex 17.6901 2.5 -31.2011
    endloop
  endfacet
  facet normal 0.978852 -0.0254396 0.202981
    outer loop
      vertex 17.7457 2.5 -31.4692
      vertex 17.6901 0 -31.5144
      vertex 17.85 0 -32.2855
    endloop
  endfacet
  facet normal 0.978712 -0.0256574 0.20363
    outer loop
      vertex 17.85 2.5 -31.9705
      vertex 17.7457 2.5 -31.4692
      vertex 17.85 0 -32.2855
    endloop
  endfacet
  facet normal 0.978848 0.0254398 0.202999
    outer loop
      vertex 17.7457 -2.5 -31.4692
      vertex 17.6901 0 -31.5144
      vertex 17.6901 -2.5 -31.2011
    endloop
  endfacet
  facet normal 0.978852 0.0254396 0.202981
    outer loop
      vertex 17.6901 0 -31.5144
      vertex 17.7457 -2.5 -31.4692
      vertex 17.85 0 -32.2855
    endloop
  endfacet
  facet normal 0.978712 0.0256574 0.20363
    outer loop
      vertex 17.85 0 -32.2855
      vertex 17.7457 -2.5 -31.4692
      vertex 17.85 -2.5 -31.9705
    endloop
  endfacet
  facet normal 0.978865 -0.0255655 0.202901
    outer loop
      vertex 17.85 0 -32.2855
      vertex 17.9075 2.5 -32.2479
      vertex 17.85 2.5 -31.9705
    endloop
  endfacet
  facet normal 0.978849 -0.0255663 0.20298
    outer loop
      vertex 17.9075 2.5 -32.2479
      vertex 17.85 0 -32.2855
      vertex 18.0099 0 -33.0566
    endloop
  endfacet
  facet normal 0.978694 -0.0258042 0.203696
    outer loop
      vertex 18.0099 2.5 -32.7399
      vertex 17.9075 2.5 -32.2479
      vertex 18.0099 0 -33.0566
    endloop
  endfacet
  facet normal 0.978865 0.0255655 0.202901
    outer loop
      vertex 17.9075 -2.5 -32.2479
      vertex 17.85 0 -32.2855
      vertex 17.85 -2.5 -31.9705
    endloop
  endfacet
  facet normal 0.978849 0.0255663 0.20298
    outer loop
      vertex 17.85 0 -32.2855
      vertex 17.9075 -2.5 -32.2479
      vertex 18.0099 0 -33.0566
    endloop
  endfacet
  facet normal 0.978694 0.0258042 0.203696
    outer loop
      vertex 18.0099 0 -33.0566
      vertex 17.9075 -2.5 -32.2479
      vertex 18.0099 -2.5 -32.7399
    endloop
  endfacet
  facet normal 0.978838 -0.0257177 0.203013
    outer loop
      vertex 18.0099 0 -33.0566
      vertex 18.0693 2.5 -33.0263
      vertex 18.0099 2.5 -32.7399
    endloop
  endfacet
  facet normal 0.978845 -0.0257175 0.202979
    outer loop
      vertex 18.0693 2.5 -33.0263
      vertex 18.0099 0 -33.0566
      vertex 18.1698 0 -33.8277
    endloop
  endfacet
  facet normal 0.97871 -0.0259227 0.203603
    outer loop
      vertex 18.1698 2.5 -33.5094
      vertex 18.0693 2.5 -33.0263
      vertex 18.1698 0 -33.8277
    endloop
  endfacet
  facet normal 0.978838 0.0257177 0.203013
    outer loop
      vertex 18.0693 -2.5 -33.0263
      vertex 18.0099 0 -33.0566
      vertex 18.0099 -2.5 -32.7399
    endloop
  endfacet
  facet normal 0.978845 0.0257175 0.202979
    outer loop
      vertex 18.0099 0 -33.0566
      vertex 18.0693 -2.5 -33.0263
      vertex 18.1698 0 -33.8277
    endloop
  endfacet
  facet normal 0.97871 0.0259227 0.203603
    outer loop
      vertex 18.1698 0 -33.8277
      vertex 18.0693 -2.5 -33.0263
      vertex 18.1698 -2.5 -33.5094
    endloop
  endfacet
  facet normal 0.978838 -0.0258458 0.202999
    outer loop
      vertex 18.1698 0 -33.8277
      vertex 18.231 2.5 -33.8045
      vertex 18.1698 2.5 -33.5094
    endloop
  endfacet
  facet normal 0.978817 -0.0258462 0.2031
    outer loop
      vertex 18.231 2.5 -33.8045
      vertex 18.1698 0 -33.8277
      vertex 18.3298 0 -34.5988
    endloop
  endfacet
  facet normal 0.97867 -0.0260673 0.203778
    outer loop
      vertex 18.3298 2.5 -34.279
      vertex 18.231 2.5 -33.8045
      vertex 18.3298 0 -34.5988
    endloop
  endfacet
  facet normal 0.978838 0.0258458 0.202999
    outer loop
      vertex 18.231 -2.5 -33.8045
      vertex 18.1698 0 -33.8277
      vertex 18.1698 -2.5 -33.5094
    endloop
  endfacet
  facet normal 0.978817 0.0258462 0.2031
    outer loop
      vertex 18.1698 0 -33.8277
      vertex 18.231 -2.5 -33.8045
      vertex 18.3298 0 -34.5988
    endloop
  endfacet
  facet normal 0.97867 0.0260673 0.203778
    outer loop
      vertex 18.3298 0 -34.5988
      vertex 18.231 -2.5 -33.8045
      vertex 18.3298 -2.5 -34.279
    endloop
  endfacet
  facet normal 0.978849 -0.0259591 0.202932
    outer loop
      vertex 18.3298 0 -34.5988
      vertex 18.3927 2.5 -34.5824
      vertex 18.3298 2.5 -34.279
    endloop
  endfacet
  facet normal 0.978834 -0.0259592 0.203003
    outer loop
      vertex 18.3927 2.5 -34.5824
      vertex 18.3298 0 -34.5988
      vertex 18.4897 0 -35.3698
    endloop
  endfacet
  facet normal 0.978698 -0.0261628 0.203633
    outer loop
      vertex 18.4897 2.5 -35.0486
      vertex 18.3927 2.5 -34.5824
      vertex 18.4897 0 -35.3698
    endloop
  endfacet
  facet normal 0.978849 0.0259591 0.202932
    outer loop
      vertex 18.3927 -2.5 -34.5824
      vertex 18.3298 0 -34.5988
      vertex 18.3298 -2.5 -34.279
    endloop
  endfacet
  facet normal 0.978834 0.0259592 0.203003
    outer loop
      vertex 18.3298 0 -34.5988
      vertex 18.3927 -2.5 -34.5824
      vertex 18.4897 0 -35.3698
    endloop
  endfacet
  facet normal 0.978698 0.0261628 0.203633
    outer loop
      vertex 18.4897 0 -35.3698
      vertex 18.3927 -2.5 -34.5824
      vertex 18.4897 -2.5 -35.0486
    endloop
  endfacet
  facet normal 0.978833 -0.0260807 0.202994
    outer loop
      vertex 18.4897 0 -35.3698
      vertex 18.5543 2.5 -35.3601
      vertex 18.4897 2.5 -35.0486
    endloop
  endfacet
  facet normal 0.978836 -0.0260807 0.202977
    outer loop
      vertex 18.5543 2.5 -35.3601
      vertex 18.4897 0 -35.3698
      vertex 18.6496 0 -36.1409
    endloop
  endfacet
  facet normal 0.97871 -0.0262673 0.20356
    outer loop
      vertex 18.6496 2.5 -35.8183
      vertex 18.5543 2.5 -35.3601
      vertex 18.6496 0 -36.1409
    endloop
  endfacet
  facet normal 0.978833 0.0260807 0.202994
    outer loop
      vertex 18.5543 -2.5 -35.3601
      vertex 18.4897 0 -35.3698
      vertex 18.4897 -2.5 -35.0486
    endloop
  endfacet
  facet normal 0.978836 0.0260807 0.202977
    outer loop
      vertex 18.4897 0 -35.3698
      vertex 18.5543 -2.5 -35.3601
      vertex 18.6496 0 -36.1409
    endloop
  endfacet
  facet normal 0.97871 0.0262673 0.20356
    outer loop
      vertex 18.6496 0 -36.1409
      vertex 18.5543 -2.5 -35.3601
      vertex 18.6496 -2.5 -35.8183
    endloop
  endfacet
  facet normal 0.978828 -0.0261954 0.203002
    outer loop
      vertex 18.6496 0 -36.1409
      vertex 18.7158 2.5 -36.1375
      vertex 18.6496 2.5 -35.8183
    endloop
  endfacet
  facet normal 0.978833 -0.0261955 0.202977
    outer loop
      vertex 18.7158 2.5 -36.1375
      vertex 18.6496 0 -36.1409
      vertex 18.8095 0 -36.912
    endloop
  endfacet
  facet normal 0.978706 -0.0263817 0.203562
    outer loop
      vertex 18.8095 2.5 -36.588
      vertex 18.7158 2.5 -36.1375
      vertex 18.8095 0 -36.912
    endloop
  endfacet
  facet normal 0.978828 0.0261954 0.203002
    outer loop
      vertex 18.7158 -2.5 -36.1375
      vertex 18.6496 0 -36.1409
      vertex 18.6496 -2.5 -35.8183
    endloop
  endfacet
  facet normal 0.978833 0.0261955 0.202977
    outer loop
      vertex 18.6496 0 -36.1409
      vertex 18.7158 -2.5 -36.1375
      vertex 18.8095 0 -36.912
    endloop
  endfacet
  facet normal 0.978706 0.0263817 0.203562
    outer loop
      vertex 18.8095 0 -36.912
      vertex 18.7158 -2.5 -36.1375
      vertex 18.8095 -2.5 -36.588
    endloop
  endfacet
  facet normal 0.97881 -0.0263179 0.20307
    outer loop
      vertex 18.8095 0 -36.912
      vertex 18.8773 2.5 -36.9148
      vertex 18.8095 2.5 -36.588
    endloop
  endfacet
  facet normal 0.97883 -0.0263185 0.202976
    outer loop
      vertex 18.8773 2.5 -36.9148
      vertex 18.8095 0 -36.912
      vertex 18.9694 0 -37.6831
    endloop
  endfacet
  facet normal 0.978712 -0.0264903 0.203521
    outer loop
      vertex 18.9694 2.5 -37.3577
      vertex 18.8773 2.5 -36.9148
      vertex 18.9694 0 -37.6831
    endloop
  endfacet
  facet normal 0.97881 0.0263179 0.20307
    outer loop
      vertex 18.8773 -2.5 -36.9148
      vertex 18.8095 0 -36.912
      vertex 18.8095 -2.5 -36.588
    endloop
  endfacet
  facet normal 0.97883 0.0263185 0.202976
    outer loop
      vertex 18.8095 0 -36.912
      vertex 18.8773 -2.5 -36.9148
      vertex 18.9694 0 -37.6831
    endloop
  endfacet
  facet normal 0.978712 0.0264903 0.203521
    outer loop
      vertex 18.9694 0 -37.6831
      vertex 18.8773 -2.5 -36.9148
      vertex 18.9694 -2.5 -37.3577
    endloop
  endfacet
  facet normal 0.978816 -0.0264262 0.203029
    outer loop
      vertex 18.9694 0 -37.6831
      vertex 19.0387 2.5 -37.6918
      vertex 18.9694 2.5 -37.3577
    endloop
  endfacet
  facet normal 0.978827 -0.0264267 0.202976
    outer loop
      vertex 19.0387 2.5 -37.6918
      vertex 18.9694 0 -37.6831
      vertex 19.1293 0 -38.4542
    endloop
  endfacet
  facet normal 0.978711 -0.0265953 0.203514
    outer loop
      vertex 19.1293 2.5 -38.1275
      vertex 19.0387 2.5 -37.6918
      vertex 19.1293 0 -38.4542
    endloop
  endfacet
  facet normal 0.978816 0.0264262 0.203029
    outer loop
      vertex 19.0387 -2.5 -37.6918
      vertex 18.9694 0 -37.6831
      vertex 18.9694 -2.5 -37.3577
    endloop
  endfacet
  facet normal 0.978827 0.0264267 0.202976
    outer loop
      vertex 18.9694 0 -37.6831
      vertex 19.0387 -2.5 -37.6918
      vertex 19.1293 0 -38.4542
    endloop
  endfacet
  facet normal 0.978711 0.0265953 0.203514
    outer loop
      vertex 19.1293 0 -38.4542
      vertex 19.0387 -2.5 -37.6918
      vertex 19.1293 -2.5 -38.1275
    endloop
  endfacet
  facet normal 0.978785 -0.026549 0.20316
    outer loop
      vertex 19.1293 0 -38.4542
      vertex 19.2001 2.5 -38.4686
      vertex 19.1293 2.5 -38.1275
    endloop
  endfacet
  facet normal 0.978824 -0.0265512 0.202975
    outer loop
      vertex 19.2001 2.5 -38.4686
      vertex 19.1293 0 -38.4542
      vertex 19.2892 0 -39.2253
    endloop
  endfacet
  facet normal 0.978738 -0.0266742 0.203371
    outer loop
      vertex 19.2892 2.5 -38.8974
      vertex 19.2001 2.5 -38.4686
      vertex 19.2892 0 -39.2253
    endloop
  endfacet
  facet normal 0.978785 0.026549 0.20316
    outer loop
      vertex 19.2001 -2.5 -38.4686
      vertex 19.1293 0 -38.4542
      vertex 19.1293 -2.5 -38.1275
    endloop
  endfacet
  facet normal 0.978824 0.0265512 0.202975
    outer loop
      vertex 19.1293 0 -38.4542
      vertex 19.2001 -2.5 -38.4686
      vertex 19.2892 0 -39.2253
    endloop
  endfacet
  facet normal 0.978738 0.0266742 0.203371
    outer loop
      vertex 19.2892 0 -39.2253
      vertex 19.2001 -2.5 -38.4686
      vertex 19.2892 -2.5 -38.8974
    endloop
  endfacet
  facet normal 0.978789 -0.0266424 0.203129
    outer loop
      vertex 19.2892 0 -39.2253
      vertex 19.3614 2.5 -39.2453
      vertex 19.2892 2.5 -38.8974
    endloop
  endfacet
  facet normal 0.978791 -0.0266425 0.203121
    outer loop
      vertex 19.3614 2.5 -39.2453
      vertex 19.2892 0 -39.2253
      vertex 19.4492 0 -39.9963
    endloop
  endfacet
  facet normal 0.978683 -0.0267966 0.203622
    outer loop
      vertex 19.4492 2.5 -39.6673
      vertex 19.3614 2.5 -39.2453
      vertex 19.4492 0 -39.9963
    endloop
  endfacet
  facet normal 0.978789 0.0266424 0.203129
    outer loop
      vertex 19.3614 -2.5 -39.2453
      vertex 19.2892 0 -39.2253
      vertex 19.2892 -2.5 -38.8974
    endloop
  endfacet
  facet normal 0.978791 0.0266425 0.203121
    outer loop
      vertex 19.2892 0 -39.2253
      vertex 19.3614 -2.5 -39.2453
      vertex 19.4492 0 -39.9963
    endloop
  endfacet
  facet normal 0.978683 0.0267966 0.203622
    outer loop
      vertex 19.4492 0 -39.9963
      vertex 19.3614 -2.5 -39.2453
      vertex 19.4492 -2.5 -39.6673
    endloop
  endfacet
  facet normal 0.978814 -0.0267148 0.203
    outer loop
      vertex 19.4492 0 -39.9963
      vertex 19.5182 2.5 -40
      vertex 19.4492 2.5 -39.6673
    endloop
  endfacet
  facet normal 0.982216 -0.0268342 0.185825
    outer loop
      vertex 19.5182 2.5 -40
      vertex 19.4492 0 -39.9963
      vertex 19.4499 0 -40
    endloop
  endfacet
  facet normal 0.978814 0.0267148 0.203
    outer loop
      vertex 19.5182 -2.5 -40
      vertex 19.4492 0 -39.9963
      vertex 19.4492 -2.5 -39.6673
    endloop
  endfacet
  facet normal 0.982216 0.0268342 0.185825
    outer loop
      vertex 19.4492 0 -39.9963
      vertex 19.5182 -2.5 -40
      vertex 19.4499 0 -40
    endloop
  endfacet
  facet normal -0 0 1
    outer loop
      vertex 12.6521 2.38907 -30
      vertex 17.4334 2.2324 -30
      vertex 12.6545 2.5 -30
    endloop
  endfacet
  facet normal -0 0 1
    outer loop
      vertex 12.6545 2.5 -30
      vertex 17.4334 2.2324 -30
      vertex 17.4403 2.5 -30
    endloop
  endfacet
  facet normal 0 0 1
    outer loop
      vertex 17.4334 2.2324 -30
      vertex 12.6521 2.38907 -30
      vertex 17.376 0 -30
    endloop
  endfacet
  facet normal 0 0 1
    outer loop
      vertex 12.5997 0 -30
      vertex 17.376 0 -30
      vertex 12.6521 2.38907 -30
    endloop
  endfacet
  facet normal 0 -0 1
    outer loop
      vertex 12.6521 -2.38907 -30
      vertex 17.376 0 -30
      vertex 12.5997 0 -30
    endloop
  endfacet
  facet normal 0 0 1
    outer loop
      vertex 17.376 0 -30
      vertex 12.6521 -2.38907 -30
      vertex 17.4334 -2.2324 -30
    endloop
  endfacet
  facet normal 0 0 1
    outer loop
      vertex 17.4334 -2.2324 -30
      vertex 12.6545 -2.5 -30
      vertex 17.4403 -2.5 -30
    endloop
  endfacet
  facet normal 0 -0 1
    outer loop
      vertex 12.6545 -2.5 -30
      vertex 17.4334 -2.2324 -30
      vertex 12.6521 -2.38907 -30
    endloop
  endfacet
  facet normal 0 0 -1
    outer loop
      vertex 14.8081 -1.60171 -40
      vertex 19.5182 -2.5 -40
      vertex 14.8291 -2.5 -40
    endloop
  endfacet
  facet normal 0 0 -1
    outer loop
      vertex 19.5182 -2.5 -40
      vertex 14.8081 -1.60171 -40
      vertex 19.4499 0 -40
    endloop
  endfacet
  facet normal 0 0 -1
    outer loop
      vertex 14.7709 0 -40
      vertex 19.4499 0 -40
      vertex 14.8081 -1.60171 -40
    endloop
  endfacet
  facet normal 0 -0 -1
    outer loop
      vertex 14.8081 1.60171 -40
      vertex 19.4499 0 -40
      vertex 14.7709 0 -40
    endloop
  endfacet
  facet normal -0 0 -1
    outer loop
      vertex 19.5182 2.5 -40
      vertex 14.8081 1.60171 -40
      vertex 14.8291 2.5 -40
    endloop
  endfacet
  facet normal 0 0 -1
    outer loop
      vertex 19.4499 0 -40
      vertex 14.8081 1.60171 -40
      vertex 19.5182 2.5 -40
    endloop
  endfacet
  facet normal 0 -0.819702 -0.572791
    outer loop
      vertex 140 1.12583 -186.85
      vertex 150 0.995857 -186.664
      vertex 140 0.995857 -186.664
    endloop
  endfacet
  facet normal 0 -0.819702 -0.572791
    outer loop
      vertex 150 0.995857 -186.664
      vertex 140 1.12583 -186.85
      vertex 150 1.12583 -186.85
    endloop
  endfacet
  facet normal 0 0.96596 0.258692
    outer loop
      vertex 150 -1.2216 -187.945
      vertex 140 -1.28025 -187.726
      vertex 150 -1.28025 -187.726
    endloop
  endfacet
  facet normal 0 0.96596 0.258692
    outer loop
      vertex 140 -1.28025 -187.726
      vertex 150 -1.2216 -187.945
      vertex 140 -1.2216 -187.945
    endloop
  endfacet
  facet normal 0 -0.256141 0.96664
    outer loop
      vertex 140 0.444626 -188.722
      vertex 150 0.225742 -188.78
      vertex 150 0.444626 -188.722
    endloop
  endfacet
  facet normal 0 -0.256141 0.96664
    outer loop
      vertex 150 0.225742 -188.78
      vertex 140 0.444626 -188.722
      vertex 140 0.225742 -188.78
    endloop
  endfacet
  facet normal 0 -0.96596 -0.258692
    outer loop
      vertex 140 1.28025 -187.274
      vertex 150 1.2216 -187.055
      vertex 140 1.2216 -187.055
    endloop
  endfacet
  facet normal 0 -0.96596 -0.258692
    outer loop
      vertex 150 1.2216 -187.055
      vertex 140 1.28025 -187.274
      vertex 150 1.28025 -187.274
    endloop
  endfacet
  facet normal -0 0.088251 0.996098
    outer loop
      vertex 140 0 -188.8
      vertex 150 -0.225742 -188.78
      vertex 150 0 -188.8
    endloop
  endfacet
  facet normal 0 0.088251 0.996098
    outer loop
      vertex 150 -0.225742 -188.78
      vertex 140 0 -188.8
      vertex 140 -0.225742 -188.78
    endloop
  endfacet
  facet normal 0 -0.423461 0.905915
    outer loop
      vertex 140 0.65 -188.626
      vertex 150 0.444626 -188.722
      vertex 150 0.65 -188.626
    endloop
  endfacet
  facet normal 0 -0.423461 0.905915
    outer loop
      vertex 150 0.444626 -188.722
      vertex 140 0.65 -188.626
      vertex 140 0.444626 -188.722
    endloop
  endfacet
  facet normal 0 -0.996203 -0.0870576
    outer loop
      vertex 140 1.3 -187.5
      vertex 150 1.28025 -187.274
      vertex 140 1.28025 -187.274
    endloop
  endfacet
  facet normal 0 -0.996203 -0.0870576
    outer loop
      vertex 150 1.28025 -187.274
      vertex 140 1.3 -187.5
      vertex 150 1.3 -187.5
    endloop
  endfacet
  facet normal 0 0.996203 -0.0870576
    outer loop
      vertex 150 -1.3 -187.5
      vertex 140 -1.28025 -187.274
      vertex 150 -1.28025 -187.274
    endloop
  endfacet
  facet normal 0 0.996203 -0.0870576
    outer loop
      vertex 140 -1.28025 -187.274
      vertex 150 -1.3 -187.5
      vertex 140 -1.3 -187.5
    endloop
  endfacet
  facet normal 0 -0.423461 -0.905915
    outer loop
      vertex 140 0.444626 -186.278
      vertex 150 0.65 -186.374
      vertex 150 0.444626 -186.278
    endloop
  endfacet
  facet normal -0 -0.423461 -0.905915
    outer loop
      vertex 150 0.65 -186.374
      vertex 140 0.444626 -186.278
      vertex 140 0.65 -186.374
    endloop
  endfacet
  facet normal 0 0.706592 -0.707621
    outer loop
      vertex 140 -0.995857 -186.664
      vertex 150 -0.835624 -186.504
      vertex 150 -0.995857 -186.664
    endloop
  endfacet
  facet normal 0 0.706592 -0.707621
    outer loop
      vertex 150 -0.835624 -186.504
      vertex 140 -0.995857 -186.664
      vertex 140 -0.835624 -186.504
    endloop
  endfacet
  facet normal 0 0.088251 -0.996098
    outer loop
      vertex 140 -0.225742 -186.22
      vertex 150 0 -186.2
      vertex 150 -0.225742 -186.22
    endloop
  endfacet
  facet normal 0 0.088251 -0.996098
    outer loop
      vertex 150 0 -186.2
      vertex 140 -0.225742 -186.22
      vertex 140 0 -186.2
    endloop
  endfacet
  facet normal 0 0.819702 0.572791
    outer loop
      vertex 150 -0.995857 -188.336
      vertex 140 -1.12583 -188.15
      vertex 150 -1.12583 -188.15
    endloop
  endfacet
  facet normal 0 0.819702 0.572791
    outer loop
      vertex 140 -1.12583 -188.15
      vertex 150 -0.995857 -188.336
      vertex 140 -0.995857 -188.336
    endloop
  endfacet
  facet normal -0 0.256141 0.96664
    outer loop
      vertex 140 -0.225742 -188.78
      vertex 150 -0.444626 -188.722
      vertex 150 -0.225742 -188.78
    endloop
  endfacet
  facet normal 0 0.256141 0.96664
    outer loop
      vertex 150 -0.444626 -188.722
      vertex 140 -0.225742 -188.78
      vertex 140 -0.444626 -188.722
    endloop
  endfacet
  facet normal 0 -0.088251 0.996098
    outer loop
      vertex 140 0.225742 -188.78
      vertex 150 0 -188.8
      vertex 150 0.225742 -188.78
    endloop
  endfacet
  facet normal 0 -0.088251 0.996098
    outer loop
      vertex 150 0 -188.8
      vertex 140 0.225742 -188.78
      vertex 140 0 -188.8
    endloop
  endfacet
  facet normal 0 -0.256141 -0.96664
    outer loop
      vertex 140 0.225742 -186.22
      vertex 150 0.444626 -186.278
      vertex 150 0.225742 -186.22
    endloop
  endfacet
  facet normal -0 -0.256141 -0.96664
    outer loop
      vertex 150 0.444626 -186.278
      vertex 140 0.225742 -186.22
      vertex 140 0.444626 -186.278
    endloop
  endfacet
  facet normal 0 0.906008 0.42326
    outer loop
      vertex 150 -1.12583 -188.15
      vertex 140 -1.2216 -187.945
      vertex 150 -1.2216 -187.945
    endloop
  endfacet
  facet normal 0 0.906008 0.42326
    outer loop
      vertex 140 -1.2216 -187.945
      vertex 150 -1.12583 -188.15
      vertex 140 -1.12583 -188.15
    endloop
  endfacet
  facet normal 0 0.256141 -0.96664
    outer loop
      vertex 140 -0.444626 -186.278
      vertex 150 -0.225742 -186.22
      vertex 150 -0.444626 -186.278
    endloop
  endfacet
  facet normal 0 0.256141 -0.96664
    outer loop
      vertex 150 -0.225742 -186.22
      vertex 140 -0.444626 -186.278
      vertex 140 -0.225742 -186.22
    endloop
  endfacet
  facet normal -0 0.706592 0.707621
    outer loop
      vertex 140 -0.835624 -188.496
      vertex 150 -0.995857 -188.336
      vertex 150 -0.835624 -188.496
    endloop
  endfacet
  facet normal 0 0.706592 0.707621
    outer loop
      vertex 150 -0.995857 -188.336
      vertex 140 -0.835624 -188.496
      vertex 140 -0.995857 -188.336
    endloop
  endfacet
  facet normal 0 -0.906008 0.42326
    outer loop
      vertex 140 1.12583 -188.15
      vertex 150 1.2216 -187.945
      vertex 140 1.2216 -187.945
    endloop
  endfacet
  facet normal 0 -0.906008 0.42326
    outer loop
      vertex 150 1.2216 -187.945
      vertex 140 1.12583 -188.15
      vertex 150 1.12583 -188.15
    endloop
  endfacet
  facet normal 0 -0.706592 -0.707621
    outer loop
      vertex 140 0.835624 -186.504
      vertex 150 0.995857 -186.664
      vertex 150 0.835624 -186.504
    endloop
  endfacet
  facet normal -0 -0.706592 -0.707621
    outer loop
      vertex 150 0.995857 -186.664
      vertex 140 0.835624 -186.504
      vertex 140 0.995857 -186.664
    endloop
  endfacet
  facet normal 0 -0.706592 0.707621
    outer loop
      vertex 140 0.995857 -188.336
      vertex 150 0.835624 -188.496
      vertex 150 0.995857 -188.336
    endloop
  endfacet
  facet normal 0 -0.706592 0.707621
    outer loop
      vertex 150 0.835624 -188.496
      vertex 140 0.995857 -188.336
      vertex 140 0.835624 -188.496
    endloop
  endfacet
  facet normal 0 -0.573649 -0.819101
    outer loop
      vertex 140 0.65 -186.374
      vertex 150 0.835624 -186.504
      vertex 150 0.65 -186.374
    endloop
  endfacet
  facet normal -0 -0.573649 -0.819101
    outer loop
      vertex 150 0.835624 -186.504
      vertex 140 0.65 -186.374
      vertex 140 0.835624 -186.504
    endloop
  endfacet
  facet normal 0 -0.573649 0.819101
    outer loop
      vertex 140 0.835624 -188.496
      vertex 150 0.65 -188.626
      vertex 150 0.835624 -188.496
    endloop
  endfacet
  facet normal 0 -0.573649 0.819101
    outer loop
      vertex 150 0.65 -188.626
      vertex 140 0.835624 -188.496
      vertex 140 0.65 -188.626
    endloop
  endfacet
  facet normal 0 0.996203 0.0870576
    outer loop
      vertex 150 -1.28025 -187.726
      vertex 140 -1.3 -187.5
      vertex 150 -1.3 -187.5
    endloop
  endfacet
  facet normal 0 0.996203 0.0870576
    outer loop
      vertex 140 -1.3 -187.5
      vertex 150 -1.28025 -187.726
      vertex 140 -1.28025 -187.726
    endloop
  endfacet
  facet normal -0 0.423461 0.905915
    outer loop
      vertex 140 -0.444626 -188.722
      vertex 150 -0.65 -188.626
      vertex 150 -0.444626 -188.722
    endloop
  endfacet
  facet normal 0 0.423461 0.905915
    outer loop
      vertex 150 -0.65 -188.626
      vertex 140 -0.444626 -188.722
      vertex 140 -0.65 -188.626
    endloop
  endfacet
  facet normal 0 -0.819702 0.572791
    outer loop
      vertex 140 0.995857 -188.336
      vertex 150 1.12583 -188.15
      vertex 140 1.12583 -188.15
    endloop
  endfacet
  facet normal 0 -0.819702 0.572791
    outer loop
      vertex 150 1.12583 -188.15
      vertex 140 0.995857 -188.336
      vertex 150 0.995857 -188.336
    endloop
  endfacet
  facet normal 0 0.423461 -0.905915
    outer loop
      vertex 140 -0.65 -186.374
      vertex 150 -0.444626 -186.278
      vertex 150 -0.65 -186.374
    endloop
  endfacet
  facet normal 0 0.423461 -0.905915
    outer loop
      vertex 150 -0.444626 -186.278
      vertex 140 -0.65 -186.374
      vertex 140 -0.444626 -186.278
    endloop
  endfacet
  facet normal 0 -0.906008 -0.42326
    outer loop
      vertex 140 1.2216 -187.055
      vertex 150 1.12583 -186.85
      vertex 140 1.12583 -186.85
    endloop
  endfacet
  facet normal 0 -0.906008 -0.42326
    outer loop
      vertex 150 1.12583 -186.85
      vertex 140 1.2216 -187.055
      vertex 150 1.2216 -187.055
    endloop
  endfacet
  facet normal -0 0.573649 0.819101
    outer loop
      vertex 140 -0.65 -188.626
      vertex 150 -0.835624 -188.496
      vertex 150 -0.65 -188.626
    endloop
  endfacet
  facet normal 0 0.573649 0.819101
    outer loop
      vertex 150 -0.835624 -188.496
      vertex 140 -0.65 -188.626
      vertex 140 -0.835624 -188.496
    endloop
  endfacet
  facet normal 0 0.819702 -0.572791
    outer loop
      vertex 150 -1.12583 -186.85
      vertex 140 -0.995857 -186.664
      vertex 150 -0.995857 -186.664
    endloop
  endfacet
  facet normal 0 0.819702 -0.572791
    outer loop
      vertex 140 -0.995857 -186.664
      vertex 150 -1.12583 -186.85
      vertex 140 -1.12583 -186.85
    endloop
  endfacet
  facet normal 0 0.96596 -0.258692
    outer loop
      vertex 150 -1.28025 -187.274
      vertex 140 -1.2216 -187.055
      vertex 150 -1.2216 -187.055
    endloop
  endfacet
  facet normal 0 0.96596 -0.258692
    outer loop
      vertex 140 -1.2216 -187.055
      vertex 150 -1.28025 -187.274
      vertex 140 -1.28025 -187.274
    endloop
  endfacet
  facet normal 0 0.573649 -0.819101
    outer loop
      vertex 140 -0.835624 -186.504
      vertex 150 -0.65 -186.374
      vertex 150 -0.835624 -186.504
    endloop
  endfacet
  facet normal 0 0.573649 -0.819101
    outer loop
      vertex 150 -0.65 -186.374
      vertex 140 -0.835624 -186.504
      vertex 140 -0.65 -186.374
    endloop
  endfacet
  facet normal 0 -0.088251 -0.996098
    outer loop
      vertex 140 0 -186.2
      vertex 150 0.225742 -186.22
      vertex 150 0 -186.2
    endloop
  endfacet
  facet normal -0 -0.088251 -0.996098
    outer loop
      vertex 150 0.225742 -186.22
      vertex 140 0 -186.2
      vertex 140 0.225742 -186.22
    endloop
  endfacet
  facet normal 0 -0.96596 0.258692
    outer loop
      vertex 140 1.2216 -187.945
      vertex 150 1.28025 -187.726
      vertex 140 1.28025 -187.726
    endloop
  endfacet
  facet normal 0 -0.96596 0.258692
    outer loop
      vertex 150 1.28025 -187.726
      vertex 140 1.2216 -187.945
      vertex 150 1.2216 -187.945
    endloop
  endfacet
  facet normal 0 -0.996203 0.0870576
    outer loop
      vertex 140 1.28025 -187.726
      vertex 150 1.3 -187.5
      vertex 140 1.3 -187.5
    endloop
  endfacet
  facet normal 0 -0.996203 0.0870576
    outer loop
      vertex 150 1.3 -187.5
      vertex 140 1.28025 -187.726
      vertex 150 1.28025 -187.726
    endloop
  endfacet
  facet normal 1 0 0
    outer loop
      vertex 140 1.28025 -187.274
      vertex 140 1.28025 -187.726
      vertex 140 1.3 -187.5
    endloop
  endfacet
  facet normal 1 0 0
    outer loop
      vertex 140 1.2216 -187.055
      vertex 140 1.28025 -187.726
      vertex 140 1.28025 -187.274
    endloop
  endfacet
  facet normal 1 0 0
    outer loop
      vertex 140 1.2216 -187.055
      vertex 140 1.2216 -187.945
      vertex 140 1.28025 -187.726
    endloop
  endfacet
  facet normal 1 0 0
    outer loop
      vertex 140 1.12583 -186.85
      vertex 140 1.2216 -187.945
      vertex 140 1.2216 -187.055
    endloop
  endfacet
  facet normal 1 0 0
    outer loop
      vertex 140 1.12583 -186.85
      vertex 140 1.12583 -188.15
      vertex 140 1.2216 -187.945
    endloop
  endfacet
  facet normal 1 0 0
    outer loop
      vertex 140 0.995857 -186.664
      vertex 140 1.12583 -188.15
      vertex 140 1.12583 -186.85
    endloop
  endfacet
  facet normal 1 0 0
    outer loop
      vertex 140 0.995857 -186.664
      vertex 140 0.995857 -188.336
      vertex 140 1.12583 -188.15
    endloop
  endfacet
  facet normal 1 0 0
    outer loop
      vertex 140 0.835624 -186.504
      vertex 140 0.995857 -188.336
      vertex 140 0.995857 -186.664
    endloop
  endfacet
  facet normal 1 0 0
    outer loop
      vertex 140 0.835624 -186.504
      vertex 140 0.835624 -188.496
      vertex 140 0.995857 -188.336
    endloop
  endfacet
  facet normal 1 0 0
    outer loop
      vertex 140 0.65 -186.374
      vertex 140 0.835624 -188.496
      vertex 140 0.835624 -186.504
    endloop
  endfacet
  facet normal 1 0 0
    outer loop
      vertex 140 0.65 -186.374
      vertex 140 0.65 -188.626
      vertex 140 0.835624 -188.496
    endloop
  endfacet
  facet normal 1 0 0
    outer loop
      vertex 140 0.444626 -186.278
      vertex 140 0.65 -188.626
      vertex 140 0.65 -186.374
    endloop
  endfacet
  facet normal 1 0 0
    outer loop
      vertex 140 0.444626 -186.278
      vertex 140 0.444626 -188.722
      vertex 140 0.65 -188.626
    endloop
  endfacet
  facet normal 1 0 0
    outer loop
      vertex 140 0.225742 -186.22
      vertex 140 0.444626 -188.722
      vertex 140 0.444626 -186.278
    endloop
  endfacet
  facet normal 1 0 0
    outer loop
      vertex 140 0.225742 -186.22
      vertex 140 0.225742 -188.78
      vertex 140 0.444626 -188.722
    endloop
  endfacet
  facet normal 1 0 0
    outer loop
      vertex 140 0 -186.2
      vertex 140 0.225742 -188.78
      vertex 140 0.225742 -186.22
    endloop
  endfacet
  facet normal 1 0 0
    outer loop
      vertex 140 0 -186.2
      vertex 140 0 -188.8
      vertex 140 0.225742 -188.78
    endloop
  endfacet
  facet normal 1 -0 0
    outer loop
      vertex 140 -0.225742 -186.22
      vertex 140 0 -188.8
      vertex 140 0 -186.2
    endloop
  endfacet
  facet normal 1 0 0
    outer loop
      vertex 140 -0.225742 -186.22
      vertex 140 -0.225742 -188.78
      vertex 140 0 -188.8
    endloop
  endfacet
  facet normal 1 -0 0
    outer loop
      vertex 140 -0.444626 -186.278
      vertex 140 -0.225742 -188.78
      vertex 140 -0.225742 -186.22
    endloop
  endfacet
  facet normal 1 0 0
    outer loop
      vertex 140 -0.444626 -186.278
      vertex 140 -0.444626 -188.722
      vertex 140 -0.225742 -188.78
    endloop
  endfacet
  facet normal 1 -0 0
    outer loop
      vertex 140 -0.65 -186.374
      vertex 140 -0.444626 -188.722
      vertex 140 -0.444626 -186.278
    endloop
  endfacet
  facet normal 1 0 0
    outer loop
      vertex 140 -0.65 -186.374
      vertex 140 -0.65 -188.626
      vertex 140 -0.444626 -188.722
    endloop
  endfacet
  facet normal 1 -0 0
    outer loop
      vertex 140 -0.835624 -186.504
      vertex 140 -0.65 -188.626
      vertex 140 -0.65 -186.374
    endloop
  endfacet
  facet normal 1 0 0
    outer loop
      vertex 140 -0.835624 -186.504
      vertex 140 -0.835624 -188.496
      vertex 140 -0.65 -188.626
    endloop
  endfacet
  facet normal 1 -0 0
    outer loop
      vertex 140 -0.995857 -186.664
      vertex 140 -0.835624 -188.496
      vertex 140 -0.835624 -186.504
    endloop
  endfacet
  facet normal 1 0 0
    outer loop
      vertex 140 -0.995857 -186.664
      vertex 140 -0.995857 -188.336
      vertex 140 -0.835624 -188.496
    endloop
  endfacet
  facet normal 1 -0 0
    outer loop
      vertex 140 -1.12583 -186.85
      vertex 140 -0.995857 -188.336
      vertex 140 -0.995857 -186.664
    endloop
  endfacet
  facet normal 1 0 0
    outer loop
      vertex 140 -1.12583 -186.85
      vertex 140 -1.12583 -188.15
      vertex 140 -0.995857 -188.336
    endloop
  endfacet
  facet normal 1 -0 0
    outer loop
      vertex 140 -1.2216 -187.055
      vertex 140 -1.12583 -188.15
      vertex 140 -1.12583 -186.85
    endloop
  endfacet
  facet normal 1 0 0
    outer loop
      vertex 140 -1.2216 -187.055
      vertex 140 -1.2216 -187.945
      vertex 140 -1.12583 -188.15
    endloop
  endfacet
  facet normal 1 -0 0
    outer loop
      vertex 140 -1.28025 -187.274
      vertex 140 -1.2216 -187.945
      vertex 140 -1.2216 -187.055
    endloop
  endfacet
  facet normal 1 0 0
    outer loop
      vertex 140 -1.28025 -187.274
      vertex 140 -1.28025 -187.726
      vertex 140 -1.2216 -187.945
    endloop
  endfacet
  facet normal 1 0 -0
    outer loop
      vertex 140 -1.28025 -187.726
      vertex 140 -1.28025 -187.274
      vertex 140 -1.3 -187.5
    endloop
  endfacet
  facet normal 0 0.906008 -0.42326
    outer loop
      vertex 150 -1.2216 -187.055
      vertex 140 -1.12583 -186.85
      vertex 150 -1.12583 -186.85
    endloop
  endfacet
  facet normal 0 0.906008 -0.42326
    outer loop
      vertex 140 -1.12583 -186.85
      vertex 150 -1.2216 -187.055
      vertex 140 -1.2216 -187.055
    endloop
  endfacet
  facet normal 1 -0 0
    outer loop
      vertex 150 1.2216 -187.055
      vertex 150 2.5 -189.563
      vertex 150 2.5 -179.393
    endloop
  endfacet
  facet normal 1 0 0
    outer loop
      vertex 150 2.5 -189.563
      vertex 150 1.28025 -187.274
      vertex 150 1.3 -187.5
    endloop
  endfacet
  facet normal 1 0 0
    outer loop
      vertex 150 2.5 -189.563
      vertex 150 1.2216 -187.055
      vertex 150 1.28025 -187.274
    endloop
  endfacet
  facet normal 1 0 0
    outer loop
      vertex 150 2.5 -179.393
      vertex 150 1.12583 -186.85
      vertex 150 1.2216 -187.055
    endloop
  endfacet
  facet normal 1 0 0
    outer loop
      vertex 150 2.5 -179.393
      vertex 150 0.995857 -186.664
      vertex 150 1.12583 -186.85
    endloop
  endfacet
  facet normal 1 0 0
    outer loop
      vertex 150 2.5 -179.393
      vertex 150 0.835624 -186.504
      vertex 150 0.995857 -186.664
    endloop
  endfacet
  facet normal 1 0 0
    outer loop
      vertex 150 2.5 -179.393
      vertex 150 0.65 -186.374
      vertex 150 0.835624 -186.504
    endloop
  endfacet
  facet normal 1 0 0
    outer loop
      vertex 150 2.5 -179.393
      vertex 150 0.444626 -186.278
      vertex 150 0.65 -186.374
    endloop
  endfacet
  facet normal 1 -0 0
    outer loop
      vertex 150 0 -179.83
      vertex 150 0.444626 -186.278
      vertex 150 2.5 -179.393
    endloop
  endfacet
  facet normal 1 0 0
    outer loop
      vertex 150 0.444626 -186.278
      vertex 150 0 -179.83
      vertex 150 0.225742 -186.22
    endloop
  endfacet
  facet normal 1 0 0
    outer loop
      vertex 150 0 -179.83
      vertex 150 0 -186.2
      vertex 150 0.225742 -186.22
    endloop
  endfacet
  facet normal 1 0 0
    outer loop
      vertex 150 0 -179.83
      vertex 150 -0.225742 -186.22
      vertex 150 0 -186.2
    endloop
  endfacet
  facet normal 1 0 0
    outer loop
      vertex 150 0 -179.83
      vertex 150 -0.444626 -186.278
      vertex 150 -0.225742 -186.22
    endloop
  endfacet
  facet normal 1 0 0
    outer loop
      vertex 150 -2.5 -179.393
      vertex 150 -0.444626 -186.278
      vertex 150 0 -179.83
    endloop
  endfacet
  facet normal 1 0 0
    outer loop
      vertex 150 -0.444626 -186.278
      vertex 150 -2.5 -179.393
      vertex 150 -0.65 -186.374
    endloop
  endfacet
  facet normal 1 0 0
    outer loop
      vertex 150 -0.65 -186.374
      vertex 150 -2.5 -179.393
      vertex 150 -0.835624 -186.504
    endloop
  endfacet
  facet normal 1 0 0
    outer loop
      vertex 150 -0.835624 -186.504
      vertex 150 -2.5 -179.393
      vertex 150 -0.995857 -186.664
    endloop
  endfacet
  facet normal 1 0 0
    outer loop
      vertex 150 -0.995857 -186.664
      vertex 150 -2.5 -179.393
      vertex 150 -1.12583 -186.85
    endloop
  endfacet
  facet normal 1 0 0
    outer loop
      vertex 150 -1.12583 -186.85
      vertex 150 -2.5 -179.393
      vertex 150 -1.2216 -187.055
    endloop
  endfacet
  facet normal 1 0 0
    outer loop
      vertex 150 -1.2216 -187.055
      vertex 150 -2.5 -189.563
      vertex 150 -1.28025 -187.274
    endloop
  endfacet
  facet normal 1 0 0
    outer loop
      vertex 150 -2.5 -189.563
      vertex 150 -1.2216 -187.055
      vertex 150 -2.5 -179.393
    endloop
  endfacet
  facet normal 1 -0 0
    outer loop
      vertex 150 1.28025 -187.726
      vertex 150 2.5 -189.563
      vertex 150 1.3 -187.5
    endloop
  endfacet
  facet normal 1 -0 0
    outer loop
      vertex 150 1.2216 -187.945
      vertex 150 2.5 -189.563
      vertex 150 1.28025 -187.726
    endloop
  endfacet
  facet normal 1 -0 0
    outer loop
      vertex 150 1.12583 -188.15
      vertex 150 2.5 -189.563
      vertex 150 1.2216 -187.945
    endloop
  endfacet
  facet normal 1 -0 0
    outer loop
      vertex 150 0.995857 -188.336
      vertex 150 2.5 -189.563
      vertex 150 1.12583 -188.15
    endloop
  endfacet
  facet normal 1 -0 0
    outer loop
      vertex 150 0.835624 -188.496
      vertex 150 2.5 -189.563
      vertex 150 0.995857 -188.336
    endloop
  endfacet
  facet normal 1 -0 0
    outer loop
      vertex 150 0.65 -188.626
      vertex 150 2.5 -189.563
      vertex 150 0.835624 -188.496
    endloop
  endfacet
  facet normal 1 0 0
    outer loop
      vertex 150 0 -190
      vertex 150 0.65 -188.626
      vertex 150 0.444626 -188.722
    endloop
  endfacet
  facet normal 1 0 0
    outer loop
      vertex 150 0 -190
      vertex 150 0.444626 -188.722
      vertex 150 0.225742 -188.78
    endloop
  endfacet
  facet normal 1 0 0
    outer loop
      vertex 150 0 -190
      vertex 150 0.225742 -188.78
      vertex 150 0 -188.8
    endloop
  endfacet
  facet normal 1 0 0
    outer loop
      vertex 150 0.65 -188.626
      vertex 150 0 -190
      vertex 150 2.5 -189.563
    endloop
  endfacet
  facet normal 1 0 0
    outer loop
      vertex 150 -0.225742 -188.78
      vertex 150 0 -190
      vertex 150 0 -188.8
    endloop
  endfacet
  facet normal 1 0 0
    outer loop
      vertex 150 -0.444626 -188.722
      vertex 150 0 -190
      vertex 150 -0.225742 -188.78
    endloop
  endfacet
  facet normal 1 0 0
    outer loop
      vertex 150 -0.65 -188.626
      vertex 150 0 -190
      vertex 150 -0.444626 -188.722
    endloop
  endfacet
  facet normal 1 0 0
    outer loop
      vertex 150 -2.5 -189.563
      vertex 150 -0.65 -188.626
      vertex 150 -0.835624 -188.496
    endloop
  endfacet
  facet normal 1 0 0
    outer loop
      vertex 150 -2.5 -189.563
      vertex 150 -0.835624 -188.496
      vertex 150 -0.995857 -188.336
    endloop
  endfacet
  facet normal 1 0 0
    outer loop
      vertex 150 -2.5 -189.563
      vertex 150 -0.995857 -188.336
      vertex 150 -1.12583 -188.15
    endloop
  endfacet
  facet normal 1 0 0
    outer loop
      vertex 150 -1.28025 -187.274
      vertex 150 -2.5 -189.563
      vertex 150 -1.3 -187.5
    endloop
  endfacet
  facet normal 1 0 0
    outer loop
      vertex 150 -0.65 -188.626
      vertex 150 -2.5 -189.563
      vertex 150 0 -190
    endloop
  endfacet
  facet normal 1 0 0
    outer loop
      vertex 150 -1.2216 -187.945
      vertex 150 -2.5 -189.563
      vertex 150 -1.12583 -188.15
    endloop
  endfacet
  facet normal 1 0 0
    outer loop
      vertex 150 -1.28025 -187.726
      vertex 150 -2.5 -189.563
      vertex 150 -1.2216 -187.945
    endloop
  endfacet
  facet normal 1 0 0
    outer loop
      vertex 150 -1.3 -187.5
      vertex 150 -2.5 -189.563
      vertex 150 -1.28025 -187.726
    endloop
  endfacet
  facet normal -1 0 0
    outer loop
      vertex 0 0 -19.1411
      vertex 0 2.5 0
      vertex 0 2.5 -18.9223
    endloop
  endfacet
  facet normal -1 0 0
    outer loop
      vertex 0 -2.5 0
      vertex 0 0 -19.1411
      vertex 0 -2.5 -18.9223
    endloop
  endfacet
  facet normal -1 0 0
    outer loop
      vertex 0 0 -19.1411
      vertex 0 -2.5 0
      vertex 0 2.5 0
    endloop
  endfacet
  facet normal 0 1 0
    outer loop
      vertex 97.059 2.5 -175.787
      vertex 97.6724 2.5 -175.861
      vertex 97.059 2.5 -175.798
    endloop
  endfacet
  facet normal 0 1 0
    outer loop
      vertex 17.5302 2.5 -30.4318
      vertex 12.6545 2.5 -30
      vertex 17.4403 2.5 -30
    endloop
  endfacet
  facet normal 0 1 0
    outer loop
      vertex 17.5838 2.5 -30.6902
      vertex 12.6545 2.5 -30
      vertex 17.5302 2.5 -30.4318
    endloop
  endfacet
  facet normal 0 1 0
    outer loop
      vertex 12.6545 2.5 -30
      vertex 2.495 2.5 -30.6241
      vertex 2.40316 2.5 -30.1937
    endloop
  endfacet
  facet normal 0 1 0
    outer loop
      vertex 17.6901 2.5 -31.2011
      vertex 12.6545 2.5 -30
      vertex 17.5838 2.5 -30.6902
    endloop
  endfacet
  facet normal 0 1 0
    outer loop
      vertex 12.6545 2.5 -30
      vertex 2.57329 2.5 -30.9923
      vertex 2.495 2.5 -30.6241
    endloop
  endfacet
  facet normal 0 1 0
    outer loop
      vertex 17.7457 2.5 -31.4692
      vertex 12.6545 2.5 -30
      vertex 17.6901 2.5 -31.2011
    endloop
  endfacet
  facet normal 0 1 0
    outer loop
      vertex 12.6545 2.5 -30
      vertex 2.66333 2.5 -31.4143
      vertex 2.57329 2.5 -30.9923
    endloop
  endfacet
  facet normal 0 1 0
    outer loop
      vertex 17.85 2.5 -31.9705
      vertex 12.6545 2.5 -30
      vertex 17.7457 2.5 -31.4692
    endloop
  endfacet
  facet normal 0 1 0
    outer loop
      vertex 12.6545 2.5 -30
      vertex 2.74336 2.5 -31.7907
      vertex 2.66333 2.5 -31.4143
    endloop
  endfacet
  facet normal 0 1 0
    outer loop
      vertex 17.9075 2.5 -32.2479
      vertex 12.6545 2.5 -30
      vertex 17.85 2.5 -31.9705
    endloop
  endfacet
  facet normal 0 1 0
    outer loop
      vertex 12.6545 2.5 -30
      vertex 2.83166 2.5 -32.2045
      vertex 2.74336 2.5 -31.7907
    endloop
  endfacet
  facet normal 0 1 0
    outer loop
      vertex 18.0099 2.5 -32.7399
      vertex 12.6545 2.5 -30
      vertex 17.9075 2.5 -32.2479
    endloop
  endfacet
  facet normal 0 1 0
    outer loop
      vertex 12.6545 2.5 -30
      vertex 2.91336 2.5 -32.5887
      vertex 2.83166 2.5 -32.2045
    endloop
  endfacet
  facet normal 0 1 0
    outer loop
      vertex 18.0693 2.5 -33.0263
      vertex 12.6545 2.5 -30
      vertex 18.0099 2.5 -32.7399
    endloop
  endfacet
  facet normal 0 1 0
    outer loop
      vertex 12.6545 2.5 -30
      vertex 3 2.5 -32.9948
      vertex 2.91336 2.5 -32.5887
    endloop
  endfacet
  facet normal 0 1 0
    outer loop
      vertex 18.1698 2.5 -33.5094
      vertex 12.6545 2.5 -30
      vertex 18.0693 2.5 -33.0263
    endloop
  endfacet
  facet normal 0 1 0
    outer loop
      vertex 12.6545 2.5 -30
      vertex 3.0833 2.5 -33.3866
      vertex 3 2.5 -32.9948
    endloop
  endfacet
  facet normal 0 1 0
    outer loop
      vertex 18.231 2.5 -33.8045
      vertex 12.6545 2.5 -30
      vertex 18.1698 2.5 -33.5094
    endloop
  endfacet
  facet normal 0 1 0
    outer loop
      vertex 12.6545 2.5 -30
      vertex 3.16833 2.5 -33.7852
      vertex 3.0833 2.5 -33.3866
    endloop
  endfacet
  facet normal 0 1 0
    outer loop
      vertex 12.6545 2.5 -30
      vertex 18.231 2.5 -33.8045
      vertex 14.8291 2.5 -40
    endloop
  endfacet
  facet normal 0 1 0
    outer loop
      vertex 12.6545 2.5 -30
      vertex 3.25318 2.5 -34.1842
      vertex 3.16833 2.5 -33.7852
    endloop
  endfacet
  facet normal 0 1 0
    outer loop
      vertex 14.8291 2.5 -40
      vertex 18.231 2.5 -33.8045
      vertex 18.3298 2.5 -34.279
    endloop
  endfacet
  facet normal 0 1 0
    outer loop
      vertex 12.6545 2.5 -30
      vertex 3.33666 2.5 -34.5756
      vertex 3.25318 2.5 -34.1842
    endloop
  endfacet
  facet normal 0 1 0
    outer loop
      vertex 14.8291 2.5 -40
      vertex 18.3298 2.5 -34.279
      vertex 18.3927 2.5 -34.5824
    endloop
  endfacet
  facet normal 0 1 0
    outer loop
      vertex 12.6545 2.5 -30
      vertex 3.423 2.5 -34.9816
      vertex 3.33666 2.5 -34.5756
    endloop
  endfacet
  facet normal 0 1 0
    outer loop
      vertex 14.8291 2.5 -40
      vertex 18.3927 2.5 -34.5824
      vertex 18.4897 2.5 -35.0486
    endloop
  endfacet
  facet normal 0 1 0
    outer loop
      vertex 14.8291 2.5 -40
      vertex 18.4897 2.5 -35.0486
      vertex 18.5543 2.5 -35.3601
    endloop
  endfacet
  facet normal -0 1 0
    outer loop
      vertex 3.84166 2.5 -36.947
      vertex 12.6545 2.5 -30
      vertex 14.8291 2.5 -40
    endloop
  endfacet
  facet normal 0 1 0
    outer loop
      vertex 12.6545 2.5 -30
      vertex 3.505 2.5 -35.366
      vertex 3.423 2.5 -34.9816
    endloop
  endfacet
  facet normal 0 1 0
    outer loop
      vertex 14.8291 2.5 -40
      vertex 18.5543 2.5 -35.3601
      vertex 18.6496 2.5 -35.8183
    endloop
  endfacet
  facet normal 0 1 0
    outer loop
      vertex 14.8291 2.5 -40
      vertex 18.6496 2.5 -35.8183
      vertex 18.7158 2.5 -36.1375
    endloop
  endfacet
  facet normal 0 1 0
    outer loop
      vertex 12.6545 2.5 -30
      vertex 3.59277 2.5 -35.7788
      vertex 3.505 2.5 -35.366
    endloop
  endfacet
  facet normal 0 1 0
    outer loop
      vertex 12.6545 2.5 -30
      vertex 3.67333 2.5 -36.1565
      vertex 3.59277 2.5 -35.7788
    endloop
  endfacet
  facet normal 0 1 0
    outer loop
      vertex 14.8291 2.5 -40
      vertex 18.7158 2.5 -36.1375
      vertex 18.8095 2.5 -36.588
    endloop
  endfacet
  facet normal 0 1 0
    outer loop
      vertex 14.8291 2.5 -40
      vertex 18.8095 2.5 -36.588
      vertex 18.8773 2.5 -36.9148
    endloop
  endfacet
  facet normal 0 1 0
    outer loop
      vertex 12.6545 2.5 -30
      vertex 3.76249 2.5 -36.5758
      vertex 3.67333 2.5 -36.1565
    endloop
  endfacet
  facet normal 0 1 0
    outer loop
      vertex 14.8291 2.5 -40
      vertex 18.8773 2.5 -36.9148
      vertex 18.9694 2.5 -37.3577
    endloop
  endfacet
  facet normal 0 1 0
    outer loop
      vertex 12.6545 2.5 -30
      vertex 3.84166 2.5 -36.947
      vertex 3.76249 2.5 -36.5758
    endloop
  endfacet
  facet normal 0 1 0
    outer loop
      vertex 14.8291 2.5 -40
      vertex 18.9694 2.5 -37.3577
      vertex 19.0387 2.5 -37.6918
    endloop
  endfacet
  facet normal 0 1 0
    outer loop
      vertex 3.84166 2.5 -36.947
      vertex 14.8291 2.5 -40
      vertex 3.93217 2.5 -37.3726
    endloop
  endfacet
  facet normal 0 1 0
    outer loop
      vertex 14.8291 2.5 -40
      vertex 19.0387 2.5 -37.6918
      vertex 19.1293 2.5 -38.1275
    endloop
  endfacet
  facet normal 0 1 0
    outer loop
      vertex 3.93217 2.5 -37.3726
      vertex 14.8291 2.5 -40
      vertex 4.01 2.5 -37.7375
    endloop
  endfacet
  facet normal 0 1 0
    outer loop
      vertex 14.8291 2.5 -40
      vertex 19.1293 2.5 -38.1275
      vertex 19.2001 2.5 -38.4686
    endloop
  endfacet
  facet normal 0 1 0
    outer loop
      vertex 4.01 2.5 -37.7375
      vertex 14.8291 2.5 -40
      vertex 4.1018 2.5 -38.1693
    endloop
  endfacet
  facet normal 0 1 0
    outer loop
      vertex 14.8291 2.5 -40
      vertex 19.2001 2.5 -38.4686
      vertex 19.2892 2.5 -38.8974
    endloop
  endfacet
  facet normal 0 1 0
    outer loop
      vertex 4.1018 2.5 -38.1693
      vertex 14.8291 2.5 -40
      vertex 4.17833 2.5 -38.5281
    endloop
  endfacet
  facet normal 0 1 0
    outer loop
      vertex 14.8291 2.5 -40
      vertex 19.2892 2.5 -38.8974
      vertex 19.3614 2.5 -39.2453
    endloop
  endfacet
  facet normal 0 1 0
    outer loop
      vertex 4.17833 2.5 -38.5281
      vertex 14.8291 2.5 -40
      vertex 4.27139 2.5 -38.9658
    endloop
  endfacet
  facet normal 0 1 0
    outer loop
      vertex 14.8291 2.5 -40
      vertex 19.3614 2.5 -39.2453
      vertex 19.4492 2.5 -39.6673
    endloop
  endfacet
  facet normal 0 1 0
    outer loop
      vertex 4.27139 2.5 -38.9658
      vertex 14.8291 2.5 -40
      vertex 4.34667 2.5 -39.3187
    endloop
  endfacet
  facet normal 0 1 0
    outer loop
      vertex 14.8291 2.5 -40
      vertex 19.4492 2.5 -39.6673
      vertex 19.5182 2.5 -40
    endloop
  endfacet
  facet normal 0 1 0
    outer loop
      vertex 4.34667 2.5 -39.3187
      vertex 14.8291 2.5 -40
      vertex 4.44094 2.5 -39.7621
    endloop
  endfacet
  facet normal 0 1 0
    outer loop
      vertex 14.8291 2.5 -40
      vertex 4.515 2.5 -40.1094
      vertex 4.44094 2.5 -39.7621
    endloop
  endfacet
  facet normal 0 1 0
    outer loop
      vertex 4.94935 2.5 -42.1502
      vertex 14.8291 2.5 -40
      vertex 14.8543 2.5 -40.1158
    endloop
  endfacet
  facet normal 0 1 0
    outer loop
      vertex 5.02 2.5 -42.4816
      vertex 14.8543 2.5 -40.1158
      vertex 14.9461 2.5 -40.5383
    endloop
  endfacet
  facet normal 0 1 0
    outer loop
      vertex 14.8291 2.5 -40
      vertex 4.61044 2.5 -40.5583
      vertex 4.515 2.5 -40.1094
    endloop
  endfacet
  facet normal 0 1 0
    outer loop
      vertex 5.11875 2.5 -42.946
      vertex 14.9461 2.5 -40.5383
      vertex 15.0171 2.5 -40.8646
    endloop
  endfacet
  facet normal 0 1 0
    outer loop
      vertex 14.8291 2.5 -40
      vertex 4.68333 2.5 -40.9001
      vertex 4.61044 2.5 -40.5583
    endloop
  endfacet
  facet normal 0 1 0
    outer loop
      vertex 5.18833 2.5 -43.2723
      vertex 15.0171 2.5 -40.8646
      vertex 15.1099 2.5 -41.292
    endloop
  endfacet
  facet normal 0 1 0
    outer loop
      vertex 14.8291 2.5 -40
      vertex 4.77992 2.5 -41.3543
      vertex 4.68333 2.5 -40.9001
    endloop
  endfacet
  facet normal 0 1 0
    outer loop
      vertex 5.28813 2.5 -43.7417
      vertex 15.1099 2.5 -41.292
      vertex 15.1799 2.5 -41.6135
    endloop
  endfacet
  facet normal 0 1 0
    outer loop
      vertex 14.8291 2.5 -40
      vertex 4.85167 2.5 -41.6908
      vertex 4.77992 2.5 -41.3543
    endloop
  endfacet
  facet normal 0 1 0
    outer loop
      vertex 5.35666 2.5 -44.0631
      vertex 15.1799 2.5 -41.6135
      vertex 15.2737 2.5 -42.0456
    endloop
  endfacet
  facet normal 0 1 0
    outer loop
      vertex 14.8291 2.5 -40
      vertex 4.94935 2.5 -42.1502
      vertex 4.85167 2.5 -41.6908
    endloop
  endfacet
  facet normal 0 1 0
    outer loop
      vertex 5.35666 2.5 -44.0631
      vertex 15.2737 2.5 -42.0456
      vertex 15.3427 2.5 -42.3624
    endloop
  endfacet
  facet normal 0 1 0
    outer loop
      vertex 14.8543 2.5 -40.1158
      vertex 5.02 2.5 -42.4816
      vertex 4.94935 2.5 -42.1502
    endloop
  endfacet
  facet normal 0 1 0
    outer loop
      vertex 5.45747 2.5 -44.5372
      vertex 15.3427 2.5 -42.3624
      vertex 15.4375 2.5 -42.7991
    endloop
  endfacet
  facet normal 0 1 0
    outer loop
      vertex 14.9461 2.5 -40.5383
      vertex 5.11875 2.5 -42.946
      vertex 5.02 2.5 -42.4816
    endloop
  endfacet
  facet normal 0 1 0
    outer loop
      vertex 5.525 2.5 -44.854
      vertex 15.4375 2.5 -42.7991
      vertex 15.5055 2.5 -43.1112
    endloop
  endfacet
  facet normal 0 1 0
    outer loop
      vertex 15.0171 2.5 -40.8646
      vertex 5.18833 2.5 -43.2723
      vertex 5.11875 2.5 -42.946
    endloop
  endfacet
  facet normal 0 1 0
    outer loop
      vertex 5.62678 2.5 -45.3327
      vertex 15.5055 2.5 -43.1112
      vertex 15.6012 2.5 -43.5524
    endloop
  endfacet
  facet normal 0 1 0
    outer loop
      vertex 15.1099 2.5 -41.292
      vertex 5.28813 2.5 -43.7417
      vertex 5.18833 2.5 -43.2723
    endloop
  endfacet
  facet normal 0 1 0
    outer loop
      vertex 5.69333 2.5 -45.6448
      vertex 15.6012 2.5 -43.5524
      vertex 15.6682 2.5 -43.8602
    endloop
  endfacet
  facet normal 0 1 0
    outer loop
      vertex 15.1799 2.5 -41.6135
      vertex 5.35666 2.5 -44.0631
      vertex 5.28813 2.5 -43.7417
    endloop
  endfacet
  facet normal 0 1 0
    outer loop
      vertex 15.773 2.5 -44.6091
      vertex 15.6682 2.5 -43.8602
      vertex 15.765 2.5 -44.3057
    endloop
  endfacet
  facet normal 0 1 -0
    outer loop
      vertex 15.773 2.5 -44.6091
      vertex 15.765 2.5 -44.3057
      vertex 15.773 2.5 -44.3426
    endloop
  endfacet
  facet normal 0 1 0
    outer loop
      vertex 15.3427 2.5 -42.3624
      vertex 5.45747 2.5 -44.5372
      vertex 5.35666 2.5 -44.0631
    endloop
  endfacet
  facet normal 0 1 0
    outer loop
      vertex 5.79607 2.5 -46.128
      vertex 15.6682 2.5 -43.8602
      vertex 15.773 2.5 -44.6091
    endloop
  endfacet
  facet normal 0 1 0
    outer loop
      vertex 15.4375 2.5 -42.7991
      vertex 5.525 2.5 -44.854
      vertex 5.45747 2.5 -44.5372
    endloop
  endfacet
  facet normal 0 1 0
    outer loop
      vertex 5.96532 2.5 -46.9232
      vertex 15.773 2.5 -44.6091
      vertex 15.8706 2.5 -45.0589
    endloop
  endfacet
  facet normal 0 1 0
    outer loop
      vertex 15.5055 2.5 -43.1112
      vertex 5.62678 2.5 -45.3327
      vertex 5.525 2.5 -44.854
    endloop
  endfacet
  facet normal 0 1 0
    outer loop
      vertex 5.97 2.5 -46.9452
      vertex 15.8706 2.5 -45.0589
      vertex 15.9358 2.5 -45.3571
    endloop
  endfacet
  facet normal 0 1 0
    outer loop
      vertex 15.6012 2.5 -43.5524
      vertex 5.69333 2.5 -45.6448
      vertex 5.62678 2.5 -45.3327
    endloop
  endfacet
  facet normal 0 1 0
    outer loop
      vertex 5.97 2.5 -46.9452
      vertex 15.9358 2.5 -45.3571
      vertex 16.0341 2.5 -45.81
    endloop
  endfacet
  facet normal 0 1 0
    outer loop
      vertex 6.13833 2.5 -48.0166
      vertex 16.0341 2.5 -45.81
      vertex 16.0985 2.5 -46.1052
    endloop
  endfacet
  facet normal 0 1 0
    outer loop
      vertex 15.6682 2.5 -43.8602
      vertex 5.79607 2.5 -46.128
      vertex 5.69333 2.5 -45.6448
    endloop
  endfacet
  facet normal 0 1 0
    outer loop
      vertex 15.773 2.5 -44.6091
      vertex 5.86166 2.5 -46.4357
      vertex 5.79607 2.5 -46.128
    endloop
  endfacet
  facet normal 0 1 0
    outer loop
      vertex 6.24354 2.5 -48.5114
      vertex 16.0985 2.5 -46.1052
      vertex 16.1975 2.5 -46.5611
    endloop
  endfacet
  facet normal 0 1 0
    outer loop
      vertex 6.30666 2.5 -48.8066
      vertex 16.1975 2.5 -46.5611
      vertex 16.2613 2.5 -46.8533
    endloop
  endfacet
  facet normal 0 1 0
    outer loop
      vertex 15.773 2.5 -44.6091
      vertex 5.96532 2.5 -46.9232
      vertex 5.86166 2.5 -46.4357
    endloop
  endfacet
  facet normal 0 1 0
    outer loop
      vertex 15.8706 2.5 -45.0589
      vertex 5.97 2.5 -46.9452
      vertex 5.96532 2.5 -46.9232
    endloop
  endfacet
  facet normal 0 1 0
    outer loop
      vertex 16.0341 2.5 -45.81
      vertex 6.07456 2.5 -47.7183
      vertex 5.97 2.5 -46.9452
    endloop
  endfacet
  facet normal 0 1 0
    outer loop
      vertex 6.41252 2.5 -49.3044
      vertex 16.2613 2.5 -46.8533
      vertex 16.361 2.5 -47.3121
    endloop
  endfacet
  facet normal 0 1 0
    outer loop
      vertex 6.475 2.5 -49.5966
      vertex 16.361 2.5 -47.3121
      vertex 16.4241 2.5 -47.6014
    endloop
  endfacet
  facet normal 0 1 0
    outer loop
      vertex 5.97 2.5 -46.9452
      vertex 6.07456 2.5 -47.7183
      vertex 5.97 2.5 -47.2266
    endloop
  endfacet
  facet normal 0 1 0
    outer loop
      vertex 16.0341 2.5 -45.81
      vertex 6.13833 2.5 -48.0166
      vertex 6.07456 2.5 -47.7183
    endloop
  endfacet
  facet normal 0 1 0
    outer loop
      vertex 6.58149 2.5 -50.0974
      vertex 16.4241 2.5 -47.6014
      vertex 16.5244 2.5 -48.0631
    endloop
  endfacet
  facet normal 0 1 0
    outer loop
      vertex 6.64333 2.5 -50.3867
      vertex 16.5244 2.5 -48.0631
      vertex 16.5869 2.5 -48.3495
    endloop
  endfacet
  facet normal 0 1 0
    outer loop
      vertex 16.0985 2.5 -46.1052
      vertex 6.24354 2.5 -48.5114
      vertex 6.13833 2.5 -48.0166
    endloop
  endfacet
  facet normal 0 1 0
    outer loop
      vertex 16.1975 2.5 -46.5611
      vertex 6.30666 2.5 -48.8066
      vertex 6.24354 2.5 -48.5114
    endloop
  endfacet
  facet normal 0 1 0
    outer loop
      vertex 6.75044 2.5 -50.8904
      vertex 16.5869 2.5 -48.3495
      vertex 16.6878 2.5 -48.8141
    endloop
  endfacet
  facet normal 0 1 0
    outer loop
      vertex 6.81167 2.5 -51.1768
      vertex 16.6878 2.5 -48.8141
      vertex 16.7497 2.5 -49.0977
    endloop
  endfacet
  facet normal 0 1 0
    outer loop
      vertex 16.2613 2.5 -46.8533
      vertex 6.41252 2.5 -49.3044
      vertex 6.30666 2.5 -48.8066
    endloop
  endfacet
  facet normal 0 1 0
    outer loop
      vertex 6.81167 2.5 -51.1768
      vertex 16.7497 2.5 -49.0977
      vertex 16.8511 2.5 -49.5651
    endloop
  endfacet
  facet normal 0 1 0
    outer loop
      vertex 16.361 2.5 -47.3121
      vertex 6.475 2.5 -49.5966
      vertex 6.41252 2.5 -49.3044
    endloop
  endfacet
  facet normal 0 1 0
    outer loop
      vertex 6.91938 2.5 -51.6834
      vertex 16.8511 2.5 -49.5651
      vertex 16.9124 2.5 -49.8459
    endloop
  endfacet
  facet normal 0 1 0
    outer loop
      vertex 16.4241 2.5 -47.6014
      vertex 6.58149 2.5 -50.0974
      vertex 6.475 2.5 -49.5966
    endloop
  endfacet
  facet normal 0 1 0
    outer loop
      vertex 6.98 2.5 -51.9669
      vertex 16.9124 2.5 -49.8459
      vertex 17.0145 2.5 -50.3161
    endloop
  endfacet
  facet normal 0 1 0
    outer loop
      vertex 16.5244 2.5 -48.0631
      vertex 6.64333 2.5 -50.3867
      vertex 6.58149 2.5 -50.0974
    endloop
  endfacet
  facet normal 0 1 0
    outer loop
      vertex 7.0883 2.5 -52.4763
      vertex 17.0145 2.5 -50.3161
      vertex 17.0752 2.5 -50.5941
    endloop
  endfacet
  facet normal 0 1 0
    outer loop
      vertex 16.5869 2.5 -48.3495
      vertex 6.75044 2.5 -50.8904
      vertex 6.64333 2.5 -50.3867
    endloop
  endfacet
  facet normal 0 1 0
    outer loop
      vertex 7.14833 2.5 -52.7571
      vertex 17.0752 2.5 -50.5941
      vertex 17.1779 2.5 -51.067
    endloop
  endfacet
  facet normal 0 1 0
    outer loop
      vertex 16.6878 2.5 -48.8141
      vertex 6.81167 2.5 -51.1768
      vertex 6.75044 2.5 -50.8904
    endloop
  endfacet
  facet normal 0 1 0
    outer loop
      vertex 7.25722 2.5 -53.2692
      vertex 17.1779 2.5 -51.067
      vertex 17.238 2.5 -51.3424
    endloop
  endfacet
  facet normal 0 1 0
    outer loop
      vertex 16.8511 2.5 -49.5651
      vertex 6.91938 2.5 -51.6834
      vertex 6.81167 2.5 -51.1768
    endloop
  endfacet
  facet normal 0 1 0
    outer loop
      vertex 7.31667 2.5 -53.5473
      vertex 17.238 2.5 -51.3424
      vertex 17.3412 2.5 -51.8179
    endloop
  endfacet
  facet normal 0 1 0
    outer loop
      vertex 16.9124 2.5 -49.8459
      vertex 6.98 2.5 -51.9669
      vertex 6.91938 2.5 -51.6834
    endloop
  endfacet
  facet normal 0 1 0
    outer loop
      vertex 7.42613 2.5 -54.0621
      vertex 17.3412 2.5 -51.8179
      vertex 17.4008 2.5 -52.0907
    endloop
  endfacet
  facet normal 0 1 0
    outer loop
      vertex 17.0145 2.5 -50.3161
      vertex 7.0883 2.5 -52.4763
      vertex 6.98 2.5 -51.9669
    endloop
  endfacet
  facet normal 0 1 0
    outer loop
      vertex 7.485 2.5 -54.3375
      vertex 17.4008 2.5 -52.0907
      vertex 17.5046 2.5 -52.5688
    endloop
  endfacet
  facet normal 0 1 0
    outer loop
      vertex 17.0752 2.5 -50.5941
      vertex 7.14833 2.5 -52.7571
      vertex 7.0883 2.5 -52.4763
    endloop
  endfacet
  facet normal 0 1 0
    outer loop
      vertex 7.59502 2.5 -54.855
      vertex 17.5046 2.5 -52.5688
      vertex 17.5635 2.5 -52.839
    endloop
  endfacet
  facet normal 0 1 0
    outer loop
      vertex 17.1779 2.5 -51.067
      vertex 7.25722 2.5 -53.2692
      vertex 7.14833 2.5 -52.7571
    endloop
  endfacet
  facet normal 0 1 0
    outer loop
      vertex 7.65333 2.5 -55.1278
      vertex 17.5635 2.5 -52.839
      vertex 17.6679 2.5 -53.3196
    endloop
  endfacet
  facet normal 0 1 0
    outer loop
      vertex 17.238 2.5 -51.3424
      vertex 7.31667 2.5 -53.5473
      vertex 7.25722 2.5 -53.2692
    endloop
  endfacet
  facet normal 0 1 0
    outer loop
      vertex 7.7639 2.5 -55.6478
      vertex 17.6679 2.5 -53.3196
      vertex 17.7263 2.5 -53.5874
    endloop
  endfacet
  facet normal 0 1 0
    outer loop
      vertex 17.3412 2.5 -51.8179
      vertex 7.42613 2.5 -54.0621
      vertex 7.31667 2.5 -53.5473
    endloop
  endfacet
  facet normal 0 1 0
    outer loop
      vertex 7.82166 2.5 -55.9181
      vertex 17.7263 2.5 -53.5874
      vertex 17.8312 2.5 -54.0705
    endloop
  endfacet
  facet normal 0 1 0
    outer loop
      vertex 7.93278 2.5 -56.4406
      vertex 17.8312 2.5 -54.0705
      vertex 17.8891 2.5 -54.3357
    endloop
  endfacet
  facet normal 0 1 0
    outer loop
      vertex 17.4008 2.5 -52.0907
      vertex 7.485 2.5 -54.3375
      vertex 7.42613 2.5 -54.0621
    endloop
  endfacet
  facet normal 0 1 0
    outer loop
      vertex 7.99 2.5 -56.7084
      vertex 17.8891 2.5 -54.3357
      vertex 17.9945 2.5 -54.8213
    endloop
  endfacet
  facet normal 0 1 0
    outer loop
      vertex 17.5046 2.5 -52.5688
      vertex 7.59502 2.5 -54.855
      vertex 7.485 2.5 -54.3375
    endloop
  endfacet
  facet normal 0 1 0
    outer loop
      vertex 8.10164 2.5 -57.2334
      vertex 17.9945 2.5 -54.8213
      vertex 18.0519 2.5 -55.0841
    endloop
  endfacet
  facet normal 0 1 0
    outer loop
      vertex 17.5635 2.5 -52.839
      vertex 7.65333 2.5 -55.1278
      vertex 7.59502 2.5 -54.855
    endloop
  endfacet
  facet normal 0 1 0
    outer loop
      vertex 8.15833 2.5 -57.4987
      vertex 18.0519 2.5 -55.0841
      vertex 18.1578 2.5 -55.5721
    endloop
  endfacet
  facet normal 0 1 0
    outer loop
      vertex 17.6679 2.5 -53.3196
      vertex 7.7639 2.5 -55.6478
      vertex 7.65333 2.5 -55.1278
    endloop
  endfacet
  facet normal 0 1 0
    outer loop
      vertex 8.2705 2.5 -58.0262
      vertex 18.1578 2.5 -55.5721
      vertex 18.2147 2.5 -55.8326
    endloop
  endfacet
  facet normal 0 1 0
    outer loop
      vertex 17.7263 2.5 -53.5874
      vertex 7.82166 2.5 -55.9181
      vertex 7.7639 2.5 -55.6478
    endloop
  endfacet
  facet normal 0 1 0
    outer loop
      vertex 8.32666 2.5 -58.2891
      vertex 18.2147 2.5 -55.8326
      vertex 18.3211 2.5 -56.3229
    endloop
  endfacet
  facet normal 0 1 0
    outer loop
      vertex 17.8312 2.5 -54.0705
      vertex 7.93278 2.5 -56.4406
      vertex 7.82166 2.5 -55.9181
    endloop
  endfacet
  facet normal 0 1 0
    outer loop
      vertex 8.32666 2.5 -58.2891
      vertex 18.3211 2.5 -56.3229
      vertex 18.3774 2.5 -56.581
    endloop
  endfacet
  facet normal 0 1 0
    outer loop
      vertex 17.8891 2.5 -54.3357
      vertex 7.99 2.5 -56.7084
      vertex 7.93278 2.5 -56.4406
    endloop
  endfacet
  facet normal 0 1 0
    outer loop
      vertex 8.43934 2.5 -58.819
      vertex 18.3774 2.5 -56.581
      vertex 18.4844 2.5 -57.0736
    endloop
  endfacet
  facet normal 0 1 0
    outer loop
      vertex 17.9945 2.5 -54.8213
      vertex 8.10164 2.5 -57.2334
      vertex 7.99 2.5 -56.7084
    endloop
  endfacet
  facet normal 0 1 0
    outer loop
      vertex 8.495 2.5 -59.0794
      vertex 18.4844 2.5 -57.0736
      vertex 18.5402 2.5 -57.3295
    endloop
  endfacet
  facet normal 0 1 0
    outer loop
      vertex 18.0519 2.5 -55.0841
      vertex 8.15833 2.5 -57.4987
      vertex 8.10164 2.5 -57.2334
    endloop
  endfacet
  facet normal 0 1 0
    outer loop
      vertex 8.60817 2.5 -59.6117
      vertex 18.5402 2.5 -57.3295
      vertex 18.6477 2.5 -57.8244
    endloop
  endfacet
  facet normal 0 1 0
    outer loop
      vertex 18.1578 2.5 -55.5721
      vertex 8.2705 2.5 -58.0262
      vertex 8.15833 2.5 -57.4987
    endloop
  endfacet
  facet normal 0 1 0
    outer loop
      vertex 8.66333 2.5 -59.8698
      vertex 18.6477 2.5 -57.8244
      vertex 18.703 2.5 -58.0779
    endloop
  endfacet
  facet normal 0 1 0
    outer loop
      vertex 18.2147 2.5 -55.8326
      vertex 8.32666 2.5 -58.2891
      vertex 8.2705 2.5 -58.0262
    endloop
  endfacet
  facet normal 0 1 0
    outer loop
      vertex 8.777 2.5 -60.4044
      vertex 18.703 2.5 -58.0779
      vertex 18.8109 2.5 -58.5751
    endloop
  endfacet
  facet normal 0 1 0
    outer loop
      vertex 18.3774 2.5 -56.581
      vertex 8.43934 2.5 -58.819
      vertex 8.32666 2.5 -58.2891
    endloop
  endfacet
  facet normal 0 1 0
    outer loop
      vertex 8.83166 2.5 -60.6603
      vertex 18.8109 2.5 -58.5751
      vertex 18.8658 2.5 -58.8265
    endloop
  endfacet
  facet normal 0 1 0
    outer loop
      vertex 18.4844 2.5 -57.0736
      vertex 8.495 2.5 -59.0794
      vertex 8.43934 2.5 -58.819
    endloop
  endfacet
  facet normal 0 1 0
    outer loop
      vertex 8.94582 2.5 -61.1971
      vertex 18.8658 2.5 -58.8265
      vertex 18.9742 2.5 -59.3258
    endloop
  endfacet
  facet normal 0 1 0
    outer loop
      vertex 9 2.5 -61.4507
      vertex 18.9742 2.5 -59.3258
      vertex 19.0286 2.5 -59.575
    endloop
  endfacet
  facet normal 0 1 0
    outer loop
      vertex 18.5402 2.5 -57.3295
      vertex 8.60817 2.5 -59.6117
      vertex 8.495 2.5 -59.0794
    endloop
  endfacet
  facet normal 0 1 0
    outer loop
      vertex 18.6477 2.5 -57.8244
      vertex 8.66333 2.5 -59.8698
      vertex 8.60817 2.5 -59.6117
    endloop
  endfacet
  facet normal 0 1 0
    outer loop
      vertex 9.11463 2.5 -61.9898
      vertex 19.0286 2.5 -59.575
      vertex 19.1374 2.5 -60.0765
    endloop
  endfacet
  facet normal 0 1 0
    outer loop
      vertex 9.16833 2.5 -62.2412
      vertex 19.1374 2.5 -60.0765
      vertex 19.1913 2.5 -60.3235
    endloop
  endfacet
  facet normal 0 1 0
    outer loop
      vertex 18.703 2.5 -58.0779
      vertex 8.777 2.5 -60.4044
      vertex 8.66333 2.5 -59.8698
    endloop
  endfacet
  facet normal 0 1 0
    outer loop
      vertex 18.8109 2.5 -58.5751
      vertex 8.83166 2.5 -60.6603
      vertex 8.777 2.5 -60.4044
    endloop
  endfacet
  facet normal 0 1 0
    outer loop
      vertex 9.28342 2.5 -62.7824
      vertex 19.1913 2.5 -60.3235
      vertex 19.3007 2.5 -60.8271
    endloop
  endfacet
  facet normal 0 1 0
    outer loop
      vertex 9.33666 2.5 -63.0316
      vertex 19.3007 2.5 -60.8271
      vertex 19.3541 2.5 -61.0721
    endloop
  endfacet
  facet normal 0 1 0
    outer loop
      vertex 18.8658 2.5 -58.8265
      vertex 8.94582 2.5 -61.1971
      vertex 8.83166 2.5 -60.6603
    endloop
  endfacet
  facet normal 0 1 0
    outer loop
      vertex 18.9742 2.5 -59.3258
      vertex 9 2.5 -61.4507
      vertex 8.94582 2.5 -61.1971
    endloop
  endfacet
  facet normal 0 1 0
    outer loop
      vertex 9.45222 2.5 -63.5751
      vertex 19.3541 2.5 -61.0721
      vertex 19.4639 2.5 -61.5778
    endloop
  endfacet
  facet normal 0 1 0
    outer loop
      vertex 9.505 2.5 -63.8222
      vertex 19.4639 2.5 -61.5778
      vertex 19.5169 2.5 -61.8207
    endloop
  endfacet
  facet normal 0 1 0
    outer loop
      vertex 19.0286 2.5 -59.575
      vertex 9.11463 2.5 -61.9898
      vertex 9 2.5 -61.4507
    endloop
  endfacet
  facet normal 0 1 0
    outer loop
      vertex 19.1374 2.5 -60.0765
      vertex 9.16833 2.5 -62.2412
      vertex 9.11463 2.5 -61.9898
    endloop
  endfacet
  facet normal 0 1 0
    outer loop
      vertex 9.621 2.5 -64.3677
      vertex 19.5169 2.5 -61.8207
      vertex 19.6271 2.5 -62.3284
    endloop
  endfacet
  facet normal 0 1 0
    outer loop
      vertex 9.67333 2.5 -64.6127
      vertex 19.6271 2.5 -62.3284
      vertex 19.6797 2.5 -62.5693
    endloop
  endfacet
  facet normal 0 1 0
    outer loop
      vertex 19.1913 2.5 -60.3235
      vertex 9.28342 2.5 -62.7824
      vertex 9.16833 2.5 -62.2412
    endloop
  endfacet
  facet normal 0 1 0
    outer loop
      vertex 19.3007 2.5 -60.8271
      vertex 9.33666 2.5 -63.0316
      vertex 9.28342 2.5 -62.7824
    endloop
  endfacet
  facet normal 0 1 0
    outer loop
      vertex 9.78978 2.5 -65.1603
      vertex 19.6797 2.5 -62.5693
      vertex 19.7903 2.5 -63.079
    endloop
  endfacet
  facet normal 0 1 0
    outer loop
      vertex 9.84166 2.5 -65.4032
      vertex 19.7903 2.5 -63.079
      vertex 19.8424 2.5 -63.3179
    endloop
  endfacet
  facet normal 0 1 0
    outer loop
      vertex 19.3541 2.5 -61.0721
      vertex 9.45222 2.5 -63.5751
      vertex 9.33666 2.5 -63.0316
    endloop
  endfacet
  facet normal 0 1 0
    outer loop
      vertex 19.4639 2.5 -61.5778
      vertex 9.505 2.5 -63.8222
      vertex 9.45222 2.5 -63.5751
    endloop
  endfacet
  facet normal 0 1 0
    outer loop
      vertex 9.84166 2.5 -65.4032
      vertex 19.8424 2.5 -63.3179
      vertex 19.9536 2.5 -63.8297
    endloop
  endfacet
  facet normal 0 1 0
    outer loop
      vertex 9.95855 2.5 -65.9529
      vertex 19.9536 2.5 -63.8297
      vertex 20.0052 2.5 -64.0666
    endloop
  endfacet
  facet normal 0 1 0
    outer loop
      vertex 19.5169 2.5 -61.8207
      vertex 9.621 2.5 -64.3677
      vertex 9.505 2.5 -63.8222
    endloop
  endfacet
  facet normal 0 1 0
    outer loop
      vertex 10.01 2.5 -66.1938
      vertex 20.0052 2.5 -64.0666
      vertex 20.1168 2.5 -64.5802
    endloop
  endfacet
  facet normal 0 1 0
    outer loop
      vertex 19.6271 2.5 -62.3284
      vertex 9.67333 2.5 -64.6127
      vertex 9.621 2.5 -64.3677
    endloop
  endfacet
  facet normal 0 1 0
    outer loop
      vertex 10.1273 2.5 -66.7455
      vertex 20.1168 2.5 -64.5802
      vertex 20.168 2.5 -64.8152
    endloop
  endfacet
  facet normal 0 1 0
    outer loop
      vertex 19.6797 2.5 -62.5693
      vertex 9.78978 2.5 -65.1603
      vertex 9.67333 2.5 -64.6127
    endloop
  endfacet
  facet normal 0 1 0
    outer loop
      vertex 10.1783 2.5 -66.9844
      vertex 20.168 2.5 -64.8152
      vertex 20.28 2.5 -65.3308
    endloop
  endfacet
  facet normal 0 1 0
    outer loop
      vertex 19.7903 2.5 -63.079
      vertex 9.84166 2.5 -65.4032
      vertex 9.78978 2.5 -65.1603
    endloop
  endfacet
  facet normal 0 1 0
    outer loop
      vertex 10.2961 2.5 -67.5381
      vertex 20.28 2.5 -65.3308
      vertex 20.3308 2.5 -65.5639
    endloop
  endfacet
  facet normal 0 1 0
    outer loop
      vertex 19.9536 2.5 -63.8297
      vertex 9.95855 2.5 -65.9529
      vertex 9.84166 2.5 -65.4032
    endloop
  endfacet
  facet normal 0 1 0
    outer loop
      vertex 10.3467 2.5 -67.775
      vertex 20.3308 2.5 -65.5639
      vertex 20.4431 2.5 -66.0814
    endloop
  endfacet
  facet normal 0 1 0
    outer loop
      vertex 20.0052 2.5 -64.0666
      vertex 10.01 2.5 -66.1938
      vertex 9.95855 2.5 -65.9529
    endloop
  endfacet
  facet normal 0 1 0
    outer loop
      vertex 10.4648 2.5 -68.3306
      vertex 20.4431 2.5 -66.0814
      vertex 20.4936 2.5 -66.3126
    endloop
  endfacet
  facet normal 0 1 0
    outer loop
      vertex 20.1168 2.5 -64.5802
      vertex 10.1273 2.5 -66.7455
      vertex 10.01 2.5 -66.1938
    endloop
  endfacet
  facet normal 0 1 0
    outer loop
      vertex 10.515 2.5 -68.5656
      vertex 20.4936 2.5 -66.3126
      vertex 20.6063 2.5 -66.8319
    endloop
  endfacet
  facet normal 0 1 0
    outer loop
      vertex 20.168 2.5 -64.8152
      vertex 10.1783 2.5 -66.9844
      vertex 10.1273 2.5 -66.7455
    endloop
  endfacet
  facet normal 0 1 0
    outer loop
      vertex 10.6336 2.5 -69.1232
      vertex 20.6063 2.5 -66.8319
      vertex 20.6563 2.5 -67.0613
    endloop
  endfacet
  facet normal 0 1 0
    outer loop
      vertex 20.28 2.5 -65.3308
      vertex 10.2961 2.5 -67.5381
      vertex 10.1783 2.5 -66.9844
    endloop
  endfacet
  facet normal 0 1 0
    outer loop
      vertex 10.6833 2.5 -69.3562
      vertex 20.6563 2.5 -67.0613
      vertex 20.7695 2.5 -67.5825
    endloop
  endfacet
  facet normal 0 1 0
    outer loop
      vertex 20.3308 2.5 -65.5639
      vertex 10.3467 2.5 -67.775
      vertex 10.2961 2.5 -67.5381
    endloop
  endfacet
  facet normal 0 1 0
    outer loop
      vertex 10.8023 2.5 -69.9157
      vertex 20.7695 2.5 -67.5825
      vertex 20.8191 2.5 -67.81
    endloop
  endfacet
  facet normal 0 1 0
    outer loop
      vertex 20.4431 2.5 -66.0814
      vertex 10.4648 2.5 -68.3306
      vertex 10.3467 2.5 -67.775
    endloop
  endfacet
  facet normal 0 1 0
    outer loop
      vertex 10.8517 2.5 -70.1469
      vertex 20.8191 2.5 -67.81
      vertex 20.9327 2.5 -68.333
    endloop
  endfacet
  facet normal 0 1 0
    outer loop
      vertex 10.971 2.5 -70.7082
      vertex 20.9327 2.5 -68.333
      vertex 20.9819 2.5 -68.5588
    endloop
  endfacet
  facet normal 0 1 0
    outer loop
      vertex 20.4936 2.5 -66.3126
      vertex 10.515 2.5 -68.5656
      vertex 10.4648 2.5 -68.3306
    endloop
  endfacet
  facet normal 0 1 0
    outer loop
      vertex 11.02 2.5 -70.9375
      vertex 20.9819 2.5 -68.5588
      vertex 21.0958 2.5 -69.0835
    endloop
  endfacet
  facet normal 0 1 0
    outer loop
      vertex 20.6063 2.5 -66.8319
      vertex 10.6336 2.5 -69.1232
      vertex 10.515 2.5 -68.5656
    endloop
  endfacet
  facet normal 0 1 0
    outer loop
      vertex 11.1397 2.5 -71.5007
      vertex 21.0958 2.5 -69.0835
      vertex 21.1447 2.5 -69.3075
    endloop
  endfacet
  facet normal 0 1 0
    outer loop
      vertex 20.6563 2.5 -67.0613
      vertex 10.6833 2.5 -69.3562
      vertex 10.6336 2.5 -69.1232
    endloop
  endfacet
  facet normal 0 1 0
    outer loop
      vertex 11.1883 2.5 -71.7282
      vertex 21.1447 2.5 -69.3075
      vertex 21.259 2.5 -69.834
    endloop
  endfacet
  facet normal 0 1 0
    outer loop
      vertex 20.7695 2.5 -67.5825
      vertex 10.8023 2.5 -69.9157
      vertex 10.6833 2.5 -69.3562
    endloop
  endfacet
  facet normal 0 1 0
    outer loop
      vertex 11.3085 2.5 -72.2932
      vertex 21.259 2.5 -69.834
      vertex 21.3075 2.5 -70.0563
    endloop
  endfacet
  facet normal 0 1 0
    outer loop
      vertex 20.8191 2.5 -67.81
      vertex 10.8517 2.5 -70.1469
      vertex 10.8023 2.5 -69.9157
    endloop
  endfacet
  facet normal 0 1 0
    outer loop
      vertex 11.3567 2.5 -72.5189
      vertex 21.3075 2.5 -70.0563
      vertex 21.4221 2.5 -70.5845
    endloop
  endfacet
  facet normal 0 1 0
    outer loop
      vertex 20.9327 2.5 -68.333
      vertex 10.971 2.5 -70.7082
      vertex 10.8517 2.5 -70.1469
    endloop
  endfacet
  facet normal 0 1 0
    outer loop
      vertex 11.3567 2.5 -72.5189
      vertex 21.4221 2.5 -70.5845
      vertex 21.4702 2.5 -70.8051
    endloop
  endfacet
  facet normal 0 1 0
    outer loop
      vertex 20.9819 2.5 -68.5588
      vertex 11.02 2.5 -70.9375
      vertex 10.971 2.5 -70.7082
    endloop
  endfacet
  facet normal 0 1 -0
    outer loop
      vertex 21.575 2.5 -71.5539
      vertex 21.4702 2.5 -70.8051
      vertex 21.575 2.5 -71.2876
    endloop
  endfacet
  facet normal 0 1 0
    outer loop
      vertex 21.0958 2.5 -69.0835
      vertex 11.1397 2.5 -71.5007
      vertex 11.02 2.5 -70.9375
    endloop
  endfacet
  facet normal 0 1 0
    outer loop
      vertex 11.4772 2.5 -73.0856
      vertex 21.4702 2.5 -70.8051
      vertex 21.575 2.5 -71.5539
    endloop
  endfacet
  facet normal 0 1 0
    outer loop
      vertex 21.1447 2.5 -69.3075
      vertex 11.1883 2.5 -71.7282
      vertex 11.1397 2.5 -71.5007
    endloop
  endfacet
  facet normal 0 1 0
    outer loop
      vertex 11.8146 2.5 -74.6705
      vertex 21.575 2.5 -71.5539
      vertex 21.8058 2.5 -72.2626
    endloop
  endfacet
  facet normal 0 1 0
    outer loop
      vertex 21.259 2.5 -69.834
      vertex 11.3085 2.5 -72.2932
      vertex 11.1883 2.5 -71.7282
    endloop
  endfacet
  facet normal 0 1 0
    outer loop
      vertex 21.3075 2.5 -70.0563
      vertex 11.3567 2.5 -72.5189
      vertex 11.3085 2.5 -72.2932
    endloop
  endfacet
  facet normal 0 1 0
    outer loop
      vertex 21.4702 2.5 -70.8051
      vertex 11.4772 2.5 -73.0856
      vertex 11.3567 2.5 -72.5189
    endloop
  endfacet
  facet normal 0 1 0
    outer loop
      vertex 21.575 2.5 -71.5539
      vertex 11.525 2.5 -73.3096
      vertex 11.4772 2.5 -73.0856
    endloop
  endfacet
  facet normal 0 1 0
    outer loop
      vertex 21.575 2.5 -71.5539
      vertex 11.6459 2.5 -73.8781
      vertex 11.525 2.5 -73.3096
    endloop
  endfacet
  facet normal 0 1 0
    outer loop
      vertex 21.575 2.5 -71.5539
      vertex 11.6933 2.5 -74.1004
      vertex 11.6459 2.5 -73.8781
    endloop
  endfacet
  facet normal 0 1 0
    outer loop
      vertex 21.575 2.5 -71.5539
      vertex 11.8146 2.5 -74.6705
      vertex 11.6933 2.5 -74.1004
    endloop
  endfacet
  facet normal 0 1 0
    outer loop
      vertex 21.8058 2.5 -72.2626
      vertex 11.8617 2.5 -74.8911
      vertex 11.8146 2.5 -74.6705
    endloop
  endfacet
  facet normal 0 1 0
    outer loop
      vertex 12.2139 2.5 -76.4466
      vertex 21.8058 2.5 -72.2626
      vertex 22.7291 2.5 -75.0977
    endloop
  endfacet
  facet normal 0 1 0
    outer loop
      vertex 21.8058 2.5 -72.2626
      vertex 11.97 2.5 -75.4006
      vertex 11.8617 2.5 -74.8911
    endloop
  endfacet
  facet normal 0 1 0
    outer loop
      vertex 21.8058 2.5 -72.2626
      vertex 12.2139 2.5 -76.4466
      vertex 11.97 2.5 -75.4006
    endloop
  endfacet
  facet normal 0 1 0
    outer loop
      vertex 11.97 2.5 -75.4006
      vertex 12.2139 2.5 -76.4466
      vertex 11.97 2.5 -75.6819
    endloop
  endfacet
  facet normal 0 1 0
    outer loop
      vertex 22.7291 2.5 -75.0977
      vertex 13.1895 2.5 -79.5054
      vertex 12.2139 2.5 -76.4466
    endloop
  endfacet
  facet normal 0 1 0
    outer loop
      vertex 25.1529 2.5 -82.5397
      vertex 13.1895 2.5 -79.5054
      vertex 22.7291 2.5 -75.0977
    endloop
  endfacet
  facet normal 0 1 0
    outer loop
      vertex 15.7505 2.5 -87.5348
      vertex 25.1529 2.5 -82.5397
      vertex 25.73 2.5 -84.3116
    endloop
  endfacet
  facet normal 0 1 0
    outer loop
      vertex 15.7505 2.5 -87.5348
      vertex 25.73 2.5 -84.3116
      vertex 25.7881 2.5 -84.4901
    endloop
  endfacet
  facet normal 0 1 0
    outer loop
      vertex 15.7505 2.5 -87.5348
      vertex 25.7881 2.5 -84.4901
      vertex 25.8455 2.5 -84.6662
    endloop
  endfacet
  facet normal 0 1 0
    outer loop
      vertex 16.3602 2.5 -89.4466
      vertex 25.8455 2.5 -84.6662
      vertex 26.2794 2.5 -85.9973
    endloop
  endfacet
  facet normal 0 1 0
    outer loop
      vertex 25.1529 2.5 -82.5397
      vertex 15.7505 2.5 -87.5348
      vertex 13.1895 2.5 -79.5054
    endloop
  endfacet
  facet normal 0 1 0
    outer loop
      vertex 16.8982 2.5 -91.1323
      vertex 26.2794 2.5 -85.9973
      vertex 27.2382 2.5 -88.9394
    endloop
  endfacet
  facet normal 0 1 -0
    outer loop
      vertex 27.377 2.5 -89.5434
      vertex 27.2382 2.5 -88.9394
      vertex 27.377 2.5 -89.3652
    endloop
  endfacet
  facet normal 0 1 0
    outer loop
      vertex 25.8455 2.5 -84.6662
      vertex 16.3602 2.5 -89.4466
      vertex 15.7505 2.5 -87.5348
    endloop
  endfacet
  facet normal 0 1 0
    outer loop
      vertex 27.2382 2.5 -88.9394
      vertex 27.377 2.5 -89.5434
      vertex 16.8982 2.5 -91.1323
    endloop
  endfacet
  facet normal 0 1 0
    outer loop
      vertex 26.2794 2.5 -85.9973
      vertex 16.4172 2.5 -89.6251
      vertex 16.3602 2.5 -89.4466
    endloop
  endfacet
  facet normal 0 1 0
    outer loop
      vertex 17.8373 2.5 -94.0744
      vertex 27.377 2.5 -89.5434
      vertex 27.4152 2.5 -89.6714
    endloop
  endfacet
  facet normal 0 1 0
    outer loop
      vertex 26.2794 2.5 -85.9973
      vertex 16.4734 2.5 -89.8012
      vertex 16.4172 2.5 -89.6251
    endloop
  endfacet
  facet normal 0 1 0
    outer loop
      vertex 17.8373 2.5 -94.0744
      vertex 27.4152 2.5 -89.6714
      vertex 27.5398 2.5 -90.0922
    endloop
  endfacet
  facet normal 0 1 0
    outer loop
      vertex 17.8373 2.5 -94.0744
      vertex 27.5398 2.5 -90.0922
      vertex 27.5778 2.5 -90.2199
    endloop
  endfacet
  facet normal 0 1 0
    outer loop
      vertex 17.8373 2.5 -94.0744
      vertex 27.5778 2.5 -90.2199
      vertex 27.7025 2.5 -90.6411
    endloop
  endfacet
  facet normal 0 1 0
    outer loop
      vertex 17.8373 2.5 -94.0744
      vertex 27.7025 2.5 -90.6411
      vertex 27.7405 2.5 -90.7683
    endloop
  endfacet
  facet normal 0 1 0
    outer loop
      vertex 26.2794 2.5 -85.9973
      vertex 16.8982 2.5 -91.1323
      vertex 16.4734 2.5 -89.8012
    endloop
  endfacet
  facet normal 0 1 0
    outer loop
      vertex 17.8373 2.5 -94.0744
      vertex 27.7405 2.5 -90.7683
      vertex 27.8653 2.5 -91.19
    endloop
  endfacet
  facet normal 0 1 0
    outer loop
      vertex 17.8373 2.5 -94.0744
      vertex 27.8653 2.5 -91.19
      vertex 27.9031 2.5 -91.3168
    endloop
  endfacet
  facet normal 0 1 0
    outer loop
      vertex 17.97 2.5 -94.4903
      vertex 27.9031 2.5 -91.3168
      vertex 28.0281 2.5 -91.7389
    endloop
  endfacet
  facet normal 0 1 0
    outer loop
      vertex 17.97 2.5 -94.4903
      vertex 28.0281 2.5 -91.7389
      vertex 28.0658 2.5 -91.8653
    endloop
  endfacet
  facet normal 0 1 0
    outer loop
      vertex 17.97 2.5 -94.4903
      vertex 28.0658 2.5 -91.8653
      vertex 28.1909 2.5 -92.2878
    endloop
  endfacet
  facet normal 0 1 0
    outer loop
      vertex 18.1383 2.5 -95.258
      vertex 28.1909 2.5 -92.2878
      vertex 28.2284 2.5 -92.4138
    endloop
  endfacet
  facet normal 0 1 0
    outer loop
      vertex 18.1756 2.5 -95.3856
      vertex 28.2284 2.5 -92.4138
      vertex 28.3537 2.5 -92.8367
    endloop
  endfacet
  facet normal 0 1 0
    outer loop
      vertex 18.3067 2.5 -95.8376
      vertex 28.3537 2.5 -92.8367
      vertex 28.3911 2.5 -92.9623
    endloop
  endfacet
  facet normal 0 1 0
    outer loop
      vertex 18.3438 2.5 -95.9649
      vertex 28.3911 2.5 -92.9623
      vertex 28.5164 2.5 -93.3856
    endloop
  endfacet
  facet normal 0 1 0
    outer loop
      vertex 18.475 2.5 -96.4173
      vertex 28.5164 2.5 -93.3856
      vertex 28.5538 2.5 -93.5108
    endloop
  endfacet
  facet normal 0 1 0
    outer loop
      vertex 18.512 2.5 -96.5441
      vertex 28.5538 2.5 -93.5108
      vertex 28.6792 2.5 -93.9345
    endloop
  endfacet
  facet normal 0 1 0
    outer loop
      vertex 18.6433 2.5 -96.997
      vertex 28.6792 2.5 -93.9345
      vertex 28.7164 2.5 -94.0593
    endloop
  endfacet
  facet normal 0 1 0
    outer loop
      vertex 27.377 2.5 -89.5434
      vertex 17.8373 2.5 -94.0744
      vertex 16.8982 2.5 -91.1323
    endloop
  endfacet
  facet normal 0 1 0
    outer loop
      vertex 18.6802 2.5 -97.1234
      vertex 28.7164 2.5 -94.0593
      vertex 28.842 2.5 -94.4835
    endloop
  endfacet
  facet normal 0 1 0
    outer loop
      vertex 27.9031 2.5 -91.3168
      vertex 17.97 2.5 -94.4903
      vertex 17.8373 2.5 -94.0744
    endloop
  endfacet
  facet normal 0 1 0
    outer loop
      vertex 18.8117 2.5 -97.5766
      vertex 28.842 2.5 -94.4835
      vertex 28.8791 2.5 -94.6079
    endloop
  endfacet
  facet normal 0 1 0
    outer loop
      vertex 28.1909 2.5 -92.2878
      vertex 18.1383 2.5 -95.258
      vertex 17.97 2.5 -94.4903
    endloop
  endfacet
  facet normal 0 1 0
    outer loop
      vertex 17.97 2.5 -94.4903
      vertex 18.0074 2.5 -94.8064
      vertex 17.97 2.5 -94.6784
    endloop
  endfacet
  facet normal 0 1 0
    outer loop
      vertex 18.8485 2.5 -97.7027
      vertex 28.8791 2.5 -94.6079
      vertex 29.0048 2.5 -95.0324
    endloop
  endfacet
  facet normal 0 1 0
    outer loop
      vertex 18.98 2.5 -98.1563
      vertex 29.0048 2.5 -95.0324
      vertex 29.0417 2.5 -95.1564
    endloop
  endfacet
  facet normal 0 1 0
    outer loop
      vertex 17.97 2.5 -94.4903
      vertex 18.1383 2.5 -95.258
      vertex 18.0074 2.5 -94.8064
    endloop
  endfacet
  facet normal 0 1 0
    outer loop
      vertex 28.2284 2.5 -92.4138
      vertex 18.1756 2.5 -95.3856
      vertex 18.1383 2.5 -95.258
    endloop
  endfacet
  facet normal 0 1 0
    outer loop
      vertex 19.0167 2.5 -98.2819
      vertex 29.0417 2.5 -95.1564
      vertex 29.1675 2.5 -95.5813
    endloop
  endfacet
  facet normal 0 1 0
    outer loop
      vertex 19.1483 2.5 -98.736
      vertex 29.1675 2.5 -95.5813
      vertex 29.2044 2.5 -95.705
    endloop
  endfacet
  facet normal 0 1 0
    outer loop
      vertex 28.3537 2.5 -92.8367
      vertex 18.3067 2.5 -95.8376
      vertex 18.1756 2.5 -95.3856
    endloop
  endfacet
  facet normal 0 1 0
    outer loop
      vertex 28.3911 2.5 -92.9623
      vertex 18.3438 2.5 -95.9649
      vertex 18.3067 2.5 -95.8376
    endloop
  endfacet
  facet normal 0 1 0
    outer loop
      vertex 19.1849 2.5 -98.8612
      vertex 29.2044 2.5 -95.705
      vertex 29.3303 2.5 -96.1303
    endloop
  endfacet
  facet normal 0 1 0
    outer loop
      vertex 19.3167 2.5 -99.3157
      vertex 29.3303 2.5 -96.1303
      vertex 29.3671 2.5 -96.2535
    endloop
  endfacet
  facet normal 0 1 0
    outer loop
      vertex 28.5164 2.5 -93.3856
      vertex 18.475 2.5 -96.4173
      vertex 18.3438 2.5 -95.9649
    endloop
  endfacet
  facet normal 0 1 0
    outer loop
      vertex 28.5538 2.5 -93.5108
      vertex 18.512 2.5 -96.5441
      vertex 18.475 2.5 -96.4173
    endloop
  endfacet
  facet normal 0 1 0
    outer loop
      vertex 19.3531 2.5 -99.4405
      vertex 29.3671 2.5 -96.2535
      vertex 29.4931 2.5 -96.6792
    endloop
  endfacet
  facet normal 0 1 0
    outer loop
      vertex 19.3531 2.5 -99.4405
      vertex 29.4931 2.5 -96.6792
      vertex 29.5297 2.5 -96.8021
    endloop
  endfacet
  facet normal 0 1 0
    outer loop
      vertex 28.6792 2.5 -93.9345
      vertex 18.6433 2.5 -96.997
      vertex 18.512 2.5 -96.5441
    endloop
  endfacet
  facet normal 0 1 0
    outer loop
      vertex 28.7164 2.5 -94.0593
      vertex 18.6802 2.5 -97.1234
      vertex 18.6433 2.5 -96.997
    endloop
  endfacet
  facet normal 0 1 0
    outer loop
      vertex 19.485 2.5 -99.8954
      vertex 29.5297 2.5 -96.8021
      vertex 29.6559 2.5 -97.2282
    endloop
  endfacet
  facet normal 0 1 0
    outer loop
      vertex 19.5213 2.5 -100.02
      vertex 29.6559 2.5 -97.2282
      vertex 29.6924 2.5 -97.3506
    endloop
  endfacet
  facet normal 0 1 0
    outer loop
      vertex 28.842 2.5 -94.4835
      vertex 18.8117 2.5 -97.5766
      vertex 18.6802 2.5 -97.1234
    endloop
  endfacet
  facet normal 0 1 0
    outer loop
      vertex 28.8791 2.5 -94.6079
      vertex 18.8485 2.5 -97.7027
      vertex 18.8117 2.5 -97.5766
    endloop
  endfacet
  facet normal 0 1 0
    outer loop
      vertex 19.6533 2.5 -100.475
      vertex 29.6924 2.5 -97.3506
      vertex 29.8187 2.5 -97.7771
    endloop
  endfacet
  facet normal 0 1 0
    outer loop
      vertex 19.6895 2.5 -100.599
      vertex 29.8187 2.5 -97.7771
      vertex 29.8551 2.5 -97.8992
    endloop
  endfacet
  facet normal 0 1 0
    outer loop
      vertex 29.0048 2.5 -95.0324
      vertex 18.98 2.5 -98.1563
      vertex 18.8485 2.5 -97.7027
    endloop
  endfacet
  facet normal 0 1 0
    outer loop
      vertex 29.0417 2.5 -95.1564
      vertex 19.0167 2.5 -98.2819
      vertex 18.98 2.5 -98.1563
    endloop
  endfacet
  facet normal 0 1 0
    outer loop
      vertex 19.8217 2.5 -101.055
      vertex 29.8551 2.5 -97.8992
      vertex 29.9814 2.5 -98.3261
    endloop
  endfacet
  facet normal 0 1 0
    outer loop
      vertex 19.8578 2.5 -101.178
      vertex 29.9814 2.5 -98.3261
      vertex 30.0177 2.5 -98.4478
    endloop
  endfacet
  facet normal 0 1 0
    outer loop
      vertex 29.1675 2.5 -95.5813
      vertex 19.1483 2.5 -98.736
      vertex 19.0167 2.5 -98.2819
    endloop
  endfacet
  facet normal 0 1 0
    outer loop
      vertex 29.2044 2.5 -95.705
      vertex 19.1849 2.5 -98.8612
      vertex 19.1483 2.5 -98.736
    endloop
  endfacet
  facet normal 0 1 0
    outer loop
      vertex 19.99 2.5 -101.634
      vertex 30.0177 2.5 -98.4478
      vertex 30.1442 2.5 -98.875
    endloop
  endfacet
  facet normal 0 1 0
    outer loop
      vertex 20.026 2.5 -101.758
      vertex 30.1442 2.5 -98.875
      vertex 30.1804 2.5 -98.9964
    endloop
  endfacet
  facet normal 0 1 0
    outer loop
      vertex 29.3303 2.5 -96.1303
      vertex 19.3167 2.5 -99.3157
      vertex 19.1849 2.5 -98.8612
    endloop
  endfacet
  facet normal 0 1 0
    outer loop
      vertex 20.1583 2.5 -102.214
      vertex 30.1804 2.5 -98.9964
      vertex 30.307 2.5 -99.424
    endloop
  endfacet
  facet normal 0 1 0
    outer loop
      vertex 29.3671 2.5 -96.2535
      vertex 19.3531 2.5 -99.4405
      vertex 19.3167 2.5 -99.3157
    endloop
  endfacet
  facet normal 0 1 0
    outer loop
      vertex 20.1942 2.5 -102.337
      vertex 30.307 2.5 -99.424
      vertex 30.3431 2.5 -99.545
    endloop
  endfacet
  facet normal 0 1 0
    outer loop
      vertex 29.5297 2.5 -96.8021
      vertex 19.485 2.5 -99.8954
      vertex 19.3531 2.5 -99.4405
    endloop
  endfacet
  facet normal 0 1 0
    outer loop
      vertex 20.3267 2.5 -102.794
      vertex 30.3431 2.5 -99.545
      vertex 30.4698 2.5 -99.973
    endloop
  endfacet
  facet normal 0 1 0
    outer loop
      vertex 29.6559 2.5 -97.2282
      vertex 19.5213 2.5 -100.02
      vertex 19.485 2.5 -99.8954
    endloop
  endfacet
  facet normal 0 1 0
    outer loop
      vertex 20.3624 2.5 -102.916
      vertex 30.4698 2.5 -99.973
      vertex 30.5057 2.5 -100.094
    endloop
  endfacet
  facet normal 0 1 0
    outer loop
      vertex 29.6924 2.5 -97.3506
      vertex 19.6533 2.5 -100.475
      vertex 19.5213 2.5 -100.02
    endloop
  endfacet
  facet normal 0 1 0
    outer loop
      vertex 20.495 2.5 -103.374
      vertex 30.5057 2.5 -100.094
      vertex 30.6326 2.5 -100.522
    endloop
  endfacet
  facet normal 0 1 0
    outer loop
      vertex 29.8187 2.5 -97.7771
      vertex 19.6895 2.5 -100.599
      vertex 19.6533 2.5 -100.475
    endloop
  endfacet
  facet normal 0 1 0
    outer loop
      vertex 20.5306 2.5 -103.496
      vertex 30.6326 2.5 -100.522
      vertex 30.6684 2.5 -100.642
    endloop
  endfacet
  facet normal 0 1 0
    outer loop
      vertex 29.8551 2.5 -97.8992
      vertex 19.8217 2.5 -101.055
      vertex 19.6895 2.5 -100.599
    endloop
  endfacet
  facet normal 0 1 0
    outer loop
      vertex 20.6633 2.5 -103.953
      vertex 30.6684 2.5 -100.642
      vertex 30.7953 2.5 -101.071
    endloop
  endfacet
  facet normal 0 1 0
    outer loop
      vertex 29.9814 2.5 -98.3261
      vertex 19.8578 2.5 -101.178
      vertex 19.8217 2.5 -101.055
    endloop
  endfacet
  facet normal 0 1 0
    outer loop
      vertex 20.6989 2.5 -104.075
      vertex 30.7953 2.5 -101.071
      vertex 30.8311 2.5 -101.191
    endloop
  endfacet
  facet normal 0 1 0
    outer loop
      vertex 20.8317 2.5 -104.533
      vertex 30.8311 2.5 -101.191
      vertex 30.9581 2.5 -101.62
    endloop
  endfacet
  facet normal 0 1 0
    outer loop
      vertex 30.0177 2.5 -98.4478
      vertex 19.99 2.5 -101.634
      vertex 19.8578 2.5 -101.178
    endloop
  endfacet
  facet normal 0 1 0
    outer loop
      vertex 20.8671 2.5 -104.654
      vertex 30.9581 2.5 -101.62
      vertex 30.9937 2.5 -101.739
    endloop
  endfacet
  facet normal 0 1 0
    outer loop
      vertex 30.1442 2.5 -98.875
      vertex 20.026 2.5 -101.758
      vertex 19.99 2.5 -101.634
    endloop
  endfacet
  facet normal 0 1 0
    outer loop
      vertex 20.8671 2.5 -104.654
      vertex 30.9937 2.5 -101.739
      vertex 31.1209 2.5 -102.169
    endloop
  endfacet
  facet normal 0 1 0
    outer loop
      vertex 30.1804 2.5 -98.9964
      vertex 20.1583 2.5 -102.214
      vertex 20.026 2.5 -101.758
    endloop
  endfacet
  facet normal 0 1 0
    outer loop
      vertex 21 2.5 -105.113
      vertex 31.1209 2.5 -102.169
      vertex 31.1564 2.5 -102.288
    endloop
  endfacet
  facet normal 0 1 0
    outer loop
      vertex 30.307 2.5 -99.424
      vertex 20.1942 2.5 -102.337
      vertex 20.1583 2.5 -102.214
    endloop
  endfacet
  facet normal 0 1 0
    outer loop
      vertex 21.0353 2.5 -105.234
      vertex 31.1564 2.5 -102.288
      vertex 31.2837 2.5 -102.718
    endloop
  endfacet
  facet normal 0 1 0
    outer loop
      vertex 30.3431 2.5 -99.545
      vertex 20.3267 2.5 -102.794
      vertex 20.1942 2.5 -102.337
    endloop
  endfacet
  facet normal 0 1 0
    outer loop
      vertex 21.1683 2.5 -105.693
      vertex 31.2837 2.5 -102.718
      vertex 31.3191 2.5 -102.837
    endloop
  endfacet
  facet normal 0 1 0
    outer loop
      vertex 30.4698 2.5 -99.973
      vertex 20.3624 2.5 -102.916
      vertex 20.3267 2.5 -102.794
    endloop
  endfacet
  facet normal 0 1 0
    outer loop
      vertex 21.2035 2.5 -105.813
      vertex 31.3191 2.5 -102.837
      vertex 31.4464 2.5 -103.267
    endloop
  endfacet
  facet normal 0 1 0
    outer loop
      vertex 30.5057 2.5 -100.094
      vertex 20.495 2.5 -103.374
      vertex 20.3624 2.5 -102.916
    endloop
  endfacet
  facet normal 0 1 0
    outer loop
      vertex 21.3367 2.5 -106.272
      vertex 31.4464 2.5 -103.267
      vertex 31.4817 2.5 -103.385
    endloop
  endfacet
  facet normal 0 1 0
    outer loop
      vertex 30.6326 2.5 -100.522
      vertex 20.5306 2.5 -103.496
      vertex 20.495 2.5 -103.374
    endloop
  endfacet
  facet normal 0 1 0
    outer loop
      vertex 21.3718 2.5 -106.393
      vertex 31.4817 2.5 -103.385
      vertex 31.6092 2.5 -103.816
    endloop
  endfacet
  facet normal 0 1 0
    outer loop
      vertex 21.505 2.5 -106.852
      vertex 31.6092 2.5 -103.816
      vertex 31.6444 2.5 -103.934
    endloop
  endfacet
  facet normal 0 1 0
    outer loop
      vertex 30.6684 2.5 -100.642
      vertex 20.6633 2.5 -103.953
      vertex 20.5306 2.5 -103.496
    endloop
  endfacet
  facet normal 0 1 0
    outer loop
      vertex 30.7953 2.5 -101.071
      vertex 20.6989 2.5 -104.075
      vertex 20.6633 2.5 -103.953
    endloop
  endfacet
  facet normal 0 1 0
    outer loop
      vertex 21.54 2.5 -106.972
      vertex 31.6444 2.5 -103.934
      vertex 31.772 2.5 -104.365
    endloop
  endfacet
  facet normal 0 1 0
    outer loop
      vertex 21.6733 2.5 -107.432
      vertex 31.772 2.5 -104.365
      vertex 31.8071 2.5 -104.483
    endloop
  endfacet
  facet normal 0 1 0
    outer loop
      vertex 30.8311 2.5 -101.191
      vertex 20.8317 2.5 -104.533
      vertex 20.6989 2.5 -104.075
    endloop
  endfacet
  facet normal 0 1 0
    outer loop
      vertex 30.9581 2.5 -101.62
      vertex 20.8671 2.5 -104.654
      vertex 20.8317 2.5 -104.533
    endloop
  endfacet
  facet normal 0 1 0
    outer loop
      vertex 21.7082 2.5 -107.551
      vertex 31.8071 2.5 -104.483
      vertex 31.9348 2.5 -104.914
    endloop
  endfacet
  facet normal 0 1 0
    outer loop
      vertex 21.8417 2.5 -108.012
      vertex 31.9348 2.5 -104.914
      vertex 31.9698 2.5 -105.031
    endloop
  endfacet
  facet normal 0 1 0
    outer loop
      vertex 31.1209 2.5 -102.169
      vertex 21 2.5 -105.113
      vertex 20.8671 2.5 -104.654
    endloop
  endfacet
  facet normal 0 1 0
    outer loop
      vertex 31.1564 2.5 -102.288
      vertex 21.0353 2.5 -105.234
      vertex 21 2.5 -105.113
    endloop
  endfacet
  facet normal 0 1 0
    outer loop
      vertex 21.8764 2.5 -108.131
      vertex 31.9698 2.5 -105.031
      vertex 32.0976 2.5 -105.463
    endloop
  endfacet
  facet normal 0 1 0
    outer loop
      vertex 22.01 2.5 -108.591
      vertex 32.0976 2.5 -105.463
      vertex 32.1324 2.5 -105.58
    endloop
  endfacet
  facet normal 0 1 0
    outer loop
      vertex 31.2837 2.5 -102.718
      vertex 21.1683 2.5 -105.693
      vertex 21.0353 2.5 -105.234
    endloop
  endfacet
  facet normal 0 1 0
    outer loop
      vertex 31.3191 2.5 -102.837
      vertex 21.2035 2.5 -105.813
      vertex 21.1683 2.5 -105.693
    endloop
  endfacet
  facet normal 0 1 0
    outer loop
      vertex 22.0447 2.5 -108.71
      vertex 32.1324 2.5 -105.58
      vertex 32.2603 2.5 -106.012
    endloop
  endfacet
  facet normal 0 1 0
    outer loop
      vertex 22.1783 2.5 -109.171
      vertex 32.2603 2.5 -106.012
      vertex 32.2951 2.5 -106.129
    endloop
  endfacet
  facet normal 0 1 0
    outer loop
      vertex 31.4464 2.5 -103.267
      vertex 21.3367 2.5 -106.272
      vertex 21.2035 2.5 -105.813
    endloop
  endfacet
  facet normal 0 1 0
    outer loop
      vertex 31.4817 2.5 -103.385
      vertex 21.3718 2.5 -106.393
      vertex 21.3367 2.5 -106.272
    endloop
  endfacet
  facet normal 0 1 0
    outer loop
      vertex 22.2129 2.5 -109.29
      vertex 32.2951 2.5 -106.129
      vertex 32.4231 2.5 -106.561
    endloop
  endfacet
  facet normal 0 1 0
    outer loop
      vertex 22.3467 2.5 -109.751
      vertex 32.4231 2.5 -106.561
      vertex 32.4578 2.5 -106.677
    endloop
  endfacet
  facet normal 0 1 0
    outer loop
      vertex 31.6092 2.5 -103.816
      vertex 21.505 2.5 -106.852
      vertex 21.3718 2.5 -106.393
    endloop
  endfacet
  facet normal 0 1 0
    outer loop
      vertex 31.6444 2.5 -103.934
      vertex 21.54 2.5 -106.972
      vertex 21.505 2.5 -106.852
    endloop
  endfacet
  facet normal 0 1 0
    outer loop
      vertex 22.3811 2.5 -109.869
      vertex 32.4578 2.5 -106.677
      vertex 32.5859 2.5 -107.11
    endloop
  endfacet
  facet normal 0 1 0
    outer loop
      vertex 22.3811 2.5 -109.869
      vertex 32.5859 2.5 -107.11
      vertex 32.6205 2.5 -107.226
    endloop
  endfacet
  facet normal 0 1 0
    outer loop
      vertex 31.772 2.5 -104.365
      vertex 21.6733 2.5 -107.432
      vertex 21.54 2.5 -106.972
    endloop
  endfacet
  facet normal 0 1 0
    outer loop
      vertex 31.8071 2.5 -104.483
      vertex 21.7082 2.5 -107.551
      vertex 21.6733 2.5 -107.432
    endloop
  endfacet
  facet normal 0 1 0
    outer loop
      vertex 22.515 2.5 -110.331
      vertex 32.6205 2.5 -107.226
      vertex 32.7487 2.5 -107.659
    endloop
  endfacet
  facet normal 0 1 0
    outer loop
      vertex 22.5494 2.5 -110.448
      vertex 32.7487 2.5 -107.659
      vertex 32.7831 2.5 -107.775
    endloop
  endfacet
  facet normal 0 1 0
    outer loop
      vertex 31.9348 2.5 -104.914
      vertex 21.8417 2.5 -108.012
      vertex 21.7082 2.5 -107.551
    endloop
  endfacet
  facet normal 0 1 0
    outer loop
      vertex 31.9698 2.5 -105.031
      vertex 21.8764 2.5 -108.131
      vertex 21.8417 2.5 -108.012
    endloop
  endfacet
  facet normal 0 1 0
    outer loop
      vertex 22.6833 2.5 -110.911
      vertex 32.7831 2.5 -107.775
      vertex 32.9115 2.5 -108.208
    endloop
  endfacet
  facet normal 0 1 0
    outer loop
      vertex 22.7176 2.5 -111.028
      vertex 32.9115 2.5 -108.208
      vertex 32.9458 2.5 -108.324
    endloop
  endfacet
  facet normal 0 1 0
    outer loop
      vertex 32.0976 2.5 -105.463
      vertex 22.01 2.5 -108.591
      vertex 21.8764 2.5 -108.131
    endloop
  endfacet
  facet normal 0 1 0
    outer loop
      vertex 32.1324 2.5 -105.58
      vertex 22.0447 2.5 -108.71
      vertex 22.01 2.5 -108.591
    endloop
  endfacet
  facet normal 0 1 0
    outer loop
      vertex 22.8517 2.5 -111.49
      vertex 32.9458 2.5 -108.324
      vertex 33.0742 2.5 -108.757
    endloop
  endfacet
  facet normal 0 1 0
    outer loop
      vertex 33.179 2.5 -109.306
      vertex 33.0742 2.5 -108.757
      vertex 33.1085 2.5 -108.872
    endloop
  endfacet
  facet normal 0 1 -0
    outer loop
      vertex 33.179 2.5 -109.306
      vertex 33.1085 2.5 -108.872
      vertex 33.179 2.5 -109.11
    endloop
  endfacet
  facet normal 0 1 0
    outer loop
      vertex 32.2603 2.5 -106.012
      vertex 22.1783 2.5 -109.171
      vertex 22.0447 2.5 -108.71
    endloop
  endfacet
  facet normal 0 1 0
    outer loop
      vertex 32.2951 2.5 -106.129
      vertex 22.2129 2.5 -109.29
      vertex 22.1783 2.5 -109.171
    endloop
  endfacet
  facet normal 0 1 0
    outer loop
      vertex 33.0742 2.5 -108.757
      vertex 33.179 2.5 -109.306
      vertex 22.8517 2.5 -111.49
    endloop
  endfacet
  facet normal 0 1 0
    outer loop
      vertex 23.3567 2.5 -113.23
      vertex 33.179 2.5 -109.306
      vertex 33.247 2.5 -109.452
    endloop
  endfacet
  facet normal 0 1 0
    outer loop
      vertex 32.4231 2.5 -106.561
      vertex 22.3467 2.5 -109.751
      vertex 22.2129 2.5 -109.29
    endloop
  endfacet
  facet normal 0 1 0
    outer loop
      vertex 32.4578 2.5 -106.677
      vertex 22.3811 2.5 -109.869
      vertex 22.3467 2.5 -109.751
    endloop
  endfacet
  facet normal 0 1 0
    outer loop
      vertex 23.3905 2.5 -113.346
      vertex 33.247 2.5 -109.452
      vertex 33.5029 2.5 -110.006
    endloop
  endfacet
  facet normal 0 1 0
    outer loop
      vertex 23.525 2.5 -113.81
      vertex 33.5029 2.5 -110.006
      vertex 33.5707 2.5 -110.152
    endloop
  endfacet
  facet normal 0 1 0
    outer loop
      vertex 32.6205 2.5 -107.226
      vertex 22.515 2.5 -110.331
      vertex 22.3811 2.5 -109.869
    endloop
  endfacet
  facet normal 0 1 0
    outer loop
      vertex 32.7487 2.5 -107.659
      vertex 22.5494 2.5 -110.448
      vertex 22.515 2.5 -110.331
    endloop
  endfacet
  facet normal 0 1 0
    outer loop
      vertex 23.5588 2.5 -113.925
      vertex 33.5707 2.5 -110.152
      vertex 33.8269 2.5 -110.707
    endloop
  endfacet
  facet normal 0 1 0
    outer loop
      vertex 23.727 2.5 -114.505
      vertex 33.8269 2.5 -110.707
      vertex 33.8944 2.5 -110.852
    endloop
  endfacet
  facet normal 0 1 0
    outer loop
      vertex 32.7831 2.5 -107.775
      vertex 22.6833 2.5 -110.911
      vertex 22.5494 2.5 -110.448
    endloop
  endfacet
  facet normal 0 1 0
    outer loop
      vertex 32.9115 2.5 -108.208
      vertex 22.7176 2.5 -111.028
      vertex 22.6833 2.5 -110.911
    endloop
  endfacet
  facet normal 0 1 0
    outer loop
      vertex 23.8617 2.5 -114.969
      vertex 33.8944 2.5 -110.852
      vertex 34.1508 2.5 -111.407
    endloop
  endfacet
  facet normal 0 1 0
    outer loop
      vertex 32.9458 2.5 -108.324
      vertex 22.8517 2.5 -111.49
      vertex 22.7176 2.5 -111.028
    endloop
  endfacet
  facet normal 0 1 0
    outer loop
      vertex 23.97 2.5 -115.342
      vertex 34.1508 2.5 -111.407
      vertex 34.2181 2.5 -111.551
    endloop
  endfacet
  facet normal 0 1 0
    outer loop
      vertex 33.179 2.5 -109.306
      vertex 22.8858 2.5 -111.607
      vertex 22.8517 2.5 -111.49
    endloop
  endfacet
  facet normal 0 1 0
    outer loop
      vertex 33.179 2.5 -109.306
      vertex 23.02 2.5 -112.07
      vertex 22.8858 2.5 -111.607
    endloop
  endfacet
  facet normal 0 1 0
    outer loop
      vertex 24.3714 2.5 -116.434
      vertex 34.2181 2.5 -111.551
      vertex 34.4748 2.5 -112.107
    endloop
  endfacet
  facet normal 0 1 0
    outer loop
      vertex 33.179 2.5 -109.306
      vertex 23.0541 2.5 -112.187
      vertex 23.02 2.5 -112.07
    endloop
  endfacet
  facet normal 0 1 0
    outer loop
      vertex 24.3714 2.5 -116.434
      vertex 34.4748 2.5 -112.107
      vertex 34.5419 2.5 -112.251
    endloop
  endfacet
  facet normal 0 1 0
    outer loop
      vertex 33.179 2.5 -109.306
      vertex 23.1883 2.5 -112.65
      vertex 23.0541 2.5 -112.187
    endloop
  endfacet
  facet normal 0 1 0
    outer loop
      vertex 33.179 2.5 -109.306
      vertex 23.2223 2.5 -112.766
      vertex 23.1883 2.5 -112.65
    endloop
  endfacet
  facet normal 0 1 0
    outer loop
      vertex 24.64 2.5 -117.028
      vertex 34.5419 2.5 -112.251
      vertex 34.7987 2.5 -112.807
    endloop
  endfacet
  facet normal 0 1 0
    outer loop
      vertex 24.7061 2.5 -117.173
      vertex 34.7987 2.5 -112.807
      vertex 34.8656 2.5 -112.951
    endloop
  endfacet
  facet normal 0 1 0
    outer loop
      vertex 33.179 2.5 -109.306
      vertex 23.3567 2.5 -113.23
      vertex 23.2223 2.5 -112.766
    endloop
  endfacet
  facet normal 0 1 0
    outer loop
      vertex 33.247 2.5 -109.452
      vertex 23.3905 2.5 -113.346
      vertex 23.3567 2.5 -113.23
    endloop
  endfacet
  facet normal 0 1 0
    outer loop
      vertex 24.975 2.5 -117.767
      vertex 34.8656 2.5 -112.951
      vertex 35.1227 2.5 -113.507
    endloop
  endfacet
  facet normal 0 1 0
    outer loop
      vertex 25.0409 2.5 -117.912
      vertex 35.1227 2.5 -113.507
      vertex 35.1893 2.5 -113.65
    endloop
  endfacet
  facet normal 0 1 0
    outer loop
      vertex 33.5029 2.5 -110.006
      vertex 23.525 2.5 -113.81
      vertex 23.3905 2.5 -113.346
    endloop
  endfacet
  facet normal 0 1 0
    outer loop
      vertex 33.5707 2.5 -110.152
      vertex 23.5588 2.5 -113.925
      vertex 23.525 2.5 -113.81
    endloop
  endfacet
  facet normal 0 1 0
    outer loop
      vertex 25.31 2.5 -118.507
      vertex 35.1893 2.5 -113.65
      vertex 35.4466 2.5 -114.207
    endloop
  endfacet
  facet normal 0 1 0
    outer loop
      vertex 25.3757 2.5 -118.651
      vertex 35.4466 2.5 -114.207
      vertex 35.5131 2.5 -114.35
    endloop
  endfacet
  facet normal 0 1 0
    outer loop
      vertex 33.8269 2.5 -110.707
      vertex 23.6933 2.5 -114.389
      vertex 23.5588 2.5 -113.925
    endloop
  endfacet
  facet normal 0 1 0
    outer loop
      vertex 33.8269 2.5 -110.707
      vertex 23.727 2.5 -114.505
      vertex 23.6933 2.5 -114.389
    endloop
  endfacet
  facet normal 0 1 0
    outer loop
      vertex 25.645 2.5 -119.246
      vertex 35.5131 2.5 -114.35
      vertex 35.7705 2.5 -114.908
    endloop
  endfacet
  facet normal 0 1 0
    outer loop
      vertex 33.8944 2.5 -110.852
      vertex 23.8617 2.5 -114.969
      vertex 23.727 2.5 -114.505
    endloop
  endfacet
  facet normal 0 1 0
    outer loop
      vertex 25.7105 2.5 -119.39
      vertex 35.7705 2.5 -114.908
      vertex 35.8368 2.5 -115.05
    endloop
  endfacet
  facet normal 0 1 0
    outer loop
      vertex 34.1508 2.5 -111.407
      vertex 23.8952 2.5 -115.084
      vertex 23.8617 2.5 -114.969
    endloop
  endfacet
  facet normal 0 1 0
    outer loop
      vertex 34.1508 2.5 -111.407
      vertex 23.97 2.5 -115.342
      vertex 23.8952 2.5 -115.084
    endloop
  endfacet
  facet normal 0 1 0
    outer loop
      vertex 34.2181 2.5 -111.551
      vertex 24.305 2.5 -116.288
      vertex 23.97 2.5 -115.342
    endloop
  endfacet
  facet normal 0 1 0
    outer loop
      vertex 25.98 2.5 -119.985
      vertex 35.8368 2.5 -115.05
      vertex 36.0945 2.5 -115.608
    endloop
  endfacet
  facet normal 0 1 0
    outer loop
      vertex 23.97 2.5 -115.342
      vertex 24.0366 2.5 -115.695
      vertex 23.97 2.5 -115.549
    endloop
  endfacet
  facet normal 0 1 0
    outer loop
      vertex 26.0453 2.5 -120.129
      vertex 36.0945 2.5 -115.608
      vertex 36.1605 2.5 -115.75
    endloop
  endfacet
  facet normal 0 1 0
    outer loop
      vertex 23.97 2.5 -115.342
      vertex 24.305 2.5 -116.288
      vertex 24.0366 2.5 -115.695
    endloop
  endfacet
  facet normal 0 1 0
    outer loop
      vertex 26.315 2.5 -120.725
      vertex 36.1605 2.5 -115.75
      vertex 36.4184 2.5 -116.308
    endloop
  endfacet
  facet normal 0 1 0
    outer loop
      vertex 34.2181 2.5 -111.551
      vertex 24.3714 2.5 -116.434
      vertex 24.305 2.5 -116.288
    endloop
  endfacet
  facet normal 0 1 0
    outer loop
      vertex 26.3801 2.5 -120.868
      vertex 36.4184 2.5 -116.308
      vertex 36.4843 2.5 -116.449
    endloop
  endfacet
  facet normal 0 1 0
    outer loop
      vertex 26.65 2.5 -121.464
      vertex 36.4843 2.5 -116.449
      vertex 36.7424 2.5 -117.008
    endloop
  endfacet
  facet normal 0 1 0
    outer loop
      vertex 34.5419 2.5 -112.251
      vertex 24.64 2.5 -117.028
      vertex 24.3714 2.5 -116.434
    endloop
  endfacet
  facet normal 0 1 0
    outer loop
      vertex 26.7149 2.5 -121.607
      vertex 36.7424 2.5 -117.008
      vertex 36.808 2.5 -117.149
    endloop
  endfacet
  facet normal 0 1 0
    outer loop
      vertex 34.7987 2.5 -112.807
      vertex 24.7061 2.5 -117.173
      vertex 24.64 2.5 -117.028
    endloop
  endfacet
  facet normal 0 1 0
    outer loop
      vertex 26.985 2.5 -122.204
      vertex 36.808 2.5 -117.149
      vertex 37.0663 2.5 -117.708
    endloop
  endfacet
  facet normal 0 1 0
    outer loop
      vertex 34.8656 2.5 -112.951
      vertex 24.975 2.5 -117.767
      vertex 24.7061 2.5 -117.173
    endloop
  endfacet
  facet normal 0 1 0
    outer loop
      vertex 27.0497 2.5 -122.346
      vertex 37.0663 2.5 -117.708
      vertex 37.1317 2.5 -117.849
    endloop
  endfacet
  facet normal 0 1 0
    outer loop
      vertex 35.1227 2.5 -113.507
      vertex 25.0409 2.5 -117.912
      vertex 24.975 2.5 -117.767
    endloop
  endfacet
  facet normal 0 1 0
    outer loop
      vertex 27.32 2.5 -122.943
      vertex 37.1317 2.5 -117.849
      vertex 37.3903 2.5 -118.409
    endloop
  endfacet
  facet normal 0 1 0
    outer loop
      vertex 35.1893 2.5 -113.65
      vertex 25.31 2.5 -118.507
      vertex 25.0409 2.5 -117.912
    endloop
  endfacet
  facet normal 0 1 0
    outer loop
      vertex 27.3845 2.5 -123.085
      vertex 37.3903 2.5 -118.409
      vertex 37.4555 2.5 -118.549
    endloop
  endfacet
  facet normal 0 1 0
    outer loop
      vertex 35.4466 2.5 -114.207
      vertex 25.3757 2.5 -118.651
      vertex 25.31 2.5 -118.507
    endloop
  endfacet
  facet normal 0 1 0
    outer loop
      vertex 27.3845 2.5 -123.085
      vertex 37.4555 2.5 -118.549
      vertex 37.7142 2.5 -119.109
    endloop
  endfacet
  facet normal 0 1 0
    outer loop
      vertex 35.5131 2.5 -114.35
      vertex 25.645 2.5 -119.246
      vertex 25.3757 2.5 -118.651
    endloop
  endfacet
  facet normal 0 1 0
    outer loop
      vertex 27.655 2.5 -123.683
      vertex 37.7142 2.5 -119.109
      vertex 37.7792 2.5 -119.249
    endloop
  endfacet
  facet normal 0 1 0
    outer loop
      vertex 35.7705 2.5 -114.908
      vertex 25.7105 2.5 -119.39
      vertex 25.645 2.5 -119.246
    endloop
  endfacet
  facet normal 0 1 0
    outer loop
      vertex 27.7193 2.5 -123.824
      vertex 37.7792 2.5 -119.249
      vertex 38.0382 2.5 -119.809
    endloop
  endfacet
  facet normal 0 1 0
    outer loop
      vertex 27.99 2.5 -124.422
      vertex 38.0382 2.5 -119.809
      vertex 38.103 2.5 -119.948
    endloop
  endfacet
  facet normal 0 1 0
    outer loop
      vertex 35.8368 2.5 -115.05
      vertex 25.98 2.5 -119.985
      vertex 25.7105 2.5 -119.39
    endloop
  endfacet
  facet normal 0 1 0
    outer loop
      vertex 36.0945 2.5 -115.608
      vertex 26.0453 2.5 -120.129
      vertex 25.98 2.5 -119.985
    endloop
  endfacet
  facet normal 0 1 0
    outer loop
      vertex 28.0541 2.5 -124.563
      vertex 38.103 2.5 -119.948
      vertex 38.3621 2.5 -120.509
    endloop
  endfacet
  facet normal 0 1 0
    outer loop
      vertex 28.325 2.5 -125.161
      vertex 38.3621 2.5 -120.509
      vertex 38.4267 2.5 -120.648
    endloop
  endfacet
  facet normal 0 1 0
    outer loop
      vertex 36.1605 2.5 -115.75
      vertex 26.315 2.5 -120.725
      vertex 26.0453 2.5 -120.129
    endloop
  endfacet
  facet normal 0 1 0
    outer loop
      vertex 36.4184 2.5 -116.308
      vertex 26.3801 2.5 -120.868
      vertex 26.315 2.5 -120.725
    endloop
  endfacet
  facet normal 0 1 0
    outer loop
      vertex 28.3889 2.5 -125.302
      vertex 38.4267 2.5 -120.648
      vertex 38.6861 2.5 -121.209
    endloop
  endfacet
  facet normal 0 1 0
    outer loop
      vertex 28.66 2.5 -125.901
      vertex 38.6861 2.5 -121.209
      vertex 38.7505 2.5 -121.348
    endloop
  endfacet
  facet normal 0 1 0
    outer loop
      vertex 36.4843 2.5 -116.449
      vertex 26.65 2.5 -121.464
      vertex 26.3801 2.5 -120.868
    endloop
  endfacet
  facet normal 0 1 0
    outer loop
      vertex 36.7424 2.5 -117.008
      vertex 26.7149 2.5 -121.607
      vertex 26.65 2.5 -121.464
    endloop
  endfacet
  facet normal 0 1 0
    outer loop
      vertex 28.7237 2.5 -126.041
      vertex 38.7505 2.5 -121.348
      vertex 39.01 2.5 -121.91
    endloop
  endfacet
  facet normal 0 1 0
    outer loop
      vertex 28.995 2.5 -126.64
      vertex 39.01 2.5 -121.91
      vertex 39.0742 2.5 -122.048
    endloop
  endfacet
  facet normal 0 1 0
    outer loop
      vertex 36.808 2.5 -117.149
      vertex 26.985 2.5 -122.204
      vertex 26.7149 2.5 -121.607
    endloop
  endfacet
  facet normal 0 1 0
    outer loop
      vertex 37.0663 2.5 -117.708
      vertex 27.0497 2.5 -122.346
      vertex 26.985 2.5 -122.204
    endloop
  endfacet
  facet normal 0 1 0
    outer loop
      vertex 29.0585 2.5 -126.78
      vertex 39.0742 2.5 -122.048
      vertex 39.3339 2.5 -122.61
    endloop
  endfacet
  facet normal 0 1 0
    outer loop
      vertex 29.33 2.5 -127.38
      vertex 39.3339 2.5 -122.61
      vertex 39.3979 2.5 -122.748
    endloop
  endfacet
  facet normal 0 1 0
    outer loop
      vertex 37.1317 2.5 -117.849
      vertex 27.32 2.5 -122.943
      vertex 27.0497 2.5 -122.346
    endloop
  endfacet
  facet normal 0 1 0
    outer loop
      vertex 37.3903 2.5 -118.409
      vertex 27.3845 2.5 -123.085
      vertex 27.32 2.5 -122.943
    endloop
  endfacet
  facet normal 0 1 0
    outer loop
      vertex 29.3933 2.5 -127.519
      vertex 39.3979 2.5 -122.748
      vertex 39.6579 2.5 -123.31
    endloop
  endfacet
  facet normal 0 1 0
    outer loop
      vertex 29.665 2.5 -128.119
      vertex 39.6579 2.5 -123.31
      vertex 39.7217 2.5 -123.447
    endloop
  endfacet
  facet normal 0 1 0
    outer loop
      vertex 37.7142 2.5 -119.109
      vertex 27.655 2.5 -123.683
      vertex 27.3845 2.5 -123.085
    endloop
  endfacet
  facet normal 0 1 0
    outer loop
      vertex 37.7792 2.5 -119.249
      vertex 27.7193 2.5 -123.824
      vertex 27.655 2.5 -123.683
    endloop
  endfacet
  facet normal 0 1 0
    outer loop
      vertex 29.7281 2.5 -128.258
      vertex 39.7217 2.5 -123.447
      vertex 39.9818 2.5 -124.011
    endloop
  endfacet
  facet normal 0 1 0
    outer loop
      vertex 30 2.5 -128.859
      vertex 39.9818 2.5 -124.011
      vertex 40.0454 2.5 -124.147
    endloop
  endfacet
  facet normal 0 1 0
    outer loop
      vertex 38.0382 2.5 -119.809
      vertex 27.99 2.5 -124.422
      vertex 27.7193 2.5 -123.824
    endloop
  endfacet
  facet normal 0 1 0
    outer loop
      vertex 38.103 2.5 -119.948
      vertex 28.0541 2.5 -124.563
      vertex 27.99 2.5 -124.422
    endloop
  endfacet
  facet normal 0 1 0
    outer loop
      vertex 30.0629 2.5 -128.997
      vertex 40.0454 2.5 -124.147
      vertex 40.3058 2.5 -124.711
    endloop
  endfacet
  facet normal 0 1 0
    outer loop
      vertex 30.335 2.5 -129.598
      vertex 40.3058 2.5 -124.711
      vertex 40.3692 2.5 -124.847
    endloop
  endfacet
  facet normal 0 1 0
    outer loop
      vertex 38.3621 2.5 -120.509
      vertex 28.325 2.5 -125.161
      vertex 28.0541 2.5 -124.563
    endloop
  endfacet
  facet normal 0 1 0
    outer loop
      vertex 38.4267 2.5 -120.648
      vertex 28.3889 2.5 -125.302
      vertex 28.325 2.5 -125.161
    endloop
  endfacet
  facet normal 0 1 0
    outer loop
      vertex 30.3977 2.5 -129.736
      vertex 40.3692 2.5 -124.847
      vertex 40.6297 2.5 -125.411
    endloop
  endfacet
  facet normal 0 1 0
    outer loop
      vertex 30.67 2.5 -130.338
      vertex 40.6297 2.5 -125.411
      vertex 40.693 2.5 -125.547
    endloop
  endfacet
  facet normal 0 1 0
    outer loop
      vertex 38.6861 2.5 -121.209
      vertex 28.66 2.5 -125.901
      vertex 28.3889 2.5 -125.302
    endloop
  endfacet
  facet normal 0 1 0
    outer loop
      vertex 38.7505 2.5 -121.348
      vertex 28.7237 2.5 -126.041
      vertex 28.66 2.5 -125.901
    endloop
  endfacet
  facet normal 0 1 0
    outer loop
      vertex 30.7325 2.5 -130.475
      vertex 40.693 2.5 -125.547
      vertex 40.9537 2.5 -126.111
    endloop
  endfacet
  facet normal 0 1 0
    outer loop
      vertex 30.7325 2.5 -130.475
      vertex 40.9537 2.5 -126.111
      vertex 41.0167 2.5 -126.247
    endloop
  endfacet
  facet normal 0 1 0
    outer loop
      vertex 39.01 2.5 -121.91
      vertex 28.995 2.5 -126.64
      vertex 28.7237 2.5 -126.041
    endloop
  endfacet
  facet normal 0 1 0
    outer loop
      vertex 39.0742 2.5 -122.048
      vertex 29.0585 2.5 -126.78
      vertex 28.995 2.5 -126.64
    endloop
  endfacet
  facet normal 0 1 0
    outer loop
      vertex 31.005 2.5 -131.077
      vertex 41.0167 2.5 -126.247
      vertex 41.2776 2.5 -126.812
    endloop
  endfacet
  facet normal 0 1 0
    outer loop
      vertex 31.0673 2.5 -131.214
      vertex 41.2776 2.5 -126.812
      vertex 41.3405 2.5 -126.947
    endloop
  endfacet
  facet normal 0 1 0
    outer loop
      vertex 39.3339 2.5 -122.61
      vertex 29.33 2.5 -127.38
      vertex 29.0585 2.5 -126.78
    endloop
  endfacet
  facet normal 0 1 0
    outer loop
      vertex 31.34 2.5 -131.817
      vertex 41.3405 2.5 -126.947
      vertex 41.6016 2.5 -127.512
    endloop
  endfacet
  facet normal 0 1 0
    outer loop
      vertex 39.3979 2.5 -122.748
      vertex 29.3933 2.5 -127.519
      vertex 29.33 2.5 -127.38
    endloop
  endfacet
  facet normal 0 1 0
    outer loop
      vertex 31.4021 2.5 -131.953
      vertex 41.6016 2.5 -127.512
      vertex 41.6642 2.5 -127.647
    endloop
  endfacet
  facet normal 0 1 0
    outer loop
      vertex 39.6579 2.5 -123.31
      vertex 29.665 2.5 -128.119
      vertex 29.3933 2.5 -127.519
    endloop
  endfacet
  facet normal 0 1 0
    outer loop
      vertex 31.675 2.5 -132.556
      vertex 41.6642 2.5 -127.647
      vertex 41.9255 2.5 -128.212
    endloop
  endfacet
  facet normal 0 1 0
    outer loop
      vertex 39.7217 2.5 -123.447
      vertex 29.7281 2.5 -128.258
      vertex 29.665 2.5 -128.119
    endloop
  endfacet
  facet normal 0 1 0
    outer loop
      vertex 31.7369 2.5 -132.692
      vertex 41.9255 2.5 -128.212
      vertex 41.988 2.5 -128.347
    endloop
  endfacet
  facet normal 0 1 0
    outer loop
      vertex 39.9818 2.5 -124.011
      vertex 30 2.5 -128.859
      vertex 29.7281 2.5 -128.258
    endloop
  endfacet
  facet normal 0 1 0
    outer loop
      vertex 32.01 2.5 -133.296
      vertex 41.988 2.5 -128.347
      vertex 42.2494 2.5 -128.913
    endloop
  endfacet
  facet normal 0 1 0
    outer loop
      vertex 40.0454 2.5 -124.147
      vertex 30.0629 2.5 -128.997
      vertex 30 2.5 -128.859
    endloop
  endfacet
  facet normal 0 1 0
    outer loop
      vertex 32.0717 2.5 -133.431
      vertex 42.2494 2.5 -128.913
      vertex 42.3117 2.5 -129.046
    endloop
  endfacet
  facet normal 0 1 0
    outer loop
      vertex 40.3058 2.5 -124.711
      vertex 30.335 2.5 -129.598
      vertex 30.0629 2.5 -128.997
    endloop
  endfacet
  facet normal 0 1 0
    outer loop
      vertex 32.345 2.5 -134.035
      vertex 42.3117 2.5 -129.046
      vertex 42.5734 2.5 -129.613
    endloop
  endfacet
  facet normal 0 1 0
    outer loop
      vertex 40.3692 2.5 -124.847
      vertex 30.3977 2.5 -129.736
      vertex 30.335 2.5 -129.598
    endloop
  endfacet
  facet normal 0 1 0
    outer loop
      vertex 32.4065 2.5 -134.171
      vertex 42.5734 2.5 -129.613
      vertex 42.6355 2.5 -129.746
    endloop
  endfacet
  facet normal 0 1 0
    outer loop
      vertex 32.68 2.5 -134.775
      vertex 42.6355 2.5 -129.746
      vertex 42.8973 2.5 -130.313
    endloop
  endfacet
  facet normal 0 1 0
    outer loop
      vertex 40.6297 2.5 -125.411
      vertex 30.67 2.5 -130.338
      vertex 30.3977 2.5 -129.736
    endloop
  endfacet
  facet normal 0 1 0
    outer loop
      vertex 32.7414 2.5 -134.91
      vertex 42.8973 2.5 -130.313
      vertex 42.9593 2.5 -130.446
    endloop
  endfacet
  facet normal 0 1 0
    outer loop
      vertex 40.693 2.5 -125.547
      vertex 30.7325 2.5 -130.475
      vertex 30.67 2.5 -130.338
    endloop
  endfacet
  facet normal 0 1 0
    outer loop
      vertex 33.015 2.5 -135.515
      vertex 42.9593 2.5 -130.446
      vertex 43.2213 2.5 -131.014
    endloop
  endfacet
  facet normal 0 1 0
    outer loop
      vertex 41.0167 2.5 -126.247
      vertex 31.005 2.5 -131.077
      vertex 30.7325 2.5 -130.475
    endloop
  endfacet
  facet normal 0 1 0
    outer loop
      vertex 33.0762 2.5 -135.649
      vertex 43.2213 2.5 -131.014
      vertex 43.283 2.5 -131.146
    endloop
  endfacet
  facet normal 0 1 0
    outer loop
      vertex 41.2776 2.5 -126.812
      vertex 31.0673 2.5 -131.214
      vertex 31.005 2.5 -131.077
    endloop
  endfacet
  facet normal 0 1 0
    outer loop
      vertex 33.35 2.5 -136.254
      vertex 43.283 2.5 -131.146
      vertex 43.5452 2.5 -131.714
    endloop
  endfacet
  facet normal 0 1 0
    outer loop
      vertex 41.3405 2.5 -126.947
      vertex 31.34 2.5 -131.817
      vertex 31.0673 2.5 -131.214
    endloop
  endfacet
  facet normal 0 1 0
    outer loop
      vertex 33.411 2.5 -136.388
      vertex 43.5452 2.5 -131.714
      vertex 43.6068 2.5 -131.846
    endloop
  endfacet
  facet normal 0 1 0
    outer loop
      vertex 41.6016 2.5 -127.512
      vertex 31.4021 2.5 -131.953
      vertex 31.34 2.5 -131.817
    endloop
  endfacet
  facet normal 0 1 0
    outer loop
      vertex 33.685 2.5 -136.994
      vertex 43.6068 2.5 -131.846
      vertex 43.8692 2.5 -132.414
    endloop
  endfacet
  facet normal 0 1 0
    outer loop
      vertex 33.7458 2.5 -137.127
      vertex 43.8692 2.5 -132.414
      vertex 43.9305 2.5 -132.546
    endloop
  endfacet
  facet normal 0 1 0
    outer loop
      vertex 41.6642 2.5 -127.647
      vertex 31.675 2.5 -132.556
      vertex 31.4021 2.5 -131.953
    endloop
  endfacet
  facet normal 0 1 0
    outer loop
      vertex 41.9255 2.5 -128.212
      vertex 31.7369 2.5 -132.692
      vertex 31.675 2.5 -132.556
    endloop
  endfacet
  facet normal 0 1 0
    outer loop
      vertex 33.7458 2.5 -137.127
      vertex 43.9305 2.5 -132.546
      vertex 44.1931 2.5 -133.115
    endloop
  endfacet
  facet normal 0 1 0
    outer loop
      vertex 34.0806 2.5 -137.866
      vertex 44.1931 2.5 -133.115
      vertex 44.2543 2.5 -133.246
    endloop
  endfacet
  facet normal 0 1 0
    outer loop
      vertex 41.988 2.5 -128.347
      vertex 32.01 2.5 -133.296
      vertex 31.7369 2.5 -132.692
    endloop
  endfacet
  facet normal 0 1 0
    outer loop
      vertex 42.2494 2.5 -128.913
      vertex 32.0717 2.5 -133.431
      vertex 32.01 2.5 -133.296
    endloop
  endfacet
  facet normal 0 1 0
    outer loop
      vertex 34.0806 2.5 -137.866
      vertex 44.2543 2.5 -133.246
      vertex 44.5171 2.5 -133.815
    endloop
  endfacet
  facet normal 0 1 0
    outer loop
      vertex 34.355 2.5 -138.473
      vertex 44.5171 2.5 -133.815
      vertex 44.5781 2.5 -133.946
    endloop
  endfacet
  facet normal 0 1 0
    outer loop
      vertex 42.3117 2.5 -129.046
      vertex 32.345 2.5 -134.035
      vertex 32.0717 2.5 -133.431
    endloop
  endfacet
  facet normal 0 1 0
    outer loop
      vertex 42.5734 2.5 -129.613
      vertex 32.4065 2.5 -134.171
      vertex 32.345 2.5 -134.035
    endloop
  endfacet
  facet normal 0 1 -0
    outer loop
      vertex 44.783 2.5 -134.461
      vertex 44.5781 2.5 -133.946
      vertex 44.783 2.5 -134.39
    endloop
  endfacet
  facet normal 0 1 0
    outer loop
      vertex 34.355 2.5 -138.473
      vertex 44.5781 2.5 -133.946
      vertex 44.783 2.5 -134.461
    endloop
  endfacet
  facet normal 0 1 0
    outer loop
      vertex 35.025 2.5 -139.952
      vertex 44.783 2.5 -134.461
      vertex 44.8742 2.5 -134.601
    endloop
  endfacet
  facet normal 0 1 0
    outer loop
      vertex 42.6355 2.5 -129.746
      vertex 32.68 2.5 -134.775
      vertex 32.4065 2.5 -134.171
    endloop
  endfacet
  facet normal 0 1 0
    outer loop
      vertex 42.8973 2.5 -130.313
      vertex 32.7414 2.5 -134.91
      vertex 32.68 2.5 -134.775
    endloop
  endfacet
  facet normal 0 1 0
    outer loop
      vertex 35.0851 2.5 -140.084
      vertex 44.8742 2.5 -134.601
      vertex 45.2681 2.5 -135.21
    endloop
  endfacet
  facet normal 0 1 0
    outer loop
      vertex 35.36 2.5 -140.692
      vertex 45.2681 2.5 -135.21
      vertex 45.3592 2.5 -135.349
    endloop
  endfacet
  facet normal 0 1 0
    outer loop
      vertex 42.9593 2.5 -130.446
      vertex 33.015 2.5 -135.515
      vertex 32.7414 2.5 -134.91
    endloop
  endfacet
  facet normal 0 1 0
    outer loop
      vertex 43.2213 2.5 -131.014
      vertex 33.0762 2.5 -135.649
      vertex 33.015 2.5 -135.515
    endloop
  endfacet
  facet normal 0 1 0
    outer loop
      vertex 35.4199 2.5 -140.823
      vertex 45.3592 2.5 -135.349
      vertex 45.7532 2.5 -135.958
    endloop
  endfacet
  facet normal 0 1 0
    outer loop
      vertex 35.7547 2.5 -141.562
      vertex 45.7532 2.5 -135.958
      vertex 45.8441 2.5 -136.097
    endloop
  endfacet
  facet normal 0 1 0
    outer loop
      vertex 43.283 2.5 -131.146
      vertex 33.35 2.5 -136.254
      vertex 33.0762 2.5 -135.649
    endloop
  endfacet
  facet normal 0 1 0
    outer loop
      vertex 43.5452 2.5 -131.714
      vertex 33.411 2.5 -136.388
      vertex 33.35 2.5 -136.254
    endloop
  endfacet
  facet normal 0 1 0
    outer loop
      vertex 35.97 2.5 -142.038
      vertex 45.8441 2.5 -136.097
      vertex 46.2383 2.5 -136.706
    endloop
  endfacet
  facet normal 0 1 0
    outer loop
      vertex 36.5608 2.5 -143.043
      vertex 46.2383 2.5 -136.706
      vertex 46.3291 2.5 -136.845
    endloop
  endfacet
  facet normal 0 1 0
    outer loop
      vertex 43.6068 2.5 -131.846
      vertex 33.685 2.5 -136.994
      vertex 33.411 2.5 -136.388
    endloop
  endfacet
  facet normal 0 1 0
    outer loop
      vertex 43.8692 2.5 -132.414
      vertex 33.7458 2.5 -137.127
      vertex 33.685 2.5 -136.994
    endloop
  endfacet
  facet normal 0 1 0
    outer loop
      vertex 36.5608 2.5 -143.043
      vertex 46.3291 2.5 -136.845
      vertex 46.7234 2.5 -137.454
    endloop
  endfacet
  facet normal 0 1 0
    outer loop
      vertex 37.0624 2.5 -143.833
      vertex 46.7234 2.5 -137.454
      vertex 46.814 2.5 -137.593
    endloop
  endfacet
  facet normal 0 1 0
    outer loop
      vertex 44.1931 2.5 -133.115
      vertex 34.02 2.5 -137.733
      vertex 33.7458 2.5 -137.127
    endloop
  endfacet
  facet normal 0 1 0
    outer loop
      vertex 44.1931 2.5 -133.115
      vertex 34.0806 2.5 -137.866
      vertex 34.02 2.5 -137.733
    endloop
  endfacet
  facet normal 0 1 0
    outer loop
      vertex 37.0624 2.5 -143.833
      vertex 46.814 2.5 -137.593
      vertex 47.2085 2.5 -138.202
    endloop
  endfacet
  facet normal 0 1 0
    outer loop
      vertex 37.475 2.5 -144.484
      vertex 47.2085 2.5 -138.202
      vertex 47.299 2.5 -138.341
    endloop
  endfacet
  facet normal 0 1 0
    outer loop
      vertex 44.5171 2.5 -133.815
      vertex 34.355 2.5 -138.473
      vertex 34.0806 2.5 -137.866
    endloop
  endfacet
  facet normal 0 1 0
    outer loop
      vertex 44.783 2.5 -134.461
      vertex 34.4155 2.5 -138.606
      vertex 34.355 2.5 -138.473
    endloop
  endfacet
  facet normal 0 1 0
    outer loop
      vertex 37.5639 2.5 -144.623
      vertex 47.299 2.5 -138.341
      vertex 47.6937 2.5 -138.951
    endloop
  endfacet
  facet normal 0 1 0
    outer loop
      vertex 37.9767 2.5 -145.275
      vertex 47.6937 2.5 -138.951
      vertex 47.784 2.5 -139.089
    endloop
  endfacet
  facet normal 0 1 0
    outer loop
      vertex 44.783 2.5 -134.461
      vertex 34.69 2.5 -139.212
      vertex 34.4155 2.5 -138.606
    endloop
  endfacet
  facet normal 0 1 0
    outer loop
      vertex 44.783 2.5 -134.461
      vertex 34.7503 2.5 -139.345
      vertex 34.69 2.5 -139.212
    endloop
  endfacet
  facet normal 0 1 0
    outer loop
      vertex 38.0654 2.5 -145.413
      vertex 47.784 2.5 -139.089
      vertex 48.1788 2.5 -139.699
    endloop
  endfacet
  facet normal 0 1 0
    outer loop
      vertex 38.4783 2.5 -146.065
      vertex 48.1788 2.5 -139.699
      vertex 48.2689 2.5 -139.837
    endloop
  endfacet
  facet normal 0 1 0
    outer loop
      vertex 44.783 2.5 -134.461
      vertex 35.025 2.5 -139.952
      vertex 34.7503 2.5 -139.345
    endloop
  endfacet
  facet normal 0 1 0
    outer loop
      vertex 44.8742 2.5 -134.601
      vertex 35.0851 2.5 -140.084
      vertex 35.025 2.5 -139.952
    endloop
  endfacet
  facet normal 0 1 0
    outer loop
      vertex 38.5669 2.5 -146.203
      vertex 48.2689 2.5 -139.837
      vertex 48.6639 2.5 -140.447
    endloop
  endfacet
  facet normal 0 1 0
    outer loop
      vertex 38.98 2.5 -146.855
      vertex 48.6639 2.5 -140.447
      vertex 48.7539 2.5 -140.585
    endloop
  endfacet
  facet normal 0 1 0
    outer loop
      vertex 45.2681 2.5 -135.21
      vertex 35.36 2.5 -140.692
      vertex 35.0851 2.5 -140.084
    endloop
  endfacet
  facet normal 0 1 0
    outer loop
      vertex 45.3592 2.5 -135.349
      vertex 35.4199 2.5 -140.823
      vertex 35.36 2.5 -140.692
    endloop
  endfacet
  facet normal 0 1 0
    outer loop
      vertex 39.0685 2.5 -146.993
      vertex 48.7539 2.5 -140.585
      vertex 49.149 2.5 -141.195
    endloop
  endfacet
  facet normal 0 1 0
    outer loop
      vertex 39.4817 2.5 -147.645
      vertex 49.149 2.5 -141.195
      vertex 49.2389 2.5 -141.333
    endloop
  endfacet
  facet normal 0 1 0
    outer loop
      vertex 45.7532 2.5 -135.958
      vertex 35.695 2.5 -141.431
      vertex 35.4199 2.5 -140.823
    endloop
  endfacet
  facet normal 0 1 0
    outer loop
      vertex 45.7532 2.5 -135.958
      vertex 35.7547 2.5 -141.562
      vertex 35.695 2.5 -141.431
    endloop
  endfacet
  facet normal 0 1 0
    outer loop
      vertex 39.57 2.5 -147.783
      vertex 49.2389 2.5 -141.333
      vertex 49.6341 2.5 -141.944
    endloop
  endfacet
  facet normal 0 1 0
    outer loop
      vertex 45.8441 2.5 -136.097
      vertex 35.97 2.5 -142.038
      vertex 35.7547 2.5 -141.562
    endloop
  endfacet
  facet normal 0 1 0
    outer loop
      vertex 39.9833 2.5 -148.435
      vertex 49.6341 2.5 -141.944
      vertex 49.7238 2.5 -142.081
    endloop
  endfacet
  facet normal 0 1 0
    outer loop
      vertex 46.2383 2.5 -136.706
      vertex 36.4717 2.5 -142.904
      vertex 35.97 2.5 -142.038
    endloop
  endfacet
  facet normal 0 1 0
    outer loop
      vertex 35.97 2.5 -142.038
      vertex 36.0593 2.5 -142.253
      vertex 35.97 2.5 -142.114
    endloop
  endfacet
  facet normal 0 1 0
    outer loop
      vertex 40.0715 2.5 -148.573
      vertex 49.7238 2.5 -142.081
      vertex 50.1192 2.5 -142.692
    endloop
  endfacet
  facet normal 0 1 0
    outer loop
      vertex 40.485 2.5 -149.225
      vertex 50.1192 2.5 -142.692
      vertex 50.2088 2.5 -142.829
    endloop
  endfacet
  facet normal 0 1 0
    outer loop
      vertex 35.97 2.5 -142.038
      vertex 36.4717 2.5 -142.904
      vertex 36.0593 2.5 -142.253
    endloop
  endfacet
  facet normal 0 1 0
    outer loop
      vertex 46.2383 2.5 -136.706
      vertex 36.5608 2.5 -143.043
      vertex 36.4717 2.5 -142.904
    endloop
  endfacet
  facet normal 0 1 0
    outer loop
      vertex 40.573 2.5 -149.363
      vertex 50.2088 2.5 -142.829
      vertex 50.6043 2.5 -143.44
    endloop
  endfacet
  facet normal 0 1 0
    outer loop
      vertex 40.9867 2.5 -150.016
      vertex 50.6043 2.5 -143.44
      vertex 50.6938 2.5 -143.577
    endloop
  endfacet
  facet normal 0 1 0
    outer loop
      vertex 46.7234 2.5 -137.454
      vertex 36.9733 2.5 -143.694
      vertex 36.5608 2.5 -143.043
    endloop
  endfacet
  facet normal 0 1 0
    outer loop
      vertex 46.7234 2.5 -137.454
      vertex 37.0624 2.5 -143.833
      vertex 36.9733 2.5 -143.694
    endloop
  endfacet
  facet normal 0 1 0
    outer loop
      vertex 41.0746 2.5 -150.153
      vertex 50.6938 2.5 -143.577
      vertex 51.0894 2.5 -144.188
    endloop
  endfacet
  facet normal 0 1 0
    outer loop
      vertex 41.4883 2.5 -150.806
      vertex 51.0894 2.5 -144.188
      vertex 51.1787 2.5 -144.325
    endloop
  endfacet
  facet normal 0 1 0
    outer loop
      vertex 47.2085 2.5 -138.202
      vertex 37.475 2.5 -144.484
      vertex 37.0624 2.5 -143.833
    endloop
  endfacet
  facet normal 0 1 0
    outer loop
      vertex 47.299 2.5 -138.341
      vertex 37.5639 2.5 -144.623
      vertex 37.475 2.5 -144.484
    endloop
  endfacet
  facet normal 0 1 0
    outer loop
      vertex 41.5761 2.5 -150.943
      vertex 51.1787 2.5 -144.325
      vertex 51.5746 2.5 -144.937
    endloop
  endfacet
  facet normal 0 1 0
    outer loop
      vertex 41.5761 2.5 -150.943
      vertex 51.5746 2.5 -144.937
      vertex 51.6637 2.5 -145.073
    endloop
  endfacet
  facet normal 0 1 0
    outer loop
      vertex 47.6937 2.5 -138.951
      vertex 37.9767 2.5 -145.275
      vertex 37.5639 2.5 -144.623
    endloop
  endfacet
  facet normal 0 1 0
    outer loop
      vertex 47.784 2.5 -139.089
      vertex 38.0654 2.5 -145.413
      vertex 37.9767 2.5 -145.275
    endloop
  endfacet
  facet normal 0 1 0
    outer loop
      vertex 41.99 2.5 -151.596
      vertex 51.6637 2.5 -145.073
      vertex 52.0597 2.5 -145.685
    endloop
  endfacet
  facet normal 0 1 0
    outer loop
      vertex 42.0776 2.5 -151.733
      vertex 52.0597 2.5 -145.685
      vertex 52.1487 2.5 -145.821
    endloop
  endfacet
  facet normal 0 1 0
    outer loop
      vertex 48.1788 2.5 -139.699
      vertex 38.4783 2.5 -146.065
      vertex 38.0654 2.5 -145.413
    endloop
  endfacet
  facet normal 0 1 0
    outer loop
      vertex 48.2689 2.5 -139.837
      vertex 38.5669 2.5 -146.203
      vertex 38.4783 2.5 -146.065
    endloop
  endfacet
  facet normal 0 1 0
    outer loop
      vertex 42.4917 2.5 -152.386
      vertex 52.1487 2.5 -145.821
      vertex 52.5448 2.5 -146.433
    endloop
  endfacet
  facet normal 0 1 0
    outer loop
      vertex 42.5791 2.5 -152.523
      vertex 52.5448 2.5 -146.433
      vertex 52.6337 2.5 -146.569
    endloop
  endfacet
  facet normal 0 1 0
    outer loop
      vertex 48.6639 2.5 -140.447
      vertex 38.98 2.5 -146.855
      vertex 38.5669 2.5 -146.203
    endloop
  endfacet
  facet normal 0 1 0
    outer loop
      vertex 48.7539 2.5 -140.585
      vertex 39.0685 2.5 -146.993
      vertex 38.98 2.5 -146.855
    endloop
  endfacet
  facet normal 0 1 0
    outer loop
      vertex 42.9933 2.5 -153.177
      vertex 52.6337 2.5 -146.569
      vertex 53.0299 2.5 -147.181
    endloop
  endfacet
  facet normal 0 1 0
    outer loop
      vertex 43.0807 2.5 -153.313
      vertex 53.0299 2.5 -147.181
      vertex 53.1186 2.5 -147.317
    endloop
  endfacet
  facet normal 0 1 0
    outer loop
      vertex 49.149 2.5 -141.195
      vertex 39.4817 2.5 -147.645
      vertex 39.0685 2.5 -146.993
    endloop
  endfacet
  facet normal 0 1 0
    outer loop
      vertex 49.2389 2.5 -141.333
      vertex 39.57 2.5 -147.783
      vertex 39.4817 2.5 -147.645
    endloop
  endfacet
  facet normal 0 1 0
    outer loop
      vertex 43.495 2.5 -153.967
      vertex 53.1186 2.5 -147.317
      vertex 53.515 2.5 -147.93
    endloop
  endfacet
  facet normal 0 1 0
    outer loop
      vertex 43.5822 2.5 -154.103
      vertex 53.515 2.5 -147.93
      vertex 53.6036 2.5 -148.065
    endloop
  endfacet
  facet normal 0 1 0
    outer loop
      vertex 49.6341 2.5 -141.944
      vertex 39.9833 2.5 -148.435
      vertex 39.57 2.5 -147.783
    endloop
  endfacet
  facet normal 0 1 0
    outer loop
      vertex 49.7238 2.5 -142.081
      vertex 40.0715 2.5 -148.573
      vertex 39.9833 2.5 -148.435
    endloop
  endfacet
  facet normal 0 1 0
    outer loop
      vertex 43.9967 2.5 -154.757
      vertex 53.6036 2.5 -148.065
      vertex 54.0001 2.5 -148.678
    endloop
  endfacet
  facet normal 0 1 0
    outer loop
      vertex 44.0837 2.5 -154.893
      vertex 54.0001 2.5 -148.678
      vertex 54.0886 2.5 -148.813
    endloop
  endfacet
  facet normal 0 1 0
    outer loop
      vertex 50.1192 2.5 -142.692
      vertex 40.485 2.5 -149.225
      vertex 40.0715 2.5 -148.573
    endloop
  endfacet
  facet normal 0 1 0
    outer loop
      vertex 50.2088 2.5 -142.829
      vertex 40.573 2.5 -149.363
      vertex 40.485 2.5 -149.225
    endloop
  endfacet
  facet normal 0 1 0
    outer loop
      vertex 44.4983 2.5 -155.547
      vertex 54.0886 2.5 -148.813
      vertex 54.4852 2.5 -149.426
    endloop
  endfacet
  facet normal 0 1 0
    outer loop
      vertex 44.5852 2.5 -155.683
      vertex 54.4852 2.5 -149.426
      vertex 54.5735 2.5 -149.561
    endloop
  endfacet
  facet normal 0 1 0
    outer loop
      vertex 50.6043 2.5 -143.44
      vertex 40.9867 2.5 -150.016
      vertex 40.573 2.5 -149.363
    endloop
  endfacet
  facet normal 0 1 0
    outer loop
      vertex 50.6938 2.5 -143.577
      vertex 41.0746 2.5 -150.153
      vertex 40.9867 2.5 -150.016
    endloop
  endfacet
  facet normal 0 1 0
    outer loop
      vertex 45 2.5 -156.337
      vertex 54.5735 2.5 -149.561
      vertex 54.9703 2.5 -150.175
    endloop
  endfacet
  facet normal 0 1 0
    outer loop
      vertex 45.0868 2.5 -156.473
      vertex 54.9703 2.5 -150.175
      vertex 55.0585 2.5 -150.309
    endloop
  endfacet
  facet normal 0 1 0
    outer loop
      vertex 51.0894 2.5 -144.188
      vertex 41.4883 2.5 -150.806
      vertex 41.0746 2.5 -150.153
    endloop
  endfacet
  facet normal 0 1 0
    outer loop
      vertex 45.5017 2.5 -157.128
      vertex 55.0585 2.5 -150.309
      vertex 55.4554 2.5 -150.923
    endloop
  endfacet
  facet normal 0 1 0
    outer loop
      vertex 51.1787 2.5 -144.325
      vertex 41.5761 2.5 -150.943
      vertex 41.4883 2.5 -150.806
    endloop
  endfacet
  facet normal 0 1 0
    outer loop
      vertex 45.5883 2.5 -157.263
      vertex 55.4554 2.5 -150.923
      vertex 55.5435 2.5 -151.058
    endloop
  endfacet
  facet normal 0 1 0
    outer loop
      vertex 51.6637 2.5 -145.073
      vertex 41.99 2.5 -151.596
      vertex 41.5761 2.5 -150.943
    endloop
  endfacet
  facet normal 0 1 0
    outer loop
      vertex 46.0033 2.5 -157.918
      vertex 55.5435 2.5 -151.058
      vertex 55.9406 2.5 -151.671
    endloop
  endfacet
  facet normal 0 1 0
    outer loop
      vertex 52.0597 2.5 -145.685
      vertex 42.0776 2.5 -151.733
      vertex 41.99 2.5 -151.596
    endloop
  endfacet
  facet normal 0 1 0
    outer loop
      vertex 46.0898 2.5 -158.053
      vertex 55.9406 2.5 -151.671
      vertex 56.0285 2.5 -151.806
    endloop
  endfacet
  facet normal 0 1 0
    outer loop
      vertex 52.1487 2.5 -145.821
      vertex 42.4917 2.5 -152.386
      vertex 42.0776 2.5 -151.733
    endloop
  endfacet
  facet normal 0 1 0
    outer loop
      vertex 46.505 2.5 -158.708
      vertex 56.0285 2.5 -151.806
      vertex 56.4257 2.5 -152.419
    endloop
  endfacet
  facet normal 0 1 0
    outer loop
      vertex 52.5448 2.5 -146.433
      vertex 42.5791 2.5 -152.523
      vertex 42.4917 2.5 -152.386
    endloop
  endfacet
  facet normal 0 1 0
    outer loop
      vertex 46.5914 2.5 -158.843
      vertex 56.4257 2.5 -152.419
      vertex 56.5134 2.5 -152.554
    endloop
  endfacet
  facet normal 0 1 0
    outer loop
      vertex 46.5914 2.5 -158.843
      vertex 56.5134 2.5 -152.554
      vertex 56.9108 2.5 -153.168
    endloop
  endfacet
  facet normal 0 1 0
    outer loop
      vertex 52.6337 2.5 -146.569
      vertex 42.9933 2.5 -153.177
      vertex 42.5791 2.5 -152.523
    endloop
  endfacet
  facet normal 0 1 0
    outer loop
      vertex 47.0929 2.5 -159.633
      vertex 56.9108 2.5 -153.168
      vertex 56.9984 2.5 -153.302
    endloop
  endfacet
  facet normal 0 1 0
    outer loop
      vertex 53.0299 2.5 -147.181
      vertex 43.0807 2.5 -153.313
      vertex 42.9933 2.5 -153.177
    endloop
  endfacet
  facet normal 0 1 0
    outer loop
      vertex 47.0929 2.5 -159.633
      vertex 56.9984 2.5 -153.302
      vertex 57.3959 2.5 -153.916
    endloop
  endfacet
  facet normal 0 1 0
    outer loop
      vertex 53.1186 2.5 -147.317
      vertex 43.495 2.5 -153.967
      vertex 43.0807 2.5 -153.313
    endloop
  endfacet
  facet normal 0 1 0
    outer loop
      vertex 47.5083 2.5 -160.289
      vertex 57.3959 2.5 -153.916
      vertex 57.4834 2.5 -154.05
    endloop
  endfacet
  facet normal 0 1 0
    outer loop
      vertex 53.515 2.5 -147.93
      vertex 43.5822 2.5 -154.103
      vertex 43.495 2.5 -153.967
    endloop
  endfacet
  facet normal 0 1 0
    outer loop
      vertex 47.5944 2.5 -160.423
      vertex 57.4834 2.5 -154.05
      vertex 57.881 2.5 -154.664
    endloop
  endfacet
  facet normal 0 1 0
    outer loop
      vertex 53.6036 2.5 -148.065
      vertex 43.9967 2.5 -154.757
      vertex 43.5822 2.5 -154.103
    endloop
  endfacet
  facet normal 0 1 0
    outer loop
      vertex 48.01 2.5 -161.079
      vertex 57.881 2.5 -154.664
      vertex 57.9684 2.5 -154.798
    endloop
  endfacet
  facet normal 0 1 0
    outer loop
      vertex 54.0001 2.5 -148.678
      vertex 44.0837 2.5 -154.893
      vertex 43.9967 2.5 -154.757
    endloop
  endfacet
  facet normal 0 1 0
    outer loop
      vertex 48.0959 2.5 -161.213
      vertex 57.9684 2.5 -154.798
      vertex 58.3661 2.5 -155.413
    endloop
  endfacet
  facet normal 0 1 0
    outer loop
      vertex 48.5117 2.5 -161.869
      vertex 58.3661 2.5 -155.413
      vertex 58.4533 2.5 -155.546
    endloop
  endfacet
  facet normal 0 1 0
    outer loop
      vertex 54.0886 2.5 -148.813
      vertex 44.4983 2.5 -155.547
      vertex 44.0837 2.5 -154.893
    endloop
  endfacet
  facet normal 0 1 0
    outer loop
      vertex 54.4852 2.5 -149.426
      vertex 44.5852 2.5 -155.683
      vertex 44.4983 2.5 -155.547
    endloop
  endfacet
  facet normal 0 1 0
    outer loop
      vertex 48.5975 2.5 -162.003
      vertex 58.4533 2.5 -155.546
      vertex 58.8512 2.5 -156.161
    endloop
  endfacet
  facet normal 0 1 0
    outer loop
      vertex 49.0133 2.5 -162.66
      vertex 58.8512 2.5 -156.161
      vertex 58.9383 2.5 -156.294
    endloop
  endfacet
  facet normal 0 1 0
    outer loop
      vertex 54.5735 2.5 -149.561
      vertex 45 2.5 -156.337
      vertex 44.5852 2.5 -155.683
    endloop
  endfacet
  facet normal 0 1 0
    outer loop
      vertex 54.9703 2.5 -150.175
      vertex 45.0868 2.5 -156.473
      vertex 45 2.5 -156.337
    endloop
  endfacet
  facet normal 0 1 0
    outer loop
      vertex 49.099 2.5 -162.793
      vertex 58.9383 2.5 -156.294
      vertex 59.3363 2.5 -156.909
    endloop
  endfacet
  facet normal 0 1 0
    outer loop
      vertex 49.515 2.5 -163.45
      vertex 59.3363 2.5 -156.909
      vertex 59.4233 2.5 -157.042
    endloop
  endfacet
  facet normal 0 1 0
    outer loop
      vertex 55.0585 2.5 -150.309
      vertex 45.5017 2.5 -157.128
      vertex 45.0868 2.5 -156.473
    endloop
  endfacet
  facet normal 0 1 0
    outer loop
      vertex 55.4554 2.5 -150.923
      vertex 45.5883 2.5 -157.263
      vertex 45.5017 2.5 -157.128
    endloop
  endfacet
  facet normal 0 1 0
    outer loop
      vertex 49.6005 2.5 -163.583
      vertex 59.4233 2.5 -157.042
      vertex 59.8214 2.5 -157.658
    endloop
  endfacet
  facet normal 0 1 0
    outer loop
      vertex 50.0167 2.5 -164.24
      vertex 59.8214 2.5 -157.658
      vertex 59.9083 2.5 -157.791
    endloop
  endfacet
  facet normal 0 1 0
    outer loop
      vertex 55.5435 2.5 -151.058
      vertex 46.0033 2.5 -157.918
      vertex 45.5883 2.5 -157.263
    endloop
  endfacet
  facet normal 0 1 0
    outer loop
      vertex 55.9406 2.5 -151.671
      vertex 46.0898 2.5 -158.053
      vertex 46.0033 2.5 -157.918
    endloop
  endfacet
  facet normal 0 1 0
    outer loop
      vertex 50.1021 2.5 -164.373
      vertex 59.9083 2.5 -157.791
      vertex 60.3066 2.5 -158.406
    endloop
  endfacet
  facet normal 0 1 0
    outer loop
      vertex 50.5183 2.5 -165.03
      vertex 60.3066 2.5 -158.406
      vertex 60.3932 2.5 -158.539
    endloop
  endfacet
  facet normal 0 1 0
    outer loop
      vertex 56.0285 2.5 -151.806
      vertex 46.505 2.5 -158.708
      vertex 46.0898 2.5 -158.053
    endloop
  endfacet
  facet normal 0 1 0
    outer loop
      vertex 56.4257 2.5 -152.419
      vertex 46.5914 2.5 -158.843
      vertex 46.505 2.5 -158.708
    endloop
  endfacet
  facet normal 0 1 0
    outer loop
      vertex 50.6036 2.5 -165.164
      vertex 60.3932 2.5 -158.539
      vertex 60.7917 2.5 -159.154
    endloop
  endfacet
  facet normal 0 1 0
    outer loop
      vertex 51.02 2.5 -165.821
      vertex 60.7917 2.5 -159.154
      vertex 60.8782 2.5 -159.287
    endloop
  endfacet
  facet normal 0 1 0
    outer loop
      vertex 56.9108 2.5 -153.168
      vertex 47.0067 2.5 -159.498
      vertex 46.5914 2.5 -158.843
    endloop
  endfacet
  facet normal 0 1 0
    outer loop
      vertex 56.9108 2.5 -153.168
      vertex 47.0929 2.5 -159.633
      vertex 47.0067 2.5 -159.498
    endloop
  endfacet
  facet normal 0 1 0
    outer loop
      vertex 51.1051 2.5 -165.954
      vertex 60.8782 2.5 -159.287
      vertex 61.2768 2.5 -159.903
    endloop
  endfacet
  facet normal 0 1 0
    outer loop
      vertex 51.5217 2.5 -166.611
      vertex 61.2768 2.5 -159.903
      vertex 61.3632 2.5 -160.035
    endloop
  endfacet
  facet normal 0 1 0
    outer loop
      vertex 57.3959 2.5 -153.916
      vertex 47.5083 2.5 -160.289
      vertex 47.0929 2.5 -159.633
    endloop
  endfacet
  facet normal 0 1 0
    outer loop
      vertex 57.4834 2.5 -154.05
      vertex 47.5944 2.5 -160.423
      vertex 47.5083 2.5 -160.289
    endloop
  endfacet
  facet normal 0 1 0
    outer loop
      vertex 51.6067 2.5 -166.744
      vertex 61.3632 2.5 -160.035
      vertex 61.7619 2.5 -160.651
    endloop
  endfacet
  facet normal 0 1 0
    outer loop
      vertex 51.6067 2.5 -166.744
      vertex 61.7619 2.5 -160.651
      vertex 61.8482 2.5 -160.783
    endloop
  endfacet
  facet normal 0 1 0
    outer loop
      vertex 57.881 2.5 -154.664
      vertex 48.01 2.5 -161.079
      vertex 47.5944 2.5 -160.423
    endloop
  endfacet
  facet normal 0 1 0
    outer loop
      vertex 57.9684 2.5 -154.798
      vertex 48.0959 2.5 -161.213
      vertex 48.01 2.5 -161.079
    endloop
  endfacet
  facet normal 0 1 -0
    outer loop
      vertex 62.189 2.5 -161.4
      vertex 61.8482 2.5 -160.783
      vertex 62.189 2.5 -161.31
    endloop
  endfacet
  facet normal 0 1 0
    outer loop
      vertex 51.6067 2.5 -166.744
      vertex 61.8482 2.5 -160.783
      vertex 62.189 2.5 -161.4
    endloop
  endfacet
  facet normal 0 1 0
    outer loop
      vertex 57.9767 2.5 -172.252
      vertex 62.189 2.5 -161.4
      vertex 62.361 2.5 -161.47
    endloop
  endfacet
  facet normal 0 1 0
    outer loop
      vertex 58.144 2.5 -172.322
      vertex 62.361 2.5 -161.47
      vertex 63.1576 2.5 -161.799
    endloop
  endfacet
  facet normal 0 1 0
    outer loop
      vertex 58.3661 2.5 -155.413
      vertex 48.5117 2.5 -161.869
      vertex 48.0959 2.5 -161.213
    endloop
  endfacet
  facet normal 0 1 0
    outer loop
      vertex 58.9783 2.5 -172.674
      vertex 63.1576 2.5 -161.799
      vertex 63.3293 2.5 -161.87
    endloop
  endfacet
  facet normal 0 1 0
    outer loop
      vertex 58.4533 2.5 -155.546
      vertex 48.5975 2.5 -162.003
      vertex 48.5117 2.5 -161.869
    endloop
  endfacet
  facet normal 0 1 0
    outer loop
      vertex 59.1454 2.5 -172.744
      vertex 63.3293 2.5 -161.87
      vertex 64.1262 2.5 -162.199
    endloop
  endfacet
  facet normal 0 1 0
    outer loop
      vertex 59.98 2.5 -173.097
      vertex 64.1262 2.5 -162.199
      vertex 64.2976 2.5 -162.27
    endloop
  endfacet
  facet normal 0 1 0
    outer loop
      vertex 60.1468 2.5 -173.167
      vertex 64.2976 2.5 -162.27
      vertex 65.0948 2.5 -162.599
    endloop
  endfacet
  facet normal 0 1 0
    outer loop
      vertex 58.8512 2.5 -156.161
      vertex 49.0133 2.5 -162.66
      vertex 48.5975 2.5 -162.003
    endloop
  endfacet
  facet normal 0 1 0
    outer loop
      vertex 60.9817 2.5 -173.519
      vertex 65.0948 2.5 -162.599
      vertex 65.266 2.5 -162.67
    endloop
  endfacet
  facet normal 0 1 0
    outer loop
      vertex 58.9383 2.5 -156.294
      vertex 49.099 2.5 -162.793
      vertex 49.0133 2.5 -162.66
    endloop
  endfacet
  facet normal 0 1 0
    outer loop
      vertex 61.1483 2.5 -173.589
      vertex 65.266 2.5 -162.67
      vertex 66.0634 2.5 -162.999
    endloop
  endfacet
  facet normal 0 1 0
    outer loop
      vertex 61.9833 2.5 -173.941
      vertex 66.0634 2.5 -162.999
      vertex 66.2343 2.5 -163.07
    endloop
  endfacet
  facet normal 0 1 0
    outer loop
      vertex 62.1497 2.5 -174.011
      vertex 66.2343 2.5 -163.07
      vertex 67.032 2.5 -163.399
    endloop
  endfacet
  facet normal 0 1 0
    outer loop
      vertex 59.3363 2.5 -156.909
      vertex 49.515 2.5 -163.45
      vertex 49.099 2.5 -162.793
    endloop
  endfacet
  facet normal 0 1 0
    outer loop
      vertex 62.985 2.5 -174.364
      vertex 67.032 2.5 -163.399
      vertex 67.2027 2.5 -163.469
    endloop
  endfacet
  facet normal 0 1 0
    outer loop
      vertex 59.4233 2.5 -157.042
      vertex 49.6005 2.5 -163.583
      vertex 49.515 2.5 -163.45
    endloop
  endfacet
  facet normal 0 1 0
    outer loop
      vertex 62.985 2.5 -174.364
      vertex 67.2027 2.5 -163.469
      vertex 68.0007 2.5 -163.799
    endloop
  endfacet
  facet normal 0 1 0
    outer loop
      vertex 63.1511 2.5 -174.433
      vertex 68.0007 2.5 -163.799
      vertex 68.171 2.5 -163.869
    endloop
  endfacet
  facet normal 0 1 0
    outer loop
      vertex 63.9867 2.5 -174.786
      vertex 68.171 2.5 -163.869
      vertex 68.9693 2.5 -164.199
    endloop
  endfacet
  facet normal 0 1 0
    outer loop
      vertex 59.8214 2.5 -157.658
      vertex 50.0167 2.5 -164.24
      vertex 49.6005 2.5 -163.583
    endloop
  endfacet
  facet normal 0 1 0
    outer loop
      vertex 64.1525 2.5 -174.856
      vertex 68.9693 2.5 -164.199
      vertex 69.1394 2.5 -164.269
    endloop
  endfacet
  facet normal 0 1 0
    outer loop
      vertex 59.9083 2.5 -157.791
      vertex 50.1021 2.5 -164.373
      vertex 50.0167 2.5 -164.24
    endloop
  endfacet
  facet normal 0 1 0
    outer loop
      vertex 64.9883 2.5 -175.208
      vertex 69.1394 2.5 -164.269
      vertex 69.9379 2.5 -164.599
    endloop
  endfacet
  facet normal 0 1 0
    outer loop
      vertex 65.1539 2.5 -175.278
      vertex 69.9379 2.5 -164.599
      vertex 70.1077 2.5 -164.669
    endloop
  endfacet
  facet normal 0 1 0
    outer loop
      vertex 65.99 2.5 -175.631
      vertex 70.1077 2.5 -164.669
      vertex 70.9065 2.5 -164.999
    endloop
  endfacet
  facet normal 0 1 0
    outer loop
      vertex 60.3066 2.5 -158.406
      vertex 50.5183 2.5 -165.03
      vertex 50.1021 2.5 -164.373
    endloop
  endfacet
  facet normal 0 1 0
    outer loop
      vertex 66.1553 2.5 -175.7
      vertex 70.9065 2.5 -164.999
      vertex 71.0761 2.5 -165.069
    endloop
  endfacet
  facet normal 0 1 0
    outer loop
      vertex 60.3932 2.5 -158.539
      vertex 50.6036 2.5 -165.164
      vertex 50.5183 2.5 -165.03
    endloop
  endfacet
  facet normal 0 1 0
    outer loop
      vertex 66.9917 2.5 -176.053
      vertex 71.0761 2.5 -165.069
      vertex 71.8751 2.5 -165.399
    endloop
  endfacet
  facet normal 0 1 0
    outer loop
      vertex 67.1567 2.5 -176.122
      vertex 71.8751 2.5 -165.399
      vertex 72.0444 2.5 -165.469
    endloop
  endfacet
  facet normal 0 1 0
    outer loop
      vertex 67.9933 2.5 -176.476
      vertex 72.0444 2.5 -165.469
      vertex 72.8437 2.5 -165.799
    endloop
  endfacet
  facet normal 0 1 0
    outer loop
      vertex 60.7917 2.5 -159.154
      vertex 51.02 2.5 -165.821
      vertex 50.6036 2.5 -165.164
    endloop
  endfacet
  facet normal 0 1 0
    outer loop
      vertex 68.1581 2.5 -176.545
      vertex 72.8437 2.5 -165.799
      vertex 73.0128 2.5 -165.868
    endloop
  endfacet
  facet normal 0 1 0
    outer loop
      vertex 60.8782 2.5 -159.287
      vertex 51.1051 2.5 -165.954
      vertex 51.02 2.5 -165.821
    endloop
  endfacet
  facet normal 0 1 0
    outer loop
      vertex 68.995 2.5 -176.898
      vertex 73.0128 2.5 -165.868
      vertex 73.8123 2.5 -166.199
    endloop
  endfacet
  facet normal 0 1 0
    outer loop
      vertex 69.1596 2.5 -176.967
      vertex 73.8123 2.5 -166.199
      vertex 73.9811 2.5 -166.268
    endloop
  endfacet
  facet normal 0 1 0
    outer loop
      vertex 69.9967 2.5 -177.32
      vertex 73.9811 2.5 -166.268
      vertex 74.7809 2.5 -166.599
    endloop
  endfacet
  facet normal 0 1 0
    outer loop
      vertex 61.2768 2.5 -159.903
      vertex 51.5217 2.5 -166.611
      vertex 51.1051 2.5 -165.954
    endloop
  endfacet
  facet normal 0 1 0
    outer loop
      vertex 70.161 2.5 -177.389
      vertex 74.7809 2.5 -166.599
      vertex 74.9495 2.5 -166.668
    endloop
  endfacet
  facet normal 0 1 0
    outer loop
      vertex 61.3632 2.5 -160.035
      vertex 51.6067 2.5 -166.744
      vertex 51.5217 2.5 -166.611
    endloop
  endfacet
  facet normal 0 1 0
    outer loop
      vertex 70.9983 2.5 -177.743
      vertex 74.9495 2.5 -166.668
      vertex 75.7495 2.5 -166.999
    endloop
  endfacet
  facet normal 0 1 0
    outer loop
      vertex 71.1624 2.5 -177.812
      vertex 75.7495 2.5 -166.999
      vertex 75.9179 2.5 -167.068
    endloop
  endfacet
  facet normal 0 1 0
    outer loop
      vertex 72 2.5 -178.165
      vertex 75.9179 2.5 -167.068
      vertex 76.7182 2.5 -167.399
    endloop
  endfacet
  facet normal 0 1 0
    outer loop
      vertex 62.361 2.5 -161.47
      vertex 58.144 2.5 -172.322
      vertex 57.9767 2.5 -172.252
    endloop
  endfacet
  facet normal 0 1 0
    outer loop
      vertex 72.1638 2.5 -178.234
      vertex 76.7182 2.5 -167.399
      vertex 76.8862 2.5 -167.468
    endloop
  endfacet
  facet normal 0 1 0
    outer loop
      vertex 63.1576 2.5 -161.799
      vertex 58.9783 2.5 -172.674
      vertex 58.144 2.5 -172.322
    endloop
  endfacet
  facet normal 0 1 0
    outer loop
      vertex 73.0017 2.5 -178.587
      vertex 76.8862 2.5 -167.468
      vertex 77.6868 2.5 -167.799
    endloop
  endfacet
  facet normal 0 1 0
    outer loop
      vertex 73.1652 2.5 -178.656
      vertex 77.6868 2.5 -167.799
      vertex 77.8546 2.5 -167.868
    endloop
  endfacet
  facet normal 0 1 0
    outer loop
      vertex 62.189 2.5 -161.4
      vertex 57.9767 2.5 -172.252
      vertex 57.1426 2.5 -171.9
    endloop
  endfacet
  facet normal 0 1 0
    outer loop
      vertex 74.0033 2.5 -179.01
      vertex 77.8546 2.5 -167.868
      vertex 78.6554 2.5 -168.199
    endloop
  endfacet
  facet normal 0 1 0
    outer loop
      vertex 74.1667 2.5 -179.078
      vertex 78.6554 2.5 -168.199
      vertex 78.8229 2.5 -168.268
    endloop
  endfacet
  facet normal 0 1 0
    outer loop
      vertex 62.189 2.5 -161.4
      vertex 52.0233 2.5 -167.401
      vertex 51.6067 2.5 -166.744
    endloop
  endfacet
  facet normal 0 1 0
    outer loop
      vertex 75.005 2.5 -179.432
      vertex 78.8229 2.5 -168.268
      vertex 79.624 2.5 -168.599
    endloop
  endfacet
  facet normal 0 1 0
    outer loop
      vertex 75.1681 2.5 -179.501
      vertex 79.624 2.5 -168.599
      vertex 79.7913 2.5 -168.667
    endloop
  endfacet
  facet normal 0 1 0
    outer loop
      vertex 62.189 2.5 -161.4
      vertex 52.1082 2.5 -167.534
      vertex 52.0233 2.5 -167.401
    endloop
  endfacet
  facet normal 0 1 0
    outer loop
      vertex 76.0067 2.5 -179.855
      vertex 79.7913 2.5 -168.667
      vertex 80.5926 2.5 -168.999
    endloop
  endfacet
  facet normal 0 1 0
    outer loop
      vertex 76.1695 2.5 -179.923
      vertex 80.5926 2.5 -168.999
      vertex 80.7596 2.5 -169.067
    endloop
  endfacet
  facet normal 0 1 0
    outer loop
      vertex 62.189 2.5 -161.4
      vertex 57.1426 2.5 -171.9
      vertex 56.975 2.5 -171.83
    endloop
  endfacet
  facet normal 0 1 0
    outer loop
      vertex 76.1695 2.5 -179.923
      vertex 80.7596 2.5 -169.067
      vertex 81.5612 2.5 -169.399
    endloop
  endfacet
  facet normal 0 1 0
    outer loop
      vertex 77.0083 2.5 -180.277
      vertex 81.5612 2.5 -169.399
      vertex 81.728 2.5 -169.467
    endloop
  endfacet
  facet normal 0 1 0
    outer loop
      vertex 62.189 2.5 -161.4
      vertex 52.525 2.5 -168.192
      vertex 52.1082 2.5 -167.534
    endloop
  endfacet
  facet normal 0 1 0
    outer loop
      vertex 77.1709 2.5 -180.345
      vertex 81.728 2.5 -169.467
      vertex 82.5298 2.5 -169.799
    endloop
  endfacet
  facet normal 0 1 0
    outer loop
      vertex 78.01 2.5 -180.699
      vertex 82.5298 2.5 -169.799
      vertex 82.6964 2.5 -169.867
    endloop
  endfacet
  facet normal 0 1 0
    outer loop
      vertex 62.189 2.5 -161.4
      vertex 56.1412 2.5 -171.478
      vertex 55.9733 2.5 -171.407
    endloop
  endfacet
  facet normal 0 1 0
    outer loop
      vertex 78.1723 2.5 -180.767
      vertex 82.6964 2.5 -169.867
      vertex 83.4984 2.5 -170.199
    endloop
  endfacet
  facet normal 0 1 0
    outer loop
      vertex 79.0117 2.5 -181.122
      vertex 83.4984 2.5 -170.199
      vertex 83.6647 2.5 -170.267
    endloop
  endfacet
  facet normal 0 1 0
    outer loop
      vertex 62.189 2.5 -161.4
      vertex 53.0267 2.5 -168.982
      vertex 52.6097 2.5 -168.324
    endloop
  endfacet
  facet normal -0 1 -0
    outer loop
      vertex 54.9717 2.5 -170.985
      vertex 53.5283 2.5 -169.772
      vertex 55.1398 2.5 -171.055
    endloop
  endfacet
  facet normal 0 1 0
    outer loop
      vertex 79.1738 2.5 -181.19
      vertex 83.6647 2.5 -170.267
      vertex 84.4671 2.5 -170.599
    endloop
  endfacet
  facet normal 0 1 0
    outer loop
      vertex 53.97 2.5 -170.468
      vertex 54.1384 2.5 -170.633
      vertex 53.97 2.5 -170.563
    endloop
  endfacet
  facet normal 0 1 0
    outer loop
      vertex 80.0133 2.5 -181.544
      vertex 84.4671 2.5 -170.599
      vertex 84.6331 2.5 -170.667
    endloop
  endfacet
  facet normal 0 1 0
    outer loop
      vertex 53.97 2.5 -170.468
      vertex 54.9717 2.5 -170.985
      vertex 54.1384 2.5 -170.633
    endloop
  endfacet
  facet normal 0 1 0
    outer loop
      vertex 80.1752 2.5 -181.612
      vertex 84.6331 2.5 -170.667
      vertex 85.4357 2.5 -170.999
    endloop
  endfacet
  facet normal 0 1 0
    outer loop
      vertex 53.6128 2.5 -169.904
      vertex 54.9717 2.5 -170.985
      vertex 53.97 2.5 -170.468
    endloop
  endfacet
  facet normal 0 1 0
    outer loop
      vertex 81.015 2.5 -181.966
      vertex 85.4357 2.5 -170.999
      vertex 85.6014 2.5 -171.067
    endloop
  endfacet
  facet normal 0 1 0
    outer loop
      vertex 81.1766 2.5 -182.034
      vertex 85.6014 2.5 -171.067
      vertex 86.4043 2.5 -171.399
    endloop
  endfacet
  facet normal 0 1 0
    outer loop
      vertex 53.5283 2.5 -169.772
      vertex 54.9717 2.5 -170.985
      vertex 53.6128 2.5 -169.904
    endloop
  endfacet
  facet normal 0 1 0
    outer loop
      vertex 82.0167 2.5 -182.389
      vertex 86.4043 2.5 -171.399
      vertex 86.5698 2.5 -171.467
    endloop
  endfacet
  facet normal 0 1 0
    outer loop
      vertex 53.1113 2.5 -169.114
      vertex 55.1398 2.5 -171.055
      vertex 53.5283 2.5 -169.772
    endloop
  endfacet
  facet normal 0 1 0
    outer loop
      vertex 82.178 2.5 -182.457
      vertex 86.5698 2.5 -171.467
      vertex 87.3729 2.5 -171.798
    endloop
  endfacet
  facet normal -0 1 -0
    outer loop
      vertex 55.1398 2.5 -171.055
      vertex 53.1113 2.5 -169.114
      vertex 55.9733 2.5 -171.407
    endloop
  endfacet
  facet normal 0 1 0
    outer loop
      vertex 83.0183 2.5 -182.811
      vertex 87.3729 2.5 -171.798
      vertex 87.5382 2.5 -171.866
    endloop
  endfacet
  facet normal 0 1 0
    outer loop
      vertex 53.0267 2.5 -168.982
      vertex 55.9733 2.5 -171.407
      vertex 53.1113 2.5 -169.114
    endloop
  endfacet
  facet normal 0 1 0
    outer loop
      vertex 83.1795 2.5 -182.879
      vertex 87.5382 2.5 -171.866
      vertex 88.3415 2.5 -172.198
    endloop
  endfacet
  facet normal 0 1 0
    outer loop
      vertex 62.189 2.5 -161.4
      vertex 55.9733 2.5 -171.407
      vertex 53.0267 2.5 -168.982
    endloop
  endfacet
  facet normal 0 1 0
    outer loop
      vertex 84.02 2.5 -183.234
      vertex 88.3415 2.5 -172.198
      vertex 88.5065 2.5 -172.266
    endloop
  endfacet
  facet normal 0 1 0
    outer loop
      vertex 62.189 2.5 -161.4
      vertex 52.6097 2.5 -168.324
      vertex 52.525 2.5 -168.192
    endloop
  endfacet
  facet normal 0 1 0
    outer loop
      vertex 84.1809 2.5 -183.301
      vertex 88.5065 2.5 -172.266
      vertex 89.3101 2.5 -172.598
    endloop
  endfacet
  facet normal 0 1 0
    outer loop
      vertex 85.0217 2.5 -183.656
      vertex 89.3101 2.5 -172.598
      vertex 89.4749 2.5 -172.666
    endloop
  endfacet
  facet normal 0 1 0
    outer loop
      vertex 62.189 2.5 -161.4
      vertex 56.975 2.5 -171.83
      vertex 56.1412 2.5 -171.478
    endloop
  endfacet
  facet normal 0 1 0
    outer loop
      vertex 63.3293 2.5 -161.87
      vertex 59.1454 2.5 -172.744
      vertex 58.9783 2.5 -172.674
    endloop
  endfacet
  facet normal 0 1 0
    outer loop
      vertex 85.1823 2.5 -183.723
      vertex 89.4749 2.5 -172.666
      vertex 90.2787 2.5 -172.998
    endloop
  endfacet
  facet normal 0 1 0
    outer loop
      vertex 86.0233 2.5 -184.078
      vertex 90.2787 2.5 -172.998
      vertex 90.4433 2.5 -173.066
    endloop
  endfacet
  facet normal 0 1 0
    outer loop
      vertex 64.1262 2.5 -162.199
      vertex 59.98 2.5 -173.097
      vertex 59.1454 2.5 -172.744
    endloop
  endfacet
  facet normal 0 1 0
    outer loop
      vertex 64.2976 2.5 -162.27
      vertex 60.1468 2.5 -173.167
      vertex 59.98 2.5 -173.097
    endloop
  endfacet
  facet normal 0 1 0
    outer loop
      vertex 86.1838 2.5 -184.146
      vertex 90.4433 2.5 -173.066
      vertex 91.2473 2.5 -173.398
    endloop
  endfacet
  facet normal 0 1 0
    outer loop
      vertex 87.025 2.5 -184.501
      vertex 91.2473 2.5 -173.398
      vertex 91.4116 2.5 -173.466
    endloop
  endfacet
  facet normal 0 1 0
    outer loop
      vertex 65.0948 2.5 -162.599
      vertex 60.9817 2.5 -173.519
      vertex 60.1468 2.5 -173.167
    endloop
  endfacet
  facet normal 0 1 0
    outer loop
      vertex 65.266 2.5 -162.67
      vertex 61.1483 2.5 -173.589
      vertex 60.9817 2.5 -173.519
    endloop
  endfacet
  facet normal 0 1 0
    outer loop
      vertex 87.1852 2.5 -184.568
      vertex 91.4116 2.5 -173.466
      vertex 92.216 2.5 -173.798
    endloop
  endfacet
  facet normal 0 1 0
    outer loop
      vertex 88.0267 2.5 -184.923
      vertex 92.216 2.5 -173.798
      vertex 92.38 2.5 -173.866
    endloop
  endfacet
  facet normal 0 1 0
    outer loop
      vertex 66.0634 2.5 -162.999
      vertex 61.9833 2.5 -173.941
      vertex 61.1483 2.5 -173.589
    endloop
  endfacet
  facet normal 0 1 0
    outer loop
      vertex 66.2343 2.5 -163.07
      vertex 62.1497 2.5 -174.011
      vertex 61.9833 2.5 -173.941
    endloop
  endfacet
  facet normal 0 1 0
    outer loop
      vertex 88.1866 2.5 -184.99
      vertex 92.38 2.5 -173.866
      vertex 93.1846 2.5 -174.198
    endloop
  endfacet
  facet normal 0 1 0
    outer loop
      vertex 89.0283 2.5 -185.345
      vertex 93.1846 2.5 -174.198
      vertex 93.3484 2.5 -174.266
    endloop
  endfacet
  facet normal 0 1 0
    outer loop
      vertex 67.032 2.5 -163.399
      vertex 62.985 2.5 -174.364
      vertex 62.1497 2.5 -174.011
    endloop
  endfacet
  facet normal 0 1 0
    outer loop
      vertex 68.0007 2.5 -163.799
      vertex 63.1511 2.5 -174.433
      vertex 62.985 2.5 -174.364
    endloop
  endfacet
  facet normal 0 1 0
    outer loop
      vertex 89.188 2.5 -185.413
      vertex 93.3484 2.5 -174.266
      vertex 94.1532 2.5 -174.598
    endloop
  endfacet
  facet normal 0 1 0
    outer loop
      vertex 91.5069 2.5 -185.939
      vertex 94.1532 2.5 -174.598
      vertex 94.3167 2.5 -174.666
    endloop
  endfacet
  facet normal 0 1 0
    outer loop
      vertex 68.171 2.5 -163.869
      vertex 63.9867 2.5 -174.786
      vertex 63.1511 2.5 -174.433
    endloop
  endfacet
  facet normal 0 1 0
    outer loop
      vertex 68.9693 2.5 -164.199
      vertex 64.1525 2.5 -174.856
      vertex 63.9867 2.5 -174.786
    endloop
  endfacet
  facet normal 0 1 0
    outer loop
      vertex 91.64 2.5 -185.956
      vertex 94.3167 2.5 -174.666
      vertex 95.1218 2.5 -174.998
    endloop
  endfacet
  facet normal 0 1 0
    outer loop
      vertex 92.3421 2.5 -186.043
      vertex 95.1218 2.5 -174.998
      vertex 95.2851 2.5 -175.065
    endloop
  endfacet
  facet normal 0 1 0
    outer loop
      vertex 69.1394 2.5 -164.269
      vertex 64.9883 2.5 -175.208
      vertex 64.1525 2.5 -174.856
    endloop
  endfacet
  facet normal 0 1 0
    outer loop
      vertex 69.9379 2.5 -164.599
      vertex 65.1539 2.5 -175.278
      vertex 64.9883 2.5 -175.208
    endloop
  endfacet
  facet normal 0 1 0
    outer loop
      vertex 92.475 2.5 -186.06
      vertex 95.2851 2.5 -175.065
      vertex 96.0904 2.5 -175.398
    endloop
  endfacet
  facet normal 0 1 0
    outer loop
      vertex 93.31 2.5 -186.164
      vertex 96.0904 2.5 -175.398
      vertex 96.2535 2.5 -175.465
    endloop
  endfacet
  facet normal 0 1 0
    outer loop
      vertex 70.1077 2.5 -164.669
      vertex 65.99 2.5 -175.631
      vertex 65.1539 2.5 -175.278
    endloop
  endfacet
  facet normal 0 1 0
    outer loop
      vertex 70.9065 2.5 -164.999
      vertex 66.1553 2.5 -175.7
      vertex 65.99 2.5 -175.631
    endloop
  endfacet
  facet normal 0 1 -0
    outer loop
      vertex 97.001 2.5 -175.78
      vertex 96.2535 2.5 -175.465
      vertex 97.001 2.5 -175.774
    endloop
  endfacet
  facet normal 0 1 0
    outer loop
      vertex 94.0125 2.5 -186.251
      vertex 96.2535 2.5 -175.465
      vertex 97.001 2.5 -175.78
    endloop
  endfacet
  facet normal 0 1 0
    outer loop
      vertex 97.059 2.5 -175.798
      vertex 97.001 2.5 -175.78
      vertex 97.0204 2.5 -175.782
    endloop
  endfacet
  facet normal 0 1 0
    outer loop
      vertex 94.8477 2.5 -186.355
      vertex 97.001 2.5 -175.78
      vertex 97.059 2.5 -175.798
    endloop
  endfacet
  facet normal 0 1 0
    outer loop
      vertex 95.815 2.5 -186.476
      vertex 97.059 2.5 -175.798
      vertex 97.6724 2.5 -175.861
    endloop
  endfacet
  facet normal 0 1 0
    outer loop
      vertex 96.5181 2.5 -186.563
      vertex 97.6724 2.5 -175.861
      vertex 97.8084 2.5 -175.878
    endloop
  endfacet
  facet normal 0 1 0
    outer loop
      vertex 96.65 2.5 -186.579
      vertex 97.8084 2.5 -175.878
      vertex 98.48 2.5 -175.96
    endloop
  endfacet
  facet normal 0 1 0
    outer loop
      vertex 97.3533 2.5 -186.667
      vertex 98.48 2.5 -175.96
      vertex 98.6159 2.5 -175.977
    endloop
  endfacet
  facet normal 0 1 0
    outer loop
      vertex 71.0761 2.5 -165.069
      vertex 66.9917 2.5 -176.053
      vertex 66.1553 2.5 -175.7
    endloop
  endfacet
  facet normal 0 1 0
    outer loop
      vertex 97.485 2.5 -186.683
      vertex 98.6159 2.5 -175.977
      vertex 99.2877 2.5 -176.058
    endloop
  endfacet
  facet normal 0 1 0
    outer loop
      vertex 98.1885 2.5 -186.77
      vertex 99.2877 2.5 -176.058
      vertex 99.4233 2.5 -176.075
    endloop
  endfacet
  facet normal 0 1 0
    outer loop
      vertex 71.8751 2.5 -165.399
      vertex 67.1567 2.5 -176.122
      vertex 66.9917 2.5 -176.053
    endloop
  endfacet
  facet normal 0 1 0
    outer loop
      vertex 98.32 2.5 -186.787
      vertex 99.4233 2.5 -176.075
      vertex 100.095 2.5 -176.157
    endloop
  endfacet
  facet normal 0 1 0
    outer loop
      vertex 99.0237 2.5 -186.874
      vertex 100.095 2.5 -176.157
      vertex 100.231 2.5 -176.173
    endloop
  endfacet
  facet normal 0 1 0
    outer loop
      vertex 99.155 2.5 -186.891
      vertex 100.231 2.5 -176.173
      vertex 100.903 2.5 -176.255
    endloop
  endfacet
  facet normal 0 1 0
    outer loop
      vertex 99.8589 2.5 -186.978
      vertex 100.903 2.5 -176.255
      vertex 101.038 2.5 -176.272
    endloop
  endfacet
  facet normal 0 1 0
    outer loop
      vertex 99.99 2.5 -186.995
      vertex 101.038 2.5 -176.272
      vertex 101.711 2.5 -176.353
    endloop
  endfacet
  facet normal 0 1 0
    outer loop
      vertex 100.694 2.5 -187.082
      vertex 101.711 2.5 -176.353
      vertex 101.846 2.5 -176.37
    endloop
  endfacet
  facet normal 0 1 0
    outer loop
      vertex 100.825 2.5 -187.099
      vertex 101.846 2.5 -176.37
      vertex 102.518 2.5 -176.452
    endloop
  endfacet
  facet normal 0 1 0
    outer loop
      vertex 101.529 2.5 -187.186
      vertex 102.518 2.5 -176.452
      vertex 102.653 2.5 -176.469
    endloop
  endfacet
  facet normal 0 1 0
    outer loop
      vertex 72.0444 2.5 -165.469
      vertex 67.9933 2.5 -176.476
      vertex 67.1567 2.5 -176.122
    endloop
  endfacet
  facet normal 0 1 0
    outer loop
      vertex 72.8437 2.5 -165.799
      vertex 68.1581 2.5 -176.545
      vertex 67.9933 2.5 -176.476
    endloop
  endfacet
  facet normal 0 1 0
    outer loop
      vertex 101.66 2.5 -187.202
      vertex 102.653 2.5 -176.469
      vertex 103.326 2.5 -176.55
    endloop
  endfacet
  facet normal 0 1 0
    outer loop
      vertex 102.364 2.5 -187.29
      vertex 103.326 2.5 -176.55
      vertex 103.461 2.5 -176.567
    endloop
  endfacet
  facet normal 0 1 0
    outer loop
      vertex 102.364 2.5 -187.29
      vertex 103.461 2.5 -176.567
      vertex 104.134 2.5 -176.649
    endloop
  endfacet
  facet normal 0 1 0
    outer loop
      vertex 102.495 2.5 -187.306
      vertex 104.134 2.5 -176.649
      vertex 104.268 2.5 -176.665
    endloop
  endfacet
  facet normal 0 1 0
    outer loop
      vertex 103.2 2.5 -187.394
      vertex 104.268 2.5 -176.665
      vertex 104.941 2.5 -176.747
    endloop
  endfacet
  facet normal 0 1 0
    outer loop
      vertex 103.33 2.5 -187.41
      vertex 104.941 2.5 -176.747
      vertex 105.075 2.5 -176.764
    endloop
  endfacet
  facet normal 0 1 0
    outer loop
      vertex 104.035 2.5 -187.497
      vertex 105.075 2.5 -176.764
      vertex 105.749 2.5 -176.845
    endloop
  endfacet
  facet normal 0 1 0
    outer loop
      vertex 104.165 2.5 -187.514
      vertex 105.749 2.5 -176.845
      vertex 105.883 2.5 -176.862
    endloop
  endfacet
  facet normal 0 1 0
    outer loop
      vertex 73.0128 2.5 -165.868
      vertex 68.995 2.5 -176.898
      vertex 68.1581 2.5 -176.545
    endloop
  endfacet
  facet normal 0 1 0
    outer loop
      vertex 104.87 2.5 -187.601
      vertex 105.883 2.5 -176.862
      vertex 106.556 2.5 -176.944
    endloop
  endfacet
  facet normal 0 1 0
    outer loop
      vertex 105 2.5 -187.618
      vertex 106.556 2.5 -176.944
      vertex 106.69 2.5 -176.96
    endloop
  endfacet
  facet normal 0 1 0
    outer loop
      vertex 73.8123 2.5 -166.199
      vertex 69.1596 2.5 -176.967
      vertex 68.995 2.5 -176.898
    endloop
  endfacet
  facet normal 0 1 0
    outer loop
      vertex 105.705 2.5 -187.705
      vertex 106.69 2.5 -176.96
      vertex 107.364 2.5 -177.042
    endloop
  endfacet
  facet normal 0 1 0
    outer loop
      vertex 105.835 2.5 -187.722
      vertex 107.364 2.5 -177.042
      vertex 107.498 2.5 -177.059
    endloop
  endfacet
  facet normal 0 1 0
    outer loop
      vertex 106.54 2.5 -187.809
      vertex 107.498 2.5 -177.059
      vertex 108.172 2.5 -177.141
    endloop
  endfacet
  facet normal 0 1 0
    outer loop
      vertex 106.67 2.5 -187.825
      vertex 108.172 2.5 -177.141
      vertex 108.305 2.5 -177.157
    endloop
  endfacet
  facet normal 0 1 0
    outer loop
      vertex 107.376 2.5 -187.913
      vertex 108.305 2.5 -177.157
      vertex 108.979 2.5 -177.239
    endloop
  endfacet
  facet normal 0 1 0
    outer loop
      vertex 107.505 2.5 -187.929
      vertex 108.979 2.5 -177.239
      vertex 109.113 2.5 -177.255
    endloop
  endfacet
  facet normal 0 1 0
    outer loop
      vertex 73.9811 2.5 -166.268
      vertex 69.9967 2.5 -177.32
      vertex 69.1596 2.5 -176.967
    endloop
  endfacet
  facet normal 0 1 0
    outer loop
      vertex 108.211 2.5 -188.017
      vertex 109.113 2.5 -177.255
      vertex 109.787 2.5 -177.337
    endloop
  endfacet
  facet normal 0 1 0
    outer loop
      vertex 108.34 2.5 -188.033
      vertex 109.787 2.5 -177.337
      vertex 109.92 2.5 -177.354
    endloop
  endfacet
  facet normal 0 1 0
    outer loop
      vertex 74.7809 2.5 -166.599
      vertex 70.161 2.5 -177.389
      vertex 69.9967 2.5 -177.32
    endloop
  endfacet
  facet normal 0 1 0
    outer loop
      vertex 109.046 2.5 -188.121
      vertex 109.92 2.5 -177.354
      vertex 110.595 2.5 -177.436
    endloop
  endfacet
  facet normal 0 1 0
    outer loop
      vertex 109.175 2.5 -188.137
      vertex 110.595 2.5 -177.436
      vertex 110.728 2.5 -177.452
    endloop
  endfacet
  facet normal 0 1 0
    outer loop
      vertex 109.881 2.5 -188.224
      vertex 110.728 2.5 -177.452
      vertex 111.402 2.5 -177.534
    endloop
  endfacet
  facet normal 0 1 0
    outer loop
      vertex 110.01 2.5 -188.241
      vertex 111.402 2.5 -177.534
      vertex 111.535 2.5 -177.551
    endloop
  endfacet
  facet normal 0 1 0
    outer loop
      vertex 110.716 2.5 -188.328
      vertex 111.535 2.5 -177.551
      vertex 112.21 2.5 -177.632
    endloop
  endfacet
  facet normal 0 1 0
    outer loop
      vertex 110.845 2.5 -188.345
      vertex 112.21 2.5 -177.632
      vertex 112.342 2.5 -177.649
    endloop
  endfacet
  facet normal 0 1 0
    outer loop
      vertex 111.551 2.5 -188.432
      vertex 112.342 2.5 -177.649
      vertex 113.018 2.5 -177.731
    endloop
  endfacet
  facet normal 0 1 0
    outer loop
      vertex 74.9495 2.5 -166.668
      vertex 70.9983 2.5 -177.743
      vertex 70.161 2.5 -177.389
    endloop
  endfacet
  facet normal 0 1 0
    outer loop
      vertex 111.68 2.5 -188.448
      vertex 113.018 2.5 -177.731
      vertex 113.15 2.5 -177.747
    endloop
  endfacet
  facet normal 0 1 0
    outer loop
      vertex 75.7495 2.5 -166.999
      vertex 71.1624 2.5 -177.812
      vertex 70.9983 2.5 -177.743
    endloop
  endfacet
  facet normal 0 1 0
    outer loop
      vertex 112.387 2.5 -188.536
      vertex 113.15 2.5 -177.747
      vertex 113.825 2.5 -177.829
    endloop
  endfacet
  facet normal 0 1 0
    outer loop
      vertex 112.515 2.5 -188.552
      vertex 113.825 2.5 -177.829
      vertex 113.957 2.5 -177.846
    endloop
  endfacet
  facet normal 0 1 0
    outer loop
      vertex 113.222 2.5 -188.64
      vertex 113.957 2.5 -177.846
      vertex 114.633 2.5 -177.928
    endloop
  endfacet
  facet normal 0 1 0
    outer loop
      vertex 113.35 2.5 -188.656
      vertex 114.633 2.5 -177.928
      vertex 114.765 2.5 -177.944
    endloop
  endfacet
  facet normal 0 1 0
    outer loop
      vertex 114.057 2.5 -188.744
      vertex 114.765 2.5 -177.944
      vertex 115.44 2.5 -178.026
    endloop
  endfacet
  facet normal 0 1 0
    outer loop
      vertex 114.057 2.5 -188.744
      vertex 115.44 2.5 -178.026
      vertex 115.572 2.5 -178.042
    endloop
  endfacet
  facet normal 0 1 0
    outer loop
      vertex 114.892 2.5 -188.848
      vertex 115.572 2.5 -178.042
      vertex 116.248 2.5 -178.124
    endloop
  endfacet
  facet normal 0 1 0
    outer loop
      vertex 114.892 2.5 -188.848
      vertex 116.248 2.5 -178.124
      vertex 116.38 2.5 -178.141
    endloop
  endfacet
  facet normal 0 1 0
    outer loop
      vertex 75.9179 2.5 -167.068
      vertex 72 2.5 -178.165
      vertex 71.1624 2.5 -177.812
    endloop
  endfacet
  facet normal 0 1 0
    outer loop
      vertex 115.02 2.5 -188.864
      vertex 116.38 2.5 -178.141
      vertex 117.056 2.5 -178.223
    endloop
  endfacet
  facet normal 0 1 0
    outer loop
      vertex 76.7182 2.5 -167.399
      vertex 72.1638 2.5 -178.234
      vertex 72 2.5 -178.165
    endloop
  endfacet
  facet normal 0 1 0
    outer loop
      vertex 115.727 2.5 -188.951
      vertex 117.056 2.5 -178.223
      vertex 117.187 2.5 -178.239
    endloop
  endfacet
  facet normal 0 1 0
    outer loop
      vertex 115.855 2.5 -188.968
      vertex 117.187 2.5 -178.239
      vertex 117.863 2.5 -178.321
    endloop
  endfacet
  facet normal 0 1 0
    outer loop
      vertex 116.563 2.5 -189.055
      vertex 117.863 2.5 -178.321
      vertex 117.995 2.5 -178.337
    endloop
  endfacet
  facet normal 0 1 0
    outer loop
      vertex 116.69 2.5 -189.071
      vertex 117.995 2.5 -178.337
      vertex 118.671 2.5 -178.419
    endloop
  endfacet
  facet normal 0 1 0
    outer loop
      vertex 117.398 2.5 -189.159
      vertex 118.671 2.5 -178.419
      vertex 118.802 2.5 -178.436
    endloop
  endfacet
  facet normal 0 1 0
    outer loop
      vertex 117.525 2.5 -189.175
      vertex 118.802 2.5 -178.436
      vertex 119.479 2.5 -178.518
    endloop
  endfacet
  facet normal 0 1 0
    outer loop
      vertex 118.233 2.5 -189.263
      vertex 119.479 2.5 -178.518
      vertex 119.609 2.5 -178.534
    endloop
  endfacet
  facet normal 0 1 0
    outer loop
      vertex 76.8862 2.5 -167.468
      vertex 73.0017 2.5 -178.587
      vertex 72.1638 2.5 -178.234
    endloop
  endfacet
  facet normal 0 1 0
    outer loop
      vertex 118.36 2.5 -189.279
      vertex 119.609 2.5 -178.534
      vertex 120.286 2.5 -178.616
    endloop
  endfacet
  facet normal 0 1 0
    outer loop
      vertex 119.068 2.5 -189.367
      vertex 120.286 2.5 -178.616
      vertex 120.417 2.5 -178.632
    endloop
  endfacet
  facet normal 0 1 0
    outer loop
      vertex 77.6868 2.5 -167.799
      vertex 73.1652 2.5 -178.656
      vertex 73.0017 2.5 -178.587
    endloop
  endfacet
  facet normal 0 1 0
    outer loop
      vertex 119.195 2.5 -189.383
      vertex 120.417 2.5 -178.632
      vertex 121.094 2.5 -178.714
    endloop
  endfacet
  facet normal 0 1 0
    outer loop
      vertex 119.903 2.5 -189.471
      vertex 121.094 2.5 -178.714
      vertex 121.224 2.5 -178.731
    endloop
  endfacet
  facet normal 0 1 0
    outer loop
      vertex 119.97 2.5 -189.479
      vertex 121.224 2.5 -178.731
      vertex 121.901 2.5 -178.813
    endloop
  endfacet
  facet normal 0 1 0
    outer loop
      vertex 119.97 2.5 -189.479
      vertex 121.901 2.5 -178.813
      vertex 122.032 2.5 -178.829
    endloop
  endfacet
  facet normal 0 1 0
    outer loop
      vertex 119.97 2.5 -189.479
      vertex 122.032 2.5 -178.829
      vertex 122.709 2.5 -178.911
    endloop
  endfacet
  facet normal 0 1 0
    outer loop
      vertex 119.97 2.5 -189.479
      vertex 122.709 2.5 -178.911
      vertex 122.839 2.5 -178.927
    endloop
  endfacet
  facet normal 0 1 0
    outer loop
      vertex 119.97 2.5 -189.479
      vertex 122.839 2.5 -178.927
      vertex 123.517 2.5 -179.01
    endloop
  endfacet
  facet normal 0 1 0
    outer loop
      vertex 77.8546 2.5 -167.868
      vertex 74.0033 2.5 -179.01
      vertex 73.1652 2.5 -178.656
    endloop
  endfacet
  facet normal 0 1 0
    outer loop
      vertex 119.97 2.5 -189.479
      vertex 123.517 2.5 -179.01
      vertex 123.647 2.5 -179.026
    endloop
  endfacet
  facet normal 0 1 0
    outer loop
      vertex 78.6554 2.5 -168.199
      vertex 74.1667 2.5 -179.078
      vertex 74.0033 2.5 -179.01
    endloop
  endfacet
  facet normal 0 1 0
    outer loop
      vertex 119.97 2.5 -189.479
      vertex 123.647 2.5 -179.026
      vertex 124.324 2.5 -179.108
    endloop
  endfacet
  facet normal 0 1 0
    outer loop
      vertex 119.97 2.5 -189.479
      vertex 124.324 2.5 -179.108
      vertex 124.454 2.5 -179.124
    endloop
  endfacet
  facet normal 0 1 0
    outer loop
      vertex 119.97 2.5 -189.479
      vertex 124.454 2.5 -179.124
      vertex 125.132 2.5 -179.206
    endloop
  endfacet
  facet normal 0 1 0
    outer loop
      vertex 126.011 2.5 -179.393
      vertex 125.132 2.5 -179.206
      vertex 125.262 2.5 -179.222
    endloop
  endfacet
  facet normal 0 1 0
    outer loop
      vertex 126.011 2.5 -179.393
      vertex 125.262 2.5 -179.222
      vertex 125.94 2.5 -179.305
    endloop
  endfacet
  facet normal 0 1 -0
    outer loop
      vertex 126.011 2.5 -179.393
      vertex 125.94 2.5 -179.305
      vertex 126.011 2.5 -179.314
    endloop
  endfacet
  facet normal 0 1 0
    outer loop
      vertex 125.132 2.5 -179.206
      vertex 126.011 2.5 -179.393
      vertex 119.97 2.5 -189.479
    endloop
  endfacet
  facet normal 0 1 0
    outer loop
      vertex 78.8229 2.5 -168.268
      vertex 75.005 2.5 -179.432
      vertex 74.1667 2.5 -179.078
    endloop
  endfacet
  facet normal 0 1 -0
    outer loop
      vertex 9.97099 2.5 -17.6743
      vertex 0 2.5 0
      vertex 9.97099 2.5 0
    endloop
  endfacet
  facet normal 0 1 0
    outer loop
      vertex 0.182559 2.5 -19.778
      vertex 9.97099 2.5 -17.6743
      vertex 10.0035 2.5 -17.8241
    endloop
  endfacet
  facet normal 0 1 0
    outer loop
      vertex 0.306662 2.5 -20.3589
      vertex 10.0035 2.5 -17.8241
      vertex 10.1338 2.5 -18.421
    endloop
  endfacet
  facet normal 0 1 0
    outer loop
      vertex 0.354157 2.5 -20.5822
      vertex 10.1338 2.5 -18.421
      vertex 10.1698 2.5 -18.5871
    endloop
  endfacet
  facet normal 0 1 0
    outer loop
      vertex 9.97099 2.5 -17.6743
      vertex 0 2.5 -18.9223
      vertex 0 2.5 0
    endloop
  endfacet
  facet normal 0 1 0
    outer loop
      vertex 9.97099 2.5 -17.6743
      vertex 0.0107847 2.5 -18.9731
      vertex 0 2.5 -18.9223
    endloop
  endfacet
  facet normal 0 1 0
    outer loop
      vertex 0.474998 2.5 -21.1479
      vertex 10.1698 2.5 -18.5871
      vertex 10.2965 2.5 -19.1679
    endloop
  endfacet
  facet normal 0 1 0
    outer loop
      vertex 0.525591 2.5 -21.3858
      vertex 10.2965 2.5 -19.1679
      vertex 10.3359 2.5 -19.3493
    endloop
  endfacet
  facet normal 0 1 0
    outer loop
      vertex 9.97099 2.5 -17.6743
      vertex 0.13833 2.5 -19.57
      vertex 0.0107847 2.5 -18.9731
    endloop
  endfacet
  facet normal 0 1 0
    outer loop
      vertex 9.97099 2.5 -17.6743
      vertex 0.182559 2.5 -19.778
      vertex 0.13833 2.5 -19.57
    endloop
  endfacet
  facet normal 0 1 0
    outer loop
      vertex 0.64333 2.5 -21.937
      vertex 10.3359 2.5 -19.3493
      vertex 10.4593 2.5 -19.915
    endloop
  endfacet
  facet normal 0 1 0
    outer loop
      vertex 0.696868 2.5 -22.1888
      vertex 10.4593 2.5 -19.915
      vertex 10.5019 2.5 -20.111
    endloop
  endfacet
  facet normal 0 1 0
    outer loop
      vertex 10.0035 2.5 -17.8241
      vertex 0.306662 2.5 -20.3589
      vertex 0.182559 2.5 -19.778
    endloop
  endfacet
  facet normal 0 1 0
    outer loop
      vertex 10.1338 2.5 -18.421
      vertex 0.354157 2.5 -20.5822
      vertex 0.306662 2.5 -20.3589
    endloop
  endfacet
  facet normal 0 1 0
    outer loop
      vertex 0.696868 2.5 -22.1888
      vertex 10.5019 2.5 -20.111
      vertex 10.6221 2.5 -20.6622
    endloop
  endfacet
  facet normal 0 1 0
    outer loop
      vertex 0.811666 2.5 -22.7263
      vertex 10.6221 2.5 -20.6622
      vertex 10.6677 2.5 -20.872
    endloop
  endfacet
  facet normal 0 1 0
    outer loop
      vertex 10.1698 2.5 -18.5871
      vertex 0.474998 2.5 -21.1479
      vertex 0.354157 2.5 -20.5822
    endloop
  endfacet
  facet normal 0 1 0
    outer loop
      vertex 10.2965 2.5 -19.1679
      vertex 0.525591 2.5 -21.3858
      vertex 0.474998 2.5 -21.1479
    endloop
  endfacet
  facet normal 0 1 0
    outer loop
      vertex 0.868002 2.5 -22.9912
      vertex 10.6677 2.5 -20.872
      vertex 10.7849 2.5 -21.4095
    endloop
  endfacet
  facet normal 0 1 0
    outer loop
      vertex 0.979998 2.5 -23.5157
      vertex 10.7849 2.5 -21.4095
      vertex 10.8333 2.5 -21.6325
    endloop
  endfacet
  facet normal 0 1 0
    outer loop
      vertex 10.3359 2.5 -19.3493
      vertex 0.64333 2.5 -21.937
      vertex 0.525591 2.5 -21.3858
    endloop
  endfacet
  facet normal 0 1 0
    outer loop
      vertex 1.039 2.5 -23.7931
      vertex 10.8333 2.5 -21.6325
      vertex 10.9477 2.5 -22.1569
    endloop
  endfacet
  facet normal 0 1 0
    outer loop
      vertex 10.4593 2.5 -19.915
      vertex 0.696868 2.5 -22.1888
      vertex 0.64333 2.5 -21.937
    endloop
  endfacet
  facet normal 0 1 0
    outer loop
      vertex 1.14833 2.5 -24.3051
      vertex 10.9477 2.5 -22.1569
      vertex 10.9988 2.5 -22.3924
    endloop
  endfacet
  facet normal 0 1 0
    outer loop
      vertex 10.6221 2.5 -20.6622
      vertex 0.811666 2.5 -22.7263
      vertex 0.696868 2.5 -22.1888
    endloop
  endfacet
  facet normal 0 1 0
    outer loop
      vertex 1.20988 2.5 -24.5946
      vertex 10.9988 2.5 -22.3924
      vertex 11.1104 2.5 -22.9044
    endloop
  endfacet
  facet normal 0 1 0
    outer loop
      vertex 10.6677 2.5 -20.872
      vertex 0.868002 2.5 -22.9912
      vertex 0.811666 2.5 -22.7263
    endloop
  endfacet
  facet normal 0 1 0
    outer loop
      vertex 1.31667 2.5 -25.0947
      vertex 11.1104 2.5 -22.9044
      vertex 11.1642 2.5 -23.1519
    endloop
  endfacet
  facet normal 0 1 0
    outer loop
      vertex 10.7849 2.5 -21.4095
      vertex 0.979998 2.5 -23.5157
      vertex 0.868002 2.5 -22.9912
    endloop
  endfacet
  facet normal 0 1 0
    outer loop
      vertex 1.38064 2.5 -25.3956
      vertex 11.1642 2.5 -23.1519
      vertex 11.2732 2.5 -23.6521
    endloop
  endfacet
  facet normal 0 1 0
    outer loop
      vertex 10.8333 2.5 -21.6325
      vertex 1.039 2.5 -23.7931
      vertex 0.979998 2.5 -23.5157
    endloop
  endfacet
  facet normal 0 1 0
    outer loop
      vertex 1.485 2.5 -25.8844
      vertex 11.2732 2.5 -23.6521
      vertex 11.3294 2.5 -23.911
    endloop
  endfacet
  facet normal 0 1 0
    outer loop
      vertex 10.9477 2.5 -22.1569
      vertex 1.14833 2.5 -24.3051
      vertex 1.039 2.5 -23.7931
    endloop
  endfacet
  facet normal 0 1 0
    outer loop
      vertex 1.55129 2.5 -26.1962
      vertex 11.3294 2.5 -23.911
      vertex 11.436 2.5 -24.3998
    endloop
  endfacet
  facet normal 0 1 0
    outer loop
      vertex 10.9988 2.5 -22.3924
      vertex 1.20988 2.5 -24.5946
      vertex 1.14833 2.5 -24.3051
    endloop
  endfacet
  facet normal 0 1 0
    outer loop
      vertex 1.65333 2.5 -26.6742
      vertex 11.436 2.5 -24.3998
      vertex 11.4946 2.5 -24.6696
    endloop
  endfacet
  facet normal 0 1 0
    outer loop
      vertex 11.1104 2.5 -22.9044
      vertex 1.31667 2.5 -25.0947
      vertex 1.20988 2.5 -24.5946
    endloop
  endfacet
  facet normal 0 1 0
    outer loop
      vertex 1.72184 2.5 -26.9964
      vertex 11.4946 2.5 -24.6696
      vertex 11.5988 2.5 -25.1476
    endloop
  endfacet
  facet normal 0 1 0
    outer loop
      vertex 11.1642 2.5 -23.1519
      vertex 1.38064 2.5 -25.3956
      vertex 1.31667 2.5 -25.0947
    endloop
  endfacet
  facet normal 0 1 0
    outer loop
      vertex 1.82166 2.5 -27.464
      vertex 11.5988 2.5 -25.1476
      vertex 11.6596 2.5 -25.4278
    endloop
  endfacet
  facet normal 0 1 0
    outer loop
      vertex 11.2732 2.5 -23.6521
      vertex 1.485 2.5 -25.8844
      vertex 1.38064 2.5 -25.3956
    endloop
  endfacet
  facet normal 0 1 0
    outer loop
      vertex 1.8923 2.5 -27.7962
      vertex 11.6596 2.5 -25.4278
      vertex 11.7615 2.5 -25.8955
    endloop
  endfacet
  facet normal 0 1 0
    outer loop
      vertex 1.99 2.5 -28.2539
      vertex 11.7615 2.5 -25.8955
      vertex 11.8246 2.5 -26.1857
    endloop
  endfacet
  facet normal 0 1 0
    outer loop
      vertex 11.3294 2.5 -23.911
      vertex 1.55129 2.5 -26.1962
      vertex 1.485 2.5 -25.8844
    endloop
  endfacet
  facet normal 0 1 0
    outer loop
      vertex 2.06267 2.5 -28.5957
      vertex 11.8246 2.5 -26.1857
      vertex 11.9243 2.5 -26.6434
    endloop
  endfacet
  facet normal 0 1 0
    outer loop
      vertex 11.436 2.5 -24.3998
      vertex 1.65333 2.5 -26.6742
      vertex 1.55129 2.5 -26.1962
    endloop
  endfacet
  facet normal 0 1 0
    outer loop
      vertex 2.15833 2.5 -29.0439
      vertex 11.9243 2.5 -26.6434
      vertex 11.9894 2.5 -26.9432
    endloop
  endfacet
  facet normal 0 1 0
    outer loop
      vertex 11.4946 2.5 -24.6696
      vertex 1.72184 2.5 -26.9964
      vertex 1.65333 2.5 -26.6742
    endloop
  endfacet
  facet normal 0 1 0
    outer loop
      vertex 2.23295 2.5 -29.3949
      vertex 11.9894 2.5 -26.9432
      vertex 12.0871 2.5 -27.3915
    endloop
  endfacet
  facet normal 0 1 0
    outer loop
      vertex 11.5988 2.5 -25.1476
      vertex 1.82166 2.5 -27.464
      vertex 1.72184 2.5 -26.9964
    endloop
  endfacet
  facet normal 0 1 0
    outer loop
      vertex 2.23295 2.5 -29.3949
      vertex 12.0871 2.5 -27.3915
      vertex 12.1542 2.5 -27.7005
    endloop
  endfacet
  facet normal 0 1 0
    outer loop
      vertex 11.6596 2.5 -25.4278
      vertex 1.8923 2.5 -27.7962
      vertex 1.82166 2.5 -27.464
    endloop
  endfacet
  facet normal 0 1 0
    outer loop
      vertex 2.32666 2.5 -29.834
      vertex 12.1542 2.5 -27.7005
      vertex 12.2499 2.5 -28.1396
    endloop
  endfacet
  facet normal 0 1 0
    outer loop
      vertex 11.7615 2.5 -25.8955
      vertex 1.99 2.5 -28.2539
      vertex 1.8923 2.5 -27.7962
    endloop
  endfacet
  facet normal 0 1 0
    outer loop
      vertex 2.40316 2.5 -30.1937
      vertex 12.2499 2.5 -28.1396
      vertex 12.3189 2.5 -28.4574
    endloop
  endfacet
  facet normal 0 1 0
    outer loop
      vertex 11.8246 2.5 -26.1857
      vertex 2.06267 2.5 -28.5957
      vertex 1.99 2.5 -28.2539
    endloop
  endfacet
  facet normal 0 1 0
    outer loop
      vertex 2.40316 2.5 -30.1937
      vertex 12.3189 2.5 -28.4574
      vertex 12.4127 2.5 -28.8877
    endloop
  endfacet
  facet normal 0 1 0
    outer loop
      vertex 11.9243 2.5 -26.6434
      vertex 2.15833 2.5 -29.0439
      vertex 2.06267 2.5 -28.5957
    endloop
  endfacet
  facet normal 0 1 0
    outer loop
      vertex 2.40316 2.5 -30.1937
      vertex 12.4127 2.5 -28.8877
      vertex 12.4835 2.5 -29.214
    endloop
  endfacet
  facet normal 0 1 0
    outer loop
      vertex 11.9894 2.5 -26.9432
      vertex 2.23295 2.5 -29.3949
      vertex 2.15833 2.5 -29.0439
    endloop
  endfacet
  facet normal 0 1 0
    outer loop
      vertex 2.40316 2.5 -30.1937
      vertex 12.4835 2.5 -29.214
      vertex 12.5754 2.5 -29.636
    endloop
  endfacet
  facet normal 0 1 0
    outer loop
      vertex 12.1542 2.5 -27.7005
      vertex 2.32666 2.5 -29.834
      vertex 2.23295 2.5 -29.3949
    endloop
  endfacet
  facet normal 0 1 0
    outer loop
      vertex 2.40316 2.5 -30.1937
      vertex 12.5754 2.5 -29.636
      vertex 12.648 2.5 -29.9704
    endloop
  endfacet
  facet normal 0 1 0
    outer loop
      vertex 2.40316 2.5 -30.1937
      vertex 12.648 2.5 -29.9704
      vertex 12.6545 2.5 -30
    endloop
  endfacet
  facet normal 0 1 0
    outer loop
      vertex 12.2499 2.5 -28.1396
      vertex 2.40316 2.5 -30.1937
      vertex 2.32666 2.5 -29.834
    endloop
  endfacet
  facet normal 0 1 -0
    outer loop
      vertex 150 2.5 -189.563
      vertex 126.011 2.5 -179.393
      vertex 150 2.5 -179.393
    endloop
  endfacet
  facet normal 0 1 0
    outer loop
      vertex 79.624 2.5 -168.599
      vertex 75.1681 2.5 -179.501
      vertex 75.005 2.5 -179.432
    endloop
  endfacet
  facet normal 0 1 0
    outer loop
      vertex 79.7913 2.5 -168.667
      vertex 76.0067 2.5 -179.855
      vertex 75.1681 2.5 -179.501
    endloop
  endfacet
  facet normal 0 1 0
    outer loop
      vertex 80.5926 2.5 -168.999
      vertex 76.1695 2.5 -179.923
      vertex 76.0067 2.5 -179.855
    endloop
  endfacet
  facet normal 0 1 0
    outer loop
      vertex 81.5612 2.5 -169.399
      vertex 77.0083 2.5 -180.277
      vertex 76.1695 2.5 -179.923
    endloop
  endfacet
  facet normal 0 1 0
    outer loop
      vertex 81.728 2.5 -169.467
      vertex 77.1709 2.5 -180.345
      vertex 77.0083 2.5 -180.277
    endloop
  endfacet
  facet normal 0 1 0
    outer loop
      vertex 82.5298 2.5 -169.799
      vertex 78.01 2.5 -180.699
      vertex 77.1709 2.5 -180.345
    endloop
  endfacet
  facet normal 0 1 0
    outer loop
      vertex 82.6964 2.5 -169.867
      vertex 78.1723 2.5 -180.767
      vertex 78.01 2.5 -180.699
    endloop
  endfacet
  facet normal 0 1 0
    outer loop
      vertex 83.4984 2.5 -170.199
      vertex 79.0117 2.5 -181.122
      vertex 78.1723 2.5 -180.767
    endloop
  endfacet
  facet normal 0 1 0
    outer loop
      vertex 83.6647 2.5 -170.267
      vertex 79.1738 2.5 -181.19
      vertex 79.0117 2.5 -181.122
    endloop
  endfacet
  facet normal 0 1 0
    outer loop
      vertex 84.4671 2.5 -170.599
      vertex 80.0133 2.5 -181.544
      vertex 79.1738 2.5 -181.19
    endloop
  endfacet
  facet normal 0 1 0
    outer loop
      vertex 101.846 2.5 -176.37
      vertex 100.825 2.5 -187.099
      vertex 100.694 2.5 -187.082
    endloop
  endfacet
  facet normal 0 1 0
    outer loop
      vertex 84.6331 2.5 -170.667
      vertex 80.1752 2.5 -181.612
      vertex 80.0133 2.5 -181.544
    endloop
  endfacet
  facet normal 0 1 0
    outer loop
      vertex 85.4357 2.5 -170.999
      vertex 81.015 2.5 -181.966
      vertex 80.1752 2.5 -181.612
    endloop
  endfacet
  facet normal 0 1 0
    outer loop
      vertex 85.6014 2.5 -171.067
      vertex 81.1766 2.5 -182.034
      vertex 81.015 2.5 -181.966
    endloop
  endfacet
  facet normal 0 1 0
    outer loop
      vertex 101.038 2.5 -176.272
      vertex 99.99 2.5 -186.995
      vertex 99.8589 2.5 -186.978
    endloop
  endfacet
  facet normal 0 1 0
    outer loop
      vertex 100.903 2.5 -176.255
      vertex 99.8589 2.5 -186.978
      vertex 99.155 2.5 -186.891
    endloop
  endfacet
  facet normal 0 1 0
    outer loop
      vertex 86.4043 2.5 -171.399
      vertex 82.0167 2.5 -182.389
      vertex 81.1766 2.5 -182.034
    endloop
  endfacet
  facet normal 0 1 0
    outer loop
      vertex 100.231 2.5 -176.173
      vertex 99.155 2.5 -186.891
      vertex 99.0237 2.5 -186.874
    endloop
  endfacet
  facet normal 0 1 0
    outer loop
      vertex 100.095 2.5 -176.157
      vertex 99.0237 2.5 -186.874
      vertex 98.32 2.5 -186.787
    endloop
  endfacet
  facet normal 0 1 0
    outer loop
      vertex 86.5698 2.5 -171.467
      vertex 82.178 2.5 -182.457
      vertex 82.0167 2.5 -182.389
    endloop
  endfacet
  facet normal 0 1 0
    outer loop
      vertex 99.2877 2.5 -176.058
      vertex 98.1885 2.5 -186.77
      vertex 97.485 2.5 -186.683
    endloop
  endfacet
  facet normal 0 1 0
    outer loop
      vertex 87.5382 2.5 -171.866
      vertex 83.1795 2.5 -182.879
      vertex 83.0183 2.5 -182.811
    endloop
  endfacet
  facet normal 0 1 0
    outer loop
      vertex 98.6159 2.5 -175.977
      vertex 97.485 2.5 -186.683
      vertex 97.3533 2.5 -186.667
    endloop
  endfacet
  facet normal 0 1 0
    outer loop
      vertex 88.3415 2.5 -172.198
      vertex 84.02 2.5 -183.234
      vertex 83.1795 2.5 -182.879
    endloop
  endfacet
  facet normal 0 1 0
    outer loop
      vertex 88.5065 2.5 -172.266
      vertex 84.1809 2.5 -183.301
      vertex 84.02 2.5 -183.234
    endloop
  endfacet
  facet normal 0 1 0
    outer loop
      vertex 89.3101 2.5 -172.598
      vertex 85.0217 2.5 -183.656
      vertex 84.1809 2.5 -183.301
    endloop
  endfacet
  facet normal 0 1 0
    outer loop
      vertex 97.059 2.5 -175.798
      vertex 94.98 2.5 -186.372
      vertex 94.8477 2.5 -186.355
    endloop
  endfacet
  facet normal 0 1 0
    outer loop
      vertex 90.2787 2.5 -172.998
      vertex 86.0233 2.5 -184.078
      vertex 85.1823 2.5 -183.723
    endloop
  endfacet
  facet normal 0 1 0
    outer loop
      vertex 91.2473 2.5 -173.398
      vertex 87.025 2.5 -184.501
      vertex 86.1838 2.5 -184.146
    endloop
  endfacet
  facet normal 0 1 0
    outer loop
      vertex 96.0904 2.5 -175.398
      vertex 93.31 2.5 -186.164
      vertex 93.1773 2.5 -186.147
    endloop
  endfacet
  facet normal -0 1 -0
    outer loop
      vertex 90.03 2.5 -185.756
      vertex 89.188 2.5 -185.413
      vertex 90.6717 2.5 -185.835
    endloop
  endfacet
  facet normal 0 1 0
    outer loop
      vertex 89.97 2.5 -185.743
      vertex 89.9901 2.5 -185.751
      vertex 89.97 2.5 -185.749
    endloop
  endfacet
  facet normal 0 1 0
    outer loop
      vertex 89.97 2.5 -185.743
      vertex 90.03 2.5 -185.756
      vertex 89.9901 2.5 -185.751
    endloop
  endfacet
  facet normal 0 1 0
    outer loop
      vertex 89.188 2.5 -185.413
      vertex 90.03 2.5 -185.756
      vertex 89.97 2.5 -185.743
    endloop
  endfacet
  facet normal 0 1 0
    outer loop
      vertex 89.188 2.5 -185.413
      vertex 90.805 2.5 -185.852
      vertex 90.6717 2.5 -185.835
    endloop
  endfacet
  facet normal 0 1 0
    outer loop
      vertex 93.3484 2.5 -174.266
      vertex 89.188 2.5 -185.413
      vertex 89.0283 2.5 -185.345
    endloop
  endfacet
  facet normal 0 1 0
    outer loop
      vertex 94.1532 2.5 -174.598
      vertex 90.805 2.5 -185.852
      vertex 89.188 2.5 -185.413
    endloop
  endfacet
  facet normal 0 1 0
    outer loop
      vertex 93.1846 2.5 -174.198
      vertex 89.0283 2.5 -185.345
      vertex 88.1866 2.5 -184.99
    endloop
  endfacet
  facet normal 0 1 0
    outer loop
      vertex 94.1532 2.5 -174.598
      vertex 91.5069 2.5 -185.939
      vertex 90.805 2.5 -185.852
    endloop
  endfacet
  facet normal 0 1 0
    outer loop
      vertex 94.3167 2.5 -174.666
      vertex 91.64 2.5 -185.956
      vertex 91.5069 2.5 -185.939
    endloop
  endfacet
  facet normal 0 1 0
    outer loop
      vertex 92.38 2.5 -173.866
      vertex 88.1866 2.5 -184.99
      vertex 88.0267 2.5 -184.923
    endloop
  endfacet
  facet normal 0 1 0
    outer loop
      vertex 95.1218 2.5 -174.998
      vertex 92.3421 2.5 -186.043
      vertex 91.64 2.5 -185.956
    endloop
  endfacet
  facet normal 0 1 0
    outer loop
      vertex 92.216 2.5 -173.798
      vertex 88.0267 2.5 -184.923
      vertex 87.1852 2.5 -184.568
    endloop
  endfacet
  facet normal 0 1 0
    outer loop
      vertex 95.2851 2.5 -175.065
      vertex 92.475 2.5 -186.06
      vertex 92.3421 2.5 -186.043
    endloop
  endfacet
  facet normal 0 1 0
    outer loop
      vertex 96.0904 2.5 -175.398
      vertex 93.1773 2.5 -186.147
      vertex 92.475 2.5 -186.06
    endloop
  endfacet
  facet normal 0 1 0
    outer loop
      vertex 91.4116 2.5 -173.466
      vertex 87.1852 2.5 -184.568
      vertex 87.025 2.5 -184.501
    endloop
  endfacet
  facet normal 0 1 0
    outer loop
      vertex 96.2535 2.5 -175.465
      vertex 94.0125 2.5 -186.251
      vertex 93.31 2.5 -186.164
    endloop
  endfacet
  facet normal 0 1 0
    outer loop
      vertex 97.001 2.5 -175.78
      vertex 94.145 2.5 -186.268
      vertex 94.0125 2.5 -186.251
    endloop
  endfacet
  facet normal 0 1 0
    outer loop
      vertex 90.4433 2.5 -173.066
      vertex 86.1838 2.5 -184.146
      vertex 86.0233 2.5 -184.078
    endloop
  endfacet
  facet normal 0 1 0
    outer loop
      vertex 97.001 2.5 -175.78
      vertex 94.8477 2.5 -186.355
      vertex 94.145 2.5 -186.268
    endloop
  endfacet
  facet normal 0 1 0
    outer loop
      vertex 89.4749 2.5 -172.666
      vertex 85.1823 2.5 -183.723
      vertex 85.0217 2.5 -183.656
    endloop
  endfacet
  facet normal 0 1 0
    outer loop
      vertex 97.059 2.5 -175.798
      vertex 95.6829 2.5 -186.459
      vertex 94.98 2.5 -186.372
    endloop
  endfacet
  facet normal 0 1 0
    outer loop
      vertex 97.059 2.5 -175.798
      vertex 95.815 2.5 -186.476
      vertex 95.6829 2.5 -186.459
    endloop
  endfacet
  facet normal 0 1 0
    outer loop
      vertex 97.6724 2.5 -175.861
      vertex 96.5181 2.5 -186.563
      vertex 95.815 2.5 -186.476
    endloop
  endfacet
  facet normal 0 1 0
    outer loop
      vertex 97.8084 2.5 -175.878
      vertex 96.65 2.5 -186.579
      vertex 96.5181 2.5 -186.563
    endloop
  endfacet
  facet normal 0 1 0
    outer loop
      vertex 98.48 2.5 -175.96
      vertex 97.3533 2.5 -186.667
      vertex 96.65 2.5 -186.579
    endloop
  endfacet
  facet normal 0 1 0
    outer loop
      vertex 87.3729 2.5 -171.798
      vertex 83.0183 2.5 -182.811
      vertex 82.178 2.5 -182.457
    endloop
  endfacet
  facet normal 0 1 0
    outer loop
      vertex 99.4233 2.5 -176.075
      vertex 98.32 2.5 -186.787
      vertex 98.1885 2.5 -186.77
    endloop
  endfacet
  facet normal 0 1 0
    outer loop
      vertex 101.711 2.5 -176.353
      vertex 100.694 2.5 -187.082
      vertex 99.99 2.5 -186.995
    endloop
  endfacet
  facet normal 0 1 0
    outer loop
      vertex 102.518 2.5 -176.452
      vertex 101.529 2.5 -187.186
      vertex 100.825 2.5 -187.099
    endloop
  endfacet
  facet normal 0 1 0
    outer loop
      vertex 102.653 2.5 -176.469
      vertex 101.66 2.5 -187.202
      vertex 101.529 2.5 -187.186
    endloop
  endfacet
  facet normal 0 1 0
    outer loop
      vertex 103.326 2.5 -176.55
      vertex 102.364 2.5 -187.29
      vertex 101.66 2.5 -187.202
    endloop
  endfacet
  facet normal 0 1 0
    outer loop
      vertex 104.134 2.5 -176.649
      vertex 102.495 2.5 -187.306
      vertex 102.364 2.5 -187.29
    endloop
  endfacet
  facet normal 0 1 0
    outer loop
      vertex 104.268 2.5 -176.665
      vertex 103.2 2.5 -187.394
      vertex 102.495 2.5 -187.306
    endloop
  endfacet
  facet normal 0 1 0
    outer loop
      vertex 104.941 2.5 -176.747
      vertex 103.33 2.5 -187.41
      vertex 103.2 2.5 -187.394
    endloop
  endfacet
  facet normal 0 1 0
    outer loop
      vertex 105.075 2.5 -176.764
      vertex 104.035 2.5 -187.497
      vertex 103.33 2.5 -187.41
    endloop
  endfacet
  facet normal 0 1 0
    outer loop
      vertex 105.749 2.5 -176.845
      vertex 104.165 2.5 -187.514
      vertex 104.035 2.5 -187.497
    endloop
  endfacet
  facet normal 0 1 0
    outer loop
      vertex 105.883 2.5 -176.862
      vertex 104.87 2.5 -187.601
      vertex 104.165 2.5 -187.514
    endloop
  endfacet
  facet normal 0 1 0
    outer loop
      vertex 106.556 2.5 -176.944
      vertex 105 2.5 -187.618
      vertex 104.87 2.5 -187.601
    endloop
  endfacet
  facet normal 0 1 0
    outer loop
      vertex 106.69 2.5 -176.96
      vertex 105.705 2.5 -187.705
      vertex 105 2.5 -187.618
    endloop
  endfacet
  facet normal 0 1 0
    outer loop
      vertex 107.364 2.5 -177.042
      vertex 105.835 2.5 -187.722
      vertex 105.705 2.5 -187.705
    endloop
  endfacet
  facet normal 0 1 0
    outer loop
      vertex 107.498 2.5 -177.059
      vertex 106.54 2.5 -187.809
      vertex 105.835 2.5 -187.722
    endloop
  endfacet
  facet normal 0 1 0
    outer loop
      vertex 108.172 2.5 -177.141
      vertex 106.67 2.5 -187.825
      vertex 106.54 2.5 -187.809
    endloop
  endfacet
  facet normal 0 1 0
    outer loop
      vertex 108.305 2.5 -177.157
      vertex 107.376 2.5 -187.913
      vertex 106.67 2.5 -187.825
    endloop
  endfacet
  facet normal 0 1 0
    outer loop
      vertex 108.979 2.5 -177.239
      vertex 107.505 2.5 -187.929
      vertex 107.376 2.5 -187.913
    endloop
  endfacet
  facet normal 0 1 0
    outer loop
      vertex 109.113 2.5 -177.255
      vertex 108.211 2.5 -188.017
      vertex 107.505 2.5 -187.929
    endloop
  endfacet
  facet normal 0 1 0
    outer loop
      vertex 109.787 2.5 -177.337
      vertex 108.34 2.5 -188.033
      vertex 108.211 2.5 -188.017
    endloop
  endfacet
  facet normal 0 1 0
    outer loop
      vertex 109.92 2.5 -177.354
      vertex 109.046 2.5 -188.121
      vertex 108.34 2.5 -188.033
    endloop
  endfacet
  facet normal 0 1 0
    outer loop
      vertex 110.595 2.5 -177.436
      vertex 109.175 2.5 -188.137
      vertex 109.046 2.5 -188.121
    endloop
  endfacet
  facet normal 0 1 0
    outer loop
      vertex 110.728 2.5 -177.452
      vertex 109.881 2.5 -188.224
      vertex 109.175 2.5 -188.137
    endloop
  endfacet
  facet normal 0 1 0
    outer loop
      vertex 111.402 2.5 -177.534
      vertex 110.01 2.5 -188.241
      vertex 109.881 2.5 -188.224
    endloop
  endfacet
  facet normal 0 1 0
    outer loop
      vertex 111.535 2.5 -177.551
      vertex 110.716 2.5 -188.328
      vertex 110.01 2.5 -188.241
    endloop
  endfacet
  facet normal 0 1 0
    outer loop
      vertex 112.21 2.5 -177.632
      vertex 110.845 2.5 -188.345
      vertex 110.716 2.5 -188.328
    endloop
  endfacet
  facet normal 0 1 0
    outer loop
      vertex 112.342 2.5 -177.649
      vertex 111.551 2.5 -188.432
      vertex 110.845 2.5 -188.345
    endloop
  endfacet
  facet normal 0 1 0
    outer loop
      vertex 113.018 2.5 -177.731
      vertex 111.68 2.5 -188.448
      vertex 111.551 2.5 -188.432
    endloop
  endfacet
  facet normal 0 1 0
    outer loop
      vertex 113.15 2.5 -177.747
      vertex 112.387 2.5 -188.536
      vertex 111.68 2.5 -188.448
    endloop
  endfacet
  facet normal 0 1 0
    outer loop
      vertex 113.825 2.5 -177.829
      vertex 112.515 2.5 -188.552
      vertex 112.387 2.5 -188.536
    endloop
  endfacet
  facet normal 0 1 0
    outer loop
      vertex 113.957 2.5 -177.846
      vertex 113.222 2.5 -188.64
      vertex 112.515 2.5 -188.552
    endloop
  endfacet
  facet normal 0 1 0
    outer loop
      vertex 114.633 2.5 -177.928
      vertex 113.35 2.5 -188.656
      vertex 113.222 2.5 -188.64
    endloop
  endfacet
  facet normal 0 1 0
    outer loop
      vertex 114.765 2.5 -177.944
      vertex 114.057 2.5 -188.744
      vertex 113.35 2.5 -188.656
    endloop
  endfacet
  facet normal 0 1 0
    outer loop
      vertex 115.572 2.5 -178.042
      vertex 114.185 2.5 -188.76
      vertex 114.057 2.5 -188.744
    endloop
  endfacet
  facet normal 0 1 0
    outer loop
      vertex 115.572 2.5 -178.042
      vertex 114.892 2.5 -188.848
      vertex 114.185 2.5 -188.76
    endloop
  endfacet
  facet normal 0 1 0
    outer loop
      vertex 116.38 2.5 -178.141
      vertex 115.02 2.5 -188.864
      vertex 114.892 2.5 -188.848
    endloop
  endfacet
  facet normal 0 1 0
    outer loop
      vertex 117.056 2.5 -178.223
      vertex 115.727 2.5 -188.951
      vertex 115.02 2.5 -188.864
    endloop
  endfacet
  facet normal 0 1 0
    outer loop
      vertex 117.187 2.5 -178.239
      vertex 115.855 2.5 -188.968
      vertex 115.727 2.5 -188.951
    endloop
  endfacet
  facet normal 0 1 0
    outer loop
      vertex 117.863 2.5 -178.321
      vertex 116.563 2.5 -189.055
      vertex 115.855 2.5 -188.968
    endloop
  endfacet
  facet normal 0 1 0
    outer loop
      vertex 117.995 2.5 -178.337
      vertex 116.69 2.5 -189.071
      vertex 116.563 2.5 -189.055
    endloop
  endfacet
  facet normal 0 1 0
    outer loop
      vertex 118.671 2.5 -178.419
      vertex 117.398 2.5 -189.159
      vertex 116.69 2.5 -189.071
    endloop
  endfacet
  facet normal 0 1 0
    outer loop
      vertex 118.802 2.5 -178.436
      vertex 117.525 2.5 -189.175
      vertex 117.398 2.5 -189.159
    endloop
  endfacet
  facet normal 0 1 0
    outer loop
      vertex 119.479 2.5 -178.518
      vertex 118.233 2.5 -189.263
      vertex 117.525 2.5 -189.175
    endloop
  endfacet
  facet normal 0 1 0
    outer loop
      vertex 119.609 2.5 -178.534
      vertex 118.36 2.5 -189.279
      vertex 118.233 2.5 -189.263
    endloop
  endfacet
  facet normal 0 1 0
    outer loop
      vertex 120.286 2.5 -178.616
      vertex 119.068 2.5 -189.367
      vertex 118.36 2.5 -189.279
    endloop
  endfacet
  facet normal 0 1 0
    outer loop
      vertex 120.417 2.5 -178.632
      vertex 119.195 2.5 -189.383
      vertex 119.068 2.5 -189.367
    endloop
  endfacet
  facet normal 0 1 0
    outer loop
      vertex 121.094 2.5 -178.714
      vertex 119.903 2.5 -189.471
      vertex 119.195 2.5 -189.383
    endloop
  endfacet
  facet normal 0 1 0
    outer loop
      vertex 121.224 2.5 -178.731
      vertex 119.97 2.5 -189.479
      vertex 119.903 2.5 -189.471
    endloop
  endfacet
  facet normal 0 1 0
    outer loop
      vertex 119.97 2.5 -189.563
      vertex 126.011 2.5 -179.393
      vertex 150 2.5 -189.563
    endloop
  endfacet
  facet normal 0 1 0
    outer loop
      vertex 126.011 2.5 -179.393
      vertex 119.97 2.5 -189.563
      vertex 119.97 2.5 -189.479
    endloop
  endfacet
  facet normal 0 1 0
    outer loop
      vertex 89.9901 2.5 -185.751
      vertex 90.03 2.5 -185.756
      vertex 90.03 2.5 -185.768
    endloop
  endfacet
  facet normal 0 -1 0
    outer loop
      vertex 89.9901 -2.5 -185.751
      vertex 90.03 -2.5 -185.768
      vertex 90.03 -2.5 -185.756
    endloop
  endfacet
  facet normal 0 -1 0
    outer loop
      vertex 4.515 -2.5 -40.1094
      vertex 14.8291 -2.5 -40
      vertex 4.44094 -2.5 -39.7621
    endloop
  endfacet
  facet normal 0 -1 0
    outer loop
      vertex 4.61044 -2.5 -40.5583
      vertex 14.8291 -2.5 -40
      vertex 4.515 -2.5 -40.1094
    endloop
  endfacet
  facet normal 0 -1 0
    outer loop
      vertex 4.68333 -2.5 -40.9001
      vertex 14.8291 -2.5 -40
      vertex 4.61044 -2.5 -40.5583
    endloop
  endfacet
  facet normal 0 -1 0
    outer loop
      vertex 4.77992 -2.5 -41.3543
      vertex 14.8291 -2.5 -40
      vertex 4.68333 -2.5 -40.9001
    endloop
  endfacet
  facet normal 0 -1 0
    outer loop
      vertex 4.85167 -2.5 -41.6908
      vertex 14.8291 -2.5 -40
      vertex 4.77992 -2.5 -41.3543
    endloop
  endfacet
  facet normal 0 -1 0
    outer loop
      vertex 4.94935 -2.5 -42.1502
      vertex 14.8291 -2.5 -40
      vertex 4.85167 -2.5 -41.6908
    endloop
  endfacet
  facet normal 0 -1 -0
    outer loop
      vertex 14.8291 -2.5 -40
      vertex 4.94935 -2.5 -42.1502
      vertex 14.8543 -2.5 -40.1158
    endloop
  endfacet
  facet normal 0 -1 0
    outer loop
      vertex 5.02 -2.5 -42.4816
      vertex 14.8543 -2.5 -40.1158
      vertex 4.94935 -2.5 -42.1502
    endloop
  endfacet
  facet normal 0 -1 -0
    outer loop
      vertex 14.8543 -2.5 -40.1158
      vertex 5.02 -2.5 -42.4816
      vertex 14.9461 -2.5 -40.5383
    endloop
  endfacet
  facet normal 0 -1 0
    outer loop
      vertex 5.11875 -2.5 -42.946
      vertex 14.9461 -2.5 -40.5383
      vertex 5.02 -2.5 -42.4816
    endloop
  endfacet
  facet normal 0 -1 -0
    outer loop
      vertex 14.9461 -2.5 -40.5383
      vertex 5.11875 -2.5 -42.946
      vertex 15.0171 -2.5 -40.8646
    endloop
  endfacet
  facet normal 0 -1 0
    outer loop
      vertex 5.18833 -2.5 -43.2723
      vertex 15.0171 -2.5 -40.8646
      vertex 5.11875 -2.5 -42.946
    endloop
  endfacet
  facet normal 0 -1 -0
    outer loop
      vertex 15.0171 -2.5 -40.8646
      vertex 5.18833 -2.5 -43.2723
      vertex 15.1099 -2.5 -41.292
    endloop
  endfacet
  facet normal 0 -1 0
    outer loop
      vertex 5.28813 -2.5 -43.7417
      vertex 15.1099 -2.5 -41.292
      vertex 5.18833 -2.5 -43.2723
    endloop
  endfacet
  facet normal 0 -1 -0
    outer loop
      vertex 15.1099 -2.5 -41.292
      vertex 5.28813 -2.5 -43.7417
      vertex 15.1799 -2.5 -41.6135
    endloop
  endfacet
  facet normal 0 -1 0
    outer loop
      vertex 5.35666 -2.5 -44.0631
      vertex 15.1799 -2.5 -41.6135
      vertex 5.28813 -2.5 -43.7417
    endloop
  endfacet
  facet normal 0 -1 -0
    outer loop
      vertex 15.1799 -2.5 -41.6135
      vertex 5.35666 -2.5 -44.0631
      vertex 15.2737 -2.5 -42.0456
    endloop
  endfacet
  facet normal 0 -1 -0
    outer loop
      vertex 15.2737 -2.5 -42.0456
      vertex 5.35666 -2.5 -44.0631
      vertex 15.3427 -2.5 -42.3624
    endloop
  endfacet
  facet normal 0 -1 0
    outer loop
      vertex 5.45747 -2.5 -44.5372
      vertex 15.3427 -2.5 -42.3624
      vertex 5.35666 -2.5 -44.0631
    endloop
  endfacet
  facet normal 0 -1 -0
    outer loop
      vertex 15.3427 -2.5 -42.3624
      vertex 5.45747 -2.5 -44.5372
      vertex 15.4375 -2.5 -42.7991
    endloop
  endfacet
  facet normal 0 -1 0
    outer loop
      vertex 5.525 -2.5 -44.854
      vertex 15.4375 -2.5 -42.7991
      vertex 5.45747 -2.5 -44.5372
    endloop
  endfacet
  facet normal 0 -1 -0
    outer loop
      vertex 15.4375 -2.5 -42.7991
      vertex 5.525 -2.5 -44.854
      vertex 15.5055 -2.5 -43.1112
    endloop
  endfacet
  facet normal 0 -1 0
    outer loop
      vertex 5.62678 -2.5 -45.3327
      vertex 15.5055 -2.5 -43.1112
      vertex 5.525 -2.5 -44.854
    endloop
  endfacet
  facet normal 0 -1 -0
    outer loop
      vertex 15.5055 -2.5 -43.1112
      vertex 5.62678 -2.5 -45.3327
      vertex 15.6012 -2.5 -43.5524
    endloop
  endfacet
  facet normal 0 -1 0
    outer loop
      vertex 5.69333 -2.5 -45.6448
      vertex 15.6012 -2.5 -43.5524
      vertex 5.62678 -2.5 -45.3327
    endloop
  endfacet
  facet normal 0 -1 -0
    outer loop
      vertex 15.6012 -2.5 -43.5524
      vertex 5.69333 -2.5 -45.6448
      vertex 15.6682 -2.5 -43.8602
    endloop
  endfacet
  facet normal 0 -1 0
    outer loop
      vertex 5.79607 -2.5 -46.128
      vertex 15.6682 -2.5 -43.8602
      vertex 5.69333 -2.5 -45.6448
    endloop
  endfacet
  facet normal 0 -1 0
    outer loop
      vertex 15.6682 -2.5 -43.8602
      vertex 15.773 -2.5 -44.6091
      vertex 15.765 -2.5 -44.3057
    endloop
  endfacet
  facet normal 0 -1 0
    outer loop
      vertex 15.765 -2.5 -44.3057
      vertex 15.773 -2.5 -44.6091
      vertex 15.773 -2.5 -44.3426
    endloop
  endfacet
  facet normal 0 -1 -0
    outer loop
      vertex 15.6682 -2.5 -43.8602
      vertex 5.79607 -2.5 -46.128
      vertex 15.773 -2.5 -44.6091
    endloop
  endfacet
  facet normal 0 -1 0
    outer loop
      vertex 5.86166 -2.5 -46.4357
      vertex 15.773 -2.5 -44.6091
      vertex 5.79607 -2.5 -46.128
    endloop
  endfacet
  facet normal 0 -1 0
    outer loop
      vertex 5.96532 -2.5 -46.9232
      vertex 15.773 -2.5 -44.6091
      vertex 5.86166 -2.5 -46.4357
    endloop
  endfacet
  facet normal 0 -1 -0
    outer loop
      vertex 15.773 -2.5 -44.6091
      vertex 5.96532 -2.5 -46.9232
      vertex 15.8706 -2.5 -45.0589
    endloop
  endfacet
  facet normal 0 -1 0
    outer loop
      vertex 5.97 -2.5 -46.9452
      vertex 15.8706 -2.5 -45.0589
      vertex 5.96532 -2.5 -46.9232
    endloop
  endfacet
  facet normal 0 -1 -0
    outer loop
      vertex 15.8706 -2.5 -45.0589
      vertex 5.97 -2.5 -46.9452
      vertex 15.9358 -2.5 -45.3571
    endloop
  endfacet
  facet normal 0 -1 -0
    outer loop
      vertex 15.9358 -2.5 -45.3571
      vertex 5.97 -2.5 -46.9452
      vertex 16.0341 -2.5 -45.81
    endloop
  endfacet
  facet normal 0 -1 0
    outer loop
      vertex 6.07456 -2.5 -47.7183
      vertex 16.0341 -2.5 -45.81
      vertex 5.97 -2.5 -46.9452
    endloop
  endfacet
  facet normal 0 -1 0
    outer loop
      vertex 6.13833 -2.5 -48.0166
      vertex 16.0341 -2.5 -45.81
      vertex 6.07456 -2.5 -47.7183
    endloop
  endfacet
  facet normal 0 -1 -0
    outer loop
      vertex 16.0341 -2.5 -45.81
      vertex 6.13833 -2.5 -48.0166
      vertex 16.0985 -2.5 -46.1052
    endloop
  endfacet
  facet normal 0 -1 0
    outer loop
      vertex 6.07456 -2.5 -47.7183
      vertex 5.97 -2.5 -46.9452
      vertex 5.97 -2.5 -47.2266
    endloop
  endfacet
  facet normal 0 -1 0
    outer loop
      vertex 6.24354 -2.5 -48.5114
      vertex 16.0985 -2.5 -46.1052
      vertex 6.13833 -2.5 -48.0166
    endloop
  endfacet
  facet normal 0 -1 -0
    outer loop
      vertex 16.0985 -2.5 -46.1052
      vertex 6.24354 -2.5 -48.5114
      vertex 16.1975 -2.5 -46.5611
    endloop
  endfacet
  facet normal 0 -1 0
    outer loop
      vertex 6.30666 -2.5 -48.8066
      vertex 16.1975 -2.5 -46.5611
      vertex 6.24354 -2.5 -48.5114
    endloop
  endfacet
  facet normal 0 -1 -0
    outer loop
      vertex 16.1975 -2.5 -46.5611
      vertex 6.30666 -2.5 -48.8066
      vertex 16.2613 -2.5 -46.8533
    endloop
  endfacet
  facet normal 0 -1 0
    outer loop
      vertex 6.41252 -2.5 -49.3044
      vertex 16.2613 -2.5 -46.8533
      vertex 6.30666 -2.5 -48.8066
    endloop
  endfacet
  facet normal 0 -1 -0
    outer loop
      vertex 16.2613 -2.5 -46.8533
      vertex 6.41252 -2.5 -49.3044
      vertex 16.361 -2.5 -47.3121
    endloop
  endfacet
  facet normal 0 -1 0
    outer loop
      vertex 6.475 -2.5 -49.5966
      vertex 16.361 -2.5 -47.3121
      vertex 6.41252 -2.5 -49.3044
    endloop
  endfacet
  facet normal 0 -1 -0
    outer loop
      vertex 16.361 -2.5 -47.3121
      vertex 6.475 -2.5 -49.5966
      vertex 16.4241 -2.5 -47.6014
    endloop
  endfacet
  facet normal 0 -1 0
    outer loop
      vertex 6.58149 -2.5 -50.0974
      vertex 16.4241 -2.5 -47.6014
      vertex 6.475 -2.5 -49.5966
    endloop
  endfacet
  facet normal 0 -1 -0
    outer loop
      vertex 16.4241 -2.5 -47.6014
      vertex 6.58149 -2.5 -50.0974
      vertex 16.5244 -2.5 -48.0631
    endloop
  endfacet
  facet normal 0 -1 0
    outer loop
      vertex 6.64333 -2.5 -50.3867
      vertex 16.5244 -2.5 -48.0631
      vertex 6.58149 -2.5 -50.0974
    endloop
  endfacet
  facet normal 0 -1 -0
    outer loop
      vertex 16.5244 -2.5 -48.0631
      vertex 6.64333 -2.5 -50.3867
      vertex 16.5869 -2.5 -48.3495
    endloop
  endfacet
  facet normal 0 -1 0
    outer loop
      vertex 6.75044 -2.5 -50.8904
      vertex 16.5869 -2.5 -48.3495
      vertex 6.64333 -2.5 -50.3867
    endloop
  endfacet
  facet normal 0 -1 -0
    outer loop
      vertex 16.5869 -2.5 -48.3495
      vertex 6.75044 -2.5 -50.8904
      vertex 16.6878 -2.5 -48.8141
    endloop
  endfacet
  facet normal 0 -1 0
    outer loop
      vertex 6.81167 -2.5 -51.1768
      vertex 16.6878 -2.5 -48.8141
      vertex 6.75044 -2.5 -50.8904
    endloop
  endfacet
  facet normal 0 -1 -0
    outer loop
      vertex 16.6878 -2.5 -48.8141
      vertex 6.81167 -2.5 -51.1768
      vertex 16.7497 -2.5 -49.0977
    endloop
  endfacet
  facet normal 0 -1 -0
    outer loop
      vertex 16.7497 -2.5 -49.0977
      vertex 6.81167 -2.5 -51.1768
      vertex 16.8511 -2.5 -49.5651
    endloop
  endfacet
  facet normal 0 -1 0
    outer loop
      vertex 6.91938 -2.5 -51.6834
      vertex 16.8511 -2.5 -49.5651
      vertex 6.81167 -2.5 -51.1768
    endloop
  endfacet
  facet normal 0 -1 -0
    outer loop
      vertex 16.8511 -2.5 -49.5651
      vertex 6.91938 -2.5 -51.6834
      vertex 16.9124 -2.5 -49.8459
    endloop
  endfacet
  facet normal 0 -1 0
    outer loop
      vertex 6.98 -2.5 -51.9669
      vertex 16.9124 -2.5 -49.8459
      vertex 6.91938 -2.5 -51.6834
    endloop
  endfacet
  facet normal 0 -1 -0
    outer loop
      vertex 16.9124 -2.5 -49.8459
      vertex 6.98 -2.5 -51.9669
      vertex 17.0145 -2.5 -50.3161
    endloop
  endfacet
  facet normal 0 -1 0
    outer loop
      vertex 7.0883 -2.5 -52.4763
      vertex 17.0145 -2.5 -50.3161
      vertex 6.98 -2.5 -51.9669
    endloop
  endfacet
  facet normal 0 -1 -0
    outer loop
      vertex 17.0145 -2.5 -50.3161
      vertex 7.0883 -2.5 -52.4763
      vertex 17.0752 -2.5 -50.5941
    endloop
  endfacet
  facet normal 0 -1 0
    outer loop
      vertex 7.14833 -2.5 -52.7571
      vertex 17.0752 -2.5 -50.5941
      vertex 7.0883 -2.5 -52.4763
    endloop
  endfacet
  facet normal 0 -1 -0
    outer loop
      vertex 17.0752 -2.5 -50.5941
      vertex 7.14833 -2.5 -52.7571
      vertex 17.1779 -2.5 -51.067
    endloop
  endfacet
  facet normal 0 -1 0
    outer loop
      vertex 7.25722 -2.5 -53.2692
      vertex 17.1779 -2.5 -51.067
      vertex 7.14833 -2.5 -52.7571
    endloop
  endfacet
  facet normal 0 -1 -0
    outer loop
      vertex 17.1779 -2.5 -51.067
      vertex 7.25722 -2.5 -53.2692
      vertex 17.238 -2.5 -51.3424
    endloop
  endfacet
  facet normal 0 -1 0
    outer loop
      vertex 7.31667 -2.5 -53.5473
      vertex 17.238 -2.5 -51.3424
      vertex 7.25722 -2.5 -53.2692
    endloop
  endfacet
  facet normal 0 -1 -0
    outer loop
      vertex 17.238 -2.5 -51.3424
      vertex 7.31667 -2.5 -53.5473
      vertex 17.3412 -2.5 -51.8179
    endloop
  endfacet
  facet normal 0 -1 0
    outer loop
      vertex 7.42613 -2.5 -54.0621
      vertex 17.3412 -2.5 -51.8179
      vertex 7.31667 -2.5 -53.5473
    endloop
  endfacet
  facet normal 0 -1 -0
    outer loop
      vertex 17.3412 -2.5 -51.8179
      vertex 7.42613 -2.5 -54.0621
      vertex 17.4008 -2.5 -52.0907
    endloop
  endfacet
  facet normal 0 -1 0
    outer loop
      vertex 7.485 -2.5 -54.3375
      vertex 17.4008 -2.5 -52.0907
      vertex 7.42613 -2.5 -54.0621
    endloop
  endfacet
  facet normal 0 -1 -0
    outer loop
      vertex 17.4008 -2.5 -52.0907
      vertex 7.485 -2.5 -54.3375
      vertex 17.5046 -2.5 -52.5688
    endloop
  endfacet
  facet normal 0 -1 0
    outer loop
      vertex 7.59502 -2.5 -54.855
      vertex 17.5046 -2.5 -52.5688
      vertex 7.485 -2.5 -54.3375
    endloop
  endfacet
  facet normal 0 -1 -0
    outer loop
      vertex 17.5046 -2.5 -52.5688
      vertex 7.59502 -2.5 -54.855
      vertex 17.5635 -2.5 -52.839
    endloop
  endfacet
  facet normal 0 -1 0
    outer loop
      vertex 7.65333 -2.5 -55.1278
      vertex 17.5635 -2.5 -52.839
      vertex 7.59502 -2.5 -54.855
    endloop
  endfacet
  facet normal 0 -1 -0
    outer loop
      vertex 17.5635 -2.5 -52.839
      vertex 7.65333 -2.5 -55.1278
      vertex 17.6679 -2.5 -53.3196
    endloop
  endfacet
  facet normal 0 -1 0
    outer loop
      vertex 7.7639 -2.5 -55.6478
      vertex 17.6679 -2.5 -53.3196
      vertex 7.65333 -2.5 -55.1278
    endloop
  endfacet
  facet normal 0 -1 -0
    outer loop
      vertex 17.6679 -2.5 -53.3196
      vertex 7.7639 -2.5 -55.6478
      vertex 17.7263 -2.5 -53.5874
    endloop
  endfacet
  facet normal 0 -1 0
    outer loop
      vertex 7.82166 -2.5 -55.9181
      vertex 17.7263 -2.5 -53.5874
      vertex 7.7639 -2.5 -55.6478
    endloop
  endfacet
  facet normal 0 -1 -0
    outer loop
      vertex 17.7263 -2.5 -53.5874
      vertex 7.82166 -2.5 -55.9181
      vertex 17.8312 -2.5 -54.0705
    endloop
  endfacet
  facet normal 0 -1 0
    outer loop
      vertex 7.93278 -2.5 -56.4406
      vertex 17.8312 -2.5 -54.0705
      vertex 7.82166 -2.5 -55.9181
    endloop
  endfacet
  facet normal 0 -1 -0
    outer loop
      vertex 17.8312 -2.5 -54.0705
      vertex 7.93278 -2.5 -56.4406
      vertex 17.8891 -2.5 -54.3357
    endloop
  endfacet
  facet normal 0 -1 0
    outer loop
      vertex 7.99 -2.5 -56.7084
      vertex 17.8891 -2.5 -54.3357
      vertex 7.93278 -2.5 -56.4406
    endloop
  endfacet
  facet normal 0 -1 -0
    outer loop
      vertex 17.8891 -2.5 -54.3357
      vertex 7.99 -2.5 -56.7084
      vertex 17.9945 -2.5 -54.8213
    endloop
  endfacet
  facet normal 0 -1 0
    outer loop
      vertex 8.10164 -2.5 -57.2334
      vertex 17.9945 -2.5 -54.8213
      vertex 7.99 -2.5 -56.7084
    endloop
  endfacet
  facet normal 0 -1 -0
    outer loop
      vertex 17.9945 -2.5 -54.8213
      vertex 8.10164 -2.5 -57.2334
      vertex 18.0519 -2.5 -55.0841
    endloop
  endfacet
  facet normal 0 -1 0
    outer loop
      vertex 8.15833 -2.5 -57.4987
      vertex 18.0519 -2.5 -55.0841
      vertex 8.10164 -2.5 -57.2334
    endloop
  endfacet
  facet normal 0 -1 -0
    outer loop
      vertex 18.0519 -2.5 -55.0841
      vertex 8.15833 -2.5 -57.4987
      vertex 18.1578 -2.5 -55.5721
    endloop
  endfacet
  facet normal 0 -1 0
    outer loop
      vertex 8.2705 -2.5 -58.0262
      vertex 18.1578 -2.5 -55.5721
      vertex 8.15833 -2.5 -57.4987
    endloop
  endfacet
  facet normal 0 -1 -0
    outer loop
      vertex 18.1578 -2.5 -55.5721
      vertex 8.2705 -2.5 -58.0262
      vertex 18.2147 -2.5 -55.8326
    endloop
  endfacet
  facet normal 0 -1 0
    outer loop
      vertex 8.32666 -2.5 -58.2891
      vertex 18.2147 -2.5 -55.8326
      vertex 8.2705 -2.5 -58.0262
    endloop
  endfacet
  facet normal 0 -1 -0
    outer loop
      vertex 18.2147 -2.5 -55.8326
      vertex 8.32666 -2.5 -58.2891
      vertex 18.3211 -2.5 -56.3229
    endloop
  endfacet
  facet normal 0 -1 -0
    outer loop
      vertex 18.3211 -2.5 -56.3229
      vertex 8.32666 -2.5 -58.2891
      vertex 18.3774 -2.5 -56.581
    endloop
  endfacet
  facet normal 0 -1 0
    outer loop
      vertex 8.43934 -2.5 -58.819
      vertex 18.3774 -2.5 -56.581
      vertex 8.32666 -2.5 -58.2891
    endloop
  endfacet
  facet normal 0 -1 -0
    outer loop
      vertex 18.3774 -2.5 -56.581
      vertex 8.43934 -2.5 -58.819
      vertex 18.4844 -2.5 -57.0736
    endloop
  endfacet
  facet normal 0 -1 0
    outer loop
      vertex 8.495 -2.5 -59.0794
      vertex 18.4844 -2.5 -57.0736
      vertex 8.43934 -2.5 -58.819
    endloop
  endfacet
  facet normal 0 -1 -0
    outer loop
      vertex 18.4844 -2.5 -57.0736
      vertex 8.495 -2.5 -59.0794
      vertex 18.5402 -2.5 -57.3295
    endloop
  endfacet
  facet normal 0 -1 0
    outer loop
      vertex 8.60817 -2.5 -59.6117
      vertex 18.5402 -2.5 -57.3295
      vertex 8.495 -2.5 -59.0794
    endloop
  endfacet
  facet normal 0 -1 -0
    outer loop
      vertex 18.5402 -2.5 -57.3295
      vertex 8.60817 -2.5 -59.6117
      vertex 18.6477 -2.5 -57.8244
    endloop
  endfacet
  facet normal 0 -1 0
    outer loop
      vertex 8.66333 -2.5 -59.8698
      vertex 18.6477 -2.5 -57.8244
      vertex 8.60817 -2.5 -59.6117
    endloop
  endfacet
  facet normal 0 -1 -0
    outer loop
      vertex 18.6477 -2.5 -57.8244
      vertex 8.66333 -2.5 -59.8698
      vertex 18.703 -2.5 -58.0779
    endloop
  endfacet
  facet normal 0 -1 0
    outer loop
      vertex 8.777 -2.5 -60.4044
      vertex 18.703 -2.5 -58.0779
      vertex 8.66333 -2.5 -59.8698
    endloop
  endfacet
  facet normal 0 -1 -0
    outer loop
      vertex 18.703 -2.5 -58.0779
      vertex 8.777 -2.5 -60.4044
      vertex 18.8109 -2.5 -58.5751
    endloop
  endfacet
  facet normal 0 -1 0
    outer loop
      vertex 8.83166 -2.5 -60.6603
      vertex 18.8109 -2.5 -58.5751
      vertex 8.777 -2.5 -60.4044
    endloop
  endfacet
  facet normal 0 -1 -0
    outer loop
      vertex 18.8109 -2.5 -58.5751
      vertex 8.83166 -2.5 -60.6603
      vertex 18.8658 -2.5 -58.8265
    endloop
  endfacet
  facet normal 0 -1 0
    outer loop
      vertex 8.94582 -2.5 -61.1971
      vertex 18.8658 -2.5 -58.8265
      vertex 8.83166 -2.5 -60.6603
    endloop
  endfacet
  facet normal 0 -1 -0
    outer loop
      vertex 18.8658 -2.5 -58.8265
      vertex 8.94582 -2.5 -61.1971
      vertex 18.9742 -2.5 -59.3258
    endloop
  endfacet
  facet normal 0 -1 0
    outer loop
      vertex 9 -2.5 -61.4507
      vertex 18.9742 -2.5 -59.3258
      vertex 8.94582 -2.5 -61.1971
    endloop
  endfacet
  facet normal 0 -1 -0
    outer loop
      vertex 18.9742 -2.5 -59.3258
      vertex 9 -2.5 -61.4507
      vertex 19.0286 -2.5 -59.575
    endloop
  endfacet
  facet normal 0 -1 0
    outer loop
      vertex 9.11463 -2.5 -61.9898
      vertex 19.0286 -2.5 -59.575
      vertex 9 -2.5 -61.4507
    endloop
  endfacet
  facet normal 0 -1 -0
    outer loop
      vertex 19.0286 -2.5 -59.575
      vertex 9.11463 -2.5 -61.9898
      vertex 19.1374 -2.5 -60.0765
    endloop
  endfacet
  facet normal 0 -1 0
    outer loop
      vertex 9.16833 -2.5 -62.2412
      vertex 19.1374 -2.5 -60.0765
      vertex 9.11463 -2.5 -61.9898
    endloop
  endfacet
  facet normal 0 -1 -0
    outer loop
      vertex 19.1374 -2.5 -60.0765
      vertex 9.16833 -2.5 -62.2412
      vertex 19.1913 -2.5 -60.3235
    endloop
  endfacet
  facet normal 0 -1 0
    outer loop
      vertex 9.28342 -2.5 -62.7824
      vertex 19.1913 -2.5 -60.3235
      vertex 9.16833 -2.5 -62.2412
    endloop
  endfacet
  facet normal 0 -1 -0
    outer loop
      vertex 19.1913 -2.5 -60.3235
      vertex 9.28342 -2.5 -62.7824
      vertex 19.3007 -2.5 -60.8271
    endloop
  endfacet
  facet normal 0 -1 0
    outer loop
      vertex 9.33666 -2.5 -63.0316
      vertex 19.3007 -2.5 -60.8271
      vertex 9.28342 -2.5 -62.7824
    endloop
  endfacet
  facet normal 0 -1 -0
    outer loop
      vertex 19.3007 -2.5 -60.8271
      vertex 9.33666 -2.5 -63.0316
      vertex 19.3541 -2.5 -61.0721
    endloop
  endfacet
  facet normal 0 -1 0
    outer loop
      vertex 9.45222 -2.5 -63.5751
      vertex 19.3541 -2.5 -61.0721
      vertex 9.33666 -2.5 -63.0316
    endloop
  endfacet
  facet normal 0 -1 -0
    outer loop
      vertex 19.3541 -2.5 -61.0721
      vertex 9.45222 -2.5 -63.5751
      vertex 19.4639 -2.5 -61.5778
    endloop
  endfacet
  facet normal 0 -1 0
    outer loop
      vertex 9.505 -2.5 -63.8222
      vertex 19.4639 -2.5 -61.5778
      vertex 9.45222 -2.5 -63.5751
    endloop
  endfacet
  facet normal 0 -1 -0
    outer loop
      vertex 19.4639 -2.5 -61.5778
      vertex 9.505 -2.5 -63.8222
      vertex 19.5169 -2.5 -61.8207
    endloop
  endfacet
  facet normal 0 -1 0
    outer loop
      vertex 9.621 -2.5 -64.3677
      vertex 19.5169 -2.5 -61.8207
      vertex 9.505 -2.5 -63.8222
    endloop
  endfacet
  facet normal 0 -1 -0
    outer loop
      vertex 19.5169 -2.5 -61.8207
      vertex 9.621 -2.5 -64.3677
      vertex 19.6271 -2.5 -62.3284
    endloop
  endfacet
  facet normal 0 -1 0
    outer loop
      vertex 9.67333 -2.5 -64.6127
      vertex 19.6271 -2.5 -62.3284
      vertex 9.621 -2.5 -64.3677
    endloop
  endfacet
  facet normal 0 -1 -0
    outer loop
      vertex 19.6271 -2.5 -62.3284
      vertex 9.67333 -2.5 -64.6127
      vertex 19.6797 -2.5 -62.5693
    endloop
  endfacet
  facet normal 0 -1 0
    outer loop
      vertex 9.78978 -2.5 -65.1603
      vertex 19.6797 -2.5 -62.5693
      vertex 9.67333 -2.5 -64.6127
    endloop
  endfacet
  facet normal 0 -1 -0
    outer loop
      vertex 19.6797 -2.5 -62.5693
      vertex 9.78978 -2.5 -65.1603
      vertex 19.7903 -2.5 -63.079
    endloop
  endfacet
  facet normal 0 -1 0
    outer loop
      vertex 9.84166 -2.5 -65.4032
      vertex 19.7903 -2.5 -63.079
      vertex 9.78978 -2.5 -65.1603
    endloop
  endfacet
  facet normal 0 -1 -0
    outer loop
      vertex 19.7903 -2.5 -63.079
      vertex 9.84166 -2.5 -65.4032
      vertex 19.8424 -2.5 -63.3179
    endloop
  endfacet
  facet normal 0 -1 -0
    outer loop
      vertex 19.8424 -2.5 -63.3179
      vertex 9.84166 -2.5 -65.4032
      vertex 19.9536 -2.5 -63.8297
    endloop
  endfacet
  facet normal 0 -1 0
    outer loop
      vertex 9.95855 -2.5 -65.9529
      vertex 19.9536 -2.5 -63.8297
      vertex 9.84166 -2.5 -65.4032
    endloop
  endfacet
  facet normal 0 -1 -0
    outer loop
      vertex 19.9536 -2.5 -63.8297
      vertex 9.95855 -2.5 -65.9529
      vertex 20.0052 -2.5 -64.0666
    endloop
  endfacet
  facet normal 0 -1 0
    outer loop
      vertex 10.01 -2.5 -66.1938
      vertex 20.0052 -2.5 -64.0666
      vertex 9.95855 -2.5 -65.9529
    endloop
  endfacet
  facet normal 0 -1 -0
    outer loop
      vertex 20.0052 -2.5 -64.0666
      vertex 10.01 -2.5 -66.1938
      vertex 20.1168 -2.5 -64.5802
    endloop
  endfacet
  facet normal 0 -1 0
    outer loop
      vertex 10.1273 -2.5 -66.7455
      vertex 20.1168 -2.5 -64.5802
      vertex 10.01 -2.5 -66.1938
    endloop
  endfacet
  facet normal 0 -1 -0
    outer loop
      vertex 20.1168 -2.5 -64.5802
      vertex 10.1273 -2.5 -66.7455
      vertex 20.168 -2.5 -64.8152
    endloop
  endfacet
  facet normal 0 -1 0
    outer loop
      vertex 10.1783 -2.5 -66.9844
      vertex 20.168 -2.5 -64.8152
      vertex 10.1273 -2.5 -66.7455
    endloop
  endfacet
  facet normal 0 -1 -0
    outer loop
      vertex 20.168 -2.5 -64.8152
      vertex 10.1783 -2.5 -66.9844
      vertex 20.28 -2.5 -65.3308
    endloop
  endfacet
  facet normal 0 -1 0
    outer loop
      vertex 10.2961 -2.5 -67.5381
      vertex 20.28 -2.5 -65.3308
      vertex 10.1783 -2.5 -66.9844
    endloop
  endfacet
  facet normal 0 -1 -0
    outer loop
      vertex 20.28 -2.5 -65.3308
      vertex 10.2961 -2.5 -67.5381
      vertex 20.3308 -2.5 -65.5639
    endloop
  endfacet
  facet normal 0 -1 0
    outer loop
      vertex 10.3467 -2.5 -67.775
      vertex 20.3308 -2.5 -65.5639
      vertex 10.2961 -2.5 -67.5381
    endloop
  endfacet
  facet normal 0 -1 -0
    outer loop
      vertex 20.3308 -2.5 -65.5639
      vertex 10.3467 -2.5 -67.775
      vertex 20.4431 -2.5 -66.0814
    endloop
  endfacet
  facet normal 0 -1 0
    outer loop
      vertex 10.4648 -2.5 -68.3306
      vertex 20.4431 -2.5 -66.0814
      vertex 10.3467 -2.5 -67.775
    endloop
  endfacet
  facet normal 0 -1 -0
    outer loop
      vertex 20.4431 -2.5 -66.0814
      vertex 10.4648 -2.5 -68.3306
      vertex 20.4936 -2.5 -66.3126
    endloop
  endfacet
  facet normal 0 -1 0
    outer loop
      vertex 10.515 -2.5 -68.5656
      vertex 20.4936 -2.5 -66.3126
      vertex 10.4648 -2.5 -68.3306
    endloop
  endfacet
  facet normal 0 -1 -0
    outer loop
      vertex 20.4936 -2.5 -66.3126
      vertex 10.515 -2.5 -68.5656
      vertex 20.6063 -2.5 -66.8319
    endloop
  endfacet
  facet normal 0 -1 0
    outer loop
      vertex 10.6336 -2.5 -69.1232
      vertex 20.6063 -2.5 -66.8319
      vertex 10.515 -2.5 -68.5656
    endloop
  endfacet
  facet normal 0 -1 -0
    outer loop
      vertex 20.6063 -2.5 -66.8319
      vertex 10.6336 -2.5 -69.1232
      vertex 20.6563 -2.5 -67.0613
    endloop
  endfacet
  facet normal 0 -1 0
    outer loop
      vertex 10.6833 -2.5 -69.3562
      vertex 20.6563 -2.5 -67.0613
      vertex 10.6336 -2.5 -69.1232
    endloop
  endfacet
  facet normal 0 -1 -0
    outer loop
      vertex 20.6563 -2.5 -67.0613
      vertex 10.6833 -2.5 -69.3562
      vertex 20.7695 -2.5 -67.5825
    endloop
  endfacet
  facet normal 0 -1 0
    outer loop
      vertex 10.8023 -2.5 -69.9157
      vertex 20.7695 -2.5 -67.5825
      vertex 10.6833 -2.5 -69.3562
    endloop
  endfacet
  facet normal 0 -1 -0
    outer loop
      vertex 20.7695 -2.5 -67.5825
      vertex 10.8023 -2.5 -69.9157
      vertex 20.8191 -2.5 -67.81
    endloop
  endfacet
  facet normal 0 -1 0
    outer loop
      vertex 10.8517 -2.5 -70.1469
      vertex 20.8191 -2.5 -67.81
      vertex 10.8023 -2.5 -69.9157
    endloop
  endfacet
  facet normal 0 -1 -0
    outer loop
      vertex 20.8191 -2.5 -67.81
      vertex 10.8517 -2.5 -70.1469
      vertex 20.9327 -2.5 -68.333
    endloop
  endfacet
  facet normal 0 -1 0
    outer loop
      vertex 10.971 -2.5 -70.7082
      vertex 20.9327 -2.5 -68.333
      vertex 10.8517 -2.5 -70.1469
    endloop
  endfacet
  facet normal 0 -1 -0
    outer loop
      vertex 20.9327 -2.5 -68.333
      vertex 10.971 -2.5 -70.7082
      vertex 20.9819 -2.5 -68.5588
    endloop
  endfacet
  facet normal 0 -1 0
    outer loop
      vertex 11.02 -2.5 -70.9375
      vertex 20.9819 -2.5 -68.5588
      vertex 10.971 -2.5 -70.7082
    endloop
  endfacet
  facet normal 0 -1 -0
    outer loop
      vertex 20.9819 -2.5 -68.5588
      vertex 11.02 -2.5 -70.9375
      vertex 21.0958 -2.5 -69.0835
    endloop
  endfacet
  facet normal 0 -1 0
    outer loop
      vertex 11.1397 -2.5 -71.5007
      vertex 21.0958 -2.5 -69.0835
      vertex 11.02 -2.5 -70.9375
    endloop
  endfacet
  facet normal 0 -1 -0
    outer loop
      vertex 21.0958 -2.5 -69.0835
      vertex 11.1397 -2.5 -71.5007
      vertex 21.1447 -2.5 -69.3075
    endloop
  endfacet
  facet normal 0 -1 0
    outer loop
      vertex 11.1883 -2.5 -71.7282
      vertex 21.1447 -2.5 -69.3075
      vertex 11.1397 -2.5 -71.5007
    endloop
  endfacet
  facet normal 0 -1 -0
    outer loop
      vertex 21.1447 -2.5 -69.3075
      vertex 11.1883 -2.5 -71.7282
      vertex 21.259 -2.5 -69.834
    endloop
  endfacet
  facet normal 0 -1 0
    outer loop
      vertex 11.3085 -2.5 -72.2932
      vertex 21.259 -2.5 -69.834
      vertex 11.1883 -2.5 -71.7282
    endloop
  endfacet
  facet normal 0 -1 -0
    outer loop
      vertex 21.259 -2.5 -69.834
      vertex 11.3085 -2.5 -72.2932
      vertex 21.3075 -2.5 -70.0563
    endloop
  endfacet
  facet normal 0 -1 0
    outer loop
      vertex 11.3567 -2.5 -72.5189
      vertex 21.3075 -2.5 -70.0563
      vertex 11.3085 -2.5 -72.2932
    endloop
  endfacet
  facet normal 0 -1 -0
    outer loop
      vertex 21.3075 -2.5 -70.0563
      vertex 11.3567 -2.5 -72.5189
      vertex 21.4221 -2.5 -70.5845
    endloop
  endfacet
  facet normal 0 -1 -0
    outer loop
      vertex 21.4221 -2.5 -70.5845
      vertex 11.3567 -2.5 -72.5189
      vertex 21.4702 -2.5 -70.8051
    endloop
  endfacet
  facet normal 0 -1 0
    outer loop
      vertex 11.4772 -2.5 -73.0856
      vertex 21.4702 -2.5 -70.8051
      vertex 11.3567 -2.5 -72.5189
    endloop
  endfacet
  facet normal 0 -1 0
    outer loop
      vertex 21.4702 -2.5 -70.8051
      vertex 21.575 -2.5 -71.5539
      vertex 21.575 -2.5 -71.2876
    endloop
  endfacet
  facet normal 0 -1 -0
    outer loop
      vertex 21.4702 -2.5 -70.8051
      vertex 11.4772 -2.5 -73.0856
      vertex 21.575 -2.5 -71.5539
    endloop
  endfacet
  facet normal 0 -1 0
    outer loop
      vertex 11.525 -2.5 -73.3096
      vertex 21.575 -2.5 -71.5539
      vertex 11.4772 -2.5 -73.0856
    endloop
  endfacet
  facet normal 0 -1 0
    outer loop
      vertex 11.6459 -2.5 -73.8781
      vertex 21.575 -2.5 -71.5539
      vertex 11.525 -2.5 -73.3096
    endloop
  endfacet
  facet normal 0 -1 0
    outer loop
      vertex 11.6933 -2.5 -74.1004
      vertex 21.575 -2.5 -71.5539
      vertex 11.6459 -2.5 -73.8781
    endloop
  endfacet
  facet normal 0 -1 0
    outer loop
      vertex 11.8146 -2.5 -74.6705
      vertex 21.575 -2.5 -71.5539
      vertex 11.6933 -2.5 -74.1004
    endloop
  endfacet
  facet normal 0 -1 -0
    outer loop
      vertex 21.575 -2.5 -71.5539
      vertex 11.8146 -2.5 -74.6705
      vertex 21.8058 -2.5 -72.2626
    endloop
  endfacet
  facet normal 0 -1 0
    outer loop
      vertex 11.8617 -2.5 -74.8911
      vertex 21.8058 -2.5 -72.2626
      vertex 11.8146 -2.5 -74.6705
    endloop
  endfacet
  facet normal 0 -1 0
    outer loop
      vertex 11.97 -2.5 -75.4006
      vertex 21.8058 -2.5 -72.2626
      vertex 11.8617 -2.5 -74.8911
    endloop
  endfacet
  facet normal 0 -1 0
    outer loop
      vertex 12.2139 -2.5 -76.4466
      vertex 21.8058 -2.5 -72.2626
      vertex 11.97 -2.5 -75.4006
    endloop
  endfacet
  facet normal 0 -1 0
    outer loop
      vertex 12.2139 -2.5 -76.4466
      vertex 11.97 -2.5 -75.4006
      vertex 11.97 -2.5 -75.6819
    endloop
  endfacet
  facet normal 0 -1 -0
    outer loop
      vertex 21.8058 -2.5 -72.2626
      vertex 12.2139 -2.5 -76.4466
      vertex 22.7291 -2.5 -75.0977
    endloop
  endfacet
  facet normal 0 -1 0
    outer loop
      vertex 13.1895 -2.5 -79.5054
      vertex 22.7291 -2.5 -75.0977
      vertex 12.2139 -2.5 -76.4466
    endloop
  endfacet
  facet normal 0 -1 0
    outer loop
      vertex 13.1895 -2.5 -79.5054
      vertex 25.1529 -2.5 -82.5397
      vertex 22.7291 -2.5 -75.0977
    endloop
  endfacet
  facet normal 0 -1 0
    outer loop
      vertex 15.7505 -2.5 -87.5348
      vertex 25.1529 -2.5 -82.5397
      vertex 13.1895 -2.5 -79.5054
    endloop
  endfacet
  facet normal 0 -1 -0
    outer loop
      vertex 25.1529 -2.5 -82.5397
      vertex 15.7505 -2.5 -87.5348
      vertex 25.73 -2.5 -84.3116
    endloop
  endfacet
  facet normal 0 -1 -0
    outer loop
      vertex 25.73 -2.5 -84.3116
      vertex 15.7505 -2.5 -87.5348
      vertex 25.7881 -2.5 -84.4901
    endloop
  endfacet
  facet normal 0 -1 -0
    outer loop
      vertex 25.7881 -2.5 -84.4901
      vertex 15.7505 -2.5 -87.5348
      vertex 25.8455 -2.5 -84.6662
    endloop
  endfacet
  facet normal 0 -1 0
    outer loop
      vertex 16.3602 -2.5 -89.4466
      vertex 25.8455 -2.5 -84.6662
      vertex 15.7505 -2.5 -87.5348
    endloop
  endfacet
  facet normal 0 -1 -0
    outer loop
      vertex 25.8455 -2.5 -84.6662
      vertex 16.3602 -2.5 -89.4466
      vertex 26.2794 -2.5 -85.9973
    endloop
  endfacet
  facet normal 0 -1 0
    outer loop
      vertex 16.4172 -2.5 -89.6251
      vertex 26.2794 -2.5 -85.9973
      vertex 16.3602 -2.5 -89.4466
    endloop
  endfacet
  facet normal 0 -1 0
    outer loop
      vertex 16.4734 -2.5 -89.8012
      vertex 26.2794 -2.5 -85.9973
      vertex 16.4172 -2.5 -89.6251
    endloop
  endfacet
  facet normal 0 -1 0
    outer loop
      vertex 16.8982 -2.5 -91.1323
      vertex 26.2794 -2.5 -85.9973
      vertex 16.4734 -2.5 -89.8012
    endloop
  endfacet
  facet normal 0 -1 -0
    outer loop
      vertex 26.2794 -2.5 -85.9973
      vertex 16.8982 -2.5 -91.1323
      vertex 27.2382 -2.5 -88.9394
    endloop
  endfacet
  facet normal -0 -1 0
    outer loop
      vertex 27.377 -2.5 -89.5434
      vertex 27.2382 -2.5 -88.9394
      vertex 16.8982 -2.5 -91.1323
    endloop
  endfacet
  facet normal 0 -1 0
    outer loop
      vertex 27.2382 -2.5 -88.9394
      vertex 27.377 -2.5 -89.5434
      vertex 27.377 -2.5 -89.3652
    endloop
  endfacet
  facet normal 0 -1 0
    outer loop
      vertex 17.8373 -2.5 -94.0744
      vertex 27.377 -2.5 -89.5434
      vertex 16.8982 -2.5 -91.1323
    endloop
  endfacet
  facet normal 0 -1 -0
    outer loop
      vertex 27.377 -2.5 -89.5434
      vertex 17.8373 -2.5 -94.0744
      vertex 27.4152 -2.5 -89.6714
    endloop
  endfacet
  facet normal 0 -1 -0
    outer loop
      vertex 27.4152 -2.5 -89.6714
      vertex 17.8373 -2.5 -94.0744
      vertex 27.5398 -2.5 -90.0922
    endloop
  endfacet
  facet normal 0 -1 -0
    outer loop
      vertex 27.5398 -2.5 -90.0922
      vertex 17.8373 -2.5 -94.0744
      vertex 27.5778 -2.5 -90.2199
    endloop
  endfacet
  facet normal 0 -1 -0
    outer loop
      vertex 27.5778 -2.5 -90.2199
      vertex 17.8373 -2.5 -94.0744
      vertex 27.7025 -2.5 -90.6411
    endloop
  endfacet
  facet normal 0 -1 -0
    outer loop
      vertex 27.7025 -2.5 -90.6411
      vertex 17.8373 -2.5 -94.0744
      vertex 27.7405 -2.5 -90.7683
    endloop
  endfacet
  facet normal 0 -1 -0
    outer loop
      vertex 27.7405 -2.5 -90.7683
      vertex 17.8373 -2.5 -94.0744
      vertex 27.8653 -2.5 -91.19
    endloop
  endfacet
  facet normal 0 -1 -0
    outer loop
      vertex 27.8653 -2.5 -91.19
      vertex 17.8373 -2.5 -94.0744
      vertex 27.9031 -2.5 -91.3168
    endloop
  endfacet
  facet normal 0 -1 0
    outer loop
      vertex 17.97 -2.5 -94.4903
      vertex 27.9031 -2.5 -91.3168
      vertex 17.8373 -2.5 -94.0744
    endloop
  endfacet
  facet normal 0 -1 -0
    outer loop
      vertex 27.9031 -2.5 -91.3168
      vertex 17.97 -2.5 -94.4903
      vertex 28.0281 -2.5 -91.7389
    endloop
  endfacet
  facet normal 0 -1 -0
    outer loop
      vertex 28.0281 -2.5 -91.7389
      vertex 17.97 -2.5 -94.4903
      vertex 28.0658 -2.5 -91.8653
    endloop
  endfacet
  facet normal 0 -1 -0
    outer loop
      vertex 28.0658 -2.5 -91.8653
      vertex 17.97 -2.5 -94.4903
      vertex 28.1909 -2.5 -92.2878
    endloop
  endfacet
  facet normal 0 -1 0
    outer loop
      vertex 18.1383 -2.5 -95.258
      vertex 28.1909 -2.5 -92.2878
      vertex 17.97 -2.5 -94.4903
    endloop
  endfacet
  facet normal 0 -1 -0
    outer loop
      vertex 28.1909 -2.5 -92.2878
      vertex 18.1383 -2.5 -95.258
      vertex 28.2284 -2.5 -92.4138
    endloop
  endfacet
  facet normal 0 -1 0
    outer loop
      vertex 18.1756 -2.5 -95.3856
      vertex 28.2284 -2.5 -92.4138
      vertex 18.1383 -2.5 -95.258
    endloop
  endfacet
  facet normal 0 -1 -0
    outer loop
      vertex 28.2284 -2.5 -92.4138
      vertex 18.1756 -2.5 -95.3856
      vertex 28.3537 -2.5 -92.8367
    endloop
  endfacet
  facet normal 0 -1 0
    outer loop
      vertex 18.3067 -2.5 -95.8376
      vertex 28.3537 -2.5 -92.8367
      vertex 18.1756 -2.5 -95.3856
    endloop
  endfacet
  facet normal 0 -1 -0
    outer loop
      vertex 28.3537 -2.5 -92.8367
      vertex 18.3067 -2.5 -95.8376
      vertex 28.3911 -2.5 -92.9623
    endloop
  endfacet
  facet normal 0 -1 0
    outer loop
      vertex 18.3438 -2.5 -95.9649
      vertex 28.3911 -2.5 -92.9623
      vertex 18.3067 -2.5 -95.8376
    endloop
  endfacet
  facet normal 0 -1 -0
    outer loop
      vertex 28.3911 -2.5 -92.9623
      vertex 18.3438 -2.5 -95.9649
      vertex 28.5164 -2.5 -93.3856
    endloop
  endfacet
  facet normal 0 -1 0
    outer loop
      vertex 18.475 -2.5 -96.4173
      vertex 28.5164 -2.5 -93.3856
      vertex 18.3438 -2.5 -95.9649
    endloop
  endfacet
  facet normal 0 -1 0
    outer loop
      vertex 18.0074 -2.5 -94.8064
      vertex 17.97 -2.5 -94.4903
      vertex 17.97 -2.5 -94.6784
    endloop
  endfacet
  facet normal 0 -1 0
    outer loop
      vertex 18.1383 -2.5 -95.258
      vertex 17.97 -2.5 -94.4903
      vertex 18.0074 -2.5 -94.8064
    endloop
  endfacet
  facet normal 0 -1 -0
    outer loop
      vertex 28.5164 -2.5 -93.3856
      vertex 18.475 -2.5 -96.4173
      vertex 28.5538 -2.5 -93.5108
    endloop
  endfacet
  facet normal 0 -1 0
    outer loop
      vertex 18.512 -2.5 -96.5441
      vertex 28.5538 -2.5 -93.5108
      vertex 18.475 -2.5 -96.4173
    endloop
  endfacet
  facet normal 0 -1 -0
    outer loop
      vertex 28.5538 -2.5 -93.5108
      vertex 18.512 -2.5 -96.5441
      vertex 28.6792 -2.5 -93.9345
    endloop
  endfacet
  facet normal 0 -1 0
    outer loop
      vertex 18.6433 -2.5 -96.997
      vertex 28.6792 -2.5 -93.9345
      vertex 18.512 -2.5 -96.5441
    endloop
  endfacet
  facet normal 0 -1 -0
    outer loop
      vertex 28.6792 -2.5 -93.9345
      vertex 18.6433 -2.5 -96.997
      vertex 28.7164 -2.5 -94.0593
    endloop
  endfacet
  facet normal 0 -1 0
    outer loop
      vertex 18.6802 -2.5 -97.1234
      vertex 28.7164 -2.5 -94.0593
      vertex 18.6433 -2.5 -96.997
    endloop
  endfacet
  facet normal 0 -1 -0
    outer loop
      vertex 28.7164 -2.5 -94.0593
      vertex 18.6802 -2.5 -97.1234
      vertex 28.842 -2.5 -94.4835
    endloop
  endfacet
  facet normal 0 -1 0
    outer loop
      vertex 18.8117 -2.5 -97.5766
      vertex 28.842 -2.5 -94.4835
      vertex 18.6802 -2.5 -97.1234
    endloop
  endfacet
  facet normal 0 -1 -0
    outer loop
      vertex 28.842 -2.5 -94.4835
      vertex 18.8117 -2.5 -97.5766
      vertex 28.8791 -2.5 -94.6079
    endloop
  endfacet
  facet normal 0 -1 0
    outer loop
      vertex 18.8485 -2.5 -97.7027
      vertex 28.8791 -2.5 -94.6079
      vertex 18.8117 -2.5 -97.5766
    endloop
  endfacet
  facet normal 0 -1 -0
    outer loop
      vertex 28.8791 -2.5 -94.6079
      vertex 18.8485 -2.5 -97.7027
      vertex 29.0048 -2.5 -95.0324
    endloop
  endfacet
  facet normal 0 -1 0
    outer loop
      vertex 18.98 -2.5 -98.1563
      vertex 29.0048 -2.5 -95.0324
      vertex 18.8485 -2.5 -97.7027
    endloop
  endfacet
  facet normal 0 -1 -0
    outer loop
      vertex 29.0048 -2.5 -95.0324
      vertex 18.98 -2.5 -98.1563
      vertex 29.0417 -2.5 -95.1564
    endloop
  endfacet
  facet normal 0 -1 0
    outer loop
      vertex 19.0167 -2.5 -98.2819
      vertex 29.0417 -2.5 -95.1564
      vertex 18.98 -2.5 -98.1563
    endloop
  endfacet
  facet normal 0 -1 -0
    outer loop
      vertex 29.0417 -2.5 -95.1564
      vertex 19.0167 -2.5 -98.2819
      vertex 29.1675 -2.5 -95.5813
    endloop
  endfacet
  facet normal 0 -1 0
    outer loop
      vertex 19.1483 -2.5 -98.736
      vertex 29.1675 -2.5 -95.5813
      vertex 19.0167 -2.5 -98.2819
    endloop
  endfacet
  facet normal 0 -1 -0
    outer loop
      vertex 29.1675 -2.5 -95.5813
      vertex 19.1483 -2.5 -98.736
      vertex 29.2044 -2.5 -95.705
    endloop
  endfacet
  facet normal 0 -1 0
    outer loop
      vertex 19.1849 -2.5 -98.8612
      vertex 29.2044 -2.5 -95.705
      vertex 19.1483 -2.5 -98.736
    endloop
  endfacet
  facet normal 0 -1 -0
    outer loop
      vertex 29.2044 -2.5 -95.705
      vertex 19.1849 -2.5 -98.8612
      vertex 29.3303 -2.5 -96.1303
    endloop
  endfacet
  facet normal 0 -1 0
    outer loop
      vertex 19.3167 -2.5 -99.3157
      vertex 29.3303 -2.5 -96.1303
      vertex 19.1849 -2.5 -98.8612
    endloop
  endfacet
  facet normal 0 -1 -0
    outer loop
      vertex 29.3303 -2.5 -96.1303
      vertex 19.3167 -2.5 -99.3157
      vertex 29.3671 -2.5 -96.2535
    endloop
  endfacet
  facet normal 0 -1 0
    outer loop
      vertex 19.3531 -2.5 -99.4405
      vertex 29.3671 -2.5 -96.2535
      vertex 19.3167 -2.5 -99.3157
    endloop
  endfacet
  facet normal 0 -1 -0
    outer loop
      vertex 29.3671 -2.5 -96.2535
      vertex 19.3531 -2.5 -99.4405
      vertex 29.4931 -2.5 -96.6792
    endloop
  endfacet
  facet normal 0 -1 -0
    outer loop
      vertex 29.4931 -2.5 -96.6792
      vertex 19.3531 -2.5 -99.4405
      vertex 29.5297 -2.5 -96.8021
    endloop
  endfacet
  facet normal 0 -1 0
    outer loop
      vertex 19.485 -2.5 -99.8954
      vertex 29.5297 -2.5 -96.8021
      vertex 19.3531 -2.5 -99.4405
    endloop
  endfacet
  facet normal 0 -1 -0
    outer loop
      vertex 29.5297 -2.5 -96.8021
      vertex 19.485 -2.5 -99.8954
      vertex 29.6559 -2.5 -97.2282
    endloop
  endfacet
  facet normal 0 -1 0
    outer loop
      vertex 19.5213 -2.5 -100.02
      vertex 29.6559 -2.5 -97.2282
      vertex 19.485 -2.5 -99.8954
    endloop
  endfacet
  facet normal 0 -1 -0
    outer loop
      vertex 29.6559 -2.5 -97.2282
      vertex 19.5213 -2.5 -100.02
      vertex 29.6924 -2.5 -97.3506
    endloop
  endfacet
  facet normal 0 -1 0
    outer loop
      vertex 19.6533 -2.5 -100.475
      vertex 29.6924 -2.5 -97.3506
      vertex 19.5213 -2.5 -100.02
    endloop
  endfacet
  facet normal 0 -1 -0
    outer loop
      vertex 29.6924 -2.5 -97.3506
      vertex 19.6533 -2.5 -100.475
      vertex 29.8187 -2.5 -97.7771
    endloop
  endfacet
  facet normal 0 -1 0
    outer loop
      vertex 19.6895 -2.5 -100.599
      vertex 29.8187 -2.5 -97.7771
      vertex 19.6533 -2.5 -100.475
    endloop
  endfacet
  facet normal 0 -1 -0
    outer loop
      vertex 29.8187 -2.5 -97.7771
      vertex 19.6895 -2.5 -100.599
      vertex 29.8551 -2.5 -97.8992
    endloop
  endfacet
  facet normal 0 -1 0
    outer loop
      vertex 19.8217 -2.5 -101.055
      vertex 29.8551 -2.5 -97.8992
      vertex 19.6895 -2.5 -100.599
    endloop
  endfacet
  facet normal 0 -1 -0
    outer loop
      vertex 29.8551 -2.5 -97.8992
      vertex 19.8217 -2.5 -101.055
      vertex 29.9814 -2.5 -98.3261
    endloop
  endfacet
  facet normal 0 -1 0
    outer loop
      vertex 19.8578 -2.5 -101.178
      vertex 29.9814 -2.5 -98.3261
      vertex 19.8217 -2.5 -101.055
    endloop
  endfacet
  facet normal 0 -1 -0
    outer loop
      vertex 29.9814 -2.5 -98.3261
      vertex 19.8578 -2.5 -101.178
      vertex 30.0177 -2.5 -98.4478
    endloop
  endfacet
  facet normal 0 -1 0
    outer loop
      vertex 19.99 -2.5 -101.634
      vertex 30.0177 -2.5 -98.4478
      vertex 19.8578 -2.5 -101.178
    endloop
  endfacet
  facet normal 0 -1 -0
    outer loop
      vertex 30.0177 -2.5 -98.4478
      vertex 19.99 -2.5 -101.634
      vertex 30.1442 -2.5 -98.875
    endloop
  endfacet
  facet normal 0 -1 0
    outer loop
      vertex 20.026 -2.5 -101.758
      vertex 30.1442 -2.5 -98.875
      vertex 19.99 -2.5 -101.634
    endloop
  endfacet
  facet normal 0 -1 -0
    outer loop
      vertex 30.1442 -2.5 -98.875
      vertex 20.026 -2.5 -101.758
      vertex 30.1804 -2.5 -98.9964
    endloop
  endfacet
  facet normal 0 -1 0
    outer loop
      vertex 20.1583 -2.5 -102.214
      vertex 30.1804 -2.5 -98.9964
      vertex 20.026 -2.5 -101.758
    endloop
  endfacet
  facet normal 0 -1 -0
    outer loop
      vertex 30.1804 -2.5 -98.9964
      vertex 20.1583 -2.5 -102.214
      vertex 30.307 -2.5 -99.424
    endloop
  endfacet
  facet normal 0 -1 0
    outer loop
      vertex 20.1942 -2.5 -102.337
      vertex 30.307 -2.5 -99.424
      vertex 20.1583 -2.5 -102.214
    endloop
  endfacet
  facet normal 0 -1 -0
    outer loop
      vertex 30.307 -2.5 -99.424
      vertex 20.1942 -2.5 -102.337
      vertex 30.3431 -2.5 -99.545
    endloop
  endfacet
  facet normal 0 -1 0
    outer loop
      vertex 20.3267 -2.5 -102.794
      vertex 30.3431 -2.5 -99.545
      vertex 20.1942 -2.5 -102.337
    endloop
  endfacet
  facet normal 0 -1 -0
    outer loop
      vertex 30.3431 -2.5 -99.545
      vertex 20.3267 -2.5 -102.794
      vertex 30.4698 -2.5 -99.973
    endloop
  endfacet
  facet normal 0 -1 0
    outer loop
      vertex 20.3624 -2.5 -102.916
      vertex 30.4698 -2.5 -99.973
      vertex 20.3267 -2.5 -102.794
    endloop
  endfacet
  facet normal 0 -1 -0
    outer loop
      vertex 30.4698 -2.5 -99.973
      vertex 20.3624 -2.5 -102.916
      vertex 30.5057 -2.5 -100.094
    endloop
  endfacet
  facet normal 0 -1 0
    outer loop
      vertex 20.495 -2.5 -103.374
      vertex 30.5057 -2.5 -100.094
      vertex 20.3624 -2.5 -102.916
    endloop
  endfacet
  facet normal 0 -1 -0
    outer loop
      vertex 30.5057 -2.5 -100.094
      vertex 20.495 -2.5 -103.374
      vertex 30.6326 -2.5 -100.522
    endloop
  endfacet
  facet normal 0 -1 0
    outer loop
      vertex 20.5306 -2.5 -103.496
      vertex 30.6326 -2.5 -100.522
      vertex 20.495 -2.5 -103.374
    endloop
  endfacet
  facet normal 0 -1 -0
    outer loop
      vertex 30.6326 -2.5 -100.522
      vertex 20.5306 -2.5 -103.496
      vertex 30.6684 -2.5 -100.642
    endloop
  endfacet
  facet normal 0 -1 0
    outer loop
      vertex 20.6633 -2.5 -103.953
      vertex 30.6684 -2.5 -100.642
      vertex 20.5306 -2.5 -103.496
    endloop
  endfacet
  facet normal 0 -1 -0
    outer loop
      vertex 30.6684 -2.5 -100.642
      vertex 20.6633 -2.5 -103.953
      vertex 30.7953 -2.5 -101.071
    endloop
  endfacet
  facet normal 0 -1 0
    outer loop
      vertex 20.6989 -2.5 -104.075
      vertex 30.7953 -2.5 -101.071
      vertex 20.6633 -2.5 -103.953
    endloop
  endfacet
  facet normal 0 -1 -0
    outer loop
      vertex 30.7953 -2.5 -101.071
      vertex 20.6989 -2.5 -104.075
      vertex 30.8311 -2.5 -101.191
    endloop
  endfacet
  facet normal 0 -1 0
    outer loop
      vertex 20.8317 -2.5 -104.533
      vertex 30.8311 -2.5 -101.191
      vertex 20.6989 -2.5 -104.075
    endloop
  endfacet
  facet normal 0 -1 -0
    outer loop
      vertex 30.8311 -2.5 -101.191
      vertex 20.8317 -2.5 -104.533
      vertex 30.9581 -2.5 -101.62
    endloop
  endfacet
  facet normal 0 -1 0
    outer loop
      vertex 20.8671 -2.5 -104.654
      vertex 30.9581 -2.5 -101.62
      vertex 20.8317 -2.5 -104.533
    endloop
  endfacet
  facet normal 0 -1 -0
    outer loop
      vertex 30.9581 -2.5 -101.62
      vertex 20.8671 -2.5 -104.654
      vertex 30.9937 -2.5 -101.739
    endloop
  endfacet
  facet normal 0 -1 -0
    outer loop
      vertex 30.9937 -2.5 -101.739
      vertex 20.8671 -2.5 -104.654
      vertex 31.1209 -2.5 -102.169
    endloop
  endfacet
  facet normal 0 -1 0
    outer loop
      vertex 21 -2.5 -105.113
      vertex 31.1209 -2.5 -102.169
      vertex 20.8671 -2.5 -104.654
    endloop
  endfacet
  facet normal 0 -1 -0
    outer loop
      vertex 31.1209 -2.5 -102.169
      vertex 21 -2.5 -105.113
      vertex 31.1564 -2.5 -102.288
    endloop
  endfacet
  facet normal 0 -1 0
    outer loop
      vertex 21.0353 -2.5 -105.234
      vertex 31.1564 -2.5 -102.288
      vertex 21 -2.5 -105.113
    endloop
  endfacet
  facet normal 0 -1 -0
    outer loop
      vertex 31.1564 -2.5 -102.288
      vertex 21.0353 -2.5 -105.234
      vertex 31.2837 -2.5 -102.718
    endloop
  endfacet
  facet normal 0 -1 0
    outer loop
      vertex 21.1683 -2.5 -105.693
      vertex 31.2837 -2.5 -102.718
      vertex 21.0353 -2.5 -105.234
    endloop
  endfacet
  facet normal 0 -1 -0
    outer loop
      vertex 31.2837 -2.5 -102.718
      vertex 21.1683 -2.5 -105.693
      vertex 31.3191 -2.5 -102.837
    endloop
  endfacet
  facet normal 0 -1 0
    outer loop
      vertex 21.2035 -2.5 -105.813
      vertex 31.3191 -2.5 -102.837
      vertex 21.1683 -2.5 -105.693
    endloop
  endfacet
  facet normal 0 -1 -0
    outer loop
      vertex 31.3191 -2.5 -102.837
      vertex 21.2035 -2.5 -105.813
      vertex 31.4464 -2.5 -103.267
    endloop
  endfacet
  facet normal 0 -1 0
    outer loop
      vertex 21.3367 -2.5 -106.272
      vertex 31.4464 -2.5 -103.267
      vertex 21.2035 -2.5 -105.813
    endloop
  endfacet
  facet normal 0 -1 -0
    outer loop
      vertex 31.4464 -2.5 -103.267
      vertex 21.3367 -2.5 -106.272
      vertex 31.4817 -2.5 -103.385
    endloop
  endfacet
  facet normal 0 -1 0
    outer loop
      vertex 21.3718 -2.5 -106.393
      vertex 31.4817 -2.5 -103.385
      vertex 21.3367 -2.5 -106.272
    endloop
  endfacet
  facet normal 0 -1 -0
    outer loop
      vertex 31.4817 -2.5 -103.385
      vertex 21.3718 -2.5 -106.393
      vertex 31.6092 -2.5 -103.816
    endloop
  endfacet
  facet normal 0 -1 0
    outer loop
      vertex 21.505 -2.5 -106.852
      vertex 31.6092 -2.5 -103.816
      vertex 21.3718 -2.5 -106.393
    endloop
  endfacet
  facet normal 0 -1 -0
    outer loop
      vertex 31.6092 -2.5 -103.816
      vertex 21.505 -2.5 -106.852
      vertex 31.6444 -2.5 -103.934
    endloop
  endfacet
  facet normal 0 -1 0
    outer loop
      vertex 21.54 -2.5 -106.972
      vertex 31.6444 -2.5 -103.934
      vertex 21.505 -2.5 -106.852
    endloop
  endfacet
  facet normal 0 -1 -0
    outer loop
      vertex 31.6444 -2.5 -103.934
      vertex 21.54 -2.5 -106.972
      vertex 31.772 -2.5 -104.365
    endloop
  endfacet
  facet normal 0 -1 0
    outer loop
      vertex 21.6733 -2.5 -107.432
      vertex 31.772 -2.5 -104.365
      vertex 21.54 -2.5 -106.972
    endloop
  endfacet
  facet normal 0 -1 -0
    outer loop
      vertex 31.772 -2.5 -104.365
      vertex 21.6733 -2.5 -107.432
      vertex 31.8071 -2.5 -104.483
    endloop
  endfacet
  facet normal 0 -1 0
    outer loop
      vertex 21.7082 -2.5 -107.551
      vertex 31.8071 -2.5 -104.483
      vertex 21.6733 -2.5 -107.432
    endloop
  endfacet
  facet normal 0 -1 -0
    outer loop
      vertex 31.8071 -2.5 -104.483
      vertex 21.7082 -2.5 -107.551
      vertex 31.9348 -2.5 -104.914
    endloop
  endfacet
  facet normal 0 -1 0
    outer loop
      vertex 21.8417 -2.5 -108.012
      vertex 31.9348 -2.5 -104.914
      vertex 21.7082 -2.5 -107.551
    endloop
  endfacet
  facet normal 0 -1 -0
    outer loop
      vertex 31.9348 -2.5 -104.914
      vertex 21.8417 -2.5 -108.012
      vertex 31.9698 -2.5 -105.031
    endloop
  endfacet
  facet normal 0 -1 0
    outer loop
      vertex 21.8764 -2.5 -108.131
      vertex 31.9698 -2.5 -105.031
      vertex 21.8417 -2.5 -108.012
    endloop
  endfacet
  facet normal 0 -1 -0
    outer loop
      vertex 31.9698 -2.5 -105.031
      vertex 21.8764 -2.5 -108.131
      vertex 32.0976 -2.5 -105.463
    endloop
  endfacet
  facet normal 0 -1 0
    outer loop
      vertex 22.01 -2.5 -108.591
      vertex 32.0976 -2.5 -105.463
      vertex 21.8764 -2.5 -108.131
    endloop
  endfacet
  facet normal 0 -1 -0
    outer loop
      vertex 32.0976 -2.5 -105.463
      vertex 22.01 -2.5 -108.591
      vertex 32.1324 -2.5 -105.58
    endloop
  endfacet
  facet normal 0 -1 0
    outer loop
      vertex 22.0447 -2.5 -108.71
      vertex 32.1324 -2.5 -105.58
      vertex 22.01 -2.5 -108.591
    endloop
  endfacet
  facet normal 0 -1 -0
    outer loop
      vertex 32.1324 -2.5 -105.58
      vertex 22.0447 -2.5 -108.71
      vertex 32.2603 -2.5 -106.012
    endloop
  endfacet
  facet normal 0 -1 0
    outer loop
      vertex 22.1783 -2.5 -109.171
      vertex 32.2603 -2.5 -106.012
      vertex 22.0447 -2.5 -108.71
    endloop
  endfacet
  facet normal 0 -1 -0
    outer loop
      vertex 32.2603 -2.5 -106.012
      vertex 22.1783 -2.5 -109.171
      vertex 32.2951 -2.5 -106.129
    endloop
  endfacet
  facet normal 0 -1 0
    outer loop
      vertex 22.2129 -2.5 -109.29
      vertex 32.2951 -2.5 -106.129
      vertex 22.1783 -2.5 -109.171
    endloop
  endfacet
  facet normal 0 -1 -0
    outer loop
      vertex 32.2951 -2.5 -106.129
      vertex 22.2129 -2.5 -109.29
      vertex 32.4231 -2.5 -106.561
    endloop
  endfacet
  facet normal 0 -1 0
    outer loop
      vertex 22.3467 -2.5 -109.751
      vertex 32.4231 -2.5 -106.561
      vertex 22.2129 -2.5 -109.29
    endloop
  endfacet
  facet normal 0 -1 -0
    outer loop
      vertex 32.4231 -2.5 -106.561
      vertex 22.3467 -2.5 -109.751
      vertex 32.4578 -2.5 -106.677
    endloop
  endfacet
  facet normal 0 -1 0
    outer loop
      vertex 22.3811 -2.5 -109.869
      vertex 32.4578 -2.5 -106.677
      vertex 22.3467 -2.5 -109.751
    endloop
  endfacet
  facet normal 0 -1 -0
    outer loop
      vertex 32.4578 -2.5 -106.677
      vertex 22.3811 -2.5 -109.869
      vertex 32.5859 -2.5 -107.11
    endloop
  endfacet
  facet normal 0 -1 -0
    outer loop
      vertex 32.5859 -2.5 -107.11
      vertex 22.3811 -2.5 -109.869
      vertex 32.6205 -2.5 -107.226
    endloop
  endfacet
  facet normal 0 -1 0
    outer loop
      vertex 22.515 -2.5 -110.331
      vertex 32.6205 -2.5 -107.226
      vertex 22.3811 -2.5 -109.869
    endloop
  endfacet
  facet normal 0 -1 -0
    outer loop
      vertex 32.6205 -2.5 -107.226
      vertex 22.515 -2.5 -110.331
      vertex 32.7487 -2.5 -107.659
    endloop
  endfacet
  facet normal 0 -1 0
    outer loop
      vertex 22.5494 -2.5 -110.448
      vertex 32.7487 -2.5 -107.659
      vertex 22.515 -2.5 -110.331
    endloop
  endfacet
  facet normal 0 -1 -0
    outer loop
      vertex 32.7487 -2.5 -107.659
      vertex 22.5494 -2.5 -110.448
      vertex 32.7831 -2.5 -107.775
    endloop
  endfacet
  facet normal 0 -1 0
    outer loop
      vertex 22.6833 -2.5 -110.911
      vertex 32.7831 -2.5 -107.775
      vertex 22.5494 -2.5 -110.448
    endloop
  endfacet
  facet normal 0 -1 -0
    outer loop
      vertex 32.7831 -2.5 -107.775
      vertex 22.6833 -2.5 -110.911
      vertex 32.9115 -2.5 -108.208
    endloop
  endfacet
  facet normal 0 -1 0
    outer loop
      vertex 22.7176 -2.5 -111.028
      vertex 32.9115 -2.5 -108.208
      vertex 22.6833 -2.5 -110.911
    endloop
  endfacet
  facet normal 0 -1 -0
    outer loop
      vertex 32.9115 -2.5 -108.208
      vertex 22.7176 -2.5 -111.028
      vertex 32.9458 -2.5 -108.324
    endloop
  endfacet
  facet normal 0 -1 0
    outer loop
      vertex 22.8517 -2.5 -111.49
      vertex 32.9458 -2.5 -108.324
      vertex 22.7176 -2.5 -111.028
    endloop
  endfacet
  facet normal 0 -1 0
    outer loop
      vertex 33.1085 -2.5 -108.872
      vertex 33.179 -2.5 -109.306
      vertex 33.179 -2.5 -109.11
    endloop
  endfacet
  facet normal 0 -1 -0
    outer loop
      vertex 32.9458 -2.5 -108.324
      vertex 22.8517 -2.5 -111.49
      vertex 33.0742 -2.5 -108.757
    endloop
  endfacet
  facet normal -0 -1 0
    outer loop
      vertex 33.179 -2.5 -109.306
      vertex 33.0742 -2.5 -108.757
      vertex 22.8517 -2.5 -111.49
    endloop
  endfacet
  facet normal 0 -1 0
    outer loop
      vertex 33.0742 -2.5 -108.757
      vertex 33.179 -2.5 -109.306
      vertex 33.1085 -2.5 -108.872
    endloop
  endfacet
  facet normal 0 -1 0
    outer loop
      vertex 22.8858 -2.5 -111.607
      vertex 33.179 -2.5 -109.306
      vertex 22.8517 -2.5 -111.49
    endloop
  endfacet
  facet normal 0 -1 0
    outer loop
      vertex 23.02 -2.5 -112.07
      vertex 33.179 -2.5 -109.306
      vertex 22.8858 -2.5 -111.607
    endloop
  endfacet
  facet normal 0 -1 0
    outer loop
      vertex 23.0541 -2.5 -112.187
      vertex 33.179 -2.5 -109.306
      vertex 23.02 -2.5 -112.07
    endloop
  endfacet
  facet normal 0 -1 0
    outer loop
      vertex 23.1883 -2.5 -112.65
      vertex 33.179 -2.5 -109.306
      vertex 23.0541 -2.5 -112.187
    endloop
  endfacet
  facet normal 0 -1 0
    outer loop
      vertex 23.2223 -2.5 -112.766
      vertex 33.179 -2.5 -109.306
      vertex 23.1883 -2.5 -112.65
    endloop
  endfacet
  facet normal 0 -1 0
    outer loop
      vertex 23.3567 -2.5 -113.23
      vertex 33.179 -2.5 -109.306
      vertex 23.2223 -2.5 -112.766
    endloop
  endfacet
  facet normal 0 -1 -0
    outer loop
      vertex 33.179 -2.5 -109.306
      vertex 23.3567 -2.5 -113.23
      vertex 33.247 -2.5 -109.452
    endloop
  endfacet
  facet normal 0 -1 0
    outer loop
      vertex 23.3905 -2.5 -113.346
      vertex 33.247 -2.5 -109.452
      vertex 23.3567 -2.5 -113.23
    endloop
  endfacet
  facet normal 0 -1 -0
    outer loop
      vertex 33.247 -2.5 -109.452
      vertex 23.3905 -2.5 -113.346
      vertex 33.5029 -2.5 -110.006
    endloop
  endfacet
  facet normal 0 -1 0
    outer loop
      vertex 23.525 -2.5 -113.81
      vertex 33.5029 -2.5 -110.006
      vertex 23.3905 -2.5 -113.346
    endloop
  endfacet
  facet normal 0 -1 -0
    outer loop
      vertex 33.5029 -2.5 -110.006
      vertex 23.525 -2.5 -113.81
      vertex 33.5707 -2.5 -110.152
    endloop
  endfacet
  facet normal 0 -1 0
    outer loop
      vertex 23.5588 -2.5 -113.925
      vertex 33.5707 -2.5 -110.152
      vertex 23.525 -2.5 -113.81
    endloop
  endfacet
  facet normal 0 -1 -0
    outer loop
      vertex 33.5707 -2.5 -110.152
      vertex 23.5588 -2.5 -113.925
      vertex 33.8269 -2.5 -110.707
    endloop
  endfacet
  facet normal 0 -1 0
    outer loop
      vertex 23.6933 -2.5 -114.389
      vertex 33.8269 -2.5 -110.707
      vertex 23.5588 -2.5 -113.925
    endloop
  endfacet
  facet normal 0 -1 0
    outer loop
      vertex 23.727 -2.5 -114.505
      vertex 33.8269 -2.5 -110.707
      vertex 23.6933 -2.5 -114.389
    endloop
  endfacet
  facet normal 0 -1 -0
    outer loop
      vertex 33.8269 -2.5 -110.707
      vertex 23.727 -2.5 -114.505
      vertex 33.8944 -2.5 -110.852
    endloop
  endfacet
  facet normal 0 -1 0
    outer loop
      vertex 23.8617 -2.5 -114.969
      vertex 33.8944 -2.5 -110.852
      vertex 23.727 -2.5 -114.505
    endloop
  endfacet
  facet normal 0 -1 -0
    outer loop
      vertex 33.8944 -2.5 -110.852
      vertex 23.8617 -2.5 -114.969
      vertex 34.1508 -2.5 -111.407
    endloop
  endfacet
  facet normal 0 -1 0
    outer loop
      vertex 23.8952 -2.5 -115.084
      vertex 34.1508 -2.5 -111.407
      vertex 23.8617 -2.5 -114.969
    endloop
  endfacet
  facet normal 0 -1 0
    outer loop
      vertex 23.97 -2.5 -115.342
      vertex 34.1508 -2.5 -111.407
      vertex 23.8952 -2.5 -115.084
    endloop
  endfacet
  facet normal 0 -1 -0
    outer loop
      vertex 34.1508 -2.5 -111.407
      vertex 23.97 -2.5 -115.342
      vertex 34.2181 -2.5 -111.551
    endloop
  endfacet
  facet normal 0 -1 0
    outer loop
      vertex 24.305 -2.5 -116.288
      vertex 34.2181 -2.5 -111.551
      vertex 23.97 -2.5 -115.342
    endloop
  endfacet
  facet normal 0 -1 0
    outer loop
      vertex 24.3714 -2.5 -116.434
      vertex 34.2181 -2.5 -111.551
      vertex 24.305 -2.5 -116.288
    endloop
  endfacet
  facet normal 0 -1 -0
    outer loop
      vertex 34.2181 -2.5 -111.551
      vertex 24.3714 -2.5 -116.434
      vertex 34.4748 -2.5 -112.107
    endloop
  endfacet
  facet normal 0 -1 -0
    outer loop
      vertex 34.4748 -2.5 -112.107
      vertex 24.3714 -2.5 -116.434
      vertex 34.5419 -2.5 -112.251
    endloop
  endfacet
  facet normal 0 -1 0
    outer loop
      vertex 24.64 -2.5 -117.028
      vertex 34.5419 -2.5 -112.251
      vertex 24.3714 -2.5 -116.434
    endloop
  endfacet
  facet normal 0 -1 -0
    outer loop
      vertex 34.5419 -2.5 -112.251
      vertex 24.64 -2.5 -117.028
      vertex 34.7987 -2.5 -112.807
    endloop
  endfacet
  facet normal 0 -1 0
    outer loop
      vertex 24.7061 -2.5 -117.173
      vertex 34.7987 -2.5 -112.807
      vertex 24.64 -2.5 -117.028
    endloop
  endfacet
  facet normal 0 -1 -0
    outer loop
      vertex 34.7987 -2.5 -112.807
      vertex 24.7061 -2.5 -117.173
      vertex 34.8656 -2.5 -112.951
    endloop
  endfacet
  facet normal 0 -1 0
    outer loop
      vertex 24.975 -2.5 -117.767
      vertex 34.8656 -2.5 -112.951
      vertex 24.7061 -2.5 -117.173
    endloop
  endfacet
  facet normal 0 -1 -0
    outer loop
      vertex 34.8656 -2.5 -112.951
      vertex 24.975 -2.5 -117.767
      vertex 35.1227 -2.5 -113.507
    endloop
  endfacet
  facet normal 0 -1 0
    outer loop
      vertex 24.0366 -2.5 -115.695
      vertex 23.97 -2.5 -115.342
      vertex 23.97 -2.5 -115.549
    endloop
  endfacet
  facet normal 0 -1 0
    outer loop
      vertex 24.305 -2.5 -116.288
      vertex 23.97 -2.5 -115.342
      vertex 24.0366 -2.5 -115.695
    endloop
  endfacet
  facet normal 0 -1 0
    outer loop
      vertex 25.0409 -2.5 -117.912
      vertex 35.1227 -2.5 -113.507
      vertex 24.975 -2.5 -117.767
    endloop
  endfacet
  facet normal 0 -1 -0
    outer loop
      vertex 35.1227 -2.5 -113.507
      vertex 25.0409 -2.5 -117.912
      vertex 35.1893 -2.5 -113.65
    endloop
  endfacet
  facet normal 0 -1 0
    outer loop
      vertex 25.31 -2.5 -118.507
      vertex 35.1893 -2.5 -113.65
      vertex 25.0409 -2.5 -117.912
    endloop
  endfacet
  facet normal 0 -1 -0
    outer loop
      vertex 35.1893 -2.5 -113.65
      vertex 25.31 -2.5 -118.507
      vertex 35.4466 -2.5 -114.207
    endloop
  endfacet
  facet normal 0 -1 0
    outer loop
      vertex 25.3757 -2.5 -118.651
      vertex 35.4466 -2.5 -114.207
      vertex 25.31 -2.5 -118.507
    endloop
  endfacet
  facet normal 0 -1 -0
    outer loop
      vertex 35.4466 -2.5 -114.207
      vertex 25.3757 -2.5 -118.651
      vertex 35.5131 -2.5 -114.35
    endloop
  endfacet
  facet normal 0 -1 0
    outer loop
      vertex 25.645 -2.5 -119.246
      vertex 35.5131 -2.5 -114.35
      vertex 25.3757 -2.5 -118.651
    endloop
  endfacet
  facet normal 0 -1 -0
    outer loop
      vertex 35.5131 -2.5 -114.35
      vertex 25.645 -2.5 -119.246
      vertex 35.7705 -2.5 -114.908
    endloop
  endfacet
  facet normal 0 -1 0
    outer loop
      vertex 25.7105 -2.5 -119.39
      vertex 35.7705 -2.5 -114.908
      vertex 25.645 -2.5 -119.246
    endloop
  endfacet
  facet normal 0 -1 -0
    outer loop
      vertex 35.7705 -2.5 -114.908
      vertex 25.7105 -2.5 -119.39
      vertex 35.8368 -2.5 -115.05
    endloop
  endfacet
  facet normal 0 -1 0
    outer loop
      vertex 25.98 -2.5 -119.985
      vertex 35.8368 -2.5 -115.05
      vertex 25.7105 -2.5 -119.39
    endloop
  endfacet
  facet normal 0 -1 -0
    outer loop
      vertex 35.8368 -2.5 -115.05
      vertex 25.98 -2.5 -119.985
      vertex 36.0945 -2.5 -115.608
    endloop
  endfacet
  facet normal 0 -1 0
    outer loop
      vertex 26.0453 -2.5 -120.129
      vertex 36.0945 -2.5 -115.608
      vertex 25.98 -2.5 -119.985
    endloop
  endfacet
  facet normal 0 -1 -0
    outer loop
      vertex 36.0945 -2.5 -115.608
      vertex 26.0453 -2.5 -120.129
      vertex 36.1605 -2.5 -115.75
    endloop
  endfacet
  facet normal 0 -1 0
    outer loop
      vertex 26.315 -2.5 -120.725
      vertex 36.1605 -2.5 -115.75
      vertex 26.0453 -2.5 -120.129
    endloop
  endfacet
  facet normal 0 -1 -0
    outer loop
      vertex 36.1605 -2.5 -115.75
      vertex 26.315 -2.5 -120.725
      vertex 36.4184 -2.5 -116.308
    endloop
  endfacet
  facet normal 0 -1 0
    outer loop
      vertex 26.3801 -2.5 -120.868
      vertex 36.4184 -2.5 -116.308
      vertex 26.315 -2.5 -120.725
    endloop
  endfacet
  facet normal 0 -1 -0
    outer loop
      vertex 36.4184 -2.5 -116.308
      vertex 26.3801 -2.5 -120.868
      vertex 36.4843 -2.5 -116.449
    endloop
  endfacet
  facet normal 0 -1 0
    outer loop
      vertex 26.65 -2.5 -121.464
      vertex 36.4843 -2.5 -116.449
      vertex 26.3801 -2.5 -120.868
    endloop
  endfacet
  facet normal 0 -1 -0
    outer loop
      vertex 36.4843 -2.5 -116.449
      vertex 26.65 -2.5 -121.464
      vertex 36.7424 -2.5 -117.008
    endloop
  endfacet
  facet normal 0 -1 0
    outer loop
      vertex 26.7149 -2.5 -121.607
      vertex 36.7424 -2.5 -117.008
      vertex 26.65 -2.5 -121.464
    endloop
  endfacet
  facet normal 0 -1 -0
    outer loop
      vertex 36.7424 -2.5 -117.008
      vertex 26.7149 -2.5 -121.607
      vertex 36.808 -2.5 -117.149
    endloop
  endfacet
  facet normal 0 -1 0
    outer loop
      vertex 26.985 -2.5 -122.204
      vertex 36.808 -2.5 -117.149
      vertex 26.7149 -2.5 -121.607
    endloop
  endfacet
  facet normal 0 -1 -0
    outer loop
      vertex 36.808 -2.5 -117.149
      vertex 26.985 -2.5 -122.204
      vertex 37.0663 -2.5 -117.708
    endloop
  endfacet
  facet normal 0 -1 0
    outer loop
      vertex 27.0497 -2.5 -122.346
      vertex 37.0663 -2.5 -117.708
      vertex 26.985 -2.5 -122.204
    endloop
  endfacet
  facet normal 0 -1 -0
    outer loop
      vertex 37.0663 -2.5 -117.708
      vertex 27.0497 -2.5 -122.346
      vertex 37.1317 -2.5 -117.849
    endloop
  endfacet
  facet normal 0 -1 0
    outer loop
      vertex 27.32 -2.5 -122.943
      vertex 37.1317 -2.5 -117.849
      vertex 27.0497 -2.5 -122.346
    endloop
  endfacet
  facet normal 0 -1 -0
    outer loop
      vertex 37.1317 -2.5 -117.849
      vertex 27.32 -2.5 -122.943
      vertex 37.3903 -2.5 -118.409
    endloop
  endfacet
  facet normal 0 -1 0
    outer loop
      vertex 27.3845 -2.5 -123.085
      vertex 37.3903 -2.5 -118.409
      vertex 27.32 -2.5 -122.943
    endloop
  endfacet
  facet normal 0 -1 -0
    outer loop
      vertex 37.3903 -2.5 -118.409
      vertex 27.3845 -2.5 -123.085
      vertex 37.4555 -2.5 -118.549
    endloop
  endfacet
  facet normal 0 -1 -0
    outer loop
      vertex 37.4555 -2.5 -118.549
      vertex 27.3845 -2.5 -123.085
      vertex 37.7142 -2.5 -119.109
    endloop
  endfacet
  facet normal 0 -1 0
    outer loop
      vertex 27.655 -2.5 -123.683
      vertex 37.7142 -2.5 -119.109
      vertex 27.3845 -2.5 -123.085
    endloop
  endfacet
  facet normal 0 -1 -0
    outer loop
      vertex 37.7142 -2.5 -119.109
      vertex 27.655 -2.5 -123.683
      vertex 37.7792 -2.5 -119.249
    endloop
  endfacet
  facet normal 0 -1 0
    outer loop
      vertex 27.7193 -2.5 -123.824
      vertex 37.7792 -2.5 -119.249
      vertex 27.655 -2.5 -123.683
    endloop
  endfacet
  facet normal 0 -1 -0
    outer loop
      vertex 37.7792 -2.5 -119.249
      vertex 27.7193 -2.5 -123.824
      vertex 38.0382 -2.5 -119.809
    endloop
  endfacet
  facet normal 0 -1 0
    outer loop
      vertex 27.99 -2.5 -124.422
      vertex 38.0382 -2.5 -119.809
      vertex 27.7193 -2.5 -123.824
    endloop
  endfacet
  facet normal 0 -1 -0
    outer loop
      vertex 38.0382 -2.5 -119.809
      vertex 27.99 -2.5 -124.422
      vertex 38.103 -2.5 -119.948
    endloop
  endfacet
  facet normal 0 -1 0
    outer loop
      vertex 28.0541 -2.5 -124.563
      vertex 38.103 -2.5 -119.948
      vertex 27.99 -2.5 -124.422
    endloop
  endfacet
  facet normal 0 -1 -0
    outer loop
      vertex 38.103 -2.5 -119.948
      vertex 28.0541 -2.5 -124.563
      vertex 38.3621 -2.5 -120.509
    endloop
  endfacet
  facet normal 0 -1 0
    outer loop
      vertex 28.325 -2.5 -125.161
      vertex 38.3621 -2.5 -120.509
      vertex 28.0541 -2.5 -124.563
    endloop
  endfacet
  facet normal 0 -1 -0
    outer loop
      vertex 38.3621 -2.5 -120.509
      vertex 28.325 -2.5 -125.161
      vertex 38.4267 -2.5 -120.648
    endloop
  endfacet
  facet normal 0 -1 0
    outer loop
      vertex 28.3889 -2.5 -125.302
      vertex 38.4267 -2.5 -120.648
      vertex 28.325 -2.5 -125.161
    endloop
  endfacet
  facet normal 0 -1 -0
    outer loop
      vertex 38.4267 -2.5 -120.648
      vertex 28.3889 -2.5 -125.302
      vertex 38.6861 -2.5 -121.209
    endloop
  endfacet
  facet normal 0 -1 0
    outer loop
      vertex 28.66 -2.5 -125.901
      vertex 38.6861 -2.5 -121.209
      vertex 28.3889 -2.5 -125.302
    endloop
  endfacet
  facet normal 0 -1 -0
    outer loop
      vertex 38.6861 -2.5 -121.209
      vertex 28.66 -2.5 -125.901
      vertex 38.7505 -2.5 -121.348
    endloop
  endfacet
  facet normal 0 -1 0
    outer loop
      vertex 28.7237 -2.5 -126.041
      vertex 38.7505 -2.5 -121.348
      vertex 28.66 -2.5 -125.901
    endloop
  endfacet
  facet normal 0 -1 -0
    outer loop
      vertex 38.7505 -2.5 -121.348
      vertex 28.7237 -2.5 -126.041
      vertex 39.01 -2.5 -121.91
    endloop
  endfacet
  facet normal 0 -1 0
    outer loop
      vertex 28.995 -2.5 -126.64
      vertex 39.01 -2.5 -121.91
      vertex 28.7237 -2.5 -126.041
    endloop
  endfacet
  facet normal 0 -1 -0
    outer loop
      vertex 39.01 -2.5 -121.91
      vertex 28.995 -2.5 -126.64
      vertex 39.0742 -2.5 -122.048
    endloop
  endfacet
  facet normal 0 -1 0
    outer loop
      vertex 29.0585 -2.5 -126.78
      vertex 39.0742 -2.5 -122.048
      vertex 28.995 -2.5 -126.64
    endloop
  endfacet
  facet normal 0 -1 -0
    outer loop
      vertex 39.0742 -2.5 -122.048
      vertex 29.0585 -2.5 -126.78
      vertex 39.3339 -2.5 -122.61
    endloop
  endfacet
  facet normal 0 -1 0
    outer loop
      vertex 29.33 -2.5 -127.38
      vertex 39.3339 -2.5 -122.61
      vertex 29.0585 -2.5 -126.78
    endloop
  endfacet
  facet normal 0 -1 -0
    outer loop
      vertex 39.3339 -2.5 -122.61
      vertex 29.33 -2.5 -127.38
      vertex 39.3979 -2.5 -122.748
    endloop
  endfacet
  facet normal 0 -1 0
    outer loop
      vertex 29.3933 -2.5 -127.519
      vertex 39.3979 -2.5 -122.748
      vertex 29.33 -2.5 -127.38
    endloop
  endfacet
  facet normal 0 -1 -0
    outer loop
      vertex 39.3979 -2.5 -122.748
      vertex 29.3933 -2.5 -127.519
      vertex 39.6579 -2.5 -123.31
    endloop
  endfacet
  facet normal 0 -1 0
    outer loop
      vertex 29.665 -2.5 -128.119
      vertex 39.6579 -2.5 -123.31
      vertex 29.3933 -2.5 -127.519
    endloop
  endfacet
  facet normal 0 -1 -0
    outer loop
      vertex 39.6579 -2.5 -123.31
      vertex 29.665 -2.5 -128.119
      vertex 39.7217 -2.5 -123.447
    endloop
  endfacet
  facet normal 0 -1 0
    outer loop
      vertex 29.7281 -2.5 -128.258
      vertex 39.7217 -2.5 -123.447
      vertex 29.665 -2.5 -128.119
    endloop
  endfacet
  facet normal 0 -1 -0
    outer loop
      vertex 39.7217 -2.5 -123.447
      vertex 29.7281 -2.5 -128.258
      vertex 39.9818 -2.5 -124.011
    endloop
  endfacet
  facet normal 0 -1 0
    outer loop
      vertex 30 -2.5 -128.859
      vertex 39.9818 -2.5 -124.011
      vertex 29.7281 -2.5 -128.258
    endloop
  endfacet
  facet normal 0 -1 -0
    outer loop
      vertex 39.9818 -2.5 -124.011
      vertex 30 -2.5 -128.859
      vertex 40.0454 -2.5 -124.147
    endloop
  endfacet
  facet normal 0 -1 0
    outer loop
      vertex 30.0629 -2.5 -128.997
      vertex 40.0454 -2.5 -124.147
      vertex 30 -2.5 -128.859
    endloop
  endfacet
  facet normal 0 -1 -0
    outer loop
      vertex 40.0454 -2.5 -124.147
      vertex 30.0629 -2.5 -128.997
      vertex 40.3058 -2.5 -124.711
    endloop
  endfacet
  facet normal 0 -1 0
    outer loop
      vertex 30.335 -2.5 -129.598
      vertex 40.3058 -2.5 -124.711
      vertex 30.0629 -2.5 -128.997
    endloop
  endfacet
  facet normal 0 -1 -0
    outer loop
      vertex 40.3058 -2.5 -124.711
      vertex 30.335 -2.5 -129.598
      vertex 40.3692 -2.5 -124.847
    endloop
  endfacet
  facet normal 0 -1 0
    outer loop
      vertex 30.3977 -2.5 -129.736
      vertex 40.3692 -2.5 -124.847
      vertex 30.335 -2.5 -129.598
    endloop
  endfacet
  facet normal 0 -1 -0
    outer loop
      vertex 40.3692 -2.5 -124.847
      vertex 30.3977 -2.5 -129.736
      vertex 40.6297 -2.5 -125.411
    endloop
  endfacet
  facet normal 0 -1 0
    outer loop
      vertex 30.67 -2.5 -130.338
      vertex 40.6297 -2.5 -125.411
      vertex 30.3977 -2.5 -129.736
    endloop
  endfacet
  facet normal 0 -1 -0
    outer loop
      vertex 40.6297 -2.5 -125.411
      vertex 30.67 -2.5 -130.338
      vertex 40.693 -2.5 -125.547
    endloop
  endfacet
  facet normal 0 -1 0
    outer loop
      vertex 30.7325 -2.5 -130.475
      vertex 40.693 -2.5 -125.547
      vertex 30.67 -2.5 -130.338
    endloop
  endfacet
  facet normal 0 -1 -0
    outer loop
      vertex 40.693 -2.5 -125.547
      vertex 30.7325 -2.5 -130.475
      vertex 40.9537 -2.5 -126.111
    endloop
  endfacet
  facet normal 0 -1 -0
    outer loop
      vertex 40.9537 -2.5 -126.111
      vertex 30.7325 -2.5 -130.475
      vertex 41.0167 -2.5 -126.247
    endloop
  endfacet
  facet normal 0 -1 0
    outer loop
      vertex 31.005 -2.5 -131.077
      vertex 41.0167 -2.5 -126.247
      vertex 30.7325 -2.5 -130.475
    endloop
  endfacet
  facet normal 0 -1 -0
    outer loop
      vertex 41.0167 -2.5 -126.247
      vertex 31.005 -2.5 -131.077
      vertex 41.2776 -2.5 -126.812
    endloop
  endfacet
  facet normal 0 -1 0
    outer loop
      vertex 31.0673 -2.5 -131.214
      vertex 41.2776 -2.5 -126.812
      vertex 31.005 -2.5 -131.077
    endloop
  endfacet
  facet normal 0 -1 -0
    outer loop
      vertex 41.2776 -2.5 -126.812
      vertex 31.0673 -2.5 -131.214
      vertex 41.3405 -2.5 -126.947
    endloop
  endfacet
  facet normal 0 -1 0
    outer loop
      vertex 31.34 -2.5 -131.817
      vertex 41.3405 -2.5 -126.947
      vertex 31.0673 -2.5 -131.214
    endloop
  endfacet
  facet normal 0 -1 -0
    outer loop
      vertex 41.3405 -2.5 -126.947
      vertex 31.34 -2.5 -131.817
      vertex 41.6016 -2.5 -127.512
    endloop
  endfacet
  facet normal 0 -1 0
    outer loop
      vertex 31.4021 -2.5 -131.953
      vertex 41.6016 -2.5 -127.512
      vertex 31.34 -2.5 -131.817
    endloop
  endfacet
  facet normal 0 -1 -0
    outer loop
      vertex 41.6016 -2.5 -127.512
      vertex 31.4021 -2.5 -131.953
      vertex 41.6642 -2.5 -127.647
    endloop
  endfacet
  facet normal 0 -1 0
    outer loop
      vertex 31.675 -2.5 -132.556
      vertex 41.6642 -2.5 -127.647
      vertex 31.4021 -2.5 -131.953
    endloop
  endfacet
  facet normal 0 -1 -0
    outer loop
      vertex 41.6642 -2.5 -127.647
      vertex 31.675 -2.5 -132.556
      vertex 41.9255 -2.5 -128.212
    endloop
  endfacet
  facet normal 0 -1 0
    outer loop
      vertex 31.7369 -2.5 -132.692
      vertex 41.9255 -2.5 -128.212
      vertex 31.675 -2.5 -132.556
    endloop
  endfacet
  facet normal 0 -1 -0
    outer loop
      vertex 41.9255 -2.5 -128.212
      vertex 31.7369 -2.5 -132.692
      vertex 41.988 -2.5 -128.347
    endloop
  endfacet
  facet normal 0 -1 0
    outer loop
      vertex 32.01 -2.5 -133.296
      vertex 41.988 -2.5 -128.347
      vertex 31.7369 -2.5 -132.692
    endloop
  endfacet
  facet normal 0 -1 -0
    outer loop
      vertex 41.988 -2.5 -128.347
      vertex 32.01 -2.5 -133.296
      vertex 42.2494 -2.5 -128.913
    endloop
  endfacet
  facet normal 0 -1 0
    outer loop
      vertex 32.0717 -2.5 -133.431
      vertex 42.2494 -2.5 -128.913
      vertex 32.01 -2.5 -133.296
    endloop
  endfacet
  facet normal 0 -1 -0
    outer loop
      vertex 42.2494 -2.5 -128.913
      vertex 32.0717 -2.5 -133.431
      vertex 42.3117 -2.5 -129.046
    endloop
  endfacet
  facet normal 0 -1 0
    outer loop
      vertex 32.345 -2.5 -134.035
      vertex 42.3117 -2.5 -129.046
      vertex 32.0717 -2.5 -133.431
    endloop
  endfacet
  facet normal 0 -1 -0
    outer loop
      vertex 42.3117 -2.5 -129.046
      vertex 32.345 -2.5 -134.035
      vertex 42.5734 -2.5 -129.613
    endloop
  endfacet
  facet normal 0 -1 0
    outer loop
      vertex 32.4065 -2.5 -134.171
      vertex 42.5734 -2.5 -129.613
      vertex 32.345 -2.5 -134.035
    endloop
  endfacet
  facet normal 0 -1 -0
    outer loop
      vertex 42.5734 -2.5 -129.613
      vertex 32.4065 -2.5 -134.171
      vertex 42.6355 -2.5 -129.746
    endloop
  endfacet
  facet normal 0 -1 0
    outer loop
      vertex 32.68 -2.5 -134.775
      vertex 42.6355 -2.5 -129.746
      vertex 32.4065 -2.5 -134.171
    endloop
  endfacet
  facet normal 0 -1 -0
    outer loop
      vertex 42.6355 -2.5 -129.746
      vertex 32.68 -2.5 -134.775
      vertex 42.8973 -2.5 -130.313
    endloop
  endfacet
  facet normal 0 -1 0
    outer loop
      vertex 32.7414 -2.5 -134.91
      vertex 42.8973 -2.5 -130.313
      vertex 32.68 -2.5 -134.775
    endloop
  endfacet
  facet normal 0 -1 -0
    outer loop
      vertex 42.8973 -2.5 -130.313
      vertex 32.7414 -2.5 -134.91
      vertex 42.9593 -2.5 -130.446
    endloop
  endfacet
  facet normal 0 -1 0
    outer loop
      vertex 33.015 -2.5 -135.515
      vertex 42.9593 -2.5 -130.446
      vertex 32.7414 -2.5 -134.91
    endloop
  endfacet
  facet normal 0 -1 -0
    outer loop
      vertex 42.9593 -2.5 -130.446
      vertex 33.015 -2.5 -135.515
      vertex 43.2213 -2.5 -131.014
    endloop
  endfacet
  facet normal 0 -1 0
    outer loop
      vertex 33.0762 -2.5 -135.649
      vertex 43.2213 -2.5 -131.014
      vertex 33.015 -2.5 -135.515
    endloop
  endfacet
  facet normal 0 -1 -0
    outer loop
      vertex 43.2213 -2.5 -131.014
      vertex 33.0762 -2.5 -135.649
      vertex 43.283 -2.5 -131.146
    endloop
  endfacet
  facet normal 0 -1 0
    outer loop
      vertex 33.35 -2.5 -136.254
      vertex 43.283 -2.5 -131.146
      vertex 33.0762 -2.5 -135.649
    endloop
  endfacet
  facet normal 0 -1 -0
    outer loop
      vertex 43.283 -2.5 -131.146
      vertex 33.35 -2.5 -136.254
      vertex 43.5452 -2.5 -131.714
    endloop
  endfacet
  facet normal 0 -1 0
    outer loop
      vertex 33.411 -2.5 -136.388
      vertex 43.5452 -2.5 -131.714
      vertex 33.35 -2.5 -136.254
    endloop
  endfacet
  facet normal 0 -1 -0
    outer loop
      vertex 43.5452 -2.5 -131.714
      vertex 33.411 -2.5 -136.388
      vertex 43.6068 -2.5 -131.846
    endloop
  endfacet
  facet normal 0 -1 0
    outer loop
      vertex 33.685 -2.5 -136.994
      vertex 43.6068 -2.5 -131.846
      vertex 33.411 -2.5 -136.388
    endloop
  endfacet
  facet normal 0 -1 -0
    outer loop
      vertex 43.6068 -2.5 -131.846
      vertex 33.685 -2.5 -136.994
      vertex 43.8692 -2.5 -132.414
    endloop
  endfacet
  facet normal 0 -1 0
    outer loop
      vertex 33.7458 -2.5 -137.127
      vertex 43.8692 -2.5 -132.414
      vertex 33.685 -2.5 -136.994
    endloop
  endfacet
  facet normal 0 -1 -0
    outer loop
      vertex 43.8692 -2.5 -132.414
      vertex 33.7458 -2.5 -137.127
      vertex 43.9305 -2.5 -132.546
    endloop
  endfacet
  facet normal 0 -1 -0
    outer loop
      vertex 43.9305 -2.5 -132.546
      vertex 33.7458 -2.5 -137.127
      vertex 44.1931 -2.5 -133.115
    endloop
  endfacet
  facet normal 0 -1 0
    outer loop
      vertex 34.02 -2.5 -137.733
      vertex 44.1931 -2.5 -133.115
      vertex 33.7458 -2.5 -137.127
    endloop
  endfacet
  facet normal 0 -1 0
    outer loop
      vertex 34.0806 -2.5 -137.866
      vertex 44.1931 -2.5 -133.115
      vertex 34.02 -2.5 -137.733
    endloop
  endfacet
  facet normal 0 -1 -0
    outer loop
      vertex 44.1931 -2.5 -133.115
      vertex 34.0806 -2.5 -137.866
      vertex 44.2543 -2.5 -133.246
    endloop
  endfacet
  facet normal 0 -1 0
    outer loop
      vertex 44.5781 -2.5 -133.946
      vertex 44.783 -2.5 -134.461
      vertex 44.783 -2.5 -134.39
    endloop
  endfacet
  facet normal 0 -1 -0
    outer loop
      vertex 44.2543 -2.5 -133.246
      vertex 34.0806 -2.5 -137.866
      vertex 44.5171 -2.5 -133.815
    endloop
  endfacet
  facet normal 0 -1 0
    outer loop
      vertex 34.355 -2.5 -138.473
      vertex 44.5171 -2.5 -133.815
      vertex 34.0806 -2.5 -137.866
    endloop
  endfacet
  facet normal 0 -1 -0
    outer loop
      vertex 44.5171 -2.5 -133.815
      vertex 34.355 -2.5 -138.473
      vertex 44.5781 -2.5 -133.946
    endloop
  endfacet
  facet normal 0 -1 -0
    outer loop
      vertex 44.5781 -2.5 -133.946
      vertex 34.355 -2.5 -138.473
      vertex 44.783 -2.5 -134.461
    endloop
  endfacet
  facet normal 0 -1 0
    outer loop
      vertex 34.4155 -2.5 -138.606
      vertex 44.783 -2.5 -134.461
      vertex 34.355 -2.5 -138.473
    endloop
  endfacet
  facet normal 0 -1 0
    outer loop
      vertex 34.69 -2.5 -139.212
      vertex 44.783 -2.5 -134.461
      vertex 34.4155 -2.5 -138.606
    endloop
  endfacet
  facet normal 0 -1 0
    outer loop
      vertex 34.7503 -2.5 -139.345
      vertex 44.783 -2.5 -134.461
      vertex 34.69 -2.5 -139.212
    endloop
  endfacet
  facet normal 0 -1 0
    outer loop
      vertex 35.025 -2.5 -139.952
      vertex 44.783 -2.5 -134.461
      vertex 34.7503 -2.5 -139.345
    endloop
  endfacet
  facet normal 0 -1 -0
    outer loop
      vertex 44.783 -2.5 -134.461
      vertex 35.025 -2.5 -139.952
      vertex 44.8742 -2.5 -134.601
    endloop
  endfacet
  facet normal 0 -1 0
    outer loop
      vertex 35.0851 -2.5 -140.084
      vertex 44.8742 -2.5 -134.601
      vertex 35.025 -2.5 -139.952
    endloop
  endfacet
  facet normal 0 -1 -0
    outer loop
      vertex 44.8742 -2.5 -134.601
      vertex 35.0851 -2.5 -140.084
      vertex 45.2681 -2.5 -135.21
    endloop
  endfacet
  facet normal 0 -1 0
    outer loop
      vertex 35.36 -2.5 -140.692
      vertex 45.2681 -2.5 -135.21
      vertex 35.0851 -2.5 -140.084
    endloop
  endfacet
  facet normal 0 -1 -0
    outer loop
      vertex 45.2681 -2.5 -135.21
      vertex 35.36 -2.5 -140.692
      vertex 45.3592 -2.5 -135.349
    endloop
  endfacet
  facet normal 0 -1 0
    outer loop
      vertex 35.4199 -2.5 -140.823
      vertex 45.3592 -2.5 -135.349
      vertex 35.36 -2.5 -140.692
    endloop
  endfacet
  facet normal 0 -1 -0
    outer loop
      vertex 45.3592 -2.5 -135.349
      vertex 35.4199 -2.5 -140.823
      vertex 45.7532 -2.5 -135.958
    endloop
  endfacet
  facet normal 0 -1 0
    outer loop
      vertex 35.695 -2.5 -141.431
      vertex 45.7532 -2.5 -135.958
      vertex 35.4199 -2.5 -140.823
    endloop
  endfacet
  facet normal 0 -1 0
    outer loop
      vertex 35.7547 -2.5 -141.562
      vertex 45.7532 -2.5 -135.958
      vertex 35.695 -2.5 -141.431
    endloop
  endfacet
  facet normal 0 -1 -0
    outer loop
      vertex 45.7532 -2.5 -135.958
      vertex 35.7547 -2.5 -141.562
      vertex 45.8441 -2.5 -136.097
    endloop
  endfacet
  facet normal 0 -1 0
    outer loop
      vertex 35.97 -2.5 -142.038
      vertex 45.8441 -2.5 -136.097
      vertex 35.7547 -2.5 -141.562
    endloop
  endfacet
  facet normal 0 -1 -0
    outer loop
      vertex 45.8441 -2.5 -136.097
      vertex 35.97 -2.5 -142.038
      vertex 46.2383 -2.5 -136.706
    endloop
  endfacet
  facet normal 0 -1 0
    outer loop
      vertex 36.4717 -2.5 -142.904
      vertex 46.2383 -2.5 -136.706
      vertex 35.97 -2.5 -142.038
    endloop
  endfacet
  facet normal 0 -1 0
    outer loop
      vertex 36.5608 -2.5 -143.043
      vertex 46.2383 -2.5 -136.706
      vertex 36.4717 -2.5 -142.904
    endloop
  endfacet
  facet normal 0 -1 -0
    outer loop
      vertex 46.2383 -2.5 -136.706
      vertex 36.5608 -2.5 -143.043
      vertex 46.3291 -2.5 -136.845
    endloop
  endfacet
  facet normal 0 -1 -0
    outer loop
      vertex 46.3291 -2.5 -136.845
      vertex 36.5608 -2.5 -143.043
      vertex 46.7234 -2.5 -137.454
    endloop
  endfacet
  facet normal 0 -1 0
    outer loop
      vertex 36.9733 -2.5 -143.694
      vertex 46.7234 -2.5 -137.454
      vertex 36.5608 -2.5 -143.043
    endloop
  endfacet
  facet normal 0 -1 0
    outer loop
      vertex 37.0624 -2.5 -143.833
      vertex 46.7234 -2.5 -137.454
      vertex 36.9733 -2.5 -143.694
    endloop
  endfacet
  facet normal 0 -1 -0
    outer loop
      vertex 46.7234 -2.5 -137.454
      vertex 37.0624 -2.5 -143.833
      vertex 46.814 -2.5 -137.593
    endloop
  endfacet
  facet normal 0 -1 -0
    outer loop
      vertex 46.814 -2.5 -137.593
      vertex 37.0624 -2.5 -143.833
      vertex 47.2085 -2.5 -138.202
    endloop
  endfacet
  facet normal 0 -1 0
    outer loop
      vertex 37.475 -2.5 -144.484
      vertex 47.2085 -2.5 -138.202
      vertex 37.0624 -2.5 -143.833
    endloop
  endfacet
  facet normal 0 -1 -0
    outer loop
      vertex 47.2085 -2.5 -138.202
      vertex 37.475 -2.5 -144.484
      vertex 47.299 -2.5 -138.341
    endloop
  endfacet
  facet normal 0 -1 0
    outer loop
      vertex 37.5639 -2.5 -144.623
      vertex 47.299 -2.5 -138.341
      vertex 37.475 -2.5 -144.484
    endloop
  endfacet
  facet normal 0 -1 -0
    outer loop
      vertex 47.299 -2.5 -138.341
      vertex 37.5639 -2.5 -144.623
      vertex 47.6937 -2.5 -138.951
    endloop
  endfacet
  facet normal 0 -1 0
    outer loop
      vertex 37.9767 -2.5 -145.275
      vertex 47.6937 -2.5 -138.951
      vertex 37.5639 -2.5 -144.623
    endloop
  endfacet
  facet normal 0 -1 -0
    outer loop
      vertex 47.6937 -2.5 -138.951
      vertex 37.9767 -2.5 -145.275
      vertex 47.784 -2.5 -139.089
    endloop
  endfacet
  facet normal 0 -1 0
    outer loop
      vertex 38.0654 -2.5 -145.413
      vertex 47.784 -2.5 -139.089
      vertex 37.9767 -2.5 -145.275
    endloop
  endfacet
  facet normal 0 -1 0
    outer loop
      vertex 36.0593 -2.5 -142.253
      vertex 35.97 -2.5 -142.038
      vertex 35.97 -2.5 -142.114
    endloop
  endfacet
  facet normal 0 -1 0
    outer loop
      vertex 36.4717 -2.5 -142.904
      vertex 35.97 -2.5 -142.038
      vertex 36.0593 -2.5 -142.253
    endloop
  endfacet
  facet normal 0 -1 -0
    outer loop
      vertex 47.784 -2.5 -139.089
      vertex 38.0654 -2.5 -145.413
      vertex 48.1788 -2.5 -139.699
    endloop
  endfacet
  facet normal 0 -1 0
    outer loop
      vertex 38.4783 -2.5 -146.065
      vertex 48.1788 -2.5 -139.699
      vertex 38.0654 -2.5 -145.413
    endloop
  endfacet
  facet normal 0 -1 -0
    outer loop
      vertex 48.1788 -2.5 -139.699
      vertex 38.4783 -2.5 -146.065
      vertex 48.2689 -2.5 -139.837
    endloop
  endfacet
  facet normal 0 -1 0
    outer loop
      vertex 38.5669 -2.5 -146.203
      vertex 48.2689 -2.5 -139.837
      vertex 38.4783 -2.5 -146.065
    endloop
  endfacet
  facet normal 0 -1 -0
    outer loop
      vertex 48.2689 -2.5 -139.837
      vertex 38.5669 -2.5 -146.203
      vertex 48.6639 -2.5 -140.447
    endloop
  endfacet
  facet normal 0 -1 0
    outer loop
      vertex 38.98 -2.5 -146.855
      vertex 48.6639 -2.5 -140.447
      vertex 38.5669 -2.5 -146.203
    endloop
  endfacet
  facet normal 0 -1 -0
    outer loop
      vertex 48.6639 -2.5 -140.447
      vertex 38.98 -2.5 -146.855
      vertex 48.7539 -2.5 -140.585
    endloop
  endfacet
  facet normal 0 -1 0
    outer loop
      vertex 39.0685 -2.5 -146.993
      vertex 48.7539 -2.5 -140.585
      vertex 38.98 -2.5 -146.855
    endloop
  endfacet
  facet normal 0 -1 -0
    outer loop
      vertex 48.7539 -2.5 -140.585
      vertex 39.0685 -2.5 -146.993
      vertex 49.149 -2.5 -141.195
    endloop
  endfacet
  facet normal 0 -1 0
    outer loop
      vertex 39.4817 -2.5 -147.645
      vertex 49.149 -2.5 -141.195
      vertex 39.0685 -2.5 -146.993
    endloop
  endfacet
  facet normal 0 -1 -0
    outer loop
      vertex 49.149 -2.5 -141.195
      vertex 39.4817 -2.5 -147.645
      vertex 49.2389 -2.5 -141.333
    endloop
  endfacet
  facet normal 0 -1 0
    outer loop
      vertex 39.57 -2.5 -147.783
      vertex 49.2389 -2.5 -141.333
      vertex 39.4817 -2.5 -147.645
    endloop
  endfacet
  facet normal 0 -1 -0
    outer loop
      vertex 49.2389 -2.5 -141.333
      vertex 39.57 -2.5 -147.783
      vertex 49.6341 -2.5 -141.944
    endloop
  endfacet
  facet normal 0 -1 0
    outer loop
      vertex 39.9833 -2.5 -148.435
      vertex 49.6341 -2.5 -141.944
      vertex 39.57 -2.5 -147.783
    endloop
  endfacet
  facet normal 0 -1 -0
    outer loop
      vertex 49.6341 -2.5 -141.944
      vertex 39.9833 -2.5 -148.435
      vertex 49.7238 -2.5 -142.081
    endloop
  endfacet
  facet normal 0 -1 0
    outer loop
      vertex 40.0715 -2.5 -148.573
      vertex 49.7238 -2.5 -142.081
      vertex 39.9833 -2.5 -148.435
    endloop
  endfacet
  facet normal 0 -1 -0
    outer loop
      vertex 49.7238 -2.5 -142.081
      vertex 40.0715 -2.5 -148.573
      vertex 50.1192 -2.5 -142.692
    endloop
  endfacet
  facet normal 0 -1 0
    outer loop
      vertex 40.485 -2.5 -149.225
      vertex 50.1192 -2.5 -142.692
      vertex 40.0715 -2.5 -148.573
    endloop
  endfacet
  facet normal 0 -1 -0
    outer loop
      vertex 50.1192 -2.5 -142.692
      vertex 40.485 -2.5 -149.225
      vertex 50.2088 -2.5 -142.829
    endloop
  endfacet
  facet normal 0 -1 0
    outer loop
      vertex 40.573 -2.5 -149.363
      vertex 50.2088 -2.5 -142.829
      vertex 40.485 -2.5 -149.225
    endloop
  endfacet
  facet normal 0 -1 -0
    outer loop
      vertex 50.2088 -2.5 -142.829
      vertex 40.573 -2.5 -149.363
      vertex 50.6043 -2.5 -143.44
    endloop
  endfacet
  facet normal 0 -1 0
    outer loop
      vertex 40.9867 -2.5 -150.016
      vertex 50.6043 -2.5 -143.44
      vertex 40.573 -2.5 -149.363
    endloop
  endfacet
  facet normal 0 -1 -0
    outer loop
      vertex 50.6043 -2.5 -143.44
      vertex 40.9867 -2.5 -150.016
      vertex 50.6938 -2.5 -143.577
    endloop
  endfacet
  facet normal 0 -1 0
    outer loop
      vertex 41.0746 -2.5 -150.153
      vertex 50.6938 -2.5 -143.577
      vertex 40.9867 -2.5 -150.016
    endloop
  endfacet
  facet normal 0 -1 -0
    outer loop
      vertex 50.6938 -2.5 -143.577
      vertex 41.0746 -2.5 -150.153
      vertex 51.0894 -2.5 -144.188
    endloop
  endfacet
  facet normal 0 -1 0
    outer loop
      vertex 41.4883 -2.5 -150.806
      vertex 51.0894 -2.5 -144.188
      vertex 41.0746 -2.5 -150.153
    endloop
  endfacet
  facet normal 0 -1 -0
    outer loop
      vertex 51.0894 -2.5 -144.188
      vertex 41.4883 -2.5 -150.806
      vertex 51.1787 -2.5 -144.325
    endloop
  endfacet
  facet normal 0 -1 0
    outer loop
      vertex 41.5761 -2.5 -150.943
      vertex 51.1787 -2.5 -144.325
      vertex 41.4883 -2.5 -150.806
    endloop
  endfacet
  facet normal 0 -1 -0
    outer loop
      vertex 51.1787 -2.5 -144.325
      vertex 41.5761 -2.5 -150.943
      vertex 51.5746 -2.5 -144.937
    endloop
  endfacet
  facet normal 0 -1 -0
    outer loop
      vertex 51.5746 -2.5 -144.937
      vertex 41.5761 -2.5 -150.943
      vertex 51.6637 -2.5 -145.073
    endloop
  endfacet
  facet normal 0 -1 0
    outer loop
      vertex 41.99 -2.5 -151.596
      vertex 51.6637 -2.5 -145.073
      vertex 41.5761 -2.5 -150.943
    endloop
  endfacet
  facet normal 0 -1 -0
    outer loop
      vertex 51.6637 -2.5 -145.073
      vertex 41.99 -2.5 -151.596
      vertex 52.0597 -2.5 -145.685
    endloop
  endfacet
  facet normal 0 -1 0
    outer loop
      vertex 42.0776 -2.5 -151.733
      vertex 52.0597 -2.5 -145.685
      vertex 41.99 -2.5 -151.596
    endloop
  endfacet
  facet normal 0 -1 -0
    outer loop
      vertex 52.0597 -2.5 -145.685
      vertex 42.0776 -2.5 -151.733
      vertex 52.1487 -2.5 -145.821
    endloop
  endfacet
  facet normal 0 -1 0
    outer loop
      vertex 42.4917 -2.5 -152.386
      vertex 52.1487 -2.5 -145.821
      vertex 42.0776 -2.5 -151.733
    endloop
  endfacet
  facet normal 0 -1 -0
    outer loop
      vertex 52.1487 -2.5 -145.821
      vertex 42.4917 -2.5 -152.386
      vertex 52.5448 -2.5 -146.433
    endloop
  endfacet
  facet normal 0 -1 0
    outer loop
      vertex 42.5791 -2.5 -152.523
      vertex 52.5448 -2.5 -146.433
      vertex 42.4917 -2.5 -152.386
    endloop
  endfacet
  facet normal 0 -1 -0
    outer loop
      vertex 52.5448 -2.5 -146.433
      vertex 42.5791 -2.5 -152.523
      vertex 52.6337 -2.5 -146.569
    endloop
  endfacet
  facet normal 0 -1 0
    outer loop
      vertex 42.9933 -2.5 -153.177
      vertex 52.6337 -2.5 -146.569
      vertex 42.5791 -2.5 -152.523
    endloop
  endfacet
  facet normal 0 -1 -0
    outer loop
      vertex 52.6337 -2.5 -146.569
      vertex 42.9933 -2.5 -153.177
      vertex 53.0299 -2.5 -147.181
    endloop
  endfacet
  facet normal 0 -1 0
    outer loop
      vertex 43.0807 -2.5 -153.313
      vertex 53.0299 -2.5 -147.181
      vertex 42.9933 -2.5 -153.177
    endloop
  endfacet
  facet normal 0 -1 -0
    outer loop
      vertex 53.0299 -2.5 -147.181
      vertex 43.0807 -2.5 -153.313
      vertex 53.1186 -2.5 -147.317
    endloop
  endfacet
  facet normal 0 -1 0
    outer loop
      vertex 43.495 -2.5 -153.967
      vertex 53.1186 -2.5 -147.317
      vertex 43.0807 -2.5 -153.313
    endloop
  endfacet
  facet normal 0 -1 -0
    outer loop
      vertex 53.1186 -2.5 -147.317
      vertex 43.495 -2.5 -153.967
      vertex 53.515 -2.5 -147.93
    endloop
  endfacet
  facet normal 0 -1 0
    outer loop
      vertex 43.5822 -2.5 -154.103
      vertex 53.515 -2.5 -147.93
      vertex 43.495 -2.5 -153.967
    endloop
  endfacet
  facet normal 0 -1 -0
    outer loop
      vertex 53.515 -2.5 -147.93
      vertex 43.5822 -2.5 -154.103
      vertex 53.6036 -2.5 -148.065
    endloop
  endfacet
  facet normal 0 -1 0
    outer loop
      vertex 43.9967 -2.5 -154.757
      vertex 53.6036 -2.5 -148.065
      vertex 43.5822 -2.5 -154.103
    endloop
  endfacet
  facet normal 0 -1 -0
    outer loop
      vertex 53.6036 -2.5 -148.065
      vertex 43.9967 -2.5 -154.757
      vertex 54.0001 -2.5 -148.678
    endloop
  endfacet
  facet normal 0 -1 0
    outer loop
      vertex 44.0837 -2.5 -154.893
      vertex 54.0001 -2.5 -148.678
      vertex 43.9967 -2.5 -154.757
    endloop
  endfacet
  facet normal 0 -1 -0
    outer loop
      vertex 54.0001 -2.5 -148.678
      vertex 44.0837 -2.5 -154.893
      vertex 54.0886 -2.5 -148.813
    endloop
  endfacet
  facet normal 0 -1 0
    outer loop
      vertex 44.4983 -2.5 -155.547
      vertex 54.0886 -2.5 -148.813
      vertex 44.0837 -2.5 -154.893
    endloop
  endfacet
  facet normal 0 -1 -0
    outer loop
      vertex 54.0886 -2.5 -148.813
      vertex 44.4983 -2.5 -155.547
      vertex 54.4852 -2.5 -149.426
    endloop
  endfacet
  facet normal 0 -1 0
    outer loop
      vertex 44.5852 -2.5 -155.683
      vertex 54.4852 -2.5 -149.426
      vertex 44.4983 -2.5 -155.547
    endloop
  endfacet
  facet normal 0 -1 -0
    outer loop
      vertex 54.4852 -2.5 -149.426
      vertex 44.5852 -2.5 -155.683
      vertex 54.5735 -2.5 -149.561
    endloop
  endfacet
  facet normal 0 -1 0
    outer loop
      vertex 45 -2.5 -156.337
      vertex 54.5735 -2.5 -149.561
      vertex 44.5852 -2.5 -155.683
    endloop
  endfacet
  facet normal 0 -1 -0
    outer loop
      vertex 54.5735 -2.5 -149.561
      vertex 45 -2.5 -156.337
      vertex 54.9703 -2.5 -150.175
    endloop
  endfacet
  facet normal 0 -1 0
    outer loop
      vertex 45.0868 -2.5 -156.473
      vertex 54.9703 -2.5 -150.175
      vertex 45 -2.5 -156.337
    endloop
  endfacet
  facet normal 0 -1 -0
    outer loop
      vertex 54.9703 -2.5 -150.175
      vertex 45.0868 -2.5 -156.473
      vertex 55.0585 -2.5 -150.309
    endloop
  endfacet
  facet normal 0 -1 0
    outer loop
      vertex 45.5017 -2.5 -157.128
      vertex 55.0585 -2.5 -150.309
      vertex 45.0868 -2.5 -156.473
    endloop
  endfacet
  facet normal 0 -1 -0
    outer loop
      vertex 55.0585 -2.5 -150.309
      vertex 45.5017 -2.5 -157.128
      vertex 55.4554 -2.5 -150.923
    endloop
  endfacet
  facet normal 0 -1 0
    outer loop
      vertex 45.5883 -2.5 -157.263
      vertex 55.4554 -2.5 -150.923
      vertex 45.5017 -2.5 -157.128
    endloop
  endfacet
  facet normal 0 -1 -0
    outer loop
      vertex 55.4554 -2.5 -150.923
      vertex 45.5883 -2.5 -157.263
      vertex 55.5435 -2.5 -151.058
    endloop
  endfacet
  facet normal 0 -1 0
    outer loop
      vertex 46.0033 -2.5 -157.918
      vertex 55.5435 -2.5 -151.058
      vertex 45.5883 -2.5 -157.263
    endloop
  endfacet
  facet normal 0 -1 -0
    outer loop
      vertex 55.5435 -2.5 -151.058
      vertex 46.0033 -2.5 -157.918
      vertex 55.9406 -2.5 -151.671
    endloop
  endfacet
  facet normal 0 -1 0
    outer loop
      vertex 46.0898 -2.5 -158.053
      vertex 55.9406 -2.5 -151.671
      vertex 46.0033 -2.5 -157.918
    endloop
  endfacet
  facet normal 0 -1 -0
    outer loop
      vertex 55.9406 -2.5 -151.671
      vertex 46.0898 -2.5 -158.053
      vertex 56.0285 -2.5 -151.806
    endloop
  endfacet
  facet normal 0 -1 0
    outer loop
      vertex 46.505 -2.5 -158.708
      vertex 56.0285 -2.5 -151.806
      vertex 46.0898 -2.5 -158.053
    endloop
  endfacet
  facet normal 0 -1 -0
    outer loop
      vertex 56.0285 -2.5 -151.806
      vertex 46.505 -2.5 -158.708
      vertex 56.4257 -2.5 -152.419
    endloop
  endfacet
  facet normal 0 -1 0
    outer loop
      vertex 46.5914 -2.5 -158.843
      vertex 56.4257 -2.5 -152.419
      vertex 46.505 -2.5 -158.708
    endloop
  endfacet
  facet normal 0 -1 -0
    outer loop
      vertex 56.4257 -2.5 -152.419
      vertex 46.5914 -2.5 -158.843
      vertex 56.5134 -2.5 -152.554
    endloop
  endfacet
  facet normal 0 -1 -0
    outer loop
      vertex 56.5134 -2.5 -152.554
      vertex 46.5914 -2.5 -158.843
      vertex 56.9108 -2.5 -153.168
    endloop
  endfacet
  facet normal 0 -1 0
    outer loop
      vertex 47.0067 -2.5 -159.498
      vertex 56.9108 -2.5 -153.168
      vertex 46.5914 -2.5 -158.843
    endloop
  endfacet
  facet normal 0 -1 0
    outer loop
      vertex 47.0929 -2.5 -159.633
      vertex 56.9108 -2.5 -153.168
      vertex 47.0067 -2.5 -159.498
    endloop
  endfacet
  facet normal 0 -1 -0
    outer loop
      vertex 56.9108 -2.5 -153.168
      vertex 47.0929 -2.5 -159.633
      vertex 56.9984 -2.5 -153.302
    endloop
  endfacet
  facet normal 0 -1 -0
    outer loop
      vertex 56.9984 -2.5 -153.302
      vertex 47.0929 -2.5 -159.633
      vertex 57.3959 -2.5 -153.916
    endloop
  endfacet
  facet normal 0 -1 0
    outer loop
      vertex 47.5083 -2.5 -160.289
      vertex 57.3959 -2.5 -153.916
      vertex 47.0929 -2.5 -159.633
    endloop
  endfacet
  facet normal 0 -1 -0
    outer loop
      vertex 57.3959 -2.5 -153.916
      vertex 47.5083 -2.5 -160.289
      vertex 57.4834 -2.5 -154.05
    endloop
  endfacet
  facet normal 0 -1 0
    outer loop
      vertex 47.5944 -2.5 -160.423
      vertex 57.4834 -2.5 -154.05
      vertex 47.5083 -2.5 -160.289
    endloop
  endfacet
  facet normal 0 -1 -0
    outer loop
      vertex 57.4834 -2.5 -154.05
      vertex 47.5944 -2.5 -160.423
      vertex 57.881 -2.5 -154.664
    endloop
  endfacet
  facet normal 0 -1 0
    outer loop
      vertex 48.01 -2.5 -161.079
      vertex 57.881 -2.5 -154.664
      vertex 47.5944 -2.5 -160.423
    endloop
  endfacet
  facet normal 0 -1 -0
    outer loop
      vertex 57.881 -2.5 -154.664
      vertex 48.01 -2.5 -161.079
      vertex 57.9684 -2.5 -154.798
    endloop
  endfacet
  facet normal 0 -1 0
    outer loop
      vertex 48.0959 -2.5 -161.213
      vertex 57.9684 -2.5 -154.798
      vertex 48.01 -2.5 -161.079
    endloop
  endfacet
  facet normal 0 -1 -0
    outer loop
      vertex 57.9684 -2.5 -154.798
      vertex 48.0959 -2.5 -161.213
      vertex 58.3661 -2.5 -155.413
    endloop
  endfacet
  facet normal 0 -1 0
    outer loop
      vertex 48.5117 -2.5 -161.869
      vertex 58.3661 -2.5 -155.413
      vertex 48.0959 -2.5 -161.213
    endloop
  endfacet
  facet normal 0 -1 -0
    outer loop
      vertex 58.3661 -2.5 -155.413
      vertex 48.5117 -2.5 -161.869
      vertex 58.4533 -2.5 -155.546
    endloop
  endfacet
  facet normal 0 -1 0
    outer loop
      vertex 48.5975 -2.5 -162.003
      vertex 58.4533 -2.5 -155.546
      vertex 48.5117 -2.5 -161.869
    endloop
  endfacet
  facet normal 0 -1 -0
    outer loop
      vertex 58.4533 -2.5 -155.546
      vertex 48.5975 -2.5 -162.003
      vertex 58.8512 -2.5 -156.161
    endloop
  endfacet
  facet normal 0 -1 0
    outer loop
      vertex 49.0133 -2.5 -162.66
      vertex 58.8512 -2.5 -156.161
      vertex 48.5975 -2.5 -162.003
    endloop
  endfacet
  facet normal 0 -1 -0
    outer loop
      vertex 58.8512 -2.5 -156.161
      vertex 49.0133 -2.5 -162.66
      vertex 58.9383 -2.5 -156.294
    endloop
  endfacet
  facet normal 0 -1 0
    outer loop
      vertex 49.099 -2.5 -162.793
      vertex 58.9383 -2.5 -156.294
      vertex 49.0133 -2.5 -162.66
    endloop
  endfacet
  facet normal 0 -1 -0
    outer loop
      vertex 58.9383 -2.5 -156.294
      vertex 49.099 -2.5 -162.793
      vertex 59.3363 -2.5 -156.909
    endloop
  endfacet
  facet normal 0 -1 0
    outer loop
      vertex 49.515 -2.5 -163.45
      vertex 59.3363 -2.5 -156.909
      vertex 49.099 -2.5 -162.793
    endloop
  endfacet
  facet normal 0 -1 -0
    outer loop
      vertex 59.3363 -2.5 -156.909
      vertex 49.515 -2.5 -163.45
      vertex 59.4233 -2.5 -157.042
    endloop
  endfacet
  facet normal 0 -1 0
    outer loop
      vertex 49.6005 -2.5 -163.583
      vertex 59.4233 -2.5 -157.042
      vertex 49.515 -2.5 -163.45
    endloop
  endfacet
  facet normal 0 -1 -0
    outer loop
      vertex 59.4233 -2.5 -157.042
      vertex 49.6005 -2.5 -163.583
      vertex 59.8214 -2.5 -157.658
    endloop
  endfacet
  facet normal 0 -1 0
    outer loop
      vertex 50.0167 -2.5 -164.24
      vertex 59.8214 -2.5 -157.658
      vertex 49.6005 -2.5 -163.583
    endloop
  endfacet
  facet normal 0 -1 -0
    outer loop
      vertex 59.8214 -2.5 -157.658
      vertex 50.0167 -2.5 -164.24
      vertex 59.9083 -2.5 -157.791
    endloop
  endfacet
  facet normal 0 -1 0
    outer loop
      vertex 50.1021 -2.5 -164.373
      vertex 59.9083 -2.5 -157.791
      vertex 50.0167 -2.5 -164.24
    endloop
  endfacet
  facet normal 0 -1 -0
    outer loop
      vertex 59.9083 -2.5 -157.791
      vertex 50.1021 -2.5 -164.373
      vertex 60.3066 -2.5 -158.406
    endloop
  endfacet
  facet normal 0 -1 0
    outer loop
      vertex 50.5183 -2.5 -165.03
      vertex 60.3066 -2.5 -158.406
      vertex 50.1021 -2.5 -164.373
    endloop
  endfacet
  facet normal 0 -1 -0
    outer loop
      vertex 60.3066 -2.5 -158.406
      vertex 50.5183 -2.5 -165.03
      vertex 60.3932 -2.5 -158.539
    endloop
  endfacet
  facet normal 0 -1 0
    outer loop
      vertex 50.6036 -2.5 -165.164
      vertex 60.3932 -2.5 -158.539
      vertex 50.5183 -2.5 -165.03
    endloop
  endfacet
  facet normal 0 -1 -0
    outer loop
      vertex 60.3932 -2.5 -158.539
      vertex 50.6036 -2.5 -165.164
      vertex 60.7917 -2.5 -159.154
    endloop
  endfacet
  facet normal 0 -1 0
    outer loop
      vertex 51.02 -2.5 -165.821
      vertex 60.7917 -2.5 -159.154
      vertex 50.6036 -2.5 -165.164
    endloop
  endfacet
  facet normal 0 -1 -0
    outer loop
      vertex 60.7917 -2.5 -159.154
      vertex 51.02 -2.5 -165.821
      vertex 60.8782 -2.5 -159.287
    endloop
  endfacet
  facet normal 0 -1 0
    outer loop
      vertex 51.1051 -2.5 -165.954
      vertex 60.8782 -2.5 -159.287
      vertex 51.02 -2.5 -165.821
    endloop
  endfacet
  facet normal 0 -1 -0
    outer loop
      vertex 60.8782 -2.5 -159.287
      vertex 51.1051 -2.5 -165.954
      vertex 61.2768 -2.5 -159.903
    endloop
  endfacet
  facet normal 0 -1 0
    outer loop
      vertex 51.5217 -2.5 -166.611
      vertex 61.2768 -2.5 -159.903
      vertex 51.1051 -2.5 -165.954
    endloop
  endfacet
  facet normal 0 -1 0
    outer loop
      vertex 61.8482 -2.5 -160.783
      vertex 62.189 -2.5 -161.4
      vertex 62.189 -2.5 -161.31
    endloop
  endfacet
  facet normal 0 -1 -0
    outer loop
      vertex 61.2768 -2.5 -159.903
      vertex 51.5217 -2.5 -166.611
      vertex 61.3632 -2.5 -160.035
    endloop
  endfacet
  facet normal 0 -1 0
    outer loop
      vertex 51.6067 -2.5 -166.744
      vertex 61.3632 -2.5 -160.035
      vertex 51.5217 -2.5 -166.611
    endloop
  endfacet
  facet normal 0 -1 -0
    outer loop
      vertex 61.3632 -2.5 -160.035
      vertex 51.6067 -2.5 -166.744
      vertex 61.7619 -2.5 -160.651
    endloop
  endfacet
  facet normal 0 -1 -0
    outer loop
      vertex 61.7619 -2.5 -160.651
      vertex 51.6067 -2.5 -166.744
      vertex 61.8482 -2.5 -160.783
    endloop
  endfacet
  facet normal 0 -1 -0
    outer loop
      vertex 61.8482 -2.5 -160.783
      vertex 51.6067 -2.5 -166.744
      vertex 62.189 -2.5 -161.4
    endloop
  endfacet
  facet normal 0 -1 0
    outer loop
      vertex 52.0233 -2.5 -167.401
      vertex 62.189 -2.5 -161.4
      vertex 51.6067 -2.5 -166.744
    endloop
  endfacet
  facet normal 0 -1 0
    outer loop
      vertex 52.1082 -2.5 -167.534
      vertex 62.189 -2.5 -161.4
      vertex 52.0233 -2.5 -167.401
    endloop
  endfacet
  facet normal 0 -1 0
    outer loop
      vertex 52.525 -2.5 -168.192
      vertex 62.189 -2.5 -161.4
      vertex 52.1082 -2.5 -167.534
    endloop
  endfacet
  facet normal 0 -1 0
    outer loop
      vertex 52.6097 -2.5 -168.324
      vertex 62.189 -2.5 -161.4
      vertex 52.525 -2.5 -168.192
    endloop
  endfacet
  facet normal 0 -1 0
    outer loop
      vertex 53.0267 -2.5 -168.982
      vertex 62.189 -2.5 -161.4
      vertex 52.6097 -2.5 -168.324
    endloop
  endfacet
  facet normal 0 -1 0
    outer loop
      vertex 55.9733 -2.5 -171.407
      vertex 62.189 -2.5 -161.4
      vertex 53.0267 -2.5 -168.982
    endloop
  endfacet
  facet normal 0 -1 0
    outer loop
      vertex 56.1412 -2.5 -171.478
      vertex 62.189 -2.5 -161.4
      vertex 55.9733 -2.5 -171.407
    endloop
  endfacet
  facet normal 0 -1 0
    outer loop
      vertex 56.975 -2.5 -171.83
      vertex 62.189 -2.5 -161.4
      vertex 56.1412 -2.5 -171.478
    endloop
  endfacet
  facet normal 0 -1 0
    outer loop
      vertex 57.1426 -2.5 -171.9
      vertex 62.189 -2.5 -161.4
      vertex 56.975 -2.5 -171.83
    endloop
  endfacet
  facet normal 0 -1 0
    outer loop
      vertex 57.9767 -2.5 -172.252
      vertex 62.189 -2.5 -161.4
      vertex 57.1426 -2.5 -171.9
    endloop
  endfacet
  facet normal 0 -1 -0
    outer loop
      vertex 62.189 -2.5 -161.4
      vertex 57.9767 -2.5 -172.252
      vertex 62.361 -2.5 -161.47
    endloop
  endfacet
  facet normal 0 -1 -0
    outer loop
      vertex 62.361 -2.5 -161.47
      vertex 58.144 -2.5 -172.322
      vertex 63.1576 -2.5 -161.799
    endloop
  endfacet
  facet normal 0 -1 -0
    outer loop
      vertex 63.1576 -2.5 -161.799
      vertex 58.9783 -2.5 -172.674
      vertex 63.3293 -2.5 -161.87
    endloop
  endfacet
  facet normal 0 -1 0
    outer loop
      vertex 59.1454 -2.5 -172.744
      vertex 63.3293 -2.5 -161.87
      vertex 58.9783 -2.5 -172.674
    endloop
  endfacet
  facet normal 0 -1 -0
    outer loop
      vertex 63.3293 -2.5 -161.87
      vertex 59.1454 -2.5 -172.744
      vertex 64.1262 -2.5 -162.199
    endloop
  endfacet
  facet normal 0 -1 0
    outer loop
      vertex 59.98 -2.5 -173.097
      vertex 64.1262 -2.5 -162.199
      vertex 59.1454 -2.5 -172.744
    endloop
  endfacet
  facet normal 0 -1 -0
    outer loop
      vertex 64.1262 -2.5 -162.199
      vertex 59.98 -2.5 -173.097
      vertex 64.2976 -2.5 -162.27
    endloop
  endfacet
  facet normal 0 -1 0
    outer loop
      vertex 60.9817 -2.5 -173.519
      vertex 65.0948 -2.5 -162.599
      vertex 60.1468 -2.5 -173.167
    endloop
  endfacet
  facet normal 0 -1 -0
    outer loop
      vertex 65.0948 -2.5 -162.599
      vertex 60.9817 -2.5 -173.519
      vertex 65.266 -2.5 -162.67
    endloop
  endfacet
  facet normal 0 -1 0
    outer loop
      vertex 61.1483 -2.5 -173.589
      vertex 65.266 -2.5 -162.67
      vertex 60.9817 -2.5 -173.519
    endloop
  endfacet
  facet normal 0 -1 -0
    outer loop
      vertex 66.0634 -2.5 -162.999
      vertex 61.9833 -2.5 -173.941
      vertex 66.2343 -2.5 -163.07
    endloop
  endfacet
  facet normal 0 -1 0
    outer loop
      vertex 62.1497 -2.5 -174.011
      vertex 66.2343 -2.5 -163.07
      vertex 61.9833 -2.5 -173.941
    endloop
  endfacet
  facet normal 0 -1 -0
    outer loop
      vertex 66.2343 -2.5 -163.07
      vertex 62.1497 -2.5 -174.011
      vertex 67.032 -2.5 -163.399
    endloop
  endfacet
  facet normal 0 -1 -0
    outer loop
      vertex 67.2027 -2.5 -163.469
      vertex 62.985 -2.5 -174.364
      vertex 68.0007 -2.5 -163.799
    endloop
  endfacet
  facet normal 0 -1 0
    outer loop
      vertex 63.1511 -2.5 -174.433
      vertex 68.0007 -2.5 -163.799
      vertex 62.985 -2.5 -174.364
    endloop
  endfacet
  facet normal 0 -1 -0
    outer loop
      vertex 68.0007 -2.5 -163.799
      vertex 63.1511 -2.5 -174.433
      vertex 68.171 -2.5 -163.869
    endloop
  endfacet
  facet normal 0 -1 0
    outer loop
      vertex 64.1525 -2.5 -174.856
      vertex 68.9693 -2.5 -164.199
      vertex 63.9867 -2.5 -174.786
    endloop
  endfacet
  facet normal 0 -1 -0
    outer loop
      vertex 68.9693 -2.5 -164.199
      vertex 64.1525 -2.5 -174.856
      vertex 69.1394 -2.5 -164.269
    endloop
  endfacet
  facet normal 0 -1 0
    outer loop
      vertex 64.9883 -2.5 -175.208
      vertex 69.1394 -2.5 -164.269
      vertex 64.1525 -2.5 -174.856
    endloop
  endfacet
  facet normal 0 -1 -0
    outer loop
      vertex 69.1394 -2.5 -164.269
      vertex 64.9883 -2.5 -175.208
      vertex 69.9379 -2.5 -164.599
    endloop
  endfacet
  facet normal 0 -1 0
    outer loop
      vertex 63.9867 -2.5 -174.786
      vertex 68.171 -2.5 -163.869
      vertex 63.1511 -2.5 -174.433
    endloop
  endfacet
  facet normal 0 -1 0
    outer loop
      vertex 65.1539 -2.5 -175.278
      vertex 69.9379 -2.5 -164.599
      vertex 64.9883 -2.5 -175.208
    endloop
  endfacet
  facet normal 0 -1 0
    outer loop
      vertex 62.985 -2.5 -174.364
      vertex 67.032 -2.5 -163.399
      vertex 62.1497 -2.5 -174.011
    endloop
  endfacet
  facet normal 0 -1 0
    outer loop
      vertex 65.99 -2.5 -175.631
      vertex 70.1077 -2.5 -164.669
      vertex 65.1539 -2.5 -175.278
    endloop
  endfacet
  facet normal 0 -1 -0
    outer loop
      vertex 70.1077 -2.5 -164.669
      vertex 65.99 -2.5 -175.631
      vertex 70.9065 -2.5 -164.999
    endloop
  endfacet
  facet normal 0 -1 -0
    outer loop
      vertex 65.266 -2.5 -162.67
      vertex 61.1483 -2.5 -173.589
      vertex 66.0634 -2.5 -162.999
    endloop
  endfacet
  facet normal 0 -1 0
    outer loop
      vertex 66.1553 -2.5 -175.7
      vertex 70.9065 -2.5 -164.999
      vertex 65.99 -2.5 -175.631
    endloop
  endfacet
  facet normal 0 -1 -0
    outer loop
      vertex 70.9065 -2.5 -164.999
      vertex 66.1553 -2.5 -175.7
      vertex 71.0761 -2.5 -165.069
    endloop
  endfacet
  facet normal 0 -1 -0
    outer loop
      vertex 64.2976 -2.5 -162.27
      vertex 60.1468 -2.5 -173.167
      vertex 65.0948 -2.5 -162.599
    endloop
  endfacet
  facet normal 0 -1 0
    outer loop
      vertex 66.9917 -2.5 -176.053
      vertex 71.0761 -2.5 -165.069
      vertex 66.1553 -2.5 -175.7
    endloop
  endfacet
  facet normal 0 -1 -0
    outer loop
      vertex 71.0761 -2.5 -165.069
      vertex 66.9917 -2.5 -176.053
      vertex 71.8751 -2.5 -165.399
    endloop
  endfacet
  facet normal 0 -1 0
    outer loop
      vertex 58.9783 -2.5 -172.674
      vertex 63.1576 -2.5 -161.799
      vertex 58.144 -2.5 -172.322
    endloop
  endfacet
  facet normal 0 -1 0
    outer loop
      vertex 67.1567 -2.5 -176.122
      vertex 71.8751 -2.5 -165.399
      vertex 66.9917 -2.5 -176.053
    endloop
  endfacet
  facet normal 0 -1 -0
    outer loop
      vertex 71.8751 -2.5 -165.399
      vertex 67.1567 -2.5 -176.122
      vertex 72.0444 -2.5 -165.469
    endloop
  endfacet
  facet normal 0 -1 0
    outer loop
      vertex 55.9733 -2.5 -171.407
      vertex 53.0267 -2.5 -168.982
      vertex 53.1113 -2.5 -169.114
    endloop
  endfacet
  facet normal 0 -1 0
    outer loop
      vertex 67.9933 -2.5 -176.476
      vertex 72.0444 -2.5 -165.469
      vertex 67.1567 -2.5 -176.122
    endloop
  endfacet
  facet normal 0 -1 -0
    outer loop
      vertex 72.0444 -2.5 -165.469
      vertex 67.9933 -2.5 -176.476
      vertex 72.8437 -2.5 -165.799
    endloop
  endfacet
  facet normal 0 -1 0
    outer loop
      vertex 55.1398 -2.5 -171.055
      vertex 53.1113 -2.5 -169.114
      vertex 53.5283 -2.5 -169.772
    endloop
  endfacet
  facet normal 0 -1 -0
    outer loop
      vertex 68.171 -2.5 -163.869
      vertex 63.9867 -2.5 -174.786
      vertex 68.9693 -2.5 -164.199
    endloop
  endfacet
  facet normal 0 -1 -0
    outer loop
      vertex 69.9379 -2.5 -164.599
      vertex 65.1539 -2.5 -175.278
      vertex 70.1077 -2.5 -164.669
    endloop
  endfacet
  facet normal 0 -1 0
    outer loop
      vertex 54.9717 -2.5 -170.985
      vertex 53.5283 -2.5 -169.772
      vertex 53.6128 -2.5 -169.904
    endloop
  endfacet
  facet normal 0 -1 0
    outer loop
      vertex 68.1581 -2.5 -176.545
      vertex 72.8437 -2.5 -165.799
      vertex 67.9933 -2.5 -176.476
    endloop
  endfacet
  facet normal 0 -1 -0
    outer loop
      vertex 72.8437 -2.5 -165.799
      vertex 68.1581 -2.5 -176.545
      vertex 73.0128 -2.5 -165.868
    endloop
  endfacet
  facet normal 0 -1 0
    outer loop
      vertex 54.9717 -2.5 -170.985
      vertex 53.6128 -2.5 -169.904
      vertex 53.97 -2.5 -170.468
    endloop
  endfacet
  facet normal 0 -1 0
    outer loop
      vertex 54.1384 -2.5 -170.633
      vertex 53.97 -2.5 -170.468
      vertex 53.97 -2.5 -170.563
    endloop
  endfacet
  facet normal 0 -1 0
    outer loop
      vertex 54.9717 -2.5 -170.985
      vertex 53.97 -2.5 -170.468
      vertex 54.1384 -2.5 -170.633
    endloop
  endfacet
  facet normal 0 -1 0
    outer loop
      vertex 53.5283 -2.5 -169.772
      vertex 54.9717 -2.5 -170.985
      vertex 55.1398 -2.5 -171.055
    endloop
  endfacet
  facet normal 0 -1 0
    outer loop
      vertex 53.1113 -2.5 -169.114
      vertex 55.1398 -2.5 -171.055
      vertex 55.9733 -2.5 -171.407
    endloop
  endfacet
  facet normal 0 -1 0
    outer loop
      vertex 58.144 -2.5 -172.322
      vertex 62.361 -2.5 -161.47
      vertex 57.9767 -2.5 -172.252
    endloop
  endfacet
  facet normal 0 -1 0
    outer loop
      vertex 60.1468 -2.5 -173.167
      vertex 64.2976 -2.5 -162.27
      vertex 59.98 -2.5 -173.097
    endloop
  endfacet
  facet normal 0 -1 0
    outer loop
      vertex 61.9833 -2.5 -173.941
      vertex 66.0634 -2.5 -162.999
      vertex 61.1483 -2.5 -173.589
    endloop
  endfacet
  facet normal 0 -1 -0
    outer loop
      vertex 67.032 -2.5 -163.399
      vertex 62.985 -2.5 -174.364
      vertex 67.2027 -2.5 -163.469
    endloop
  endfacet
  facet normal 0 -1 0
    outer loop
      vertex 68.995 -2.5 -176.898
      vertex 73.0128 -2.5 -165.868
      vertex 68.1581 -2.5 -176.545
    endloop
  endfacet
  facet normal 0 -1 -0
    outer loop
      vertex 73.0128 -2.5 -165.868
      vertex 68.995 -2.5 -176.898
      vertex 73.8123 -2.5 -166.199
    endloop
  endfacet
  facet normal 0 -1 0
    outer loop
      vertex 69.1596 -2.5 -176.967
      vertex 73.8123 -2.5 -166.199
      vertex 68.995 -2.5 -176.898
    endloop
  endfacet
  facet normal 0 -1 -0
    outer loop
      vertex 73.8123 -2.5 -166.199
      vertex 69.1596 -2.5 -176.967
      vertex 73.9811 -2.5 -166.268
    endloop
  endfacet
  facet normal 0 -1 0
    outer loop
      vertex 69.9967 -2.5 -177.32
      vertex 73.9811 -2.5 -166.268
      vertex 69.1596 -2.5 -176.967
    endloop
  endfacet
  facet normal 0 -1 -0
    outer loop
      vertex 73.9811 -2.5 -166.268
      vertex 69.9967 -2.5 -177.32
      vertex 74.7809 -2.5 -166.599
    endloop
  endfacet
  facet normal 0 -1 0
    outer loop
      vertex 70.161 -2.5 -177.389
      vertex 74.7809 -2.5 -166.599
      vertex 69.9967 -2.5 -177.32
    endloop
  endfacet
  facet normal 0 -1 -0
    outer loop
      vertex 74.7809 -2.5 -166.599
      vertex 70.161 -2.5 -177.389
      vertex 74.9495 -2.5 -166.668
    endloop
  endfacet
  facet normal 0 -1 0
    outer loop
      vertex 70.9983 -2.5 -177.743
      vertex 74.9495 -2.5 -166.668
      vertex 70.161 -2.5 -177.389
    endloop
  endfacet
  facet normal 0 -1 -0
    outer loop
      vertex 74.9495 -2.5 -166.668
      vertex 70.9983 -2.5 -177.743
      vertex 75.7495 -2.5 -166.999
    endloop
  endfacet
  facet normal 0 -1 0
    outer loop
      vertex 71.1624 -2.5 -177.812
      vertex 75.7495 -2.5 -166.999
      vertex 70.9983 -2.5 -177.743
    endloop
  endfacet
  facet normal 0 -1 -0
    outer loop
      vertex 75.7495 -2.5 -166.999
      vertex 71.1624 -2.5 -177.812
      vertex 75.9179 -2.5 -167.068
    endloop
  endfacet
  facet normal 0 -1 0
    outer loop
      vertex 72 -2.5 -178.165
      vertex 75.9179 -2.5 -167.068
      vertex 71.1624 -2.5 -177.812
    endloop
  endfacet
  facet normal 0 -1 -0
    outer loop
      vertex 75.9179 -2.5 -167.068
      vertex 72 -2.5 -178.165
      vertex 76.7182 -2.5 -167.399
    endloop
  endfacet
  facet normal 0 -1 0
    outer loop
      vertex 72.1638 -2.5 -178.234
      vertex 76.7182 -2.5 -167.399
      vertex 72 -2.5 -178.165
    endloop
  endfacet
  facet normal 0 -1 -0
    outer loop
      vertex 76.7182 -2.5 -167.399
      vertex 72.1638 -2.5 -178.234
      vertex 76.8862 -2.5 -167.468
    endloop
  endfacet
  facet normal 0 -1 0
    outer loop
      vertex 73.0017 -2.5 -178.587
      vertex 76.8862 -2.5 -167.468
      vertex 72.1638 -2.5 -178.234
    endloop
  endfacet
  facet normal 0 -1 -0
    outer loop
      vertex 76.8862 -2.5 -167.468
      vertex 73.0017 -2.5 -178.587
      vertex 77.6868 -2.5 -167.799
    endloop
  endfacet
  facet normal 0 -1 0
    outer loop
      vertex 73.1652 -2.5 -178.656
      vertex 77.6868 -2.5 -167.799
      vertex 73.0017 -2.5 -178.587
    endloop
  endfacet
  facet normal 0 -1 -0
    outer loop
      vertex 77.6868 -2.5 -167.799
      vertex 73.1652 -2.5 -178.656
      vertex 77.8546 -2.5 -167.868
    endloop
  endfacet
  facet normal 0 -1 0
    outer loop
      vertex 74.0033 -2.5 -179.01
      vertex 77.8546 -2.5 -167.868
      vertex 73.1652 -2.5 -178.656
    endloop
  endfacet
  facet normal 0 -1 -0
    outer loop
      vertex 77.8546 -2.5 -167.868
      vertex 74.0033 -2.5 -179.01
      vertex 78.6554 -2.5 -168.199
    endloop
  endfacet
  facet normal 0 -1 0
    outer loop
      vertex 74.1667 -2.5 -179.078
      vertex 78.6554 -2.5 -168.199
      vertex 74.0033 -2.5 -179.01
    endloop
  endfacet
  facet normal 0 -1 -0
    outer loop
      vertex 78.6554 -2.5 -168.199
      vertex 74.1667 -2.5 -179.078
      vertex 78.8229 -2.5 -168.268
    endloop
  endfacet
  facet normal 0 -1 0
    outer loop
      vertex 75.005 -2.5 -179.432
      vertex 78.8229 -2.5 -168.268
      vertex 74.1667 -2.5 -179.078
    endloop
  endfacet
  facet normal 0 -1 -0
    outer loop
      vertex 78.8229 -2.5 -168.268
      vertex 75.005 -2.5 -179.432
      vertex 79.624 -2.5 -168.599
    endloop
  endfacet
  facet normal 0 -1 0
    outer loop
      vertex 75.1681 -2.5 -179.501
      vertex 79.624 -2.5 -168.599
      vertex 75.005 -2.5 -179.432
    endloop
  endfacet
  facet normal 0 -1 -0
    outer loop
      vertex 79.624 -2.5 -168.599
      vertex 75.1681 -2.5 -179.501
      vertex 79.7913 -2.5 -168.667
    endloop
  endfacet
  facet normal 0 -1 0
    outer loop
      vertex 76.0067 -2.5 -179.855
      vertex 79.7913 -2.5 -168.667
      vertex 75.1681 -2.5 -179.501
    endloop
  endfacet
  facet normal 0 -1 -0
    outer loop
      vertex 79.7913 -2.5 -168.667
      vertex 76.0067 -2.5 -179.855
      vertex 80.5926 -2.5 -168.999
    endloop
  endfacet
  facet normal 0 -1 0
    outer loop
      vertex 76.1695 -2.5 -179.923
      vertex 80.5926 -2.5 -168.999
      vertex 76.0067 -2.5 -179.855
    endloop
  endfacet
  facet normal 0 -1 -0
    outer loop
      vertex 80.5926 -2.5 -168.999
      vertex 76.1695 -2.5 -179.923
      vertex 80.7596 -2.5 -169.067
    endloop
  endfacet
  facet normal 0 -1 -0
    outer loop
      vertex 80.7596 -2.5 -169.067
      vertex 76.1695 -2.5 -179.923
      vertex 81.5612 -2.5 -169.399
    endloop
  endfacet
  facet normal 0 -1 0
    outer loop
      vertex 77.0083 -2.5 -180.277
      vertex 81.5612 -2.5 -169.399
      vertex 76.1695 -2.5 -179.923
    endloop
  endfacet
  facet normal 0 -1 -0
    outer loop
      vertex 81.5612 -2.5 -169.399
      vertex 77.0083 -2.5 -180.277
      vertex 81.728 -2.5 -169.467
    endloop
  endfacet
  facet normal 0 -1 0
    outer loop
      vertex 77.1709 -2.5 -180.345
      vertex 81.728 -2.5 -169.467
      vertex 77.0083 -2.5 -180.277
    endloop
  endfacet
  facet normal 0 -1 -0
    outer loop
      vertex 81.728 -2.5 -169.467
      vertex 77.1709 -2.5 -180.345
      vertex 82.5298 -2.5 -169.799
    endloop
  endfacet
  facet normal 0 -1 0
    outer loop
      vertex 78.01 -2.5 -180.699
      vertex 82.5298 -2.5 -169.799
      vertex 77.1709 -2.5 -180.345
    endloop
  endfacet
  facet normal 0 -1 -0
    outer loop
      vertex 82.5298 -2.5 -169.799
      vertex 78.01 -2.5 -180.699
      vertex 82.6964 -2.5 -169.867
    endloop
  endfacet
  facet normal 0 -1 0
    outer loop
      vertex 78.1723 -2.5 -180.767
      vertex 82.6964 -2.5 -169.867
      vertex 78.01 -2.5 -180.699
    endloop
  endfacet
  facet normal 0 -1 -0
    outer loop
      vertex 82.6964 -2.5 -169.867
      vertex 78.1723 -2.5 -180.767
      vertex 83.4984 -2.5 -170.199
    endloop
  endfacet
  facet normal 0 -1 0
    outer loop
      vertex 79.0117 -2.5 -181.122
      vertex 83.4984 -2.5 -170.199
      vertex 78.1723 -2.5 -180.767
    endloop
  endfacet
  facet normal 0 -1 -0
    outer loop
      vertex 83.4984 -2.5 -170.199
      vertex 79.0117 -2.5 -181.122
      vertex 83.6647 -2.5 -170.267
    endloop
  endfacet
  facet normal 0 -1 0
    outer loop
      vertex 79.1738 -2.5 -181.19
      vertex 83.6647 -2.5 -170.267
      vertex 79.0117 -2.5 -181.122
    endloop
  endfacet
  facet normal 0 -1 -0
    outer loop
      vertex 83.6647 -2.5 -170.267
      vertex 79.1738 -2.5 -181.19
      vertex 84.4671 -2.5 -170.599
    endloop
  endfacet
  facet normal 0 -1 0
    outer loop
      vertex 80.0133 -2.5 -181.544
      vertex 84.4671 -2.5 -170.599
      vertex 79.1738 -2.5 -181.19
    endloop
  endfacet
  facet normal 0 -1 -0
    outer loop
      vertex 84.4671 -2.5 -170.599
      vertex 80.0133 -2.5 -181.544
      vertex 84.6331 -2.5 -170.667
    endloop
  endfacet
  facet normal 0 -1 0
    outer loop
      vertex 80.1752 -2.5 -181.612
      vertex 84.6331 -2.5 -170.667
      vertex 80.0133 -2.5 -181.544
    endloop
  endfacet
  facet normal 0 -1 -0
    outer loop
      vertex 84.6331 -2.5 -170.667
      vertex 80.1752 -2.5 -181.612
      vertex 85.4357 -2.5 -170.999
    endloop
  endfacet
  facet normal 0 -1 0
    outer loop
      vertex 81.015 -2.5 -181.966
      vertex 85.4357 -2.5 -170.999
      vertex 80.1752 -2.5 -181.612
    endloop
  endfacet
  facet normal 0 -1 -0
    outer loop
      vertex 85.4357 -2.5 -170.999
      vertex 81.015 -2.5 -181.966
      vertex 85.6014 -2.5 -171.067
    endloop
  endfacet
  facet normal 0 -1 0
    outer loop
      vertex 81.1766 -2.5 -182.034
      vertex 85.6014 -2.5 -171.067
      vertex 81.015 -2.5 -181.966
    endloop
  endfacet
  facet normal 0 -1 -0
    outer loop
      vertex 85.6014 -2.5 -171.067
      vertex 81.1766 -2.5 -182.034
      vertex 86.4043 -2.5 -171.399
    endloop
  endfacet
  facet normal 0 -1 0
    outer loop
      vertex 82.0167 -2.5 -182.389
      vertex 86.4043 -2.5 -171.399
      vertex 81.1766 -2.5 -182.034
    endloop
  endfacet
  facet normal 0 -1 -0
    outer loop
      vertex 86.4043 -2.5 -171.399
      vertex 82.0167 -2.5 -182.389
      vertex 86.5698 -2.5 -171.467
    endloop
  endfacet
  facet normal 0 -1 0
    outer loop
      vertex 82.178 -2.5 -182.457
      vertex 86.5698 -2.5 -171.467
      vertex 82.0167 -2.5 -182.389
    endloop
  endfacet
  facet normal 0 -1 -0
    outer loop
      vertex 86.5698 -2.5 -171.467
      vertex 82.178 -2.5 -182.457
      vertex 87.3729 -2.5 -171.798
    endloop
  endfacet
  facet normal 0 -1 0
    outer loop
      vertex 83.0183 -2.5 -182.811
      vertex 87.3729 -2.5 -171.798
      vertex 82.178 -2.5 -182.457
    endloop
  endfacet
  facet normal 0 -1 -0
    outer loop
      vertex 87.3729 -2.5 -171.798
      vertex 83.0183 -2.5 -182.811
      vertex 87.5382 -2.5 -171.866
    endloop
  endfacet
  facet normal 0 -1 0
    outer loop
      vertex 83.1795 -2.5 -182.879
      vertex 87.5382 -2.5 -171.866
      vertex 83.0183 -2.5 -182.811
    endloop
  endfacet
  facet normal 0 -1 -0
    outer loop
      vertex 87.5382 -2.5 -171.866
      vertex 83.1795 -2.5 -182.879
      vertex 88.3415 -2.5 -172.198
    endloop
  endfacet
  facet normal 0 -1 0
    outer loop
      vertex 84.02 -2.5 -183.234
      vertex 88.3415 -2.5 -172.198
      vertex 83.1795 -2.5 -182.879
    endloop
  endfacet
  facet normal 0 -1 -0
    outer loop
      vertex 88.3415 -2.5 -172.198
      vertex 84.02 -2.5 -183.234
      vertex 88.5065 -2.5 -172.266
    endloop
  endfacet
  facet normal 0 -1 0
    outer loop
      vertex 84.1809 -2.5 -183.301
      vertex 88.5065 -2.5 -172.266
      vertex 84.02 -2.5 -183.234
    endloop
  endfacet
  facet normal 0 -1 -0
    outer loop
      vertex 88.5065 -2.5 -172.266
      vertex 84.1809 -2.5 -183.301
      vertex 89.3101 -2.5 -172.598
    endloop
  endfacet
  facet normal 0 -1 0
    outer loop
      vertex 85.0217 -2.5 -183.656
      vertex 89.3101 -2.5 -172.598
      vertex 84.1809 -2.5 -183.301
    endloop
  endfacet
  facet normal 0 -1 -0
    outer loop
      vertex 89.3101 -2.5 -172.598
      vertex 85.0217 -2.5 -183.656
      vertex 89.4749 -2.5 -172.666
    endloop
  endfacet
  facet normal 0 -1 0
    outer loop
      vertex 85.1823 -2.5 -183.723
      vertex 89.4749 -2.5 -172.666
      vertex 85.0217 -2.5 -183.656
    endloop
  endfacet
  facet normal 0 -1 -0
    outer loop
      vertex 89.4749 -2.5 -172.666
      vertex 85.1823 -2.5 -183.723
      vertex 90.2787 -2.5 -172.998
    endloop
  endfacet
  facet normal 0 -1 0
    outer loop
      vertex 86.0233 -2.5 -184.078
      vertex 90.2787 -2.5 -172.998
      vertex 85.1823 -2.5 -183.723
    endloop
  endfacet
  facet normal 0 -1 -0
    outer loop
      vertex 90.2787 -2.5 -172.998
      vertex 86.0233 -2.5 -184.078
      vertex 90.4433 -2.5 -173.066
    endloop
  endfacet
  facet normal 0 -1 0
    outer loop
      vertex 86.1838 -2.5 -184.146
      vertex 90.4433 -2.5 -173.066
      vertex 86.0233 -2.5 -184.078
    endloop
  endfacet
  facet normal 0 -1 -0
    outer loop
      vertex 90.4433 -2.5 -173.066
      vertex 86.1838 -2.5 -184.146
      vertex 91.2473 -2.5 -173.398
    endloop
  endfacet
  facet normal 0 -1 0
    outer loop
      vertex 87.025 -2.5 -184.501
      vertex 91.2473 -2.5 -173.398
      vertex 86.1838 -2.5 -184.146
    endloop
  endfacet
  facet normal 0 -1 -0
    outer loop
      vertex 91.2473 -2.5 -173.398
      vertex 87.025 -2.5 -184.501
      vertex 91.4116 -2.5 -173.466
    endloop
  endfacet
  facet normal 0 -1 0
    outer loop
      vertex 87.1852 -2.5 -184.568
      vertex 91.4116 -2.5 -173.466
      vertex 87.025 -2.5 -184.501
    endloop
  endfacet
  facet normal 0 -1 -0
    outer loop
      vertex 91.4116 -2.5 -173.466
      vertex 87.1852 -2.5 -184.568
      vertex 92.216 -2.5 -173.798
    endloop
  endfacet
  facet normal 0 -1 0
    outer loop
      vertex 88.0267 -2.5 -184.923
      vertex 92.216 -2.5 -173.798
      vertex 87.1852 -2.5 -184.568
    endloop
  endfacet
  facet normal 0 -1 -0
    outer loop
      vertex 92.216 -2.5 -173.798
      vertex 88.0267 -2.5 -184.923
      vertex 92.38 -2.5 -173.866
    endloop
  endfacet
  facet normal 0 -1 0
    outer loop
      vertex 88.1866 -2.5 -184.99
      vertex 92.38 -2.5 -173.866
      vertex 88.0267 -2.5 -184.923
    endloop
  endfacet
  facet normal 0 -1 -0
    outer loop
      vertex 92.38 -2.5 -173.866
      vertex 88.1866 -2.5 -184.99
      vertex 93.1846 -2.5 -174.198
    endloop
  endfacet
  facet normal 0 -1 0
    outer loop
      vertex 89.0283 -2.5 -185.345
      vertex 93.1846 -2.5 -174.198
      vertex 88.1866 -2.5 -184.99
    endloop
  endfacet
  facet normal 0 -1 0
    outer loop
      vertex 96.2535 -2.5 -175.465
      vertex 97.001 -2.5 -175.78
      vertex 97.001 -2.5 -175.774
    endloop
  endfacet
  facet normal 0 -1 -0
    outer loop
      vertex 93.1846 -2.5 -174.198
      vertex 89.0283 -2.5 -185.345
      vertex 93.3484 -2.5 -174.266
    endloop
  endfacet
  facet normal 0 -1 0
    outer loop
      vertex 89.188 -2.5 -185.413
      vertex 93.3484 -2.5 -174.266
      vertex 89.0283 -2.5 -185.345
    endloop
  endfacet
  facet normal 0 -1 -0
    outer loop
      vertex 93.3484 -2.5 -174.266
      vertex 89.188 -2.5 -185.413
      vertex 94.1532 -2.5 -174.598
    endloop
  endfacet
  facet normal 0 -1 0
    outer loop
      vertex 90.805 -2.5 -185.852
      vertex 94.1532 -2.5 -174.598
      vertex 89.188 -2.5 -185.413
    endloop
  endfacet
  facet normal 0 -1 0
    outer loop
      vertex 91.5069 -2.5 -185.939
      vertex 94.1532 -2.5 -174.598
      vertex 90.805 -2.5 -185.852
    endloop
  endfacet
  facet normal 0 -1 -0
    outer loop
      vertex 94.1532 -2.5 -174.598
      vertex 91.5069 -2.5 -185.939
      vertex 94.3167 -2.5 -174.666
    endloop
  endfacet
  facet normal 0 -1 0
    outer loop
      vertex 91.64 -2.5 -185.956
      vertex 94.3167 -2.5 -174.666
      vertex 91.5069 -2.5 -185.939
    endloop
  endfacet
  facet normal 0 -1 -0
    outer loop
      vertex 94.3167 -2.5 -174.666
      vertex 91.64 -2.5 -185.956
      vertex 95.1218 -2.5 -174.998
    endloop
  endfacet
  facet normal 0 -1 0
    outer loop
      vertex 92.3421 -2.5 -186.043
      vertex 95.1218 -2.5 -174.998
      vertex 91.64 -2.5 -185.956
    endloop
  endfacet
  facet normal 0 -1 -0
    outer loop
      vertex 95.1218 -2.5 -174.998
      vertex 92.3421 -2.5 -186.043
      vertex 95.2851 -2.5 -175.065
    endloop
  endfacet
  facet normal 0 -1 0
    outer loop
      vertex 92.475 -2.5 -186.06
      vertex 95.2851 -2.5 -175.065
      vertex 92.3421 -2.5 -186.043
    endloop
  endfacet
  facet normal 0 -1 0
    outer loop
      vertex 93.1773 -2.5 -186.147
      vertex 96.0904 -2.5 -175.398
      vertex 92.475 -2.5 -186.06
    endloop
  endfacet
  facet normal 0 -1 0
    outer loop
      vertex 93.31 -2.5 -186.164
      vertex 96.0904 -2.5 -175.398
      vertex 93.1773 -2.5 -186.147
    endloop
  endfacet
  facet normal 0 -1 -0
    outer loop
      vertex 96.0904 -2.5 -175.398
      vertex 93.31 -2.5 -186.164
      vertex 96.2535 -2.5 -175.465
    endloop
  endfacet
  facet normal 0 -1 0
    outer loop
      vertex 94.0125 -2.5 -186.251
      vertex 96.2535 -2.5 -175.465
      vertex 93.31 -2.5 -186.164
    endloop
  endfacet
  facet normal 0 -1 -0
    outer loop
      vertex 96.2535 -2.5 -175.465
      vertex 94.0125 -2.5 -186.251
      vertex 97.001 -2.5 -175.78
    endloop
  endfacet
  facet normal 0 -1 0
    outer loop
      vertex 94.145 -2.5 -186.268
      vertex 97.001 -2.5 -175.78
      vertex 94.0125 -2.5 -186.251
    endloop
  endfacet
  facet normal 0 -1 0
    outer loop
      vertex 97.001 -2.5 -175.78
      vertex 97.059 -2.5 -175.798
      vertex 97.0204 -2.5 -175.782
    endloop
  endfacet
  facet normal 0 -1 -0
    outer loop
      vertex 97.001 -2.5 -175.78
      vertex 94.8477 -2.5 -186.355
      vertex 97.059 -2.5 -175.798
    endloop
  endfacet
  facet normal 0 -1 0
    outer loop
      vertex 94.98 -2.5 -186.372
      vertex 97.059 -2.5 -175.798
      vertex 94.8477 -2.5 -186.355
    endloop
  endfacet
  facet normal 0 -1 0
    outer loop
      vertex 95.6829 -2.5 -186.459
      vertex 97.059 -2.5 -175.798
      vertex 94.98 -2.5 -186.372
    endloop
  endfacet
  facet normal 0 -1 0
    outer loop
      vertex 95.815 -2.5 -186.476
      vertex 97.059 -2.5 -175.798
      vertex 95.6829 -2.5 -186.459
    endloop
  endfacet
  facet normal 0 -1 0
    outer loop
      vertex 96.5181 -2.5 -186.563
      vertex 97.6724 -2.5 -175.861
      vertex 95.815 -2.5 -186.476
    endloop
  endfacet
  facet normal 0 -1 -0
    outer loop
      vertex 97.6724 -2.5 -175.861
      vertex 96.5181 -2.5 -186.563
      vertex 97.8084 -2.5 -175.878
    endloop
  endfacet
  facet normal 0 -1 0
    outer loop
      vertex 96.65 -2.5 -186.579
      vertex 97.8084 -2.5 -175.878
      vertex 96.5181 -2.5 -186.563
    endloop
  endfacet
  facet normal 0 -1 -0
    outer loop
      vertex 97.8084 -2.5 -175.878
      vertex 96.65 -2.5 -186.579
      vertex 98.48 -2.5 -175.96
    endloop
  endfacet
  facet normal 0 -1 -0
    outer loop
      vertex 98.48 -2.5 -175.96
      vertex 97.3533 -2.5 -186.667
      vertex 98.6159 -2.5 -175.977
    endloop
  endfacet
  facet normal 0 -1 0
    outer loop
      vertex 97.485 -2.5 -186.683
      vertex 98.6159 -2.5 -175.977
      vertex 97.3533 -2.5 -186.667
    endloop
  endfacet
  facet normal 0 -1 -0
    outer loop
      vertex 98.6159 -2.5 -175.977
      vertex 97.485 -2.5 -186.683
      vertex 99.2877 -2.5 -176.058
    endloop
  endfacet
  facet normal 0 -1 0
    outer loop
      vertex 98.1885 -2.5 -186.77
      vertex 99.2877 -2.5 -176.058
      vertex 97.485 -2.5 -186.683
    endloop
  endfacet
  facet normal 0 -1 -0
    outer loop
      vertex 99.2877 -2.5 -176.058
      vertex 98.1885 -2.5 -186.77
      vertex 99.4233 -2.5 -176.075
    endloop
  endfacet
  facet normal 0 -1 0
    outer loop
      vertex 98.32 -2.5 -186.787
      vertex 99.4233 -2.5 -176.075
      vertex 98.1885 -2.5 -186.77
    endloop
  endfacet
  facet normal 0 -1 0
    outer loop
      vertex 99.0237 -2.5 -186.874
      vertex 100.095 -2.5 -176.157
      vertex 98.32 -2.5 -186.787
    endloop
  endfacet
  facet normal 0 -1 0
    outer loop
      vertex 99.155 -2.5 -186.891
      vertex 100.231 -2.5 -176.173
      vertex 99.0237 -2.5 -186.874
    endloop
  endfacet
  facet normal 0 -1 -0
    outer loop
      vertex 100.231 -2.5 -176.173
      vertex 99.155 -2.5 -186.891
      vertex 100.903 -2.5 -176.255
    endloop
  endfacet
  facet normal 0 -1 0
    outer loop
      vertex 99.8589 -2.5 -186.978
      vertex 100.903 -2.5 -176.255
      vertex 99.155 -2.5 -186.891
    endloop
  endfacet
  facet normal 0 -1 -0
    outer loop
      vertex 100.903 -2.5 -176.255
      vertex 99.8589 -2.5 -186.978
      vertex 101.038 -2.5 -176.272
    endloop
  endfacet
  facet normal 0 -1 0
    outer loop
      vertex 99.99 -2.5 -186.995
      vertex 101.038 -2.5 -176.272
      vertex 99.8589 -2.5 -186.978
    endloop
  endfacet
  facet normal 0 -1 -0
    outer loop
      vertex 101.711 -2.5 -176.353
      vertex 100.694 -2.5 -187.082
      vertex 101.846 -2.5 -176.37
    endloop
  endfacet
  facet normal 0 -1 0
    outer loop
      vertex 100.825 -2.5 -187.099
      vertex 101.846 -2.5 -176.37
      vertex 100.694 -2.5 -187.082
    endloop
  endfacet
  facet normal 0 -1 -0
    outer loop
      vertex 101.846 -2.5 -176.37
      vertex 100.825 -2.5 -187.099
      vertex 102.518 -2.5 -176.452
    endloop
  endfacet
  facet normal 0 -1 0
    outer loop
      vertex 101.529 -2.5 -187.186
      vertex 102.518 -2.5 -176.452
      vertex 100.825 -2.5 -187.099
    endloop
  endfacet
  facet normal 0 -1 0
    outer loop
      vertex 101.66 -2.5 -187.202
      vertex 102.653 -2.5 -176.469
      vertex 101.529 -2.5 -187.186
    endloop
  endfacet
  facet normal 0 -1 -0
    outer loop
      vertex 102.653 -2.5 -176.469
      vertex 101.66 -2.5 -187.202
      vertex 103.326 -2.5 -176.55
    endloop
  endfacet
  facet normal 0 -1 0
    outer loop
      vertex 102.364 -2.5 -187.29
      vertex 103.326 -2.5 -176.55
      vertex 101.66 -2.5 -187.202
    endloop
  endfacet
  facet normal 0 -1 0
    outer loop
      vertex 102.495 -2.5 -187.306
      vertex 104.134 -2.5 -176.649
      vertex 102.364 -2.5 -187.29
    endloop
  endfacet
  facet normal 0 -1 -0
    outer loop
      vertex 104.134 -2.5 -176.649
      vertex 102.495 -2.5 -187.306
      vertex 104.268 -2.5 -176.665
    endloop
  endfacet
  facet normal 0 -1 0
    outer loop
      vertex 103.2 -2.5 -187.394
      vertex 104.268 -2.5 -176.665
      vertex 102.495 -2.5 -187.306
    endloop
  endfacet
  facet normal 0 -1 -0
    outer loop
      vertex 104.268 -2.5 -176.665
      vertex 103.2 -2.5 -187.394
      vertex 104.941 -2.5 -176.747
    endloop
  endfacet
  facet normal 0 -1 0
    outer loop
      vertex 103.33 -2.5 -187.41
      vertex 104.941 -2.5 -176.747
      vertex 103.2 -2.5 -187.394
    endloop
  endfacet
  facet normal 0 -1 -0
    outer loop
      vertex 105.075 -2.5 -176.764
      vertex 104.035 -2.5 -187.497
      vertex 105.749 -2.5 -176.845
    endloop
  endfacet
  facet normal 0 -1 0
    outer loop
      vertex 104.165 -2.5 -187.514
      vertex 105.749 -2.5 -176.845
      vertex 104.035 -2.5 -187.497
    endloop
  endfacet
  facet normal 0 -1 -0
    outer loop
      vertex 105.749 -2.5 -176.845
      vertex 104.165 -2.5 -187.514
      vertex 105.883 -2.5 -176.862
    endloop
  endfacet
  facet normal 0 -1 0
    outer loop
      vertex 104.87 -2.5 -187.601
      vertex 105.883 -2.5 -176.862
      vertex 104.165 -2.5 -187.514
    endloop
  endfacet
  facet normal 0 -1 -0
    outer loop
      vertex 105.883 -2.5 -176.862
      vertex 104.87 -2.5 -187.601
      vertex 106.556 -2.5 -176.944
    endloop
  endfacet
  facet normal 0 -1 -0
    outer loop
      vertex 106.69 -2.5 -176.96
      vertex 105.705 -2.5 -187.705
      vertex 107.364 -2.5 -177.042
    endloop
  endfacet
  facet normal 0 -1 0
    outer loop
      vertex 105.835 -2.5 -187.722
      vertex 107.364 -2.5 -177.042
      vertex 105.705 -2.5 -187.705
    endloop
  endfacet
  facet normal 0 -1 -0
    outer loop
      vertex 107.364 -2.5 -177.042
      vertex 105.835 -2.5 -187.722
      vertex 107.498 -2.5 -177.059
    endloop
  endfacet
  facet normal 0 -1 0
    outer loop
      vertex 106.54 -2.5 -187.809
      vertex 107.498 -2.5 -177.059
      vertex 105.835 -2.5 -187.722
    endloop
  endfacet
  facet normal 0 -1 -0
    outer loop
      vertex 108.172 -2.5 -177.141
      vertex 106.67 -2.5 -187.825
      vertex 108.305 -2.5 -177.157
    endloop
  endfacet
  facet normal 0 -1 0
    outer loop
      vertex 107.376 -2.5 -187.913
      vertex 108.305 -2.5 -177.157
      vertex 106.67 -2.5 -187.825
    endloop
  endfacet
  facet normal 0 -1 -0
    outer loop
      vertex 108.305 -2.5 -177.157
      vertex 107.376 -2.5 -187.913
      vertex 108.979 -2.5 -177.239
    endloop
  endfacet
  facet normal 0 -1 0
    outer loop
      vertex 107.505 -2.5 -187.929
      vertex 108.979 -2.5 -177.239
      vertex 107.376 -2.5 -187.913
    endloop
  endfacet
  facet normal 0 -1 -0
    outer loop
      vertex 108.979 -2.5 -177.239
      vertex 107.505 -2.5 -187.929
      vertex 109.113 -2.5 -177.255
    endloop
  endfacet
  facet normal 0 -1 0
    outer loop
      vertex 108.34 -2.5 -188.033
      vertex 109.787 -2.5 -177.337
      vertex 108.211 -2.5 -188.017
    endloop
  endfacet
  facet normal 0 -1 -0
    outer loop
      vertex 109.787 -2.5 -177.337
      vertex 108.34 -2.5 -188.033
      vertex 109.92 -2.5 -177.354
    endloop
  endfacet
  facet normal 0 -1 0
    outer loop
      vertex 109.046 -2.5 -188.121
      vertex 109.92 -2.5 -177.354
      vertex 108.34 -2.5 -188.033
    endloop
  endfacet
  facet normal 0 -1 -0
    outer loop
      vertex 109.92 -2.5 -177.354
      vertex 109.046 -2.5 -188.121
      vertex 110.595 -2.5 -177.436
    endloop
  endfacet
  facet normal 0 -1 -0
    outer loop
      vertex 110.728 -2.5 -177.452
      vertex 109.881 -2.5 -188.224
      vertex 111.402 -2.5 -177.534
    endloop
  endfacet
  facet normal 0 -1 0
    outer loop
      vertex 110.01 -2.5 -188.241
      vertex 111.402 -2.5 -177.534
      vertex 109.881 -2.5 -188.224
    endloop
  endfacet
  facet normal 0 -1 -0
    outer loop
      vertex 111.402 -2.5 -177.534
      vertex 110.01 -2.5 -188.241
      vertex 111.535 -2.5 -177.551
    endloop
  endfacet
  facet normal 0 -1 0
    outer loop
      vertex 110.845 -2.5 -188.345
      vertex 112.21 -2.5 -177.632
      vertex 110.716 -2.5 -188.328
    endloop
  endfacet
  facet normal 0 -1 -0
    outer loop
      vertex 112.21 -2.5 -177.632
      vertex 110.845 -2.5 -188.345
      vertex 112.342 -2.5 -177.649
    endloop
  endfacet
  facet normal 0 -1 0
    outer loop
      vertex 111.551 -2.5 -188.432
      vertex 112.342 -2.5 -177.649
      vertex 110.845 -2.5 -188.345
    endloop
  endfacet
  facet normal 0 -1 0
    outer loop
      vertex 110.716 -2.5 -188.328
      vertex 111.535 -2.5 -177.551
      vertex 110.01 -2.5 -188.241
    endloop
  endfacet
  facet normal 0 -1 0
    outer loop
      vertex 109.175 -2.5 -188.137
      vertex 110.595 -2.5 -177.436
      vertex 109.046 -2.5 -188.121
    endloop
  endfacet
  facet normal 0 -1 0
    outer loop
      vertex 108.211 -2.5 -188.017
      vertex 109.113 -2.5 -177.255
      vertex 107.505 -2.5 -187.929
    endloop
  endfacet
  facet normal 0 -1 -0
    outer loop
      vertex 107.498 -2.5 -177.059
      vertex 106.54 -2.5 -187.809
      vertex 108.172 -2.5 -177.141
    endloop
  endfacet
  facet normal 0 -1 0
    outer loop
      vertex 105 -2.5 -187.618
      vertex 106.556 -2.5 -176.944
      vertex 104.87 -2.5 -187.601
    endloop
  endfacet
  facet normal 0 -1 -0
    outer loop
      vertex 104.941 -2.5 -176.747
      vertex 103.33 -2.5 -187.41
      vertex 105.075 -2.5 -176.764
    endloop
  endfacet
  facet normal 0 -1 -0
    outer loop
      vertex 103.326 -2.5 -176.55
      vertex 102.364 -2.5 -187.29
      vertex 103.461 -2.5 -176.567
    endloop
  endfacet
  facet normal 0 -1 -0
    outer loop
      vertex 101.038 -2.5 -176.272
      vertex 99.99 -2.5 -186.995
      vertex 101.711 -2.5 -176.353
    endloop
  endfacet
  facet normal 0 -1 -0
    outer loop
      vertex 100.095 -2.5 -176.157
      vertex 99.0237 -2.5 -186.874
      vertex 100.231 -2.5 -176.173
    endloop
  endfacet
  facet normal 0 -1 -0
    outer loop
      vertex 97.059 -2.5 -175.798
      vertex 95.815 -2.5 -186.476
      vertex 97.6724 -2.5 -175.861
    endloop
  endfacet
  facet normal 0 -1 -0
    outer loop
      vertex 95.2851 -2.5 -175.065
      vertex 92.475 -2.5 -186.06
      vertex 96.0904 -2.5 -175.398
    endloop
  endfacet
  facet normal 0 -1 0
    outer loop
      vertex 90.03 -2.5 -185.756
      vertex 89.188 -2.5 -185.413
      vertex 89.97 -2.5 -185.743
    endloop
  endfacet
  facet normal 0 -1 0
    outer loop
      vertex 89.9901 -2.5 -185.751
      vertex 89.97 -2.5 -185.743
      vertex 89.97 -2.5 -185.749
    endloop
  endfacet
  facet normal 0 -1 0
    outer loop
      vertex 90.03 -2.5 -185.756
      vertex 89.97 -2.5 -185.743
      vertex 89.9901 -2.5 -185.751
    endloop
  endfacet
  facet normal 0 -1 0
    outer loop
      vertex 89.188 -2.5 -185.413
      vertex 90.03 -2.5 -185.756
      vertex 90.6717 -2.5 -185.835
    endloop
  endfacet
  facet normal 0 -1 0
    outer loop
      vertex 90.805 -2.5 -185.852
      vertex 89.188 -2.5 -185.413
      vertex 90.6717 -2.5 -185.835
    endloop
  endfacet
  facet normal 0 -1 0
    outer loop
      vertex 94.8477 -2.5 -186.355
      vertex 97.001 -2.5 -175.78
      vertex 94.145 -2.5 -186.268
    endloop
  endfacet
  facet normal 0 -1 0
    outer loop
      vertex 97.3533 -2.5 -186.667
      vertex 98.48 -2.5 -175.96
      vertex 96.65 -2.5 -186.579
    endloop
  endfacet
  facet normal 0 -1 -0
    outer loop
      vertex 99.4233 -2.5 -176.075
      vertex 98.32 -2.5 -186.787
      vertex 100.095 -2.5 -176.157
    endloop
  endfacet
  facet normal 0 -1 0
    outer loop
      vertex 100.694 -2.5 -187.082
      vertex 101.711 -2.5 -176.353
      vertex 99.99 -2.5 -186.995
    endloop
  endfacet
  facet normal 0 -1 -0
    outer loop
      vertex 102.518 -2.5 -176.452
      vertex 101.529 -2.5 -187.186
      vertex 102.653 -2.5 -176.469
    endloop
  endfacet
  facet normal 0 -1 -0
    outer loop
      vertex 103.461 -2.5 -176.567
      vertex 102.364 -2.5 -187.29
      vertex 104.134 -2.5 -176.649
    endloop
  endfacet
  facet normal 0 -1 0
    outer loop
      vertex 104.035 -2.5 -187.497
      vertex 105.075 -2.5 -176.764
      vertex 103.33 -2.5 -187.41
    endloop
  endfacet
  facet normal 0 -1 -0
    outer loop
      vertex 106.556 -2.5 -176.944
      vertex 105 -2.5 -187.618
      vertex 106.69 -2.5 -176.96
    endloop
  endfacet
  facet normal 0 -1 0
    outer loop
      vertex 105.705 -2.5 -187.705
      vertex 106.69 -2.5 -176.96
      vertex 105 -2.5 -187.618
    endloop
  endfacet
  facet normal 0 -1 0
    outer loop
      vertex 106.67 -2.5 -187.825
      vertex 108.172 -2.5 -177.141
      vertex 106.54 -2.5 -187.809
    endloop
  endfacet
  facet normal 0 -1 -0
    outer loop
      vertex 109.113 -2.5 -177.255
      vertex 108.211 -2.5 -188.017
      vertex 109.787 -2.5 -177.337
    endloop
  endfacet
  facet normal 0 -1 -0
    outer loop
      vertex 110.595 -2.5 -177.436
      vertex 109.175 -2.5 -188.137
      vertex 110.728 -2.5 -177.452
    endloop
  endfacet
  facet normal 0 -1 0
    outer loop
      vertex 109.881 -2.5 -188.224
      vertex 110.728 -2.5 -177.452
      vertex 109.175 -2.5 -188.137
    endloop
  endfacet
  facet normal 0 -1 -0
    outer loop
      vertex 111.535 -2.5 -177.551
      vertex 110.716 -2.5 -188.328
      vertex 112.21 -2.5 -177.632
    endloop
  endfacet
  facet normal 0 -1 -0
    outer loop
      vertex 112.342 -2.5 -177.649
      vertex 111.551 -2.5 -188.432
      vertex 113.018 -2.5 -177.731
    endloop
  endfacet
  facet normal 0 -1 0
    outer loop
      vertex 111.68 -2.5 -188.448
      vertex 113.018 -2.5 -177.731
      vertex 111.551 -2.5 -188.432
    endloop
  endfacet
  facet normal 0 -1 -0
    outer loop
      vertex 113.018 -2.5 -177.731
      vertex 111.68 -2.5 -188.448
      vertex 113.15 -2.5 -177.747
    endloop
  endfacet
  facet normal 0 -1 0
    outer loop
      vertex 112.387 -2.5 -188.536
      vertex 113.15 -2.5 -177.747
      vertex 111.68 -2.5 -188.448
    endloop
  endfacet
  facet normal 0 -1 -0
    outer loop
      vertex 113.15 -2.5 -177.747
      vertex 112.387 -2.5 -188.536
      vertex 113.825 -2.5 -177.829
    endloop
  endfacet
  facet normal 0 -1 0
    outer loop
      vertex 112.515 -2.5 -188.552
      vertex 113.825 -2.5 -177.829
      vertex 112.387 -2.5 -188.536
    endloop
  endfacet
  facet normal 0 -1 -0
    outer loop
      vertex 113.825 -2.5 -177.829
      vertex 112.515 -2.5 -188.552
      vertex 113.957 -2.5 -177.846
    endloop
  endfacet
  facet normal 0 -1 0
    outer loop
      vertex 113.222 -2.5 -188.64
      vertex 113.957 -2.5 -177.846
      vertex 112.515 -2.5 -188.552
    endloop
  endfacet
  facet normal 0 -1 -0
    outer loop
      vertex 113.957 -2.5 -177.846
      vertex 113.222 -2.5 -188.64
      vertex 114.633 -2.5 -177.928
    endloop
  endfacet
  facet normal 0 -1 0
    outer loop
      vertex 113.35 -2.5 -188.656
      vertex 114.633 -2.5 -177.928
      vertex 113.222 -2.5 -188.64
    endloop
  endfacet
  facet normal 0 -1 -0
    outer loop
      vertex 114.633 -2.5 -177.928
      vertex 113.35 -2.5 -188.656
      vertex 114.765 -2.5 -177.944
    endloop
  endfacet
  facet normal 0 -1 0
    outer loop
      vertex 114.057 -2.5 -188.744
      vertex 114.765 -2.5 -177.944
      vertex 113.35 -2.5 -188.656
    endloop
  endfacet
  facet normal 0 -1 -0
    outer loop
      vertex 114.765 -2.5 -177.944
      vertex 114.057 -2.5 -188.744
      vertex 115.44 -2.5 -178.026
    endloop
  endfacet
  facet normal 0 -1 -0
    outer loop
      vertex 115.44 -2.5 -178.026
      vertex 114.057 -2.5 -188.744
      vertex 115.572 -2.5 -178.042
    endloop
  endfacet
  facet normal 0 -1 0
    outer loop
      vertex 114.185 -2.5 -188.76
      vertex 115.572 -2.5 -178.042
      vertex 114.057 -2.5 -188.744
    endloop
  endfacet
  facet normal 0 -1 0
    outer loop
      vertex 114.892 -2.5 -188.848
      vertex 115.572 -2.5 -178.042
      vertex 114.185 -2.5 -188.76
    endloop
  endfacet
  facet normal 0 -1 -0
    outer loop
      vertex 115.572 -2.5 -178.042
      vertex 114.892 -2.5 -188.848
      vertex 116.248 -2.5 -178.124
    endloop
  endfacet
  facet normal 0 -1 -0
    outer loop
      vertex 116.248 -2.5 -178.124
      vertex 114.892 -2.5 -188.848
      vertex 116.38 -2.5 -178.141
    endloop
  endfacet
  facet normal 0 -1 0
    outer loop
      vertex 115.02 -2.5 -188.864
      vertex 116.38 -2.5 -178.141
      vertex 114.892 -2.5 -188.848
    endloop
  endfacet
  facet normal 0 -1 -0
    outer loop
      vertex 116.38 -2.5 -178.141
      vertex 115.02 -2.5 -188.864
      vertex 117.056 -2.5 -178.223
    endloop
  endfacet
  facet normal 0 -1 0
    outer loop
      vertex 115.727 -2.5 -188.951
      vertex 117.056 -2.5 -178.223
      vertex 115.02 -2.5 -188.864
    endloop
  endfacet
  facet normal 0 -1 -0
    outer loop
      vertex 117.056 -2.5 -178.223
      vertex 115.727 -2.5 -188.951
      vertex 117.187 -2.5 -178.239
    endloop
  endfacet
  facet normal 0 -1 0
    outer loop
      vertex 115.855 -2.5 -188.968
      vertex 117.187 -2.5 -178.239
      vertex 115.727 -2.5 -188.951
    endloop
  endfacet
  facet normal 0 -1 -0
    outer loop
      vertex 117.187 -2.5 -178.239
      vertex 115.855 -2.5 -188.968
      vertex 117.863 -2.5 -178.321
    endloop
  endfacet
  facet normal 0 -1 0
    outer loop
      vertex 116.563 -2.5 -189.055
      vertex 117.863 -2.5 -178.321
      vertex 115.855 -2.5 -188.968
    endloop
  endfacet
  facet normal 0 -1 -0
    outer loop
      vertex 117.863 -2.5 -178.321
      vertex 116.563 -2.5 -189.055
      vertex 117.995 -2.5 -178.337
    endloop
  endfacet
  facet normal 0 -1 0
    outer loop
      vertex 116.69 -2.5 -189.071
      vertex 117.995 -2.5 -178.337
      vertex 116.563 -2.5 -189.055
    endloop
  endfacet
  facet normal 0 -1 -0
    outer loop
      vertex 117.995 -2.5 -178.337
      vertex 116.69 -2.5 -189.071
      vertex 118.671 -2.5 -178.419
    endloop
  endfacet
  facet normal 0 -1 0
    outer loop
      vertex 117.398 -2.5 -189.159
      vertex 118.671 -2.5 -178.419
      vertex 116.69 -2.5 -189.071
    endloop
  endfacet
  facet normal 0 -1 -0
    outer loop
      vertex 118.671 -2.5 -178.419
      vertex 117.398 -2.5 -189.159
      vertex 118.802 -2.5 -178.436
    endloop
  endfacet
  facet normal 0 -1 0
    outer loop
      vertex 117.525 -2.5 -189.175
      vertex 118.802 -2.5 -178.436
      vertex 117.398 -2.5 -189.159
    endloop
  endfacet
  facet normal 0 -1 -0
    outer loop
      vertex 118.802 -2.5 -178.436
      vertex 117.525 -2.5 -189.175
      vertex 119.479 -2.5 -178.518
    endloop
  endfacet
  facet normal 0 -1 0
    outer loop
      vertex 118.233 -2.5 -189.263
      vertex 119.479 -2.5 -178.518
      vertex 117.525 -2.5 -189.175
    endloop
  endfacet
  facet normal 0 -1 -0
    outer loop
      vertex 119.479 -2.5 -178.518
      vertex 118.233 -2.5 -189.263
      vertex 119.609 -2.5 -178.534
    endloop
  endfacet
  facet normal 0 -1 0
    outer loop
      vertex 118.36 -2.5 -189.279
      vertex 119.609 -2.5 -178.534
      vertex 118.233 -2.5 -189.263
    endloop
  endfacet
  facet normal 0 -1 -0
    outer loop
      vertex 119.609 -2.5 -178.534
      vertex 118.36 -2.5 -189.279
      vertex 120.286 -2.5 -178.616
    endloop
  endfacet
  facet normal 0 -1 0
    outer loop
      vertex 119.068 -2.5 -189.367
      vertex 120.286 -2.5 -178.616
      vertex 118.36 -2.5 -189.279
    endloop
  endfacet
  facet normal 0 -1 -0
    outer loop
      vertex 120.286 -2.5 -178.616
      vertex 119.068 -2.5 -189.367
      vertex 120.417 -2.5 -178.632
    endloop
  endfacet
  facet normal 0 -1 0
    outer loop
      vertex 119.195 -2.5 -189.383
      vertex 120.417 -2.5 -178.632
      vertex 119.068 -2.5 -189.367
    endloop
  endfacet
  facet normal 0 -1 -0
    outer loop
      vertex 120.417 -2.5 -178.632
      vertex 119.195 -2.5 -189.383
      vertex 121.094 -2.5 -178.714
    endloop
  endfacet
  facet normal 0 -1 0
    outer loop
      vertex 119.903 -2.5 -189.471
      vertex 121.094 -2.5 -178.714
      vertex 119.195 -2.5 -189.383
    endloop
  endfacet
  facet normal 0 -1 -0
    outer loop
      vertex 121.094 -2.5 -178.714
      vertex 119.903 -2.5 -189.471
      vertex 121.224 -2.5 -178.731
    endloop
  endfacet
  facet normal 0 -1 0
    outer loop
      vertex 119.97 -2.5 -189.479
      vertex 121.224 -2.5 -178.731
      vertex 119.903 -2.5 -189.471
    endloop
  endfacet
  facet normal 0 -1 0
    outer loop
      vertex 125.94 -2.5 -179.305
      vertex 126.011 -2.5 -179.393
      vertex 126.011 -2.5 -179.314
    endloop
  endfacet
  facet normal 0 -1 -0
    outer loop
      vertex 121.224 -2.5 -178.731
      vertex 119.97 -2.5 -189.479
      vertex 121.901 -2.5 -178.813
    endloop
  endfacet
  facet normal 0 -1 -0
    outer loop
      vertex 121.901 -2.5 -178.813
      vertex 119.97 -2.5 -189.479
      vertex 122.032 -2.5 -178.829
    endloop
  endfacet
  facet normal 0 -1 -0
    outer loop
      vertex 122.032 -2.5 -178.829
      vertex 119.97 -2.5 -189.479
      vertex 122.709 -2.5 -178.911
    endloop
  endfacet
  facet normal 0 -1 -0
    outer loop
      vertex 122.709 -2.5 -178.911
      vertex 119.97 -2.5 -189.479
      vertex 122.839 -2.5 -178.927
    endloop
  endfacet
  facet normal 0 -1 -0
    outer loop
      vertex 122.839 -2.5 -178.927
      vertex 119.97 -2.5 -189.479
      vertex 123.517 -2.5 -179.01
    endloop
  endfacet
  facet normal 0 -1 -0
    outer loop
      vertex 123.517 -2.5 -179.01
      vertex 119.97 -2.5 -189.479
      vertex 123.647 -2.5 -179.026
    endloop
  endfacet
  facet normal 0 -1 -0
    outer loop
      vertex 123.647 -2.5 -179.026
      vertex 119.97 -2.5 -189.479
      vertex 124.324 -2.5 -179.108
    endloop
  endfacet
  facet normal 0 -1 -0
    outer loop
      vertex 124.324 -2.5 -179.108
      vertex 119.97 -2.5 -189.479
      vertex 124.454 -2.5 -179.124
    endloop
  endfacet
  facet normal 0 -1 -0
    outer loop
      vertex 124.454 -2.5 -179.124
      vertex 119.97 -2.5 -189.479
      vertex 125.132 -2.5 -179.206
    endloop
  endfacet
  facet normal -0 -1 0
    outer loop
      vertex 126.011 -2.5 -179.393
      vertex 125.132 -2.5 -179.206
      vertex 119.97 -2.5 -189.479
    endloop
  endfacet
  facet normal 0 -1 0
    outer loop
      vertex 125.132 -2.5 -179.206
      vertex 126.011 -2.5 -179.393
      vertex 125.262 -2.5 -179.222
    endloop
  endfacet
  facet normal 0 -1 0
    outer loop
      vertex 125.262 -2.5 -179.222
      vertex 126.011 -2.5 -179.393
      vertex 125.94 -2.5 -179.305
    endloop
  endfacet
  facet normal 0 -1 0
    outer loop
      vertex 119.97 -2.5 -189.563
      vertex 126.011 -2.5 -179.393
      vertex 119.97 -2.5 -189.479
    endloop
  endfacet
  facet normal 0 -1 -0
    outer loop
      vertex 126.011 -2.5 -179.393
      vertex 119.97 -2.5 -189.563
      vertex 150 -2.5 -189.563
    endloop
  endfacet
  facet normal 0 -1 0
    outer loop
      vertex 126.011 -2.5 -179.393
      vertex 150 -2.5 -189.563
      vertex 150 -2.5 -179.393
    endloop
  endfacet
  facet normal 0 -1 0
    outer loop
      vertex 0 -2.5 0
      vertex 9.97099 -2.5 -17.6743
      vertex 9.97099 -2.5 0
    endloop
  endfacet
  facet normal 0 -1 0
    outer loop
      vertex 0 -2.5 -18.9223
      vertex 9.97099 -2.5 -17.6743
      vertex 0 -2.5 0
    endloop
  endfacet
  facet normal 0 -1 0
    outer loop
      vertex 0.0107847 -2.5 -18.9731
      vertex 9.97099 -2.5 -17.6743
      vertex 0 -2.5 -18.9223
    endloop
  endfacet
  facet normal 0 -1 0
    outer loop
      vertex 0.13833 -2.5 -19.57
      vertex 9.97099 -2.5 -17.6743
      vertex 0.0107847 -2.5 -18.9731
    endloop
  endfacet
  facet normal 0 -1 0
    outer loop
      vertex 0.182559 -2.5 -19.778
      vertex 9.97099 -2.5 -17.6743
      vertex 0.13833 -2.5 -19.57
    endloop
  endfacet
  facet normal 0 -1 -0
    outer loop
      vertex 9.97099 -2.5 -17.6743
      vertex 0.182559 -2.5 -19.778
      vertex 10.0035 -2.5 -17.8241
    endloop
  endfacet
  facet normal 0 -1 0
    outer loop
      vertex 0.306662 -2.5 -20.3589
      vertex 10.0035 -2.5 -17.8241
      vertex 0.182559 -2.5 -19.778
    endloop
  endfacet
  facet normal 0 -1 -0
    outer loop
      vertex 10.0035 -2.5 -17.8241
      vertex 0.306662 -2.5 -20.3589
      vertex 10.1338 -2.5 -18.421
    endloop
  endfacet
  facet normal 0 -1 0
    outer loop
      vertex 0.354157 -2.5 -20.5822
      vertex 10.1338 -2.5 -18.421
      vertex 0.306662 -2.5 -20.3589
    endloop
  endfacet
  facet normal 0 -1 -0
    outer loop
      vertex 10.1338 -2.5 -18.421
      vertex 0.354157 -2.5 -20.5822
      vertex 10.1698 -2.5 -18.5871
    endloop
  endfacet
  facet normal 0 -1 0
    outer loop
      vertex 0.474998 -2.5 -21.1479
      vertex 10.1698 -2.5 -18.5871
      vertex 0.354157 -2.5 -20.5822
    endloop
  endfacet
  facet normal 0 -1 -0
    outer loop
      vertex 10.1698 -2.5 -18.5871
      vertex 0.474998 -2.5 -21.1479
      vertex 10.2965 -2.5 -19.1679
    endloop
  endfacet
  facet normal 0 -1 0
    outer loop
      vertex 0.525591 -2.5 -21.3858
      vertex 10.2965 -2.5 -19.1679
      vertex 0.474998 -2.5 -21.1479
    endloop
  endfacet
  facet normal 0 -1 -0
    outer loop
      vertex 10.2965 -2.5 -19.1679
      vertex 0.525591 -2.5 -21.3858
      vertex 10.3359 -2.5 -19.3493
    endloop
  endfacet
  facet normal 0 -1 0
    outer loop
      vertex 0.64333 -2.5 -21.937
      vertex 10.3359 -2.5 -19.3493
      vertex 0.525591 -2.5 -21.3858
    endloop
  endfacet
  facet normal 0 -1 -0
    outer loop
      vertex 10.3359 -2.5 -19.3493
      vertex 0.64333 -2.5 -21.937
      vertex 10.4593 -2.5 -19.915
    endloop
  endfacet
  facet normal 0 -1 0
    outer loop
      vertex 0.696868 -2.5 -22.1888
      vertex 10.4593 -2.5 -19.915
      vertex 0.64333 -2.5 -21.937
    endloop
  endfacet
  facet normal 0 -1 -0
    outer loop
      vertex 10.4593 -2.5 -19.915
      vertex 0.696868 -2.5 -22.1888
      vertex 10.5019 -2.5 -20.111
    endloop
  endfacet
  facet normal 0 -1 -0
    outer loop
      vertex 10.5019 -2.5 -20.111
      vertex 0.696868 -2.5 -22.1888
      vertex 10.6221 -2.5 -20.6622
    endloop
  endfacet
  facet normal 0 -1 0
    outer loop
      vertex 0.811666 -2.5 -22.7263
      vertex 10.6221 -2.5 -20.6622
      vertex 0.696868 -2.5 -22.1888
    endloop
  endfacet
  facet normal 0 -1 -0
    outer loop
      vertex 10.6221 -2.5 -20.6622
      vertex 0.811666 -2.5 -22.7263
      vertex 10.6677 -2.5 -20.872
    endloop
  endfacet
  facet normal 0 -1 0
    outer loop
      vertex 0.868002 -2.5 -22.9912
      vertex 10.6677 -2.5 -20.872
      vertex 0.811666 -2.5 -22.7263
    endloop
  endfacet
  facet normal 0 -1 -0
    outer loop
      vertex 10.6677 -2.5 -20.872
      vertex 0.868002 -2.5 -22.9912
      vertex 10.7849 -2.5 -21.4095
    endloop
  endfacet
  facet normal 0 -1 0
    outer loop
      vertex 0.979998 -2.5 -23.5157
      vertex 10.7849 -2.5 -21.4095
      vertex 0.868002 -2.5 -22.9912
    endloop
  endfacet
  facet normal 0 -1 -0
    outer loop
      vertex 10.7849 -2.5 -21.4095
      vertex 0.979998 -2.5 -23.5157
      vertex 10.8333 -2.5 -21.6325
    endloop
  endfacet
  facet normal 0 -1 0
    outer loop
      vertex 1.039 -2.5 -23.7931
      vertex 10.8333 -2.5 -21.6325
      vertex 0.979998 -2.5 -23.5157
    endloop
  endfacet
  facet normal 0 -1 -0
    outer loop
      vertex 10.8333 -2.5 -21.6325
      vertex 1.039 -2.5 -23.7931
      vertex 10.9477 -2.5 -22.1569
    endloop
  endfacet
  facet normal 0 -1 0
    outer loop
      vertex 1.14833 -2.5 -24.3051
      vertex 10.9477 -2.5 -22.1569
      vertex 1.039 -2.5 -23.7931
    endloop
  endfacet
  facet normal 0 -1 -0
    outer loop
      vertex 10.9477 -2.5 -22.1569
      vertex 1.14833 -2.5 -24.3051
      vertex 10.9988 -2.5 -22.3924
    endloop
  endfacet
  facet normal 0 -1 0
    outer loop
      vertex 1.20988 -2.5 -24.5946
      vertex 10.9988 -2.5 -22.3924
      vertex 1.14833 -2.5 -24.3051
    endloop
  endfacet
  facet normal 0 -1 -0
    outer loop
      vertex 10.9988 -2.5 -22.3924
      vertex 1.20988 -2.5 -24.5946
      vertex 11.1104 -2.5 -22.9044
    endloop
  endfacet
  facet normal 0 -1 0
    outer loop
      vertex 1.31667 -2.5 -25.0947
      vertex 11.1104 -2.5 -22.9044
      vertex 1.20988 -2.5 -24.5946
    endloop
  endfacet
  facet normal 0 -1 -0
    outer loop
      vertex 11.1104 -2.5 -22.9044
      vertex 1.31667 -2.5 -25.0947
      vertex 11.1642 -2.5 -23.1519
    endloop
  endfacet
  facet normal 0 -1 0
    outer loop
      vertex 1.38064 -2.5 -25.3956
      vertex 11.1642 -2.5 -23.1519
      vertex 1.31667 -2.5 -25.0947
    endloop
  endfacet
  facet normal 0 -1 -0
    outer loop
      vertex 11.1642 -2.5 -23.1519
      vertex 1.38064 -2.5 -25.3956
      vertex 11.2732 -2.5 -23.6521
    endloop
  endfacet
  facet normal 0 -1 0
    outer loop
      vertex 1.485 -2.5 -25.8844
      vertex 11.2732 -2.5 -23.6521
      vertex 1.38064 -2.5 -25.3956
    endloop
  endfacet
  facet normal 0 -1 -0
    outer loop
      vertex 11.2732 -2.5 -23.6521
      vertex 1.485 -2.5 -25.8844
      vertex 11.3294 -2.5 -23.911
    endloop
  endfacet
  facet normal 0 -1 0
    outer loop
      vertex 1.55129 -2.5 -26.1962
      vertex 11.3294 -2.5 -23.911
      vertex 1.485 -2.5 -25.8844
    endloop
  endfacet
  facet normal 0 -1 -0
    outer loop
      vertex 11.3294 -2.5 -23.911
      vertex 1.55129 -2.5 -26.1962
      vertex 11.436 -2.5 -24.3998
    endloop
  endfacet
  facet normal 0 -1 0
    outer loop
      vertex 1.65333 -2.5 -26.6742
      vertex 11.436 -2.5 -24.3998
      vertex 1.55129 -2.5 -26.1962
    endloop
  endfacet
  facet normal 0 -1 -0
    outer loop
      vertex 11.436 -2.5 -24.3998
      vertex 1.65333 -2.5 -26.6742
      vertex 11.4946 -2.5 -24.6696
    endloop
  endfacet
  facet normal 0 -1 0
    outer loop
      vertex 1.72184 -2.5 -26.9964
      vertex 11.4946 -2.5 -24.6696
      vertex 1.65333 -2.5 -26.6742
    endloop
  endfacet
  facet normal 0 -1 -0
    outer loop
      vertex 11.4946 -2.5 -24.6696
      vertex 1.72184 -2.5 -26.9964
      vertex 11.5988 -2.5 -25.1476
    endloop
  endfacet
  facet normal 0 -1 0
    outer loop
      vertex 1.82166 -2.5 -27.464
      vertex 11.5988 -2.5 -25.1476
      vertex 1.72184 -2.5 -26.9964
    endloop
  endfacet
  facet normal 0 -1 -0
    outer loop
      vertex 11.5988 -2.5 -25.1476
      vertex 1.82166 -2.5 -27.464
      vertex 11.6596 -2.5 -25.4278
    endloop
  endfacet
  facet normal 0 -1 0
    outer loop
      vertex 1.8923 -2.5 -27.7962
      vertex 11.6596 -2.5 -25.4278
      vertex 1.82166 -2.5 -27.464
    endloop
  endfacet
  facet normal 0 -1 -0
    outer loop
      vertex 11.6596 -2.5 -25.4278
      vertex 1.8923 -2.5 -27.7962
      vertex 11.7615 -2.5 -25.8955
    endloop
  endfacet
  facet normal 0 -1 0
    outer loop
      vertex 1.99 -2.5 -28.2539
      vertex 11.7615 -2.5 -25.8955
      vertex 1.8923 -2.5 -27.7962
    endloop
  endfacet
  facet normal 0 -1 -0
    outer loop
      vertex 11.7615 -2.5 -25.8955
      vertex 1.99 -2.5 -28.2539
      vertex 11.8246 -2.5 -26.1857
    endloop
  endfacet
  facet normal 0 -1 0
    outer loop
      vertex 2.06267 -2.5 -28.5957
      vertex 11.8246 -2.5 -26.1857
      vertex 1.99 -2.5 -28.2539
    endloop
  endfacet
  facet normal 0 -1 -0
    outer loop
      vertex 11.8246 -2.5 -26.1857
      vertex 2.06267 -2.5 -28.5957
      vertex 11.9243 -2.5 -26.6434
    endloop
  endfacet
  facet normal 0 -1 0
    outer loop
      vertex 2.15833 -2.5 -29.0439
      vertex 11.9243 -2.5 -26.6434
      vertex 2.06267 -2.5 -28.5957
    endloop
  endfacet
  facet normal 0 -1 -0
    outer loop
      vertex 11.9243 -2.5 -26.6434
      vertex 2.15833 -2.5 -29.0439
      vertex 11.9894 -2.5 -26.9432
    endloop
  endfacet
  facet normal 0 -1 0
    outer loop
      vertex 2.23295 -2.5 -29.3949
      vertex 11.9894 -2.5 -26.9432
      vertex 2.15833 -2.5 -29.0439
    endloop
  endfacet
  facet normal 0 -1 -0
    outer loop
      vertex 11.9894 -2.5 -26.9432
      vertex 2.23295 -2.5 -29.3949
      vertex 12.0871 -2.5 -27.3915
    endloop
  endfacet
  facet normal 0 -1 -0
    outer loop
      vertex 12.0871 -2.5 -27.3915
      vertex 2.23295 -2.5 -29.3949
      vertex 12.1542 -2.5 -27.7005
    endloop
  endfacet
  facet normal 0 -1 0
    outer loop
      vertex 2.32666 -2.5 -29.834
      vertex 12.1542 -2.5 -27.7005
      vertex 2.23295 -2.5 -29.3949
    endloop
  endfacet
  facet normal 0 -1 -0
    outer loop
      vertex 12.1542 -2.5 -27.7005
      vertex 2.32666 -2.5 -29.834
      vertex 12.2499 -2.5 -28.1396
    endloop
  endfacet
  facet normal 0 -1 0
    outer loop
      vertex 2.40316 -2.5 -30.1937
      vertex 12.2499 -2.5 -28.1396
      vertex 2.32666 -2.5 -29.834
    endloop
  endfacet
  facet normal 0 -1 -0
    outer loop
      vertex 12.2499 -2.5 -28.1396
      vertex 2.40316 -2.5 -30.1937
      vertex 12.3189 -2.5 -28.4574
    endloop
  endfacet
  facet normal 0 -1 0
    outer loop
      vertex 2.495 -2.5 -30.6241
      vertex 12.3189 -2.5 -28.4574
      vertex 2.40316 -2.5 -30.1937
    endloop
  endfacet
  facet normal 0 -1 -0
    outer loop
      vertex 12.3189 -2.5 -28.4574
      vertex 2.495 -2.5 -30.6241
      vertex 12.4127 -2.5 -28.8877
    endloop
  endfacet
  facet normal 0 -1 0
    outer loop
      vertex 2.57329 -2.5 -30.9923
      vertex 12.4127 -2.5 -28.8877
      vertex 2.495 -2.5 -30.6241
    endloop
  endfacet
  facet normal 0 -1 -0
    outer loop
      vertex 12.4127 -2.5 -28.8877
      vertex 2.57329 -2.5 -30.9923
      vertex 12.4835 -2.5 -29.214
    endloop
  endfacet
  facet normal 0 -1 0
    outer loop
      vertex 2.66333 -2.5 -31.4143
      vertex 12.4835 -2.5 -29.214
      vertex 2.57329 -2.5 -30.9923
    endloop
  endfacet
  facet normal 0 -1 -0
    outer loop
      vertex 12.4835 -2.5 -29.214
      vertex 2.66333 -2.5 -31.4143
      vertex 12.5754 -2.5 -29.636
    endloop
  endfacet
  facet normal 0 -1 0
    outer loop
      vertex 2.74336 -2.5 -31.7907
      vertex 12.5754 -2.5 -29.636
      vertex 2.66333 -2.5 -31.4143
    endloop
  endfacet
  facet normal 0 -1 -0
    outer loop
      vertex 12.5754 -2.5 -29.636
      vertex 2.74336 -2.5 -31.7907
      vertex 12.648 -2.5 -29.9704
    endloop
  endfacet
  facet normal 0 -1 0
    outer loop
      vertex 2.83166 -2.5 -32.2045
      vertex 12.648 -2.5 -29.9704
      vertex 2.74336 -2.5 -31.7907
    endloop
  endfacet
  facet normal 0 -1 -0
    outer loop
      vertex 12.648 -2.5 -29.9704
      vertex 2.83166 -2.5 -32.2045
      vertex 12.6545 -2.5 -30
    endloop
  endfacet
  facet normal 0 -1 0
    outer loop
      vertex 2.91336 -2.5 -32.5887
      vertex 12.6545 -2.5 -30
      vertex 2.83166 -2.5 -32.2045
    endloop
  endfacet
  facet normal 0 -1 0
    outer loop
      vertex 3 -2.5 -32.9948
      vertex 12.6545 -2.5 -30
      vertex 2.91336 -2.5 -32.5887
    endloop
  endfacet
  facet normal 0 -1 0
    outer loop
      vertex 3.0833 -2.5 -33.3866
      vertex 12.6545 -2.5 -30
      vertex 3 -2.5 -32.9948
    endloop
  endfacet
  facet normal 0 -1 0
    outer loop
      vertex 12.6545 -2.5 -30
      vertex 17.5302 -2.5 -30.4318
      vertex 17.4403 -2.5 -30
    endloop
  endfacet
  facet normal 0 -1 0
    outer loop
      vertex 3.16833 -2.5 -33.7852
      vertex 12.6545 -2.5 -30
      vertex 3.0833 -2.5 -33.3866
    endloop
  endfacet
  facet normal 0 -1 0
    outer loop
      vertex 12.6545 -2.5 -30
      vertex 17.5838 -2.5 -30.6902
      vertex 17.5302 -2.5 -30.4318
    endloop
  endfacet
  facet normal 0 -1 0
    outer loop
      vertex 3.25318 -2.5 -34.1842
      vertex 12.6545 -2.5 -30
      vertex 3.16833 -2.5 -33.7852
    endloop
  endfacet
  facet normal 0 -1 0
    outer loop
      vertex 12.6545 -2.5 -30
      vertex 17.6901 -2.5 -31.2011
      vertex 17.5838 -2.5 -30.6902
    endloop
  endfacet
  facet normal 0 -1 0
    outer loop
      vertex 3.33666 -2.5 -34.5756
      vertex 12.6545 -2.5 -30
      vertex 3.25318 -2.5 -34.1842
    endloop
  endfacet
  facet normal 0 -1 0
    outer loop
      vertex 12.6545 -2.5 -30
      vertex 17.7457 -2.5 -31.4692
      vertex 17.6901 -2.5 -31.2011
    endloop
  endfacet
  facet normal 0 -1 0
    outer loop
      vertex 3.423 -2.5 -34.9816
      vertex 12.6545 -2.5 -30
      vertex 3.33666 -2.5 -34.5756
    endloop
  endfacet
  facet normal 0 -1 0
    outer loop
      vertex 12.6545 -2.5 -30
      vertex 17.85 -2.5 -31.9705
      vertex 17.7457 -2.5 -31.4692
    endloop
  endfacet
  facet normal 0 -1 0
    outer loop
      vertex 3.505 -2.5 -35.366
      vertex 12.6545 -2.5 -30
      vertex 3.423 -2.5 -34.9816
    endloop
  endfacet
  facet normal 0 -1 0
    outer loop
      vertex 12.6545 -2.5 -30
      vertex 17.9075 -2.5 -32.2479
      vertex 17.85 -2.5 -31.9705
    endloop
  endfacet
  facet normal 0 -1 0
    outer loop
      vertex 3.59277 -2.5 -35.7788
      vertex 12.6545 -2.5 -30
      vertex 3.505 -2.5 -35.366
    endloop
  endfacet
  facet normal -0 -1 0
    outer loop
      vertex 18.231 -2.5 -33.8045
      vertex 12.6545 -2.5 -30
      vertex 14.8291 -2.5 -40
    endloop
  endfacet
  facet normal 0 -1 0
    outer loop
      vertex 12.6545 -2.5 -30
      vertex 18.0099 -2.5 -32.7399
      vertex 17.9075 -2.5 -32.2479
    endloop
  endfacet
  facet normal 0 -1 0
    outer loop
      vertex 12.6545 -2.5 -30
      vertex 18.0693 -2.5 -33.0263
      vertex 18.0099 -2.5 -32.7399
    endloop
  endfacet
  facet normal 0 -1 0
    outer loop
      vertex 12.6545 -2.5 -30
      vertex 18.1698 -2.5 -33.5094
      vertex 18.0693 -2.5 -33.0263
    endloop
  endfacet
  facet normal 0 -1 -0
    outer loop
      vertex 18.231 -2.5 -33.8045
      vertex 14.8291 -2.5 -40
      vertex 18.3298 -2.5 -34.279
    endloop
  endfacet
  facet normal 0 -1 -0
    outer loop
      vertex 18.3298 -2.5 -34.279
      vertex 14.8291 -2.5 -40
      vertex 18.3927 -2.5 -34.5824
    endloop
  endfacet
  facet normal 0 -1 -0
    outer loop
      vertex 18.3927 -2.5 -34.5824
      vertex 14.8291 -2.5 -40
      vertex 18.4897 -2.5 -35.0486
    endloop
  endfacet
  facet normal 0 -1 0
    outer loop
      vertex 12.6545 -2.5 -30
      vertex 18.231 -2.5 -33.8045
      vertex 18.1698 -2.5 -33.5094
    endloop
  endfacet
  facet normal 0 -1 0
    outer loop
      vertex 3.67333 -2.5 -36.1565
      vertex 12.6545 -2.5 -30
      vertex 3.59277 -2.5 -35.7788
    endloop
  endfacet
  facet normal 0 -1 -0
    outer loop
      vertex 18.4897 -2.5 -35.0486
      vertex 14.8291 -2.5 -40
      vertex 18.5543 -2.5 -35.3601
    endloop
  endfacet
  facet normal 0 -1 -0
    outer loop
      vertex 18.5543 -2.5 -35.3601
      vertex 14.8291 -2.5 -40
      vertex 18.6496 -2.5 -35.8183
    endloop
  endfacet
  facet normal 0 -1 0
    outer loop
      vertex 3.76249 -2.5 -36.5758
      vertex 12.6545 -2.5 -30
      vertex 3.67333 -2.5 -36.1565
    endloop
  endfacet
  facet normal 0 -1 0
    outer loop
      vertex 3.84166 -2.5 -36.947
      vertex 12.6545 -2.5 -30
      vertex 3.76249 -2.5 -36.5758
    endloop
  endfacet
  facet normal 0 -1 -0
    outer loop
      vertex 18.6496 -2.5 -35.8183
      vertex 14.8291 -2.5 -40
      vertex 18.7158 -2.5 -36.1375
    endloop
  endfacet
  facet normal 0 -1 -0
    outer loop
      vertex 18.7158 -2.5 -36.1375
      vertex 14.8291 -2.5 -40
      vertex 18.8095 -2.5 -36.588
    endloop
  endfacet
  facet normal 0 -1 -0
    outer loop
      vertex 12.6545 -2.5 -30
      vertex 3.84166 -2.5 -36.947
      vertex 14.8291 -2.5 -40
    endloop
  endfacet
  facet normal 0 -1 -0
    outer loop
      vertex 18.8095 -2.5 -36.588
      vertex 14.8291 -2.5 -40
      vertex 18.8773 -2.5 -36.9148
    endloop
  endfacet
  facet normal 0 -1 0
    outer loop
      vertex 14.8291 -2.5 -40
      vertex 3.84166 -2.5 -36.947
      vertex 3.93217 -2.5 -37.3726
    endloop
  endfacet
  facet normal 0 -1 -0
    outer loop
      vertex 18.8773 -2.5 -36.9148
      vertex 14.8291 -2.5 -40
      vertex 18.9694 -2.5 -37.3577
    endloop
  endfacet
  facet normal 0 -1 0
    outer loop
      vertex 14.8291 -2.5 -40
      vertex 3.93217 -2.5 -37.3726
      vertex 4.01 -2.5 -37.7375
    endloop
  endfacet
  facet normal 0 -1 -0
    outer loop
      vertex 18.9694 -2.5 -37.3577
      vertex 14.8291 -2.5 -40
      vertex 19.0387 -2.5 -37.6918
    endloop
  endfacet
  facet normal 0 -1 0
    outer loop
      vertex 14.8291 -2.5 -40
      vertex 4.01 -2.5 -37.7375
      vertex 4.1018 -2.5 -38.1693
    endloop
  endfacet
  facet normal 0 -1 -0
    outer loop
      vertex 19.0387 -2.5 -37.6918
      vertex 14.8291 -2.5 -40
      vertex 19.1293 -2.5 -38.1275
    endloop
  endfacet
  facet normal 0 -1 0
    outer loop
      vertex 14.8291 -2.5 -40
      vertex 4.1018 -2.5 -38.1693
      vertex 4.17833 -2.5 -38.5281
    endloop
  endfacet
  facet normal 0 -1 -0
    outer loop
      vertex 19.1293 -2.5 -38.1275
      vertex 14.8291 -2.5 -40
      vertex 19.2001 -2.5 -38.4686
    endloop
  endfacet
  facet normal 0 -1 0
    outer loop
      vertex 14.8291 -2.5 -40
      vertex 4.17833 -2.5 -38.5281
      vertex 4.27139 -2.5 -38.9658
    endloop
  endfacet
  facet normal 0 -1 -0
    outer loop
      vertex 19.2001 -2.5 -38.4686
      vertex 14.8291 -2.5 -40
      vertex 19.2892 -2.5 -38.8974
    endloop
  endfacet
  facet normal 0 -1 0
    outer loop
      vertex 14.8291 -2.5 -40
      vertex 4.27139 -2.5 -38.9658
      vertex 4.34667 -2.5 -39.3187
    endloop
  endfacet
  facet normal 0 -1 -0
    outer loop
      vertex 19.2892 -2.5 -38.8974
      vertex 14.8291 -2.5 -40
      vertex 19.3614 -2.5 -39.2453
    endloop
  endfacet
  facet normal 0 -1 0
    outer loop
      vertex 14.8291 -2.5 -40
      vertex 4.34667 -2.5 -39.3187
      vertex 4.44094 -2.5 -39.7621
    endloop
  endfacet
  facet normal 0 -1 -0
    outer loop
      vertex 19.3614 -2.5 -39.2453
      vertex 14.8291 -2.5 -40
      vertex 19.4492 -2.5 -39.6673
    endloop
  endfacet
  facet normal 0 -1 -0
    outer loop
      vertex 19.4492 -2.5 -39.6673
      vertex 14.8291 -2.5 -40
      vertex 19.5182 -2.5 -40
    endloop
  endfacet
  facet normal 0 -1 0
    outer loop
      vertex 97.059 -2.5 -175.787
      vertex 97.059 -2.5 -175.798
      vertex 97.6724 -2.5 -175.861
    endloop
  endfacet
endsolid OpenSCAD_Model
