solid OpenSCAD_Model
  facet normal 1 -0 0
    outer loop
      vertex 31 -24 2
      vertex 31 24 -8
      vertex 31 24 2
    endloop
  endfacet
  facet normal 1 0 0
    outer loop
      vertex 31 24 -8
      vertex 31 -24 2
      vertex 31 -24 -8
    endloop
  endfacet
  facet normal 0 0 1
    outer loop
      vertex -22.5295 2.28505 2
      vertex -22.8202 2.22643 2
      vertex -22.5361 1.91299 2
    endloop
  endfacet
  facet normal 0 0 1
    outer loop
      vertex -22.8202 2.22643 2
      vertex -22.5295 2.28505 2
      vertex -22.7128 2.56821 2
    endloop
  endfacet
  facet normal 0 0 1
    outer loop
      vertex -22.5185 2.65123 2
      vertex -22.7128 2.56821 2
      vertex -22.5295 2.28505 2
    endloop
  endfacet
  facet normal 0 0 1
    outer loop
      vertex -22.7128 2.56821 2
      vertex -22.5185 2.65123 2
      vertex -22.6005 2.94807 2
    endloop
  endfacet
  facet normal 0 0 1
    outer loop
      vertex -22.5031 3.01157 2
      vertex -22.6005 2.94807 2
      vertex -22.5185 2.65123 2
    endloop
  endfacet
  facet normal 0 0 1
    outer loop
      vertex -22.6005 2.94807 2
      vertex -22.5031 3.01157 2
      vertex -22.4834 3.36604 2
    endloop
  endfacet
  facet normal 0 0 1
    outer loop
      vertex -20.1817 -0.894012 2
      vertex -21.4885 -4.20187 2
      vertex -20.1521 -1.52907 2
    endloop
  endfacet
  facet normal 0 0 1
    outer loop
      vertex -12.5993 3.87868 2
      vertex -21.8 13.7019 2
      vertex -21.4885 4.39743 2
    endloop
  endfacet
  facet normal 0 0 1
    outer loop
      vertex -21.8 13.7019 2
      vertex -22.9837 4.39743 2
      vertex -21.4885 4.39743 2
    endloop
  endfacet
  facet normal -0 0 1
    outer loop
      vertex -24.8 13.7019 2
      vertex -22.9837 4.39743 2
      vertex -21.8 13.7019 2
    endloop
  endfacet
  facet normal 0 0 1
    outer loop
      vertex -28.318 4.39743 2
      vertex -22.9837 4.39743 2
      vertex -24.8 13.7019 2
    endloop
  endfacet
  facet normal 0 0 1
    outer loop
      vertex -22.9837 4.39743 2
      vertex -28.318 4.39743 2
      vertex -25.2297 -1.56532 2
    endloop
  endfacet
  facet normal 0 -0 1
    outer loop
      vertex -26.0293 -1.56532 2
      vertex -25.2297 -1.56532 2
      vertex -28.318 4.39743 2
    endloop
  endfacet
  facet normal 0 0 1
    outer loop
      vertex -25.2297 -1.56532 2
      vertex -26.0293 -1.56532 2
      vertex -25.2557 -1.63135 2
    endloop
  endfacet
  facet normal 0 -0 1
    outer loop
      vertex -25.9808 -1.71143 2
      vertex -25.2557 -1.63135 2
      vertex -26.0293 -1.56532 2
    endloop
  endfacet
  facet normal 0 0 1
    outer loop
      vertex -25.2557 -1.63135 2
      vertex -25.9808 -1.71143 2
      vertex -25.2898 -1.72693 2
    endloop
  endfacet
  facet normal 0 0 1
    outer loop
      vertex -25.2898 -1.72693 2
      vertex -25.9808 -1.71143 2
      vertex -25.3319 -1.85205 2
    endloop
  endfacet
  facet normal 0 0 1
    outer loop
      vertex -25.3319 -1.85205 2
      vertex -25.9331 -1.86169 2
      vertex -25.3821 -2.0067 2
    endloop
  endfacet
  facet normal 0 -0 1
    outer loop
      vertex -25.8861 -2.01611 2
      vertex -25.3821 -2.0067 2
      vertex -25.9331 -1.86169 2
    endloop
  endfacet
  facet normal 0 0 1
    outer loop
      vertex -25.3821 -2.0067 2
      vertex -25.8861 -2.01611 2
      vertex -25.4403 -2.1909 2
    endloop
  endfacet
  facet normal 0 -0 1
    outer loop
      vertex -25.7522 -2.49304 2
      vertex -25.4983 -2.37971 2
      vertex -25.7944 -2.33743 2
    endloop
  endfacet
  facet normal 0 0 1
    outer loop
      vertex -25.621 -2.82462 2
      vertex -25.6625 -2.85004 2
      vertex -25.6448 -2.93242 2
    endloop
  endfacet
  facet normal 0 0 1
    outer loop
      vertex -25.621 -2.82462 2
      vertex -25.6863 -2.74934 2
      vertex -25.6625 -2.85004 2
    endloop
  endfacet
  facet normal 0 0 1
    outer loop
      vertex -25.5886 -2.69658 2
      vertex -25.6863 -2.74934 2
      vertex -25.621 -2.82462 2
    endloop
  endfacet
  facet normal 0 -0 1
    outer loop
      vertex -25.6863 -2.74934 2
      vertex -25.5886 -2.69658 2
      vertex -25.7162 -2.63036 2
    endloop
  endfacet
  facet normal 0 0 1
    outer loop
      vertex -25.5477 -2.54828 2
      vertex -25.7162 -2.63036 2
      vertex -25.5886 -2.69658 2
    endloop
  endfacet
  facet normal 0 -0 1
    outer loop
      vertex -25.7162 -2.63036 2
      vertex -25.5477 -2.54828 2
      vertex -25.7522 -2.49304 2
    endloop
  endfacet
  facet normal 0 0 1
    outer loop
      vertex -25.4983 -2.37971 2
      vertex -25.7522 -2.49304 2
      vertex -25.5477 -2.54828 2
    endloop
  endfacet
  facet normal 0 0 1
    outer loop
      vertex -25.4403 -2.1909 2
      vertex -25.7944 -2.33743 2
      vertex -25.4983 -2.37971 2
    endloop
  endfacet
  facet normal 0 -0 1
    outer loop
      vertex -25.7944 -2.33743 2
      vertex -25.4403 -2.1909 2
      vertex -25.8399 -2.1747 2
    endloop
  endfacet
  facet normal -0 -0 1
    outer loop
      vertex -25.8399 -2.1747 2
      vertex -25.4403 -2.1909 2
      vertex -25.8861 -2.01611 2
    endloop
  endfacet
  facet normal 0 0 1
    outer loop
      vertex -29.8498 4.39743 2
      vertex -24.8 13.7019 2
      vertex -26.3 16.3 2
    endloop
  endfacet
  facet normal 0 -0 1
    outer loop
      vertex -25.9331 -1.86169 2
      vertex -25.3319 -1.85205 2
      vertex -25.9808 -1.71143 2
    endloop
  endfacet
  facet normal 0 0 1
    outer loop
      vertex -14.3942 0.360336 2
      vertex -12.9655 1.60222 2
      vertex -13.7284 1.60222 2
    endloop
  endfacet
  facet normal 0 0 1
    outer loop
      vertex -9.8828 0.336365 2
      vertex -11.867 1.60222 2
      vertex -10.0012 -0.894012 2
    endloop
  endfacet
  facet normal 0 0 1
    outer loop
      vertex -10.0012 -0.894012 2
      vertex -11.867 -2.56621 2
      vertex -10.5365 -3.34129 2
    endloop
  endfacet
  facet normal 0 0 1
    outer loop
      vertex -10.5365 -3.34129 2
      vertex -11.867 -2.56621 2
      vertex -10.6947 -3.37207 2
    endloop
  endfacet
  facet normal 0 0 1
    outer loop
      vertex -10.6947 -3.37207 2
      vertex -11.867 -2.56621 2
      vertex -10.8372 -3.39601 2
    endloop
  endfacet
  facet normal 0 0 1
    outer loop
      vertex -10.8372 -3.39601 2
      vertex -11.867 -2.56621 2
      vertex -10.9642 -3.4131 2
    endloop
  endfacet
  facet normal -0 -0 1
    outer loop
      vertex -11.8607 -2.7453 2
      vertex -10.9642 -3.4131 2
      vertex -11.867 -2.56621 2
    endloop
  endfacet
  facet normal 0 0 1
    outer loop
      vertex -10.9642 -3.4131 2
      vertex -11.8607 -2.7453 2
      vertex -11.0755 -3.42337 2
    endloop
  endfacet
  facet normal 0 0 1
    outer loop
      vertex -11.0755 -3.42337 2
      vertex -11.8607 -2.7453 2
      vertex -11.1712 -3.42679 2
    endloop
  endfacet
  facet normal -0 -0 1
    outer loop
      vertex -11.8421 -2.90167 2
      vertex -11.1712 -3.42679 2
      vertex -11.8607 -2.7453 2
    endloop
  endfacet
  facet normal 0 0 1
    outer loop
      vertex -11.1712 -3.42679 2
      vertex -11.8421 -2.90167 2
      vertex -11.3158 -3.4191 2
    endloop
  endfacet
  facet normal -0 -0 1
    outer loop
      vertex -11.8109 -3.03534 2
      vertex -11.3158 -3.4191 2
      vertex -11.8421 -2.90167 2
    endloop
  endfacet
  facet normal 0 0 1
    outer loop
      vertex -11.3158 -3.4191 2
      vertex -11.8109 -3.03534 2
      vertex -11.4422 -3.39603 2
    endloop
  endfacet
  facet normal 0 0 1
    outer loop
      vertex -11.4422 -3.39603 2
      vertex -11.8109 -3.03534 2
      vertex -11.5502 -3.35757 2
    endloop
  endfacet
  facet normal -0 -0 1
    outer loop
      vertex -11.7674 -3.1463 2
      vertex -11.5502 -3.35757 2
      vertex -11.8109 -3.03534 2
    endloop
  endfacet
  facet normal 0 0 1
    outer loop
      vertex -11.5502 -3.35757 2
      vertex -11.7674 -3.1463 2
      vertex -11.6399 -3.30376 2
    endloop
  endfacet
  facet normal 0 0 1
    outer loop
      vertex -10.0012 -0.894012 2
      vertex -11.867 1.60222 2
      vertex -11.867 -2.56621 2
    endloop
  endfacet
  facet normal 0 0 1
    outer loop
      vertex -11.6399 -3.30376 2
      vertex -11.7674 -3.1463 2
      vertex -11.7113 -3.23454 2
    endloop
  endfacet
  facet normal 0 0 1
    outer loop
      vertex -10.6463 2.40169 2
      vertex -11.867 3.87868 2
      vertex -11.867 2.40169 2
    endloop
  endfacet
  facet normal 0 0 1
    outer loop
      vertex -20.1521 -1.52907 2
      vertex -21.4885 -4.20187 2
      vertex -20.3 -16.3 2
    endloop
  endfacet
  facet normal 0 0 1
    outer loop
      vertex -21.4885 -4.20187 2
      vertex -21.8 -13.7019 2
      vertex -20.3 -16.3 2
    endloop
  endfacet
  facet normal -0 0 1
    outer loop
      vertex -22.5383 -4.20187 2
      vertex -21.8 -13.7019 2
      vertex -21.4885 -4.20187 2
    endloop
  endfacet
  facet normal -0 0 1
    outer loop
      vertex -22.9228 1.92273 2
      vertex -22.5361 1.91299 2
      vertex -22.8202 2.22643 2
    endloop
  endfacet
  facet normal 0 0 1
    outer loop
      vertex -22.5361 1.91299 2
      vertex -22.9228 1.92273 2
      vertex -22.5383 1.53508 2
    endloop
  endfacet
  facet normal -0 0 1
    outer loop
      vertex -23.0204 1.65712 2
      vertex -22.5383 1.53508 2
      vertex -22.9228 1.92273 2
    endloop
  endfacet
  facet normal 0 0 1
    outer loop
      vertex -22.5383 1.53508 2
      vertex -23.0204 1.65712 2
      vertex -22.5383 -4.20187 2
    endloop
  endfacet
  facet normal 0 0 1
    outer loop
      vertex -25.2419 -4.20187 2
      vertex -22.5383 -4.20187 2
      vertex -23.0204 1.65712 2
    endloop
  endfacet
  facet normal 0 -0 1
    outer loop
      vertex -24.8 -13.7019 2
      vertex -22.5383 -4.20187 2
      vertex -25.2419 -4.20187 2
    endloop
  endfacet
  facet normal 0 0 1
    outer loop
      vertex -22.5383 -4.20187 2
      vertex -24.8 -13.7019 2
      vertex -21.8 -13.7019 2
    endloop
  endfacet
  facet normal -0 0 1
    outer loop
      vertex -26.0598 -4.20187 2
      vertex -24.8 -13.7019 2
      vertex -25.2419 -4.20187 2
    endloop
  endfacet
  facet normal -0 0 1
    outer loop
      vertex -28.8122 -4.20187 2
      vertex -24.8 -13.7019 2
      vertex -26.0598 -4.20187 2
    endloop
  endfacet
  facet normal 0 0 1
    outer loop
      vertex -28.8122 -4.20187 2
      vertex -26.0598 -4.20187 2
      vertex -28.3118 1.65712 2
    endloop
  endfacet
  facet normal 0 0 1
    outer loop
      vertex -28.6536 2.69464 2
      vertex -28.8367 2.68852 2
      vertex -28.8122 1.53508 2
    endloop
  endfacet
  facet normal 0 -0 1
    outer loop
      vertex -28.8367 2.68852 2
      vertex -28.6536 2.69464 2
      vertex -28.855 3.36604 2
    endloop
  endfacet
  facet normal 0 0 1
    outer loop
      vertex -4.12802 -0.230087 2
      vertex -2.87053 0.863678 2
      vertex -2.87199 1.14786 2
    endloop
  endfacet
  facet normal -0 0 1
    outer loop
      vertex 9.76149 1.37297 2
      vertex 11.0255 0.942581 2
      vertex 9.82558 1.57144 2
    endloop
  endfacet
  facet normal -0 0 1
    outer loop
      vertex 9.67911 1.17499 2
      vertex 11.0255 0.942581 2
      vertex 9.76149 1.37297 2
    endloop
  endfacet
  facet normal -0 0 1
    outer loop
      vertex 9.57864 0.977234 2
      vertex 11.0255 0.942581 2
      vertex 9.67911 1.17499 2
    endloop
  endfacet
  facet normal 0 0 1
    outer loop
      vertex 11.0255 0.942581 2
      vertex 9.57864 0.977234 2
      vertex 10.9966 0.10083 2
    endloop
  endfacet
  facet normal -0 0 1
    outer loop
      vertex 9.46037 0.779495 2
      vertex 10.9966 0.10083 2
      vertex 9.57864 0.977234 2
    endloop
  endfacet
  facet normal -0 0 1
    outer loop
      vertex 9.32426 0.581741 2
      vertex 10.9966 0.10083 2
      vertex 9.46037 0.779495 2
    endloop
  endfacet
  facet normal -0 0 1
    outer loop
      vertex 9.17035 0.384003 2
      vertex 10.9966 0.10083 2
      vertex 9.32426 0.581741 2
    endloop
  endfacet
  facet normal 0 0 1
    outer loop
      vertex 10.9966 0.10083 2
      vertex 9.17035 0.384003 2
      vertex 11.0264 -0.724304 2
    endloop
  endfacet
  facet normal -0 0 1
    outer loop
      vertex 8.99861 0.186249 2
      vertex 11.0264 -0.724304 2
      vertex 9.17035 0.384003 2
    endloop
  endfacet
  facet normal -0 0 1
    outer loop
      vertex 8.785 -0.0332184 2
      vertex 11.0264 -0.724304 2
      vertex 8.99861 0.186249 2
    endloop
  endfacet
  facet normal -0 0 1
    outer loop
      vertex 8.50548 -0.296143 2
      vertex 11.0264 -0.724304 2
      vertex 8.785 -0.0332184 2
    endloop
  endfacet
  facet normal 0 0 1
    outer loop
      vertex 11.0264 -0.724304 2
      vertex 8.50548 -0.296143 2
      vertex 10.0423 -3.26811 2
    endloop
  endfacet
  facet normal -0 0 1
    outer loop
      vertex 8.16005 -0.602509 2
      vertex 10.0423 -3.26811 2
      vertex 8.50548 -0.296143 2
    endloop
  endfacet
  facet normal -0 0 1
    outer loop
      vertex 7.74869 -0.952347 2
      vertex 10.0423 -3.26811 2
      vertex 8.16005 -0.602509 2
    endloop
  endfacet
  facet normal -0 0 1
    outer loop
      vertex 7.27142 -1.34563 2
      vertex 10.0423 -3.26811 2
      vertex 7.74869 -0.952347 2
    endloop
  endfacet
  facet normal -0 0 1
    outer loop
      vertex 7.00214 -1.57057 2
      vertex 10.0423 -3.26811 2
      vertex 7.27142 -1.34563 2
    endloop
  endfacet
  facet normal -0 0 1
    outer loop
      vertex 6.7558 -1.7865 2
      vertex 10.0423 -3.26811 2
      vertex 7.00214 -1.57057 2
    endloop
  endfacet
  facet normal -0 0 1
    outer loop
      vertex 6.53242 -1.99339 2
      vertex 10.0423 -3.26811 2
      vertex 6.7558 -1.7865 2
    endloop
  endfacet
  facet normal -0 0 1
    outer loop
      vertex 6.332 -2.19125 2
      vertex 10.0423 -3.26811 2
      vertex 6.53242 -1.99339 2
    endloop
  endfacet
  facet normal -0 0 1
    outer loop
      vertex 6.15453 -2.38008 2
      vertex 10.0423 -3.26811 2
      vertex 6.332 -2.19125 2
    endloop
  endfacet
  facet normal -0 0 1
    outer loop
      vertex 5.9978 -2.56306 2
      vertex 10.0423 -3.26811 2
      vertex 6.15453 -2.38008 2
    endloop
  endfacet
  facet normal -0 0 1
    outer loop
      vertex 5.85963 -2.74336 2
      vertex 10.0423 -3.26811 2
      vertex 5.9978 -2.56306 2
    endloop
  endfacet
  facet normal -0 0 1
    outer loop
      vertex 5.74004 -2.92096 2
      vertex 10.0423 -3.26811 2
      vertex 5.85963 -2.74336 2
    endloop
  endfacet
  facet normal -0 0 1
    outer loop
      vertex 5.63898 -3.09589 2
      vertex 10.0423 -3.26811 2
      vertex 5.74004 -2.92096 2
    endloop
  endfacet
  facet normal 0 0 1
    outer loop
      vertex 10.0423 -3.26811 2
      vertex 5.63898 -3.09589 2
      vertex 5.55647 -3.26811 2
    endloop
  endfacet
  facet normal 0 0 1
    outer loop
      vertex 7.49284 3.60674 2
      vertex 8.77892 2.13313 2
      vertex 8.76231 2.40364 2
    endloop
  endfacet
  facet normal 0 0 1
    outer loop
      vertex 8.77892 2.13313 2
      vertex 7.49284 3.60674 2
      vertex 8.76927 1.9276 2
    endloop
  endfacet
  facet normal 0 0 1
    outer loop
      vertex 7.7494 3.55986 2
      vertex 8.76231 2.40364 2
      vertex 8.71251 2.64876 2
    endloop
  endfacet
  facet normal 0 0 1
    outer loop
      vertex 7.2104 3.62236 2
      vertex 8.76927 1.9276 2
      vertex 7.49284 3.60674 2
    endloop
  endfacet
  facet normal 0 0 1
    outer loop
      vertex 7.9801 3.48174 2
      vertex 8.71251 2.64876 2
      vertex 8.62949 2.86848 2
    endloop
  endfacet
  facet normal 0 0 1
    outer loop
      vertex 8.76927 1.9276 2
      vertex 7.2104 3.62236 2
      vertex 8.74034 1.73085 2
    endloop
  endfacet
  facet normal 0 0 1
    outer loop
      vertex 8.74034 1.73085 2
      vertex 7.2104 3.62236 2
      vertex 8.69212 1.54288 2
    endloop
  endfacet
  facet normal 0 0 1
    outer loop
      vertex 7.9801 3.48174 2
      vertex 8.62949 2.86848 2
      vertex 8.51328 3.06282 2
    endloop
  endfacet
  facet normal 0 0 1
    outer loop
      vertex 8.76231 2.40364 2
      vertex 7.7494 3.55986 2
      vertex 7.49284 3.60674 2
    endloop
  endfacet
  facet normal 0 0 1
    outer loop
      vertex 7.9801 3.48174 2
      vertex 8.51328 3.06282 2
      vertex 8.36385 3.23175 2
    endloop
  endfacet
  facet normal 0 0 1
    outer loop
      vertex 8.69212 1.54288 2
      vertex 7.2104 3.62236 2
      vertex 8.62462 1.36368 2
    endloop
  endfacet
  facet normal -0 0 1
    outer loop
      vertex 6.93953 3.6071 2
      vertex 8.62462 1.36368 2
      vertex 7.2104 3.62236 2
    endloop
  endfacet
  facet normal 0 0 1
    outer loop
      vertex 7.9801 3.48174 2
      vertex 8.36385 3.23175 2
      vertex 8.18491 3.37238 2
    endloop
  endfacet
  facet normal 0 0 1
    outer loop
      vertex 8.62462 1.36368 2
      vertex 6.93953 3.6071 2
      vertex 8.53781 1.19325 2
    endloop
  endfacet
  facet normal 0 0 1
    outer loop
      vertex 8.71251 2.64876 2
      vertex 7.9801 3.48174 2
      vertex 7.7494 3.55986 2
    endloop
  endfacet
  facet normal -0 0 1
    outer loop
      vertex 5.51984 2.16975 2
      vertex 8.53781 1.19325 2
      vertex 6.93953 3.6071 2
    endloop
  endfacet
  facet normal 0 0 1
    outer loop
      vertex 8.53781 1.19325 2
      vertex 5.51984 2.16975 2
      vertex 8.43539 1.02872 2
    endloop
  endfacet
  facet normal 0 0 1
    outer loop
      vertex 8.321 0.867111 2
      vertex 5.51984 2.16975 2
      vertex 8.19466 0.70842 2
    endloop
  endfacet
  facet normal 0 0 1
    outer loop
      vertex 8.19466 0.70842 2
      vertex 5.51984 2.16975 2
      vertex 8.05637 0.552658 2
    endloop
  endfacet
  facet normal 0 0 1
    outer loop
      vertex 8.05637 0.552658 2
      vertex 5.51984 2.16975 2
      vertex 7.9061 0.399811 2
    endloop
  endfacet
  facet normal 0 0 1
    outer loop
      vertex 7.74608 0.248474 2
      vertex 5.51984 2.16975 2
      vertex 7.57849 0.0971222 2
    endloop
  endfacet
  facet normal 0 0 1
    outer loop
      vertex 7.57849 0.0971222 2
      vertex 5.51984 2.16975 2
      vertex 7.40334 -0.0541992 2
    endloop
  endfacet
  facet normal 0 0 1
    outer loop
      vertex 7.9061 0.399811 2
      vertex 5.51984 2.16975 2
      vertex 7.74608 0.248474 2
    endloop
  endfacet
  facet normal 0 0 1
    outer loop
      vertex 7.40334 -0.0541992 2
      vertex 5.51984 2.16975 2
      vertex 7.22061 -0.205536 2
    endloop
  endfacet
  facet normal 0 0 1
    outer loop
      vertex 8.43539 1.02872 2
      vertex 5.51984 2.16975 2
      vertex 8.321 0.867111 2
    endloop
  endfacet
  facet normal 0 0 1
    outer loop
      vertex 7.22061 -0.205536 2
      vertex 5.51984 2.16975 2
      vertex 7.03032 -0.356888 2
    endloop
  endfacet
  facet normal 0 0 1
    outer loop
      vertex 5.51984 2.16975 2
      vertex 6.93953 3.6071 2
      vertex 6.68843 3.56131 2
    endloop
  endfacet
  facet normal 0 0 1
    outer loop
      vertex 7.03032 -0.356888 2
      vertex 5.51984 2.16975 2
      vertex 6.83586 -0.510803 2
    endloop
  endfacet
  facet normal 0 0 1
    outer loop
      vertex 5.56657 2.43329 2
      vertex 6.68843 3.56131 2
      vertex 6.45711 3.48502 2
    endloop
  endfacet
  facet normal 0 0 1
    outer loop
      vertex 6.83586 -0.510803 2
      vertex 5.51984 2.16975 2
      vertex 6.64069 -0.669846 2
    endloop
  endfacet
  facet normal 0 0 1
    outer loop
      vertex 6.64069 -0.669846 2
      vertex 5.51984 2.16975 2
      vertex 6.44478 -0.834015 2
    endloop
  endfacet
  facet normal 0 0 1
    outer loop
      vertex 5.56657 2.43329 2
      vertex 6.45711 3.48502 2
      vertex 6.24557 3.37819 2
    endloop
  endfacet
  facet normal 0 0 1
    outer loop
      vertex 5.64334 2.67218 2
      vertex 6.24557 3.37819 2
      vertex 6.05382 3.24084 2
    endloop
  endfacet
  facet normal 0 0 1
    outer loop
      vertex 6.44478 -0.834015 2
      vertex 5.51984 2.16975 2
      vertex 6.24814 -1.00333 2
    endloop
  endfacet
  facet normal 0 0 1
    outer loop
      vertex 5.64334 2.67218 2
      vertex 6.05382 3.24084 2
      vertex 5.88696 3.07594 2
    endloop
  endfacet
  facet normal 0 0 1
    outer loop
      vertex 6.24814 -1.00333 2
      vertex 5.51984 2.16975 2
      vertex 6.05075 -1.17778 2
    endloop
  endfacet
  facet normal 0 0 1
    outer loop
      vertex 5.64334 2.67218 2
      vertex 5.88696 3.07594 2
      vertex 5.75014 2.8864 2
    endloop
  endfacet
  facet normal 0 0 1
    outer loop
      vertex 4.39682 2.27353 2
      vertex 6.05075 -1.17778 2
      vertex 5.51984 2.16975 2
    endloop
  endfacet
  facet normal 0 0 1
    outer loop
      vertex 6.24557 3.37819 2
      vertex 5.64334 2.67218 2
      vertex 5.56657 2.43329 2
    endloop
  endfacet
  facet normal 0 0 1
    outer loop
      vertex 6.68843 3.56131 2
      vertex 5.56657 2.43329 2
      vertex 5.51984 2.16975 2
    endloop
  endfacet
  facet normal 0 0 1
    outer loop
      vertex 6.05075 -1.17778 2
      vertex 4.39682 2.27353 2
      vertex 5.85486 -1.3589 2
    endloop
  endfacet
  facet normal 0 0 1
    outer loop
      vertex 5.85486 -1.3589 2
      vertex 4.39682 2.27353 2
      vertex 5.66263 -1.54834 2
    endloop
  endfacet
  facet normal 0 0 1
    outer loop
      vertex 5.66263 -1.54834 2
      vertex 4.39682 2.27353 2
      vertex 5.47404 -1.74609 2
    endloop
  endfacet
  facet normal 0 0 1
    outer loop
      vertex 5.47404 -1.74609 2
      vertex 4.39682 2.27353 2
      vertex 5.28911 -1.95215 2
    endloop
  endfacet
  facet normal 0 0 1
    outer loop
      vertex 5.28911 -1.95215 2
      vertex 4.39682 2.27353 2
      vertex 5.10782 -2.16652 2
    endloop
  endfacet
  facet normal -0 0 1
    outer loop
      vertex 0.217712 1.4557 2
      vertex 5.10782 -2.16652 2
      vertex 4.39682 2.27353 2
    endloop
  endfacet
  facet normal 0 0 1
    outer loop
      vertex 5.10782 -2.16652 2
      vertex 0.217712 1.4557 2
      vertex 4.9339 -2.39171 2
    endloop
  endfacet
  facet normal 0 0 1
    outer loop
      vertex 4.9339 -2.39171 2
      vertex 0.217712 1.4557 2
      vertex 4.77095 -2.63034 2
    endloop
  endfacet
  facet normal 0 0 1
    outer loop
      vertex 4.77095 -2.63034 2
      vertex 0.217712 1.4557 2
      vertex 4.61899 -2.8824 2
    endloop
  endfacet
  facet normal 0 0 1
    outer loop
      vertex 4.61899 -2.8824 2
      vertex 0.217712 1.4557 2
      vertex 4.47803 -3.14787 2
    endloop
  endfacet
  facet normal -0 0 1
    outer loop
      vertex 17.5841 -2.25499 2
      vertex 21.6366 -4.20187 2
      vertex 21.6366 -2.25499 2
    endloop
  endfacet
  facet normal -0 0 1
    outer loop
      vertex 16.2116 -3.18874 2
      vertex 21.6366 -4.20187 2
      vertex 17.5841 -2.25499 2
    endloop
  endfacet
  facet normal 0 0 1
    outer loop
      vertex 22.6741 -4.20187 2
      vertex 26.4784 -4.14326 2
      vertex 26.0328 -3.91745 2
    endloop
  endfacet
  facet normal 0 0 1
    outer loop
      vertex 22.6741 -4.20187 2
      vertex 26.0328 -3.91745 2
      vertex 25.6464 -3.60132 2
    endloop
  endfacet
  facet normal 0 0 1
    outer loop
      vertex 22.6741 -4.20187 2
      vertex 25.6464 -3.60132 2
      vertex 25.319 -3.19485 2
    endloop
  endfacet
  facet normal 0 0 1
    outer loop
      vertex 23.8826 -2.25499 2
      vertex 25.319 -3.19485 2
      vertex 25.051 -2.70174 2
    endloop
  endfacet
  facet normal -0 0 1
    outer loop
      vertex 23.8826 -2.25499 2
      vertex 25.051 -2.70174 2
      vertex 24.8425 -2.1256 2
    endloop
  endfacet
  facet normal 0 0 1
    outer loop
      vertex 26.4784 -4.14326 2
      vertex 24.8 -13.7019 2
      vertex 26.3 -16.3 2
    endloop
  endfacet
  facet normal 0 0 1
    outer loop
      vertex 23.8826 -2.25499 2
      vertex 24.8425 -2.1256 2
      vertex 24.6936 -1.46646 2
    endloop
  endfacet
  facet normal -0 0 1
    outer loop
      vertex 23.8826 -1.38829 2
      vertex 24.6936 -1.46646 2
      vertex 24.6042 -0.724304 2
    endloop
  endfacet
  facet normal 0 0 1
    outer loop
      vertex 23.8826 -1.38829 2
      vertex 24.6042 -0.724304 2
      vertex 24.5744 0.10083 2
    endloop
  endfacet
  facet normal 0 0 1
    outer loop
      vertex 24.6936 -1.46646 2
      vertex 23.8826 -1.38829 2
      vertex 23.8826 -2.25499 2
    endloop
  endfacet
  facet normal 0 0 1
    outer loop
      vertex 25.319 -3.19485 2
      vertex 23.8826 -2.25499 2
      vertex 22.6741 -4.20187 2
    endloop
  endfacet
  facet normal 0 0 1
    outer loop
      vertex 22.6741 -4.20187 2
      vertex 23.8826 -2.25499 2
      vertex 22.6741 -2.25499 2
    endloop
  endfacet
  facet normal 0 0 1
    outer loop
      vertex 26.4784 -4.14326 2
      vertex 22.6741 -4.20187 2
      vertex 24.8 -13.7019 2
    endloop
  endfacet
  facet normal 0 0 1
    outer loop
      vertex 22.6741 -4.20187 2
      vertex 21.8 -13.7019 2
      vertex 24.8 -13.7019 2
    endloop
  endfacet
  facet normal -0 0 1
    outer loop
      vertex 21.6366 -4.20187 2
      vertex 21.8 -13.7019 2
      vertex 22.6741 -4.20187 2
    endloop
  endfacet
  facet normal 0 0 1
    outer loop
      vertex 21.8 -13.7019 2
      vertex 21.6366 -4.20187 2
      vertex 20.3 -16.3 2
    endloop
  endfacet
  facet normal 0 0 1
    outer loop
      vertex 31 24 2
      vertex 30.5494 0.10083 2
      vertex 31 -24 2
    endloop
  endfacet
  facet normal 0 0 1
    outer loop
      vertex 31 24 2
      vertex 30.5204 0.93428 2
      vertex 30.5494 0.10083 2
    endloop
  endfacet
  facet normal 0 0 1
    outer loop
      vertex 31 24 2
      vertex 30.4337 1.68179 2
      vertex 30.5204 0.93428 2
    endloop
  endfacet
  facet normal 0 0 1
    outer loop
      vertex 31 24 2
      vertex 30.289 2.34337 2
      vertex 30.4337 1.68179 2
    endloop
  endfacet
  facet normal 0 0 1
    outer loop
      vertex 31 24 2
      vertex 30.0865 2.91901 2
      vertex 30.289 2.34337 2
    endloop
  endfacet
  facet normal 0 0 1
    outer loop
      vertex 31 24 2
      vertex 29.8261 3.40869 2
      vertex 30.0865 2.91901 2
    endloop
  endfacet
  facet normal 0 0 1
    outer loop
      vertex 31 24 2
      vertex 29.505 3.81078 2
      vertex 29.8261 3.40869 2
    endloop
  endfacet
  facet normal -0 0 1
    outer loop
      vertex 26.3 16.3 2
      vertex 29.505 3.81078 2
      vertex 31 24 2
    endloop
  endfacet
  facet normal 0 0 1
    outer loop
      vertex 29.505 3.81078 2
      vertex 26.3 16.3 2
      vertex 29.1202 4.12352 2
    endloop
  endfacet
  facet normal 0 0 1
    outer loop
      vertex 29.1202 4.12352 2
      vertex 26.3 16.3 2
      vertex 28.6716 4.34689 2
    endloop
  endfacet
  facet normal -0 0 1
    outer loop
      vertex 24.8 13.7019 2
      vertex 28.6716 4.34689 2
      vertex 26.3 16.3 2
    endloop
  endfacet
  facet normal 0 0 1
    outer loop
      vertex 28.6716 4.34689 2
      vertex 24.8 13.7019 2
      vertex 28.1593 4.48093 2
    endloop
  endfacet
  facet normal 0 0 1
    outer loop
      vertex 28.1593 4.48093 2
      vertex 24.8 13.7019 2
      vertex 27.5833 4.5256 2
    endloop
  endfacet
  facet normal 0 0 1
    outer loop
      vertex 27.5833 4.5256 2
      vertex 24.8 13.7019 2
      vertex 26.9919 4.48141 2
    endloop
  endfacet
  facet normal 0 0 1
    outer loop
      vertex 31 24 2
      vertex 24.8 18.8981 2
      vertex 26.3 16.3 2
    endloop
  endfacet
  facet normal 0 0 1
    outer loop
      vertex 31 24 2
      vertex 21.8 18.8981 2
      vertex 24.8 18.8981 2
    endloop
  endfacet
  facet normal -0 0 1
    outer loop
      vertex 16.9411 -0.720139 2
      vertex 17.5841 -1.40053 2
      vertex 16.9715 0.10083 2
    endloop
  endfacet
  facet normal 0 0 1
    outer loop
      vertex 21.5206 4.39743 2
      vertex 16.9715 0.10083 2
      vertex 17.5841 -1.40053 2
    endloop
  endfacet
  facet normal 0 0 1
    outer loop
      vertex 21.8 13.7019 2
      vertex 16.9426 0.93428 2
      vertex 16.9715 0.10083 2
    endloop
  endfacet
  facet normal 0 0 1
    outer loop
      vertex 21.8 13.7019 2
      vertex 16.8558 1.68179 2
      vertex 16.9426 0.93428 2
    endloop
  endfacet
  facet normal 0 0 1
    outer loop
      vertex 21.8 13.7019 2
      vertex 16.7111 2.34337 2
      vertex 16.8558 1.68179 2
    endloop
  endfacet
  facet normal 0 0 1
    outer loop
      vertex 21.8 13.7019 2
      vertex 16.5086 2.91901 2
      vertex 16.7111 2.34337 2
    endloop
  endfacet
  facet normal 0 0 1
    outer loop
      vertex 21.8 13.7019 2
      vertex 16.2483 3.40869 2
      vertex 16.5086 2.91901 2
    endloop
  endfacet
  facet normal 0 0 1
    outer loop
      vertex 21.8 13.7019 2
      vertex 15.9271 3.81078 2
      vertex 16.2483 3.40869 2
    endloop
  endfacet
  facet normal 0 0 1
    outer loop
      vertex 21.8 13.7019 2
      vertex 15.5423 4.12352 2
      vertex 15.9271 3.81078 2
    endloop
  endfacet
  facet normal 0 0 1
    outer loop
      vertex 21.8 13.7019 2
      vertex 15.0937 4.34689 2
      vertex 15.5423 4.12352 2
    endloop
  endfacet
  facet normal 0 0 1
    outer loop
      vertex 21.8 13.7019 2
      vertex 14.5815 4.48093 2
      vertex 15.0937 4.34689 2
    endloop
  endfacet
  facet normal 0 0 1
    outer loop
      vertex 20.3 16.3 2
      vertex 14.0055 4.5256 2
      vertex 14.5815 4.48093 2
    endloop
  endfacet
  facet normal 0 0 1
    outer loop
      vertex 20.3 16.3 2
      vertex 13.4141 4.48141 2
      vertex 14.0055 4.5256 2
    endloop
  endfacet
  facet normal 0 0 1
    outer loop
      vertex -20.3 16.3 2
      vertex 20.3 16.3 2
      vertex 21.8 18.8981 2
    endloop
  endfacet
  facet normal 0 0 1
    outer loop
      vertex 20.3 16.3 2
      vertex 8.15417 4.42746 2
      vertex 13.4141 4.48141 2
    endloop
  endfacet
  facet normal 0 0 1
    outer loop
      vertex 13.4141 4.48141 2
      vertex 8.15417 4.42746 2
      vertex 12.8898 4.34885 2
    endloop
  endfacet
  facet normal 0 -0 1
    outer loop
      vertex 8.55392 4.30479 2
      vertex 12.8898 4.34885 2
      vertex 8.15417 4.42746 2
    endloop
  endfacet
  facet normal -0 -0 1
    outer loop
      vertex 8.90556 4.13306 2
      vertex 12.4327 4.12791 2
      vertex 8.55392 4.30479 2
    endloop
  endfacet
  facet normal -0 0 1
    outer loop
      vertex 9.87135 1.7704 2
      vertex 11.1123 1.69547 2
      vertex 9.89882 1.96983 2
    endloop
  endfacet
  facet normal -0 0 1
    outer loop
      vertex 9.89882 1.96983 2
      vertex 11.1123 1.69547 2
      vertex 9.90797 2.16975 2
    endloop
  endfacet
  facet normal 0 0 1
    outer loop
      vertex 9.82558 1.57144 2
      vertex 11.1123 1.69547 2
      vertex 9.87135 1.7704 2
    endloop
  endfacet
  facet normal 0 0 1
    outer loop
      vertex 11.2569 2.35948 2
      vertex 9.90797 2.16975 2
      vertex 11.1123 1.69547 2
    endloop
  endfacet
  facet normal -0 0 1
    outer loop
      vertex 9.88002 2.60078 2
      vertex 11.2569 2.35948 2
      vertex 11.4595 2.93465 2
    endloop
  endfacet
  facet normal -0 0 1
    outer loop
      vertex 9.65639 3.33904 2
      vertex 11.4595 2.93465 2
      vertex 11.7198 3.42094 2
    endloop
  endfacet
  facet normal 0 -0 1
    outer loop
      vertex 9.20912 3.91225 2
      vertex 12.4327 4.12791 2
      vertex 8.90556 4.13306 2
    endloop
  endfacet
  facet normal 0 0 1
    outer loop
      vertex 11.2569 2.35948 2
      vertex 9.88002 2.60078 2
      vertex 9.90797 2.16975 2
    endloop
  endfacet
  facet normal 0 0 1
    outer loop
      vertex 11.4595 2.93465 2
      vertex 9.79616 2.99054 2
      vertex 9.88002 2.60078 2
    endloop
  endfacet
  facet normal 0 0 1
    outer loop
      vertex 11.4595 2.93465 2
      vertex 9.65639 3.33904 2
      vertex 9.79616 2.99054 2
    endloop
  endfacet
  facet normal 0 0 1
    outer loop
      vertex 11.7198 3.42094 2
      vertex 9.46071 3.64627 2
      vertex 9.65639 3.33904 2
    endloop
  endfacet
  facet normal 0 0 1
    outer loop
      vertex 12.0427 3.81862 2
      vertex 9.46071 3.64627 2
      vertex 11.7198 3.42094 2
    endloop
  endfacet
  facet normal 0 -0 1
    outer loop
      vertex 9.46071 3.64627 2
      vertex 12.0427 3.81862 2
      vertex 9.20912 3.91225 2
    endloop
  endfacet
  facet normal 0 0 1
    outer loop
      vertex 12.4327 4.12791 2
      vertex 9.20912 3.91225 2
      vertex 12.0427 3.81862 2
    endloop
  endfacet
  facet normal 0 0 1
    outer loop
      vertex 12.8898 4.34885 2
      vertex 8.55392 4.30479 2
      vertex 12.4327 4.12791 2
    endloop
  endfacet
  facet normal 0 0 1
    outer loop
      vertex 20.3 16.3 2
      vertex 7.70634 4.50107 2
      vertex 8.15417 4.42746 2
    endloop
  endfacet
  facet normal 0 0 1
    outer loop
      vertex 20.3 16.3 2
      vertex 7.2104 4.5256 2
      vertex 7.70634 4.50107 2
    endloop
  endfacet
  facet normal 0 0 1
    outer loop
      vertex 20.3 16.3 2
      vertex 6.754 4.50117 2
      vertex 7.2104 4.5256 2
    endloop
  endfacet
  facet normal 0 0 1
    outer loop
      vertex 20.3 16.3 2
      vertex 6.33202 4.42793 2
      vertex 6.754 4.50117 2
    endloop
  endfacet
  facet normal 0 0 1
    outer loop
      vertex 20.3 16.3 2
      vertex -20.3 16.3 2
      vertex 6.33202 4.42793 2
    endloop
  endfacet
  facet normal 0 0 1
    outer loop
      vertex 6.33202 4.42793 2
      vertex -20.3 16.3 2
      vertex 5.94446 4.30586 2
    endloop
  endfacet
  facet normal 0 -0 1
    outer loop
      vertex -0.465652 2.51128 2
      vertex 5.94446 4.30586 2
      vertex -20.3 16.3 2
    endloop
  endfacet
  facet normal -0 0 1
    outer loop
      vertex -1.77191 -0.75972 2
      vertex 4.47803 -3.14787 2
      vertex 0.217712 1.4557 2
    endloop
  endfacet
  facet normal 0 0 1
    outer loop
      vertex 0.217712 1.4557 2
      vertex 4.39682 2.27353 2
      vertex 0.217712 2.46271 2
    endloop
  endfacet
  facet normal 0 0 1
    outer loop
      vertex 4.4709 2.66925 2
      vertex 0.217712 2.46271 2
      vertex 4.39682 2.27353 2
    endloop
  endfacet
  facet normal 0 0 1
    outer loop
      vertex 4.59552 3.03127 2
      vertex 0.217712 2.46271 2
      vertex 4.4709 2.66925 2
    endloop
  endfacet
  facet normal 0 0 1
    outer loop
      vertex 4.77069 3.3596 2
      vertex 0.217712 2.46271 2
      vertex 4.59552 3.03127 2
    endloop
  endfacet
  facet normal 0 0 1
    outer loop
      vertex 4.99638 3.65425 2
      vertex 0.217712 2.46271 2
      vertex 4.77069 3.3596 2
    endloop
  endfacet
  facet normal 0 0 1
    outer loop
      vertex 5.27261 3.91522 2
      vertex 0.217712 2.46271 2
      vertex 4.99638 3.65425 2
    endloop
  endfacet
  facet normal 0 0 1
    outer loop
      vertex 5.94446 4.30586 2
      vertex -0.465652 2.51128 2
      vertex 5.59132 4.13495 2
    endloop
  endfacet
  facet normal 0 0 1
    outer loop
      vertex 5.27261 3.91522 2
      vertex 0.127594 2.48468 2
      vertex 0.217712 2.46271 2
    endloop
  endfacet
  facet normal 0 0 1
    outer loop
      vertex 5.27261 3.91522 2
      vertex 0.0379791 2.50175 2
      vertex 0.127594 2.48468 2
    endloop
  endfacet
  facet normal 0 0 1
    outer loop
      vertex 5.27261 3.91522 2
      vertex -0.0511169 2.51396 2
      vertex 0.0379791 2.50175 2
    endloop
  endfacet
  facet normal 0 0 1
    outer loop
      vertex 5.27261 3.91522 2
      vertex -0.13974 2.52129 2
      vertex -0.0511169 2.51396 2
    endloop
  endfacet
  facet normal 0 0 1
    outer loop
      vertex 5.59132 4.13495 2
      vertex -0.13974 2.52129 2
      vertex 5.27261 3.91522 2
    endloop
  endfacet
  facet normal 0 -0 1
    outer loop
      vertex -0.227859 2.52373 2
      vertex 5.59132 4.13495 2
      vertex -0.465652 2.51128 2
    endloop
  endfacet
  facet normal 0 -0 1
    outer loop
      vertex -0.13974 2.52129 2
      vertex 5.59132 4.13495 2
      vertex -0.227859 2.52373 2
    endloop
  endfacet
  facet normal 0 -0 1
    outer loop
      vertex -2.90707 2.40169 2
      vertex -0.465652 2.51128 2
      vertex -20.3 16.3 2
    endloop
  endfacet
  facet normal 0 0 1
    outer loop
      vertex -0.465652 2.51128 2
      vertex -1.86955 2.40169 2
      vertex -0.680969 2.47394 2
    endloop
  endfacet
  facet normal -0 0 1
    outer loop
      vertex -1.82272 1.17915 2
      vertex -1.79639 1.05295 2
      vertex -1.68823 1.3708 2
    endloop
  endfacet
  facet normal 0 0 1
    outer loop
      vertex -1.83833 1.64688 2
      vertex -1.68823 1.3708 2
      vertex -1.57375 1.64568 2
    endloop
  endfacet
  facet normal 0 0 1
    outer loop
      vertex -1.79639 1.05295 2
      vertex -1.82272 1.17915 2
      vertex -1.82077 1.05295 2
    endloop
  endfacet
  facet normal 0 0 1
    outer loop
      vertex -1.85199 1.9884 2
      vertex -1.57375 1.64568 2
      vertex -1.45291 1.87759 2
    endloop
  endfacet
  facet normal 0 0 1
    outer loop
      vertex -1.68823 1.3708 2
      vertex -1.82858 1.37714 2
      vertex -1.82272 1.17915 2
    endloop
  endfacet
  facet normal -0 0 1
    outer loop
      vertex -1.85199 1.9884 2
      vertex -1.45291 1.87759 2
      vertex -1.32573 2.06653 2
    endloop
  endfacet
  facet normal 0 0 1
    outer loop
      vertex -1.68823 1.3708 2
      vertex -1.83833 1.64688 2
      vertex -1.82858 1.37714 2
    endloop
  endfacet
  facet normal 0 0 1
    outer loop
      vertex -1.86955 2.40169 2
      vertex -1.32573 2.06653 2
      vertex -1.19221 2.21251 2
    endloop
  endfacet
  facet normal 0 0 1
    outer loop
      vertex -1.57375 1.64568 2
      vertex -1.85199 1.9884 2
      vertex -1.83833 1.64688 2
    endloop
  endfacet
  facet normal 0 0 1
    outer loop
      vertex -1.86955 2.40169 2
      vertex -1.19221 2.21251 2
      vertex -1.04427 2.32454 2
    endloop
  endfacet
  facet normal 0 0 1
    outer loop
      vertex -0.87384 2.41168 2
      vertex -1.86955 2.40169 2
      vertex -1.04427 2.32454 2
    endloop
  endfacet
  facet normal 0 0 1
    outer loop
      vertex -1.32573 2.06653 2
      vertex -1.86955 2.40169 2
      vertex -1.85199 1.9884 2
    endloop
  endfacet
  facet normal 0 0 1
    outer loop
      vertex -0.680969 2.47394 2
      vertex -1.86955 2.40169 2
      vertex -0.87384 2.41168 2
    endloop
  endfacet
  facet normal 0 0 1
    outer loop
      vertex -2.87053 0.863678 2
      vertex -4.12802 -0.230087 2
      vertex -4.09946 -0.894012 2
    endloop
  endfacet
  facet normal 0 0 1
    outer loop
      vertex -2.89392 2.07066 2
      vertex -4.21371 0.360336 2
      vertex -4.12802 -0.230087 2
    endloop
  endfacet
  facet normal 0 0 1
    outer loop
      vertex -2.89392 2.07066 2
      vertex -4.35655 0.877274 2
      vertex -4.21371 0.360336 2
    endloop
  endfacet
  facet normal 0 0 1
    outer loop
      vertex -2.89392 2.07066 2
      vertex -4.5565 1.32072 2
      vertex -4.35655 0.877274 2
    endloop
  endfacet
  facet normal 0 0 1
    outer loop
      vertex -0.465652 2.51128 2
      vertex -2.90707 2.40169 2
      vertex -1.86955 2.40169 2
    endloop
  endfacet
  facet normal 0 0 1
    outer loop
      vertex -2.89392 2.07066 2
      vertex -4.8136 1.69069 2
      vertex -4.5565 1.32072 2
    endloop
  endfacet
  facet normal 0 0 1
    outer loop
      vertex -2.90707 2.40169 2
      vertex -5.13121 1.99059 2
      vertex -4.8136 1.69069 2
    endloop
  endfacet
  facet normal 0 0 1
    outer loop
      vertex -2.90707 2.40169 2
      vertex -5.51277 2.22383 2
      vertex -5.13121 1.99059 2
    endloop
  endfacet
  facet normal 0 0 1
    outer loop
      vertex -2.90707 2.40169 2
      vertex -5.95828 2.39044 2
      vertex -5.51277 2.22383 2
    endloop
  endfacet
  facet normal -0 -0 1
    outer loop
      vertex -6.46776 2.4904 2
      vertex -2.90707 2.40169 2
      vertex -20.3 16.3 2
    endloop
  endfacet
  facet normal 0 0 1
    outer loop
      vertex -2.90707 2.40169 2
      vertex -6.46776 2.4904 2
      vertex -5.95828 2.39044 2
    endloop
  endfacet
  facet normal -0 -0 1
    outer loop
      vertex -11.867 3.87868 2
      vertex -6.46776 2.4904 2
      vertex -20.3 16.3 2
    endloop
  endfacet
  facet normal 0 0 1
    outer loop
      vertex -21.8 18.8981 2
      vertex 21.8 18.8981 2
      vertex 31 24 2
    endloop
  endfacet
  facet normal 0 0 1
    outer loop
      vertex -6.46776 2.4904 2
      vertex -11.867 3.87868 2
      vertex -7.0412 2.52373 2
    endloop
  endfacet
  facet normal 0 0 1
    outer loop
      vertex -9.5276 1.29333 2
      vertex -10.6463 1.60222 2
      vertex -9.8828 0.336365 2
    endloop
  endfacet
  facet normal -0 0 1
    outer loop
      vertex -11.867 1.60222 2
      vertex -9.8828 0.336365 2
      vertex -10.6463 1.60222 2
    endloop
  endfacet
  facet normal -0 0 1
    outer loop
      vertex -10.6463 1.60222 2
      vertex -9.5276 1.29333 2
      vertex -10.6463 2.40169 2
    endloop
  endfacet
  facet normal 0 0 1
    outer loop
      vertex -8.93559 1.97688 2
      vertex -10.6463 2.40169 2
      vertex -9.5276 1.29333 2
    endloop
  endfacet
  facet normal 0 0 1
    outer loop
      vertex -7.0412 2.52373 2
      vertex -11.867 3.87868 2
      vertex -8.1068 2.38702 2
    endloop
  endfacet
  facet normal 0 0 1
    outer loop
      vertex -8.1068 2.38702 2
      vertex -10.6463 2.40169 2
      vertex -8.93559 1.97688 2
    endloop
  endfacet
  facet normal -0 -0 1
    outer loop
      vertex -10.6463 2.40169 2
      vertex -8.1068 2.38702 2
      vertex -11.867 3.87868 2
    endloop
  endfacet
  facet normal 0 0 1
    outer loop
      vertex -12.5993 3.87868 2
      vertex -13.7284 2.40169 2
      vertex -12.9228 2.40169 2
    endloop
  endfacet
  facet normal -0 0 1
    outer loop
      vertex -14.9941 1.69069 2
      vertex -13.7284 1.60222 2
      vertex -13.7284 2.40169 2
    endloop
  endfacet
  facet normal 0 0 1
    outer loop
      vertex -12.9655 1.60222 2
      vertex -14.3085 -0.230087 2
      vertex -14.2799 -0.894012 2
    endloop
  endfacet
  facet normal 0 0 1
    outer loop
      vertex -12.9655 1.60222 2
      vertex -14.3942 0.360336 2
      vertex -14.3085 -0.230087 2
    endloop
  endfacet
  facet normal 0 0 1
    outer loop
      vertex -13.7284 1.60222 2
      vertex -14.537 0.877274 2
      vertex -14.3942 0.360336 2
    endloop
  endfacet
  facet normal 0 0 1
    outer loop
      vertex -13.7284 1.60222 2
      vertex -14.737 1.32072 2
      vertex -14.537 0.877274 2
    endloop
  endfacet
  facet normal 0 0 1
    outer loop
      vertex -15.6932 2.22383 2
      vertex -13.7284 2.40169 2
      vertex -12.5993 3.87868 2
    endloop
  endfacet
  facet normal 0 0 1
    outer loop
      vertex -13.7284 1.60222 2
      vertex -14.9941 1.69069 2
      vertex -14.737 1.32072 2
    endloop
  endfacet
  facet normal 0 0 1
    outer loop
      vertex -13.7284 2.40169 2
      vertex -15.3117 1.99059 2
      vertex -14.9941 1.69069 2
    endloop
  endfacet
  facet normal 0 0 1
    outer loop
      vertex -13.7284 2.40169 2
      vertex -15.6932 2.22383 2
      vertex -15.3117 1.99059 2
    endloop
  endfacet
  facet normal 0 0 1
    outer loop
      vertex -12.5993 3.87868 2
      vertex -16.1387 2.39044 2
      vertex -15.6932 2.22383 2
    endloop
  endfacet
  facet normal 0 0 1
    outer loop
      vertex -11.867 3.87868 2
      vertex -20.3 16.3 2
      vertex -12.5993 3.87868 2
    endloop
  endfacet
  facet normal -0 0 1
    outer loop
      vertex -21.8 13.7019 2
      vertex -12.5993 3.87868 2
      vertex -20.3 16.3 2
    endloop
  endfacet
  facet normal 0 0 1
    outer loop
      vertex -12.5993 3.87868 2
      vertex -16.6482 2.4904 2
      vertex -16.1387 2.39044 2
    endloop
  endfacet
  facet normal 0 0 1
    outer loop
      vertex -12.5993 3.87868 2
      vertex -17.2216 2.52373 2
      vertex -16.6482 2.4904 2
    endloop
  endfacet
  facet normal 0 0 1
    outer loop
      vertex -19.7081 1.29333 2
      vertex -21.4885 4.39743 2
      vertex -20.0633 0.336365 2
    endloop
  endfacet
  facet normal 0 0 1
    outer loop
      vertex -19.1161 1.97688 2
      vertex -21.4885 4.39743 2
      vertex -19.7081 1.29333 2
    endloop
  endfacet
  facet normal 0 0 1
    outer loop
      vertex -18.2872 2.38702 2
      vertex -21.4885 4.39743 2
      vertex -19.1161 1.97688 2
    endloop
  endfacet
  facet normal 0 0 1
    outer loop
      vertex -17.2216 2.52373 2
      vertex -21.4885 4.39743 2
      vertex -18.2872 2.38702 2
    endloop
  endfacet
  facet normal 0 0 1
    outer loop
      vertex -12.5993 3.87868 2
      vertex -21.4885 4.39743 2
      vertex -17.2216 2.52373 2
    endloop
  endfacet
  facet normal 0 0 1
    outer loop
      vertex 21.8 18.8981 2
      vertex -21.8 18.8981 2
      vertex -20.3 16.3 2
    endloop
  endfacet
  facet normal -0 0 1
    outer loop
      vertex -31 24 2
      vertex -21.8 18.8981 2
      vertex 31 24 2
    endloop
  endfacet
  facet normal 0 0 1
    outer loop
      vertex -24.8 13.7019 2
      vertex -29.8498 4.39743 2
      vertex -28.318 4.39743 2
    endloop
  endfacet
  facet normal 0 0 1
    outer loop
      vertex -29.8498 4.39743 2
      vertex -31 24 2
      vertex -29.8498 -4.20187 2
    endloop
  endfacet
  facet normal 0 0 1
    outer loop
      vertex -26.3 16.3 2
      vertex -31 24 2
      vertex -29.8498 4.39743 2
    endloop
  endfacet
  facet normal 0 0 1
    outer loop
      vertex -24.8 18.8981 2
      vertex -31 24 2
      vertex -26.3 16.3 2
    endloop
  endfacet
  facet normal 0 0 1
    outer loop
      vertex -21.8 18.8981 2
      vertex -31 24 2
      vertex -24.8 18.8981 2
    endloop
  endfacet
  facet normal -0 0 1
    outer loop
      vertex 30.519 -0.720139 2
      vertex 31 -24 2
      vertex 30.5494 0.10083 2
    endloop
  endfacet
  facet normal -0 0 1
    outer loop
      vertex 30.4278 -1.45961 2
      vertex 31 -24 2
      vertex 30.519 -0.720139 2
    endloop
  endfacet
  facet normal -0 0 1
    outer loop
      vertex 30.2758 -2.11752 2
      vertex 31 -24 2
      vertex 30.4278 -1.45961 2
    endloop
  endfacet
  facet normal -0 0 1
    outer loop
      vertex 30.063 -2.69389 2
      vertex 31 -24 2
      vertex 30.2758 -2.11752 2
    endloop
  endfacet
  facet normal -0 0 1
    outer loop
      vertex 29.7895 -3.18874 2
      vertex 31 -24 2
      vertex 30.063 -2.69389 2
    endloop
  endfacet
  facet normal -0 0 1
    outer loop
      vertex 29.4566 -3.5974 2
      vertex 31 -24 2
      vertex 29.7895 -3.18874 2
    endloop
  endfacet
  facet normal 0 0 1
    outer loop
      vertex 26.3 -16.3 2
      vertex 29.4566 -3.5974 2
      vertex 29.0659 -3.91525 2
    endloop
  endfacet
  facet normal 0 0 1
    outer loop
      vertex 26.3 -16.3 2
      vertex 29.0659 -3.91525 2
      vertex 28.6174 -4.14227 2
    endloop
  endfacet
  facet normal 0 0 1
    outer loop
      vertex 26.3 -16.3 2
      vertex 28.6174 -4.14227 2
      vertex 28.111 -4.2785 2
    endloop
  endfacet
  facet normal 0 0 1
    outer loop
      vertex 26.3 -16.3 2
      vertex 28.111 -4.2785 2
      vertex 27.5467 -4.32391 2
    endloop
  endfacet
  facet normal 0 0 1
    outer loop
      vertex 26.3 -16.3 2
      vertex 27.5467 -4.32391 2
      vertex 26.983 -4.27875 2
    endloop
  endfacet
  facet normal 0 0 1
    outer loop
      vertex 26.3 -16.3 2
      vertex 26.983 -4.27875 2
      vertex 26.4784 -4.14326 2
    endloop
  endfacet
  facet normal 0 0 1
    outer loop
      vertex 29.4566 -3.5974 2
      vertex 26.3 -16.3 2
      vertex 31 -24 2
    endloop
  endfacet
  facet normal -0 0 1
    outer loop
      vertex 24.8 -18.8981 2
      vertex 31 -24 2
      vertex 26.3 -16.3 2
    endloop
  endfacet
  facet normal -0 0 1
    outer loop
      vertex 21.8 -18.8981 2
      vertex 31 -24 2
      vertex 24.8 -18.8981 2
    endloop
  endfacet
  facet normal 0 0 1
    outer loop
      vertex 16.8499 -1.45961 2
      vertex 17.5841 -1.40053 2
      vertex 16.9411 -0.720139 2
    endloop
  endfacet
  facet normal 0 0 1
    outer loop
      vertex 17.5841 -1.40053 2
      vertex 16.8499 -1.45961 2
      vertex 17.5841 -2.25499 2
    endloop
  endfacet
  facet normal -0 0 1
    outer loop
      vertex 16.6979 -2.11752 2
      vertex 17.5841 -2.25499 2
      vertex 16.8499 -1.45961 2
    endloop
  endfacet
  facet normal 0 0 1
    outer loop
      vertex 16.4852 -2.69389 2
      vertex 17.5841 -2.25499 2
      vertex 16.6979 -2.11752 2
    endloop
  endfacet
  facet normal 0 0 1
    outer loop
      vertex 16.2116 -3.18874 2
      vertex 17.5841 -2.25499 2
      vertex 16.4852 -2.69389 2
    endloop
  endfacet
  facet normal 0 0 1
    outer loop
      vertex 21.6366 -4.20187 2
      vertex 16.2116 -3.18874 2
      vertex 15.8788 -3.5974 2
    endloop
  endfacet
  facet normal -0 0 1
    outer loop
      vertex 15.4881 -3.91525 2
      vertex 21.6366 -4.20187 2
      vertex 15.8788 -3.5974 2
    endloop
  endfacet
  facet normal 0 0 1
    outer loop
      vertex 21.6366 -4.20187 2
      vertex 15.4881 -3.91525 2
      vertex 20.3 -16.3 2
    endloop
  endfacet
  facet normal -0 0 1
    outer loop
      vertex 15.0395 -4.14227 2
      vertex 20.3 -16.3 2
      vertex 15.4881 -3.91525 2
    endloop
  endfacet
  facet normal -0 0 1
    outer loop
      vertex 14.5331 -4.2785 2
      vertex 20.3 -16.3 2
      vertex 15.0395 -4.14227 2
    endloop
  endfacet
  facet normal -0 0 1
    outer loop
      vertex 13.9688 -4.32391 2
      vertex 20.3 -16.3 2
      vertex 14.5331 -4.2785 2
    endloop
  endfacet
  facet normal 0 0 1
    outer loop
      vertex 13.4051 -4.27875 2
      vertex 20.3 -16.3 2
      vertex 13.9688 -4.32391 2
    endloop
  endfacet
  facet normal -0 0 1
    outer loop
      vertex 10.0423 -4.20187 2
      vertex 13.4051 -4.27875 2
      vertex 12.9005 -4.14326 2
    endloop
  endfacet
  facet normal 0 0 1
    outer loop
      vertex 13.4051 -4.27875 2
      vertex 10.0423 -4.20187 2
      vertex 20.3 -16.3 2
    endloop
  endfacet
  facet normal 0 0 1
    outer loop
      vertex 10.0423 -4.20187 2
      vertex 12.9005 -4.14326 2
      vertex 12.455 -3.91745 2
    endloop
  endfacet
  facet normal 0 0 1
    outer loop
      vertex 10.0423 -4.20187 2
      vertex 12.455 -3.91745 2
      vertex 12.0685 -3.60132 2
    endloop
  endfacet
  facet normal 0 0 1
    outer loop
      vertex 10.0423 -4.20187 2
      vertex 12.0685 -3.60132 2
      vertex 11.7411 -3.19485 2
    endloop
  endfacet
  facet normal 0 0 1
    outer loop
      vertex 11.1123 1.69547 2
      vertex 9.82558 1.57144 2
      vertex 11.0255 0.942581 2
    endloop
  endfacet
  facet normal 0 0 1
    outer loop
      vertex 10.0423 -3.26811 2
      vertex 11.1157 -1.46646 2
      vertex 11.0264 -0.724304 2
    endloop
  endfacet
  facet normal 0 0 1
    outer loop
      vertex 10.0423 -3.26811 2
      vertex 11.2646 -2.1256 2
      vertex 11.1157 -1.46646 2
    endloop
  endfacet
  facet normal 0 0 1
    outer loop
      vertex 10.0423 -3.26811 2
      vertex 11.4731 -2.70174 2
      vertex 11.2646 -2.1256 2
    endloop
  endfacet
  facet normal 0 0 1
    outer loop
      vertex 10.0423 -3.26811 2
      vertex 11.7411 -3.19485 2
      vertex 11.4731 -2.70174 2
    endloop
  endfacet
  facet normal 0 0 1
    outer loop
      vertex 10.0423 -4.20187 2
      vertex 11.7411 -3.19485 2
      vertex 10.0423 -3.26811 2
    endloop
  endfacet
  facet normal -0 0 1
    outer loop
      vertex 4.34804 -4.20187 2
      vertex 20.3 -16.3 2
      vertex 10.0423 -4.20187 2
    endloop
  endfacet
  facet normal -0 0 1
    outer loop
      vertex -1.77191 -4.20187 2
      vertex 20.3 -16.3 2
      vertex 4.34804 -4.20187 2
    endloop
  endfacet
  facet normal 0 0 1
    outer loop
      vertex 4.47803 -3.14787 2
      vertex -1.77191 -0.75972 2
      vertex 4.34804 -3.42679 2
    endloop
  endfacet
  facet normal 0 0 1
    outer loop
      vertex -1.64227 0.375107 2
      vertex 0.217712 1.4557 2
      vertex 0.123947 1.47766 2
    endloop
  endfacet
  facet normal 0 0 1
    outer loop
      vertex -1.64227 0.375107 2
      vertex 0.123947 1.47766 2
      vertex 0.0184631 1.49475 2
    endloop
  endfacet
  facet normal 0 0 1
    outer loop
      vertex -1.64227 0.375107 2
      vertex 0.0184631 1.49475 2
      vertex -0.0986938 1.50696 2
    endloop
  endfacet
  facet normal 0 0 1
    outer loop
      vertex -1.54144 0.671814 2
      vertex -0.0986938 1.50696 2
      vertex -0.227585 1.51428 2
    endloop
  endfacet
  facet normal 0 0 1
    outer loop
      vertex -1.54144 0.671814 2
      vertex -0.227585 1.51428 2
      vertex -0.368179 1.51672 2
    endloop
  endfacet
  facet normal 0 0 1
    outer loop
      vertex -1.41182 0.927765 2
      vertex -0.368179 1.51672 2
      vertex -0.628662 1.49316 2
    endloop
  endfacet
  facet normal 0 0 1
    outer loop
      vertex -1.25484 1.13979 2
      vertex -0.628662 1.49316 2
      vertex -0.863266 1.42249 2
    endloop
  endfacet
  facet normal 0 0 1
    outer loop
      vertex -1.25484 1.13979 2
      vertex -0.863266 1.42249 2
      vertex -1.07199 1.30469 2
    endloop
  endfacet
  facet normal 0 0 1
    outer loop
      vertex -0.628662 1.49316 2
      vertex -1.25484 1.13979 2
      vertex -1.41182 0.927765 2
    endloop
  endfacet
  facet normal 0 0 1
    outer loop
      vertex -0.368179 1.51672 2
      vertex -1.41182 0.927765 2
      vertex -1.54144 0.671814 2
    endloop
  endfacet
  facet normal 0 0 1
    outer loop
      vertex -0.0986938 1.50696 2
      vertex -1.54144 0.671814 2
      vertex -1.64227 0.375107 2
    endloop
  endfacet
  facet normal 0 0 1
    outer loop
      vertex -1.77191 -4.20187 2
      vertex 4.34804 -3.42679 2
      vertex -1.77191 -0.75972 2
    endloop
  endfacet
  facet normal 0 0 1
    outer loop
      vertex 0.217712 1.4557 2
      vertex -1.64227 0.375107 2
      vertex -1.71429 0.0375977 2
    endloop
  endfacet
  facet normal 0 0 1
    outer loop
      vertex 0.217712 1.4557 2
      vertex -1.71429 0.0375977 2
      vertex -1.75751 -0.340668 2
    endloop
  endfacet
  facet normal 0 0 1
    outer loop
      vertex 0.217712 1.4557 2
      vertex -1.75751 -0.340668 2
      vertex -1.77191 -0.75972 2
    endloop
  endfacet
  facet normal 0 0 1
    outer loop
      vertex 4.34804 -3.42679 2
      vertex -1.77191 -4.20187 2
      vertex 4.34804 -4.20187 2
    endloop
  endfacet
  facet normal 0 0 1
    outer loop
      vertex -20.3 -16.3 2
      vertex 20.3 -16.3 2
      vertex -1.77191 -4.20187 2
    endloop
  endfacet
  facet normal 0 0 1
    outer loop
      vertex -20.3 -16.3 2
      vertex -1.77191 -4.20187 2
      vertex -2.87053 -4.20187 2
    endloop
  endfacet
  facet normal 0 0 1
    outer loop
      vertex -4.12802 -0.230087 2
      vertex -2.87199 1.14786 2
      vertex -2.87639 1.44374 2
    endloop
  endfacet
  facet normal 0 0 1
    outer loop
      vertex -4.12802 -0.230087 2
      vertex -2.87639 1.44374 2
      vertex -2.8837 1.75134 2
    endloop
  endfacet
  facet normal 0 0 1
    outer loop
      vertex -4.12802 -0.230087 2
      vertex -2.8837 1.75134 2
      vertex -2.89392 2.07066 2
    endloop
  endfacet
  facet normal 0 0 1
    outer loop
      vertex -4.8136 1.69069 2
      vertex -2.89392 2.07066 2
      vertex -2.90707 2.40169 2
    endloop
  endfacet
  facet normal 0 0 1
    outer loop
      vertex -2.87053 0.863678 2
      vertex -4.09946 -0.894012 2
      vertex -4.12997 -1.5519 2
    endloop
  endfacet
  facet normal 0 0 1
    outer loop
      vertex -2.87053 0.863678 2
      vertex -4.12997 -1.5519 2
      vertex -2.87053 -4.20187 2
    endloop
  endfacet
  facet normal -0 0 1
    outer loop
      vertex -4.22153 -2.13901 2
      vertex -2.87053 -4.20187 2
      vertex -4.12997 -1.5519 2
    endloop
  endfacet
  facet normal -0 0 1
    outer loop
      vertex -4.3741 -2.65532 2
      vertex -2.87053 -4.20187 2
      vertex -4.22153 -2.13901 2
    endloop
  endfacet
  facet normal -0 0 1
    outer loop
      vertex -4.58772 -3.10083 2
      vertex -2.87053 -4.20187 2
      vertex -4.3741 -2.65532 2
    endloop
  endfacet
  facet normal -0 0 1
    outer loop
      vertex -4.86238 -3.47557 2
      vertex -2.87053 -4.20187 2
      vertex -4.58772 -3.10083 2
    endloop
  endfacet
  facet normal -0 0 1
    outer loop
      vertex -5.19513 -3.78098 2
      vertex -2.87053 -4.20187 2
      vertex -4.86238 -3.47557 2
    endloop
  endfacet
  facet normal -0 0 1
    outer loop
      vertex -5.58305 -4.01851 2
      vertex -2.87053 -4.20187 2
      vertex -5.19513 -3.78098 2
    endloop
  endfacet
  facet normal -0 0 1
    outer loop
      vertex -6.02615 -4.18817 2
      vertex -2.87053 -4.20187 2
      vertex -5.58305 -4.01851 2
    endloop
  endfacet
  facet normal 0 0 1
    outer loop
      vertex -6.5244 -4.28998 2
      vertex -2.87053 -4.20187 2
      vertex -6.02615 -4.18817 2
    endloop
  endfacet
  facet normal 0 0 1
    outer loop
      vertex 20.3 -16.3 2
      vertex -20.3 -16.3 2
      vertex 21.8 -18.8981 2
    endloop
  endfacet
  facet normal 0 0 1
    outer loop
      vertex -2.87053 -4.20187 2
      vertex -6.5244 -4.28998 2
      vertex -20.3 -16.3 2
    endloop
  endfacet
  facet normal 0 0 1
    outer loop
      vertex -20.3 -16.3 2
      vertex -6.5244 -4.28998 2
      vertex -7.07782 -4.32391 2
    endloop
  endfacet
  facet normal 0 0 1
    outer loop
      vertex -20.3 -16.3 2
      vertex -7.07782 -4.32391 2
      vertex -7.62807 -4.28864 2
    endloop
  endfacet
  facet normal -0 0 1
    outer loop
      vertex -10.7547 -4.20575 2
      vertex -7.62807 -4.28864 2
      vertex -8.12167 -4.1828 2
    endloop
  endfacet
  facet normal -0 0 1
    outer loop
      vertex -10.5365 -4.153 2
      vertex -8.12167 -4.1828 2
      vertex -8.55867 -4.00642 2
    endloop
  endfacet
  facet normal 0 0 1
    outer loop
      vertex -10.5365 -3.34129 2
      vertex -9.97166 -1.52907 2
      vertex -10.0012 -0.894012 2
    endloop
  endfacet
  facet normal 0 0 1
    outer loop
      vertex -10.5365 -3.34129 2
      vertex -9.88306 -2.10141 2
      vertex -9.97166 -1.52907 2
    endloop
  endfacet
  facet normal 0 0 1
    outer loop
      vertex -10.5365 -3.34129 2
      vertex -9.73537 -2.61101 2
      vertex -9.88306 -2.10141 2
    endloop
  endfacet
  facet normal 0 0 1
    outer loop
      vertex -10.5365 -3.34129 2
      vertex -9.52859 -3.05786 2
      vertex -9.73537 -2.61101 2
    endloop
  endfacet
  facet normal -0 0 1
    outer loop
      vertex -10.5365 -3.34129 2
      vertex -9.26276 -3.442 2
      vertex -9.52859 -3.05786 2
    endloop
  endfacet
  facet normal 0 0 1
    outer loop
      vertex -10.5365 -4.153 2
      vertex -9.26276 -3.442 2
      vertex -10.5365 -3.34129 2
    endloop
  endfacet
  facet normal 0 0 1
    outer loop
      vertex -9.26276 -3.442 2
      vertex -10.5365 -4.153 2
      vertex -8.93903 -3.75949 2
    endloop
  endfacet
  facet normal 0 0 1
    outer loop
      vertex -8.93903 -3.75949 2
      vertex -10.5365 -4.153 2
      vertex -8.55867 -4.00642 2
    endloop
  endfacet
  facet normal 0 0 1
    outer loop
      vertex -8.12167 -4.1828 2
      vertex -10.5365 -4.153 2
      vertex -10.7547 -4.20575 2
    endloop
  endfacet
  facet normal 0 0 1
    outer loop
      vertex -7.62807 -4.28864 2
      vertex -10.7547 -4.20575 2
      vertex -10.9749 -4.24677 2
    endloop
  endfacet
  facet normal 0 0 1
    outer loop
      vertex -7.62807 -4.28864 2
      vertex -10.9749 -4.24677 2
      vertex -20.3 -16.3 2
    endloop
  endfacet
  facet normal 0 0 1
    outer loop
      vertex -20.3 -16.3 2
      vertex -10.9749 -4.24677 2
      vertex -11.1971 -4.27608 2
    endloop
  endfacet
  facet normal 0 0 1
    outer loop
      vertex -20.3 -16.3 2
      vertex -11.1971 -4.27608 2
      vertex -11.4212 -4.29366 2
    endloop
  endfacet
  facet normal 0 0 1
    outer loop
      vertex -20.3 -16.3 2
      vertex -11.4212 -4.29366 2
      vertex -11.6473 -4.29951 2
    endloop
  endfacet
  facet normal 0 0 1
    outer loop
      vertex -20.3 -16.3 2
      vertex -11.6473 -4.29951 2
      vertex -12.1218 -4.2397 2
    endloop
  endfacet
  facet normal 0 0 1
    outer loop
      vertex -12.9655 1.60222 2
      vertex -14.2799 -0.894012 2
      vertex -12.9655 -2.80426 2
    endloop
  endfacet
  facet normal -0 0 1
    outer loop
      vertex -14.3104 -1.5519 2
      vertex -12.9655 -2.80426 2
      vertex -14.2799 -0.894012 2
    endloop
  endfacet
  facet normal -0 0 1
    outer loop
      vertex -14.402 -2.13901 2
      vertex -12.9655 -2.80426 2
      vertex -14.3104 -1.5519 2
    endloop
  endfacet
  facet normal -0 0 1
    outer loop
      vertex -14.5546 -2.65532 2
      vertex -12.9655 -2.80426 2
      vertex -14.402 -2.13901 2
    endloop
  endfacet
  facet normal 0 0 1
    outer loop
      vertex -12.9655 -2.80426 2
      vertex -14.5546 -2.65532 2
      vertex -12.9128 -3.34254 2
    endloop
  endfacet
  facet normal -0 0 1
    outer loop
      vertex -14.7682 -3.10083 2
      vertex -12.9128 -3.34254 2
      vertex -14.5546 -2.65532 2
    endloop
  endfacet
  facet normal 0 0 1
    outer loop
      vertex -12.9128 -3.34254 2
      vertex -14.7682 -3.10083 2
      vertex -12.7546 -3.76123 2
    endloop
  endfacet
  facet normal -0 0 1
    outer loop
      vertex -15.0428 -3.47557 2
      vertex -12.7546 -3.76123 2
      vertex -14.7682 -3.10083 2
    endloop
  endfacet
  facet normal 0 0 1
    outer loop
      vertex -15.3756 -3.78098 2
      vertex -12.7546 -3.76123 2
      vertex -15.0428 -3.47557 2
    endloop
  endfacet
  facet normal 0 0 1
    outer loop
      vertex -12.7546 -3.76123 2
      vertex -15.3756 -3.78098 2
      vertex -12.4909 -4.06027 2
    endloop
  endfacet
  facet normal -0 0 1
    outer loop
      vertex -15.7635 -4.01851 2
      vertex -12.4909 -4.06027 2
      vertex -15.3756 -3.78098 2
    endloop
  endfacet
  facet normal 0 0 1
    outer loop
      vertex -12.4909 -4.06027 2
      vertex -15.7635 -4.01851 2
      vertex -12.1218 -4.2397 2
    endloop
  endfacet
  facet normal -0 0 1
    outer loop
      vertex -16.2066 -4.18817 2
      vertex -12.1218 -4.2397 2
      vertex -15.7635 -4.01851 2
    endloop
  endfacet
  facet normal 0 0 1
    outer loop
      vertex -12.1218 -4.2397 2
      vertex -16.2066 -4.18817 2
      vertex -20.3 -16.3 2
    endloop
  endfacet
  facet normal 0 0 1
    outer loop
      vertex -20.3 -16.3 2
      vertex -16.2066 -4.18817 2
      vertex -16.7049 -4.28998 2
    endloop
  endfacet
  facet normal 0 0 1
    outer loop
      vertex -20.3 -16.3 2
      vertex -16.7049 -4.28998 2
      vertex -17.2583 -4.32391 2
    endloop
  endfacet
  facet normal 0 0 1
    outer loop
      vertex -20.3 -16.3 2
      vertex -17.2583 -4.32391 2
      vertex -17.8085 -4.28864 2
    endloop
  endfacet
  facet normal 0 0 1
    outer loop
      vertex -20.3 -16.3 2
      vertex -17.8085 -4.28864 2
      vertex -18.3021 -4.1828 2
    endloop
  endfacet
  facet normal 0 0 1
    outer loop
      vertex -20.0633 0.336365 2
      vertex -21.4885 4.39743 2
      vertex -20.1817 -0.894012 2
    endloop
  endfacet
  facet normal 0 0 1
    outer loop
      vertex -21.4885 -4.20187 2
      vertex -20.1817 -0.894012 2
      vertex -21.4885 4.39743 2
    endloop
  endfacet
  facet normal 0 0 1
    outer loop
      vertex -20.3 -16.3 2
      vertex -20.0635 -2.10141 2
      vertex -20.1521 -1.52907 2
    endloop
  endfacet
  facet normal 0 0 1
    outer loop
      vertex -20.3 -16.3 2
      vertex -19.9158 -2.61101 2
      vertex -20.0635 -2.10141 2
    endloop
  endfacet
  facet normal 0 0 1
    outer loop
      vertex -20.3 -16.3 2
      vertex -19.709 -3.05786 2
      vertex -19.9158 -2.61101 2
    endloop
  endfacet
  facet normal 0 0 1
    outer loop
      vertex -20.3 -16.3 2
      vertex -19.4432 -3.442 2
      vertex -19.709 -3.05786 2
    endloop
  endfacet
  facet normal 0 0 1
    outer loop
      vertex -20.3 -16.3 2
      vertex -19.1195 -3.75949 2
      vertex -19.4432 -3.442 2
    endloop
  endfacet
  facet normal 0 0 1
    outer loop
      vertex -20.3 -16.3 2
      vertex -18.7391 -4.00642 2
      vertex -19.1195 -3.75949 2
    endloop
  endfacet
  facet normal 0 0 1
    outer loop
      vertex -20.3 -16.3 2
      vertex -18.3021 -4.1828 2
      vertex -18.7391 -4.00642 2
    endloop
  endfacet
  facet normal 0 0 1
    outer loop
      vertex -21.8 -18.8981 2
      vertex 21.8 -18.8981 2
      vertex -20.3 -16.3 2
    endloop
  endfacet
  facet normal 0 0 1
    outer loop
      vertex 21.8 -18.8981 2
      vertex -21.8 -18.8981 2
      vertex 31 -24 2
    endloop
  endfacet
  facet normal 0 0 1
    outer loop
      vertex -31 -24 2
      vertex -21.8 -18.8981 2
      vertex -24.8 -18.8981 2
    endloop
  endfacet
  facet normal 0 0 1
    outer loop
      vertex -28.8122 1.53508 2
      vertex -28.3118 1.65712 2
      vertex -28.6536 2.69464 2
    endloop
  endfacet
  facet normal 0 0 1
    outer loop
      vertex -28.3118 1.65712 2
      vertex -28.8122 1.53508 2
      vertex -28.8122 -4.20187 2
    endloop
  endfacet
  facet normal -0 0 1
    outer loop
      vertex -29.8498 -4.20187 2
      vertex -24.8 -13.7019 2
      vertex -28.8122 -4.20187 2
    endloop
  endfacet
  facet normal 0 0 1
    outer loop
      vertex -24.8 -13.7019 2
      vertex -29.8498 -4.20187 2
      vertex -26.3 -16.3 2
    endloop
  endfacet
  facet normal 0 0 1
    outer loop
      vertex -21.8 -18.8981 2
      vertex -31 -24 2
      vertex 31 -24 2
    endloop
  endfacet
  facet normal 0 0 1
    outer loop
      vertex -26.3 -16.3 2
      vertex -31 -24 2
      vertex -24.8 -18.8981 2
    endloop
  endfacet
  facet normal 0 0 1
    outer loop
      vertex -29.8498 -4.20187 2
      vertex -31 -24 2
      vertex -26.3 -16.3 2
    endloop
  endfacet
  facet normal 0 0 1
    outer loop
      vertex -31 -24 2
      vertex -29.8498 -4.20187 2
      vertex -31 24 2
    endloop
  endfacet
  facet normal 0 0 1
    outer loop
      vertex 26.9919 4.48141 2
      vertex 24.8 13.7019 2
      vertex 26.4677 4.34885 2
    endloop
  endfacet
  facet normal -0 0 1
    outer loop
      vertex 22.6741 4.39743 2
      vertex 26.4677 4.34885 2
      vertex 24.8 13.7019 2
    endloop
  endfacet
  facet normal 0 0 1
    outer loop
      vertex 26.4677 4.34885 2
      vertex 22.6741 4.39743 2
      vertex 26.0105 4.12791 2
    endloop
  endfacet
  facet normal 0 0 1
    outer loop
      vertex 26.0105 4.12791 2
      vertex 22.6741 4.39743 2
      vertex 25.6205 3.81862 2
    endloop
  endfacet
  facet normal 0 0 1
    outer loop
      vertex 25.6205 3.81862 2
      vertex 22.6741 4.39743 2
      vertex 25.2977 3.42094 2
    endloop
  endfacet
  facet normal 0 0 1
    outer loop
      vertex 25.2977 3.42094 2
      vertex 22.6741 4.39743 2
      vertex 25.0373 2.93465 2
    endloop
  endfacet
  facet normal 0 0 1
    outer loop
      vertex 25.0373 2.93465 2
      vertex 22.6741 4.39743 2
      vertex 24.8348 2.35948 2
    endloop
  endfacet
  facet normal 0 0 1
    outer loop
      vertex 24.8348 2.35948 2
      vertex 22.6741 4.39743 2
      vertex 24.6902 1.69547 2
    endloop
  endfacet
  facet normal 0 0 1
    outer loop
      vertex 24.6902 1.69547 2
      vertex 22.6741 4.39743 2
      vertex 24.6034 0.942581 2
    endloop
  endfacet
  facet normal 0 0 1
    outer loop
      vertex 22.6741 -1.38829 2
      vertex 24.6034 0.942581 2
      vertex 22.6741 4.39743 2
    endloop
  endfacet
  facet normal 0 0 1
    outer loop
      vertex 24.6034 0.942581 2
      vertex 22.6741 -1.38829 2
      vertex 24.5744 0.10083 2
    endloop
  endfacet
  facet normal -0 0 1
    outer loop
      vertex 21.8 13.7019 2
      vertex 22.6741 4.39743 2
      vertex 24.8 13.7019 2
    endloop
  endfacet
  facet normal 0 0 1
    outer loop
      vertex 21.8 13.7019 2
      vertex 21.5206 4.39743 2
      vertex 22.6741 4.39743 2
    endloop
  endfacet
  facet normal 0 0 1
    outer loop
      vertex 14.5815 4.48093 2
      vertex 21.8 13.7019 2
      vertex 20.3 16.3 2
    endloop
  endfacet
  facet normal 0 0 1
    outer loop
      vertex 21.8 13.7019 2
      vertex 16.9715 0.10083 2
      vertex 21.5206 4.39743 2
    endloop
  endfacet
  facet normal 0 0 1
    outer loop
      vertex 24.5744 0.10083 2
      vertex 22.6741 -1.38829 2
      vertex 23.8826 -1.38829 2
    endloop
  endfacet
  facet normal 0 0 1
    outer loop
      vertex -19.0282 -0.894012 2
      vertex -15.4334 -0.894012 2
      vertex -15.4497 -0.377075 2
    endloop
  endfacet
  facet normal -0 0 1
    outer loop
      vertex -18.9594 0.0663757 2
      vertex -15.4497 -0.377075 2
      vertex -15.4984 0.0800323 2
    endloop
  endfacet
  facet normal 0 0 1
    outer loop
      vertex -15.4334 -0.894012 2
      vertex -19.0282 -0.894012 2
      vertex -15.4504 -1.40494 2
    endloop
  endfacet
  facet normal -0 0 1
    outer loop
      vertex -18.8733 0.461243 2
      vertex -15.4984 0.0800323 2
      vertex -15.5796 0.477356 2
    endloop
  endfacet
  facet normal -0 -0 1
    outer loop
      vertex -19.0113 -1.39041 2
      vertex -15.4504 -1.40494 2
      vertex -19.0282 -0.894012 2
    endloop
  endfacet
  facet normal 0 0 1
    outer loop
      vertex -16.8422 1.68724 2
      vertex -15.5796 0.477356 2
      vertex -15.6932 0.81485 2
    endloop
  endfacet
  facet normal 0 -0 1
    outer loop
      vertex -18.9604 -1.83482 2
      vertex -15.4504 -1.40494 2
      vertex -19.0113 -1.39041 2
    endloop
  endfacet
  facet normal 0 0 1
    outer loop
      vertex -16.5252 1.6129 2
      vertex -15.6932 0.81485 2
      vertex -15.8393 1.09254 2
    endloop
  endfacet
  facet normal 0 0 1
    outer loop
      vertex -15.4504 -1.40494 2
      vertex -18.9604 -1.83482 2
      vertex -15.5013 -1.85876 2
    endloop
  endfacet
  facet normal 0 0 1
    outer loop
      vertex -16.5252 1.6129 2
      vertex -15.8393 1.09254 2
      vertex -16.0238 1.31555 2
    endloop
  endfacet
  facet normal 0 -0 1
    outer loop
      vertex -18.8755 -2.22723 2
      vertex -15.5013 -1.85876 2
      vertex -18.9604 -1.83482 2
    endloop
  endfacet
  facet normal 0 0 1
    outer loop
      vertex -16.5252 1.6129 2
      vertex -16.0238 1.31555 2
      vertex -16.2524 1.48901 2
    endloop
  endfacet
  facet normal 0 0 1
    outer loop
      vertex -15.5013 -1.85876 2
      vertex -18.8755 -2.22723 2
      vertex -15.5861 -2.25546 2
    endloop
  endfacet
  facet normal 0 0 1
    outer loop
      vertex -15.6932 0.81485 2
      vertex -16.5252 1.6129 2
      vertex -16.8422 1.68724 2
    endloop
  endfacet
  facet normal 0 -0 1
    outer loop
      vertex -17.2705 -3.51219 2
      vertex -15.5861 -2.25546 2
      vertex -18.8755 -2.22723 2
    endloop
  endfacet
  facet normal 0 0 1
    outer loop
      vertex -15.5796 0.477356 2
      vertex -16.8422 1.68724 2
      vertex -17.2034 1.71202 2
    endloop
  endfacet
  facet normal 0 -0 1
    outer loop
      vertex -16.8976 -3.48682 2
      vertex -15.5861 -2.25546 2
      vertex -17.2705 -3.51219 2
    endloop
  endfacet
  facet normal 0 0 1
    outer loop
      vertex -15.5796 0.477356 2
      vertex -17.2034 1.71202 2
      vertex -18.8733 0.461243 2
    endloop
  endfacet
  facet normal 0 -0 1
    outer loop
      vertex -16.5699 -3.41064 2
      vertex -15.7049 -2.59505 2
      vertex -16.8976 -3.48682 2
    endloop
  endfacet
  facet normal 0 0 1
    outer loop
      vertex -18.8733 0.461243 2
      vertex -17.2034 1.71202 2
      vertex -17.5677 1.68675 2
    endloop
  endfacet
  facet normal 0 0 1
    outer loop
      vertex -15.7049 -2.59505 2
      vertex -16.5699 -3.41064 2
      vertex -15.8576 -2.87752 2
    endloop
  endfacet
  facet normal 0 0 1
    outer loop
      vertex -18.7528 0.79921 2
      vertex -17.5677 1.68675 2
      vertex -17.8894 1.61095 2
    endloop
  endfacet
  facet normal 0 0 1
    outer loop
      vertex -15.8576 -2.87752 2
      vertex -16.5699 -3.41064 2
      vertex -16.0499 -3.106 2
    endloop
  endfacet
  facet normal 0 0 1
    outer loop
      vertex -18.5979 1.08031 2
      vertex -17.8894 1.61095 2
      vertex -18.1683 1.4846 2
    endloop
  endfacet
  facet normal 0 0 1
    outer loop
      vertex -16.0499 -3.106 2
      vertex -16.5699 -3.41064 2
      vertex -16.2873 -3.28371 2
    endloop
  endfacet
  facet normal 0 0 1
    outer loop
      vertex -18.5979 1.08031 2
      vertex -18.1683 1.4846 2
      vertex -18.4044 1.30772 2
    endloop
  endfacet
  facet normal 0 0 1
    outer loop
      vertex -15.5861 -2.25546 2
      vertex -16.8976 -3.48682 2
      vertex -15.7049 -2.59505 2
    endloop
  endfacet
  facet normal 0 0 1
    outer loop
      vertex -17.8894 1.61095 2
      vertex -18.5979 1.08031 2
      vertex -18.7528 0.79921 2
    endloop
  endfacet
  facet normal -0 -0 1
    outer loop
      vertex -18.7567 -2.56766 2
      vertex -17.2705 -3.51219 2
      vertex -18.8755 -2.22723 2
    endloop
  endfacet
  facet normal 0 0 1
    outer loop
      vertex -17.5677 1.68675 2
      vertex -18.7528 0.79921 2
      vertex -18.8733 0.461243 2
    endloop
  endfacet
  facet normal 0 0 1
    outer loop
      vertex -17.2705 -3.51219 2
      vertex -18.7567 -2.56766 2
      vertex -17.6149 -3.48595 2
    endloop
  endfacet
  facet normal 0 0 1
    outer loop
      vertex -15.4984 0.0800323 2
      vertex -18.8733 0.461243 2
      vertex -18.9594 0.0663757 2
    endloop
  endfacet
  facet normal -0 -0 1
    outer loop
      vertex -18.604 -2.85609 2
      vertex -17.6149 -3.48595 2
      vertex -18.7567 -2.56766 2
    endloop
  endfacet
  facet normal 0 0 1
    outer loop
      vertex -15.4497 -0.377075 2
      vertex -18.9594 0.0663757 2
      vertex -19.011 -0.385361 2
    endloop
  endfacet
  facet normal 0 0 1
    outer loop
      vertex -15.4497 -0.377075 2
      vertex -19.011 -0.385361 2
      vertex -19.0282 -0.894012 2
    endloop
  endfacet
  facet normal 0 0 1
    outer loop
      vertex -17.6149 -3.48595 2
      vertex -18.604 -2.85609 2
      vertex -17.9204 -3.40723 2
    endloop
  endfacet
  facet normal 0 0 1
    outer loop
      vertex -17.9204 -3.40723 2
      vertex -18.604 -2.85609 2
      vertex -18.1871 -3.276 2
    endloop
  endfacet
  facet normal 0 0 1
    outer loop
      vertex -18.1871 -3.276 2
      vertex -18.604 -2.85609 2
      vertex -18.415 -3.0923 2
    endloop
  endfacet
  facet normal 0 0 1
    outer loop
      vertex -8.84776 -0.894012 2
      vertex -5.25298 -0.894012 2
      vertex -5.26921 -0.377075 2
    endloop
  endfacet
  facet normal -0 0 1
    outer loop
      vertex -8.77892 0.0663757 2
      vertex -5.26921 -0.377075 2
      vertex -5.31793 0.0800323 2
    endloop
  endfacet
  facet normal 0 0 1
    outer loop
      vertex -5.25298 -0.894012 2
      vertex -8.84776 -0.894012 2
      vertex -5.26994 -1.40494 2
    endloop
  endfacet
  facet normal -0 0 1
    outer loop
      vertex -8.69286 0.461243 2
      vertex -5.31793 0.0800323 2
      vertex -5.39911 0.477356 2
    endloop
  endfacet
  facet normal -0 -0 1
    outer loop
      vertex -8.8308 -1.39041 2
      vertex -5.26994 -1.40494 2
      vertex -8.84776 -0.894012 2
    endloop
  endfacet
  facet normal 0 0 1
    outer loop
      vertex -6.66173 1.68724 2
      vertex -5.39911 0.477356 2
      vertex -5.51276 0.81485 2
    endloop
  endfacet
  facet normal 0 -0 1
    outer loop
      vertex -8.77989 -1.83482 2
      vertex -5.26994 -1.40494 2
      vertex -8.8308 -1.39041 2
    endloop
  endfacet
  facet normal 0 0 1
    outer loop
      vertex -6.34473 1.6129 2
      vertex -5.51276 0.81485 2
      vertex -5.65887 1.09254 2
    endloop
  endfacet
  facet normal 0 0 1
    outer loop
      vertex -5.26994 -1.40494 2
      vertex -8.77989 -1.83482 2
      vertex -5.32085 -1.85876 2
    endloop
  endfacet
  facet normal 0 0 1
    outer loop
      vertex -6.34473 1.6129 2
      vertex -5.65887 1.09254 2
      vertex -5.84331 1.31555 2
    endloop
  endfacet
  facet normal 0 -0 1
    outer loop
      vertex -8.69505 -2.22723 2
      vertex -5.32085 -1.85876 2
      vertex -8.77989 -1.83482 2
    endloop
  endfacet
  facet normal 0 0 1
    outer loop
      vertex -6.34473 1.6129 2
      vertex -5.84331 1.31555 2
      vertex -6.07191 1.48901 2
    endloop
  endfacet
  facet normal 0 0 1
    outer loop
      vertex -5.32085 -1.85876 2
      vertex -8.69505 -2.22723 2
      vertex -5.40569 -2.25546 2
    endloop
  endfacet
  facet normal 0 0 1
    outer loop
      vertex -5.51276 0.81485 2
      vertex -6.34473 1.6129 2
      vertex -6.66173 1.68724 2
    endloop
  endfacet
  facet normal 0 -0 1
    outer loop
      vertex -7.09006 -3.51219 2
      vertex -5.40569 -2.25546 2
      vertex -8.69505 -2.22723 2
    endloop
  endfacet
  facet normal 0 0 1
    outer loop
      vertex -5.39911 0.477356 2
      vertex -6.66173 1.68724 2
      vertex -7.02292 1.71202 2
    endloop
  endfacet
  facet normal 0 -0 1
    outer loop
      vertex -6.71715 -3.48682 2
      vertex -5.40569 -2.25546 2
      vertex -7.09006 -3.51219 2
    endloop
  endfacet
  facet normal 0 0 1
    outer loop
      vertex -5.39911 0.477356 2
      vertex -7.02292 1.71202 2
      vertex -8.69286 0.461243 2
    endloop
  endfacet
  facet normal 0 -0 1
    outer loop
      vertex -6.3894 -3.41064 2
      vertex -5.52444 -2.59505 2
      vertex -6.71715 -3.48682 2
    endloop
  endfacet
  facet normal 0 0 1
    outer loop
      vertex -8.69286 0.461243 2
      vertex -7.02292 1.71202 2
      vertex -7.38727 1.68675 2
    endloop
  endfacet
  facet normal 0 0 1
    outer loop
      vertex -5.52444 -2.59505 2
      vertex -6.3894 -3.41064 2
      vertex -5.67715 -2.87752 2
    endloop
  endfacet
  facet normal 0 0 1
    outer loop
      vertex -8.57237 0.79921 2
      vertex -7.38727 1.68675 2
      vertex -7.70889 1.61095 2
    endloop
  endfacet
  facet normal 0 0 1
    outer loop
      vertex -5.67715 -2.87752 2
      vertex -6.3894 -3.41064 2
      vertex -5.8694 -3.106 2
    endloop
  endfacet
  facet normal 0 0 1
    outer loop
      vertex -8.41747 1.08031 2
      vertex -7.70889 1.61095 2
      vertex -7.98781 1.4846 2
    endloop
  endfacet
  facet normal 0 0 1
    outer loop
      vertex -5.8694 -3.106 2
      vertex -6.3894 -3.41064 2
      vertex -6.10681 -3.28371 2
    endloop
  endfacet
  facet normal 0 0 1
    outer loop
      vertex -8.41747 1.08031 2
      vertex -7.98781 1.4846 2
      vertex -8.224 1.30772 2
    endloop
  endfacet
  facet normal 0 0 1
    outer loop
      vertex -5.40569 -2.25546 2
      vertex -6.71715 -3.48682 2
      vertex -5.52444 -2.59505 2
    endloop
  endfacet
  facet normal 0 0 1
    outer loop
      vertex -7.70889 1.61095 2
      vertex -8.41747 1.08031 2
      vertex -8.57237 0.79921 2
    endloop
  endfacet
  facet normal -0 -0 1
    outer loop
      vertex -8.57629 -2.56766 2
      vertex -7.09006 -3.51219 2
      vertex -8.69505 -2.22723 2
    endloop
  endfacet
  facet normal 0 0 1
    outer loop
      vertex -7.38727 1.68675 2
      vertex -8.57237 0.79921 2
      vertex -8.69286 0.461243 2
    endloop
  endfacet
  facet normal 0 0 1
    outer loop
      vertex -7.09006 -3.51219 2
      vertex -8.57629 -2.56766 2
      vertex -7.4344 -3.48595 2
    endloop
  endfacet
  facet normal 0 0 1
    outer loop
      vertex -5.31793 0.0800323 2
      vertex -8.69286 0.461243 2
      vertex -8.77892 0.0663757 2
    endloop
  endfacet
  facet normal -0 -0 1
    outer loop
      vertex -8.42358 -2.85609 2
      vertex -7.4344 -3.48595 2
      vertex -8.57629 -2.56766 2
    endloop
  endfacet
  facet normal 0 0 1
    outer loop
      vertex -5.26921 -0.377075 2
      vertex -8.77892 0.0663757 2
      vertex -8.83055 -0.385361 2
    endloop
  endfacet
  facet normal 0 0 1
    outer loop
      vertex -5.26921 -0.377075 2
      vertex -8.83055 -0.385361 2
      vertex -8.84776 -0.894012 2
    endloop
  endfacet
  facet normal 0 0 1
    outer loop
      vertex -7.4344 -3.48595 2
      vertex -8.42358 -2.85609 2
      vertex -7.73991 -3.40723 2
    endloop
  endfacet
  facet normal 0 0 1
    outer loop
      vertex -7.73991 -3.40723 2
      vertex -8.42358 -2.85609 2
      vertex -8.00662 -3.276 2
    endloop
  endfacet
  facet normal 0 0 1
    outer loop
      vertex -8.00662 -3.276 2
      vertex -8.42358 -2.85609 2
      vertex -8.23451 -3.0923 2
    endloop
  endfacet
  facet normal 0 0 1
    outer loop
      vertex 12.1074 0.10083 2
      vertex 15.8547 0.10083 2
      vertex 15.8375 0.804413 2
    endloop
  endfacet
  facet normal -0 0 1
    outer loop
      vertex 12.1251 0.812698 2
      vertex 15.8375 0.804413 2
      vertex 15.7858 1.42595 2
    endloop
  endfacet
  facet normal 0 0 1
    outer loop
      vertex 15.8547 0.10083 2
      vertex 12.1074 0.10083 2
      vertex 15.8366 -0.579773 2
    endloop
  endfacet
  facet normal -0 0 1
    outer loop
      vertex 12.1781 1.43961 2
      vertex 15.7858 1.42595 2
      vertex 15.6998 1.96547 2
    endloop
  endfacet
  facet normal 0 -0 1
    outer loop
      vertex 12.1253 -0.592224 2
      vertex 15.8366 -0.579773 2
      vertex 12.1074 0.10083 2
    endloop
  endfacet
  facet normal -0 0 1
    outer loop
      vertex 12.2666 1.98155 2
      vertex 15.6998 1.96547 2
      vertex 15.5793 2.42296 2
    endloop
  endfacet
  facet normal 0 0 1
    outer loop
      vertex 15.8366 -0.579773 2
      vertex 12.1253 -0.592224 2
      vertex 15.7824 -1.18619 2
    endloop
  endfacet
  facet normal -0 0 1
    outer loop
      vertex 12.3905 2.43854 2
      vertex 15.5793 2.42296 2
      vertex 15.4244 2.7984 2
    endloop
  endfacet
  facet normal 0 -0 1
    outer loop
      vertex 12.1791 -1.2067 2
      vertex 15.7824 -1.18619 2
      vertex 12.1253 -0.592224 2
    endloop
  endfacet
  facet normal 0 0 1
    outer loop
      vertex 14.3786 3.60106 2
      vertex 15.4244 2.7984 2
      vertex 15.2299 3.0994 2
    endloop
  endfacet
  facet normal 0 0 1
    outer loop
      vertex 15.7824 -1.18619 2
      vertex 12.1791 -1.2067 2
      vertex 15.6921 -1.7184 2
    endloop
  endfacet
  facet normal 0 0 1
    outer loop
      vertex 14.3786 3.60106 2
      vertex 15.2299 3.0994 2
      vertex 14.9908 3.33351 2
    endloop
  endfacet
  facet normal 0 -0 1
    outer loop
      vertex 12.2688 -1.74255 2
      vertex 15.6921 -1.7184 2
      vertex 12.1791 -1.2067 2
    endloop
  endfacet
  facet normal 0 0 1
    outer loop
      vertex 14.3786 3.60106 2
      vertex 14.9908 3.33351 2
      vertex 14.707 3.50073 2
    endloop
  endfacet
  facet normal 0 0 1
    outer loop
      vertex 15.6921 -1.7184 2
      vertex 12.2688 -1.74255 2
      vertex 15.5656 -2.17639 2
    endloop
  endfacet
  facet normal 0 0 1
    outer loop
      vertex 15.4244 2.7984 2
      vertex 14.3786 3.60106 2
      vertex 14.0055 3.63451 2
    endloop
  endfacet
  facet normal 0 -0 1
    outer loop
      vertex 12.3944 -2.19981 2
      vertex 15.5656 -2.17639 2
      vertex 12.2688 -1.74255 2
    endloop
  endfacet
  facet normal 0 0 1
    outer loop
      vertex 15.4244 2.7984 2
      vertex 14.0055 3.63451 2
      vertex 12.3905 2.43854 2
    endloop
  endfacet
  facet normal 0 0 1
    outer loop
      vertex 15.5656 -2.17639 2
      vertex 12.3944 -2.19981 2
      vertex 15.4031 -2.56018 2
    endloop
  endfacet
  facet normal 0 0 1
    outer loop
      vertex 12.5498 2.81056 2
      vertex 14.0055 3.63451 2
      vertex 13.623 3.60155 2
    endloop
  endfacet
  facet normal 0 -0 1
    outer loop
      vertex 12.5559 -2.57845 2
      vertex 15.4031 -2.56018 2
      vertex 12.3944 -2.19981 2
    endloop
  endfacet
  facet normal 0 0 1
    outer loop
      vertex 12.5498 2.81056 2
      vertex 13.623 3.60155 2
      vertex 13.2863 3.50267 2
    endloop
  endfacet
  facet normal 0 -0 1
    outer loop
      vertex 13.981 -3.42679 2
      vertex 15.4031 -2.56018 2
      vertex 12.5559 -2.57845 2
    endloop
  endfacet
  facet normal 0 0 1
    outer loop
      vertex 15.4031 -2.56018 2
      vertex 13.981 -3.42679 2
      vertex 15.2017 -2.87216 2
    endloop
  endfacet
  facet normal 0 0 1
    outer loop
      vertex 12.7496 3.10718 2
      vertex 13.2863 3.50267 2
      vertex 12.9951 3.33789 2
    endloop
  endfacet
  facet normal 0 -0 1
    outer loop
      vertex 14.3484 -3.39212 2
      vertex 15.2017 -2.87216 2
      vertex 13.981 -3.42679 2
    endloop
  endfacet
  facet normal 0 0 1
    outer loop
      vertex 13.2863 3.50267 2
      vertex 12.7496 3.10718 2
      vertex 12.5498 2.81056 2
    endloop
  endfacet
  facet normal 0 0 1
    outer loop
      vertex 14.9588 -3.11481 2
      vertex 14.3484 -3.39212 2
      vertex 14.6743 -3.28813 2
    endloop
  endfacet
  facet normal 0 0 1
    outer loop
      vertex 14.0055 3.63451 2
      vertex 12.5498 2.81056 2
      vertex 12.3905 2.43854 2
    endloop
  endfacet
  facet normal 0 0 1
    outer loop
      vertex 15.2017 -2.87216 2
      vertex 14.3484 -3.39212 2
      vertex 14.9588 -3.11481 2
    endloop
  endfacet
  facet normal 0 0 1
    outer loop
      vertex 15.5793 2.42296 2
      vertex 12.3905 2.43854 2
      vertex 12.2666 1.98155 2
    endloop
  endfacet
  facet normal 0 0 1
    outer loop
      vertex 13.981 -3.42679 2
      vertex 12.5559 -2.57845 2
      vertex 13.6115 -3.39285 2
    endloop
  endfacet
  facet normal 0 0 1
    outer loop
      vertex 15.6998 1.96547 2
      vertex 12.2666 1.98155 2
      vertex 12.1781 1.43961 2
    endloop
  endfacet
  facet normal -0 -0 1
    outer loop
      vertex 12.7565 -2.88385 2
      vertex 13.6115 -3.39285 2
      vertex 12.5559 -2.57845 2
    endloop
  endfacet
  facet normal 0 0 1
    outer loop
      vertex 15.7858 1.42595 2
      vertex 12.1781 1.43961 2
      vertex 12.1251 0.812698 2
    endloop
  endfacet
  facet normal 0 0 1
    outer loop
      vertex 13.2842 -3.29105 2
      vertex 12.7565 -2.88385 2
      vertex 12.9992 -3.12138 2
    endloop
  endfacet
  facet normal 0 0 1
    outer loop
      vertex 15.8375 0.804413 2
      vertex 12.1251 0.812698 2
      vertex 12.1074 0.10083 2
    endloop
  endfacet
  facet normal 0 0 1
    outer loop
      vertex 13.6115 -3.39285 2
      vertex 12.7565 -2.88385 2
      vertex 13.2842 -3.29105 2
    endloop
  endfacet
  facet normal -0 0 1
    outer loop
      vertex 21.6259 3.13383 2
      vertex 21.6366 -1.38829 2
      vertex 21.6366 3.15849 2
    endloop
  endfacet
  facet normal -0 0 1
    outer loop
      vertex 21.6034 3.08916 2
      vertex 21.6366 -1.38829 2
      vertex 21.6259 3.13383 2
    endloop
  endfacet
  facet normal -0 0 1
    outer loop
      vertex 21.5692 3.02448 2
      vertex 21.6366 -1.38829 2
      vertex 21.6034 3.08916 2
    endloop
  endfacet
  facet normal -0 0 1
    outer loop
      vertex 21.5233 2.93976 2
      vertex 21.6366 -1.38829 2
      vertex 21.5692 3.02448 2
    endloop
  endfacet
  facet normal -0 0 1
    outer loop
      vertex 21.4657 2.83504 2
      vertex 21.6366 -1.38829 2
      vertex 21.5233 2.93976 2
    endloop
  endfacet
  facet normal -0 0 1
    outer loop
      vertex 21.4054 2.72714 2
      vertex 21.6366 -1.38829 2
      vertex 21.4657 2.83504 2
    endloop
  endfacet
  facet normal -0 0 1
    outer loop
      vertex 21.3515 2.6329 2
      vertex 21.6366 -1.38829 2
      vertex 21.4054 2.72714 2
    endloop
  endfacet
  facet normal -0 0 1
    outer loop
      vertex 21.3038 2.55234 2
      vertex 21.6366 -1.38829 2
      vertex 21.3515 2.6329 2
    endloop
  endfacet
  facet normal -0 0 1
    outer loop
      vertex 21.2626 2.48543 2
      vertex 21.6366 -1.38829 2
      vertex 21.3038 2.55234 2
    endloop
  endfacet
  facet normal -0 0 1
    outer loop
      vertex 21.2276 2.43219 2
      vertex 21.6366 -1.38829 2
      vertex 21.2626 2.48543 2
    endloop
  endfacet
  facet normal -0 0 1
    outer loop
      vertex 19.0245 -0.814621 2
      vertex 21.6366 -1.38829 2
      vertex 21.2276 2.43219 2
    endloop
  endfacet
  facet normal -0 0 1
    outer loop
      vertex 18.6949 -1.26625 2
      vertex 21.6366 -1.38829 2
      vertex 19.0245 -0.814621 2
    endloop
  endfacet
  facet normal 0 0 1
    outer loop
      vertex 21.6366 -1.38829 2
      vertex 18.6949 -1.26625 2
      vertex 18.5972 -1.38829 2
    endloop
  endfacet
  facet normal 0 0 1
    outer loop
      vertex 25.6852 0.10083 2
      vertex 29.4326 0.10083 2
      vertex 29.4153 0.804413 2
    endloop
  endfacet
  facet normal -0 0 1
    outer loop
      vertex 25.7029 0.812698 2
      vertex 29.4153 0.804413 2
      vertex 29.3637 1.42595 2
    endloop
  endfacet
  facet normal 0 0 1
    outer loop
      vertex 29.4326 0.10083 2
      vertex 25.6852 0.10083 2
      vertex 29.4145 -0.579773 2
    endloop
  endfacet
  facet normal -0 0 1
    outer loop
      vertex 25.756 1.43961 2
      vertex 29.3637 1.42595 2
      vertex 29.2776 1.96547 2
    endloop
  endfacet
  facet normal 0 -0 1
    outer loop
      vertex 25.7032 -0.592224 2
      vertex 29.4145 -0.579773 2
      vertex 25.6852 0.10083 2
    endloop
  endfacet
  facet normal -0 0 1
    outer loop
      vertex 25.8445 1.98155 2
      vertex 29.2776 1.96547 2
      vertex 29.1572 2.42296 2
    endloop
  endfacet
  facet normal 0 0 1
    outer loop
      vertex 29.4145 -0.579773 2
      vertex 25.7032 -0.592224 2
      vertex 29.3603 -1.18619 2
    endloop
  endfacet
  facet normal -0 0 1
    outer loop
      vertex 25.9684 2.43854 2
      vertex 29.1572 2.42296 2
      vertex 29.0023 2.7984 2
    endloop
  endfacet
  facet normal 0 -0 1
    outer loop
      vertex 25.757 -1.2067 2
      vertex 29.3603 -1.18619 2
      vertex 25.7032 -0.592224 2
    endloop
  endfacet
  facet normal 0 0 1
    outer loop
      vertex 27.9565 3.60106 2
      vertex 29.0023 2.7984 2
      vertex 28.8078 3.0994 2
    endloop
  endfacet
  facet normal 0 0 1
    outer loop
      vertex 29.3603 -1.18619 2
      vertex 25.757 -1.2067 2
      vertex 29.27 -1.7184 2
    endloop
  endfacet
  facet normal 0 0 1
    outer loop
      vertex 27.9565 3.60106 2
      vertex 28.8078 3.0994 2
      vertex 28.5687 3.33351 2
    endloop
  endfacet
  facet normal 0 -0 1
    outer loop
      vertex 25.8467 -1.74255 2
      vertex 29.27 -1.7184 2
      vertex 25.757 -1.2067 2
    endloop
  endfacet
  facet normal 0 0 1
    outer loop
      vertex 27.9565 3.60106 2
      vertex 28.5687 3.33351 2
      vertex 28.2849 3.50073 2
    endloop
  endfacet
  facet normal 0 0 1
    outer loop
      vertex 29.27 -1.7184 2
      vertex 25.8467 -1.74255 2
      vertex 29.1435 -2.17639 2
    endloop
  endfacet
  facet normal 0 0 1
    outer loop
      vertex 29.0023 2.7984 2
      vertex 27.9565 3.60106 2
      vertex 27.5833 3.63451 2
    endloop
  endfacet
  facet normal 0 -0 1
    outer loop
      vertex 25.9723 -2.19981 2
      vertex 29.1435 -2.17639 2
      vertex 25.8467 -1.74255 2
    endloop
  endfacet
  facet normal 0 0 1
    outer loop
      vertex 29.0023 2.7984 2
      vertex 27.5833 3.63451 2
      vertex 25.9684 2.43854 2
    endloop
  endfacet
  facet normal 0 0 1
    outer loop
      vertex 29.1435 -2.17639 2
      vertex 25.9723 -2.19981 2
      vertex 28.9809 -2.56018 2
    endloop
  endfacet
  facet normal 0 0 1
    outer loop
      vertex 26.1277 2.81056 2
      vertex 27.5833 3.63451 2
      vertex 27.2009 3.60155 2
    endloop
  endfacet
  facet normal 0 -0 1
    outer loop
      vertex 26.1338 -2.57845 2
      vertex 28.9809 -2.56018 2
      vertex 25.9723 -2.19981 2
    endloop
  endfacet
  facet normal 0 0 1
    outer loop
      vertex 26.1277 2.81056 2
      vertex 27.2009 3.60155 2
      vertex 26.8641 3.50267 2
    endloop
  endfacet
  facet normal 0 -0 1
    outer loop
      vertex 27.5589 -3.42679 2
      vertex 28.9809 -2.56018 2
      vertex 26.1338 -2.57845 2
    endloop
  endfacet
  facet normal 0 0 1
    outer loop
      vertex 28.9809 -2.56018 2
      vertex 27.5589 -3.42679 2
      vertex 28.7795 -2.87216 2
    endloop
  endfacet
  facet normal 0 0 1
    outer loop
      vertex 26.3275 3.10718 2
      vertex 26.8641 3.50267 2
      vertex 26.573 3.33789 2
    endloop
  endfacet
  facet normal 0 -0 1
    outer loop
      vertex 27.9263 -3.39212 2
      vertex 28.7795 -2.87216 2
      vertex 27.5589 -3.42679 2
    endloop
  endfacet
  facet normal 0 0 1
    outer loop
      vertex 26.8641 3.50267 2
      vertex 26.3275 3.10718 2
      vertex 26.1277 2.81056 2
    endloop
  endfacet
  facet normal 0 0 1
    outer loop
      vertex 28.5366 -3.11481 2
      vertex 27.9263 -3.39212 2
      vertex 28.2522 -3.28813 2
    endloop
  endfacet
  facet normal 0 0 1
    outer loop
      vertex 27.5833 3.63451 2
      vertex 26.1277 2.81056 2
      vertex 25.9684 2.43854 2
    endloop
  endfacet
  facet normal 0 0 1
    outer loop
      vertex 28.7795 -2.87216 2
      vertex 27.9263 -3.39212 2
      vertex 28.5366 -3.11481 2
    endloop
  endfacet
  facet normal 0 0 1
    outer loop
      vertex 29.1572 2.42296 2
      vertex 25.9684 2.43854 2
      vertex 25.8445 1.98155 2
    endloop
  endfacet
  facet normal 0 0 1
    outer loop
      vertex 27.5589 -3.42679 2
      vertex 26.1338 -2.57845 2
      vertex 27.1894 -3.39285 2
    endloop
  endfacet
  facet normal 0 0 1
    outer loop
      vertex 29.2776 1.96547 2
      vertex 25.8445 1.98155 2
      vertex 25.756 1.43961 2
    endloop
  endfacet
  facet normal -0 -0 1
    outer loop
      vertex 26.3343 -2.88385 2
      vertex 27.1894 -3.39285 2
      vertex 26.1338 -2.57845 2
    endloop
  endfacet
  facet normal 0 0 1
    outer loop
      vertex 29.3637 1.42595 2
      vertex 25.756 1.43961 2
      vertex 25.7029 0.812698 2
    endloop
  endfacet
  facet normal 0 0 1
    outer loop
      vertex 26.8621 -3.29105 2
      vertex 26.3343 -2.88385 2
      vertex 26.5771 -3.12138 2
    endloop
  endfacet
  facet normal 0 0 1
    outer loop
      vertex 29.4153 0.804413 2
      vertex 25.7029 0.812698 2
      vertex 25.6852 0.10083 2
    endloop
  endfacet
  facet normal 0 0 1
    outer loop
      vertex 27.1894 -3.39285 2
      vertex 26.3343 -2.88385 2
      vertex 26.8621 -3.29105 2
    endloop
  endfacet
  facet normal 0 0 -1
    outer loop
      vertex -31 -24 -8
      vertex 31 24 -8
      vertex 31 -24 -8
    endloop
  endfacet
  facet normal -0 0 -1
    outer loop
      vertex 31 24 -8
      vertex -31 -24 -8
      vertex -31 24 -8
    endloop
  endfacet
  facet normal -1 0 0
    outer loop
      vertex -31 -24 -8
      vertex -31 24 2
      vertex -31 24 -8
    endloop
  endfacet
  facet normal -1 -0 0
    outer loop
      vertex -31 24 2
      vertex -31 -24 -8
      vertex -31 -24 2
    endloop
  endfacet
  facet normal 0 1 -0
    outer loop
      vertex 31 24 -8
      vertex -31 24 2
      vertex 31 24 2
    endloop
  endfacet
  facet normal 0 1 0
    outer loop
      vertex -31 24 2
      vertex 31 24 -8
      vertex -31 24 -8
    endloop
  endfacet
  facet normal 0 -1 0
    outer loop
      vertex -31 -24 -8
      vertex 31 -24 2
      vertex -31 -24 2
    endloop
  endfacet
  facet normal 0 -1 -0
    outer loop
      vertex 31 -24 2
      vertex -31 -24 -8
      vertex 31 -24 -8
    endloop
  endfacet
  facet normal -0 0 1
    outer loop
      vertex 8.76231 2.40364 2.65
      vertex 9.90797 2.16975 2.65
      vertex 9.88002 2.60078 2.65
    endloop
  endfacet
  facet normal 0 0 1
    outer loop
      vertex 9.90797 2.16975 2.65
      vertex 8.77892 2.13313 2.65
      vertex 9.89882 1.96983 2.65
    endloop
  endfacet
  facet normal 0 0 1
    outer loop
      vertex 8.76927 1.9276 2.65
      vertex 9.89882 1.96983 2.65
      vertex 8.77892 2.13313 2.65
    endloop
  endfacet
  facet normal -0 0 1
    outer loop
      vertex 8.71251 2.64876 2.65
      vertex 9.88002 2.60078 2.65
      vertex 9.79616 2.99054 2.65
    endloop
  endfacet
  facet normal 0 0 1
    outer loop
      vertex 9.89882 1.96983 2.65
      vertex 8.76927 1.9276 2.65
      vertex 9.87135 1.7704 2.65
    endloop
  endfacet
  facet normal 0 0 1
    outer loop
      vertex 9.87135 1.7704 2.65
      vertex 8.76927 1.9276 2.65
      vertex 9.82558 1.57144 2.65
    endloop
  endfacet
  facet normal 0 0 1
    outer loop
      vertex 8.71251 2.64876 2.65
      vertex 9.79616 2.99054 2.65
      vertex 9.65639 3.33904 2.65
    endloop
  endfacet
  facet normal -0 0 1
    outer loop
      vertex 8.74034 1.73085 2.65
      vertex 9.82558 1.57144 2.65
      vertex 8.76927 1.9276 2.65
    endloop
  endfacet
  facet normal 0 0 1
    outer loop
      vertex 8.62949 2.86848 2.65
      vertex 9.65639 3.33904 2.65
      vertex 9.46071 3.64627 2.65
    endloop
  endfacet
  facet normal 0 0 1
    outer loop
      vertex 9.82558 1.57144 2.65
      vertex 8.74034 1.73085 2.65
      vertex 9.76149 1.37297 2.65
    endloop
  endfacet
  facet normal -0 0 1
    outer loop
      vertex 8.69212 1.54288 2.65
      vertex 9.76149 1.37297 2.65
      vertex 8.74034 1.73085 2.65
    endloop
  endfacet
  facet normal 0 0 1
    outer loop
      vertex 8.51328 3.06282 2.65
      vertex 9.46071 3.64627 2.65
      vertex 9.20912 3.91225 2.65
    endloop
  endfacet
  facet normal 0 0 1
    outer loop
      vertex 9.76149 1.37297 2.65
      vertex 8.69212 1.54288 2.65
      vertex 9.67911 1.17499 2.65
    endloop
  endfacet
  facet normal 0 0 1
    outer loop
      vertex 9.67911 1.17499 2.65
      vertex 8.69212 1.54288 2.65
      vertex 9.57864 0.977234 2.65
    endloop
  endfacet
  facet normal 0 0 1
    outer loop
      vertex 8.36385 3.23175 2.65
      vertex 9.20912 3.91225 2.65
      vertex 8.90556 4.13306 2.65
    endloop
  endfacet
  facet normal -0 0 1
    outer loop
      vertex 8.62462 1.36368 2.65
      vertex 9.57864 0.977234 2.65
      vertex 8.69212 1.54288 2.65
    endloop
  endfacet
  facet normal 0 0 1
    outer loop
      vertex 9.57864 0.977234 2.65
      vertex 8.62462 1.36368 2.65
      vertex 9.46037 0.779495 2.65
    endloop
  endfacet
  facet normal 0 0 1
    outer loop
      vertex 9.90797 2.16975 2.65
      vertex 8.76231 2.40364 2.65
      vertex 8.77892 2.13313 2.65
    endloop
  endfacet
  facet normal 0 0 1
    outer loop
      vertex 9.88002 2.60078 2.65
      vertex 8.71251 2.64876 2.65
      vertex 8.76231 2.40364 2.65
    endloop
  endfacet
  facet normal 0 0 1
    outer loop
      vertex 9.65639 3.33904 2.65
      vertex 8.62949 2.86848 2.65
      vertex 8.71251 2.64876 2.65
    endloop
  endfacet
  facet normal 0 0 1
    outer loop
      vertex 8.18491 3.37238 2.65
      vertex 8.90556 4.13306 2.65
      vertex 8.55392 4.30479 2.65
    endloop
  endfacet
  facet normal 0 0 1
    outer loop
      vertex 9.46071 3.64627 2.65
      vertex 8.51328 3.06282 2.65
      vertex 8.62949 2.86848 2.65
    endloop
  endfacet
  facet normal 0 0 1
    outer loop
      vertex 9.20912 3.91225 2.65
      vertex 8.36385 3.23175 2.65
      vertex 8.51328 3.06282 2.65
    endloop
  endfacet
  facet normal 0 0 1
    outer loop
      vertex 8.90556 4.13306 2.65
      vertex 8.18491 3.37238 2.65
      vertex 8.36385 3.23175 2.65
    endloop
  endfacet
  facet normal 0 0 1
    outer loop
      vertex 7.9801 3.48174 2.65
      vertex 8.55392 4.30479 2.65
      vertex 8.15417 4.42746 2.65
    endloop
  endfacet
  facet normal 0 0 1
    outer loop
      vertex 8.55392 4.30479 2.65
      vertex 7.9801 3.48174 2.65
      vertex 8.18491 3.37238 2.65
    endloop
  endfacet
  facet normal 0 0 1
    outer loop
      vertex 8.15417 4.42746 2.65
      vertex 7.7494 3.55986 2.65
      vertex 7.9801 3.48174 2.65
    endloop
  endfacet
  facet normal 0 0 1
    outer loop
      vertex 7.70634 4.50107 2.65
      vertex 7.7494 3.55986 2.65
      vertex 8.15417 4.42746 2.65
    endloop
  endfacet
  facet normal 0 0 1
    outer loop
      vertex 7.70634 4.50107 2.65
      vertex 7.49284 3.60674 2.65
      vertex 7.7494 3.55986 2.65
    endloop
  endfacet
  facet normal 0 0 1
    outer loop
      vertex 7.2104 4.5256 2.65
      vertex 7.49284 3.60674 2.65
      vertex 7.70634 4.50107 2.65
    endloop
  endfacet
  facet normal 0 0 1
    outer loop
      vertex 7.2104 4.5256 2.65
      vertex 7.2104 3.62236 2.65
      vertex 7.49284 3.60674 2.65
    endloop
  endfacet
  facet normal 0 0 1
    outer loop
      vertex 7.2104 4.5256 2.65
      vertex 6.93953 3.6071 2.65
      vertex 7.2104 3.62236 2.65
    endloop
  endfacet
  facet normal -0 0 1
    outer loop
      vertex 6.754 4.50117 2.65
      vertex 6.93953 3.6071 2.65
      vertex 7.2104 4.5256 2.65
    endloop
  endfacet
  facet normal 0 0 1
    outer loop
      vertex 6.754 4.50117 2.65
      vertex 6.68843 3.56131 2.65
      vertex 6.93953 3.6071 2.65
    endloop
  endfacet
  facet normal -0 0 1
    outer loop
      vertex 6.33202 4.42793 2.65
      vertex 6.68843 3.56131 2.65
      vertex 6.754 4.50117 2.65
    endloop
  endfacet
  facet normal 0 0 1
    outer loop
      vertex 6.68843 3.56131 2.65
      vertex 6.33202 4.42793 2.65
      vertex 6.45711 3.48502 2.65
    endloop
  endfacet
  facet normal -0 0 1
    outer loop
      vertex 5.94446 4.30586 2.65
      vertex 6.45711 3.48502 2.65
      vertex 6.33202 4.42793 2.65
    endloop
  endfacet
  facet normal 0 0 1
    outer loop
      vertex 6.45711 3.48502 2.65
      vertex 5.94446 4.30586 2.65
      vertex 6.24557 3.37819 2.65
    endloop
  endfacet
  facet normal -0 0 1
    outer loop
      vertex 5.59132 4.13495 2.65
      vertex 6.24557 3.37819 2.65
      vertex 5.94446 4.30586 2.65
    endloop
  endfacet
  facet normal 0 0 1
    outer loop
      vertex 6.24557 3.37819 2.65
      vertex 5.59132 4.13495 2.65
      vertex 6.05382 3.24084 2.65
    endloop
  endfacet
  facet normal -0 0 1
    outer loop
      vertex 5.27261 3.91522 2.65
      vertex 6.05382 3.24084 2.65
      vertex 5.59132 4.13495 2.65
    endloop
  endfacet
  facet normal 0 0 1
    outer loop
      vertex 6.05382 3.24084 2.65
      vertex 5.27261 3.91522 2.65
      vertex 5.88696 3.07594 2.65
    endloop
  endfacet
  facet normal -0 0 1
    outer loop
      vertex 4.99638 3.65425 2.65
      vertex 5.88696 3.07594 2.65
      vertex 5.27261 3.91522 2.65
    endloop
  endfacet
  facet normal 0 0 1
    outer loop
      vertex 5.88696 3.07594 2.65
      vertex 4.99638 3.65425 2.65
      vertex 5.75014 2.8864 2.65
    endloop
  endfacet
  facet normal -0 0 1
    outer loop
      vertex 4.77069 3.3596 2.65
      vertex 5.75014 2.8864 2.65
      vertex 4.99638 3.65425 2.65
    endloop
  endfacet
  facet normal 0 0 1
    outer loop
      vertex 5.75014 2.8864 2.65
      vertex 4.77069 3.3596 2.65
      vertex 5.64334 2.67218 2.65
    endloop
  endfacet
  facet normal -0 0 1
    outer loop
      vertex 4.59552 3.03127 2.65
      vertex 5.64334 2.67218 2.65
      vertex 4.77069 3.3596 2.65
    endloop
  endfacet
  facet normal 0 0 1
    outer loop
      vertex 5.64334 2.67218 2.65
      vertex 4.59552 3.03127 2.65
      vertex 5.56657 2.43329 2.65
    endloop
  endfacet
  facet normal -0 0 1
    outer loop
      vertex 4.4709 2.66925 2.65
      vertex 5.56657 2.43329 2.65
      vertex 4.59552 3.03127 2.65
    endloop
  endfacet
  facet normal 0 0 1
    outer loop
      vertex 5.56657 2.43329 2.65
      vertex 4.4709 2.66925 2.65
      vertex 5.51984 2.16975 2.65
    endloop
  endfacet
  facet normal 0 0 1
    outer loop
      vertex 5.51984 2.16975 2.65
      vertex 4.4709 2.66925 2.65
      vertex 4.39682 2.27353 2.65
    endloop
  endfacet
  facet normal -0 0 1
    outer loop
      vertex 8.53781 1.19325 2.65
      vertex 9.46037 0.779495 2.65
      vertex 8.62462 1.36368 2.65
    endloop
  endfacet
  facet normal 0 0 1
    outer loop
      vertex 9.46037 0.779495 2.65
      vertex 8.53781 1.19325 2.65
      vertex 9.32426 0.581741 2.65
    endloop
  endfacet
  facet normal -0 0 1
    outer loop
      vertex 8.43539 1.02872 2.65
      vertex 9.32426 0.581741 2.65
      vertex 8.53781 1.19325 2.65
    endloop
  endfacet
  facet normal 0 0 1
    outer loop
      vertex 9.32426 0.581741 2.65
      vertex 8.43539 1.02872 2.65
      vertex 9.17035 0.384003 2.65
    endloop
  endfacet
  facet normal -0 0 1
    outer loop
      vertex 8.321 0.867111 2.65
      vertex 9.17035 0.384003 2.65
      vertex 8.43539 1.02872 2.65
    endloop
  endfacet
  facet normal 0 0 1
    outer loop
      vertex 9.17035 0.384003 2.65
      vertex 8.321 0.867111 2.65
      vertex 8.99861 0.186249 2.65
    endloop
  endfacet
  facet normal -0 0 1
    outer loop
      vertex 8.19466 0.70842 2.65
      vertex 8.99861 0.186249 2.65
      vertex 8.321 0.867111 2.65
    endloop
  endfacet
  facet normal 0 0 1
    outer loop
      vertex 8.99861 0.186249 2.65
      vertex 8.19466 0.70842 2.65
      vertex 8.785 -0.0332184 2.65
    endloop
  endfacet
  facet normal -0 0 1
    outer loop
      vertex 8.05637 0.552658 2.65
      vertex 8.785 -0.0332184 2.65
      vertex 8.19466 0.70842 2.65
    endloop
  endfacet
  facet normal 0 0 1
    outer loop
      vertex 8.785 -0.0332184 2.65
      vertex 8.05637 0.552658 2.65
      vertex 8.50548 -0.296143 2.65
    endloop
  endfacet
  facet normal -0 0 1
    outer loop
      vertex 7.9061 0.399811 2.65
      vertex 8.50548 -0.296143 2.65
      vertex 8.05637 0.552658 2.65
    endloop
  endfacet
  facet normal -0 0 1
    outer loop
      vertex 7.74608 0.248474 2.65
      vertex 8.50548 -0.296143 2.65
      vertex 7.9061 0.399811 2.65
    endloop
  endfacet
  facet normal 0 0 1
    outer loop
      vertex 8.50548 -0.296143 2.65
      vertex 7.74608 0.248474 2.65
      vertex 8.16005 -0.602509 2.65
    endloop
  endfacet
  facet normal -0 0 1
    outer loop
      vertex 7.57849 0.0971222 2.65
      vertex 8.16005 -0.602509 2.65
      vertex 7.74608 0.248474 2.65
    endloop
  endfacet
  facet normal -0 0 1
    outer loop
      vertex 7.40334 -0.0541992 2.65
      vertex 8.16005 -0.602509 2.65
      vertex 7.57849 0.0971222 2.65
    endloop
  endfacet
  facet normal 0 0 1
    outer loop
      vertex 8.16005 -0.602509 2.65
      vertex 7.40334 -0.0541992 2.65
      vertex 7.74869 -0.952347 2.65
    endloop
  endfacet
  facet normal -0 0 1
    outer loop
      vertex 7.22061 -0.205536 2.65
      vertex 7.74869 -0.952347 2.65
      vertex 7.40334 -0.0541992 2.65
    endloop
  endfacet
  facet normal -0 0 1
    outer loop
      vertex 7.03032 -0.356888 2.65
      vertex 7.74869 -0.952347 2.65
      vertex 7.22061 -0.205536 2.65
    endloop
  endfacet
  facet normal 0 0 1
    outer loop
      vertex 7.74869 -0.952347 2.65
      vertex 7.03032 -0.356888 2.65
      vertex 7.27142 -1.34563 2.65
    endloop
  endfacet
  facet normal -0 0 1
    outer loop
      vertex 6.83586 -0.510803 2.65
      vertex 7.27142 -1.34563 2.65
      vertex 7.03032 -0.356888 2.65
    endloop
  endfacet
  facet normal -0 0 1
    outer loop
      vertex 6.64069 -0.669846 2.65
      vertex 7.27142 -1.34563 2.65
      vertex 6.83586 -0.510803 2.65
    endloop
  endfacet
  facet normal 0 0 1
    outer loop
      vertex 7.27142 -1.34563 2.65
      vertex 6.64069 -0.669846 2.65
      vertex 7.00214 -1.57057 2.65
    endloop
  endfacet
  facet normal -0 0 1
    outer loop
      vertex 6.44478 -0.834015 2.65
      vertex 7.00214 -1.57057 2.65
      vertex 6.64069 -0.669846 2.65
    endloop
  endfacet
  facet normal -0 0 1
    outer loop
      vertex 6.24814 -1.00333 2.65
      vertex 7.00214 -1.57057 2.65
      vertex 6.44478 -0.834015 2.65
    endloop
  endfacet
  facet normal 0 0 1
    outer loop
      vertex 7.00214 -1.57057 2.65
      vertex 6.24814 -1.00333 2.65
      vertex 6.7558 -1.7865 2.65
    endloop
  endfacet
  facet normal -0 0 1
    outer loop
      vertex 6.05075 -1.17778 2.65
      vertex 6.7558 -1.7865 2.65
      vertex 6.24814 -1.00333 2.65
    endloop
  endfacet
  facet normal 0 0 1
    outer loop
      vertex 6.7558 -1.7865 2.65
      vertex 6.05075 -1.17778 2.65
      vertex 6.53242 -1.99339 2.65
    endloop
  endfacet
  facet normal -0 0 1
    outer loop
      vertex 5.85486 -1.3589 2.65
      vertex 6.53242 -1.99339 2.65
      vertex 6.05075 -1.17778 2.65
    endloop
  endfacet
  facet normal 0 0 1
    outer loop
      vertex 6.53242 -1.99339 2.65
      vertex 5.85486 -1.3589 2.65
      vertex 6.332 -2.19125 2.65
    endloop
  endfacet
  facet normal -0 0 1
    outer loop
      vertex 5.66263 -1.54834 2.65
      vertex 6.332 -2.19125 2.65
      vertex 5.85486 -1.3589 2.65
    endloop
  endfacet
  facet normal 0 0 1
    outer loop
      vertex 6.332 -2.19125 2.65
      vertex 5.66263 -1.54834 2.65
      vertex 6.15453 -2.38008 2.65
    endloop
  endfacet
  facet normal -0 0 1
    outer loop
      vertex 5.47404 -1.74609 2.65
      vertex 6.15453 -2.38008 2.65
      vertex 5.66263 -1.54834 2.65
    endloop
  endfacet
  facet normal -0 0 1
    outer loop
      vertex 5.28911 -1.95215 2.65
      vertex 6.15453 -2.38008 2.65
      vertex 5.47404 -1.74609 2.65
    endloop
  endfacet
  facet normal 0 0 1
    outer loop
      vertex 6.15453 -2.38008 2.65
      vertex 5.28911 -1.95215 2.65
      vertex 5.9978 -2.56306 2.65
    endloop
  endfacet
  facet normal -0 0 1
    outer loop
      vertex 5.10782 -2.16652 2.65
      vertex 5.9978 -2.56306 2.65
      vertex 5.28911 -1.95215 2.65
    endloop
  endfacet
  facet normal 0 0 1
    outer loop
      vertex 5.9978 -2.56306 2.65
      vertex 5.10782 -2.16652 2.65
      vertex 5.85963 -2.74336 2.65
    endloop
  endfacet
  facet normal 0 0 1
    outer loop
      vertex 5.85963 -2.74336 2.65
      vertex 5.10782 -2.16652 2.65
      vertex 5.74004 -2.92096 2.65
    endloop
  endfacet
  facet normal -0 0 1
    outer loop
      vertex 5.55647 -3.26811 2.65
      vertex 10.0423 -4.20187 2.65
      vertex 10.0423 -3.26811 2.65
    endloop
  endfacet
  facet normal -0 0 1
    outer loop
      vertex 4.9339 -2.39171 2.65
      vertex 5.74004 -2.92096 2.65
      vertex 5.10782 -2.16652 2.65
    endloop
  endfacet
  facet normal 0 0 1
    outer loop
      vertex 5.74004 -2.92096 2.65
      vertex 4.9339 -2.39171 2.65
      vertex 5.63898 -3.09589 2.65
    endloop
  endfacet
  facet normal -0 0 1
    outer loop
      vertex 4.77095 -2.63034 2.65
      vertex 5.63898 -3.09589 2.65
      vertex 4.9339 -2.39171 2.65
    endloop
  endfacet
  facet normal 0 0 1
    outer loop
      vertex 5.63898 -3.09589 2.65
      vertex 4.77095 -2.63034 2.65
      vertex 5.55647 -3.26811 2.65
    endloop
  endfacet
  facet normal -0 0 1
    outer loop
      vertex 4.61899 -2.8824 2.65
      vertex 5.55647 -3.26811 2.65
      vertex 4.77095 -2.63034 2.65
    endloop
  endfacet
  facet normal -0 0 1
    outer loop
      vertex 4.47803 -3.14787 2.65
      vertex 5.55647 -3.26811 2.65
      vertex 4.61899 -2.8824 2.65
    endloop
  endfacet
  facet normal 0 0 1
    outer loop
      vertex 4.34804 -3.42679 2.65
      vertex 5.55647 -3.26811 2.65
      vertex 4.47803 -3.14787 2.65
    endloop
  endfacet
  facet normal 0 0 1
    outer loop
      vertex 5.55647 -3.26811 2.65
      vertex 4.34804 -3.42679 2.65
      vertex 4.34804 -4.20187 2.65
    endloop
  endfacet
  facet normal 0 0 1
    outer loop
      vertex 5.55647 -3.26811 2.65
      vertex 4.34804 -4.20187 2.65
      vertex 10.0423 -4.20187 2.65
    endloop
  endfacet
  facet normal -0 0 1
    outer loop
      vertex 15.8375 0.804413 2.65
      vertex 16.9715 0.10083 2.65
      vertex 16.9426 0.93428 2.65
    endloop
  endfacet
  facet normal -0 0 1
    outer loop
      vertex 15.7858 1.42595 2.65
      vertex 16.9426 0.93428 2.65
      vertex 16.8558 1.68179 2.65
    endloop
  endfacet
  facet normal 0 0 1
    outer loop
      vertex 15.8366 -0.579773 2.65
      vertex 16.9715 0.10083 2.65
      vertex 15.8547 0.10083 2.65
    endloop
  endfacet
  facet normal -0 0 1
    outer loop
      vertex 15.6998 1.96547 2.65
      vertex 16.8558 1.68179 2.65
      vertex 16.7111 2.34337 2.65
    endloop
  endfacet
  facet normal 0 0 1
    outer loop
      vertex 16.9715 0.10083 2.65
      vertex 15.8366 -0.579773 2.65
      vertex 16.9411 -0.720139 2.65
    endloop
  endfacet
  facet normal -0 0 1
    outer loop
      vertex 15.5793 2.42296 2.65
      vertex 16.7111 2.34337 2.65
      vertex 16.5086 2.91901 2.65
    endloop
  endfacet
  facet normal 0 0 1
    outer loop
      vertex 15.7824 -1.18619 2.65
      vertex 16.9411 -0.720139 2.65
      vertex 15.8366 -0.579773 2.65
    endloop
  endfacet
  facet normal 0 0 1
    outer loop
      vertex 15.4244 2.7984 2.65
      vertex 16.5086 2.91901 2.65
      vertex 16.2483 3.40869 2.65
    endloop
  endfacet
  facet normal 0 0 1
    outer loop
      vertex 16.9411 -0.720139 2.65
      vertex 15.7824 -1.18619 2.65
      vertex 16.8499 -1.45961 2.65
    endloop
  endfacet
  facet normal 0 0 1
    outer loop
      vertex 15.2299 3.0994 2.65
      vertex 16.2483 3.40869 2.65
      vertex 15.9271 3.81078 2.65
    endloop
  endfacet
  facet normal 0 0 1
    outer loop
      vertex 16.9715 0.10083 2.65
      vertex 15.8375 0.804413 2.65
      vertex 15.8547 0.10083 2.65
    endloop
  endfacet
  facet normal 0 0 1
    outer loop
      vertex 16.8499 -1.45961 2.65
      vertex 15.6921 -1.7184 2.65
      vertex 16.6979 -2.11752 2.65
    endloop
  endfacet
  facet normal 0 0 1
    outer loop
      vertex 15.6921 -1.7184 2.65
      vertex 16.8499 -1.45961 2.65
      vertex 15.7824 -1.18619 2.65
    endloop
  endfacet
  facet normal 0 0 1
    outer loop
      vertex 16.9426 0.93428 2.65
      vertex 15.7858 1.42595 2.65
      vertex 15.8375 0.804413 2.65
    endloop
  endfacet
  facet normal 0 0 1
    outer loop
      vertex 16.8558 1.68179 2.65
      vertex 15.6998 1.96547 2.65
      vertex 15.7858 1.42595 2.65
    endloop
  endfacet
  facet normal 0 0 1
    outer loop
      vertex 16.7111 2.34337 2.65
      vertex 15.5793 2.42296 2.65
      vertex 15.6998 1.96547 2.65
    endloop
  endfacet
  facet normal 0 0 1
    outer loop
      vertex 14.9908 3.33351 2.65
      vertex 15.9271 3.81078 2.65
      vertex 15.5423 4.12352 2.65
    endloop
  endfacet
  facet normal 0 0 1
    outer loop
      vertex 16.5086 2.91901 2.65
      vertex 15.4244 2.7984 2.65
      vertex 15.5793 2.42296 2.65
    endloop
  endfacet
  facet normal 0 0 1
    outer loop
      vertex 16.2483 3.40869 2.65
      vertex 15.2299 3.0994 2.65
      vertex 15.4244 2.7984 2.65
    endloop
  endfacet
  facet normal 0 0 1
    outer loop
      vertex 14.9908 3.33351 2.65
      vertex 15.5423 4.12352 2.65
      vertex 15.0937 4.34689 2.65
    endloop
  endfacet
  facet normal 0 0 1
    outer loop
      vertex 15.9271 3.81078 2.65
      vertex 14.9908 3.33351 2.65
      vertex 15.2299 3.0994 2.65
    endloop
  endfacet
  facet normal 0 0 1
    outer loop
      vertex 15.0937 4.34689 2.65
      vertex 14.707 3.50073 2.65
      vertex 14.9908 3.33351 2.65
    endloop
  endfacet
  facet normal 0 0 1
    outer loop
      vertex 14.5815 4.48093 2.65
      vertex 14.707 3.50073 2.65
      vertex 15.0937 4.34689 2.65
    endloop
  endfacet
  facet normal 0 0 1
    outer loop
      vertex 14.5815 4.48093 2.65
      vertex 14.3786 3.60106 2.65
      vertex 14.707 3.50073 2.65
    endloop
  endfacet
  facet normal 0 0 1
    outer loop
      vertex 14.0055 4.5256 2.65
      vertex 14.3786 3.60106 2.65
      vertex 14.5815 4.48093 2.65
    endloop
  endfacet
  facet normal 0 0 1
    outer loop
      vertex 14.0055 4.5256 2.65
      vertex 14.0055 3.63451 2.65
      vertex 14.3786 3.60106 2.65
    endloop
  endfacet
  facet normal 0 0 1
    outer loop
      vertex 14.0055 4.5256 2.65
      vertex 13.623 3.60155 2.65
      vertex 14.0055 3.63451 2.65
    endloop
  endfacet
  facet normal -0 0 1
    outer loop
      vertex 13.4141 4.48141 2.65
      vertex 13.623 3.60155 2.65
      vertex 14.0055 4.5256 2.65
    endloop
  endfacet
  facet normal 0 0 1
    outer loop
      vertex 13.4141 4.48141 2.65
      vertex 13.2863 3.50267 2.65
      vertex 13.623 3.60155 2.65
    endloop
  endfacet
  facet normal -0 0 1
    outer loop
      vertex 12.8898 4.34885 2.65
      vertex 13.2863 3.50267 2.65
      vertex 13.4141 4.48141 2.65
    endloop
  endfacet
  facet normal 0 0 1
    outer loop
      vertex 13.2863 3.50267 2.65
      vertex 12.8898 4.34885 2.65
      vertex 12.9951 3.33789 2.65
    endloop
  endfacet
  facet normal -0 0 1
    outer loop
      vertex 12.4327 4.12791 2.65
      vertex 12.9951 3.33789 2.65
      vertex 12.8898 4.34885 2.65
    endloop
  endfacet
  facet normal -0 0 1
    outer loop
      vertex 12.0427 3.81862 2.65
      vertex 12.9951 3.33789 2.65
      vertex 12.4327 4.12791 2.65
    endloop
  endfacet
  facet normal 0 0 1
    outer loop
      vertex 12.9951 3.33789 2.65
      vertex 12.0427 3.81862 2.65
      vertex 12.7496 3.10718 2.65
    endloop
  endfacet
  facet normal -0 0 1
    outer loop
      vertex 11.7198 3.42094 2.65
      vertex 12.7496 3.10718 2.65
      vertex 12.0427 3.81862 2.65
    endloop
  endfacet
  facet normal 0 0 1
    outer loop
      vertex 12.7496 3.10718 2.65
      vertex 11.7198 3.42094 2.65
      vertex 12.5498 2.81056 2.65
    endloop
  endfacet
  facet normal -0 0 1
    outer loop
      vertex 11.4595 2.93465 2.65
      vertex 12.5498 2.81056 2.65
      vertex 11.7198 3.42094 2.65
    endloop
  endfacet
  facet normal 0 0 1
    outer loop
      vertex 12.5498 2.81056 2.65
      vertex 11.4595 2.93465 2.65
      vertex 12.3905 2.43854 2.65
    endloop
  endfacet
  facet normal 0 0 1
    outer loop
      vertex 11.2569 2.35948 2.65
      vertex 12.3905 2.43854 2.65
      vertex 11.4595 2.93465 2.65
    endloop
  endfacet
  facet normal 0 0 1
    outer loop
      vertex 12.3905 2.43854 2.65
      vertex 11.2569 2.35948 2.65
      vertex 12.2666 1.98155 2.65
    endloop
  endfacet
  facet normal 0 0 1
    outer loop
      vertex 11.1123 1.69547 2.65
      vertex 12.2666 1.98155 2.65
      vertex 11.2569 2.35948 2.65
    endloop
  endfacet
  facet normal 0 -0 1
    outer loop
      vertex 11.0264 -0.724304 2.65
      vertex 12.1074 0.10083 2.65
      vertex 10.9966 0.10083 2.65
    endloop
  endfacet
  facet normal 0 0 1
    outer loop
      vertex 12.2666 1.98155 2.65
      vertex 11.1123 1.69547 2.65
      vertex 12.1781 1.43961 2.65
    endloop
  endfacet
  facet normal 0 -0 1
    outer loop
      vertex 11.1157 -1.46646 2.65
      vertex 12.1074 0.10083 2.65
      vertex 11.0264 -0.724304 2.65
    endloop
  endfacet
  facet normal 0 0 1
    outer loop
      vertex 11.0255 0.942581 2.65
      vertex 12.1781 1.43961 2.65
      vertex 11.1123 1.69547 2.65
    endloop
  endfacet
  facet normal 0 -0 1
    outer loop
      vertex 11.2646 -2.1256 2.65
      vertex 12.1074 0.10083 2.65
      vertex 11.1157 -1.46646 2.65
    endloop
  endfacet
  facet normal 0 0 1
    outer loop
      vertex 12.1781 1.43961 2.65
      vertex 11.0255 0.942581 2.65
      vertex 12.1251 0.812698 2.65
    endloop
  endfacet
  facet normal 0 -0 1
    outer loop
      vertex 11.4731 -2.70174 2.65
      vertex 12.1074 0.10083 2.65
      vertex 11.2646 -2.1256 2.65
    endloop
  endfacet
  facet normal 0 0 1
    outer loop
      vertex 10.9966 0.10083 2.65
      vertex 12.1251 0.812698 2.65
      vertex 11.0255 0.942581 2.65
    endloop
  endfacet
  facet normal 0 0 1
    outer loop
      vertex 12.1074 0.10083 2.65
      vertex 11.7411 -3.19485 2.65
      vertex 12.0685 -3.60132 2.65
    endloop
  endfacet
  facet normal 0 0 1
    outer loop
      vertex 12.1251 0.812698 2.65
      vertex 10.9966 0.10083 2.65
      vertex 12.1074 0.10083 2.65
    endloop
  endfacet
  facet normal 0 -0 1
    outer loop
      vertex 11.7411 -3.19485 2.65
      vertex 12.1074 0.10083 2.65
      vertex 11.4731 -2.70174 2.65
    endloop
  endfacet
  facet normal 0 0 1
    outer loop
      vertex 15.5656 -2.17639 2.65
      vertex 16.6979 -2.11752 2.65
      vertex 15.6921 -1.7184 2.65
    endloop
  endfacet
  facet normal 0 0 1
    outer loop
      vertex 16.6979 -2.11752 2.65
      vertex 15.5656 -2.17639 2.65
      vertex 16.4852 -2.69389 2.65
    endloop
  endfacet
  facet normal -0 0 1
    outer loop
      vertex 15.4031 -2.56018 2.65
      vertex 16.4852 -2.69389 2.65
      vertex 15.5656 -2.17639 2.65
    endloop
  endfacet
  facet normal 0 0 1
    outer loop
      vertex 16.4852 -2.69389 2.65
      vertex 15.4031 -2.56018 2.65
      vertex 16.2116 -3.18874 2.65
    endloop
  endfacet
  facet normal -0 0 1
    outer loop
      vertex 15.2017 -2.87216 2.65
      vertex 16.2116 -3.18874 2.65
      vertex 15.4031 -2.56018 2.65
    endloop
  endfacet
  facet normal 0 0 1
    outer loop
      vertex 16.2116 -3.18874 2.65
      vertex 15.2017 -2.87216 2.65
      vertex 15.8788 -3.5974 2.65
    endloop
  endfacet
  facet normal -0 0 1
    outer loop
      vertex 14.9588 -3.11481 2.65
      vertex 15.8788 -3.5974 2.65
      vertex 15.2017 -2.87216 2.65
    endloop
  endfacet
  facet normal 0 0 1
    outer loop
      vertex 15.8788 -3.5974 2.65
      vertex 14.9588 -3.11481 2.65
      vertex 15.4881 -3.91525 2.65
    endloop
  endfacet
  facet normal -0 0 1
    outer loop
      vertex 14.6743 -3.28813 2.65
      vertex 15.4881 -3.91525 2.65
      vertex 14.9588 -3.11481 2.65
    endloop
  endfacet
  facet normal 0 0 1
    outer loop
      vertex 15.4881 -3.91525 2.65
      vertex 14.6743 -3.28813 2.65
      vertex 15.0395 -4.14227 2.65
    endloop
  endfacet
  facet normal 0 0 1
    outer loop
      vertex 14.6743 -3.28813 2.65
      vertex 14.5331 -4.2785 2.65
      vertex 15.0395 -4.14227 2.65
    endloop
  endfacet
  facet normal -0 0 1
    outer loop
      vertex 14.3484 -3.39212 2.65
      vertex 14.5331 -4.2785 2.65
      vertex 14.6743 -3.28813 2.65
    endloop
  endfacet
  facet normal 0 0 1
    outer loop
      vertex 13.9688 -4.32391 2.65
      vertex 14.3484 -3.39212 2.65
      vertex 13.981 -3.42679 2.65
    endloop
  endfacet
  facet normal 0 0 1
    outer loop
      vertex 14.3484 -3.39212 2.65
      vertex 13.9688 -4.32391 2.65
      vertex 14.5331 -4.2785 2.65
    endloop
  endfacet
  facet normal 0 0 1
    outer loop
      vertex 13.6115 -3.39285 2.65
      vertex 13.9688 -4.32391 2.65
      vertex 13.981 -3.42679 2.65
    endloop
  endfacet
  facet normal 0 0 1
    outer loop
      vertex 13.6115 -3.39285 2.65
      vertex 13.4051 -4.27875 2.65
      vertex 13.9688 -4.32391 2.65
    endloop
  endfacet
  facet normal 0 0 1
    outer loop
      vertex 13.2842 -3.29105 2.65
      vertex 13.4051 -4.27875 2.65
      vertex 13.6115 -3.39285 2.65
    endloop
  endfacet
  facet normal 0 0 1
    outer loop
      vertex 12.9005 -4.14326 2.65
      vertex 13.2842 -3.29105 2.65
      vertex 12.9992 -3.12138 2.65
    endloop
  endfacet
  facet normal 0 0 1
    outer loop
      vertex 13.2842 -3.29105 2.65
      vertex 12.9005 -4.14326 2.65
      vertex 13.4051 -4.27875 2.65
    endloop
  endfacet
  facet normal 0 0 1
    outer loop
      vertex 12.0685 -3.60132 2.65
      vertex 12.9992 -3.12138 2.65
      vertex 12.7565 -2.88385 2.65
    endloop
  endfacet
  facet normal 0 0 1
    outer loop
      vertex 12.0685 -3.60132 2.65
      vertex 12.7565 -2.88385 2.65
      vertex 12.5559 -2.57845 2.65
    endloop
  endfacet
  facet normal 0 0 1
    outer loop
      vertex 12.9992 -3.12138 2.65
      vertex 12.455 -3.91745 2.65
      vertex 12.9005 -4.14326 2.65
    endloop
  endfacet
  facet normal 0 0 1
    outer loop
      vertex 12.0685 -3.60132 2.65
      vertex 12.5559 -2.57845 2.65
      vertex 12.3944 -2.19981 2.65
    endloop
  endfacet
  facet normal 0 0 1
    outer loop
      vertex 12.0685 -3.60132 2.65
      vertex 12.3944 -2.19981 2.65
      vertex 12.2688 -1.74255 2.65
    endloop
  endfacet
  facet normal 0 0 1
    outer loop
      vertex 12.0685 -3.60132 2.65
      vertex 12.2688 -1.74255 2.65
      vertex 12.1791 -1.2067 2.65
    endloop
  endfacet
  facet normal 0 0 1
    outer loop
      vertex 12.9992 -3.12138 2.65
      vertex 12.0685 -3.60132 2.65
      vertex 12.455 -3.91745 2.65
    endloop
  endfacet
  facet normal 0 0 1
    outer loop
      vertex 12.1253 -0.592224 2.65
      vertex 12.0685 -3.60132 2.65
      vertex 12.1791 -1.2067 2.65
    endloop
  endfacet
  facet normal 0 0 1
    outer loop
      vertex 12.0685 -3.60132 2.65
      vertex 12.1253 -0.592224 2.65
      vertex 12.1074 0.10083 2.65
    endloop
  endfacet
  facet normal -0 0 1
    outer loop
      vertex 29.4153 0.804413 2.65
      vertex 30.5494 0.10083 2.65
      vertex 30.5204 0.93428 2.65
    endloop
  endfacet
  facet normal -0 0 1
    outer loop
      vertex 29.3637 1.42595 2.65
      vertex 30.5204 0.93428 2.65
      vertex 30.4337 1.68179 2.65
    endloop
  endfacet
  facet normal 0 0 1
    outer loop
      vertex 29.4145 -0.579773 2.65
      vertex 30.5494 0.10083 2.65
      vertex 29.4326 0.10083 2.65
    endloop
  endfacet
  facet normal -0 0 1
    outer loop
      vertex 29.2776 1.96547 2.65
      vertex 30.4337 1.68179 2.65
      vertex 30.289 2.34337 2.65
    endloop
  endfacet
  facet normal 0 0 1
    outer loop
      vertex 30.5494 0.10083 2.65
      vertex 29.4145 -0.579773 2.65
      vertex 30.519 -0.720139 2.65
    endloop
  endfacet
  facet normal -0 0 1
    outer loop
      vertex 29.1572 2.42296 2.65
      vertex 30.289 2.34337 2.65
      vertex 30.0865 2.91901 2.65
    endloop
  endfacet
  facet normal 0 0 1
    outer loop
      vertex 29.3603 -1.18619 2.65
      vertex 30.519 -0.720139 2.65
      vertex 29.4145 -0.579773 2.65
    endloop
  endfacet
  facet normal 0 0 1
    outer loop
      vertex 29.0023 2.7984 2.65
      vertex 30.0865 2.91901 2.65
      vertex 29.8261 3.40869 2.65
    endloop
  endfacet
  facet normal 0 0 1
    outer loop
      vertex 30.519 -0.720139 2.65
      vertex 29.3603 -1.18619 2.65
      vertex 30.4278 -1.45961 2.65
    endloop
  endfacet
  facet normal 0 0 1
    outer loop
      vertex 28.8078 3.0994 2.65
      vertex 29.8261 3.40869 2.65
      vertex 29.505 3.81078 2.65
    endloop
  endfacet
  facet normal 0 0 1
    outer loop
      vertex 30.5494 0.10083 2.65
      vertex 29.4153 0.804413 2.65
      vertex 29.4326 0.10083 2.65
    endloop
  endfacet
  facet normal 0 0 1
    outer loop
      vertex 30.4278 -1.45961 2.65
      vertex 29.27 -1.7184 2.65
      vertex 30.2758 -2.11752 2.65
    endloop
  endfacet
  facet normal 0 0 1
    outer loop
      vertex 29.27 -1.7184 2.65
      vertex 30.4278 -1.45961 2.65
      vertex 29.3603 -1.18619 2.65
    endloop
  endfacet
  facet normal 0 0 1
    outer loop
      vertex 30.5204 0.93428 2.65
      vertex 29.3637 1.42595 2.65
      vertex 29.4153 0.804413 2.65
    endloop
  endfacet
  facet normal 0 0 1
    outer loop
      vertex 30.4337 1.68179 2.65
      vertex 29.2776 1.96547 2.65
      vertex 29.3637 1.42595 2.65
    endloop
  endfacet
  facet normal 0 0 1
    outer loop
      vertex 30.289 2.34337 2.65
      vertex 29.1572 2.42296 2.65
      vertex 29.2776 1.96547 2.65
    endloop
  endfacet
  facet normal 0 0 1
    outer loop
      vertex 28.5687 3.33351 2.65
      vertex 29.505 3.81078 2.65
      vertex 29.1202 4.12352 2.65
    endloop
  endfacet
  facet normal 0 0 1
    outer loop
      vertex 30.0865 2.91901 2.65
      vertex 29.0023 2.7984 2.65
      vertex 29.1572 2.42296 2.65
    endloop
  endfacet
  facet normal 0 0 1
    outer loop
      vertex 29.8261 3.40869 2.65
      vertex 28.8078 3.0994 2.65
      vertex 29.0023 2.7984 2.65
    endloop
  endfacet
  facet normal 0 0 1
    outer loop
      vertex 28.5687 3.33351 2.65
      vertex 29.1202 4.12352 2.65
      vertex 28.6716 4.34689 2.65
    endloop
  endfacet
  facet normal 0 0 1
    outer loop
      vertex 29.505 3.81078 2.65
      vertex 28.5687 3.33351 2.65
      vertex 28.8078 3.0994 2.65
    endloop
  endfacet
  facet normal 0 0 1
    outer loop
      vertex 28.6716 4.34689 2.65
      vertex 28.2849 3.50073 2.65
      vertex 28.5687 3.33351 2.65
    endloop
  endfacet
  facet normal 0 0 1
    outer loop
      vertex 28.1593 4.48093 2.65
      vertex 28.2849 3.50073 2.65
      vertex 28.6716 4.34689 2.65
    endloop
  endfacet
  facet normal 0 0 1
    outer loop
      vertex 28.1593 4.48093 2.65
      vertex 27.9565 3.60106 2.65
      vertex 28.2849 3.50073 2.65
    endloop
  endfacet
  facet normal 0 0 1
    outer loop
      vertex 27.5833 4.5256 2.65
      vertex 27.9565 3.60106 2.65
      vertex 28.1593 4.48093 2.65
    endloop
  endfacet
  facet normal 0 0 1
    outer loop
      vertex 27.5833 4.5256 2.65
      vertex 27.5833 3.63451 2.65
      vertex 27.9565 3.60106 2.65
    endloop
  endfacet
  facet normal 0 0 1
    outer loop
      vertex 27.5833 4.5256 2.65
      vertex 27.2009 3.60155 2.65
      vertex 27.5833 3.63451 2.65
    endloop
  endfacet
  facet normal -0 0 1
    outer loop
      vertex 26.9919 4.48141 2.65
      vertex 27.2009 3.60155 2.65
      vertex 27.5833 4.5256 2.65
    endloop
  endfacet
  facet normal 0 0 1
    outer loop
      vertex 26.9919 4.48141 2.65
      vertex 26.8641 3.50267 2.65
      vertex 27.2009 3.60155 2.65
    endloop
  endfacet
  facet normal -0 0 1
    outer loop
      vertex 26.4677 4.34885 2.65
      vertex 26.8641 3.50267 2.65
      vertex 26.9919 4.48141 2.65
    endloop
  endfacet
  facet normal 0 0 1
    outer loop
      vertex 26.8641 3.50267 2.65
      vertex 26.4677 4.34885 2.65
      vertex 26.573 3.33789 2.65
    endloop
  endfacet
  facet normal -0 0 1
    outer loop
      vertex 26.0105 4.12791 2.65
      vertex 26.573 3.33789 2.65
      vertex 26.4677 4.34885 2.65
    endloop
  endfacet
  facet normal -0 0 1
    outer loop
      vertex 25.6205 3.81862 2.65
      vertex 26.573 3.33789 2.65
      vertex 26.0105 4.12791 2.65
    endloop
  endfacet
  facet normal 0 0 1
    outer loop
      vertex 26.573 3.33789 2.65
      vertex 25.6205 3.81862 2.65
      vertex 26.3275 3.10718 2.65
    endloop
  endfacet
  facet normal -0 0 1
    outer loop
      vertex 25.2977 3.42094 2.65
      vertex 26.3275 3.10718 2.65
      vertex 25.6205 3.81862 2.65
    endloop
  endfacet
  facet normal 0 0 1
    outer loop
      vertex 26.3275 3.10718 2.65
      vertex 25.2977 3.42094 2.65
      vertex 26.1277 2.81056 2.65
    endloop
  endfacet
  facet normal -0 0 1
    outer loop
      vertex 25.0373 2.93465 2.65
      vertex 26.1277 2.81056 2.65
      vertex 25.2977 3.42094 2.65
    endloop
  endfacet
  facet normal 0 0 1
    outer loop
      vertex 26.1277 2.81056 2.65
      vertex 25.0373 2.93465 2.65
      vertex 25.9684 2.43854 2.65
    endloop
  endfacet
  facet normal 0 0 1
    outer loop
      vertex 24.8348 2.35948 2.65
      vertex 25.9684 2.43854 2.65
      vertex 25.0373 2.93465 2.65
    endloop
  endfacet
  facet normal 0 0 1
    outer loop
      vertex 25.9684 2.43854 2.65
      vertex 24.8348 2.35948 2.65
      vertex 25.8445 1.98155 2.65
    endloop
  endfacet
  facet normal 0 0 1
    outer loop
      vertex 24.6902 1.69547 2.65
      vertex 25.8445 1.98155 2.65
      vertex 24.8348 2.35948 2.65
    endloop
  endfacet
  facet normal 0 -0 1
    outer loop
      vertex 24.6042 -0.724304 2.65
      vertex 25.6852 0.10083 2.65
      vertex 24.5744 0.10083 2.65
    endloop
  endfacet
  facet normal 0 0 1
    outer loop
      vertex 25.8445 1.98155 2.65
      vertex 24.6902 1.69547 2.65
      vertex 25.756 1.43961 2.65
    endloop
  endfacet
  facet normal 0 -0 1
    outer loop
      vertex 24.6936 -1.46646 2.65
      vertex 25.6852 0.10083 2.65
      vertex 24.6042 -0.724304 2.65
    endloop
  endfacet
  facet normal 0 0 1
    outer loop
      vertex 24.6034 0.942581 2.65
      vertex 25.756 1.43961 2.65
      vertex 24.6902 1.69547 2.65
    endloop
  endfacet
  facet normal 0 -0 1
    outer loop
      vertex 24.8425 -2.1256 2.65
      vertex 25.6852 0.10083 2.65
      vertex 24.6936 -1.46646 2.65
    endloop
  endfacet
  facet normal 0 0 1
    outer loop
      vertex 25.756 1.43961 2.65
      vertex 24.6034 0.942581 2.65
      vertex 25.7029 0.812698 2.65
    endloop
  endfacet
  facet normal 0 -0 1
    outer loop
      vertex 25.051 -2.70174 2.65
      vertex 25.6852 0.10083 2.65
      vertex 24.8425 -2.1256 2.65
    endloop
  endfacet
  facet normal 0 0 1
    outer loop
      vertex 24.5744 0.10083 2.65
      vertex 25.7029 0.812698 2.65
      vertex 24.6034 0.942581 2.65
    endloop
  endfacet
  facet normal 0 0 1
    outer loop
      vertex 25.6852 0.10083 2.65
      vertex 25.319 -3.19485 2.65
      vertex 25.6464 -3.60132 2.65
    endloop
  endfacet
  facet normal 0 0 1
    outer loop
      vertex 25.7029 0.812698 2.65
      vertex 24.5744 0.10083 2.65
      vertex 25.6852 0.10083 2.65
    endloop
  endfacet
  facet normal 0 -0 1
    outer loop
      vertex 25.319 -3.19485 2.65
      vertex 25.6852 0.10083 2.65
      vertex 25.051 -2.70174 2.65
    endloop
  endfacet
  facet normal 0 0 1
    outer loop
      vertex 29.1435 -2.17639 2.65
      vertex 30.2758 -2.11752 2.65
      vertex 29.27 -1.7184 2.65
    endloop
  endfacet
  facet normal 0 0 1
    outer loop
      vertex 30.2758 -2.11752 2.65
      vertex 29.1435 -2.17639 2.65
      vertex 30.063 -2.69389 2.65
    endloop
  endfacet
  facet normal -0 0 1
    outer loop
      vertex 28.9809 -2.56018 2.65
      vertex 30.063 -2.69389 2.65
      vertex 29.1435 -2.17639 2.65
    endloop
  endfacet
  facet normal 0 0 1
    outer loop
      vertex 30.063 -2.69389 2.65
      vertex 28.9809 -2.56018 2.65
      vertex 29.7895 -3.18874 2.65
    endloop
  endfacet
  facet normal -0 0 1
    outer loop
      vertex 28.7795 -2.87216 2.65
      vertex 29.7895 -3.18874 2.65
      vertex 28.9809 -2.56018 2.65
    endloop
  endfacet
  facet normal 0 0 1
    outer loop
      vertex 29.7895 -3.18874 2.65
      vertex 28.7795 -2.87216 2.65
      vertex 29.4566 -3.5974 2.65
    endloop
  endfacet
  facet normal -0 0 1
    outer loop
      vertex 28.5366 -3.11481 2.65
      vertex 29.4566 -3.5974 2.65
      vertex 28.7795 -2.87216 2.65
    endloop
  endfacet
  facet normal 0 0 1
    outer loop
      vertex 29.4566 -3.5974 2.65
      vertex 28.5366 -3.11481 2.65
      vertex 29.0659 -3.91525 2.65
    endloop
  endfacet
  facet normal -0 0 1
    outer loop
      vertex 28.2522 -3.28813 2.65
      vertex 29.0659 -3.91525 2.65
      vertex 28.5366 -3.11481 2.65
    endloop
  endfacet
  facet normal 0 0 1
    outer loop
      vertex 29.0659 -3.91525 2.65
      vertex 28.2522 -3.28813 2.65
      vertex 28.6174 -4.14227 2.65
    endloop
  endfacet
  facet normal 0 0 1
    outer loop
      vertex 28.2522 -3.28813 2.65
      vertex 28.111 -4.2785 2.65
      vertex 28.6174 -4.14227 2.65
    endloop
  endfacet
  facet normal -0 0 1
    outer loop
      vertex 27.9263 -3.39212 2.65
      vertex 28.111 -4.2785 2.65
      vertex 28.2522 -3.28813 2.65
    endloop
  endfacet
  facet normal 0 0 1
    outer loop
      vertex 27.5467 -4.32391 2.65
      vertex 27.9263 -3.39212 2.65
      vertex 27.5589 -3.42679 2.65
    endloop
  endfacet
  facet normal 0 0 1
    outer loop
      vertex 27.9263 -3.39212 2.65
      vertex 27.5467 -4.32391 2.65
      vertex 28.111 -4.2785 2.65
    endloop
  endfacet
  facet normal 0 0 1
    outer loop
      vertex 27.1894 -3.39285 2.65
      vertex 27.5467 -4.32391 2.65
      vertex 27.5589 -3.42679 2.65
    endloop
  endfacet
  facet normal 0 0 1
    outer loop
      vertex 27.1894 -3.39285 2.65
      vertex 26.983 -4.27875 2.65
      vertex 27.5467 -4.32391 2.65
    endloop
  endfacet
  facet normal 0 0 1
    outer loop
      vertex 26.8621 -3.29105 2.65
      vertex 26.983 -4.27875 2.65
      vertex 27.1894 -3.39285 2.65
    endloop
  endfacet
  facet normal 0 0 1
    outer loop
      vertex 26.4784 -4.14326 2.65
      vertex 26.8621 -3.29105 2.65
      vertex 26.5771 -3.12138 2.65
    endloop
  endfacet
  facet normal 0 0 1
    outer loop
      vertex 26.8621 -3.29105 2.65
      vertex 26.4784 -4.14326 2.65
      vertex 26.983 -4.27875 2.65
    endloop
  endfacet
  facet normal 0 0 1
    outer loop
      vertex 25.6464 -3.60132 2.65
      vertex 26.5771 -3.12138 2.65
      vertex 26.3343 -2.88385 2.65
    endloop
  endfacet
  facet normal 0 0 1
    outer loop
      vertex 25.6464 -3.60132 2.65
      vertex 26.3343 -2.88385 2.65
      vertex 26.1338 -2.57845 2.65
    endloop
  endfacet
  facet normal 0 0 1
    outer loop
      vertex 26.5771 -3.12138 2.65
      vertex 26.0328 -3.91745 2.65
      vertex 26.4784 -4.14326 2.65
    endloop
  endfacet
  facet normal 0 0 1
    outer loop
      vertex 25.6464 -3.60132 2.65
      vertex 26.1338 -2.57845 2.65
      vertex 25.9723 -2.19981 2.65
    endloop
  endfacet
  facet normal 0 0 1
    outer loop
      vertex 25.6464 -3.60132 2.65
      vertex 25.9723 -2.19981 2.65
      vertex 25.8467 -1.74255 2.65
    endloop
  endfacet
  facet normal 0 0 1
    outer loop
      vertex 25.6464 -3.60132 2.65
      vertex 25.8467 -1.74255 2.65
      vertex 25.757 -1.2067 2.65
    endloop
  endfacet
  facet normal 0 0 1
    outer loop
      vertex 26.5771 -3.12138 2.65
      vertex 25.6464 -3.60132 2.65
      vertex 26.0328 -3.91745 2.65
    endloop
  endfacet
  facet normal 0 0 1
    outer loop
      vertex 25.7032 -0.592224 2.65
      vertex 25.6464 -3.60132 2.65
      vertex 25.757 -1.2067 2.65
    endloop
  endfacet
  facet normal 0 0 1
    outer loop
      vertex 25.6464 -3.60132 2.65
      vertex 25.7032 -0.592224 2.65
      vertex 25.6852 0.10083 2.65
    endloop
  endfacet
  facet normal 0 0 1
    outer loop
      vertex -22.5031 3.01157 2.65
      vertex -21.4885 4.39743 2.65
      vertex -22.4834 3.36604 2.65
    endloop
  endfacet
  facet normal 0 0 1
    outer loop
      vertex -22.9837 4.39743 2.65
      vertex -22.6005 2.94807 2.65
      vertex -22.4834 3.36604 2.65
    endloop
  endfacet
  facet normal 0 0 1
    outer loop
      vertex -22.6005 2.94807 2.65
      vertex -22.9837 4.39743 2.65
      vertex -22.7128 2.56821 2.65
    endloop
  endfacet
  facet normal 0 0 1
    outer loop
      vertex -22.7128 2.56821 2.65
      vertex -22.9837 4.39743 2.65
      vertex -22.8202 2.22643 2.65
    endloop
  endfacet
  facet normal -0 0 1
    outer loop
      vertex -22.9837 4.39743 2.65
      vertex -22.4834 3.36604 2.65
      vertex -21.4885 4.39743 2.65
    endloop
  endfacet
  facet normal 0 0 1
    outer loop
      vertex -22.8202 2.22643 2.65
      vertex -22.9837 4.39743 2.65
      vertex -22.9228 1.92273 2.65
    endloop
  endfacet
  facet normal 0 0 1
    outer loop
      vertex -22.9837 4.39743 2.65
      vertex -23.0204 1.65712 2.65
      vertex -22.9228 1.92273 2.65
    endloop
  endfacet
  facet normal 0 0 1
    outer loop
      vertex -25.2297 -1.56532 2.65
      vertex -23.0204 1.65712 2.65
      vertex -22.9837 4.39743 2.65
    endloop
  endfacet
  facet normal -0 0 1
    outer loop
      vertex -25.2297 -1.56532 2.65
      vertex -25.2419 -4.20187 2.65
      vertex -23.0204 1.65712 2.65
    endloop
  endfacet
  facet normal -0 0 1
    outer loop
      vertex -25.2557 -1.63135 2.65
      vertex -25.2419 -4.20187 2.65
      vertex -25.2297 -1.56532 2.65
    endloop
  endfacet
  facet normal -0 0 1
    outer loop
      vertex -25.2898 -1.72693 2.65
      vertex -25.2419 -4.20187 2.65
      vertex -25.2557 -1.63135 2.65
    endloop
  endfacet
  facet normal -0 0 1
    outer loop
      vertex -25.3319 -1.85205 2.65
      vertex -25.2419 -4.20187 2.65
      vertex -25.2898 -1.72693 2.65
    endloop
  endfacet
  facet normal -0 0 1
    outer loop
      vertex -25.3821 -2.0067 2.65
      vertex -25.2419 -4.20187 2.65
      vertex -25.3319 -1.85205 2.65
    endloop
  endfacet
  facet normal -0 0 1
    outer loop
      vertex -25.4403 -2.1909 2.65
      vertex -25.2419 -4.20187 2.65
      vertex -25.3821 -2.0067 2.65
    endloop
  endfacet
  facet normal -0 0 1
    outer loop
      vertex -25.4983 -2.37971 2.65
      vertex -25.2419 -4.20187 2.65
      vertex -25.4403 -2.1909 2.65
    endloop
  endfacet
  facet normal -0 0 1
    outer loop
      vertex -25.5477 -2.54828 2.65
      vertex -25.2419 -4.20187 2.65
      vertex -25.4983 -2.37971 2.65
    endloop
  endfacet
  facet normal -0 0 1
    outer loop
      vertex -25.5886 -2.69658 2.65
      vertex -25.2419 -4.20187 2.65
      vertex -25.5477 -2.54828 2.65
    endloop
  endfacet
  facet normal -0 0 1
    outer loop
      vertex -25.621 -2.82462 2.65
      vertex -25.2419 -4.20187 2.65
      vertex -25.5886 -2.69658 2.65
    endloop
  endfacet
  facet normal -0 0 1
    outer loop
      vertex -25.6448 -2.93242 2.65
      vertex -25.2419 -4.20187 2.65
      vertex -25.621 -2.82462 2.65
    endloop
  endfacet
  facet normal 0 0 1
    outer loop
      vertex -26.0598 -4.20187 2.65
      vertex -25.6625 -2.85004 2.65
      vertex -25.6863 -2.74934 2.65
    endloop
  endfacet
  facet normal 0 0 1
    outer loop
      vertex -26.0598 -4.20187 2.65
      vertex -25.6863 -2.74934 2.65
      vertex -25.7162 -2.63036 2.65
    endloop
  endfacet
  facet normal 0 0 1
    outer loop
      vertex -26.0598 -4.20187 2.65
      vertex -25.7162 -2.63036 2.65
      vertex -25.7522 -2.49304 2.65
    endloop
  endfacet
  facet normal 0 0 1
    outer loop
      vertex -26.0598 -4.20187 2.65
      vertex -25.7522 -2.49304 2.65
      vertex -25.7944 -2.33743 2.65
    endloop
  endfacet
  facet normal 0 0 1
    outer loop
      vertex -26.0598 -4.20187 2.65
      vertex -25.7944 -2.33743 2.65
      vertex -25.8399 -2.1747 2.65
    endloop
  endfacet
  facet normal 0 0 1
    outer loop
      vertex -26.0598 -4.20187 2.65
      vertex -25.8399 -2.1747 2.65
      vertex -25.8861 -2.01611 2.65
    endloop
  endfacet
  facet normal 0 0 1
    outer loop
      vertex -26.0598 -4.20187 2.65
      vertex -25.8861 -2.01611 2.65
      vertex -25.9331 -1.86169 2.65
    endloop
  endfacet
  facet normal 0 0 1
    outer loop
      vertex -26.0598 -4.20187 2.65
      vertex -25.9331 -1.86169 2.65
      vertex -25.9808 -1.71143 2.65
    endloop
  endfacet
  facet normal 0 0 1
    outer loop
      vertex -26.0598 -4.20187 2.65
      vertex -25.9808 -1.71143 2.65
      vertex -26.0293 -1.56532 2.65
    endloop
  endfacet
  facet normal 0 0 1
    outer loop
      vertex -25.6448 -2.93242 2.65
      vertex -26.0598 -4.20187 2.65
      vertex -25.2419 -4.20187 2.65
    endloop
  endfacet
  facet normal 0 0 1
    outer loop
      vertex -25.6625 -2.85004 2.65
      vertex -26.0598 -4.20187 2.65
      vertex -25.6448 -2.93242 2.65
    endloop
  endfacet
  facet normal 0 0 1
    outer loop
      vertex -26.0293 -1.56532 2.65
      vertex -28.3118 1.65712 2.65
      vertex -26.0598 -4.20187 2.65
    endloop
  endfacet
  facet normal 0 0 1
    outer loop
      vertex -28.318 4.39743 2.65
      vertex -28.3118 1.65712 2.65
      vertex -26.0293 -1.56532 2.65
    endloop
  endfacet
  facet normal 0 0 1
    outer loop
      vertex -28.318 4.39743 2.65
      vertex -28.6536 2.69464 2.65
      vertex -28.3118 1.65712 2.65
    endloop
  endfacet
  facet normal 0 0 1
    outer loop
      vertex -28.318 4.39743 2.65
      vertex -28.855 3.36604 2.65
      vertex -28.6536 2.69464 2.65
    endloop
  endfacet
  facet normal 0 -0 1
    outer loop
      vertex -28.855 3.36604 2.65
      vertex -28.318 4.39743 2.65
      vertex -29.8498 4.39743 2.65
    endloop
  endfacet
  facet normal 0 0 1
    outer loop
      vertex -22.5185 2.65123 2.65
      vertex -21.4885 4.39743 2.65
      vertex -22.5031 3.01157 2.65
    endloop
  endfacet
  facet normal 0 0 1
    outer loop
      vertex -22.5295 2.28505 2.65
      vertex -21.4885 4.39743 2.65
      vertex -22.5185 2.65123 2.65
    endloop
  endfacet
  facet normal 0 0 1
    outer loop
      vertex -22.5361 1.91299 2.65
      vertex -21.4885 4.39743 2.65
      vertex -22.5295 2.28505 2.65
    endloop
  endfacet
  facet normal 0 0 1
    outer loop
      vertex -22.5383 1.53508 2.65
      vertex -21.4885 4.39743 2.65
      vertex -22.5361 1.91299 2.65
    endloop
  endfacet
  facet normal 0 0 1
    outer loop
      vertex -21.4885 4.39743 2.65
      vertex -22.5383 1.53508 2.65
      vertex -21.4885 -4.20187 2.65
    endloop
  endfacet
  facet normal 0 0 1
    outer loop
      vertex -21.4885 -4.20187 2.65
      vertex -22.5383 1.53508 2.65
      vertex -22.5383 -4.20187 2.65
    endloop
  endfacet
  facet normal 0 0 1
    outer loop
      vertex -29.8498 4.39743 2.65
      vertex -28.8122 1.53508 2.65
      vertex -28.8367 2.68852 2.65
    endloop
  endfacet
  facet normal 0 0 1
    outer loop
      vertex -29.8498 4.39743 2.65
      vertex -28.8367 2.68852 2.65
      vertex -28.855 3.36604 2.65
    endloop
  endfacet
  facet normal 0 0 1
    outer loop
      vertex -28.8122 1.53508 2.65
      vertex -29.8498 4.39743 2.65
      vertex -29.8498 -4.20187 2.65
    endloop
  endfacet
  facet normal 0 0 1
    outer loop
      vertex -28.8122 1.53508 2.65
      vertex -29.8498 -4.20187 2.65
      vertex -28.8122 -4.20187 2.65
    endloop
  endfacet
  facet normal -0 0 1
    outer loop
      vertex 18.5972 -1.38829 2.65
      vertex 21.6366 -2.25499 2.65
      vertex 21.6366 -1.38829 2.65
    endloop
  endfacet
  facet normal 0 0 1
    outer loop
      vertex 17.5841 -2.25499 2.65
      vertex 18.5972 -1.38829 2.65
      vertex 17.5841 -1.40053 2.65
    endloop
  endfacet
  facet normal 0 0 1
    outer loop
      vertex 18.5972 -1.38829 2.65
      vertex 17.5841 -2.25499 2.65
      vertex 21.6366 -2.25499 2.65
    endloop
  endfacet
  facet normal -0 0 1
    outer loop
      vertex 21.6366 3.15849 2.65
      vertex 22.6741 -1.38829 2.65
      vertex 22.6741 4.39743 2.65
    endloop
  endfacet
  facet normal 0 0 1
    outer loop
      vertex 21.6366 -1.38829 2.65
      vertex 22.6741 -1.38829 2.65
      vertex 21.6366 3.15849 2.65
    endloop
  endfacet
  facet normal 0 0 1
    outer loop
      vertex 22.6741 -1.38829 2.65
      vertex 21.6366 -1.38829 2.65
      vertex 22.6741 -2.25499 2.65
    endloop
  endfacet
  facet normal 0 0 1
    outer loop
      vertex 21.6366 3.15849 2.65
      vertex 21.6034 3.08916 2.65
      vertex 21.6259 3.13383 2.65
    endloop
  endfacet
  facet normal 0 0 1
    outer loop
      vertex 21.5206 4.39743 2.65
      vertex 21.6034 3.08916 2.65
      vertex 21.6366 3.15849 2.65
    endloop
  endfacet
  facet normal 0 0 1
    outer loop
      vertex 21.6034 3.08916 2.65
      vertex 21.5206 4.39743 2.65
      vertex 21.5692 3.02448 2.65
    endloop
  endfacet
  facet normal -0 0 1
    outer loop
      vertex 21.5206 4.39743 2.65
      vertex 21.6366 3.15849 2.65
      vertex 22.6741 4.39743 2.65
    endloop
  endfacet
  facet normal 0 0 1
    outer loop
      vertex 21.5692 3.02448 2.65
      vertex 21.5206 4.39743 2.65
      vertex 21.5233 2.93976 2.65
    endloop
  endfacet
  facet normal 0 0 1
    outer loop
      vertex 21.5206 4.39743 2.65
      vertex 21.4657 2.83504 2.65
      vertex 21.5233 2.93976 2.65
    endloop
  endfacet
  facet normal 0 0 1
    outer loop
      vertex 21.5206 4.39743 2.65
      vertex 21.4054 2.72714 2.65
      vertex 21.4657 2.83504 2.65
    endloop
  endfacet
  facet normal 0 0 1
    outer loop
      vertex 21.5206 4.39743 2.65
      vertex 21.3515 2.6329 2.65
      vertex 21.4054 2.72714 2.65
    endloop
  endfacet
  facet normal 0 0 1
    outer loop
      vertex 21.5206 4.39743 2.65
      vertex 21.3038 2.55234 2.65
      vertex 21.3515 2.6329 2.65
    endloop
  endfacet
  facet normal 0 0 1
    outer loop
      vertex 21.5206 4.39743 2.65
      vertex 21.2626 2.48543 2.65
      vertex 21.3038 2.55234 2.65
    endloop
  endfacet
  facet normal 0 0 1
    outer loop
      vertex 21.5206 4.39743 2.65
      vertex 21.2276 2.43219 2.65
      vertex 21.2626 2.48543 2.65
    endloop
  endfacet
  facet normal 0 0 1
    outer loop
      vertex 17.5841 -1.40053 2.65
      vertex 21.2276 2.43219 2.65
      vertex 21.5206 4.39743 2.65
    endloop
  endfacet
  facet normal 0 0 1
    outer loop
      vertex 21.2276 2.43219 2.65
      vertex 17.5841 -1.40053 2.65
      vertex 19.0245 -0.814621 2.65
    endloop
  endfacet
  facet normal 0 0 1
    outer loop
      vertex 19.0245 -0.814621 2.65
      vertex 17.5841 -1.40053 2.65
      vertex 18.6949 -1.26625 2.65
    endloop
  endfacet
  facet normal 0 0 1
    outer loop
      vertex 18.6949 -1.26625 2.65
      vertex 17.5841 -1.40053 2.65
      vertex 18.5972 -1.38829 2.65
    endloop
  endfacet
  facet normal -0 0 1
    outer loop
      vertex 22.6741 -1.38829 2.65
      vertex 23.8826 -2.25499 2.65
      vertex 23.8826 -1.38829 2.65
    endloop
  endfacet
  facet normal 0 0 1
    outer loop
      vertex 23.8826 -2.25499 2.65
      vertex 22.6741 -1.38829 2.65
      vertex 22.6741 -2.25499 2.65
    endloop
  endfacet
  facet normal 0 0 1
    outer loop
      vertex 21.6366 -2.25499 2.65
      vertex 22.6741 -2.25499 2.65
      vertex 21.6366 -1.38829 2.65
    endloop
  endfacet
  facet normal 0 0 1
    outer loop
      vertex 22.6741 -2.25499 2.65
      vertex 21.6366 -2.25499 2.65
      vertex 22.6741 -4.20187 2.65
    endloop
  endfacet
  facet normal 0 0 1
    outer loop
      vertex 22.6741 -4.20187 2.65
      vertex 21.6366 -2.25499 2.65
      vertex 21.6366 -4.20187 2.65
    endloop
  endfacet
  facet normal -0 0 1
    outer loop
      vertex -13.7284 2.40169 2.65
      vertex -12.9655 1.60222 2.65
      vertex -12.9228 2.40169 2.65
    endloop
  endfacet
  facet normal 0 0 1
    outer loop
      vertex -12.9655 1.60222 2.65
      vertex -13.7284 2.40169 2.65
      vertex -13.7284 1.60222 2.65
    endloop
  endfacet
  facet normal -0 0 1
    outer loop
      vertex -12.5993 3.87868 2.65
      vertex -11.867 2.40169 2.65
      vertex -11.867 3.87868 2.65
    endloop
  endfacet
  facet normal 0 0 1
    outer loop
      vertex -11.867 2.40169 2.65
      vertex -12.9228 2.40169 2.65
      vertex -11.867 1.60222 2.65
    endloop
  endfacet
  facet normal 0 0 1
    outer loop
      vertex -11.867 1.60222 2.65
      vertex -12.9655 1.60222 2.65
      vertex -11.867 -2.56621 2.65
    endloop
  endfacet
  facet normal 0 0 1
    outer loop
      vertex -12.9655 -2.80426 2.65
      vertex -11.867 -2.56621 2.65
      vertex -12.9655 1.60222 2.65
    endloop
  endfacet
  facet normal 0 0 1
    outer loop
      vertex -11.867 2.40169 2.65
      vertex -12.5993 3.87868 2.65
      vertex -12.9228 2.40169 2.65
    endloop
  endfacet
  facet normal 0 -0 1
    outer loop
      vertex -12.9128 -3.34254 2.65
      vertex -11.867 -2.56621 2.65
      vertex -12.9655 -2.80426 2.65
    endloop
  endfacet
  facet normal 0 -0 1
    outer loop
      vertex -12.7546 -3.76123 2.65
      vertex -11.867 -2.56621 2.65
      vertex -12.9128 -3.34254 2.65
    endloop
  endfacet
  facet normal 0 0 1
    outer loop
      vertex -11.867 1.60222 2.65
      vertex -12.9228 2.40169 2.65
      vertex -12.9655 1.60222 2.65
    endloop
  endfacet
  facet normal 0 -0 1
    outer loop
      vertex -12.4909 -4.06027 2.65
      vertex -11.867 -2.56621 2.65
      vertex -12.7546 -3.76123 2.65
    endloop
  endfacet
  facet normal 0 0 1
    outer loop
      vertex -11.867 -2.56621 2.65
      vertex -12.4909 -4.06027 2.65
      vertex -12.1218 -4.2397 2.65
    endloop
  endfacet
  facet normal -0 0 1
    outer loop
      vertex -11.867 2.40169 2.65
      vertex -10.6463 1.60222 2.65
      vertex -10.6463 2.40169 2.65
    endloop
  endfacet
  facet normal 0 0 1
    outer loop
      vertex -10.6463 1.60222 2.65
      vertex -11.867 2.40169 2.65
      vertex -11.867 1.60222 2.65
    endloop
  endfacet
  facet normal -0 0 1
    outer loop
      vertex -10.6947 -3.37207 2.65
      vertex -10.5365 -4.153 2.65
      vertex -10.5365 -3.34129 2.65
    endloop
  endfacet
  facet normal -0 0 1
    outer loop
      vertex -10.8372 -3.39601 2.65
      vertex -10.5365 -4.153 2.65
      vertex -10.6947 -3.37207 2.65
    endloop
  endfacet
  facet normal 0 0 1
    outer loop
      vertex -10.5365 -4.153 2.65
      vertex -10.8372 -3.39601 2.65
      vertex -10.7547 -4.20575 2.65
    endloop
  endfacet
  facet normal -0 0 1
    outer loop
      vertex -10.9642 -3.4131 2.65
      vertex -10.7547 -4.20575 2.65
      vertex -10.8372 -3.39601 2.65
    endloop
  endfacet
  facet normal 0 0 1
    outer loop
      vertex -10.9642 -3.4131 2.65
      vertex -10.9749 -4.24677 2.65
      vertex -10.7547 -4.20575 2.65
    endloop
  endfacet
  facet normal -0 0 1
    outer loop
      vertex -11.0755 -3.42337 2.65
      vertex -10.9749 -4.24677 2.65
      vertex -10.9642 -3.4131 2.65
    endloop
  endfacet
  facet normal -0 0 1
    outer loop
      vertex -11.1712 -3.42679 2.65
      vertex -10.9749 -4.24677 2.65
      vertex -11.0755 -3.42337 2.65
    endloop
  endfacet
  facet normal 0 0 1
    outer loop
      vertex -11.1712 -3.42679 2.65
      vertex -11.1971 -4.27608 2.65
      vertex -10.9749 -4.24677 2.65
    endloop
  endfacet
  facet normal 0 0 1
    outer loop
      vertex -11.3158 -3.4191 2.65
      vertex -11.1971 -4.27608 2.65
      vertex -11.1712 -3.42679 2.65
    endloop
  endfacet
  facet normal 0 0 1
    outer loop
      vertex -11.3158 -3.4191 2.65
      vertex -11.4212 -4.29366 2.65
      vertex -11.1971 -4.27608 2.65
    endloop
  endfacet
  facet normal 0 0 1
    outer loop
      vertex -11.4422 -3.39603 2.65
      vertex -11.4212 -4.29366 2.65
      vertex -11.3158 -3.4191 2.65
    endloop
  endfacet
  facet normal 0 0 1
    outer loop
      vertex -11.6473 -4.29951 2.65
      vertex -11.4422 -3.39603 2.65
      vertex -11.5502 -3.35757 2.65
    endloop
  endfacet
  facet normal 0 0 1
    outer loop
      vertex -12.1218 -4.2397 2.65
      vertex -11.5502 -3.35757 2.65
      vertex -11.6399 -3.30376 2.65
    endloop
  endfacet
  facet normal 0 0 1
    outer loop
      vertex -11.4422 -3.39603 2.65
      vertex -11.6473 -4.29951 2.65
      vertex -11.4212 -4.29366 2.65
    endloop
  endfacet
  facet normal 0 0 1
    outer loop
      vertex -12.1218 -4.2397 2.65
      vertex -11.6399 -3.30376 2.65
      vertex -11.7113 -3.23454 2.65
    endloop
  endfacet
  facet normal 0 0 1
    outer loop
      vertex -12.1218 -4.2397 2.65
      vertex -11.7113 -3.23454 2.65
      vertex -11.7674 -3.1463 2.65
    endloop
  endfacet
  facet normal 0 0 1
    outer loop
      vertex -12.1218 -4.2397 2.65
      vertex -11.7674 -3.1463 2.65
      vertex -11.8109 -3.03534 2.65
    endloop
  endfacet
  facet normal 0 0 1
    outer loop
      vertex -12.1218 -4.2397 2.65
      vertex -11.8109 -3.03534 2.65
      vertex -11.8421 -2.90167 2.65
    endloop
  endfacet
  facet normal 0 0 1
    outer loop
      vertex -11.5502 -3.35757 2.65
      vertex -12.1218 -4.2397 2.65
      vertex -11.6473 -4.29951 2.65
    endloop
  endfacet
  facet normal 0 0 1
    outer loop
      vertex -11.8607 -2.7453 2.65
      vertex -12.1218 -4.2397 2.65
      vertex -11.8421 -2.90167 2.65
    endloop
  endfacet
  facet normal 0 0 1
    outer loop
      vertex -12.1218 -4.2397 2.65
      vertex -11.8607 -2.7453 2.65
      vertex -11.867 -2.56621 2.65
    endloop
  endfacet
  facet normal -0 0 1
    outer loop
      vertex -5.26921 -0.377075 2.65
      vertex -4.09946 -0.894012 2.65
      vertex -4.12802 -0.230087 2.65
    endloop
  endfacet
  facet normal -0 0 1
    outer loop
      vertex -5.31793 0.0800323 2.65
      vertex -4.12802 -0.230087 2.65
      vertex -4.21371 0.360336 2.65
    endloop
  endfacet
  facet normal 0 0 1
    outer loop
      vertex -5.26994 -1.40494 2.65
      vertex -4.09946 -0.894012 2.65
      vertex -5.25298 -0.894012 2.65
    endloop
  endfacet
  facet normal -0 0 1
    outer loop
      vertex -5.39911 0.477356 2.65
      vertex -4.21371 0.360336 2.65
      vertex -4.35655 0.877274 2.65
    endloop
  endfacet
  facet normal 0 0 1
    outer loop
      vertex -4.09946 -0.894012 2.65
      vertex -5.26994 -1.40494 2.65
      vertex -4.12997 -1.5519 2.65
    endloop
  endfacet
  facet normal 0 0 1
    outer loop
      vertex -5.51276 0.81485 2.65
      vertex -4.35655 0.877274 2.65
      vertex -4.5565 1.32072 2.65
    endloop
  endfacet
  facet normal 0 0 1
    outer loop
      vertex -5.32085 -1.85876 2.65
      vertex -4.12997 -1.5519 2.65
      vertex -5.26994 -1.40494 2.65
    endloop
  endfacet
  facet normal 0 0 1
    outer loop
      vertex -5.65887 1.09254 2.65
      vertex -4.5565 1.32072 2.65
      vertex -4.8136 1.69069 2.65
    endloop
  endfacet
  facet normal 0 0 1
    outer loop
      vertex -4.12997 -1.5519 2.65
      vertex -5.32085 -1.85876 2.65
      vertex -4.22153 -2.13901 2.65
    endloop
  endfacet
  facet normal 0 0 1
    outer loop
      vertex -5.65887 1.09254 2.65
      vertex -4.8136 1.69069 2.65
      vertex -5.13121 1.99059 2.65
    endloop
  endfacet
  facet normal 0 0 1
    outer loop
      vertex -4.09946 -0.894012 2.65
      vertex -5.26921 -0.377075 2.65
      vertex -5.25298 -0.894012 2.65
    endloop
  endfacet
  facet normal 0 0 1
    outer loop
      vertex -4.22153 -2.13901 2.65
      vertex -5.40569 -2.25546 2.65
      vertex -4.3741 -2.65532 2.65
    endloop
  endfacet
  facet normal 0 0 1
    outer loop
      vertex -5.40569 -2.25546 2.65
      vertex -4.22153 -2.13901 2.65
      vertex -5.32085 -1.85876 2.65
    endloop
  endfacet
  facet normal 0 0 1
    outer loop
      vertex -4.12802 -0.230087 2.65
      vertex -5.31793 0.0800323 2.65
      vertex -5.26921 -0.377075 2.65
    endloop
  endfacet
  facet normal 0 0 1
    outer loop
      vertex -4.21371 0.360336 2.65
      vertex -5.39911 0.477356 2.65
      vertex -5.31793 0.0800323 2.65
    endloop
  endfacet
  facet normal 0 0 1
    outer loop
      vertex -4.35655 0.877274 2.65
      vertex -5.51276 0.81485 2.65
      vertex -5.39911 0.477356 2.65
    endloop
  endfacet
  facet normal 0 0 1
    outer loop
      vertex -5.84331 1.31555 2.65
      vertex -5.13121 1.99059 2.65
      vertex -5.51277 2.22383 2.65
    endloop
  endfacet
  facet normal 0 0 1
    outer loop
      vertex -4.5565 1.32072 2.65
      vertex -5.65887 1.09254 2.65
      vertex -5.51276 0.81485 2.65
    endloop
  endfacet
  facet normal 0 0 1
    outer loop
      vertex -5.13121 1.99059 2.65
      vertex -5.84331 1.31555 2.65
      vertex -5.65887 1.09254 2.65
    endloop
  endfacet
  facet normal 0 0 1
    outer loop
      vertex -6.07191 1.48901 2.65
      vertex -5.51277 2.22383 2.65
      vertex -5.95828 2.39044 2.65
    endloop
  endfacet
  facet normal 0 0 1
    outer loop
      vertex -5.51277 2.22383 2.65
      vertex -6.07191 1.48901 2.65
      vertex -5.84331 1.31555 2.65
    endloop
  endfacet
  facet normal 0 0 1
    outer loop
      vertex -5.95828 2.39044 2.65
      vertex -6.34473 1.6129 2.65
      vertex -6.07191 1.48901 2.65
    endloop
  endfacet
  facet normal 0 0 1
    outer loop
      vertex -6.46776 2.4904 2.65
      vertex -6.34473 1.6129 2.65
      vertex -5.95828 2.39044 2.65
    endloop
  endfacet
  facet normal 0 0 1
    outer loop
      vertex -6.46776 2.4904 2.65
      vertex -6.66173 1.68724 2.65
      vertex -6.34473 1.6129 2.65
    endloop
  endfacet
  facet normal 0 0 1
    outer loop
      vertex -7.0412 2.52373 2.65
      vertex -6.66173 1.68724 2.65
      vertex -6.46776 2.4904 2.65
    endloop
  endfacet
  facet normal 0 0 1
    outer loop
      vertex -6.66173 1.68724 2.65
      vertex -7.0412 2.52373 2.65
      vertex -7.02292 1.71202 2.65
    endloop
  endfacet
  facet normal 0 0 1
    outer loop
      vertex -7.0412 2.52373 2.65
      vertex -7.38727 1.68675 2.65
      vertex -7.02292 1.71202 2.65
    endloop
  endfacet
  facet normal -0 0 1
    outer loop
      vertex -8.1068 2.38702 2.65
      vertex -7.38727 1.68675 2.65
      vertex -7.0412 2.52373 2.65
    endloop
  endfacet
  facet normal 0 0 1
    outer loop
      vertex -7.38727 1.68675 2.65
      vertex -8.1068 2.38702 2.65
      vertex -7.70889 1.61095 2.65
    endloop
  endfacet
  facet normal 0 0 1
    outer loop
      vertex -7.70889 1.61095 2.65
      vertex -8.1068 2.38702 2.65
      vertex -7.98781 1.4846 2.65
    endloop
  endfacet
  facet normal -0 0 1
    outer loop
      vertex -8.93559 1.97688 2.65
      vertex -7.98781 1.4846 2.65
      vertex -8.1068 2.38702 2.65
    endloop
  endfacet
  facet normal 0 0 1
    outer loop
      vertex -7.98781 1.4846 2.65
      vertex -8.93559 1.97688 2.65
      vertex -8.224 1.30772 2.65
    endloop
  endfacet
  facet normal 0 0 1
    outer loop
      vertex -8.224 1.30772 2.65
      vertex -8.93559 1.97688 2.65
      vertex -8.41747 1.08031 2.65
    endloop
  endfacet
  facet normal -0 0 1
    outer loop
      vertex -9.5276 1.29333 2.65
      vertex -8.41747 1.08031 2.65
      vertex -8.93559 1.97688 2.65
    endloop
  endfacet
  facet normal 0 0 1
    outer loop
      vertex -8.69286 0.461243 2.65
      vertex -9.8828 0.336365 2.65
      vertex -8.77892 0.0663757 2.65
    endloop
  endfacet
  facet normal 0 0 1
    outer loop
      vertex -9.8828 0.336365 2.65
      vertex -8.69286 0.461243 2.65
      vertex -9.5276 1.29333 2.65
    endloop
  endfacet
  facet normal 0 0 1
    outer loop
      vertex -8.57237 0.79921 2.65
      vertex -9.5276 1.29333 2.65
      vertex -8.69286 0.461243 2.65
    endloop
  endfacet
  facet normal 0 0 1
    outer loop
      vertex -8.41747 1.08031 2.65
      vertex -9.5276 1.29333 2.65
      vertex -8.57237 0.79921 2.65
    endloop
  endfacet
  facet normal -0 0 1
    outer loop
      vertex -5.52444 -2.59505 2.65
      vertex -4.3741 -2.65532 2.65
      vertex -5.40569 -2.25546 2.65
    endloop
  endfacet
  facet normal 0 0 1
    outer loop
      vertex -4.3741 -2.65532 2.65
      vertex -5.52444 -2.59505 2.65
      vertex -4.58772 -3.10083 2.65
    endloop
  endfacet
  facet normal 0 0 1
    outer loop
      vertex -4.58772 -3.10083 2.65
      vertex -5.52444 -2.59505 2.65
      vertex -4.86238 -3.47557 2.65
    endloop
  endfacet
  facet normal -0 0 1
    outer loop
      vertex -5.67715 -2.87752 2.65
      vertex -4.86238 -3.47557 2.65
      vertex -5.52444 -2.59505 2.65
    endloop
  endfacet
  facet normal 0 0 1
    outer loop
      vertex -4.86238 -3.47557 2.65
      vertex -5.67715 -2.87752 2.65
      vertex -5.19513 -3.78098 2.65
    endloop
  endfacet
  facet normal -0 0 1
    outer loop
      vertex -5.8694 -3.106 2.65
      vertex -5.19513 -3.78098 2.65
      vertex -5.67715 -2.87752 2.65
    endloop
  endfacet
  facet normal 0 0 1
    outer loop
      vertex -5.19513 -3.78098 2.65
      vertex -5.8694 -3.106 2.65
      vertex -5.58305 -4.01851 2.65
    endloop
  endfacet
  facet normal -0 0 1
    outer loop
      vertex -6.10681 -3.28371 2.65
      vertex -5.58305 -4.01851 2.65
      vertex -5.8694 -3.106 2.65
    endloop
  endfacet
  facet normal 0 0 1
    outer loop
      vertex -5.58305 -4.01851 2.65
      vertex -6.10681 -3.28371 2.65
      vertex -6.02615 -4.18817 2.65
    endloop
  endfacet
  facet normal -0 0 1
    outer loop
      vertex -6.3894 -3.41064 2.65
      vertex -6.02615 -4.18817 2.65
      vertex -6.10681 -3.28371 2.65
    endloop
  endfacet
  facet normal 0 0 1
    outer loop
      vertex -6.3894 -3.41064 2.65
      vertex -6.5244 -4.28998 2.65
      vertex -6.02615 -4.18817 2.65
    endloop
  endfacet
  facet normal -0 0 1
    outer loop
      vertex -6.71715 -3.48682 2.65
      vertex -6.5244 -4.28998 2.65
      vertex -6.3894 -3.41064 2.65
    endloop
  endfacet
  facet normal 0 0 1
    outer loop
      vertex -6.71715 -3.48682 2.65
      vertex -7.07782 -4.32391 2.65
      vertex -6.5244 -4.28998 2.65
    endloop
  endfacet
  facet normal -0 0 1
    outer loop
      vertex -7.09006 -3.51219 2.65
      vertex -7.07782 -4.32391 2.65
      vertex -6.71715 -3.48682 2.65
    endloop
  endfacet
  facet normal 0 0 1
    outer loop
      vertex -7.4344 -3.48595 2.65
      vertex -7.07782 -4.32391 2.65
      vertex -7.09006 -3.51219 2.65
    endloop
  endfacet
  facet normal 0 0 1
    outer loop
      vertex -7.4344 -3.48595 2.65
      vertex -7.62807 -4.28864 2.65
      vertex -7.07782 -4.32391 2.65
    endloop
  endfacet
  facet normal 0 0 1
    outer loop
      vertex -7.73991 -3.40723 2.65
      vertex -7.62807 -4.28864 2.65
      vertex -7.4344 -3.48595 2.65
    endloop
  endfacet
  facet normal 0 0 1
    outer loop
      vertex -8.12167 -4.1828 2.65
      vertex -7.73991 -3.40723 2.65
      vertex -8.00662 -3.276 2.65
    endloop
  endfacet
  facet normal 0 0 1
    outer loop
      vertex -7.73991 -3.40723 2.65
      vertex -8.12167 -4.1828 2.65
      vertex -7.62807 -4.28864 2.65
    endloop
  endfacet
  facet normal 0 0 1
    outer loop
      vertex -8.55867 -4.00642 2.65
      vertex -8.00662 -3.276 2.65
      vertex -8.23451 -3.0923 2.65
    endloop
  endfacet
  facet normal 0 0 1
    outer loop
      vertex -8.93903 -3.75949 2.65
      vertex -8.23451 -3.0923 2.65
      vertex -8.42358 -2.85609 2.65
    endloop
  endfacet
  facet normal 0 0 1
    outer loop
      vertex -8.00662 -3.276 2.65
      vertex -8.55867 -4.00642 2.65
      vertex -8.12167 -4.1828 2.65
    endloop
  endfacet
  facet normal 0 0 1
    outer loop
      vertex -9.26276 -3.442 2.65
      vertex -8.42358 -2.85609 2.65
      vertex -8.57629 -2.56766 2.65
    endloop
  endfacet
  facet normal 0 0 1
    outer loop
      vertex -9.73537 -2.61101 2.65
      vertex -8.57629 -2.56766 2.65
      vertex -8.69505 -2.22723 2.65
    endloop
  endfacet
  facet normal -0 0 1
    outer loop
      vertex -9.88306 -2.10141 2.65
      vertex -8.69505 -2.22723 2.65
      vertex -8.77989 -1.83482 2.65
    endloop
  endfacet
  facet normal -0 0 1
    outer loop
      vertex -9.97166 -1.52907 2.65
      vertex -8.77989 -1.83482 2.65
      vertex -8.8308 -1.39041 2.65
    endloop
  endfacet
  facet normal 0 0 1
    outer loop
      vertex -8.23451 -3.0923 2.65
      vertex -8.93903 -3.75949 2.65
      vertex -8.55867 -4.00642 2.65
    endloop
  endfacet
  facet normal -0 0 1
    outer loop
      vertex -10.0012 -0.894012 2.65
      vertex -8.8308 -1.39041 2.65
      vertex -8.84776 -0.894012 2.65
    endloop
  endfacet
  facet normal 0 0 1
    outer loop
      vertex -8.77892 0.0663757 2.65
      vertex -9.8828 0.336365 2.65
      vertex -8.83055 -0.385361 2.65
    endloop
  endfacet
  facet normal 0 0 1
    outer loop
      vertex -8.8308 -1.39041 2.65
      vertex -10.0012 -0.894012 2.65
      vertex -9.97166 -1.52907 2.65
    endloop
  endfacet
  facet normal 0 0 1
    outer loop
      vertex -10.0012 -0.894012 2.65
      vertex -8.83055 -0.385361 2.65
      vertex -9.8828 0.336365 2.65
    endloop
  endfacet
  facet normal 0 0 1
    outer loop
      vertex -8.77989 -1.83482 2.65
      vertex -9.97166 -1.52907 2.65
      vertex -9.88306 -2.10141 2.65
    endloop
  endfacet
  facet normal 0 0 1
    outer loop
      vertex -8.69505 -2.22723 2.65
      vertex -9.88306 -2.10141 2.65
      vertex -9.73537 -2.61101 2.65
    endloop
  endfacet
  facet normal 0 0 1
    outer loop
      vertex -8.83055 -0.385361 2.65
      vertex -10.0012 -0.894012 2.65
      vertex -8.84776 -0.894012 2.65
    endloop
  endfacet
  facet normal 0 0 1
    outer loop
      vertex -8.57629 -2.56766 2.65
      vertex -9.73537 -2.61101 2.65
      vertex -9.52859 -3.05786 2.65
    endloop
  endfacet
  facet normal 0 0 1
    outer loop
      vertex -8.57629 -2.56766 2.65
      vertex -9.52859 -3.05786 2.65
      vertex -9.26276 -3.442 2.65
    endloop
  endfacet
  facet normal 0 0 1
    outer loop
      vertex -8.42358 -2.85609 2.65
      vertex -9.26276 -3.442 2.65
      vertex -8.93903 -3.75949 2.65
    endloop
  endfacet
  facet normal -0 0 1
    outer loop
      vertex -15.4497 -0.377075 2.65
      vertex -14.2799 -0.894012 2.65
      vertex -14.3085 -0.230087 2.65
    endloop
  endfacet
  facet normal -0 0 1
    outer loop
      vertex -15.4984 0.0800323 2.65
      vertex -14.3085 -0.230087 2.65
      vertex -14.3942 0.360336 2.65
    endloop
  endfacet
  facet normal 0 0 1
    outer loop
      vertex -15.4504 -1.40494 2.65
      vertex -14.2799 -0.894012 2.65
      vertex -15.4334 -0.894012 2.65
    endloop
  endfacet
  facet normal -0 0 1
    outer loop
      vertex -15.5796 0.477356 2.65
      vertex -14.3942 0.360336 2.65
      vertex -14.537 0.877274 2.65
    endloop
  endfacet
  facet normal 0 0 1
    outer loop
      vertex -14.2799 -0.894012 2.65
      vertex -15.4504 -1.40494 2.65
      vertex -14.3104 -1.5519 2.65
    endloop
  endfacet
  facet normal 0 0 1
    outer loop
      vertex -15.6932 0.81485 2.65
      vertex -14.537 0.877274 2.65
      vertex -14.737 1.32072 2.65
    endloop
  endfacet
  facet normal 0 0 1
    outer loop
      vertex -15.5013 -1.85876 2.65
      vertex -14.3104 -1.5519 2.65
      vertex -15.4504 -1.40494 2.65
    endloop
  endfacet
  facet normal 0 0 1
    outer loop
      vertex -15.8393 1.09254 2.65
      vertex -14.737 1.32072 2.65
      vertex -14.9941 1.69069 2.65
    endloop
  endfacet
  facet normal 0 0 1
    outer loop
      vertex -14.3104 -1.5519 2.65
      vertex -15.5013 -1.85876 2.65
      vertex -14.402 -2.13901 2.65
    endloop
  endfacet
  facet normal 0 0 1
    outer loop
      vertex -15.8393 1.09254 2.65
      vertex -14.9941 1.69069 2.65
      vertex -15.3117 1.99059 2.65
    endloop
  endfacet
  facet normal 0 0 1
    outer loop
      vertex -14.2799 -0.894012 2.65
      vertex -15.4497 -0.377075 2.65
      vertex -15.4334 -0.894012 2.65
    endloop
  endfacet
  facet normal 0 0 1
    outer loop
      vertex -14.402 -2.13901 2.65
      vertex -15.5861 -2.25546 2.65
      vertex -14.5546 -2.65532 2.65
    endloop
  endfacet
  facet normal 0 0 1
    outer loop
      vertex -15.5861 -2.25546 2.65
      vertex -14.402 -2.13901 2.65
      vertex -15.5013 -1.85876 2.65
    endloop
  endfacet
  facet normal 0 0 1
    outer loop
      vertex -14.3085 -0.230087 2.65
      vertex -15.4984 0.0800323 2.65
      vertex -15.4497 -0.377075 2.65
    endloop
  endfacet
  facet normal 0 0 1
    outer loop
      vertex -14.3942 0.360336 2.65
      vertex -15.5796 0.477356 2.65
      vertex -15.4984 0.0800323 2.65
    endloop
  endfacet
  facet normal 0 0 1
    outer loop
      vertex -16.0238 1.31555 2.65
      vertex -15.3117 1.99059 2.65
      vertex -15.6932 2.22383 2.65
    endloop
  endfacet
  facet normal 0 0 1
    outer loop
      vertex -14.537 0.877274 2.65
      vertex -15.6932 0.81485 2.65
      vertex -15.5796 0.477356 2.65
    endloop
  endfacet
  facet normal 0 0 1
    outer loop
      vertex -14.737 1.32072 2.65
      vertex -15.8393 1.09254 2.65
      vertex -15.6932 0.81485 2.65
    endloop
  endfacet
  facet normal 0 0 1
    outer loop
      vertex -15.3117 1.99059 2.65
      vertex -16.0238 1.31555 2.65
      vertex -15.8393 1.09254 2.65
    endloop
  endfacet
  facet normal 0 0 1
    outer loop
      vertex -16.2524 1.48901 2.65
      vertex -15.6932 2.22383 2.65
      vertex -16.1387 2.39044 2.65
    endloop
  endfacet
  facet normal 0 0 1
    outer loop
      vertex -15.6932 2.22383 2.65
      vertex -16.2524 1.48901 2.65
      vertex -16.0238 1.31555 2.65
    endloop
  endfacet
  facet normal 0 0 1
    outer loop
      vertex -16.1387 2.39044 2.65
      vertex -16.5252 1.6129 2.65
      vertex -16.2524 1.48901 2.65
    endloop
  endfacet
  facet normal 0 0 1
    outer loop
      vertex -16.6482 2.4904 2.65
      vertex -16.5252 1.6129 2.65
      vertex -16.1387 2.39044 2.65
    endloop
  endfacet
  facet normal 0 0 1
    outer loop
      vertex -16.6482 2.4904 2.65
      vertex -16.8422 1.68724 2.65
      vertex -16.5252 1.6129 2.65
    endloop
  endfacet
  facet normal 0 0 1
    outer loop
      vertex -17.2216 2.52373 2.65
      vertex -16.8422 1.68724 2.65
      vertex -16.6482 2.4904 2.65
    endloop
  endfacet
  facet normal 0 0 1
    outer loop
      vertex -16.8422 1.68724 2.65
      vertex -17.2216 2.52373 2.65
      vertex -17.2034 1.71202 2.65
    endloop
  endfacet
  facet normal 0 0 1
    outer loop
      vertex -17.2216 2.52373 2.65
      vertex -17.5677 1.68675 2.65
      vertex -17.2034 1.71202 2.65
    endloop
  endfacet
  facet normal -0 0 1
    outer loop
      vertex -18.2872 2.38702 2.65
      vertex -17.5677 1.68675 2.65
      vertex -17.2216 2.52373 2.65
    endloop
  endfacet
  facet normal 0 0 1
    outer loop
      vertex -17.5677 1.68675 2.65
      vertex -18.2872 2.38702 2.65
      vertex -17.8894 1.61095 2.65
    endloop
  endfacet
  facet normal 0 0 1
    outer loop
      vertex -17.8894 1.61095 2.65
      vertex -18.2872 2.38702 2.65
      vertex -18.1683 1.4846 2.65
    endloop
  endfacet
  facet normal -0 0 1
    outer loop
      vertex -19.1161 1.97688 2.65
      vertex -18.1683 1.4846 2.65
      vertex -18.2872 2.38702 2.65
    endloop
  endfacet
  facet normal 0 0 1
    outer loop
      vertex -18.1683 1.4846 2.65
      vertex -19.1161 1.97688 2.65
      vertex -18.4044 1.30772 2.65
    endloop
  endfacet
  facet normal 0 0 1
    outer loop
      vertex -18.4044 1.30772 2.65
      vertex -19.1161 1.97688 2.65
      vertex -18.5979 1.08031 2.65
    endloop
  endfacet
  facet normal -0 0 1
    outer loop
      vertex -19.7081 1.29333 2.65
      vertex -18.5979 1.08031 2.65
      vertex -19.1161 1.97688 2.65
    endloop
  endfacet
  facet normal 0 0 1
    outer loop
      vertex -18.8733 0.461243 2.65
      vertex -20.0633 0.336365 2.65
      vertex -18.9594 0.0663757 2.65
    endloop
  endfacet
  facet normal 0 0 1
    outer loop
      vertex -20.0633 0.336365 2.65
      vertex -18.8733 0.461243 2.65
      vertex -19.7081 1.29333 2.65
    endloop
  endfacet
  facet normal 0 0 1
    outer loop
      vertex -18.7528 0.79921 2.65
      vertex -19.7081 1.29333 2.65
      vertex -18.8733 0.461243 2.65
    endloop
  endfacet
  facet normal 0 0 1
    outer loop
      vertex -18.5979 1.08031 2.65
      vertex -19.7081 1.29333 2.65
      vertex -18.7528 0.79921 2.65
    endloop
  endfacet
  facet normal -0 0 1
    outer loop
      vertex -15.7049 -2.59505 2.65
      vertex -14.5546 -2.65532 2.65
      vertex -15.5861 -2.25546 2.65
    endloop
  endfacet
  facet normal 0 0 1
    outer loop
      vertex -14.5546 -2.65532 2.65
      vertex -15.7049 -2.59505 2.65
      vertex -14.7682 -3.10083 2.65
    endloop
  endfacet
  facet normal 0 0 1
    outer loop
      vertex -14.7682 -3.10083 2.65
      vertex -15.7049 -2.59505 2.65
      vertex -15.0428 -3.47557 2.65
    endloop
  endfacet
  facet normal -0 0 1
    outer loop
      vertex -15.8576 -2.87752 2.65
      vertex -15.0428 -3.47557 2.65
      vertex -15.7049 -2.59505 2.65
    endloop
  endfacet
  facet normal 0 0 1
    outer loop
      vertex -15.0428 -3.47557 2.65
      vertex -15.8576 -2.87752 2.65
      vertex -15.3756 -3.78098 2.65
    endloop
  endfacet
  facet normal -0 0 1
    outer loop
      vertex -16.0499 -3.106 2.65
      vertex -15.3756 -3.78098 2.65
      vertex -15.8576 -2.87752 2.65
    endloop
  endfacet
  facet normal 0 0 1
    outer loop
      vertex -15.3756 -3.78098 2.65
      vertex -16.0499 -3.106 2.65
      vertex -15.7635 -4.01851 2.65
    endloop
  endfacet
  facet normal -0 0 1
    outer loop
      vertex -16.2873 -3.28371 2.65
      vertex -15.7635 -4.01851 2.65
      vertex -16.0499 -3.106 2.65
    endloop
  endfacet
  facet normal 0 0 1
    outer loop
      vertex -15.7635 -4.01851 2.65
      vertex -16.2873 -3.28371 2.65
      vertex -16.2066 -4.18817 2.65
    endloop
  endfacet
  facet normal -0 0 1
    outer loop
      vertex -16.5699 -3.41064 2.65
      vertex -16.2066 -4.18817 2.65
      vertex -16.2873 -3.28371 2.65
    endloop
  endfacet
  facet normal 0 0 1
    outer loop
      vertex -16.5699 -3.41064 2.65
      vertex -16.7049 -4.28998 2.65
      vertex -16.2066 -4.18817 2.65
    endloop
  endfacet
  facet normal -0 0 1
    outer loop
      vertex -16.8976 -3.48682 2.65
      vertex -16.7049 -4.28998 2.65
      vertex -16.5699 -3.41064 2.65
    endloop
  endfacet
  facet normal 0 0 1
    outer loop
      vertex -16.8976 -3.48682 2.65
      vertex -17.2583 -4.32391 2.65
      vertex -16.7049 -4.28998 2.65
    endloop
  endfacet
  facet normal -0 0 1
    outer loop
      vertex -17.2705 -3.51219 2.65
      vertex -17.2583 -4.32391 2.65
      vertex -16.8976 -3.48682 2.65
    endloop
  endfacet
  facet normal 0 0 1
    outer loop
      vertex -17.6149 -3.48595 2.65
      vertex -17.2583 -4.32391 2.65
      vertex -17.2705 -3.51219 2.65
    endloop
  endfacet
  facet normal 0 0 1
    outer loop
      vertex -17.6149 -3.48595 2.65
      vertex -17.8085 -4.28864 2.65
      vertex -17.2583 -4.32391 2.65
    endloop
  endfacet
  facet normal 0 0 1
    outer loop
      vertex -17.9204 -3.40723 2.65
      vertex -17.8085 -4.28864 2.65
      vertex -17.6149 -3.48595 2.65
    endloop
  endfacet
  facet normal 0 0 1
    outer loop
      vertex -18.3021 -4.1828 2.65
      vertex -17.9204 -3.40723 2.65
      vertex -18.1871 -3.276 2.65
    endloop
  endfacet
  facet normal 0 0 1
    outer loop
      vertex -17.9204 -3.40723 2.65
      vertex -18.3021 -4.1828 2.65
      vertex -17.8085 -4.28864 2.65
    endloop
  endfacet
  facet normal 0 0 1
    outer loop
      vertex -18.7391 -4.00642 2.65
      vertex -18.1871 -3.276 2.65
      vertex -18.415 -3.0923 2.65
    endloop
  endfacet
  facet normal 0 0 1
    outer loop
      vertex -19.1195 -3.75949 2.65
      vertex -18.415 -3.0923 2.65
      vertex -18.604 -2.85609 2.65
    endloop
  endfacet
  facet normal 0 0 1
    outer loop
      vertex -18.1871 -3.276 2.65
      vertex -18.7391 -4.00642 2.65
      vertex -18.3021 -4.1828 2.65
    endloop
  endfacet
  facet normal 0 0 1
    outer loop
      vertex -19.4432 -3.442 2.65
      vertex -18.604 -2.85609 2.65
      vertex -18.7567 -2.56766 2.65
    endloop
  endfacet
  facet normal 0 0 1
    outer loop
      vertex -19.9158 -2.61101 2.65
      vertex -18.7567 -2.56766 2.65
      vertex -18.8755 -2.22723 2.65
    endloop
  endfacet
  facet normal -0 0 1
    outer loop
      vertex -20.0635 -2.10141 2.65
      vertex -18.8755 -2.22723 2.65
      vertex -18.9604 -1.83482 2.65
    endloop
  endfacet
  facet normal -0 0 1
    outer loop
      vertex -20.1521 -1.52907 2.65
      vertex -18.9604 -1.83482 2.65
      vertex -19.0113 -1.39041 2.65
    endloop
  endfacet
  facet normal 0 0 1
    outer loop
      vertex -18.415 -3.0923 2.65
      vertex -19.1195 -3.75949 2.65
      vertex -18.7391 -4.00642 2.65
    endloop
  endfacet
  facet normal -0 0 1
    outer loop
      vertex -20.1817 -0.894012 2.65
      vertex -19.0113 -1.39041 2.65
      vertex -19.0282 -0.894012 2.65
    endloop
  endfacet
  facet normal 0 0 1
    outer loop
      vertex -18.9594 0.0663757 2.65
      vertex -20.0633 0.336365 2.65
      vertex -19.011 -0.385361 2.65
    endloop
  endfacet
  facet normal 0 0 1
    outer loop
      vertex -19.0113 -1.39041 2.65
      vertex -20.1817 -0.894012 2.65
      vertex -20.1521 -1.52907 2.65
    endloop
  endfacet
  facet normal 0 0 1
    outer loop
      vertex -20.1817 -0.894012 2.65
      vertex -19.011 -0.385361 2.65
      vertex -20.0633 0.336365 2.65
    endloop
  endfacet
  facet normal 0 0 1
    outer loop
      vertex -18.9604 -1.83482 2.65
      vertex -20.1521 -1.52907 2.65
      vertex -20.0635 -2.10141 2.65
    endloop
  endfacet
  facet normal 0 0 1
    outer loop
      vertex -18.8755 -2.22723 2.65
      vertex -20.0635 -2.10141 2.65
      vertex -19.9158 -2.61101 2.65
    endloop
  endfacet
  facet normal 0 0 1
    outer loop
      vertex -19.011 -0.385361 2.65
      vertex -20.1817 -0.894012 2.65
      vertex -19.0282 -0.894012 2.65
    endloop
  endfacet
  facet normal 0 0 1
    outer loop
      vertex -18.7567 -2.56766 2.65
      vertex -19.9158 -2.61101 2.65
      vertex -19.709 -3.05786 2.65
    endloop
  endfacet
  facet normal 0 0 1
    outer loop
      vertex -18.7567 -2.56766 2.65
      vertex -19.709 -3.05786 2.65
      vertex -19.4432 -3.442 2.65
    endloop
  endfacet
  facet normal 0 0 1
    outer loop
      vertex -18.604 -2.85609 2.65
      vertex -19.4432 -3.442 2.65
      vertex -19.1195 -3.75949 2.65
    endloop
  endfacet
  facet normal 0 0 1
    outer loop
      vertex -1.82077 1.05295 2.65
      vertex -2.87199 1.14786 2.65
      vertex -2.87053 0.863678 2.65
    endloop
  endfacet
  facet normal 0 0 1
    outer loop
      vertex -1.85199 1.9884 2.65
      vertex -2.87639 1.44374 2.65
      vertex -2.87199 1.14786 2.65
    endloop
  endfacet
  facet normal 0 0 1
    outer loop
      vertex -1.85199 1.9884 2.65
      vertex -2.8837 1.75134 2.65
      vertex -2.87639 1.44374 2.65
    endloop
  endfacet
  facet normal 0 0 1
    outer loop
      vertex -1.85199 1.9884 2.65
      vertex -2.89392 2.07066 2.65
      vertex -2.8837 1.75134 2.65
    endloop
  endfacet
  facet normal 0 -0 1
    outer loop
      vertex -2.89392 2.07066 2.65
      vertex -1.86955 2.40169 2.65
      vertex -2.90707 2.40169 2.65
    endloop
  endfacet
  facet normal 0 0 1
    outer loop
      vertex 0.0184631 1.49475 2.65
      vertex 0.217712 2.46271 2.65
      vertex 0.127594 2.48468 2.65
    endloop
  endfacet
  facet normal 0 0 1
    outer loop
      vertex 0.217712 2.46271 2.65
      vertex 0.123947 1.47766 2.65
      vertex 0.217712 1.4557 2.65
    endloop
  endfacet
  facet normal 0 0 1
    outer loop
      vertex -0.0986938 1.50696 2.65
      vertex 0.127594 2.48468 2.65
      vertex 0.0379791 2.50175 2.65
    endloop
  endfacet
  facet normal 0 0 1
    outer loop
      vertex 0.217712 2.46271 2.65
      vertex 0.0184631 1.49475 2.65
      vertex 0.123947 1.47766 2.65
    endloop
  endfacet
  facet normal 0 0 1
    outer loop
      vertex -0.0986938 1.50696 2.65
      vertex 0.0379791 2.50175 2.65
      vertex -0.0511169 2.51396 2.65
    endloop
  endfacet
  facet normal 0 0 1
    outer loop
      vertex 0.127594 2.48468 2.65
      vertex -0.0986938 1.50696 2.65
      vertex 0.0184631 1.49475 2.65
    endloop
  endfacet
  facet normal 0 0 1
    outer loop
      vertex -0.13974 2.52129 2.65
      vertex -0.0986938 1.50696 2.65
      vertex -0.0511169 2.51396 2.65
    endloop
  endfacet
  facet normal 0 0 1
    outer loop
      vertex -0.13974 2.52129 2.65
      vertex -0.227585 1.51428 2.65
      vertex -0.0986938 1.50696 2.65
    endloop
  endfacet
  facet normal 0 0 1
    outer loop
      vertex -0.227859 2.52373 2.65
      vertex -0.227585 1.51428 2.65
      vertex -0.13974 2.52129 2.65
    endloop
  endfacet
  facet normal 0 0 1
    outer loop
      vertex -0.227859 2.52373 2.65
      vertex -0.368179 1.51672 2.65
      vertex -0.227585 1.51428 2.65
    endloop
  endfacet
  facet normal -0 0 1
    outer loop
      vertex -0.465652 2.51128 2.65
      vertex -0.368179 1.51672 2.65
      vertex -0.227859 2.52373 2.65
    endloop
  endfacet
  facet normal -0 0 1
    outer loop
      vertex -0.680969 2.47394 2.65
      vertex -0.368179 1.51672 2.65
      vertex -0.465652 2.51128 2.65
    endloop
  endfacet
  facet normal 0 0 1
    outer loop
      vertex -0.368179 1.51672 2.65
      vertex -0.680969 2.47394 2.65
      vertex -0.628662 1.49316 2.65
    endloop
  endfacet
  facet normal -0 0 1
    outer loop
      vertex -0.87384 2.41168 2.65
      vertex -0.628662 1.49316 2.65
      vertex -0.680969 2.47394 2.65
    endloop
  endfacet
  facet normal -0 0 1
    outer loop
      vertex -1.04427 2.32454 2.65
      vertex -0.628662 1.49316 2.65
      vertex -0.87384 2.41168 2.65
    endloop
  endfacet
  facet normal -0 0 1
    outer loop
      vertex -1.19221 2.21251 2.65
      vertex -0.628662 1.49316 2.65
      vertex -1.04427 2.32454 2.65
    endloop
  endfacet
  facet normal 0 0 1
    outer loop
      vertex -0.628662 1.49316 2.65
      vertex -1.19221 2.21251 2.65
      vertex -0.863266 1.42249 2.65
    endloop
  endfacet
  facet normal -0 0 1
    outer loop
      vertex -1.32573 2.06653 2.65
      vertex -0.863266 1.42249 2.65
      vertex -1.19221 2.21251 2.65
    endloop
  endfacet
  facet normal -0 0 1
    outer loop
      vertex -1.45291 1.87759 2.65
      vertex -0.863266 1.42249 2.65
      vertex -1.32573 2.06653 2.65
    endloop
  endfacet
  facet normal 0 0 1
    outer loop
      vertex -0.863266 1.42249 2.65
      vertex -1.45291 1.87759 2.65
      vertex -1.07199 1.30469 2.65
    endloop
  endfacet
  facet normal -0 0 1
    outer loop
      vertex -1.57375 1.64568 2.65
      vertex -1.07199 1.30469 2.65
      vertex -1.45291 1.87759 2.65
    endloop
  endfacet
  facet normal 0 0 1
    outer loop
      vertex -1.07199 1.30469 2.65
      vertex -1.57375 1.64568 2.65
      vertex -1.25484 1.13979 2.65
    endloop
  endfacet
  facet normal -0 0 1
    outer loop
      vertex -1.68823 1.3708 2.65
      vertex -1.25484 1.13979 2.65
      vertex -1.57375 1.64568 2.65
    endloop
  endfacet
  facet normal 0 0 1
    outer loop
      vertex -1.25484 1.13979 2.65
      vertex -1.68823 1.3708 2.65
      vertex -1.41182 0.927765 2.65
    endloop
  endfacet
  facet normal -0 0 1
    outer loop
      vertex -1.79639 1.05295 2.65
      vertex -1.41182 0.927765 2.65
      vertex -1.68823 1.3708 2.65
    endloop
  endfacet
  facet normal 0 0 1
    outer loop
      vertex -1.41182 0.927765 2.65
      vertex -1.79639 1.05295 2.65
      vertex -1.54144 0.671814 2.65
    endloop
  endfacet
  facet normal -0 0 1
    outer loop
      vertex -1.82077 1.05295 2.65
      vertex -1.54144 0.671814 2.65
      vertex -1.79639 1.05295 2.65
    endloop
  endfacet
  facet normal 0 0 1
    outer loop
      vertex -1.54144 0.671814 2.65
      vertex -1.82077 1.05295 2.65
      vertex -1.64227 0.375107 2.65
    endloop
  endfacet
  facet normal -0 0 1
    outer loop
      vertex -2.87053 0.863678 2.65
      vertex -1.64227 0.375107 2.65
      vertex -1.82077 1.05295 2.65
    endloop
  endfacet
  facet normal 0 0 1
    outer loop
      vertex -1.64227 0.375107 2.65
      vertex -2.87053 0.863678 2.65
      vertex -1.71429 0.0375977 2.65
    endloop
  endfacet
  facet normal 0 0 1
    outer loop
      vertex -1.71429 0.0375977 2.65
      vertex -2.87053 0.863678 2.65
      vertex -1.75751 -0.340668 2.65
    endloop
  endfacet
  facet normal 0 0 1
    outer loop
      vertex -1.75751 -0.340668 2.65
      vertex -2.87053 0.863678 2.65
      vertex -1.77191 -0.75972 2.65
    endloop
  endfacet
  facet normal -0 0 1
    outer loop
      vertex -2.87199 1.14786 2.65
      vertex -1.82077 1.05295 2.65
      vertex -1.82272 1.17915 2.65
    endloop
  endfacet
  facet normal 0 0 1
    outer loop
      vertex -2.87199 1.14786 2.65
      vertex -1.82272 1.17915 2.65
      vertex -1.82858 1.37714 2.65
    endloop
  endfacet
  facet normal 0 0 1
    outer loop
      vertex -2.87199 1.14786 2.65
      vertex -1.82858 1.37714 2.65
      vertex -1.83833 1.64688 2.65
    endloop
  endfacet
  facet normal 0 0 1
    outer loop
      vertex -2.87199 1.14786 2.65
      vertex -1.83833 1.64688 2.65
      vertex -1.85199 1.9884 2.65
    endloop
  endfacet
  facet normal -0 0 1
    outer loop
      vertex -2.89392 2.07066 2.65
      vertex -1.85199 1.9884 2.65
      vertex -1.86955 2.40169 2.65
    endloop
  endfacet
  facet normal 0 0 1
    outer loop
      vertex -2.87053 -4.20187 2.65
      vertex -1.77191 -0.75972 2.65
      vertex -2.87053 0.863678 2.65
    endloop
  endfacet
  facet normal 0 0 1
    outer loop
      vertex -1.77191 -0.75972 2.65
      vertex -2.87053 -4.20187 2.65
      vertex -1.77191 -4.20187 2.65
    endloop
  endfacet
  facet normal 0 1 -0
    outer loop
      vertex 10.0423 -3.26811 2
      vertex 5.55647 -3.26811 2.65
      vertex 10.0423 -3.26811 2.65
    endloop
  endfacet
  facet normal 0 1 0
    outer loop
      vertex 5.55647 -3.26811 2.65
      vertex 10.0423 -3.26811 2
      vertex 5.55647 -3.26811 2
    endloop
  endfacet
  facet normal 0.901841 -0.432069 0
    outer loop
      vertex 5.55647 -3.26811 2.65
      vertex 5.63898 -3.09589 2
      vertex 5.63898 -3.09589 2.65
    endloop
  endfacet
  facet normal 0.901841 -0.432069 0
    outer loop
      vertex 5.63898 -3.09589 2
      vertex 5.55647 -3.26811 2.65
      vertex 5.55647 -3.26811 2
    endloop
  endfacet
  facet normal 0.865888 -0.500238 0
    outer loop
      vertex 5.63898 -3.09589 2.65
      vertex 5.74004 -2.92096 2
      vertex 5.74004 -2.92096 2.65
    endloop
  endfacet
  facet normal 0.865888 -0.500238 0
    outer loop
      vertex 5.74004 -2.92096 2
      vertex 5.63898 -3.09589 2.65
      vertex 5.63898 -3.09589 2
    endloop
  endfacet
  facet normal 0.829476 -0.558542 0
    outer loop
      vertex 5.74004 -2.92096 2.65
      vertex 5.85963 -2.74336 2
      vertex 5.85963 -2.74336 2.65
    endloop
  endfacet
  facet normal 0.829476 -0.558542 0
    outer loop
      vertex 5.85963 -2.74336 2
      vertex 5.74004 -2.92096 2.65
      vertex 5.74004 -2.92096 2
    endloop
  endfacet
  facet normal 0.793734 -0.608265 0
    outer loop
      vertex 5.85963 -2.74336 2.65
      vertex 5.9978 -2.56306 2
      vertex 5.9978 -2.56306 2.65
    endloop
  endfacet
  facet normal 0.793734 -0.608265 0
    outer loop
      vertex 5.9978 -2.56306 2
      vertex 5.85963 -2.74336 2.65
      vertex 5.85963 -2.74336 2
    endloop
  endfacet
  facet normal 0.759482 -0.650528 0
    outer loop
      vertex 5.9978 -2.56306 2.65
      vertex 6.15453 -2.38008 2
      vertex 6.15453 -2.38008 2.65
    endloop
  endfacet
  facet normal 0.759482 -0.650528 0
    outer loop
      vertex 6.15453 -2.38008 2
      vertex 5.9978 -2.56306 2.65
      vertex 5.9978 -2.56306 2
    endloop
  endfacet
  facet normal 0.728686 -0.684848 0
    outer loop
      vertex 6.15453 -2.38008 2.65
      vertex 6.332 -2.19125 2
      vertex 6.332 -2.19125 2.65
    endloop
  endfacet
  facet normal 0.728686 -0.684848 0
    outer loop
      vertex 6.332 -2.19125 2
      vertex 6.15453 -2.38008 2.65
      vertex 6.15453 -2.38008 2
    endloop
  endfacet
  facet normal 0.702547 -0.711637 0
    outer loop
      vertex 6.332 -2.19125 2
      vertex 6.53242 -1.99339 2.65
      vertex 6.332 -2.19125 2.65
    endloop
  endfacet
  facet normal 0.702547 -0.711637 0
    outer loop
      vertex 6.53242 -1.99339 2.65
      vertex 6.332 -2.19125 2
      vertex 6.53242 -1.99339 2
    endloop
  endfacet
  facet normal 0.679508 -0.733668 0
    outer loop
      vertex 6.53242 -1.99339 2
      vertex 6.7558 -1.7865 2.65
      vertex 6.53242 -1.99339 2.65
    endloop
  endfacet
  facet normal 0.679508 -0.733668 0
    outer loop
      vertex 6.7558 -1.7865 2.65
      vertex 6.53242 -1.99339 2
      vertex 6.7558 -1.7865 2
    endloop
  endfacet
  facet normal 0.659166 -0.751998 0
    outer loop
      vertex 6.7558 -1.7865 2
      vertex 7.00214 -1.57057 2.65
      vertex 6.7558 -1.7865 2.65
    endloop
  endfacet
  facet normal 0.659166 -0.751998 0
    outer loop
      vertex 7.00214 -1.57057 2.65
      vertex 6.7558 -1.7865 2
      vertex 7.00214 -1.57057 2
    endloop
  endfacet
  facet normal 0.641092 -0.767464 0
    outer loop
      vertex 7.00214 -1.57057 2
      vertex 7.27142 -1.34563 2.65
      vertex 7.00214 -1.57057 2.65
    endloop
  endfacet
  facet normal 0.641092 -0.767464 0
    outer loop
      vertex 7.27142 -1.34563 2.65
      vertex 7.00214 -1.57057 2
      vertex 7.27142 -1.34563 2
    endloop
  endfacet
  facet normal 0.635936 -0.771742 0
    outer loop
      vertex 7.27142 -1.34563 2
      vertex 7.74869 -0.952347 2.65
      vertex 7.27142 -1.34563 2.65
    endloop
  endfacet
  facet normal 0.635936 -0.771742 0
    outer loop
      vertex 7.74869 -0.952347 2.65
      vertex 7.27142 -1.34563 2
      vertex 7.74869 -0.952347 2
    endloop
  endfacet
  facet normal 0.647844 -0.761773 0
    outer loop
      vertex 7.74869 -0.952347 2
      vertex 8.16005 -0.602509 2.65
      vertex 7.74869 -0.952347 2.65
    endloop
  endfacet
  facet normal 0.647844 -0.761773 0
    outer loop
      vertex 8.16005 -0.602509 2.65
      vertex 7.74869 -0.952347 2
      vertex 8.16005 -0.602509 2
    endloop
  endfacet
  facet normal 0.663537 -0.748143 0
    outer loop
      vertex 8.16005 -0.602509 2
      vertex 8.50548 -0.296143 2.65
      vertex 8.16005 -0.602509 2.65
    endloop
  endfacet
  facet normal 0.663537 -0.748143 0
    outer loop
      vertex 8.50548 -0.296143 2.65
      vertex 8.16005 -0.602509 2
      vertex 8.50548 -0.296143 2
    endloop
  endfacet
  facet normal 0.685153 -0.728399 0
    outer loop
      vertex 8.50548 -0.296143 2
      vertex 8.785 -0.0332184 2.65
      vertex 8.50548 -0.296143 2.65
    endloop
  endfacet
  facet normal 0.685153 -0.728399 0
    outer loop
      vertex 8.785 -0.0332184 2.65
      vertex 8.50548 -0.296143 2
      vertex 8.785 -0.0332184 2
    endloop
  endfacet
  facet normal 0.716605 -0.697479 0
    outer loop
      vertex 8.785 -0.0332184 2.65
      vertex 8.99861 0.186249 2
      vertex 8.99861 0.186249 2.65
    endloop
  endfacet
  facet normal 0.716605 -0.697479 0
    outer loop
      vertex 8.99861 0.186249 2
      vertex 8.785 -0.0332184 2.65
      vertex 8.785 -0.0332184 2
    endloop
  endfacet
  facet normal 0.755021 -0.6557 0
    outer loop
      vertex 8.99861 0.186249 2.65
      vertex 9.17035 0.384003 2
      vertex 9.17035 0.384003 2.65
    endloop
  endfacet
  facet normal 0.755021 -0.6557 0
    outer loop
      vertex 9.17035 0.384003 2
      vertex 8.99861 0.186249 2.65
      vertex 8.99861 0.186249 2
    endloop
  endfacet
  facet normal 0.789132 -0.614223 0
    outer loop
      vertex 9.17035 0.384003 2.65
      vertex 9.32426 0.581741 2
      vertex 9.32426 0.581741 2.65
    endloop
  endfacet
  facet normal 0.789132 -0.614223 0
    outer loop
      vertex 9.32426 0.581741 2
      vertex 9.17035 0.384003 2.65
      vertex 9.17035 0.384003 2
    endloop
  endfacet
  facet normal 0.823742 -0.566965 0
    outer loop
      vertex 9.32426 0.581741 2.65
      vertex 9.46037 0.779495 2
      vertex 9.46037 0.779495 2.65
    endloop
  endfacet
  facet normal 0.823742 -0.566965 0
    outer loop
      vertex 9.46037 0.779495 2
      vertex 9.32426 0.581741 2.65
      vertex 9.32426 0.581741 2
    endloop
  endfacet
  facet normal 0.858207 -0.513304 0
    outer loop
      vertex 9.46037 0.779495 2.65
      vertex 9.57864 0.977234 2
      vertex 9.57864 0.977234 2.65
    endloop
  endfacet
  facet normal 0.858207 -0.513304 0
    outer loop
      vertex 9.57864 0.977234 2
      vertex 9.46037 0.779495 2.65
      vertex 9.46037 0.779495 2
    endloop
  endfacet
  facet normal 0.891538 -0.452946 0
    outer loop
      vertex 9.57864 0.977234 2.65
      vertex 9.67911 1.17499 2
      vertex 9.67911 1.17499 2.65
    endloop
  endfacet
  facet normal 0.891538 -0.452946 0
    outer loop
      vertex 9.67911 1.17499 2
      vertex 9.57864 0.977234 2.65
      vertex 9.57864 0.977234 2
    endloop
  endfacet
  facet normal 0.923262 -0.384172 0
    outer loop
      vertex 9.67911 1.17499 2.65
      vertex 9.76149 1.37297 2
      vertex 9.76149 1.37297 2.65
    endloop
  endfacet
  facet normal 0.923262 -0.384172 0
    outer loop
      vertex 9.76149 1.37297 2
      vertex 9.67911 1.17499 2.65
      vertex 9.67911 1.17499 2
    endloop
  endfacet
  facet normal 0.951614 -0.307296 0
    outer loop
      vertex 9.76149 1.37297 2.65
      vertex 9.82558 1.57144 2
      vertex 9.82558 1.57144 2.65
    endloop
  endfacet
  facet normal 0.951614 -0.307296 0
    outer loop
      vertex 9.82558 1.57144 2
      vertex 9.76149 1.37297 2.65
      vertex 9.76149 1.37297 2
    endloop
  endfacet
  facet normal 0.974545 -0.22419 0
    outer loop
      vertex 9.82558 1.57144 2.65
      vertex 9.87135 1.7704 2
      vertex 9.87135 1.7704 2.65
    endloop
  endfacet
  facet normal 0.974545 -0.22419 0
    outer loop
      vertex 9.87135 1.7704 2
      vertex 9.82558 1.57144 2.65
      vertex 9.82558 1.57144 2
    endloop
  endfacet
  facet normal 0.990646 -0.136454 0
    outer loop
      vertex 9.87135 1.7704 2.65
      vertex 9.89882 1.96983 2
      vertex 9.89882 1.96983 2.65
    endloop
  endfacet
  facet normal 0.990646 -0.136454 0
    outer loop
      vertex 9.89882 1.96983 2
      vertex 9.87135 1.7704 2.65
      vertex 9.87135 1.7704 2
    endloop
  endfacet
  facet normal 0.998954 -0.0457204 0
    outer loop
      vertex 9.89882 1.96983 2.65
      vertex 9.90797 2.16975 2
      vertex 9.90797 2.16975 2.65
    endloop
  endfacet
  facet normal 0.998954 -0.0457204 0
    outer loop
      vertex 9.90797 2.16975 2
      vertex 9.89882 1.96983 2.65
      vertex 9.89882 1.96983 2
    endloop
  endfacet
  facet normal 0.997904 0.0647088 0
    outer loop
      vertex 9.90797 2.16975 2.65
      vertex 9.88002 2.60078 2
      vertex 9.88002 2.60078 2.65
    endloop
  endfacet
  facet normal 0.997904 0.0647088 0
    outer loop
      vertex 9.88002 2.60078 2
      vertex 9.90797 2.16975 2.65
      vertex 9.90797 2.16975 2
    endloop
  endfacet
  facet normal 0.977627 0.210344 0
    outer loop
      vertex 9.88002 2.60078 2.65
      vertex 9.79616 2.99054 2
      vertex 9.79616 2.99054 2.65
    endloop
  endfacet
  facet normal 0.977627 0.210344 0
    outer loop
      vertex 9.79616 2.99054 2
      vertex 9.88002 2.60078 2.65
      vertex 9.88002 2.60078 2
    endloop
  endfacet
  facet normal 0.928137 0.37224 0
    outer loop
      vertex 9.79616 2.99054 2.65
      vertex 9.65639 3.33904 2
      vertex 9.65639 3.33904 2.65
    endloop
  endfacet
  facet normal 0.928137 0.37224 0
    outer loop
      vertex 9.65639 3.33904 2
      vertex 9.79616 2.99054 2.65
      vertex 9.79616 2.99054 2
    endloop
  endfacet
  facet normal 0.84345 0.537208 0
    outer loop
      vertex 9.65639 3.33904 2.65
      vertex 9.46071 3.64627 2
      vertex 9.46071 3.64627 2.65
    endloop
  endfacet
  facet normal 0.84345 0.537208 0
    outer loop
      vertex 9.46071 3.64627 2
      vertex 9.65639 3.33904 2.65
      vertex 9.65639 3.33904 2
    endloop
  endfacet
  facet normal 0.726486 0.687182 0
    outer loop
      vertex 9.46071 3.64627 2.65
      vertex 9.20912 3.91225 2
      vertex 9.20912 3.91225 2.65
    endloop
  endfacet
  facet normal 0.726486 0.687182 0
    outer loop
      vertex 9.20912 3.91225 2
      vertex 9.46071 3.64627 2.65
      vertex 9.46071 3.64627 2
    endloop
  endfacet
  facet normal 0.58824 0.808687 -0
    outer loop
      vertex 9.20912 3.91225 2
      vertex 8.90556 4.13306 2.65
      vertex 9.20912 3.91225 2.65
    endloop
  endfacet
  facet normal 0.58824 0.808687 0
    outer loop
      vertex 8.90556 4.13306 2.65
      vertex 9.20912 3.91225 2
      vertex 8.90556 4.13306 2
    endloop
  endfacet
  facet normal 0.438833 0.898569 -0
    outer loop
      vertex 8.90556 4.13306 2
      vertex 8.55392 4.30479 2.65
      vertex 8.90556 4.13306 2.65
    endloop
  endfacet
  facet normal 0.438833 0.898569 0
    outer loop
      vertex 8.55392 4.30479 2.65
      vertex 8.90556 4.13306 2
      vertex 8.55392 4.30479 2
    endloop
  endfacet
  facet normal 0.293365 0.956001 -0
    outer loop
      vertex 8.55392 4.30479 2
      vertex 8.15417 4.42746 2.65
      vertex 8.55392 4.30479 2.65
    endloop
  endfacet
  facet normal 0.293365 0.956001 0
    outer loop
      vertex 8.15417 4.42746 2.65
      vertex 8.55392 4.30479 2
      vertex 8.15417 4.42746 2
    endloop
  endfacet
  facet normal 0.162194 0.986759 -0
    outer loop
      vertex 8.15417 4.42746 2
      vertex 7.70634 4.50107 2.65
      vertex 8.15417 4.42746 2.65
    endloop
  endfacet
  facet normal 0.162194 0.986759 0
    outer loop
      vertex 7.70634 4.50107 2.65
      vertex 8.15417 4.42746 2
      vertex 7.70634 4.50107 2
    endloop
  endfacet
  facet normal 0.0494012 0.998779 -0
    outer loop
      vertex 7.70634 4.50107 2
      vertex 7.2104 4.5256 2.65
      vertex 7.70634 4.50107 2.65
    endloop
  endfacet
  facet normal 0.0494012 0.998779 0
    outer loop
      vertex 7.2104 4.5256 2.65
      vertex 7.70634 4.50107 2
      vertex 7.2104 4.5256 2
    endloop
  endfacet
  facet normal -0.0534511 0.99857 0
    outer loop
      vertex 7.2104 4.5256 2
      vertex 6.754 4.50117 2.65
      vertex 7.2104 4.5256 2.65
    endloop
  endfacet
  facet normal -0.0534511 0.99857 0
    outer loop
      vertex 6.754 4.50117 2.65
      vertex 7.2104 4.5256 2
      vertex 6.754 4.50117 2
    endloop
  endfacet
  facet normal -0.171006 0.98527 0
    outer loop
      vertex 6.754 4.50117 2
      vertex 6.33202 4.42793 2.65
      vertex 6.754 4.50117 2.65
    endloop
  endfacet
  facet normal -0.171006 0.98527 0
    outer loop
      vertex 6.33202 4.42793 2.65
      vertex 6.754 4.50117 2
      vertex 6.33202 4.42793 2
    endloop
  endfacet
  facet normal -0.300421 0.953807 0
    outer loop
      vertex 6.33202 4.42793 2
      vertex 5.94446 4.30586 2.65
      vertex 6.33202 4.42793 2.65
    endloop
  endfacet
  facet normal -0.300421 0.953807 0
    outer loop
      vertex 5.94446 4.30586 2.65
      vertex 6.33202 4.42793 2
      vertex 5.94446 4.30586 2
    endloop
  endfacet
  facet normal -0.435635 0.900123 0
    outer loop
      vertex 5.94446 4.30586 2
      vertex 5.59132 4.13495 2.65
      vertex 5.94446 4.30586 2.65
    endloop
  endfacet
  facet normal -0.435635 0.900123 0
    outer loop
      vertex 5.59132 4.13495 2.65
      vertex 5.94446 4.30586 2
      vertex 5.59132 4.13495 2
    endloop
  endfacet
  facet normal -0.56761 0.823297 0
    outer loop
      vertex 5.59132 4.13495 2
      vertex 5.27261 3.91522 2.65
      vertex 5.59132 4.13495 2.65
    endloop
  endfacet
  facet normal -0.56761 0.823297 0
    outer loop
      vertex 5.27261 3.91522 2.65
      vertex 5.59132 4.13495 2
      vertex 5.27261 3.91522 2
    endloop
  endfacet
  facet normal -0.686743 0.7269 0
    outer loop
      vertex 5.27261 3.91522 2
      vertex 4.99638 3.65425 2.65
      vertex 5.27261 3.91522 2.65
    endloop
  endfacet
  facet normal -0.686743 0.7269 0
    outer loop
      vertex 4.99638 3.65425 2.65
      vertex 5.27261 3.91522 2
      vertex 4.99638 3.65425 2
    endloop
  endfacet
  facet normal -0.793877 0.608078 0
    outer loop
      vertex 4.77069 3.3596 2
      vertex 4.99638 3.65425 2.65
      vertex 4.99638 3.65425 2
    endloop
  endfacet
  facet normal -0.793877 0.608078 0
    outer loop
      vertex 4.99638 3.65425 2.65
      vertex 4.77069 3.3596 2
      vertex 4.77069 3.3596 2.65
    endloop
  endfacet
  facet normal -0.882285 0.470715 0
    outer loop
      vertex 4.59552 3.03127 2
      vertex 4.77069 3.3596 2.65
      vertex 4.77069 3.3596 2
    endloop
  endfacet
  facet normal -0.882285 0.470715 0
    outer loop
      vertex 4.77069 3.3596 2.65
      vertex 4.59552 3.03127 2
      vertex 4.59552 3.03127 2.65
    endloop
  endfacet
  facet normal -0.945545 0.32549 0
    outer loop
      vertex 4.4709 2.66925 2
      vertex 4.59552 3.03127 2.65
      vertex 4.59552 3.03127 2
    endloop
  endfacet
  facet normal -0.945545 0.32549 0
    outer loop
      vertex 4.59552 3.03127 2.65
      vertex 4.4709 2.66925 2
      vertex 4.4709 2.66925 2.65
    endloop
  endfacet
  facet normal -0.982925 0.184007 0
    outer loop
      vertex 4.39682 2.27353 2
      vertex 4.4709 2.66925 2.65
      vertex 4.4709 2.66925 2
    endloop
  endfacet
  facet normal -0.982925 0.184007 0
    outer loop
      vertex 4.4709 2.66925 2.65
      vertex 4.39682 2.27353 2
      vertex 4.39682 2.27353 2.65
    endloop
  endfacet
  facet normal -0.0920195 -0.995757 0
    outer loop
      vertex 4.39682 2.27353 2
      vertex 5.51984 2.16975 2.65
      vertex 4.39682 2.27353 2.65
    endloop
  endfacet
  facet normal -0.0920195 -0.995757 -0
    outer loop
      vertex 5.51984 2.16975 2.65
      vertex 4.39682 2.27353 2
      vertex 5.51984 2.16975 2
    endloop
  endfacet
  facet normal 0.984641 -0.174593 0
    outer loop
      vertex 5.51984 2.16975 2.65
      vertex 5.56657 2.43329 2
      vertex 5.56657 2.43329 2.65
    endloop
  endfacet
  facet normal 0.984641 -0.174593 0
    outer loop
      vertex 5.56657 2.43329 2
      vertex 5.51984 2.16975 2.65
      vertex 5.51984 2.16975 2
    endloop
  endfacet
  facet normal 0.952047 -0.305951 0
    outer loop
      vertex 5.56657 2.43329 2.65
      vertex 5.64334 2.67218 2
      vertex 5.64334 2.67218 2.65
    endloop
  endfacet
  facet normal 0.952047 -0.305951 0
    outer loop
      vertex 5.64334 2.67218 2
      vertex 5.56657 2.43329 2.65
      vertex 5.56657 2.43329 2
    endloop
  endfacet
  facet normal 0.894945 -0.446177 0
    outer loop
      vertex 5.64334 2.67218 2.65
      vertex 5.75014 2.8864 2
      vertex 5.75014 2.8864 2.65
    endloop
  endfacet
  facet normal 0.894945 -0.446177 0
    outer loop
      vertex 5.75014 2.8864 2
      vertex 5.64334 2.67218 2.65
      vertex 5.64334 2.67218 2
    endloop
  endfacet
  facet normal 0.810821 -0.585294 0
    outer loop
      vertex 5.75014 2.8864 2.65
      vertex 5.88696 3.07594 2
      vertex 5.88696 3.07594 2.65
    endloop
  endfacet
  facet normal 0.810821 -0.585294 0
    outer loop
      vertex 5.88696 3.07594 2
      vertex 5.75014 2.8864 2.65
      vertex 5.75014 2.8864 2
    endloop
  endfacet
  facet normal 0.702917 -0.711272 0
    outer loop
      vertex 5.88696 3.07594 2
      vertex 6.05382 3.24084 2.65
      vertex 5.88696 3.07594 2.65
    endloop
  endfacet
  facet normal 0.702917 -0.711272 0
    outer loop
      vertex 6.05382 3.24084 2.65
      vertex 5.88696 3.07594 2
      vertex 6.05382 3.24084 2
    endloop
  endfacet
  facet normal 0.582321 -0.812959 0
    outer loop
      vertex 6.05382 3.24084 2
      vertex 6.24557 3.37819 2.65
      vertex 6.05382 3.24084 2.65
    endloop
  endfacet
  facet normal 0.582321 -0.812959 0
    outer loop
      vertex 6.24557 3.37819 2.65
      vertex 6.05382 3.24084 2
      vertex 6.24557 3.37819 2
    endloop
  endfacet
  facet normal 0.450788 -0.892631 0
    outer loop
      vertex 6.24557 3.37819 2
      vertex 6.45711 3.48502 2.65
      vertex 6.24557 3.37819 2.65
    endloop
  endfacet
  facet normal 0.450788 -0.892631 0
    outer loop
      vertex 6.45711 3.48502 2.65
      vertex 6.24557 3.37819 2
      vertex 6.45711 3.48502 2
    endloop
  endfacet
  facet normal 0.313209 -0.949684 0
    outer loop
      vertex 6.45711 3.48502 2
      vertex 6.68843 3.56131 2.65
      vertex 6.45711 3.48502 2.65
    endloop
  endfacet
  facet normal 0.313209 -0.949684 0
    outer loop
      vertex 6.68843 3.56131 2.65
      vertex 6.45711 3.48502 2
      vertex 6.68843 3.56131 2
    endloop
  endfacet
  facet normal 0.179399 -0.983776 0
    outer loop
      vertex 6.68843 3.56131 2
      vertex 6.93953 3.6071 2.65
      vertex 6.68843 3.56131 2.65
    endloop
  endfacet
  facet normal 0.179399 -0.983776 0
    outer loop
      vertex 6.93953 3.6071 2.65
      vertex 6.68843 3.56131 2
      vertex 6.93953 3.6071 2
    endloop
  endfacet
  facet normal 0.0562478 -0.998417 0
    outer loop
      vertex 6.93953 3.6071 2
      vertex 7.2104 3.62236 2.65
      vertex 6.93953 3.6071 2.65
    endloop
  endfacet
  facet normal 0.0562478 -0.998417 0
    outer loop
      vertex 7.2104 3.62236 2.65
      vertex 6.93953 3.6071 2
      vertex 7.2104 3.62236 2
    endloop
  endfacet
  facet normal -0.0552194 -0.998474 0
    outer loop
      vertex 7.2104 3.62236 2
      vertex 7.49284 3.60674 2.65
      vertex 7.2104 3.62236 2.65
    endloop
  endfacet
  facet normal -0.0552194 -0.998474 -0
    outer loop
      vertex 7.49284 3.60674 2.65
      vertex 7.2104 3.62236 2
      vertex 7.49284 3.60674 2
    endloop
  endfacet
  facet normal -0.179749 -0.983712 0
    outer loop
      vertex 7.49284 3.60674 2
      vertex 7.7494 3.55986 2.65
      vertex 7.49284 3.60674 2.65
    endloop
  endfacet
  facet normal -0.179749 -0.983712 -0
    outer loop
      vertex 7.7494 3.55986 2.65
      vertex 7.49284 3.60674 2
      vertex 7.7494 3.55986 2
    endloop
  endfacet
  facet normal -0.320732 -0.94717 0
    outer loop
      vertex 7.7494 3.55986 2
      vertex 7.9801 3.48174 2.65
      vertex 7.7494 3.55986 2.65
    endloop
  endfacet
  facet normal -0.320732 -0.94717 -0
    outer loop
      vertex 7.9801 3.48174 2.65
      vertex 7.7494 3.55986 2
      vertex 7.9801 3.48174 2
    endloop
  endfacet
  facet normal -0.471017 -0.882124 0
    outer loop
      vertex 7.9801 3.48174 2
      vertex 8.18491 3.37238 2.65
      vertex 7.9801 3.48174 2.65
    endloop
  endfacet
  facet normal -0.471017 -0.882124 -0
    outer loop
      vertex 8.18491 3.37238 2.65
      vertex 7.9801 3.48174 2
      vertex 8.18491 3.37238 2
    endloop
  endfacet
  facet normal -0.617915 -0.786245 0
    outer loop
      vertex 8.18491 3.37238 2
      vertex 8.36385 3.23175 2.65
      vertex 8.18491 3.37238 2.65
    endloop
  endfacet
  facet normal -0.617915 -0.786245 -0
    outer loop
      vertex 8.36385 3.23175 2.65
      vertex 8.18491 3.37238 2
      vertex 8.36385 3.23175 2
    endloop
  endfacet
  facet normal -0.749014 -0.662554 0
    outer loop
      vertex 8.51328 3.06282 2
      vertex 8.36385 3.23175 2.65
      vertex 8.36385 3.23175 2
    endloop
  endfacet
  facet normal -0.749014 -0.662554 0
    outer loop
      vertex 8.36385 3.23175 2.65
      vertex 8.51328 3.06282 2
      vertex 8.51328 3.06282 2.65
    endloop
  endfacet
  facet normal -0.85826 -0.513216 0
    outer loop
      vertex 8.62949 2.86848 2
      vertex 8.51328 3.06282 2.65
      vertex 8.51328 3.06282 2
    endloop
  endfacet
  facet normal -0.85826 -0.513216 0
    outer loop
      vertex 8.51328 3.06282 2.65
      vertex 8.62949 2.86848 2
      vertex 8.62949 2.86848 2.65
    endloop
  endfacet
  facet normal -0.935451 -0.353455 0
    outer loop
      vertex 8.71251 2.64876 2
      vertex 8.62949 2.86848 2.65
      vertex 8.62949 2.86848 2
    endloop
  endfacet
  facet normal -0.935451 -0.353455 0
    outer loop
      vertex 8.62949 2.86848 2.65
      vertex 8.71251 2.64876 2
      vertex 8.71251 2.64876 2.65
    endloop
  endfacet
  facet normal -0.97998 -0.199098 0
    outer loop
      vertex 8.76231 2.40364 2
      vertex 8.71251 2.64876 2.65
      vertex 8.71251 2.64876 2
    endloop
  endfacet
  facet normal -0.97998 -0.199098 0
    outer loop
      vertex 8.71251 2.64876 2.65
      vertex 8.76231 2.40364 2
      vertex 8.76231 2.40364 2.65
    endloop
  endfacet
  facet normal -0.99812 -0.0612871 0
    outer loop
      vertex 8.77892 2.13313 2
      vertex 8.76231 2.40364 2.65
      vertex 8.76231 2.40364 2
    endloop
  endfacet
  facet normal -0.99812 -0.0612871 0
    outer loop
      vertex 8.76231 2.40364 2.65
      vertex 8.77892 2.13313 2
      vertex 8.77892 2.13313 2.65
    endloop
  endfacet
  facet normal -0.9989 0.0469001 0
    outer loop
      vertex 8.76927 1.9276 2
      vertex 8.77892 2.13313 2.65
      vertex 8.77892 2.13313 2
    endloop
  endfacet
  facet normal -0.9989 0.0469001 0
    outer loop
      vertex 8.77892 2.13313 2.65
      vertex 8.76927 1.9276 2
      vertex 8.76927 1.9276 2.65
    endloop
  endfacet
  facet normal -0.989362 0.145475 0
    outer loop
      vertex 8.74034 1.73085 2
      vertex 8.76927 1.9276 2.65
      vertex 8.76927 1.9276 2
    endloop
  endfacet
  facet normal -0.989362 0.145475 0
    outer loop
      vertex 8.76927 1.9276 2.65
      vertex 8.74034 1.73085 2
      vertex 8.74034 1.73085 2.65
    endloop
  endfacet
  facet normal -0.968636 0.248484 0
    outer loop
      vertex 8.69212 1.54288 2
      vertex 8.74034 1.73085 2.65
      vertex 8.74034 1.73085 2
    endloop
  endfacet
  facet normal -0.968636 0.248484 0
    outer loop
      vertex 8.74034 1.73085 2.65
      vertex 8.69212 1.54288 2
      vertex 8.69212 1.54288 2.65
    endloop
  endfacet
  facet normal -0.935813 0.352497 0
    outer loop
      vertex 8.62462 1.36368 2
      vertex 8.69212 1.54288 2.65
      vertex 8.69212 1.54288 2
    endloop
  endfacet
  facet normal -0.935813 0.352497 0
    outer loop
      vertex 8.69212 1.54288 2.65
      vertex 8.62462 1.36368 2
      vertex 8.62462 1.36368 2.65
    endloop
  endfacet
  facet normal -0.891067 0.453873 0
    outer loop
      vertex 8.53781 1.19325 2
      vertex 8.62462 1.36368 2.65
      vertex 8.62462 1.36368 2
    endloop
  endfacet
  facet normal -0.891067 0.453873 0
    outer loop
      vertex 8.62462 1.36368 2.65
      vertex 8.53781 1.19325 2
      vertex 8.53781 1.19325 2.65
    endloop
  endfacet
  facet normal -0.848951 0.528472 0
    outer loop
      vertex 8.43539 1.02872 2
      vertex 8.53781 1.19325 2.65
      vertex 8.53781 1.19325 2
    endloop
  endfacet
  facet normal -0.848951 0.528472 0
    outer loop
      vertex 8.53781 1.19325 2.65
      vertex 8.43539 1.02872 2
      vertex 8.43539 1.02872 2.65
    endloop
  endfacet
  facet normal -0.816222 0.577738 0
    outer loop
      vertex 8.321 0.867111 2
      vertex 8.43539 1.02872 2.65
      vertex 8.43539 1.02872 2
    endloop
  endfacet
  facet normal -0.816222 0.577738 0
    outer loop
      vertex 8.43539 1.02872 2.65
      vertex 8.321 0.867111 2
      vertex 8.321 0.867111 2.65
    endloop
  endfacet
  facet normal -0.78234 0.622851 0
    outer loop
      vertex 8.19466 0.70842 2
      vertex 8.321 0.867111 2.65
      vertex 8.321 0.867111 2
    endloop
  endfacet
  facet normal -0.78234 0.622851 0
    outer loop
      vertex 8.321 0.867111 2.65
      vertex 8.19466 0.70842 2
      vertex 8.19466 0.70842 2.65
    endloop
  endfacet
  facet normal -0.747803 0.663921 0
    outer loop
      vertex 8.05637 0.552658 2
      vertex 8.19466 0.70842 2.65
      vertex 8.19466 0.70842 2
    endloop
  endfacet
  facet normal -0.747803 0.663921 0
    outer loop
      vertex 8.19466 0.70842 2.65
      vertex 8.05637 0.552658 2
      vertex 8.05637 0.552658 2.65
    endloop
  endfacet
  facet normal -0.713093 0.70107 0
    outer loop
      vertex 7.9061 0.399811 2
      vertex 8.05637 0.552658 2.65
      vertex 8.05637 0.552658 2
    endloop
  endfacet
  facet normal -0.713093 0.70107 0
    outer loop
      vertex 8.05637 0.552658 2.65
      vertex 7.9061 0.399811 2
      vertex 7.9061 0.399811 2.65
    endloop
  endfacet
  facet normal -0.68712 0.726544 0
    outer loop
      vertex 7.9061 0.399811 2
      vertex 7.74608 0.248474 2.65
      vertex 7.9061 0.399811 2.65
    endloop
  endfacet
  facet normal -0.68712 0.726544 0
    outer loop
      vertex 7.74608 0.248474 2.65
      vertex 7.9061 0.399811 2
      vertex 7.74608 0.248474 2
    endloop
  endfacet
  facet normal -0.670238 0.742146 0
    outer loop
      vertex 7.74608 0.248474 2
      vertex 7.57849 0.0971222 2.65
      vertex 7.74608 0.248474 2.65
    endloop
  endfacet
  facet normal -0.670238 0.742146 0
    outer loop
      vertex 7.57849 0.0971222 2.65
      vertex 7.74608 0.248474 2
      vertex 7.57849 0.0971222 2
    endloop
  endfacet
  facet normal -0.653757 0.756704 0
    outer loop
      vertex 7.57849 0.0971222 2
      vertex 7.40334 -0.0541992 2.65
      vertex 7.57849 0.0971222 2.65
    endloop
  endfacet
  facet normal -0.653757 0.756704 0
    outer loop
      vertex 7.40334 -0.0541992 2.65
      vertex 7.57849 0.0971222 2
      vertex 7.40334 -0.0541992 2
    endloop
  endfacet
  facet normal -0.637848 0.770162 0
    outer loop
      vertex 7.40334 -0.0541992 2
      vertex 7.22061 -0.205536 2.65
      vertex 7.40334 -0.0541992 2.65
    endloop
  endfacet
  facet normal -0.637848 0.770162 0
    outer loop
      vertex 7.22061 -0.205536 2.65
      vertex 7.40334 -0.0541992 2
      vertex 7.22061 -0.205536 2
    endloop
  endfacet
  facet normal -0.622486 0.782631 0
    outer loop
      vertex 7.22061 -0.205536 2
      vertex 7.03032 -0.356888 2.65
      vertex 7.22061 -0.205536 2.65
    endloop
  endfacet
  facet normal -0.622486 0.782631 0
    outer loop
      vertex 7.03032 -0.356888 2.65
      vertex 7.22061 -0.205536 2
      vertex 7.03032 -0.356888 2
    endloop
  endfacet
  facet normal -0.620622 0.78411 0
    outer loop
      vertex 7.03032 -0.356888 2
      vertex 6.83586 -0.510803 2.65
      vertex 7.03032 -0.356888 2.65
    endloop
  endfacet
  facet normal -0.620622 0.78411 0
    outer loop
      vertex 6.83586 -0.510803 2.65
      vertex 7.03032 -0.356888 2
      vertex 6.83586 -0.510803 2
    endloop
  endfacet
  facet normal -0.63171 0.775205 0
    outer loop
      vertex 6.83586 -0.510803 2
      vertex 6.64069 -0.669846 2.65
      vertex 6.83586 -0.510803 2.65
    endloop
  endfacet
  facet normal -0.63171 0.775205 0
    outer loop
      vertex 6.64069 -0.669846 2.65
      vertex 6.83586 -0.510803 2
      vertex 6.64069 -0.669846 2
    endloop
  endfacet
  facet normal -0.642285 0.766466 0
    outer loop
      vertex 6.64069 -0.669846 2
      vertex 6.44478 -0.834015 2.65
      vertex 6.64069 -0.669846 2.65
    endloop
  endfacet
  facet normal -0.642285 0.766466 0
    outer loop
      vertex 6.44478 -0.834015 2.65
      vertex 6.64069 -0.669846 2
      vertex 6.44478 -0.834015 2
    endloop
  endfacet
  facet normal -0.652492 0.757795 0
    outer loop
      vertex 6.44478 -0.834015 2
      vertex 6.24814 -1.00333 2.65
      vertex 6.44478 -0.834015 2.65
    endloop
  endfacet
  facet normal -0.652492 0.757795 0
    outer loop
      vertex 6.24814 -1.00333 2.65
      vertex 6.44478 -0.834015 2
      vertex 6.24814 -1.00333 2
    endloop
  endfacet
  facet normal -0.662224 0.749306 0
    outer loop
      vertex 6.24814 -1.00333 2
      vertex 6.05075 -1.17778 2.65
      vertex 6.24814 -1.00333 2.65
    endloop
  endfacet
  facet normal -0.662224 0.749306 0
    outer loop
      vertex 6.05075 -1.17778 2.65
      vertex 6.24814 -1.00333 2
      vertex 6.05075 -1.17778 2
    endloop
  endfacet
  facet normal -0.678884 0.734246 0
    outer loop
      vertex 6.05075 -1.17778 2
      vertex 5.85486 -1.3589 2.65
      vertex 6.05075 -1.17778 2.65
    endloop
  endfacet
  facet normal -0.678884 0.734246 0
    outer loop
      vertex 5.85486 -1.3589 2.65
      vertex 6.05075 -1.17778 2
      vertex 5.85486 -1.3589 2
    endloop
  endfacet
  facet normal -0.701919 0.712257 0
    outer loop
      vertex 5.85486 -1.3589 2
      vertex 5.66263 -1.54834 2.65
      vertex 5.85486 -1.3589 2.65
    endloop
  endfacet
  facet normal -0.701919 0.712257 0
    outer loop
      vertex 5.66263 -1.54834 2.65
      vertex 5.85486 -1.3589 2
      vertex 5.66263 -1.54834 2
    endloop
  endfacet
  facet normal -0.723669 0.690148 0
    outer loop
      vertex 5.47404 -1.74609 2
      vertex 5.66263 -1.54834 2.65
      vertex 5.66263 -1.54834 2
    endloop
  endfacet
  facet normal -0.723669 0.690148 0
    outer loop
      vertex 5.66263 -1.54834 2.65
      vertex 5.47404 -1.74609 2
      vertex 5.47404 -1.74609 2.65
    endloop
  endfacet
  facet normal -0.744234 0.667918 0
    outer loop
      vertex 5.28911 -1.95215 2
      vertex 5.47404 -1.74609 2.65
      vertex 5.47404 -1.74609 2
    endloop
  endfacet
  facet normal -0.744234 0.667918 0
    outer loop
      vertex 5.47404 -1.74609 2.65
      vertex 5.28911 -1.95215 2
      vertex 5.28911 -1.95215 2.65
    endloop
  endfacet
  facet normal -0.763562 0.645735 0
    outer loop
      vertex 5.10782 -2.16652 2
      vertex 5.28911 -1.95215 2.65
      vertex 5.28911 -1.95215 2
    endloop
  endfacet
  facet normal -0.763562 0.645735 0
    outer loop
      vertex 5.28911 -1.95215 2.65
      vertex 5.10782 -2.16652 2
      vertex 5.10782 -2.16652 2.65
    endloop
  endfacet
  facet normal -0.791439 0.611248 0
    outer loop
      vertex 4.9339 -2.39171 2
      vertex 5.10782 -2.16652 2.65
      vertex 5.10782 -2.16652 2
    endloop
  endfacet
  facet normal -0.791439 0.611248 0
    outer loop
      vertex 5.10782 -2.16652 2.65
      vertex 4.9339 -2.39171 2
      vertex 4.9339 -2.39171 2.65
    endloop
  endfacet
  facet normal -0.825828 0.563922 0
    outer loop
      vertex 4.77095 -2.63034 2
      vertex 4.9339 -2.39171 2.65
      vertex 4.9339 -2.39171 2
    endloop
  endfacet
  facet normal -0.825828 0.563922 0
    outer loop
      vertex 4.9339 -2.39171 2.65
      vertex 4.77095 -2.63034 2
      vertex 4.77095 -2.63034 2.65
    endloop
  endfacet
  facet normal -0.856406 0.516303 0
    outer loop
      vertex 4.61899 -2.8824 2
      vertex 4.77095 -2.63034 2.65
      vertex 4.77095 -2.63034 2
    endloop
  endfacet
  facet normal -0.856406 0.516303 0
    outer loop
      vertex 4.77095 -2.63034 2.65
      vertex 4.61899 -2.8824 2
      vertex 4.61899 -2.8824 2.65
    endloop
  endfacet
  facet normal -0.883213 0.468971 0
    outer loop
      vertex 4.47803 -3.14787 2
      vertex 4.61899 -2.8824 2.65
      vertex 4.61899 -2.8824 2
    endloop
  endfacet
  facet normal -0.883213 0.468971 0
    outer loop
      vertex 4.61899 -2.8824 2.65
      vertex 4.47803 -3.14787 2
      vertex 4.47803 -3.14787 2.65
    endloop
  endfacet
  facet normal -0.906398 0.422425 0
    outer loop
      vertex 4.34804 -3.42679 2
      vertex 4.47803 -3.14787 2.65
      vertex 4.47803 -3.14787 2
    endloop
  endfacet
  facet normal -0.906398 0.422425 0
    outer loop
      vertex 4.47803 -3.14787 2.65
      vertex 4.34804 -3.42679 2
      vertex 4.34804 -3.42679 2.65
    endloop
  endfacet
  facet normal -1 0 0
    outer loop
      vertex 4.34804 -4.20187 2
      vertex 4.34804 -3.42679 2.65
      vertex 4.34804 -3.42679 2
    endloop
  endfacet
  facet normal -1 -0 0
    outer loop
      vertex 4.34804 -3.42679 2.65
      vertex 4.34804 -4.20187 2
      vertex 4.34804 -4.20187 2.65
    endloop
  endfacet
  facet normal 0 -1 0
    outer loop
      vertex 4.34804 -4.20187 2
      vertex 10.0423 -4.20187 2.65
      vertex 4.34804 -4.20187 2.65
    endloop
  endfacet
  facet normal 0 -1 -0
    outer loop
      vertex 10.0423 -4.20187 2.65
      vertex 4.34804 -4.20187 2
      vertex 10.0423 -4.20187 2
    endloop
  endfacet
  facet normal 1 -0 0
    outer loop
      vertex 10.0423 -4.20187 2.65
      vertex 10.0423 -3.26811 2
      vertex 10.0423 -3.26811 2.65
    endloop
  endfacet
  facet normal 1 0 0
    outer loop
      vertex 10.0423 -3.26811 2
      vertex 10.0423 -4.20187 2.65
      vertex 10.0423 -4.20187 2
    endloop
  endfacet
  facet normal 0.259781 -0.965668 0
    outer loop
      vertex 14.5331 -4.2785 2
      vertex 15.0395 -4.14227 2.65
      vertex 14.5331 -4.2785 2.65
    endloop
  endfacet
  facet normal 0.259781 -0.965668 0
    outer loop
      vertex 15.0395 -4.14227 2.65
      vertex 14.5331 -4.2785 2
      vertex 15.0395 -4.14227 2
    endloop
  endfacet
  facet normal 0.451536 -0.892253 0
    outer loop
      vertex 15.0395 -4.14227 2
      vertex 15.4881 -3.91525 2.65
      vertex 15.0395 -4.14227 2.65
    endloop
  endfacet
  facet normal 0.451536 -0.892253 0
    outer loop
      vertex 15.4881 -3.91525 2.65
      vertex 15.0395 -4.14227 2
      vertex 15.4881 -3.91525 2
    endloop
  endfacet
  facet normal 0.631078 -0.775719 0
    outer loop
      vertex 15.4881 -3.91525 2
      vertex 15.8788 -3.5974 2.65
      vertex 15.4881 -3.91525 2.65
    endloop
  endfacet
  facet normal 0.631078 -0.775719 0
    outer loop
      vertex 15.8788 -3.5974 2.65
      vertex 15.4881 -3.91525 2
      vertex 15.8788 -3.5974 2
    endloop
  endfacet
  facet normal 0.775404 -0.631465 0
    outer loop
      vertex 15.8788 -3.5974 2.65
      vertex 16.2116 -3.18874 2
      vertex 16.2116 -3.18874 2.65
    endloop
  endfacet
  facet normal 0.775404 -0.631465 0
    outer loop
      vertex 16.2116 -3.18874 2
      vertex 15.8788 -3.5974 2.65
      vertex 15.8788 -3.5974 2
    endloop
  endfacet
  facet normal 0.875144 -0.483863 0
    outer loop
      vertex 16.2116 -3.18874 2.65
      vertex 16.4852 -2.69389 2
      vertex 16.4852 -2.69389 2.65
    endloop
  endfacet
  facet normal 0.875144 -0.483863 0
    outer loop
      vertex 16.4852 -2.69389 2
      vertex 16.2116 -3.18874 2.65
      vertex 16.2116 -3.18874 2
    endloop
  endfacet
  facet normal 0.938157 -0.346211 0
    outer loop
      vertex 16.4852 -2.69389 2.65
      vertex 16.6979 -2.11752 2
      vertex 16.6979 -2.11752 2.65
    endloop
  endfacet
  facet normal 0.938157 -0.346211 0
    outer loop
      vertex 16.6979 -2.11752 2
      vertex 16.4852 -2.69389 2.65
      vertex 16.4852 -2.69389 2
    endloop
  endfacet
  facet normal 0.974335 -0.225105 0
    outer loop
      vertex 16.6979 -2.11752 2.65
      vertex 16.8499 -1.45961 2
      vertex 16.8499 -1.45961 2.65
    endloop
  endfacet
  facet normal 0.974335 -0.225105 0
    outer loop
      vertex 16.8499 -1.45961 2
      vertex 16.6979 -2.11752 2.65
      vertex 16.6979 -2.11752 2
    endloop
  endfacet
  facet normal 0.99248 -0.122404 0
    outer loop
      vertex 16.8499 -1.45961 2.65
      vertex 16.9411 -0.720139 2
      vertex 16.9411 -0.720139 2.65
    endloop
  endfacet
  facet normal 0.99248 -0.122404 0
    outer loop
      vertex 16.9411 -0.720139 2
      vertex 16.8499 -1.45961 2.65
      vertex 16.8499 -1.45961 2
    endloop
  endfacet
  facet normal 0.999315 -0.0370041 0
    outer loop
      vertex 16.9411 -0.720139 2.65
      vertex 16.9715 0.10083 2
      vertex 16.9715 0.10083 2.65
    endloop
  endfacet
  facet normal 0.999315 -0.0370041 0
    outer loop
      vertex 16.9715 0.10083 2
      vertex 16.9411 -0.720139 2.65
      vertex 16.9411 -0.720139 2
    endloop
  endfacet
  facet normal 0.999399 0.0346543 0
    outer loop
      vertex 16.9715 0.10083 2.65
      vertex 16.9426 0.93428 2
      vertex 16.9426 0.93428 2.65
    endloop
  endfacet
  facet normal 0.999399 0.0346543 0
    outer loop
      vertex 16.9426 0.93428 2
      vertex 16.9715 0.10083 2.65
      vertex 16.9715 0.10083 2
    endloop
  endfacet
  facet normal 0.993326 0.115344 0
    outer loop
      vertex 16.9426 0.93428 2.65
      vertex 16.8558 1.68179 2
      vertex 16.8558 1.68179 2.65
    endloop
  endfacet
  facet normal 0.993326 0.115344 0
    outer loop
      vertex 16.8558 1.68179 2
      vertex 16.9426 0.93428 2.65
      vertex 16.9426 0.93428 2
    endloop
  endfacet
  facet normal 0.976906 0.213668 0
    outer loop
      vertex 16.8558 1.68179 2.65
      vertex 16.7111 2.34337 2
      vertex 16.7111 2.34337 2.65
    endloop
  endfacet
  facet normal 0.976906 0.213668 0
    outer loop
      vertex 16.7111 2.34337 2
      vertex 16.8558 1.68179 2.65
      vertex 16.8558 1.68179 2
    endloop
  endfacet
  facet normal 0.943333 0.331848 0
    outer loop
      vertex 16.7111 2.34337 2.65
      vertex 16.5086 2.91901 2
      vertex 16.5086 2.91901 2.65
    endloop
  endfacet
  facet normal 0.943333 0.331848 0
    outer loop
      vertex 16.5086 2.91901 2
      vertex 16.7111 2.34337 2.65
      vertex 16.7111 2.34337 2
    endloop
  endfacet
  facet normal 0.882998 0.469377 0
    outer loop
      vertex 16.5086 2.91901 2.65
      vertex 16.2483 3.40869 2
      vertex 16.2483 3.40869 2.65
    endloop
  endfacet
  facet normal 0.882998 0.469377 0
    outer loop
      vertex 16.2483 3.40869 2
      vertex 16.5086 2.91901 2.65
      vertex 16.5086 2.91901 2
    endloop
  endfacet
  facet normal 0.781316 0.624136 0
    outer loop
      vertex 16.2483 3.40869 2.65
      vertex 15.9271 3.81078 2
      vertex 15.9271 3.81078 2.65
    endloop
  endfacet
  facet normal 0.781316 0.624136 0
    outer loop
      vertex 15.9271 3.81078 2
      vertex 16.2483 3.40869 2.65
      vertex 16.2483 3.40869 2
    endloop
  endfacet
  facet normal 0.630702 0.776025 -0
    outer loop
      vertex 15.9271 3.81078 2
      vertex 15.5423 4.12352 2.65
      vertex 15.9271 3.81078 2.65
    endloop
  endfacet
  facet normal 0.630702 0.776025 0
    outer loop
      vertex 15.5423 4.12352 2.65
      vertex 15.9271 3.81078 2
      vertex 15.5423 4.12352 2
    endloop
  endfacet
  facet normal 0.445728 0.895168 -0
    outer loop
      vertex 15.5423 4.12352 2
      vertex 15.0937 4.34689 2.65
      vertex 15.5423 4.12352 2.65
    endloop
  endfacet
  facet normal 0.445728 0.895168 0
    outer loop
      vertex 15.0937 4.34689 2.65
      vertex 15.5423 4.12352 2
      vertex 15.0937 4.34689 2
    endloop
  endfacet
  facet normal 0.253169 0.967422 -0
    outer loop
      vertex 15.0937 4.34689 2
      vertex 14.5815 4.48093 2.65
      vertex 15.0937 4.34689 2.65
    endloop
  endfacet
  facet normal 0.253169 0.967422 0
    outer loop
      vertex 14.5815 4.48093 2.65
      vertex 15.0937 4.34689 2
      vertex 14.5815 4.48093 2
    endloop
  endfacet
  facet normal 0.0773199 0.997006 -0
    outer loop
      vertex 14.5815 4.48093 2
      vertex 14.0055 4.5256 2.65
      vertex 14.5815 4.48093 2.65
    endloop
  endfacet
  facet normal 0.0773199 0.997006 0
    outer loop
      vertex 14.0055 4.5256 2.65
      vertex 14.5815 4.48093 2
      vertex 14.0055 4.5256 2
    endloop
  endfacet
  facet normal -0.0745133 0.99722 0
    outer loop
      vertex 14.0055 4.5256 2
      vertex 13.4141 4.48141 2.65
      vertex 14.0055 4.5256 2.65
    endloop
  endfacet
  facet normal -0.0745133 0.99722 0
    outer loop
      vertex 13.4141 4.48141 2.65
      vertex 14.0055 4.5256 2
      vertex 13.4141 4.48141 2
    endloop
  endfacet
  facet normal -0.245119 0.969493 0
    outer loop
      vertex 13.4141 4.48141 2
      vertex 12.8898 4.34885 2.65
      vertex 13.4141 4.48141 2.65
    endloop
  endfacet
  facet normal -0.245119 0.969493 0
    outer loop
      vertex 12.8898 4.34885 2.65
      vertex 13.4141 4.48141 2
      vertex 12.8898 4.34885 2
    endloop
  endfacet
  facet normal -0.435182 0.900343 0
    outer loop
      vertex 12.8898 4.34885 2
      vertex 12.4327 4.12791 2.65
      vertex 12.8898 4.34885 2.65
    endloop
  endfacet
  facet normal -0.435182 0.900343 0
    outer loop
      vertex 12.4327 4.12791 2.65
      vertex 12.8898 4.34885 2
      vertex 12.4327 4.12791 2
    endloop
  endfacet
  facet normal -0.62137 0.783518 0
    outer loop
      vertex 12.4327 4.12791 2
      vertex 12.0427 3.81862 2.65
      vertex 12.4327 4.12791 2.65
    endloop
  endfacet
  facet normal -0.62137 0.783518 0
    outer loop
      vertex 12.0427 3.81862 2.65
      vertex 12.4327 4.12791 2
      vertex 12.0427 3.81862 2
    endloop
  endfacet
  facet normal -0.776319 0.63034 0
    outer loop
      vertex 11.7198 3.42094 2
      vertex 12.0427 3.81862 2.65
      vertex 12.0427 3.81862 2
    endloop
  endfacet
  facet normal -0.776319 0.63034 0
    outer loop
      vertex 12.0427 3.81862 2.65
      vertex 11.7198 3.42094 2
      vertex 11.7198 3.42094 2.65
    endloop
  endfacet
  facet normal -0.88164 0.471922 0
    outer loop
      vertex 11.4595 2.93465 2
      vertex 11.7198 3.42094 2.65
      vertex 11.7198 3.42094 2
    endloop
  endfacet
  facet normal -0.88164 0.471922 0
    outer loop
      vertex 11.7198 3.42094 2.65
      vertex 11.4595 2.93465 2
      vertex 11.4595 2.93465 2.65
    endloop
  endfacet
  facet normal -0.943197 0.332235 0
    outer loop
      vertex 11.2569 2.35948 2
      vertex 11.4595 2.93465 2.65
      vertex 11.4595 2.93465 2
    endloop
  endfacet
  facet normal -0.943197 0.332235 0
    outer loop
      vertex 11.4595 2.93465 2.65
      vertex 11.2569 2.35948 2
      vertex 11.2569 2.35948 2.65
    endloop
  endfacet
  facet normal -0.9771 0.212781 0
    outer loop
      vertex 11.1123 1.69547 2
      vertex 11.2569 2.35948 2.65
      vertex 11.2569 2.35948 2
    endloop
  endfacet
  facet normal -0.9771 0.212781 0
    outer loop
      vertex 11.2569 2.35948 2.65
      vertex 11.1123 1.69547 2
      vertex 11.1123 1.69547 2.65
    endloop
  endfacet
  facet normal -0.99342 0.114531 0
    outer loop
      vertex 11.0255 0.942581 2
      vertex 11.1123 1.69547 2.65
      vertex 11.1123 1.69547 2
    endloop
  endfacet
  facet normal -0.99342 0.114531 0
    outer loop
      vertex 11.1123 1.69547 2.65
      vertex 11.0255 0.942581 2
      vertex 11.0255 0.942581 2.65
    endloop
  endfacet
  facet normal -0.999411 0.034313 0
    outer loop
      vertex 10.9966 0.10083 2
      vertex 11.0255 0.942581 2.65
      vertex 11.0255 0.942581 2
    endloop
  endfacet
  facet normal -0.999411 0.034313 0
    outer loop
      vertex 11.0255 0.942581 2.65
      vertex 10.9966 0.10083 2
      vertex 10.9966 0.10083 2.65
    endloop
  endfacet
  facet normal -0.999348 -0.0360918 0
    outer loop
      vertex 11.0264 -0.724304 2
      vertex 10.9966 0.10083 2.65
      vertex 10.9966 0.10083 2
    endloop
  endfacet
  facet normal -0.999348 -0.0360918 0
    outer loop
      vertex 10.9966 0.10083 2.65
      vertex 11.0264 -0.724304 2
      vertex 11.0264 -0.724304 2.65
    endloop
  endfacet
  facet normal -0.992839 -0.119463 0
    outer loop
      vertex 11.1157 -1.46646 2
      vertex 11.0264 -0.724304 2.65
      vertex 11.0264 -0.724304 2
    endloop
  endfacet
  facet normal -0.992839 -0.119463 0
    outer loop
      vertex 11.0264 -0.724304 2.65
      vertex 11.1157 -1.46646 2
      vertex 11.1157 -1.46646 2.65
    endloop
  endfacet
  facet normal -0.975421 -0.220348 0
    outer loop
      vertex 11.2646 -2.1256 2
      vertex 11.1157 -1.46646 2.65
      vertex 11.1157 -1.46646 2
    endloop
  endfacet
  facet normal -0.975421 -0.220348 0
    outer loop
      vertex 11.1157 -1.46646 2.65
      vertex 11.2646 -2.1256 2
      vertex 11.2646 -2.1256 2.65
    endloop
  endfacet
  facet normal -0.940319 -0.340293 0
    outer loop
      vertex 11.4731 -2.70174 2
      vertex 11.2646 -2.1256 2.65
      vertex 11.2646 -2.1256 2
    endloop
  endfacet
  facet normal -0.940319 -0.340293 0
    outer loop
      vertex 11.2646 -2.1256 2.65
      vertex 11.4731 -2.70174 2
      vertex 11.4731 -2.70174 2.65
    endloop
  endfacet
  facet normal -0.87862 -0.477521 0
    outer loop
      vertex 11.7411 -3.19485 2
      vertex 11.4731 -2.70174 2.65
      vertex 11.4731 -2.70174 2
    endloop
  endfacet
  facet normal -0.87862 -0.477521 0
    outer loop
      vertex 11.4731 -2.70174 2.65
      vertex 11.7411 -3.19485 2
      vertex 11.7411 -3.19485 2.65
    endloop
  endfacet
  facet normal -0.778786 -0.62729 0
    outer loop
      vertex 12.0685 -3.60132 2
      vertex 11.7411 -3.19485 2.65
      vertex 11.7411 -3.19485 2
    endloop
  endfacet
  facet normal -0.778786 -0.62729 0
    outer loop
      vertex 11.7411 -3.19485 2.65
      vertex 12.0685 -3.60132 2
      vertex 12.0685 -3.60132 2.65
    endloop
  endfacet
  facet normal -0.633121 -0.774053 0
    outer loop
      vertex 12.0685 -3.60132 2
      vertex 12.455 -3.91745 2.65
      vertex 12.0685 -3.60132 2.65
    endloop
  endfacet
  facet normal -0.633121 -0.774053 -0
    outer loop
      vertex 12.455 -3.91745 2.65
      vertex 12.0685 -3.60132 2
      vertex 12.455 -3.91745 2
    endloop
  endfacet
  facet normal -0.452108 -0.891963 0
    outer loop
      vertex 12.455 -3.91745 2
      vertex 12.9005 -4.14326 2.65
      vertex 12.455 -3.91745 2.65
    endloop
  endfacet
  facet normal -0.452108 -0.891963 -0
    outer loop
      vertex 12.9005 -4.14326 2.65
      vertex 12.455 -3.91745 2
      vertex 12.9005 -4.14326 2
    endloop
  endfacet
  facet normal -0.259324 -0.96579 0
    outer loop
      vertex 12.9005 -4.14326 2
      vertex 13.4051 -4.27875 2.65
      vertex 12.9005 -4.14326 2.65
    endloop
  endfacet
  facet normal -0.259324 -0.96579 -0
    outer loop
      vertex 13.4051 -4.27875 2.65
      vertex 12.9005 -4.14326 2
      vertex 13.4051 -4.27875 2
    endloop
  endfacet
  facet normal -0.0798577 -0.996806 0
    outer loop
      vertex 13.4051 -4.27875 2
      vertex 13.9688 -4.32391 2.65
      vertex 13.4051 -4.27875 2.65
    endloop
  endfacet
  facet normal -0.0798577 -0.996806 -0
    outer loop
      vertex 13.9688 -4.32391 2.65
      vertex 13.4051 -4.27875 2
      vertex 13.9688 -4.32391 2
    endloop
  endfacet
  facet normal 0.0802121 -0.996778 0
    outer loop
      vertex 13.9688 -4.32391 2
      vertex 14.5331 -4.2785 2.65
      vertex 13.9688 -4.32391 2.65
    endloop
  endfacet
  facet normal 0.0802121 -0.996778 0
    outer loop
      vertex 14.5331 -4.2785 2.65
      vertex 13.9688 -4.32391 2
      vertex 14.5331 -4.2785 2
    endloop
  endfacet
  facet normal 0.296996 0.954879 -0
    outer loop
      vertex 13.6115 -3.39285 2
      vertex 13.2842 -3.29105 2.65
      vertex 13.6115 -3.39285 2.65
    endloop
  endfacet
  facet normal 0.296996 0.954879 0
    outer loop
      vertex 13.2842 -3.29105 2.65
      vertex 13.6115 -3.39285 2
      vertex 13.2842 -3.29105 2
    endloop
  endfacet
  facet normal 0.511544 0.859257 -0
    outer loop
      vertex 13.2842 -3.29105 2
      vertex 12.9992 -3.12138 2.65
      vertex 13.2842 -3.29105 2.65
    endloop
  endfacet
  facet normal 0.511544 0.859257 0
    outer loop
      vertex 12.9992 -3.12138 2.65
      vertex 13.2842 -3.29105 2
      vertex 12.9992 -3.12138 2
    endloop
  endfacet
  facet normal 0.699454 0.714678 -0
    outer loop
      vertex 12.9992 -3.12138 2
      vertex 12.7565 -2.88385 2.65
      vertex 12.9992 -3.12138 2.65
    endloop
  endfacet
  facet normal 0.699454 0.714678 0
    outer loop
      vertex 12.7565 -2.88385 2.65
      vertex 12.9992 -3.12138 2
      vertex 12.7565 -2.88385 2
    endloop
  endfacet
  facet normal 0.83582 0.549003 0
    outer loop
      vertex 12.7565 -2.88385 2.65
      vertex 12.5559 -2.57845 2
      vertex 12.5559 -2.57845 2.65
    endloop
  endfacet
  facet normal 0.83582 0.549003 0
    outer loop
      vertex 12.5559 -2.57845 2
      vertex 12.7565 -2.88385 2.65
      vertex 12.7565 -2.88385 2
    endloop
  endfacet
  facet normal 0.919825 0.39233 0
    outer loop
      vertex 12.5559 -2.57845 2.65
      vertex 12.3944 -2.19981 2
      vertex 12.3944 -2.19981 2.65
    endloop
  endfacet
  facet normal 0.919825 0.39233 0
    outer loop
      vertex 12.3944 -2.19981 2
      vertex 12.5559 -2.57845 2.65
      vertex 12.5559 -2.57845 2
    endloop
  endfacet
  facet normal 0.964284 0.264869 0
    outer loop
      vertex 12.3944 -2.19981 2.65
      vertex 12.2688 -1.74255 2
      vertex 12.2688 -1.74255 2.65
    endloop
  endfacet
  facet normal 0.964284 0.264869 0
    outer loop
      vertex 12.2688 -1.74255 2
      vertex 12.3944 -2.19981 2.65
      vertex 12.3944 -2.19981 2
    endloop
  endfacet
  facet normal 0.986277 0.1651 0
    outer loop
      vertex 12.2688 -1.74255 2.65
      vertex 12.1791 -1.2067 2
      vertex 12.1791 -1.2067 2.65
    endloop
  endfacet
  facet normal 0.986277 0.1651 0
    outer loop
      vertex 12.1791 -1.2067 2
      vertex 12.2688 -1.74255 2.65
      vertex 12.2688 -1.74255 2
    endloop
  endfacet
  facet normal 0.996189 0.0872206 0
    outer loop
      vertex 12.1791 -1.2067 2.65
      vertex 12.1253 -0.592224 2
      vertex 12.1253 -0.592224 2.65
    endloop
  endfacet
  facet normal 0.996189 0.0872206 0
    outer loop
      vertex 12.1253 -0.592224 2
      vertex 12.1791 -1.2067 2.65
      vertex 12.1791 -1.2067 2
    endloop
  endfacet
  facet normal 0.999667 0.0258191 0
    outer loop
      vertex 12.1253 -0.592224 2.65
      vertex 12.1074 0.10083 2
      vertex 12.1074 0.10083 2.65
    endloop
  endfacet
  facet normal 0.999667 0.0258191 0
    outer loop
      vertex 12.1074 0.10083 2
      vertex 12.1253 -0.592224 2.65
      vertex 12.1253 -0.592224 2
    endloop
  endfacet
  facet normal 0.999691 -0.0248565 0
    outer loop
      vertex 12.1074 0.10083 2.65
      vertex 12.1251 0.812698 2
      vertex 12.1251 0.812698 2.65
    endloop
  endfacet
  facet normal 0.999691 -0.0248565 0
    outer loop
      vertex 12.1251 0.812698 2
      vertex 12.1074 0.10083 2.65
      vertex 12.1074 0.10083 2
    endloop
  endfacet
  facet normal 0.996445 -0.0842409 0
    outer loop
      vertex 12.1251 0.812698 2.65
      vertex 12.1781 1.43961 2
      vertex 12.1781 1.43961 2.65
    endloop
  endfacet
  facet normal 0.996445 -0.0842409 0
    outer loop
      vertex 12.1781 1.43961 2
      vertex 12.1251 0.812698 2.65
      vertex 12.1251 0.812698 2
    endloop
  endfacet
  facet normal 0.986927 -0.161167 0
    outer loop
      vertex 12.1781 1.43961 2.65
      vertex 12.2666 1.98155 2
      vertex 12.2666 1.98155 2.65
    endloop
  endfacet
  facet normal 0.986927 -0.161167 0
    outer loop
      vertex 12.2666 1.98155 2
      vertex 12.1781 1.43961 2.65
      vertex 12.1781 1.43961 2
    endloop
  endfacet
  facet normal 0.965156 -0.261675 0
    outer loop
      vertex 12.2666 1.98155 2.65
      vertex 12.3905 2.43854 2
      vertex 12.3905 2.43854 2.65
    endloop
  endfacet
  facet normal 0.965156 -0.261675 0
    outer loop
      vertex 12.3905 2.43854 2
      vertex 12.2666 1.98155 2.65
      vertex 12.2666 1.98155 2
    endloop
  endfacet
  facet normal 0.919268 -0.393633 0
    outer loop
      vertex 12.3905 2.43854 2.65
      vertex 12.5498 2.81056 2
      vertex 12.5498 2.81056 2.65
    endloop
  endfacet
  facet normal 0.919268 -0.393633 0
    outer loop
      vertex 12.5498 2.81056 2
      vertex 12.3905 2.43854 2.65
      vertex 12.3905 2.43854 2
    endloop
  endfacet
  facet normal 0.829391 -0.558669 0
    outer loop
      vertex 12.5498 2.81056 2.65
      vertex 12.7496 3.10718 2
      vertex 12.7496 3.10718 2.65
    endloop
  endfacet
  facet normal 0.829391 -0.558669 0
    outer loop
      vertex 12.7496 3.10718 2
      vertex 12.5498 2.81056 2.65
      vertex 12.5498 2.81056 2
    endloop
  endfacet
  facet normal 0.684815 -0.728717 0
    outer loop
      vertex 12.7496 3.10718 2
      vertex 12.9951 3.33789 2.65
      vertex 12.7496 3.10718 2.65
    endloop
  endfacet
  facet normal 0.684815 -0.728717 0
    outer loop
      vertex 12.9951 3.33789 2.65
      vertex 12.7496 3.10718 2
      vertex 12.9951 3.33789 2
    endloop
  endfacet
  facet normal 0.492485 -0.870321 0
    outer loop
      vertex 12.9951 3.33789 2
      vertex 13.2863 3.50267 2.65
      vertex 12.9951 3.33789 2.65
    endloop
  endfacet
  facet normal 0.492485 -0.870321 0
    outer loop
      vertex 13.2863 3.50267 2.65
      vertex 12.9951 3.33789 2
      vertex 13.2863 3.50267 2
    endloop
  endfacet
  facet normal 0.281774 -0.959481 0
    outer loop
      vertex 13.2863 3.50267 2
      vertex 13.623 3.60155 2.65
      vertex 13.2863 3.50267 2.65
    endloop
  endfacet
  facet normal 0.281774 -0.959481 0
    outer loop
      vertex 13.623 3.60155 2.65
      vertex 13.2863 3.50267 2
      vertex 13.623 3.60155 2
    endloop
  endfacet
  facet normal 0.0858518 -0.996308 0
    outer loop
      vertex 13.623 3.60155 2
      vertex 14.0055 3.63451 2.65
      vertex 13.623 3.60155 2.65
    endloop
  endfacet
  facet normal 0.0858518 -0.996308 0
    outer loop
      vertex 14.0055 3.63451 2.65
      vertex 13.623 3.60155 2
      vertex 14.0055 3.63451 2
    endloop
  endfacet
  facet normal -0.0892961 -0.996005 0
    outer loop
      vertex 14.0055 3.63451 2
      vertex 14.3786 3.60106 2.65
      vertex 14.0055 3.63451 2.65
    endloop
  endfacet
  facet normal -0.0892961 -0.996005 -0
    outer loop
      vertex 14.3786 3.60106 2.65
      vertex 14.0055 3.63451 2
      vertex 14.3786 3.60106 2
    endloop
  endfacet
  facet normal -0.29218 -0.956363 0
    outer loop
      vertex 14.3786 3.60106 2
      vertex 14.707 3.50073 2.65
      vertex 14.3786 3.60106 2.65
    endloop
  endfacet
  facet normal -0.29218 -0.956363 -0
    outer loop
      vertex 14.707 3.50073 2.65
      vertex 14.3786 3.60106 2
      vertex 14.707 3.50073 2
    endloop
  endfacet
  facet normal -0.507649 -0.861564 0
    outer loop
      vertex 14.707 3.50073 2
      vertex 14.9908 3.33351 2.65
      vertex 14.707 3.50073 2.65
    endloop
  endfacet
  facet normal -0.507649 -0.861564 -0
    outer loop
      vertex 14.9908 3.33351 2.65
      vertex 14.707 3.50073 2
      vertex 14.9908 3.33351 2
    endloop
  endfacet
  facet normal -0.699611 -0.714523 0
    outer loop
      vertex 14.9908 3.33351 2
      vertex 15.2299 3.0994 2.65
      vertex 14.9908 3.33351 2.65
    endloop
  endfacet
  facet normal -0.699611 -0.714523 -0
    outer loop
      vertex 15.2299 3.0994 2.65
      vertex 14.9908 3.33351 2
      vertex 15.2299 3.0994 2
    endloop
  endfacet
  facet normal -0.839907 -0.542731 0
    outer loop
      vertex 15.4244 2.7984 2
      vertex 15.2299 3.0994 2.65
      vertex 15.2299 3.0994 2
    endloop
  endfacet
  facet normal -0.839907 -0.542731 0
    outer loop
      vertex 15.2299 3.0994 2.65
      vertex 15.4244 2.7984 2
      vertex 15.4244 2.7984 2.65
    endloop
  endfacet
  facet normal -0.924412 -0.381396 0
    outer loop
      vertex 15.5793 2.42296 2
      vertex 15.4244 2.7984 2.65
      vertex 15.4244 2.7984 2
    endloop
  endfacet
  facet normal -0.924412 -0.381396 0
    outer loop
      vertex 15.4244 2.7984 2.65
      vertex 15.5793 2.42296 2
      vertex 15.5793 2.42296 2.65
    endloop
  endfacet
  facet normal -0.967018 -0.254707 0
    outer loop
      vertex 15.6998 1.96547 2
      vertex 15.5793 2.42296 2.65
      vertex 15.5793 2.42296 2
    endloop
  endfacet
  facet normal -0.967018 -0.254707 0
    outer loop
      vertex 15.5793 2.42296 2.65
      vertex 15.6998 1.96547 2
      vertex 15.6998 1.96547 2.65
    endloop
  endfacet
  facet normal -0.987533 -0.157414 0
    outer loop
      vertex 15.7858 1.42595 2
      vertex 15.6998 1.96547 2.65
      vertex 15.6998 1.96547 2
    endloop
  endfacet
  facet normal -0.987533 -0.157414 0
    outer loop
      vertex 15.6998 1.96547 2.65
      vertex 15.7858 1.42595 2
      vertex 15.7858 1.42595 2.65
    endloop
  endfacet
  facet normal -0.996558 -0.0828946 0
    outer loop
      vertex 15.8375 0.804413 2
      vertex 15.7858 1.42595 2.65
      vertex 15.7858 1.42595 2
    endloop
  endfacet
  facet normal -0.996558 -0.0828946 0
    outer loop
      vertex 15.7858 1.42595 2.65
      vertex 15.8375 0.804413 2
      vertex 15.8375 0.804413 2.65
    endloop
  endfacet
  facet normal -0.999701 -0.024439 0
    outer loop
      vertex 15.8547 0.10083 2
      vertex 15.8375 0.804413 2.65
      vertex 15.8375 0.804413 2
    endloop
  endfacet
  facet normal -0.999701 -0.024439 0
    outer loop
      vertex 15.8375 0.804413 2.65
      vertex 15.8547 0.10083 2
      vertex 15.8547 0.10083 2.65
    endloop
  endfacet
  facet normal -0.999647 0.0265847 0
    outer loop
      vertex 15.8366 -0.579773 2
      vertex 15.8547 0.10083 2.65
      vertex 15.8547 0.10083 2
    endloop
  endfacet
  facet normal -0.999647 0.0265847 0
    outer loop
      vertex 15.8547 0.10083 2.65
      vertex 15.8366 -0.579773 2
      vertex 15.8366 -0.579773 2.65
    endloop
  endfacet
  facet normal -0.99603 0.0890226 0
    outer loop
      vertex 15.7824 -1.18619 2
      vertex 15.8366 -0.579773 2.65
      vertex 15.8366 -0.579773 2
    endloop
  endfacet
  facet normal -0.99603 0.0890226 0
    outer loop
      vertex 15.8366 -0.579773 2.65
      vertex 15.7824 -1.18619 2
      vertex 15.7824 -1.18619 2.65
    endloop
  endfacet
  facet normal -0.98591 0.167279 0
    outer loop
      vertex 15.6921 -1.7184 2
      vertex 15.7824 -1.18619 2.65
      vertex 15.7824 -1.18619 2
    endloop
  endfacet
  facet normal -0.98591 0.167279 0
    outer loop
      vertex 15.7824 -1.18619 2.65
      vertex 15.6921 -1.7184 2
      vertex 15.6921 -1.7184 2.65
    endloop
  endfacet
  facet normal -0.963907 0.266238 0
    outer loop
      vertex 15.5656 -2.17639 2
      vertex 15.6921 -1.7184 2.65
      vertex 15.6921 -1.7184 2
    endloop
  endfacet
  facet normal -0.963907 0.266238 0
    outer loop
      vertex 15.6921 -1.7184 2.65
      vertex 15.5656 -2.17639 2
      vertex 15.5656 -2.17639 2.65
    endloop
  endfacet
  facet normal -0.920858 0.389899 0
    outer loop
      vertex 15.4031 -2.56018 2
      vertex 15.5656 -2.17639 2.65
      vertex 15.5656 -2.17639 2
    endloop
  endfacet
  facet normal -0.920858 0.389899 0
    outer loop
      vertex 15.5656 -2.17639 2.65
      vertex 15.4031 -2.56018 2
      vertex 15.4031 -2.56018 2.65
    endloop
  endfacet
  facet normal -0.840146 0.54236 0
    outer loop
      vertex 15.2017 -2.87216 2
      vertex 15.4031 -2.56018 2.65
      vertex 15.4031 -2.56018 2
    endloop
  endfacet
  facet normal -0.840146 0.54236 0
    outer loop
      vertex 15.4031 -2.56018 2.65
      vertex 15.2017 -2.87216 2
      vertex 15.2017 -2.87216 2.65
    endloop
  endfacet
  facet normal -0.706743 0.707471 0
    outer loop
      vertex 15.2017 -2.87216 2
      vertex 14.9588 -3.11481 2.65
      vertex 15.2017 -2.87216 2.65
    endloop
  endfacet
  facet normal -0.706743 0.707471 0
    outer loop
      vertex 14.9588 -3.11481 2.65
      vertex 15.2017 -2.87216 2
      vertex 14.9588 -3.11481 2
    endloop
  endfacet
  facet normal -0.520267 0.854004 0
    outer loop
      vertex 14.9588 -3.11481 2
      vertex 14.6743 -3.28813 2.65
      vertex 14.9588 -3.11481 2.65
    endloop
  endfacet
  facet normal -0.520267 0.854004 0
    outer loop
      vertex 14.6743 -3.28813 2.65
      vertex 14.9588 -3.11481 2
      vertex 14.6743 -3.28813 2
    endloop
  endfacet
  facet normal -0.303985 0.952677 0
    outer loop
      vertex 14.6743 -3.28813 2
      vertex 14.3484 -3.39212 2.65
      vertex 14.6743 -3.28813 2.65
    endloop
  endfacet
  facet normal -0.303985 0.952677 0
    outer loop
      vertex 14.3484 -3.39212 2.65
      vertex 14.6743 -3.28813 2
      vertex 14.3484 -3.39212 2
    endloop
  endfacet
  facet normal -0.0939484 0.995577 0
    outer loop
      vertex 14.3484 -3.39212 2
      vertex 13.981 -3.42679 2.65
      vertex 14.3484 -3.39212 2.65
    endloop
  endfacet
  facet normal -0.0939484 0.995577 0
    outer loop
      vertex 13.981 -3.42679 2.65
      vertex 14.3484 -3.39212 2
      vertex 13.981 -3.42679 2
    endloop
  endfacet
  facet normal 0.0914688 0.995808 -0
    outer loop
      vertex 13.981 -3.42679 2
      vertex 13.6115 -3.39285 2.65
      vertex 13.981 -3.42679 2.65
    endloop
  endfacet
  facet normal 0.0914688 0.995808 0
    outer loop
      vertex 13.6115 -3.39285 2.65
      vertex 13.981 -3.42679 2
      vertex 13.6115 -3.39285 2
    endloop
  endfacet
  facet normal 0.259781 -0.965668 0
    outer loop
      vertex 28.111 -4.2785 2
      vertex 28.6174 -4.14227 2.65
      vertex 28.111 -4.2785 2.65
    endloop
  endfacet
  facet normal 0.259781 -0.965668 0
    outer loop
      vertex 28.6174 -4.14227 2.65
      vertex 28.111 -4.2785 2
      vertex 28.6174 -4.14227 2
    endloop
  endfacet
  facet normal 0.451617 -0.892212 0
    outer loop
      vertex 28.6174 -4.14227 2
      vertex 29.0659 -3.91525 2.65
      vertex 28.6174 -4.14227 2.65
    endloop
  endfacet
  facet normal 0.451617 -0.892212 0
    outer loop
      vertex 29.0659 -3.91525 2.65
      vertex 28.6174 -4.14227 2
      vertex 29.0659 -3.91525 2
    endloop
  endfacet
  facet normal 0.631078 -0.775719 0
    outer loop
      vertex 29.0659 -3.91525 2
      vertex 29.4566 -3.5974 2.65
      vertex 29.0659 -3.91525 2.65
    endloop
  endfacet
  facet normal 0.631078 -0.775719 0
    outer loop
      vertex 29.4566 -3.5974 2.65
      vertex 29.0659 -3.91525 2
      vertex 29.4566 -3.5974 2
    endloop
  endfacet
  facet normal 0.775311 -0.631579 0
    outer loop
      vertex 29.4566 -3.5974 2.65
      vertex 29.7895 -3.18874 2
      vertex 29.7895 -3.18874 2.65
    endloop
  endfacet
  facet normal 0.775311 -0.631579 0
    outer loop
      vertex 29.7895 -3.18874 2
      vertex 29.4566 -3.5974 2.65
      vertex 29.4566 -3.5974 2
    endloop
  endfacet
  facet normal 0.875219 -0.483727 0
    outer loop
      vertex 29.7895 -3.18874 2.65
      vertex 30.063 -2.69389 2
      vertex 30.063 -2.69389 2.65
    endloop
  endfacet
  facet normal 0.875219 -0.483727 0
    outer loop
      vertex 30.063 -2.69389 2
      vertex 29.7895 -3.18874 2.65
      vertex 29.7895 -3.18874 2
    endloop
  endfacet
  facet normal 0.938104 -0.346355 0
    outer loop
      vertex 30.063 -2.69389 2.65
      vertex 30.2758 -2.11752 2
      vertex 30.2758 -2.11752 2.65
    endloop
  endfacet
  facet normal 0.938104 -0.346355 0
    outer loop
      vertex 30.2758 -2.11752 2
      vertex 30.063 -2.69389 2.65
      vertex 30.063 -2.69389 2
    endloop
  endfacet
  facet normal 0.974335 -0.225105 0
    outer loop
      vertex 30.2758 -2.11752 2.65
      vertex 30.4278 -1.45961 2
      vertex 30.4278 -1.45961 2.65
    endloop
  endfacet
  facet normal 0.974335 -0.225105 0
    outer loop
      vertex 30.4278 -1.45961 2
      vertex 30.2758 -2.11752 2.65
      vertex 30.2758 -2.11752 2
    endloop
  endfacet
  facet normal 0.99248 -0.122404 0
    outer loop
      vertex 30.4278 -1.45961 2.65
      vertex 30.519 -0.720139 2
      vertex 30.519 -0.720139 2.65
    endloop
  endfacet
  facet normal 0.99248 -0.122404 0
    outer loop
      vertex 30.519 -0.720139 2
      vertex 30.4278 -1.45961 2.65
      vertex 30.4278 -1.45961 2
    endloop
  endfacet
  facet normal 0.999315 -0.0370041 0
    outer loop
      vertex 30.519 -0.720139 2.65
      vertex 30.5494 0.10083 2
      vertex 30.5494 0.10083 2.65
    endloop
  endfacet
  facet normal 0.999315 -0.0370041 0
    outer loop
      vertex 30.5494 0.10083 2
      vertex 30.519 -0.720139 2.65
      vertex 30.519 -0.720139 2
    endloop
  endfacet
  facet normal 0.999395 0.0347741 0
    outer loop
      vertex 30.5494 0.10083 2.65
      vertex 30.5204 0.93428 2
      vertex 30.5204 0.93428 2.65
    endloop
  endfacet
  facet normal 0.999395 0.0347741 0
    outer loop
      vertex 30.5204 0.93428 2
      vertex 30.5494 0.10083 2.65
      vertex 30.5494 0.10083 2
    endloop
  endfacet
  facet normal 0.993341 0.115213 0
    outer loop
      vertex 30.5204 0.93428 2.65
      vertex 30.4337 1.68179 2
      vertex 30.4337 1.68179 2.65
    endloop
  endfacet
  facet normal 0.993341 0.115213 0
    outer loop
      vertex 30.4337 1.68179 2
      vertex 30.5204 0.93428 2.65
      vertex 30.5204 0.93428 2
    endloop
  endfacet
  facet normal 0.976906 0.213668 0
    outer loop
      vertex 30.4337 1.68179 2.65
      vertex 30.289 2.34337 2
      vertex 30.289 2.34337 2.65
    endloop
  endfacet
  facet normal 0.976906 0.213668 0
    outer loop
      vertex 30.289 2.34337 2
      vertex 30.4337 1.68179 2.65
      vertex 30.4337 1.68179 2
    endloop
  endfacet
  facet normal 0.943333 0.331848 0
    outer loop
      vertex 30.289 2.34337 2.65
      vertex 30.0865 2.91901 2
      vertex 30.0865 2.91901 2.65
    endloop
  endfacet
  facet normal 0.943333 0.331848 0
    outer loop
      vertex 30.0865 2.91901 2
      vertex 30.289 2.34337 2.65
      vertex 30.289 2.34337 2
    endloop
  endfacet
  facet normal 0.882923 0.469517 0
    outer loop
      vertex 30.0865 2.91901 2.65
      vertex 29.8261 3.40869 2
      vertex 29.8261 3.40869 2.65
    endloop
  endfacet
  facet normal 0.882923 0.469517 0
    outer loop
      vertex 29.8261 3.40869 2
      vertex 30.0865 2.91901 2.65
      vertex 30.0865 2.91901 2
    endloop
  endfacet
  facet normal 0.781411 0.624017 0
    outer loop
      vertex 29.8261 3.40869 2.65
      vertex 29.505 3.81078 2
      vertex 29.505 3.81078 2.65
    endloop
  endfacet
  facet normal 0.781411 0.624017 0
    outer loop
      vertex 29.505 3.81078 2
      vertex 29.8261 3.40869 2.65
      vertex 29.8261 3.40869 2
    endloop
  endfacet
  facet normal 0.630702 0.776025 -0
    outer loop
      vertex 29.505 3.81078 2
      vertex 29.1202 4.12352 2.65
      vertex 29.505 3.81078 2.65
    endloop
  endfacet
  facet normal 0.630702 0.776025 0
    outer loop
      vertex 29.1202 4.12352 2.65
      vertex 29.505 3.81078 2
      vertex 29.1202 4.12352 2
    endloop
  endfacet
  facet normal 0.445728 0.895168 -0
    outer loop
      vertex 29.1202 4.12352 2
      vertex 28.6716 4.34689 2.65
      vertex 29.1202 4.12352 2.65
    endloop
  endfacet
  facet normal 0.445728 0.895168 0
    outer loop
      vertex 28.6716 4.34689 2.65
      vertex 29.1202 4.12352 2
      vertex 28.6716 4.34689 2
    endloop
  endfacet
  facet normal 0.253123 0.967434 -0
    outer loop
      vertex 28.6716 4.34689 2
      vertex 28.1593 4.48093 2.65
      vertex 28.6716 4.34689 2.65
    endloop
  endfacet
  facet normal 0.253123 0.967434 0
    outer loop
      vertex 28.1593 4.48093 2.65
      vertex 28.6716 4.34689 2
      vertex 28.1593 4.48093 2
    endloop
  endfacet
  facet normal 0.0773199 0.997006 -0
    outer loop
      vertex 28.1593 4.48093 2
      vertex 27.5833 4.5256 2.65
      vertex 28.1593 4.48093 2.65
    endloop
  endfacet
  facet normal 0.0773199 0.997006 0
    outer loop
      vertex 27.5833 4.5256 2.65
      vertex 28.1593 4.48093 2
      vertex 27.5833 4.5256 2
    endloop
  endfacet
  facet normal -0.0745133 0.99722 0
    outer loop
      vertex 27.5833 4.5256 2
      vertex 26.9919 4.48141 2.65
      vertex 27.5833 4.5256 2.65
    endloop
  endfacet
  facet normal -0.0745133 0.99722 0
    outer loop
      vertex 26.9919 4.48141 2.65
      vertex 27.5833 4.5256 2
      vertex 26.9919 4.48141 2
    endloop
  endfacet
  facet normal -0.245163 0.969482 0
    outer loop
      vertex 26.9919 4.48141 2
      vertex 26.4677 4.34885 2.65
      vertex 26.9919 4.48141 2.65
    endloop
  endfacet
  facet normal -0.245163 0.969482 0
    outer loop
      vertex 26.4677 4.34885 2.65
      vertex 26.9919 4.48141 2
      vertex 26.4677 4.34885 2
    endloop
  endfacet
  facet normal -0.435105 0.90038 0
    outer loop
      vertex 26.4677 4.34885 2
      vertex 26.0105 4.12791 2.65
      vertex 26.4677 4.34885 2.65
    endloop
  endfacet
  facet normal -0.435105 0.90038 0
    outer loop
      vertex 26.0105 4.12791 2.65
      vertex 26.4677 4.34885 2
      vertex 26.0105 4.12791 2
    endloop
  endfacet
  facet normal -0.62137 0.783518 0
    outer loop
      vertex 26.0105 4.12791 2
      vertex 25.6205 3.81862 2.65
      vertex 26.0105 4.12791 2.65
    endloop
  endfacet
  facet normal -0.62137 0.783518 0
    outer loop
      vertex 25.6205 3.81862 2.65
      vertex 26.0105 4.12791 2
      vertex 25.6205 3.81862 2
    endloop
  endfacet
  facet normal -0.776415 0.630222 0
    outer loop
      vertex 25.2977 3.42094 2
      vertex 25.6205 3.81862 2.65
      vertex 25.6205 3.81862 2
    endloop
  endfacet
  facet normal -0.776415 0.630222 0
    outer loop
      vertex 25.6205 3.81862 2.65
      vertex 25.2977 3.42094 2
      vertex 25.2977 3.42094 2.65
    endloop
  endfacet
  facet normal -0.881565 0.472063 0
    outer loop
      vertex 25.0373 2.93465 2
      vertex 25.2977 3.42094 2.65
      vertex 25.2977 3.42094 2
    endloop
  endfacet
  facet normal -0.881565 0.472063 0
    outer loop
      vertex 25.2977 3.42094 2.65
      vertex 25.0373 2.93465 2
      vertex 25.0373 2.93465 2.65
    endloop
  endfacet
  facet normal -0.943248 0.332089 0
    outer loop
      vertex 24.8348 2.35948 2
      vertex 25.0373 2.93465 2.65
      vertex 25.0373 2.93465 2
    endloop
  endfacet
  facet normal -0.943248 0.332089 0
    outer loop
      vertex 25.0373 2.93465 2.65
      vertex 24.8348 2.35948 2
      vertex 24.8348 2.35948 2.65
    endloop
  endfacet
  facet normal -0.9771 0.212781 0
    outer loop
      vertex 24.6902 1.69547 2
      vertex 24.8348 2.35948 2.65
      vertex 24.8348 2.35948 2
    endloop
  endfacet
  facet normal -0.9771 0.212781 0
    outer loop
      vertex 24.8348 2.35948 2.65
      vertex 24.6902 1.69547 2
      vertex 24.6902 1.69547 2.65
    endloop
  endfacet
  facet normal -0.99342 0.114531 0
    outer loop
      vertex 24.6034 0.942581 2
      vertex 24.6902 1.69547 2.65
      vertex 24.6902 1.69547 2
    endloop
  endfacet
  facet normal -0.99342 0.114531 0
    outer loop
      vertex 24.6902 1.69547 2.65
      vertex 24.6034 0.942581 2
      vertex 24.6034 0.942581 2.65
    endloop
  endfacet
  facet normal -0.999407 0.0344316 0
    outer loop
      vertex 24.5744 0.10083 2
      vertex 24.6034 0.942581 2.65
      vertex 24.6034 0.942581 2
    endloop
  endfacet
  facet normal -0.999407 0.0344316 0
    outer loop
      vertex 24.6034 0.942581 2.65
      vertex 24.5744 0.10083 2
      vertex 24.5744 0.10083 2.65
    endloop
  endfacet
  facet normal -0.999348 -0.0360918 0
    outer loop
      vertex 24.6042 -0.724304 2
      vertex 24.5744 0.10083 2.65
      vertex 24.5744 0.10083 2
    endloop
  endfacet
  facet normal -0.999348 -0.0360918 0
    outer loop
      vertex 24.5744 0.10083 2.65
      vertex 24.6042 -0.724304 2
      vertex 24.6042 -0.724304 2.65
    endloop
  endfacet
  facet normal -0.992823 -0.119595 0
    outer loop
      vertex 24.6936 -1.46646 2
      vertex 24.6042 -0.724304 2.65
      vertex 24.6042 -0.724304 2
    endloop
  endfacet
  facet normal -0.992823 -0.119595 0
    outer loop
      vertex 24.6042 -0.724304 2.65
      vertex 24.6936 -1.46646 2
      vertex 24.6936 -1.46646 2.65
    endloop
  endfacet
  facet normal -0.975421 -0.220348 0
    outer loop
      vertex 24.8425 -2.1256 2
      vertex 24.6936 -1.46646 2.65
      vertex 24.6936 -1.46646 2
    endloop
  endfacet
  facet normal -0.975421 -0.220348 0
    outer loop
      vertex 24.6936 -1.46646 2.65
      vertex 24.8425 -2.1256 2
      vertex 24.8425 -2.1256 2.65
    endloop
  endfacet
  facet normal -0.940319 -0.340293 0
    outer loop
      vertex 25.051 -2.70174 2
      vertex 24.8425 -2.1256 2.65
      vertex 24.8425 -2.1256 2
    endloop
  endfacet
  facet normal -0.940319 -0.340293 0
    outer loop
      vertex 24.8425 -2.1256 2.65
      vertex 25.051 -2.70174 2
      vertex 25.051 -2.70174 2.65
    endloop
  endfacet
  facet normal -0.87862 -0.477521 0
    outer loop
      vertex 25.319 -3.19485 2
      vertex 25.051 -2.70174 2.65
      vertex 25.051 -2.70174 2
    endloop
  endfacet
  facet normal -0.87862 -0.477521 0
    outer loop
      vertex 25.051 -2.70174 2.65
      vertex 25.319 -3.19485 2
      vertex 25.319 -3.19485 2.65
    endloop
  endfacet
  facet normal -0.778786 -0.62729 0
    outer loop
      vertex 25.6464 -3.60132 2
      vertex 25.319 -3.19485 2.65
      vertex 25.319 -3.19485 2
    endloop
  endfacet
  facet normal -0.778786 -0.62729 0
    outer loop
      vertex 25.319 -3.19485 2.65
      vertex 25.6464 -3.60132 2
      vertex 25.6464 -3.60132 2.65
    endloop
  endfacet
  facet normal -0.633219 -0.773972 0
    outer loop
      vertex 25.6464 -3.60132 2
      vertex 26.0328 -3.91745 2.65
      vertex 25.6464 -3.60132 2.65
    endloop
  endfacet
  facet normal -0.633219 -0.773972 -0
    outer loop
      vertex 26.0328 -3.91745 2.65
      vertex 25.6464 -3.60132 2
      vertex 26.0328 -3.91745 2
    endloop
  endfacet
  facet normal -0.452027 -0.892004 0
    outer loop
      vertex 26.0328 -3.91745 2
      vertex 26.4784 -4.14326 2.65
      vertex 26.0328 -3.91745 2.65
    endloop
  endfacet
  facet normal -0.452027 -0.892004 -0
    outer loop
      vertex 26.4784 -4.14326 2.65
      vertex 26.0328 -3.91745 2
      vertex 26.4784 -4.14326 2
    endloop
  endfacet
  facet normal -0.259324 -0.96579 0
    outer loop
      vertex 26.4784 -4.14326 2
      vertex 26.983 -4.27875 2.65
      vertex 26.4784 -4.14326 2.65
    endloop
  endfacet
  facet normal -0.259324 -0.96579 -0
    outer loop
      vertex 26.983 -4.27875 2.65
      vertex 26.4784 -4.14326 2
      vertex 26.983 -4.27875 2
    endloop
  endfacet
  facet normal -0.0798577 -0.996806 0
    outer loop
      vertex 26.983 -4.27875 2
      vertex 27.5467 -4.32391 2.65
      vertex 26.983 -4.27875 2.65
    endloop
  endfacet
  facet normal -0.0798577 -0.996806 -0
    outer loop
      vertex 27.5467 -4.32391 2.65
      vertex 26.983 -4.27875 2
      vertex 27.5467 -4.32391 2
    endloop
  endfacet
  facet normal 0.0802121 -0.996778 0
    outer loop
      vertex 27.5467 -4.32391 2
      vertex 28.111 -4.2785 2.65
      vertex 27.5467 -4.32391 2.65
    endloop
  endfacet
  facet normal 0.0802121 -0.996778 0
    outer loop
      vertex 28.111 -4.2785 2.65
      vertex 27.5467 -4.32391 2
      vertex 28.111 -4.2785 2
    endloop
  endfacet
  facet normal 0.296996 0.954879 -0
    outer loop
      vertex 27.1894 -3.39285 2
      vertex 26.8621 -3.29105 2.65
      vertex 27.1894 -3.39285 2.65
    endloop
  endfacet
  facet normal 0.296996 0.954879 0
    outer loop
      vertex 26.8621 -3.29105 2.65
      vertex 27.1894 -3.39285 2
      vertex 26.8621 -3.29105 2
    endloop
  endfacet
  facet normal 0.511544 0.859257 -0
    outer loop
      vertex 26.8621 -3.29105 2
      vertex 26.5771 -3.12138 2.65
      vertex 26.8621 -3.29105 2.65
    endloop
  endfacet
  facet normal 0.511544 0.859257 0
    outer loop
      vertex 26.5771 -3.12138 2.65
      vertex 26.8621 -3.29105 2
      vertex 26.5771 -3.12138 2
    endloop
  endfacet
  facet normal 0.699307 0.714822 -0
    outer loop
      vertex 26.5771 -3.12138 2
      vertex 26.3343 -2.88385 2.65
      vertex 26.5771 -3.12138 2.65
    endloop
  endfacet
  facet normal 0.699307 0.714822 0
    outer loop
      vertex 26.3343 -2.88385 2.65
      vertex 26.5771 -3.12138 2
      vertex 26.3343 -2.88385 2
    endloop
  endfacet
  facet normal 0.835946 0.548812 0
    outer loop
      vertex 26.3343 -2.88385 2.65
      vertex 26.1338 -2.57845 2
      vertex 26.1338 -2.57845 2.65
    endloop
  endfacet
  facet normal 0.835946 0.548812 0
    outer loop
      vertex 26.1338 -2.57845 2
      vertex 26.3343 -2.88385 2.65
      vertex 26.3343 -2.88385 2
    endloop
  endfacet
  facet normal 0.919825 0.39233 0
    outer loop
      vertex 26.1338 -2.57845 2.65
      vertex 25.9723 -2.19981 2
      vertex 25.9723 -2.19981 2.65
    endloop
  endfacet
  facet normal 0.919825 0.39233 0
    outer loop
      vertex 25.9723 -2.19981 2
      vertex 26.1338 -2.57845 2.65
      vertex 26.1338 -2.57845 2
    endloop
  endfacet
  facet normal 0.964284 0.264869 0
    outer loop
      vertex 25.9723 -2.19981 2.65
      vertex 25.8467 -1.74255 2
      vertex 25.8467 -1.74255 2.65
    endloop
  endfacet
  facet normal 0.964284 0.264869 0
    outer loop
      vertex 25.8467 -1.74255 2
      vertex 25.9723 -2.19981 2.65
      vertex 25.9723 -2.19981 2
    endloop
  endfacet
  facet normal 0.986277 0.1651 0
    outer loop
      vertex 25.8467 -1.74255 2.65
      vertex 25.757 -1.2067 2
      vertex 25.757 -1.2067 2.65
    endloop
  endfacet
  facet normal 0.986277 0.1651 0
    outer loop
      vertex 25.757 -1.2067 2
      vertex 25.8467 -1.74255 2.65
      vertex 25.8467 -1.74255 2
    endloop
  endfacet
  facet normal 0.996189 0.0872206 0
    outer loop
      vertex 25.757 -1.2067 2.65
      vertex 25.7032 -0.592224 2
      vertex 25.7032 -0.592224 2.65
    endloop
  endfacet
  facet normal 0.996189 0.0872206 0
    outer loop
      vertex 25.7032 -0.592224 2
      vertex 25.757 -1.2067 2.65
      vertex 25.757 -1.2067 2
    endloop
  endfacet
  facet normal 0.999663 0.0259632 0
    outer loop
      vertex 25.7032 -0.592224 2.65
      vertex 25.6852 0.10083 2
      vertex 25.6852 0.10083 2.65
    endloop
  endfacet
  facet normal 0.999663 0.0259632 0
    outer loop
      vertex 25.6852 0.10083 2
      vertex 25.7032 -0.592224 2.65
      vertex 25.7032 -0.592224 2
    endloop
  endfacet
  facet normal 0.999691 -0.0248565 0
    outer loop
      vertex 25.6852 0.10083 2.65
      vertex 25.7029 0.812698 2
      vertex 25.7029 0.812698 2.65
    endloop
  endfacet
  facet normal 0.999691 -0.0248565 0
    outer loop
      vertex 25.7029 0.812698 2
      vertex 25.6852 0.10083 2.65
      vertex 25.6852 0.10083 2
    endloop
  endfacet
  facet normal 0.996432 -0.0843987 0
    outer loop
      vertex 25.7029 0.812698 2.65
      vertex 25.756 1.43961 2
      vertex 25.756 1.43961 2.65
    endloop
  endfacet
  facet normal 0.996432 -0.0843987 0
    outer loop
      vertex 25.756 1.43961 2
      vertex 25.7029 0.812698 2.65
      vertex 25.7029 0.812698 2
    endloop
  endfacet
  facet normal 0.986927 -0.161167 0
    outer loop
      vertex 25.756 1.43961 2.65
      vertex 25.8445 1.98155 2
      vertex 25.8445 1.98155 2.65
    endloop
  endfacet
  facet normal 0.986927 -0.161167 0
    outer loop
      vertex 25.8445 1.98155 2
      vertex 25.756 1.43961 2.65
      vertex 25.756 1.43961 2
    endloop
  endfacet
  facet normal 0.965156 -0.261675 0
    outer loop
      vertex 25.8445 1.98155 2.65
      vertex 25.9684 2.43854 2
      vertex 25.9684 2.43854 2.65
    endloop
  endfacet
  facet normal 0.965156 -0.261675 0
    outer loop
      vertex 25.9684 2.43854 2
      vertex 25.8445 1.98155 2.65
      vertex 25.8445 1.98155 2
    endloop
  endfacet
  facet normal 0.919268 -0.393633 0
    outer loop
      vertex 25.9684 2.43854 2.65
      vertex 26.1277 2.81056 2
      vertex 26.1277 2.81056 2.65
    endloop
  endfacet
  facet normal 0.919268 -0.393633 0
    outer loop
      vertex 26.1277 2.81056 2
      vertex 25.9684 2.43854 2.65
      vertex 25.9684 2.43854 2
    endloop
  endfacet
  facet normal 0.829391 -0.558669 0
    outer loop
      vertex 26.1277 2.81056 2.65
      vertex 26.3275 3.10718 2
      vertex 26.3275 3.10718 2.65
    endloop
  endfacet
  facet normal 0.829391 -0.558669 0
    outer loop
      vertex 26.3275 3.10718 2
      vertex 26.1277 2.81056 2.65
      vertex 26.1277 2.81056 2
    endloop
  endfacet
  facet normal 0.684815 -0.728717 0
    outer loop
      vertex 26.3275 3.10718 2
      vertex 26.573 3.33789 2.65
      vertex 26.3275 3.10718 2.65
    endloop
  endfacet
  facet normal 0.684815 -0.728717 0
    outer loop
      vertex 26.573 3.33789 2.65
      vertex 26.3275 3.10718 2
      vertex 26.573 3.33789 2
    endloop
  endfacet
  facet normal 0.492613 -0.870249 0
    outer loop
      vertex 26.573 3.33789 2
      vertex 26.8641 3.50267 2.65
      vertex 26.573 3.33789 2.65
    endloop
  endfacet
  facet normal 0.492613 -0.870249 0
    outer loop
      vertex 26.8641 3.50267 2.65
      vertex 26.573 3.33789 2
      vertex 26.8641 3.50267 2
    endloop
  endfacet
  facet normal 0.281697 -0.959503 0
    outer loop
      vertex 26.8641 3.50267 2
      vertex 27.2009 3.60155 2.65
      vertex 26.8641 3.50267 2.65
    endloop
  endfacet
  facet normal 0.281697 -0.959503 0
    outer loop
      vertex 27.2009 3.60155 2.65
      vertex 26.8641 3.50267 2
      vertex 27.2009 3.60155 2
    endloop
  endfacet
  facet normal 0.0858741 -0.996306 0
    outer loop
      vertex 27.2009 3.60155 2
      vertex 27.5833 3.63451 2.65
      vertex 27.2009 3.60155 2.65
    endloop
  endfacet
  facet normal 0.0858741 -0.996306 0
    outer loop
      vertex 27.5833 3.63451 2.65
      vertex 27.2009 3.60155 2
      vertex 27.5833 3.63451 2
    endloop
  endfacet
  facet normal -0.0892724 -0.996007 0
    outer loop
      vertex 27.5833 3.63451 2
      vertex 27.9565 3.60106 2.65
      vertex 27.5833 3.63451 2.65
    endloop
  endfacet
  facet normal -0.0892724 -0.996007 -0
    outer loop
      vertex 27.9565 3.60106 2.65
      vertex 27.5833 3.63451 2
      vertex 27.9565 3.60106 2
    endloop
  endfacet
  facet normal -0.29218 -0.956363 0
    outer loop
      vertex 27.9565 3.60106 2
      vertex 28.2849 3.50073 2.65
      vertex 27.9565 3.60106 2.65
    endloop
  endfacet
  facet normal -0.29218 -0.956363 -0
    outer loop
      vertex 28.2849 3.50073 2.65
      vertex 27.9565 3.60106 2
      vertex 28.2849 3.50073 2
    endloop
  endfacet
  facet normal -0.507649 -0.861564 0
    outer loop
      vertex 28.2849 3.50073 2
      vertex 28.5687 3.33351 2.65
      vertex 28.2849 3.50073 2.65
    endloop
  endfacet
  facet normal -0.507649 -0.861564 -0
    outer loop
      vertex 28.5687 3.33351 2.65
      vertex 28.2849 3.50073 2
      vertex 28.5687 3.33351 2
    endloop
  endfacet
  facet normal -0.699611 -0.714523 0
    outer loop
      vertex 28.5687 3.33351 2
      vertex 28.8078 3.0994 2.65
      vertex 28.5687 3.33351 2.65
    endloop
  endfacet
  facet normal -0.699611 -0.714523 -0
    outer loop
      vertex 28.8078 3.0994 2.65
      vertex 28.5687 3.33351 2
      vertex 28.8078 3.0994 2
    endloop
  endfacet
  facet normal -0.839907 -0.542731 0
    outer loop
      vertex 29.0023 2.7984 2
      vertex 28.8078 3.0994 2.65
      vertex 28.8078 3.0994 2
    endloop
  endfacet
  facet normal -0.839907 -0.542731 0
    outer loop
      vertex 28.8078 3.0994 2.65
      vertex 29.0023 2.7984 2
      vertex 29.0023 2.7984 2.65
    endloop
  endfacet
  facet normal -0.924412 -0.381396 0
    outer loop
      vertex 29.1572 2.42296 2
      vertex 29.0023 2.7984 2.65
      vertex 29.0023 2.7984 2
    endloop
  endfacet
  facet normal -0.924412 -0.381396 0
    outer loop
      vertex 29.0023 2.7984 2.65
      vertex 29.1572 2.42296 2
      vertex 29.1572 2.42296 2.65
    endloop
  endfacet
  facet normal -0.96707 -0.254509 0
    outer loop
      vertex 29.2776 1.96547 2
      vertex 29.1572 2.42296 2.65
      vertex 29.1572 2.42296 2
    endloop
  endfacet
  facet normal -0.96707 -0.254509 0
    outer loop
      vertex 29.1572 2.42296 2.65
      vertex 29.2776 1.96547 2
      vertex 29.2776 1.96547 2.65
    endloop
  endfacet
  facet normal -0.987504 -0.157592 0
    outer loop
      vertex 29.3637 1.42595 2
      vertex 29.2776 1.96547 2.65
      vertex 29.2776 1.96547 2
    endloop
  endfacet
  facet normal -0.987504 -0.157592 0
    outer loop
      vertex 29.2776 1.96547 2.65
      vertex 29.3637 1.42595 2
      vertex 29.3637 1.42595 2.65
    endloop
  endfacet
  facet normal -0.996572 -0.0827354 0
    outer loop
      vertex 29.4153 0.804413 2
      vertex 29.3637 1.42595 2.65
      vertex 29.3637 1.42595 2
    endloop
  endfacet
  facet normal -0.996572 -0.0827354 0
    outer loop
      vertex 29.3637 1.42595 2.65
      vertex 29.4153 0.804413 2
      vertex 29.4153 0.804413 2.65
    endloop
  endfacet
  facet normal -0.999698 -0.024581 0
    outer loop
      vertex 29.4326 0.10083 2
      vertex 29.4153 0.804413 2.65
      vertex 29.4153 0.804413 2
    endloop
  endfacet
  facet normal -0.999698 -0.024581 0
    outer loop
      vertex 29.4153 0.804413 2.65
      vertex 29.4326 0.10083 2
      vertex 29.4326 0.10083 2.65
    endloop
  endfacet
  facet normal -0.999647 0.0265847 0
    outer loop
      vertex 29.4145 -0.579773 2
      vertex 29.4326 0.10083 2.65
      vertex 29.4326 0.10083 2
    endloop
  endfacet
  facet normal -0.999647 0.0265847 0
    outer loop
      vertex 29.4326 0.10083 2.65
      vertex 29.4145 -0.579773 2
      vertex 29.4145 -0.579773 2.65
    endloop
  endfacet
  facet normal -0.99603 0.0890226 0
    outer loop
      vertex 29.3603 -1.18619 2
      vertex 29.4145 -0.579773 2.65
      vertex 29.4145 -0.579773 2
    endloop
  endfacet
  facet normal -0.99603 0.0890226 0
    outer loop
      vertex 29.4145 -0.579773 2.65
      vertex 29.3603 -1.18619 2
      vertex 29.3603 -1.18619 2.65
    endloop
  endfacet
  facet normal -0.98591 0.167279 0
    outer loop
      vertex 29.27 -1.7184 2
      vertex 29.3603 -1.18619 2.65
      vertex 29.3603 -1.18619 2
    endloop
  endfacet
  facet normal -0.98591 0.167279 0
    outer loop
      vertex 29.3603 -1.18619 2.65
      vertex 29.27 -1.7184 2
      vertex 29.27 -1.7184 2.65
    endloop
  endfacet
  facet normal -0.963907 0.266238 0
    outer loop
      vertex 29.1435 -2.17639 2
      vertex 29.27 -1.7184 2.65
      vertex 29.27 -1.7184 2
    endloop
  endfacet
  facet normal -0.963907 0.266238 0
    outer loop
      vertex 29.27 -1.7184 2.65
      vertex 29.1435 -2.17639 2
      vertex 29.1435 -2.17639 2.65
    endloop
  endfacet
  facet normal -0.920771 0.390102 0
    outer loop
      vertex 28.9809 -2.56018 2
      vertex 29.1435 -2.17639 2.65
      vertex 29.1435 -2.17639 2
    endloop
  endfacet
  facet normal -0.920771 0.390102 0
    outer loop
      vertex 29.1435 -2.17639 2.65
      vertex 28.9809 -2.56018 2
      vertex 28.9809 -2.56018 2.65
    endloop
  endfacet
  facet normal -0.840146 0.54236 0
    outer loop
      vertex 28.7795 -2.87216 2
      vertex 28.9809 -2.56018 2.65
      vertex 28.9809 -2.56018 2
    endloop
  endfacet
  facet normal -0.840146 0.54236 0
    outer loop
      vertex 28.9809 -2.56018 2.65
      vertex 28.7795 -2.87216 2
      vertex 28.7795 -2.87216 2.65
    endloop
  endfacet
  facet normal -0.706743 0.707471 0
    outer loop
      vertex 28.7795 -2.87216 2
      vertex 28.5366 -3.11481 2.65
      vertex 28.7795 -2.87216 2.65
    endloop
  endfacet
  facet normal -0.706743 0.707471 0
    outer loop
      vertex 28.5366 -3.11481 2.65
      vertex 28.7795 -2.87216 2
      vertex 28.5366 -3.11481 2
    endloop
  endfacet
  facet normal -0.5204 0.853922 0
    outer loop
      vertex 28.5366 -3.11481 2
      vertex 28.2522 -3.28813 2.65
      vertex 28.5366 -3.11481 2.65
    endloop
  endfacet
  facet normal -0.5204 0.853922 0
    outer loop
      vertex 28.2522 -3.28813 2.65
      vertex 28.5366 -3.11481 2
      vertex 28.2522 -3.28813 2
    endloop
  endfacet
  facet normal -0.303985 0.952677 0
    outer loop
      vertex 28.2522 -3.28813 2
      vertex 27.9263 -3.39212 2.65
      vertex 28.2522 -3.28813 2.65
    endloop
  endfacet
  facet normal -0.303985 0.952677 0
    outer loop
      vertex 27.9263 -3.39212 2.65
      vertex 28.2522 -3.28813 2
      vertex 27.9263 -3.39212 2
    endloop
  endfacet
  facet normal -0.0939484 0.995577 0
    outer loop
      vertex 27.9263 -3.39212 2
      vertex 27.5589 -3.42679 2.65
      vertex 27.9263 -3.39212 2.65
    endloop
  endfacet
  facet normal -0.0939484 0.995577 0
    outer loop
      vertex 27.5589 -3.42679 2.65
      vertex 27.9263 -3.39212 2
      vertex 27.5589 -3.42679 2
    endloop
  endfacet
  facet normal 0.0914688 0.995808 -0
    outer loop
      vertex 27.5589 -3.42679 2
      vertex 27.1894 -3.39285 2.65
      vertex 27.5589 -3.42679 2.65
    endloop
  endfacet
  facet normal 0.0914688 0.995808 0
    outer loop
      vertex 27.1894 -3.39285 2.65
      vertex 27.5589 -3.42679 2
      vertex 27.1894 -3.39285 2
    endloop
  endfacet
  facet normal 0.999774 0.021236 0
    outer loop
      vertex -28.8122 1.53508 2.65
      vertex -28.8367 2.68852 2
      vertex -28.8367 2.68852 2.65
    endloop
  endfacet
  facet normal 0.999774 0.021236 0
    outer loop
      vertex -28.8367 2.68852 2
      vertex -28.8122 1.53508 2.65
      vertex -28.8122 1.53508 2
    endloop
  endfacet
  facet normal 0.999635 0.0270004 0
    outer loop
      vertex -28.8367 2.68852 2.65
      vertex -28.855 3.36604 2
      vertex -28.855 3.36604 2.65
    endloop
  endfacet
  facet normal 0.999635 0.0270004 0
    outer loop
      vertex -28.855 3.36604 2
      vertex -28.8367 2.68852 2.65
      vertex -28.8367 2.68852 2
    endloop
  endfacet
  facet normal -0.957834 -0.287322 0
    outer loop
      vertex -28.6536 2.69464 2
      vertex -28.855 3.36604 2.65
      vertex -28.855 3.36604 2
    endloop
  endfacet
  facet normal -0.957834 -0.287322 0
    outer loop
      vertex -28.855 3.36604 2.65
      vertex -28.6536 2.69464 2
      vertex -28.6536 2.69464 2.65
    endloop
  endfacet
  facet normal -0.949787 -0.312897 0
    outer loop
      vertex -28.3118 1.65712 2
      vertex -28.6536 2.69464 2.65
      vertex -28.6536 2.69464 2
    endloop
  endfacet
  facet normal -0.949787 -0.312897 0
    outer loop
      vertex -28.6536 2.69464 2.65
      vertex -28.3118 1.65712 2
      vertex -28.3118 1.65712 2.65
    endloop
  endfacet
  facet normal -0.933423 -0.358777 0
    outer loop
      vertex -26.0598 -4.20187 2
      vertex -28.3118 1.65712 2.65
      vertex -28.3118 1.65712 2
    endloop
  endfacet
  facet normal -0.933423 -0.358777 0
    outer loop
      vertex -28.3118 1.65712 2.65
      vertex -26.0598 -4.20187 2
      vertex -26.0598 -4.20187 2.65
    endloop
  endfacet
  facet normal 0 -1 0
    outer loop
      vertex -26.0598 -4.20187 2
      vertex -25.2419 -4.20187 2.65
      vertex -26.0598 -4.20187 2.65
    endloop
  endfacet
  facet normal 0 -1 -0
    outer loop
      vertex -25.2419 -4.20187 2.65
      vertex -26.0598 -4.20187 2
      vertex -25.2419 -4.20187 2
    endloop
  endfacet
  facet normal 0.935044 -0.354532 0
    outer loop
      vertex -25.2419 -4.20187 2.65
      vertex -23.0204 1.65712 2
      vertex -23.0204 1.65712 2.65
    endloop
  endfacet
  facet normal 0.935044 -0.354532 0
    outer loop
      vertex -23.0204 1.65712 2
      vertex -25.2419 -4.20187 2.65
      vertex -25.2419 -4.20187 2
    endloop
  endfacet
  facet normal 0.938637 -0.344908 0
    outer loop
      vertex -23.0204 1.65712 2.65
      vertex -22.9228 1.92273 2
      vertex -22.9228 1.92273 2.65
    endloop
  endfacet
  facet normal 0.938637 -0.344908 0
    outer loop
      vertex -22.9228 1.92273 2
      vertex -23.0204 1.65712 2.65
      vertex -23.0204 1.65712 2
    endloop
  endfacet
  facet normal 0.947397 -0.320062 0
    outer loop
      vertex -22.9228 1.92273 2.65
      vertex -22.8202 2.22643 2
      vertex -22.8202 2.22643 2.65
    endloop
  endfacet
  facet normal 0.947397 -0.320062 0
    outer loop
      vertex -22.8202 2.22643 2
      vertex -22.9228 1.92273 2.65
      vertex -22.9228 1.92273 2
    endloop
  endfacet
  facet normal 0.954007 -0.299784 0
    outer loop
      vertex -22.8202 2.22643 2.65
      vertex -22.7128 2.56821 2
      vertex -22.7128 2.56821 2.65
    endloop
  endfacet
  facet normal 0.954007 -0.299784 0
    outer loop
      vertex -22.7128 2.56821 2
      vertex -22.8202 2.22643 2.65
      vertex -22.8202 2.22643 2
    endloop
  endfacet
  facet normal 0.958971 -0.283506 0
    outer loop
      vertex -22.7128 2.56821 2.65
      vertex -22.6005 2.94807 2
      vertex -22.6005 2.94807 2.65
    endloop
  endfacet
  facet normal 0.958971 -0.283506 0
    outer loop
      vertex -22.6005 2.94807 2
      vertex -22.7128 2.56821 2.65
      vertex -22.7128 2.56821 2
    endloop
  endfacet
  facet normal 0.962923 -0.269776 0
    outer loop
      vertex -22.6005 2.94807 2.65
      vertex -22.4834 3.36604 2
      vertex -22.4834 3.36604 2.65
    endloop
  endfacet
  facet normal 0.962923 -0.269776 0
    outer loop
      vertex -22.4834 3.36604 2
      vertex -22.6005 2.94807 2.65
      vertex -22.6005 2.94807 2
    endloop
  endfacet
  facet normal -0.998459 0.0554903 0
    outer loop
      vertex -22.5031 3.01157 2
      vertex -22.4834 3.36604 2.65
      vertex -22.4834 3.36604 2
    endloop
  endfacet
  facet normal -0.998459 0.0554903 0
    outer loop
      vertex -22.4834 3.36604 2.65
      vertex -22.5031 3.01157 2
      vertex -22.5031 3.01157 2.65
    endloop
  endfacet
  facet normal -0.999088 0.0426984 0
    outer loop
      vertex -22.5185 2.65123 2
      vertex -22.5031 3.01157 2.65
      vertex -22.5031 3.01157 2
    endloop
  endfacet
  facet normal -0.999088 0.0426984 0
    outer loop
      vertex -22.5031 3.01157 2.65
      vertex -22.5185 2.65123 2
      vertex -22.5185 2.65123 2.65
    endloop
  endfacet
  facet normal -0.999549 0.0300263 0
    outer loop
      vertex -22.5295 2.28505 2
      vertex -22.5185 2.65123 2.65
      vertex -22.5185 2.65123 2
    endloop
  endfacet
  facet normal -0.999549 0.0300263 0
    outer loop
      vertex -22.5185 2.65123 2.65
      vertex -22.5295 2.28505 2
      vertex -22.5295 2.28505 2.65
    endloop
  endfacet
  facet normal -0.999843 0.0177363 0
    outer loop
      vertex -22.5361 1.91299 2
      vertex -22.5295 2.28505 2.65
      vertex -22.5295 2.28505 2
    endloop
  endfacet
  facet normal -0.999843 0.0177363 0
    outer loop
      vertex -22.5295 2.28505 2.65
      vertex -22.5361 1.91299 2
      vertex -22.5361 1.91299 2.65
    endloop
  endfacet
  facet normal -0.999983 0.00582139 0
    outer loop
      vertex -22.5383 1.53508 2
      vertex -22.5361 1.91299 2.65
      vertex -22.5361 1.91299 2
    endloop
  endfacet
  facet normal -0.999983 0.00582139 0
    outer loop
      vertex -22.5361 1.91299 2.65
      vertex -22.5383 1.53508 2
      vertex -22.5383 1.53508 2.65
    endloop
  endfacet
  facet normal -1 0 0
    outer loop
      vertex -22.5383 -4.20187 2
      vertex -22.5383 1.53508 2.65
      vertex -22.5383 1.53508 2
    endloop
  endfacet
  facet normal -1 -0 0
    outer loop
      vertex -22.5383 1.53508 2.65
      vertex -22.5383 -4.20187 2
      vertex -22.5383 -4.20187 2.65
    endloop
  endfacet
  facet normal 0 -1 0
    outer loop
      vertex -22.5383 -4.20187 2
      vertex -21.4885 -4.20187 2.65
      vertex -22.5383 -4.20187 2.65
    endloop
  endfacet
  facet normal 0 -1 -0
    outer loop
      vertex -21.4885 -4.20187 2.65
      vertex -22.5383 -4.20187 2
      vertex -21.4885 -4.20187 2
    endloop
  endfacet
  facet normal 1 -0 0
    outer loop
      vertex -21.4885 -4.20187 2.65
      vertex -21.4885 4.39743 2
      vertex -21.4885 4.39743 2.65
    endloop
  endfacet
  facet normal 1 0 0
    outer loop
      vertex -21.4885 4.39743 2
      vertex -21.4885 -4.20187 2.65
      vertex -21.4885 -4.20187 2
    endloop
  endfacet
  facet normal 0 1 -0
    outer loop
      vertex -21.4885 4.39743 2
      vertex -22.9837 4.39743 2.65
      vertex -21.4885 4.39743 2.65
    endloop
  endfacet
  facet normal 0 1 0
    outer loop
      vertex -22.9837 4.39743 2.65
      vertex -21.4885 4.39743 2
      vertex -22.9837 4.39743 2
    endloop
  endfacet
  facet normal -0.935814 0.352495 0
    outer loop
      vertex -25.2297 -1.56532 2
      vertex -22.9837 4.39743 2.65
      vertex -22.9837 4.39743 2
    endloop
  endfacet
  facet normal -0.935814 0.352495 0
    outer loop
      vertex -22.9837 4.39743 2.65
      vertex -25.2297 -1.56532 2
      vertex -25.2297 -1.56532 2.65
    endloop
  endfacet
  facet normal -0.930465 0.36638 0
    outer loop
      vertex -25.2557 -1.63135 2
      vertex -25.2297 -1.56532 2.65
      vertex -25.2297 -1.56532 2
    endloop
  endfacet
  facet normal -0.930465 0.36638 0
    outer loop
      vertex -25.2297 -1.56532 2.65
      vertex -25.2557 -1.63135 2
      vertex -25.2557 -1.63135 2.65
    endloop
  endfacet
  facet normal -0.941853 0.336024 0
    outer loop
      vertex -25.2898 -1.72693 2
      vertex -25.2557 -1.63135 2.65
      vertex -25.2557 -1.63135 2
    endloop
  endfacet
  facet normal -0.941853 0.336024 0
    outer loop
      vertex -25.2557 -1.63135 2.65
      vertex -25.2898 -1.72693 2
      vertex -25.2898 -1.72693 2.65
    endloop
  endfacet
  facet normal -0.947786 0.318908 0
    outer loop
      vertex -25.3319 -1.85205 2
      vertex -25.2898 -1.72693 2.65
      vertex -25.2898 -1.72693 2
    endloop
  endfacet
  facet normal -0.947786 0.318908 0
    outer loop
      vertex -25.2898 -1.72693 2.65
      vertex -25.3319 -1.85205 2
      vertex -25.3319 -1.85205 2.65
    endloop
  endfacet
  facet normal -0.951145 0.308745 0
    outer loop
      vertex -25.3821 -2.0067 2
      vertex -25.3319 -1.85205 2.65
      vertex -25.3319 -1.85205 2
    endloop
  endfacet
  facet normal -0.951145 0.308745 0
    outer loop
      vertex -25.3319 -1.85205 2.65
      vertex -25.3821 -2.0067 2
      vertex -25.3821 -2.0067 2.65
    endloop
  endfacet
  facet normal -0.953536 0.30128 0
    outer loop
      vertex -25.4403 -2.1909 2
      vertex -25.3821 -2.0067 2.65
      vertex -25.3821 -2.0067 2
    endloop
  endfacet
  facet normal -0.953536 0.30128 0
    outer loop
      vertex -25.3821 -2.0067 2.65
      vertex -25.4403 -2.1909 2
      vertex -25.4403 -2.1909 2.65
    endloop
  endfacet
  facet normal -0.955915 0.293645 0
    outer loop
      vertex -25.4983 -2.37971 2
      vertex -25.4403 -2.1909 2.65
      vertex -25.4403 -2.1909 2
    endloop
  endfacet
  facet normal -0.955915 0.293645 0
    outer loop
      vertex -25.4403 -2.1909 2.65
      vertex -25.4983 -2.37971 2
      vertex -25.4983 -2.37971 2.65
    endloop
  endfacet
  facet normal -0.959642 0.281226 0
    outer loop
      vertex -25.5477 -2.54828 2
      vertex -25.4983 -2.37971 2.65
      vertex -25.4983 -2.37971 2
    endloop
  endfacet
  facet normal -0.959642 0.281226 0
    outer loop
      vertex -25.4983 -2.37971 2.65
      vertex -25.5477 -2.54828 2
      vertex -25.5477 -2.54828 2.65
    endloop
  endfacet
  facet normal -0.96401 0.265867 0
    outer loop
      vertex -25.5886 -2.69658 2
      vertex -25.5477 -2.54828 2.65
      vertex -25.5477 -2.54828 2
    endloop
  endfacet
  facet normal -0.96401 0.265867 0
    outer loop
      vertex -25.5477 -2.54828 2.65
      vertex -25.5886 -2.69658 2
      vertex -25.5886 -2.69658 2.65
    endloop
  endfacet
  facet normal -0.969444 0.245314 0
    outer loop
      vertex -25.621 -2.82462 2
      vertex -25.5886 -2.69658 2.65
      vertex -25.5886 -2.69658 2
    endloop
  endfacet
  facet normal -0.969444 0.245314 0
    outer loop
      vertex -25.5886 -2.69658 2.65
      vertex -25.621 -2.82462 2
      vertex -25.621 -2.82462 2.65
    endloop
  endfacet
  facet normal -0.976485 0.215587 0
    outer loop
      vertex -25.6448 -2.93242 2
      vertex -25.621 -2.82462 2.65
      vertex -25.621 -2.82462 2
    endloop
  endfacet
  facet normal -0.976485 0.215587 0
    outer loop
      vertex -25.621 -2.82462 2.65
      vertex -25.6448 -2.93242 2
      vertex -25.6448 -2.93242 2.65
    endloop
  endfacet
  facet normal 0.977688 0.210064 0
    outer loop
      vertex -25.6448 -2.93242 2.65
      vertex -25.6625 -2.85004 2
      vertex -25.6625 -2.85004 2.65
    endloop
  endfacet
  facet normal 0.977688 0.210064 0
    outer loop
      vertex -25.6625 -2.85004 2
      vertex -25.6448 -2.93242 2.65
      vertex -25.6448 -2.93242 2
    endloop
  endfacet
  facet normal 0.973189 0.230009 0
    outer loop
      vertex -25.6625 -2.85004 2.65
      vertex -25.6863 -2.74934 2
      vertex -25.6863 -2.74934 2.65
    endloop
  endfacet
  facet normal 0.973189 0.230009 0
    outer loop
      vertex -25.6863 -2.74934 2
      vertex -25.6625 -2.85004 2.65
      vertex -25.6625 -2.85004 2
    endloop
  endfacet
  facet normal 0.969844 0.243725 0
    outer loop
      vertex -25.6863 -2.74934 2.65
      vertex -25.7162 -2.63036 2
      vertex -25.7162 -2.63036 2.65
    endloop
  endfacet
  facet normal 0.969844 0.243725 0
    outer loop
      vertex -25.7162 -2.63036 2
      vertex -25.6863 -2.74934 2.65
      vertex -25.6863 -2.74934 2
    endloop
  endfacet
  facet normal 0.967311 0.253592 0
    outer loop
      vertex -25.7162 -2.63036 2.65
      vertex -25.7522 -2.49304 2
      vertex -25.7522 -2.49304 2.65
    endloop
  endfacet
  facet normal 0.967311 0.253592 0
    outer loop
      vertex -25.7522 -2.49304 2
      vertex -25.7162 -2.63036 2.65
      vertex -25.7162 -2.63036 2
    endloop
  endfacet
  facet normal 0.965139 0.261737 0
    outer loop
      vertex -25.7522 -2.49304 2.65
      vertex -25.7944 -2.33743 2
      vertex -25.7944 -2.33743 2.65
    endloop
  endfacet
  facet normal 0.965139 0.261737 0
    outer loop
      vertex -25.7944 -2.33743 2
      vertex -25.7522 -2.49304 2.65
      vertex -25.7522 -2.49304 2
    endloop
  endfacet
  facet normal 0.963063 0.269276 0
    outer loop
      vertex -25.7944 -2.33743 2.65
      vertex -25.8399 -2.1747 2
      vertex -25.8399 -2.1747 2.65
    endloop
  endfacet
  facet normal 0.963063 0.269276 0
    outer loop
      vertex -25.8399 -2.1747 2
      vertex -25.7944 -2.33743 2.65
      vertex -25.7944 -2.33743 2
    endloop
  endfacet
  facet normal 0.96009 0.279691 0
    outer loop
      vertex -25.8399 -2.1747 2.65
      vertex -25.8861 -2.01611 2
      vertex -25.8861 -2.01611 2.65
    endloop
  endfacet
  facet normal 0.96009 0.279691 0
    outer loop
      vertex -25.8861 -2.01611 2
      vertex -25.8399 -2.1747 2.65
      vertex -25.8399 -2.1747 2
    endloop
  endfacet
  facet normal 0.956669 0.291176 0
    outer loop
      vertex -25.8861 -2.01611 2.65
      vertex -25.9331 -1.86169 2
      vertex -25.9331 -1.86169 2.65
    endloop
  endfacet
  facet normal 0.956669 0.291176 0
    outer loop
      vertex -25.9331 -1.86169 2
      vertex -25.8861 -2.01611 2.65
      vertex -25.8861 -2.01611 2
    endloop
  endfacet
  facet normal 0.953127 0.30257 0
    outer loop
      vertex -25.9331 -1.86169 2.65
      vertex -25.9808 -1.71143 2
      vertex -25.9808 -1.71143 2.65
    endloop
  endfacet
  facet normal 0.953127 0.30257 0
    outer loop
      vertex -25.9808 -1.71143 2
      vertex -25.9331 -1.86169 2.65
      vertex -25.9331 -1.86169 2
    endloop
  endfacet
  facet normal 0.949079 0.315039 0
    outer loop
      vertex -25.9808 -1.71143 2.65
      vertex -26.0293 -1.56532 2
      vertex -26.0293 -1.56532 2.65
    endloop
  endfacet
  facet normal 0.949079 0.315039 0
    outer loop
      vertex -26.0293 -1.56532 2
      vertex -25.9808 -1.71143 2.65
      vertex -25.9808 -1.71143 2
    endloop
  endfacet
  facet normal 0.93359 0.358343 0
    outer loop
      vertex -26.0293 -1.56532 2.65
      vertex -28.318 4.39743 2
      vertex -28.318 4.39743 2.65
    endloop
  endfacet
  facet normal 0.93359 0.358343 0
    outer loop
      vertex -28.318 4.39743 2
      vertex -26.0293 -1.56532 2.65
      vertex -26.0293 -1.56532 2
    endloop
  endfacet
  facet normal 0 1 -0
    outer loop
      vertex -28.318 4.39743 2
      vertex -29.8498 4.39743 2.65
      vertex -28.318 4.39743 2.65
    endloop
  endfacet
  facet normal 0 1 0
    outer loop
      vertex -29.8498 4.39743 2.65
      vertex -28.318 4.39743 2
      vertex -29.8498 4.39743 2
    endloop
  endfacet
  facet normal -1 0 0
    outer loop
      vertex -29.8498 -4.20187 2
      vertex -29.8498 4.39743 2.65
      vertex -29.8498 4.39743 2
    endloop
  endfacet
  facet normal -1 -0 0
    outer loop
      vertex -29.8498 4.39743 2.65
      vertex -29.8498 -4.20187 2
      vertex -29.8498 -4.20187 2.65
    endloop
  endfacet
  facet normal 0 -1 0
    outer loop
      vertex -29.8498 -4.20187 2
      vertex -28.8122 -4.20187 2.65
      vertex -29.8498 -4.20187 2.65
    endloop
  endfacet
  facet normal 0 -1 -0
    outer loop
      vertex -28.8122 -4.20187 2.65
      vertex -29.8498 -4.20187 2
      vertex -28.8122 -4.20187 2
    endloop
  endfacet
  facet normal 1 -0 0
    outer loop
      vertex -28.8122 -4.20187 2.65
      vertex -28.8122 1.53508 2
      vertex -28.8122 1.53508 2.65
    endloop
  endfacet
  facet normal 1 0 0
    outer loop
      vertex -28.8122 1.53508 2
      vertex -28.8122 -4.20187 2.65
      vertex -28.8122 -4.20187 2
    endloop
  endfacet
  facet normal 0 -1 0
    outer loop
      vertex 22.6741 -2.25499 2
      vertex 23.8826 -2.25499 2.65
      vertex 22.6741 -2.25499 2.65
    endloop
  endfacet
  facet normal 0 -1 -0
    outer loop
      vertex 23.8826 -2.25499 2.65
      vertex 22.6741 -2.25499 2
      vertex 23.8826 -2.25499 2
    endloop
  endfacet
  facet normal 1 -0 0
    outer loop
      vertex 23.8826 -2.25499 2.65
      vertex 23.8826 -1.38829 2
      vertex 23.8826 -1.38829 2.65
    endloop
  endfacet
  facet normal 1 0 0
    outer loop
      vertex 23.8826 -1.38829 2
      vertex 23.8826 -2.25499 2.65
      vertex 23.8826 -2.25499 2
    endloop
  endfacet
  facet normal 0 1 -0
    outer loop
      vertex 23.8826 -1.38829 2
      vertex 22.6741 -1.38829 2.65
      vertex 23.8826 -1.38829 2.65
    endloop
  endfacet
  facet normal 0 1 0
    outer loop
      vertex 22.6741 -1.38829 2.65
      vertex 23.8826 -1.38829 2
      vertex 22.6741 -1.38829 2
    endloop
  endfacet
  facet normal 1 -0 0
    outer loop
      vertex 22.6741 -1.38829 2.65
      vertex 22.6741 4.39743 2
      vertex 22.6741 4.39743 2.65
    endloop
  endfacet
  facet normal 1 0 0
    outer loop
      vertex 22.6741 4.39743 2
      vertex 22.6741 -1.38829 2.65
      vertex 22.6741 -1.38829 2
    endloop
  endfacet
  facet normal 0 1 -0
    outer loop
      vertex 22.6741 4.39743 2
      vertex 21.5206 4.39743 2.65
      vertex 22.6741 4.39743 2.65
    endloop
  endfacet
  facet normal 0 1 0
    outer loop
      vertex 21.5206 4.39743 2.65
      vertex 22.6741 4.39743 2
      vertex 21.5206 4.39743 2
    endloop
  endfacet
  facet normal -0.827332 0.561713 0
    outer loop
      vertex 17.5841 -1.40053 2
      vertex 21.5206 4.39743 2.65
      vertex 21.5206 4.39743 2
    endloop
  endfacet
  facet normal -0.827332 0.561713 0
    outer loop
      vertex 21.5206 4.39743 2.65
      vertex 17.5841 -1.40053 2
      vertex 17.5841 -1.40053 2.65
    endloop
  endfacet
  facet normal -1 0 0
    outer loop
      vertex 17.5841 -2.25499 2
      vertex 17.5841 -1.40053 2.65
      vertex 17.5841 -1.40053 2
    endloop
  endfacet
  facet normal -1 -0 0
    outer loop
      vertex 17.5841 -1.40053 2.65
      vertex 17.5841 -2.25499 2
      vertex 17.5841 -2.25499 2.65
    endloop
  endfacet
  facet normal 0 -1 0
    outer loop
      vertex 17.5841 -2.25499 2
      vertex 21.6366 -2.25499 2.65
      vertex 17.5841 -2.25499 2.65
    endloop
  endfacet
  facet normal 0 -1 -0
    outer loop
      vertex 21.6366 -2.25499 2.65
      vertex 17.5841 -2.25499 2
      vertex 21.6366 -2.25499 2
    endloop
  endfacet
  facet normal -1 0 0
    outer loop
      vertex 21.6366 -4.20187 2
      vertex 21.6366 -2.25499 2.65
      vertex 21.6366 -2.25499 2
    endloop
  endfacet
  facet normal -1 -0 0
    outer loop
      vertex 21.6366 -2.25499 2.65
      vertex 21.6366 -4.20187 2
      vertex 21.6366 -4.20187 2.65
    endloop
  endfacet
  facet normal 0 -1 0
    outer loop
      vertex 21.6366 -4.20187 2
      vertex 22.6741 -4.20187 2.65
      vertex 21.6366 -4.20187 2.65
    endloop
  endfacet
  facet normal 0 -1 -0
    outer loop
      vertex 22.6741 -4.20187 2.65
      vertex 21.6366 -4.20187 2
      vertex 22.6741 -4.20187 2
    endloop
  endfacet
  facet normal 1 -0 0
    outer loop
      vertex 22.6741 -4.20187 2.65
      vertex 22.6741 -2.25499 2
      vertex 22.6741 -2.25499 2.65
    endloop
  endfacet
  facet normal 1 0 0
    outer loop
      vertex 22.6741 -2.25499 2
      vertex 22.6741 -4.20187 2.65
      vertex 22.6741 -4.20187 2
    endloop
  endfacet
  facet normal 0.780657 -0.62496 0
    outer loop
      vertex 18.5972 -1.38829 2.65
      vertex 18.6949 -1.26625 2
      vertex 18.6949 -1.26625 2.65
    endloop
  endfacet
  facet normal 0.780657 -0.62496 0
    outer loop
      vertex 18.6949 -1.26625 2
      vertex 18.5972 -1.38829 2.65
      vertex 18.5972 -1.38829 2
    endloop
  endfacet
  facet normal 0.807763 -0.589507 0
    outer loop
      vertex 18.6949 -1.26625 2.65
      vertex 19.0245 -0.814621 2
      vertex 19.0245 -0.814621 2.65
    endloop
  endfacet
  facet normal 0.807763 -0.589507 0
    outer loop
      vertex 19.0245 -0.814621 2
      vertex 18.6949 -1.26625 2.65
      vertex 18.6949 -1.26625 2
    endloop
  endfacet
  facet normal 0.827487 -0.561485 0
    outer loop
      vertex 19.0245 -0.814621 2.65
      vertex 21.2276 2.43219 2
      vertex 21.2276 2.43219 2.65
    endloop
  endfacet
  facet normal 0.827487 -0.561485 0
    outer loop
      vertex 21.2276 2.43219 2
      vertex 19.0245 -0.814621 2.65
      vertex 19.0245 -0.814621 2
    endloop
  endfacet
  facet normal 0.835607 -0.549328 0
    outer loop
      vertex 21.2276 2.43219 2.65
      vertex 21.2626 2.48543 2
      vertex 21.2626 2.48543 2.65
    endloop
  endfacet
  facet normal 0.835607 -0.549328 0
    outer loop
      vertex 21.2626 2.48543 2
      vertex 21.2276 2.43219 2.65
      vertex 21.2276 2.43219 2
    endloop
  endfacet
  facet normal 0.851518 -0.524325 0
    outer loop
      vertex 21.2626 2.48543 2.65
      vertex 21.3038 2.55234 2
      vertex 21.3038 2.55234 2.65
    endloop
  endfacet
  facet normal 0.851518 -0.524325 0
    outer loop
      vertex 21.3038 2.55234 2
      vertex 21.2626 2.48543 2.65
      vertex 21.2626 2.48543 2
    endloop
  endfacet
  facet normal 0.860475 -0.509492 0
    outer loop
      vertex 21.3038 2.55234 2.65
      vertex 21.3515 2.6329 2
      vertex 21.3515 2.6329 2.65
    endloop
  endfacet
  facet normal 0.860475 -0.509492 0
    outer loop
      vertex 21.3515 2.6329 2
      vertex 21.3038 2.55234 2.65
      vertex 21.3038 2.55234 2
    endloop
  endfacet
  facet normal 0.86805 -0.496476 0
    outer loop
      vertex 21.3515 2.6329 2.65
      vertex 21.4054 2.72714 2
      vertex 21.4054 2.72714 2.65
    endloop
  endfacet
  facet normal 0.86805 -0.496476 0
    outer loop
      vertex 21.4054 2.72714 2
      vertex 21.3515 2.6329 2.65
      vertex 21.3515 2.6329 2
    endloop
  endfacet
  facet normal 0.872933 -0.487839 0
    outer loop
      vertex 21.4054 2.72714 2.65
      vertex 21.4657 2.83504 2
      vertex 21.4657 2.83504 2.65
    endloop
  endfacet
  facet normal 0.872933 -0.487839 0
    outer loop
      vertex 21.4657 2.83504 2
      vertex 21.4054 2.72714 2.65
      vertex 21.4054 2.72714 2
    endloop
  endfacet
  facet normal 0.876202 -0.481944 0
    outer loop
      vertex 21.4657 2.83504 2.65
      vertex 21.5233 2.93976 2
      vertex 21.5233 2.93976 2.65
    endloop
  endfacet
  facet normal 0.876202 -0.481944 0
    outer loop
      vertex 21.5233 2.93976 2
      vertex 21.4657 2.83504 2.65
      vertex 21.4657 2.83504 2
    endloop
  endfacet
  facet normal 0.879248 -0.476363 0
    outer loop
      vertex 21.5233 2.93976 2.65
      vertex 21.5692 3.02448 2
      vertex 21.5692 3.02448 2.65
    endloop
  endfacet
  facet normal 0.879248 -0.476363 0
    outer loop
      vertex 21.5692 3.02448 2
      vertex 21.5233 2.93976 2.65
      vertex 21.5233 2.93976 2
    endloop
  endfacet
  facet normal 0.884027 -0.467436 0
    outer loop
      vertex 21.5692 3.02448 2.65
      vertex 21.6034 3.08916 2
      vertex 21.6034 3.08916 2.65
    endloop
  endfacet
  facet normal 0.884027 -0.467436 0
    outer loop
      vertex 21.6034 3.08916 2
      vertex 21.5692 3.02448 2.65
      vertex 21.5692 3.02448 2
    endloop
  endfacet
  facet normal 0.893104 -0.449851 0
    outer loop
      vertex 21.6034 3.08916 2.65
      vertex 21.6259 3.13383 2
      vertex 21.6259 3.13383 2.65
    endloop
  endfacet
  facet normal 0.893104 -0.449851 0
    outer loop
      vertex 21.6259 3.13383 2
      vertex 21.6034 3.08916 2.65
      vertex 21.6034 3.08916 2
    endloop
  endfacet
  facet normal 0.917366 -0.398046 0
    outer loop
      vertex 21.6259 3.13383 2.65
      vertex 21.6366 3.15849 2
      vertex 21.6366 3.15849 2.65
    endloop
  endfacet
  facet normal 0.917366 -0.398046 0
    outer loop
      vertex 21.6366 3.15849 2
      vertex 21.6259 3.13383 2.65
      vertex 21.6259 3.13383 2
    endloop
  endfacet
  facet normal -1 0 0
    outer loop
      vertex 21.6366 -1.38829 2
      vertex 21.6366 3.15849 2.65
      vertex 21.6366 3.15849 2
    endloop
  endfacet
  facet normal -1 -0 0
    outer loop
      vertex 21.6366 3.15849 2.65
      vertex 21.6366 -1.38829 2
      vertex 21.6366 -1.38829 2.65
    endloop
  endfacet
  facet normal 0 1 -0
    outer loop
      vertex 21.6366 -1.38829 2
      vertex 18.5972 -1.38829 2.65
      vertex 21.6366 -1.38829 2.65
    endloop
  endfacet
  facet normal 0 1 0
    outer loop
      vertex 18.5972 -1.38829 2.65
      vertex 21.6366 -1.38829 2
      vertex 18.5972 -1.38829 2
    endloop
  endfacet
  facet normal 0.0782069 -0.996937 0
    outer loop
      vertex -11.4212 -4.29366 2
      vertex -11.1971 -4.27608 2.65
      vertex -11.4212 -4.29366 2.65
    endloop
  endfacet
  facet normal 0.0782069 -0.996937 0
    outer loop
      vertex -11.1971 -4.27608 2.65
      vertex -11.4212 -4.29366 2
      vertex -11.1971 -4.27608 2
    endloop
  endfacet
  facet normal 0.130775 -0.991412 0
    outer loop
      vertex -11.1971 -4.27608 2
      vertex -10.9749 -4.24677 2.65
      vertex -11.1971 -4.27608 2.65
    endloop
  endfacet
  facet normal 0.130775 -0.991412 0
    outer loop
      vertex -10.9749 -4.24677 2.65
      vertex -11.1971 -4.27608 2
      vertex -10.9749 -4.24677 2
    endloop
  endfacet
  facet normal 0.183135 -0.983088 0
    outer loop
      vertex -10.9749 -4.24677 2
      vertex -10.7547 -4.20575 2.65
      vertex -10.9749 -4.24677 2.65
    endloop
  endfacet
  facet normal 0.183135 -0.983088 0
    outer loop
      vertex -10.7547 -4.20575 2.65
      vertex -10.9749 -4.24677 2
      vertex -10.7547 -4.20575 2
    endloop
  endfacet
  facet normal 0.234982 -0.972 0
    outer loop
      vertex -10.7547 -4.20575 2
      vertex -10.5365 -4.153 2.65
      vertex -10.7547 -4.20575 2.65
    endloop
  endfacet
  facet normal 0.234982 -0.972 0
    outer loop
      vertex -10.5365 -4.153 2.65
      vertex -10.7547 -4.20575 2
      vertex -10.5365 -4.153 2
    endloop
  endfacet
  facet normal 1 -0 0
    outer loop
      vertex -10.5365 -4.153 2.65
      vertex -10.5365 -3.34129 2
      vertex -10.5365 -3.34129 2.65
    endloop
  endfacet
  facet normal 1 0 0
    outer loop
      vertex -10.5365 -3.34129 2
      vertex -10.5365 -4.153 2.65
      vertex -10.5365 -4.153 2
    endloop
  endfacet
  facet normal -0.190983 0.981593 0
    outer loop
      vertex -10.5365 -3.34129 2
      vertex -10.6947 -3.37207 2.65
      vertex -10.5365 -3.34129 2.65
    endloop
  endfacet
  facet normal -0.190983 0.981593 0
    outer loop
      vertex -10.6947 -3.37207 2.65
      vertex -10.5365 -3.34129 2
      vertex -10.6947 -3.37207 2
    endloop
  endfacet
  facet normal -0.165678 0.98618 0
    outer loop
      vertex -10.6947 -3.37207 2
      vertex -10.8372 -3.39601 2.65
      vertex -10.6947 -3.37207 2.65
    endloop
  endfacet
  facet normal -0.165678 0.98618 0
    outer loop
      vertex -10.8372 -3.39601 2.65
      vertex -10.6947 -3.37207 2
      vertex -10.8372 -3.39601 2
    endloop
  endfacet
  facet normal -0.133365 0.991067 0
    outer loop
      vertex -10.8372 -3.39601 2
      vertex -10.9642 -3.4131 2.65
      vertex -10.8372 -3.39601 2.65
    endloop
  endfacet
  facet normal -0.133365 0.991067 0
    outer loop
      vertex -10.9642 -3.4131 2.65
      vertex -10.8372 -3.39601 2
      vertex -10.9642 -3.4131 2
    endloop
  endfacet
  facet normal -0.0918828 0.99577 0
    outer loop
      vertex -10.9642 -3.4131 2
      vertex -11.0755 -3.42337 2.65
      vertex -10.9642 -3.4131 2.65
    endloop
  endfacet
  facet normal -0.0918828 0.99577 0
    outer loop
      vertex -11.0755 -3.42337 2.65
      vertex -10.9642 -3.4131 2
      vertex -11.0755 -3.42337 2
    endloop
  endfacet
  facet normal -0.0357139 0.999362 0
    outer loop
      vertex -11.0755 -3.42337 2
      vertex -11.1712 -3.42679 2.65
      vertex -11.0755 -3.42337 2.65
    endloop
  endfacet
  facet normal -0.0357139 0.999362 0
    outer loop
      vertex -11.1712 -3.42679 2.65
      vertex -11.0755 -3.42337 2
      vertex -11.1712 -3.42679 2
    endloop
  endfacet
  facet normal 0.0531061 0.998589 -0
    outer loop
      vertex -11.1712 -3.42679 2
      vertex -11.3158 -3.4191 2.65
      vertex -11.1712 -3.42679 2.65
    endloop
  endfacet
  facet normal 0.0531061 0.998589 0
    outer loop
      vertex -11.3158 -3.4191 2.65
      vertex -11.1712 -3.42679 2
      vertex -11.3158 -3.4191 2
    endloop
  endfacet
  facet normal 0.17955 0.983749 -0
    outer loop
      vertex -11.3158 -3.4191 2
      vertex -11.4422 -3.39603 2.65
      vertex -11.3158 -3.4191 2.65
    endloop
  endfacet
  facet normal 0.17955 0.983749 0
    outer loop
      vertex -11.4422 -3.39603 2.65
      vertex -11.3158 -3.4191 2
      vertex -11.4422 -3.39603 2
    endloop
  endfacet
  facet normal 0.335474 0.942049 -0
    outer loop
      vertex -11.4422 -3.39603 2
      vertex -11.5502 -3.35757 2.65
      vertex -11.4422 -3.39603 2.65
    endloop
  endfacet
  facet normal 0.335474 0.942049 0
    outer loop
      vertex -11.5502 -3.35757 2.65
      vertex -11.4422 -3.39603 2
      vertex -11.5502 -3.35757 2
    endloop
  endfacet
  facet normal 0.514425 0.857535 -0
    outer loop
      vertex -11.5502 -3.35757 2
      vertex -11.6399 -3.30376 2.65
      vertex -11.5502 -3.35757 2.65
    endloop
  endfacet
  facet normal 0.514425 0.857535 0
    outer loop
      vertex -11.6399 -3.30376 2.65
      vertex -11.5502 -3.35757 2
      vertex -11.6399 -3.30376 2
    endloop
  endfacet
  facet normal 0.696061 0.717983 -0
    outer loop
      vertex -11.6399 -3.30376 2
      vertex -11.7113 -3.23454 2.65
      vertex -11.6399 -3.30376 2.65
    endloop
  endfacet
  facet normal 0.696061 0.717983 0
    outer loop
      vertex -11.7113 -3.23454 2.65
      vertex -11.6399 -3.30376 2
      vertex -11.7113 -3.23454 2
    endloop
  endfacet
  facet normal 0.84389 0.536517 0
    outer loop
      vertex -11.7113 -3.23454 2.65
      vertex -11.7674 -3.1463 2
      vertex -11.7674 -3.1463 2.65
    endloop
  endfacet
  facet normal 0.84389 0.536517 0
    outer loop
      vertex -11.7674 -3.1463 2
      vertex -11.7113 -3.23454 2.65
      vertex -11.7113 -3.23454 2
    endloop
  endfacet
  facet normal 0.931012 0.364988 0
    outer loop
      vertex -11.7674 -3.1463 2.65
      vertex -11.8109 -3.03534 2
      vertex -11.8109 -3.03534 2.65
    endloop
  endfacet
  facet normal 0.931012 0.364988 0
    outer loop
      vertex -11.8109 -3.03534 2
      vertex -11.7674 -3.1463 2.65
      vertex -11.7674 -3.1463 2
    endloop
  endfacet
  facet normal 0.973825 0.227301 0
    outer loop
      vertex -11.8109 -3.03534 2.65
      vertex -11.8421 -2.90167 2
      vertex -11.8421 -2.90167 2.65
    endloop
  endfacet
  facet normal 0.973825 0.227301 0
    outer loop
      vertex -11.8421 -2.90167 2
      vertex -11.8109 -3.03534 2.65
      vertex -11.8109 -3.03534 2
    endloop
  endfacet
  facet normal 0.993 0.118116 0
    outer loop
      vertex -11.8421 -2.90167 2.65
      vertex -11.8607 -2.7453 2
      vertex -11.8607 -2.7453 2.65
    endloop
  endfacet
  facet normal 0.993 0.118116 0
    outer loop
      vertex -11.8607 -2.7453 2
      vertex -11.8421 -2.90167 2.65
      vertex -11.8421 -2.90167 2
    endloop
  endfacet
  facet normal 0.999382 0.0351561 0
    outer loop
      vertex -11.8607 -2.7453 2.65
      vertex -11.867 -2.56621 2
      vertex -11.867 -2.56621 2.65
    endloop
  endfacet
  facet normal 0.999382 0.0351561 0
    outer loop
      vertex -11.867 -2.56621 2
      vertex -11.8607 -2.7453 2.65
      vertex -11.8607 -2.7453 2
    endloop
  endfacet
  facet normal 1 -0 0
    outer loop
      vertex -11.867 -2.56621 2.65
      vertex -11.867 1.60222 2
      vertex -11.867 1.60222 2.65
    endloop
  endfacet
  facet normal 1 0 0
    outer loop
      vertex -11.867 1.60222 2
      vertex -11.867 -2.56621 2.65
      vertex -11.867 -2.56621 2
    endloop
  endfacet
  facet normal 0 -1 0
    outer loop
      vertex -11.867 1.60222 2
      vertex -10.6463 1.60222 2.65
      vertex -11.867 1.60222 2.65
    endloop
  endfacet
  facet normal 0 -1 -0
    outer loop
      vertex -10.6463 1.60222 2.65
      vertex -11.867 1.60222 2
      vertex -10.6463 1.60222 2
    endloop
  endfacet
  facet normal 1 -0 0
    outer loop
      vertex -10.6463 1.60222 2.65
      vertex -10.6463 2.40169 2
      vertex -10.6463 2.40169 2.65
    endloop
  endfacet
  facet normal 1 0 0
    outer loop
      vertex -10.6463 2.40169 2
      vertex -10.6463 1.60222 2.65
      vertex -10.6463 1.60222 2
    endloop
  endfacet
  facet normal 0 1 -0
    outer loop
      vertex -10.6463 2.40169 2
      vertex -11.867 2.40169 2.65
      vertex -10.6463 2.40169 2.65
    endloop
  endfacet
  facet normal 0 1 0
    outer loop
      vertex -11.867 2.40169 2.65
      vertex -10.6463 2.40169 2
      vertex -11.867 2.40169 2
    endloop
  endfacet
  facet normal 1 -0 0
    outer loop
      vertex -11.867 2.40169 2.65
      vertex -11.867 3.87868 2
      vertex -11.867 3.87868 2.65
    endloop
  endfacet
  facet normal 1 0 0
    outer loop
      vertex -11.867 3.87868 2
      vertex -11.867 2.40169 2.65
      vertex -11.867 2.40169 2
    endloop
  endfacet
  facet normal 0 1 -0
    outer loop
      vertex -11.867 3.87868 2
      vertex -12.5993 3.87868 2.65
      vertex -11.867 3.87868 2.65
    endloop
  endfacet
  facet normal 0 1 0
    outer loop
      vertex -12.5993 3.87868 2.65
      vertex -11.867 3.87868 2
      vertex -12.5993 3.87868 2
    endloop
  endfacet
  facet normal -0.976844 0.213955 0
    outer loop
      vertex -12.9228 2.40169 2
      vertex -12.5993 3.87868 2.65
      vertex -12.5993 3.87868 2
    endloop
  endfacet
  facet normal -0.976844 0.213955 0
    outer loop
      vertex -12.5993 3.87868 2.65
      vertex -12.9228 2.40169 2
      vertex -12.9228 2.40169 2.65
    endloop
  endfacet
  facet normal 0 1 -0
    outer loop
      vertex -12.9228 2.40169 2
      vertex -13.7284 2.40169 2.65
      vertex -12.9228 2.40169 2.65
    endloop
  endfacet
  facet normal 0 1 0
    outer loop
      vertex -13.7284 2.40169 2.65
      vertex -12.9228 2.40169 2
      vertex -13.7284 2.40169 2
    endloop
  endfacet
  facet normal -1 0 0
    outer loop
      vertex -13.7284 1.60222 2
      vertex -13.7284 2.40169 2.65
      vertex -13.7284 2.40169 2
    endloop
  endfacet
  facet normal -1 -0 0
    outer loop
      vertex -13.7284 2.40169 2.65
      vertex -13.7284 1.60222 2
      vertex -13.7284 1.60222 2.65
    endloop
  endfacet
  facet normal 0 -1 0
    outer loop
      vertex -13.7284 1.60222 2
      vertex -12.9655 1.60222 2.65
      vertex -13.7284 1.60222 2.65
    endloop
  endfacet
  facet normal 0 -1 -0
    outer loop
      vertex -12.9655 1.60222 2.65
      vertex -13.7284 1.60222 2
      vertex -12.9655 1.60222 2
    endloop
  endfacet
  facet normal -1 0 0
    outer loop
      vertex -12.9655 -2.80426 2
      vertex -12.9655 1.60222 2.65
      vertex -12.9655 1.60222 2
    endloop
  endfacet
  facet normal -1 -0 0
    outer loop
      vertex -12.9655 1.60222 2.65
      vertex -12.9655 -2.80426 2
      vertex -12.9655 -2.80426 2.65
    endloop
  endfacet
  facet normal -0.995242 -0.0974386 0
    outer loop
      vertex -12.9128 -3.34254 2
      vertex -12.9655 -2.80426 2.65
      vertex -12.9655 -2.80426 2
    endloop
  endfacet
  facet normal -0.995242 -0.0974386 0
    outer loop
      vertex -12.9655 -2.80426 2.65
      vertex -12.9128 -3.34254 2
      vertex -12.9128 -3.34254 2.65
    endloop
  endfacet
  facet normal -0.935451 -0.353456 0
    outer loop
      vertex -12.7546 -3.76123 2
      vertex -12.9128 -3.34254 2.65
      vertex -12.9128 -3.34254 2
    endloop
  endfacet
  facet normal -0.935451 -0.353456 0
    outer loop
      vertex -12.9128 -3.34254 2.65
      vertex -12.7546 -3.76123 2
      vertex -12.7546 -3.76123 2.65
    endloop
  endfacet
  facet normal -0.750035 -0.661398 0
    outer loop
      vertex -12.4909 -4.06027 2
      vertex -12.7546 -3.76123 2.65
      vertex -12.7546 -3.76123 2
    endloop
  endfacet
  facet normal -0.750035 -0.661398 0
    outer loop
      vertex -12.7546 -3.76123 2.65
      vertex -12.4909 -4.06027 2
      vertex -12.4909 -4.06027 2.65
    endloop
  endfacet
  facet normal -0.437205 -0.899362 0
    outer loop
      vertex -12.4909 -4.06027 2
      vertex -12.1218 -4.2397 2.65
      vertex -12.4909 -4.06027 2.65
    endloop
  endfacet
  facet normal -0.437205 -0.899362 -0
    outer loop
      vertex -12.1218 -4.2397 2.65
      vertex -12.4909 -4.06027 2
      vertex -12.1218 -4.2397 2
    endloop
  endfacet
  facet normal -0.125059 -0.992149 0
    outer loop
      vertex -12.1218 -4.2397 2
      vertex -11.6473 -4.29951 2.65
      vertex -12.1218 -4.2397 2.65
    endloop
  endfacet
  facet normal -0.125059 -0.992149 -0
    outer loop
      vertex -11.6473 -4.29951 2.65
      vertex -12.1218 -4.2397 2
      vertex -11.6473 -4.29951 2
    endloop
  endfacet
  facet normal 0.0258649 -0.999665 0
    outer loop
      vertex -11.6473 -4.29951 2
      vertex -11.4212 -4.29366 2.65
      vertex -11.6473 -4.29951 2.65
    endloop
  endfacet
  facet normal 0.0258649 -0.999665 0
    outer loop
      vertex -11.4212 -4.29366 2.65
      vertex -11.6473 -4.29951 2
      vertex -11.4212 -4.29366 2
    endloop
  endfacet
  facet normal 0.200179 -0.979759 0
    outer loop
      vertex -16.7049 -4.28998 2
      vertex -16.2066 -4.18817 2.65
      vertex -16.7049 -4.28998 2.65
    endloop
  endfacet
  facet normal 0.200179 -0.979759 0
    outer loop
      vertex -16.2066 -4.18817 2.65
      vertex -16.7049 -4.28998 2
      vertex -16.2066 -4.18817 2
    endloop
  endfacet
  facet normal 0.357578 -0.933883 0
    outer loop
      vertex -16.2066 -4.18817 2
      vertex -15.7635 -4.01851 2.65
      vertex -16.2066 -4.18817 2.65
    endloop
  endfacet
  facet normal 0.357578 -0.933883 0
    outer loop
      vertex -15.7635 -4.01851 2.65
      vertex -16.2066 -4.18817 2
      vertex -15.7635 -4.01851 2
    endloop
  endfacet
  facet normal 0.522218 -0.852812 0
    outer loop
      vertex -15.7635 -4.01851 2
      vertex -15.3756 -3.78098 2.65
      vertex -15.7635 -4.01851 2.65
    endloop
  endfacet
  facet normal 0.522218 -0.852812 0
    outer loop
      vertex -15.3756 -3.78098 2.65
      vertex -15.7635 -4.01851 2
      vertex -15.3756 -3.78098 2
    endloop
  endfacet
  facet normal 0.676138 -0.736775 0
    outer loop
      vertex -15.3756 -3.78098 2
      vertex -15.0428 -3.47557 2.65
      vertex -15.3756 -3.78098 2.65
    endloop
  endfacet
  facet normal 0.676138 -0.736775 0
    outer loop
      vertex -15.0428 -3.47557 2.65
      vertex -15.3756 -3.78098 2
      vertex -15.0428 -3.47557 2
    endloop
  endfacet
  facet normal 0.80662 -0.591071 0
    outer loop
      vertex -15.0428 -3.47557 2.65
      vertex -14.7682 -3.10083 2
      vertex -14.7682 -3.10083 2.65
    endloop
  endfacet
  facet normal 0.80662 -0.591071 0
    outer loop
      vertex -14.7682 -3.10083 2
      vertex -15.0428 -3.47557 2.65
      vertex -15.0428 -3.47557 2
    endloop
  endfacet
  facet normal 0.901716 -0.432328 0
    outer loop
      vertex -14.7682 -3.10083 2.65
      vertex -14.5546 -2.65532 2
      vertex -14.5546 -2.65532 2.65
    endloop
  endfacet
  facet normal 0.901716 -0.432328 0
    outer loop
      vertex -14.5546 -2.65532 2
      vertex -14.7682 -3.10083 2.65
      vertex -14.7682 -3.10083 2
    endloop
  endfacet
  facet normal 0.958991 -0.283438 0
    outer loop
      vertex -14.5546 -2.65532 2.65
      vertex -14.402 -2.13901 2
      vertex -14.402 -2.13901 2.65
    endloop
  endfacet
  facet normal 0.958991 -0.283438 0
    outer loop
      vertex -14.402 -2.13901 2
      vertex -14.5546 -2.65532 2.65
      vertex -14.5546 -2.65532 2
    endloop
  endfacet
  facet normal 0.988047 -0.154154 0
    outer loop
      vertex -14.402 -2.13901 2.65
      vertex -14.3104 -1.5519 2
      vertex -14.3104 -1.5519 2.65
    endloop
  endfacet
  facet normal 0.988047 -0.154154 0
    outer loop
      vertex -14.3104 -1.5519 2
      vertex -14.402 -2.13901 2.65
      vertex -14.402 -2.13901 2
    endloop
  endfacet
  facet normal 0.998927 -0.0463107 0
    outer loop
      vertex -14.3104 -1.5519 2.65
      vertex -14.2799 -0.894012 2
      vertex -14.2799 -0.894012 2.65
    endloop
  endfacet
  facet normal 0.998927 -0.0463107 0
    outer loop
      vertex -14.2799 -0.894012 2
      vertex -14.3104 -1.5519 2.65
      vertex -14.3104 -1.5519 2
    endloop
  endfacet
  facet normal 0.999073 0.0430372 0
    outer loop
      vertex -14.2799 -0.894012 2.65
      vertex -14.3085 -0.230087 2
      vertex -14.3085 -0.230087 2.65
    endloop
  endfacet
  facet normal 0.999073 0.0430372 0
    outer loop
      vertex -14.3085 -0.230087 2
      vertex -14.2799 -0.894012 2.65
      vertex -14.2799 -0.894012 2
    endloop
  endfacet
  facet normal 0.989629 0.143645 0
    outer loop
      vertex -14.3085 -0.230087 2.65
      vertex -14.3942 0.360336 2
      vertex -14.3942 0.360336 2.65
    endloop
  endfacet
  facet normal 0.989629 0.143645 0
    outer loop
      vertex -14.3942 0.360336 2
      vertex -14.3085 -0.230087 2.65
      vertex -14.3085 -0.230087 2
    endloop
  endfacet
  facet normal 0.963899 0.266269 0
    outer loop
      vertex -14.3942 0.360336 2.65
      vertex -14.537 0.877274 2
      vertex -14.537 0.877274 2.65
    endloop
  endfacet
  facet normal 0.963899 0.266269 0
    outer loop
      vertex -14.537 0.877274 2
      vertex -14.3942 0.360336 2.65
      vertex -14.3942 0.360336 2
    endloop
  endfacet
  facet normal 0.911576 0.411133 0
    outer loop
      vertex -14.537 0.877274 2.65
      vertex -14.737 1.32072 2
      vertex -14.737 1.32072 2.65
    endloop
  endfacet
  facet normal 0.911576 0.411133 0
    outer loop
      vertex -14.737 1.32072 2
      vertex -14.537 0.877274 2.65
      vertex -14.537 0.877274 2
    endloop
  endfacet
  facet normal 0.821186 0.57066 0
    outer loop
      vertex -14.737 1.32072 2.65
      vertex -14.9941 1.69069 2
      vertex -14.9941 1.69069 2.65
    endloop
  endfacet
  facet normal 0.821186 0.57066 0
    outer loop
      vertex -14.9941 1.69069 2
      vertex -14.737 1.32072 2.65
      vertex -14.737 1.32072 2
    endloop
  endfacet
  facet normal 0.686556 0.727077 -0
    outer loop
      vertex -14.9941 1.69069 2
      vertex -15.3117 1.99059 2.65
      vertex -14.9941 1.69069 2.65
    endloop
  endfacet
  facet normal 0.686556 0.727077 0
    outer loop
      vertex -15.3117 1.99059 2.65
      vertex -14.9941 1.69069 2
      vertex -15.3117 1.99059 2
    endloop
  endfacet
  facet normal 0.521615 0.853181 -0
    outer loop
      vertex -15.3117 1.99059 2
      vertex -15.6932 2.22383 2.65
      vertex -15.3117 1.99059 2.65
    endloop
  endfacet
  facet normal 0.521615 0.853181 0
    outer loop
      vertex -15.6932 2.22383 2.65
      vertex -15.3117 1.99059 2
      vertex -15.6932 2.22383 2
    endloop
  endfacet
  facet normal 0.350289 0.936642 -0
    outer loop
      vertex -15.6932 2.22383 2
      vertex -16.1387 2.39044 2.65
      vertex -15.6932 2.22383 2.65
    endloop
  endfacet
  facet normal 0.350289 0.936642 0
    outer loop
      vertex -16.1387 2.39044 2.65
      vertex -15.6932 2.22383 2
      vertex -16.1387 2.39044 2
    endloop
  endfacet
  facet normal 0.192522 0.981293 -0
    outer loop
      vertex -16.1387 2.39044 2
      vertex -16.6482 2.4904 2.65
      vertex -16.1387 2.39044 2.65
    endloop
  endfacet
  facet normal 0.192522 0.981293 0
    outer loop
      vertex -16.6482 2.4904 2.65
      vertex -16.1387 2.39044 2
      vertex -16.6482 2.4904 2
    endloop
  endfacet
  facet normal 0.058029 0.998315 -0
    outer loop
      vertex -16.6482 2.4904 2
      vertex -17.2216 2.52373 2.65
      vertex -16.6482 2.4904 2.65
    endloop
  endfacet
  facet normal 0.058029 0.998315 0
    outer loop
      vertex -17.2216 2.52373 2.65
      vertex -16.6482 2.4904 2
      vertex -17.2216 2.52373 2
    endloop
  endfacet
  facet normal -0.127251 0.991871 0
    outer loop
      vertex -17.2216 2.52373 2
      vertex -18.2872 2.38702 2.65
      vertex -17.2216 2.52373 2.65
    endloop
  endfacet
  facet normal -0.127251 0.991871 0
    outer loop
      vertex -18.2872 2.38702 2.65
      vertex -17.2216 2.52373 2
      vertex -18.2872 2.38702 2
    endloop
  endfacet
  facet normal -0.443481 0.896284 0
    outer loop
      vertex -18.2872 2.38702 2
      vertex -19.1161 1.97688 2.65
      vertex -18.2872 2.38702 2.65
    endloop
  endfacet
  facet normal -0.443481 0.896284 0
    outer loop
      vertex -19.1161 1.97688 2.65
      vertex -18.2872 2.38702 2
      vertex -19.1161 1.97688 2
    endloop
  endfacet
  facet normal -0.755913 0.654672 0
    outer loop
      vertex -19.7081 1.29333 2
      vertex -19.1161 1.97688 2.65
      vertex -19.1161 1.97688 2
    endloop
  endfacet
  facet normal -0.755913 0.654672 0
    outer loop
      vertex -19.1161 1.97688 2.65
      vertex -19.7081 1.29333 2
      vertex -19.7081 1.29333 2.65
    endloop
  endfacet
  facet normal -0.937503 0.347976 0
    outer loop
      vertex -20.0633 0.336365 2
      vertex -19.7081 1.29333 2.65
      vertex -19.7081 1.29333 2
    endloop
  endfacet
  facet normal -0.937503 0.347976 0
    outer loop
      vertex -19.7081 1.29333 2.65
      vertex -20.0633 0.336365 2
      vertex -20.0633 0.336365 2.65
    endloop
  endfacet
  facet normal -0.995402 0.0957882 0
    outer loop
      vertex -20.1817 -0.894012 2
      vertex -20.0633 0.336365 2.65
      vertex -20.0633 0.336365 2
    endloop
  endfacet
  facet normal -0.995402 0.0957882 0
    outer loop
      vertex -20.0633 0.336365 2.65
      vertex -20.1817 -0.894012 2
      vertex -20.1817 -0.894012 2.65
    endloop
  endfacet
  facet normal -0.998916 -0.0465594 0
    outer loop
      vertex -20.1521 -1.52907 2
      vertex -20.1817 -0.894012 2.65
      vertex -20.1817 -0.894012 2
    endloop
  endfacet
  facet normal -0.998916 -0.0465594 0
    outer loop
      vertex -20.1817 -0.894012 2.65
      vertex -20.1521 -1.52907 2
      vertex -20.1521 -1.52907 2.65
    endloop
  endfacet
  facet normal -0.988229 -0.152981 0
    outer loop
      vertex -20.0635 -2.10141 2
      vertex -20.1521 -1.52907 2.65
      vertex -20.1521 -1.52907 2
    endloop
  endfacet
  facet normal -0.988229 -0.152981 0
    outer loop
      vertex -20.1521 -1.52907 2.65
      vertex -20.0635 -2.10141 2
      vertex -20.0635 -2.10141 2.65
    endloop
  endfacet
  facet normal -0.960471 -0.278378 0
    outer loop
      vertex -19.9158 -2.61101 2
      vertex -20.0635 -2.10141 2.65
      vertex -20.0635 -2.10141 2
    endloop
  endfacet
  facet normal -0.960471 -0.278378 0
    outer loop
      vertex -20.0635 -2.10141 2.65
      vertex -19.9158 -2.61101 2
      vertex -19.9158 -2.61101 2.65
    endloop
  endfacet
  facet normal -0.907525 -0.419998 0
    outer loop
      vertex -19.709 -3.05786 2
      vertex -19.9158 -2.61101 2.65
      vertex -19.9158 -2.61101 2
    endloop
  endfacet
  facet normal -0.907525 -0.419998 0
    outer loop
      vertex -19.9158 -2.61101 2.65
      vertex -19.709 -3.05786 2
      vertex -19.709 -3.05786 2.65
    endloop
  endfacet
  facet normal -0.822336 -0.569003 0
    outer loop
      vertex -19.4432 -3.442 2
      vertex -19.709 -3.05786 2.65
      vertex -19.709 -3.05786 2
    endloop
  endfacet
  facet normal -0.822336 -0.569003 0
    outer loop
      vertex -19.709 -3.05786 2.65
      vertex -19.4432 -3.442 2
      vertex -19.4432 -3.442 2.65
    endloop
  endfacet
  facet normal -0.700226 -0.713922 0
    outer loop
      vertex -19.4432 -3.442 2
      vertex -19.1195 -3.75949 2.65
      vertex -19.4432 -3.442 2.65
    endloop
  endfacet
  facet normal -0.700226 -0.713922 -0
    outer loop
      vertex -19.1195 -3.75949 2.65
      vertex -19.4432 -3.442 2
      vertex -19.1195 -3.75949 2
    endloop
  endfacet
  facet normal -0.544477 -0.838776 0
    outer loop
      vertex -19.1195 -3.75949 2
      vertex -18.7391 -4.00642 2.65
      vertex -19.1195 -3.75949 2.65
    endloop
  endfacet
  facet normal -0.544477 -0.838776 -0
    outer loop
      vertex -18.7391 -4.00642 2.65
      vertex -19.1195 -3.75949 2
      vertex -18.7391 -4.00642 2
    endloop
  endfacet
  facet normal -0.374279 -0.927316 0
    outer loop
      vertex -18.7391 -4.00642 2
      vertex -18.3021 -4.1828 2.65
      vertex -18.7391 -4.00642 2.65
    endloop
  endfacet
  facet normal -0.374279 -0.927316 -0
    outer loop
      vertex -18.3021 -4.1828 2.65
      vertex -18.7391 -4.00642 2
      vertex -18.3021 -4.1828 2
    endloop
  endfacet
  facet normal -0.209659 -0.977775 0
    outer loop
      vertex -18.3021 -4.1828 2
      vertex -17.8085 -4.28864 2.65
      vertex -18.3021 -4.1828 2.65
    endloop
  endfacet
  facet normal -0.209659 -0.977775 -0
    outer loop
      vertex -17.8085 -4.28864 2.65
      vertex -18.3021 -4.1828 2
      vertex -17.8085 -4.28864 2
    endloop
  endfacet
  facet normal -0.0639727 -0.997952 0
    outer loop
      vertex -17.8085 -4.28864 2
      vertex -17.2583 -4.32391 2.65
      vertex -17.8085 -4.28864 2.65
    endloop
  endfacet
  facet normal -0.0639727 -0.997952 -0
    outer loop
      vertex -17.2583 -4.32391 2.65
      vertex -17.8085 -4.28864 2
      vertex -17.2583 -4.32391 2
    endloop
  endfacet
  facet normal 0.061197 -0.998126 0
    outer loop
      vertex -17.2583 -4.32391 2
      vertex -16.7049 -4.28998 2.65
      vertex -17.2583 -4.32391 2.65
    endloop
  endfacet
  facet normal 0.061197 -0.998126 0
    outer loop
      vertex -16.7049 -4.28998 2.65
      vertex -17.2583 -4.32391 2
      vertex -16.7049 -4.28998 2
    endloop
  endfacet
  facet normal 0.249525 0.968368 -0
    outer loop
      vertex -17.6149 -3.48595 2
      vertex -17.9204 -3.40723 2.65
      vertex -17.6149 -3.48595 2.65
    endloop
  endfacet
  facet normal 0.249525 0.968368 0
    outer loop
      vertex -17.9204 -3.40723 2.65
      vertex -17.6149 -3.48595 2
      vertex -17.9204 -3.40723 2
    endloop
  endfacet
  facet normal 0.441499 0.897262 -0
    outer loop
      vertex -17.9204 -3.40723 2
      vertex -18.1871 -3.276 2.65
      vertex -17.9204 -3.40723 2.65
    endloop
  endfacet
  facet normal 0.441499 0.897262 0
    outer loop
      vertex -18.1871 -3.276 2.65
      vertex -17.9204 -3.40723 2
      vertex -18.1871 -3.276 2
    endloop
  endfacet
  facet normal 0.627565 0.778564 -0
    outer loop
      vertex -18.1871 -3.276 2
      vertex -18.415 -3.0923 2.65
      vertex -18.1871 -3.276 2.65
    endloop
  endfacet
  facet normal 0.627565 0.778564 0
    outer loop
      vertex -18.415 -3.0923 2.65
      vertex -18.1871 -3.276 2
      vertex -18.415 -3.0923 2
    endloop
  endfacet
  facet normal 0.780817 0.62476 0
    outer loop
      vertex -18.415 -3.0923 2.65
      vertex -18.604 -2.85609 2
      vertex -18.604 -2.85609 2.65
    endloop
  endfacet
  facet normal 0.780817 0.62476 0
    outer loop
      vertex -18.604 -2.85609 2
      vertex -18.415 -3.0923 2.65
      vertex -18.415 -3.0923 2
    endloop
  endfacet
  facet normal 0.883786 0.467892 0
    outer loop
      vertex -18.604 -2.85609 2.65
      vertex -18.7567 -2.56766 2
      vertex -18.7567 -2.56766 2.65
    endloop
  endfacet
  facet normal 0.883786 0.467892 0
    outer loop
      vertex -18.7567 -2.56766 2
      vertex -18.604 -2.85609 2.65
      vertex -18.604 -2.85609 2
    endloop
  endfacet
  facet normal 0.944161 0.329484 0
    outer loop
      vertex -18.7567 -2.56766 2.65
      vertex -18.8755 -2.22723 2
      vertex -18.8755 -2.22723 2.65
    endloop
  endfacet
  facet normal 0.944161 0.329484 0
    outer loop
      vertex -18.8755 -2.22723 2
      vertex -18.7567 -2.56766 2.65
      vertex -18.7567 -2.56766 2
    endloop
  endfacet
  facet normal 0.977386 0.211463 0
    outer loop
      vertex -18.8755 -2.22723 2.65
      vertex -18.9604 -1.83482 2
      vertex -18.9604 -1.83482 2.65
    endloop
  endfacet
  facet normal 0.977386 0.211463 0
    outer loop
      vertex -18.9604 -1.83482 2
      vertex -18.8755 -2.22723 2.65
      vertex -18.8755 -2.22723 2
    endloop
  endfacet
  facet normal 0.993505 0.11379 0
    outer loop
      vertex -18.9604 -1.83482 2.65
      vertex -19.0113 -1.39041 2
      vertex -19.0113 -1.39041 2.65
    endloop
  endfacet
  facet normal 0.993505 0.11379 0
    outer loop
      vertex -19.0113 -1.39041 2
      vertex -18.9604 -1.83482 2.65
      vertex -18.9604 -1.83482 2
    endloop
  endfacet
  facet normal 0.999421 0.0340255 0
    outer loop
      vertex -19.0113 -1.39041 2.65
      vertex -19.0282 -0.894012 2
      vertex -19.0282 -0.894012 2.65
    endloop
  endfacet
  facet normal 0.999421 0.0340255 0
    outer loop
      vertex -19.0282 -0.894012 2
      vertex -19.0113 -1.39041 2.65
      vertex -19.0113 -1.39041 2
    endloop
  endfacet
  facet normal 0.999429 -0.0337956 0
    outer loop
      vertex -19.0282 -0.894012 2.65
      vertex -19.011 -0.385361 2
      vertex -19.011 -0.385361 2.65
    endloop
  endfacet
  facet normal 0.999429 -0.0337956 0
    outer loop
      vertex -19.011 -0.385361 2
      vertex -19.0282 -0.894012 2.65
      vertex -19.0282 -0.894012 2
    endloop
  endfacet
  facet normal 0.993539 -0.113488 0
    outer loop
      vertex -19.011 -0.385361 2.65
      vertex -18.9594 0.0663757 2
      vertex -18.9594 0.0663757 2.65
    endloop
  endfacet
  facet normal 0.993539 -0.113488 0
    outer loop
      vertex -18.9594 0.0663757 2
      vertex -19.011 -0.385361 2.65
      vertex -19.011 -0.385361 2
    endloop
  endfacet
  facet normal 0.977043 -0.213042 0
    outer loop
      vertex -18.9594 0.0663757 2.65
      vertex -18.8733 0.461243 2
      vertex -18.8733 0.461243 2.65
    endloop
  endfacet
  facet normal 0.977043 -0.213042 0
    outer loop
      vertex -18.8733 0.461243 2
      vertex -18.9594 0.0663757 2.65
      vertex -18.9594 0.0663757 2
    endloop
  endfacet
  facet normal 0.941921 -0.335836 0
    outer loop
      vertex -18.8733 0.461243 2.65
      vertex -18.7528 0.79921 2
      vertex -18.7528 0.79921 2.65
    endloop
  endfacet
  facet normal 0.941921 -0.335836 0
    outer loop
      vertex -18.7528 0.79921 2
      vertex -18.8733 0.461243 2.65
      vertex -18.8733 0.461243 2
    endloop
  endfacet
  facet normal 0.875828 -0.482624 0
    outer loop
      vertex -18.7528 0.79921 2.65
      vertex -18.5979 1.08031 2
      vertex -18.5979 1.08031 2.65
    endloop
  endfacet
  facet normal 0.875828 -0.482624 0
    outer loop
      vertex -18.5979 1.08031 2
      vertex -18.7528 0.79921 2.65
      vertex -18.7528 0.79921 2
    endloop
  endfacet
  facet normal 0.761606 -0.64804 0
    outer loop
      vertex -18.5979 1.08031 2.65
      vertex -18.4044 1.30772 2
      vertex -18.4044 1.30772 2.65
    endloop
  endfacet
  facet normal 0.761606 -0.64804 0
    outer loop
      vertex -18.4044 1.30772 2
      vertex -18.5979 1.08031 2.65
      vertex -18.5979 1.08031 2
    endloop
  endfacet
  facet normal 0.599577 -0.800317 0
    outer loop
      vertex -18.4044 1.30772 2
      vertex -18.1683 1.4846 2.65
      vertex -18.4044 1.30772 2.65
    endloop
  endfacet
  facet normal 0.599577 -0.800317 0
    outer loop
      vertex -18.1683 1.4846 2.65
      vertex -18.4044 1.30772 2
      vertex -18.1683 1.4846 2
    endloop
  endfacet
  facet normal 0.412658 -0.910886 0
    outer loop
      vertex -18.1683 1.4846 2
      vertex -17.8894 1.61095 2.65
      vertex -18.1683 1.4846 2.65
    endloop
  endfacet
  facet normal 0.412658 -0.910886 0
    outer loop
      vertex -17.8894 1.61095 2.65
      vertex -18.1683 1.4846 2
      vertex -17.8894 1.61095 2
    endloop
  endfacet
  facet normal 0.229343 -0.973346 0
    outer loop
      vertex -17.8894 1.61095 2
      vertex -17.5677 1.68675 2.65
      vertex -17.8894 1.61095 2.65
    endloop
  endfacet
  facet normal 0.229343 -0.973346 0
    outer loop
      vertex -17.5677 1.68675 2.65
      vertex -17.8894 1.61095 2
      vertex -17.5677 1.68675 2
    endloop
  endfacet
  facet normal 0.0691996 -0.997603 0
    outer loop
      vertex -17.5677 1.68675 2
      vertex -17.2034 1.71202 2.65
      vertex -17.5677 1.68675 2.65
    endloop
  endfacet
  facet normal 0.0691996 -0.997603 0
    outer loop
      vertex -17.2034 1.71202 2.65
      vertex -17.5677 1.68675 2
      vertex -17.2034 1.71202 2
    endloop
  endfacet
  facet normal -0.0684438 -0.997655 0
    outer loop
      vertex -17.2034 1.71202 2
      vertex -16.8422 1.68724 2.65
      vertex -17.2034 1.71202 2.65
    endloop
  endfacet
  facet normal -0.0684438 -0.997655 -0
    outer loop
      vertex -16.8422 1.68724 2.65
      vertex -17.2034 1.71202 2
      vertex -16.8422 1.68724 2
    endloop
  endfacet
  facet normal -0.228317 -0.973587 0
    outer loop
      vertex -16.8422 1.68724 2
      vertex -16.5252 1.6129 2.65
      vertex -16.8422 1.68724 2.65
    endloop
  endfacet
  facet normal -0.228317 -0.973587 -0
    outer loop
      vertex -16.5252 1.6129 2.65
      vertex -16.8422 1.68724 2
      vertex -16.5252 1.6129 2
    endloop
  endfacet
  facet normal -0.413499 -0.910505 0
    outer loop
      vertex -16.5252 1.6129 2
      vertex -16.2524 1.48901 2.65
      vertex -16.5252 1.6129 2.65
    endloop
  endfacet
  facet normal -0.413499 -0.910505 -0
    outer loop
      vertex -16.2524 1.48901 2.65
      vertex -16.5252 1.6129 2
      vertex -16.2524 1.48901 2
    endloop
  endfacet
  facet normal -0.604473 -0.796625 0
    outer loop
      vertex -16.2524 1.48901 2
      vertex -16.0238 1.31555 2.65
      vertex -16.2524 1.48901 2.65
    endloop
  endfacet
  facet normal -0.604473 -0.796625 -0
    outer loop
      vertex -16.0238 1.31555 2.65
      vertex -16.2524 1.48901 2
      vertex -16.0238 1.31555 2
    endloop
  endfacet
  facet normal -0.770496 -0.637445 0
    outer loop
      vertex -15.8393 1.09254 2
      vertex -16.0238 1.31555 2.65
      vertex -16.0238 1.31555 2
    endloop
  endfacet
  facet normal -0.770496 -0.637445 0
    outer loop
      vertex -16.0238 1.31555 2.65
      vertex -15.8393 1.09254 2
      vertex -15.8393 1.09254 2.65
    endloop
  endfacet
  facet normal -0.884987 -0.465615 0
    outer loop
      vertex -15.6932 0.81485 2
      vertex -15.8393 1.09254 2.65
      vertex -15.8393 1.09254 2
    endloop
  endfacet
  facet normal -0.884987 -0.465615 0
    outer loop
      vertex -15.8393 1.09254 2.65
      vertex -15.6932 0.81485 2
      vertex -15.6932 0.81485 2.65
    endloop
  endfacet
  facet normal -0.947751 -0.319012 0
    outer loop
      vertex -15.5796 0.477356 2
      vertex -15.6932 0.81485 2.65
      vertex -15.6932 0.81485 2
    endloop
  endfacet
  facet normal -0.947751 -0.319012 0
    outer loop
      vertex -15.6932 0.81485 2.65
      vertex -15.5796 0.477356 2
      vertex -15.5796 0.477356 2.65
    endloop
  endfacet
  facet normal -0.979749 -0.200229 0
    outer loop
      vertex -15.4984 0.0800323 2
      vertex -15.5796 0.477356 2.65
      vertex -15.5796 0.477356 2
    endloop
  endfacet
  facet normal -0.979749 -0.200229 0
    outer loop
      vertex -15.5796 0.477356 2.65
      vertex -15.4984 0.0800323 2
      vertex -15.4984 0.0800323 2.65
    endloop
  endfacet
  facet normal -0.994373 -0.10594 0
    outer loop
      vertex -15.4497 -0.377075 2
      vertex -15.4984 0.0800323 2.65
      vertex -15.4984 0.0800323 2
    endloop
  endfacet
  facet normal -0.994373 -0.10594 0
    outer loop
      vertex -15.4984 0.0800323 2.65
      vertex -15.4497 -0.377075 2
      vertex -15.4497 -0.377075 2.65
    endloop
  endfacet
  facet normal -0.999503 -0.0315162 0
    outer loop
      vertex -15.4334 -0.894012 2
      vertex -15.4497 -0.377075 2.65
      vertex -15.4497 -0.377075 2
    endloop
  endfacet
  facet normal -0.999503 -0.0315162 0
    outer loop
      vertex -15.4497 -0.377075 2.65
      vertex -15.4334 -0.894012 2
      vertex -15.4334 -0.894012 2.65
    endloop
  endfacet
  facet normal -0.999447 0.0332544 0
    outer loop
      vertex -15.4504 -1.40494 2
      vertex -15.4334 -0.894012 2.65
      vertex -15.4334 -0.894012 2
    endloop
  endfacet
  facet normal -0.999447 0.0332544 0
    outer loop
      vertex -15.4334 -0.894012 2.65
      vertex -15.4504 -1.40494 2
      vertex -15.4504 -1.40494 2.65
    endloop
  endfacet
  facet normal -0.993769 0.11146 0
    outer loop
      vertex -15.5013 -1.85876 2
      vertex -15.4504 -1.40494 2.65
      vertex -15.4504 -1.40494 2
    endloop
  endfacet
  facet normal -0.993769 0.11146 0
    outer loop
      vertex -15.4504 -1.40494 2.65
      vertex -15.5013 -1.85876 2
      vertex -15.5013 -1.85876 2.65
    endloop
  endfacet
  facet normal -0.977907 0.209041 0
    outer loop
      vertex -15.5861 -2.25546 2
      vertex -15.5013 -1.85876 2.65
      vertex -15.5013 -1.85876 2
    endloop
  endfacet
  facet normal -0.977907 0.209041 0
    outer loop
      vertex -15.5013 -1.85876 2.65
      vertex -15.5861 -2.25546 2
      vertex -15.5861 -2.25546 2.65
    endloop
  endfacet
  facet normal -0.943907 0.330211 0
    outer loop
      vertex -15.7049 -2.59505 2
      vertex -15.5861 -2.25546 2.65
      vertex -15.5861 -2.25546 2
    endloop
  endfacet
  facet normal -0.943907 0.330211 0
    outer loop
      vertex -15.5861 -2.25546 2.65
      vertex -15.7049 -2.59505 2
      vertex -15.7049 -2.59505 2.65
    endloop
  endfacet
  facet normal -0.879689 0.47555 0
    outer loop
      vertex -15.8576 -2.87752 2
      vertex -15.7049 -2.59505 2.65
      vertex -15.7049 -2.59505 2
    endloop
  endfacet
  facet normal -0.879689 0.47555 0
    outer loop
      vertex -15.7049 -2.59505 2.65
      vertex -15.8576 -2.87752 2
      vertex -15.8576 -2.87752 2.65
    endloop
  endfacet
  facet normal -0.765083 0.643932 0
    outer loop
      vertex -16.0499 -3.106 2
      vertex -15.8576 -2.87752 2.65
      vertex -15.8576 -2.87752 2
    endloop
  endfacet
  facet normal -0.765083 0.643932 0
    outer loop
      vertex -15.8576 -2.87752 2.65
      vertex -16.0499 -3.106 2
      vertex -16.0499 -3.106 2.65
    endloop
  endfacet
  facet normal -0.599266 0.80055 0
    outer loop
      vertex -16.0499 -3.106 2
      vertex -16.2873 -3.28371 2.65
      vertex -16.0499 -3.106 2.65
    endloop
  endfacet
  facet normal -0.599266 0.80055 0
    outer loop
      vertex -16.2873 -3.28371 2.65
      vertex -16.0499 -3.106 2
      vertex -16.2873 -3.28371 2
    endloop
  endfacet
  facet normal -0.40972 0.912211 0
    outer loop
      vertex -16.2873 -3.28371 2
      vertex -16.5699 -3.41064 2.65
      vertex -16.2873 -3.28371 2.65
    endloop
  endfacet
  facet normal -0.40972 0.912211 0
    outer loop
      vertex -16.5699 -3.41064 2.65
      vertex -16.2873 -3.28371 2
      vertex -16.5699 -3.41064 2
    endloop
  endfacet
  facet normal -0.226431 0.974027 0
    outer loop
      vertex -16.5699 -3.41064 2
      vertex -16.8976 -3.48682 2.65
      vertex -16.5699 -3.41064 2.65
    endloop
  endfacet
  facet normal -0.226431 0.974027 0
    outer loop
      vertex -16.8976 -3.48682 2.65
      vertex -16.5699 -3.41064 2
      vertex -16.8976 -3.48682 2
    endloop
  endfacet
  facet normal -0.0678774 0.997694 0
    outer loop
      vertex -16.8976 -3.48682 2
      vertex -17.2705 -3.51219 2.65
      vertex -16.8976 -3.48682 2.65
    endloop
  endfacet
  facet normal -0.0678774 0.997694 0
    outer loop
      vertex -17.2705 -3.51219 2.65
      vertex -16.8976 -3.48682 2
      vertex -17.2705 -3.51219 2
    endloop
  endfacet
  facet normal 0.0759703 0.99711 -0
    outer loop
      vertex -17.2705 -3.51219 2
      vertex -17.6149 -3.48595 2.65
      vertex -17.2705 -3.51219 2.65
    endloop
  endfacet
  facet normal 0.0759703 0.99711 0
    outer loop
      vertex -17.6149 -3.48595 2.65
      vertex -17.2705 -3.51219 2
      vertex -17.6149 -3.48595 2
    endloop
  endfacet
  facet normal 0.200198 -0.979755 0
    outer loop
      vertex -6.5244 -4.28998 2
      vertex -6.02615 -4.18817 2.65
      vertex -6.5244 -4.28998 2.65
    endloop
  endfacet
  facet normal 0.200198 -0.979755 0
    outer loop
      vertex -6.02615 -4.18817 2.65
      vertex -6.5244 -4.28998 2
      vertex -6.02615 -4.18817 2
    endloop
  endfacet
  facet normal 0.357578 -0.933883 0
    outer loop
      vertex -6.02615 -4.18817 2
      vertex -5.58305 -4.01851 2.65
      vertex -6.02615 -4.18817 2.65
    endloop
  endfacet
  facet normal 0.357578 -0.933883 0
    outer loop
      vertex -5.58305 -4.01851 2.65
      vertex -6.02615 -4.18817 2
      vertex -5.58305 -4.01851 2
    endloop
  endfacet
  facet normal 0.522199 -0.852824 0
    outer loop
      vertex -5.58305 -4.01851 2
      vertex -5.19513 -3.78098 2.65
      vertex -5.58305 -4.01851 2.65
    endloop
  endfacet
  facet normal 0.522199 -0.852824 0
    outer loop
      vertex -5.19513 -3.78098 2.65
      vertex -5.58305 -4.01851 2
      vertex -5.19513 -3.78098 2
    endloop
  endfacet
  facet normal 0.676193 -0.736725 0
    outer loop
      vertex -5.19513 -3.78098 2
      vertex -4.86238 -3.47557 2.65
      vertex -5.19513 -3.78098 2.65
    endloop
  endfacet
  facet normal 0.676193 -0.736725 0
    outer loop
      vertex -4.86238 -3.47557 2.65
      vertex -5.19513 -3.78098 2
      vertex -4.86238 -3.47557 2
    endloop
  endfacet
  facet normal 0.806558 -0.591155 0
    outer loop
      vertex -4.86238 -3.47557 2.65
      vertex -4.58772 -3.10083 2
      vertex -4.58772 -3.10083 2.65
    endloop
  endfacet
  facet normal 0.806558 -0.591155 0
    outer loop
      vertex -4.58772 -3.10083 2
      vertex -4.86238 -3.47557 2.65
      vertex -4.86238 -3.47557 2
    endloop
  endfacet
  facet normal 0.9017 -0.432361 0
    outer loop
      vertex -4.58772 -3.10083 2.65
      vertex -4.3741 -2.65532 2
      vertex -4.3741 -2.65532 2.65
    endloop
  endfacet
  facet normal 0.9017 -0.432361 0
    outer loop
      vertex -4.3741 -2.65532 2
      vertex -4.58772 -3.10083 2.65
      vertex -4.58772 -3.10083 2
    endloop
  endfacet
  facet normal 0.959006 -0.283387 0
    outer loop
      vertex -4.3741 -2.65532 2.65
      vertex -4.22153 -2.13901 2
      vertex -4.22153 -2.13901 2.65
    endloop
  endfacet
  facet normal 0.959006 -0.283387 0
    outer loop
      vertex -4.22153 -2.13901 2
      vertex -4.3741 -2.65532 2.65
      vertex -4.3741 -2.65532 2
    endloop
  endfacet
  facet normal 0.988057 -0.154088 0
    outer loop
      vertex -4.22153 -2.13901 2.65
      vertex -4.12997 -1.5519 2
      vertex -4.12997 -1.5519 2.65
    endloop
  endfacet
  facet normal 0.988057 -0.154088 0
    outer loop
      vertex -4.12997 -1.5519 2
      vertex -4.22153 -2.13901 2.65
      vertex -4.22153 -2.13901 2
    endloop
  endfacet
  facet normal 0.998926 -0.0463259 0
    outer loop
      vertex -4.12997 -1.5519 2.65
      vertex -4.09946 -0.894012 2
      vertex -4.09946 -0.894012 2.65
    endloop
  endfacet
  facet normal 0.998926 -0.0463259 0
    outer loop
      vertex -4.09946 -0.894012 2
      vertex -4.12997 -1.5519 2.65
      vertex -4.12997 -1.5519 2
    endloop
  endfacet
  facet normal 0.999076 0.0429772 0
    outer loop
      vertex -4.09946 -0.894012 2.65
      vertex -4.12802 -0.230087 2
      vertex -4.12802 -0.230087 2.65
    endloop
  endfacet
  facet normal 0.999076 0.0429772 0
    outer loop
      vertex -4.12802 -0.230087 2
      vertex -4.09946 -0.894012 2.65
      vertex -4.09946 -0.894012 2
    endloop
  endfacet
  facet normal 0.989632 0.143628 0
    outer loop
      vertex -4.12802 -0.230087 2.65
      vertex -4.21371 0.360336 2
      vertex -4.21371 0.360336 2.65
    endloop
  endfacet
  facet normal 0.989632 0.143628 0
    outer loop
      vertex -4.21371 0.360336 2
      vertex -4.12802 -0.230087 2.65
      vertex -4.12802 -0.230087 2
    endloop
  endfacet
  facet normal 0.96388 0.266339 0
    outer loop
      vertex -4.21371 0.360336 2.65
      vertex -4.35655 0.877274 2
      vertex -4.35655 0.877274 2.65
    endloop
  endfacet
  facet normal 0.96388 0.266339 0
    outer loop
      vertex -4.35655 0.877274 2
      vertex -4.21371 0.360336 2.65
      vertex -4.21371 0.360336 2
    endloop
  endfacet
  facet normal 0.911614 0.411047 0
    outer loop
      vertex -4.35655 0.877274 2.65
      vertex -4.5565 1.32072 2
      vertex -4.5565 1.32072 2.65
    endloop
  endfacet
  facet normal 0.911614 0.411047 0
    outer loop
      vertex -4.5565 1.32072 2
      vertex -4.35655 0.877274 2.65
      vertex -4.35655 0.877274 2
    endloop
  endfacet
  facet normal 0.821186 0.57066 0
    outer loop
      vertex -4.5565 1.32072 2.65
      vertex -4.8136 1.69069 2
      vertex -4.8136 1.69069 2.65
    endloop
  endfacet
  facet normal 0.821186 0.57066 0
    outer loop
      vertex -4.8136 1.69069 2
      vertex -4.5565 1.32072 2.65
      vertex -4.5565 1.32072 2
    endloop
  endfacet
  facet normal 0.686545 0.727087 -0
    outer loop
      vertex -4.8136 1.69069 2
      vertex -5.13121 1.99059 2.65
      vertex -4.8136 1.69069 2.65
    endloop
  endfacet
  facet normal 0.686545 0.727087 0
    outer loop
      vertex -5.13121 1.99059 2.65
      vertex -4.8136 1.69069 2
      vertex -5.13121 1.99059 2
    endloop
  endfacet
  facet normal 0.521555 0.853218 -0
    outer loop
      vertex -5.13121 1.99059 2
      vertex -5.51277 2.22383 2.65
      vertex -5.13121 1.99059 2.65
    endloop
  endfacet
  facet normal 0.521555 0.853218 0
    outer loop
      vertex -5.51277 2.22383 2.65
      vertex -5.13121 1.99059 2
      vertex -5.51277 2.22383 2
    endloop
  endfacet
  facet normal 0.350282 0.936644 -0
    outer loop
      vertex -5.51277 2.22383 2
      vertex -5.95828 2.39044 2.65
      vertex -5.51277 2.22383 2.65
    endloop
  endfacet
  facet normal 0.350282 0.936644 0
    outer loop
      vertex -5.95828 2.39044 2.65
      vertex -5.51277 2.22383 2
      vertex -5.95828 2.39044 2
    endloop
  endfacet
  facet normal 0.192529 0.981291 -0
    outer loop
      vertex -5.95828 2.39044 2
      vertex -6.46776 2.4904 2.65
      vertex -5.95828 2.39044 2.65
    endloop
  endfacet
  facet normal 0.192529 0.981291 0
    outer loop
      vertex -6.46776 2.4904 2.65
      vertex -5.95828 2.39044 2
      vertex -6.46776 2.4904 2
    endloop
  endfacet
  facet normal 0.058025 0.998315 -0
    outer loop
      vertex -6.46776 2.4904 2
      vertex -7.0412 2.52373 2.65
      vertex -6.46776 2.4904 2.65
    endloop
  endfacet
  facet normal 0.058025 0.998315 0
    outer loop
      vertex -7.0412 2.52373 2.65
      vertex -6.46776 2.4904 2
      vertex -7.0412 2.52373 2
    endloop
  endfacet
  facet normal -0.127251 0.991871 0
    outer loop
      vertex -7.0412 2.52373 2
      vertex -8.1068 2.38702 2.65
      vertex -7.0412 2.52373 2.65
    endloop
  endfacet
  facet normal -0.127251 0.991871 0
    outer loop
      vertex -8.1068 2.38702 2.65
      vertex -7.0412 2.52373 2
      vertex -8.1068 2.38702 2
    endloop
  endfacet
  facet normal -0.443529 0.89626 0
    outer loop
      vertex -8.1068 2.38702 2
      vertex -8.93559 1.97688 2.65
      vertex -8.1068 2.38702 2.65
    endloop
  endfacet
  facet normal -0.443529 0.89626 0
    outer loop
      vertex -8.93559 1.97688 2.65
      vertex -8.1068 2.38702 2
      vertex -8.93559 1.97688 2
    endloop
  endfacet
  facet normal -0.755908 0.654678 0
    outer loop
      vertex -9.5276 1.29333 2
      vertex -8.93559 1.97688 2.65
      vertex -8.93559 1.97688 2
    endloop
  endfacet
  facet normal -0.755908 0.654678 0
    outer loop
      vertex -8.93559 1.97688 2.65
      vertex -9.5276 1.29333 2
      vertex -9.5276 1.29333 2.65
    endloop
  endfacet
  facet normal -0.937503 0.347976 0
    outer loop
      vertex -9.8828 0.336365 2
      vertex -9.5276 1.29333 2.65
      vertex -9.5276 1.29333 2
    endloop
  endfacet
  facet normal -0.937503 0.347976 0
    outer loop
      vertex -9.5276 1.29333 2.65
      vertex -9.8828 0.336365 2
      vertex -9.8828 0.336365 2.65
    endloop
  endfacet
  facet normal -0.995402 0.0957882 0
    outer loop
      vertex -10.0012 -0.894012 2
      vertex -9.8828 0.336365 2.65
      vertex -9.8828 0.336365 2
    endloop
  endfacet
  facet normal -0.995402 0.0957882 0
    outer loop
      vertex -9.8828 0.336365 2.65
      vertex -10.0012 -0.894012 2
      vertex -10.0012 -0.894012 2.65
    endloop
  endfacet
  facet normal -0.99892 -0.0464652 0
    outer loop
      vertex -9.97166 -1.52907 2
      vertex -10.0012 -0.894012 2.65
      vertex -10.0012 -0.894012 2
    endloop
  endfacet
  facet normal -0.99892 -0.0464652 0
    outer loop
      vertex -10.0012 -0.894012 2.65
      vertex -9.97166 -1.52907 2
      vertex -9.97166 -1.52907 2.65
    endloop
  endfacet
  facet normal -0.988229 -0.152981 0
    outer loop
      vertex -9.88306 -2.10141 2
      vertex -9.97166 -1.52907 2.65
      vertex -9.97166 -1.52907 2
    endloop
  endfacet
  facet normal -0.988229 -0.152981 0
    outer loop
      vertex -9.97166 -1.52907 2.65
      vertex -9.88306 -2.10141 2
      vertex -9.88306 -2.10141 2.65
    endloop
  endfacet
  facet normal -0.960477 -0.278361 0
    outer loop
      vertex -9.73537 -2.61101 2
      vertex -9.88306 -2.10141 2.65
      vertex -9.88306 -2.10141 2
    endloop
  endfacet
  facet normal -0.960477 -0.278361 0
    outer loop
      vertex -9.88306 -2.10141 2.65
      vertex -9.73537 -2.61101 2
      vertex -9.73537 -2.61101 2.65
    endloop
  endfacet
  facet normal -0.90754 -0.419965 0
    outer loop
      vertex -9.52859 -3.05786 2
      vertex -9.73537 -2.61101 2.65
      vertex -9.73537 -2.61101 2
    endloop
  endfacet
  facet normal -0.90754 -0.419965 0
    outer loop
      vertex -9.73537 -2.61101 2.65
      vertex -9.52859 -3.05786 2
      vertex -9.52859 -3.05786 2.65
    endloop
  endfacet
  facet normal -0.822305 -0.569046 0
    outer loop
      vertex -9.26276 -3.442 2
      vertex -9.52859 -3.05786 2.65
      vertex -9.52859 -3.05786 2
    endloop
  endfacet
  facet normal -0.822305 -0.569046 0
    outer loop
      vertex -9.52859 -3.05786 2.65
      vertex -9.26276 -3.442 2
      vertex -9.26276 -3.442 2.65
    endloop
  endfacet
  facet normal -0.700192 -0.713954 0
    outer loop
      vertex -9.26276 -3.442 2
      vertex -8.93903 -3.75949 2.65
      vertex -9.26276 -3.442 2.65
    endloop
  endfacet
  facet normal -0.700192 -0.713954 -0
    outer loop
      vertex -8.93903 -3.75949 2.65
      vertex -9.26276 -3.442 2
      vertex -8.93903 -3.75949 2
    endloop
  endfacet
  facet normal -0.544517 -0.83875 0
    outer loop
      vertex -8.93903 -3.75949 2
      vertex -8.55867 -4.00642 2.65
      vertex -8.93903 -3.75949 2.65
    endloop
  endfacet
  facet normal -0.544517 -0.83875 -0
    outer loop
      vertex -8.55867 -4.00642 2.65
      vertex -8.93903 -3.75949 2
      vertex -8.55867 -4.00642 2
    endloop
  endfacet
  facet normal -0.374279 -0.927316 0
    outer loop
      vertex -8.55867 -4.00642 2
      vertex -8.12167 -4.1828 2.65
      vertex -8.55867 -4.00642 2.65
    endloop
  endfacet
  facet normal -0.374279 -0.927316 -0
    outer loop
      vertex -8.12167 -4.1828 2.65
      vertex -8.55867 -4.00642 2
      vertex -8.12167 -4.1828 2
    endloop
  endfacet
  facet normal -0.209659 -0.977775 0
    outer loop
      vertex -8.12167 -4.1828 2
      vertex -7.62807 -4.28864 2.65
      vertex -8.12167 -4.1828 2.65
    endloop
  endfacet
  facet normal -0.209659 -0.977775 -0
    outer loop
      vertex -7.62807 -4.28864 2.65
      vertex -8.12167 -4.1828 2
      vertex -7.62807 -4.28864 2
    endloop
  endfacet
  facet normal -0.0639669 -0.997952 0
    outer loop
      vertex -7.62807 -4.28864 2
      vertex -7.07782 -4.32391 2.65
      vertex -7.62807 -4.28864 2.65
    endloop
  endfacet
  facet normal -0.0639669 -0.997952 -0
    outer loop
      vertex -7.07782 -4.32391 2.65
      vertex -7.62807 -4.28864 2
      vertex -7.07782 -4.32391 2
    endloop
  endfacet
  facet normal 0.0611948 -0.998126 0
    outer loop
      vertex -7.07782 -4.32391 2
      vertex -6.5244 -4.28998 2.65
      vertex -7.07782 -4.32391 2.65
    endloop
  endfacet
  facet normal 0.0611948 -0.998126 0
    outer loop
      vertex -6.5244 -4.28998 2.65
      vertex -7.07782 -4.32391 2
      vertex -6.5244 -4.28998 2
    endloop
  endfacet
  facet normal 0.249518 0.96837 -0
    outer loop
      vertex -7.4344 -3.48595 2
      vertex -7.73991 -3.40723 2.65
      vertex -7.4344 -3.48595 2.65
    endloop
  endfacet
  facet normal 0.249518 0.96837 0
    outer loop
      vertex -7.73991 -3.40723 2.65
      vertex -7.4344 -3.48595 2
      vertex -7.73991 -3.40723 2
    endloop
  endfacet
  facet normal 0.441485 0.897268 -0
    outer loop
      vertex -7.73991 -3.40723 2
      vertex -8.00662 -3.276 2.65
      vertex -7.73991 -3.40723 2.65
    endloop
  endfacet
  facet normal 0.441485 0.897268 0
    outer loop
      vertex -8.00662 -3.276 2.65
      vertex -7.73991 -3.40723 2
      vertex -8.00662 -3.276 2
    endloop
  endfacet
  facet normal 0.627582 0.77855 -0
    outer loop
      vertex -8.00662 -3.276 2
      vertex -8.23451 -3.0923 2.65
      vertex -8.00662 -3.276 2.65
    endloop
  endfacet
  facet normal 0.627582 0.77855 0
    outer loop
      vertex -8.23451 -3.0923 2.65
      vertex -8.00662 -3.276 2
      vertex -8.23451 -3.0923 2
    endloop
  endfacet
  facet normal 0.780704 0.624901 0
    outer loop
      vertex -8.23451 -3.0923 2.65
      vertex -8.42358 -2.85609 2
      vertex -8.42358 -2.85609 2.65
    endloop
  endfacet
  facet normal 0.780704 0.624901 0
    outer loop
      vertex -8.42358 -2.85609 2
      vertex -8.23451 -3.0923 2.65
      vertex -8.23451 -3.0923 2
    endloop
  endfacet
  facet normal 0.883773 0.467916 0
    outer loop
      vertex -8.42358 -2.85609 2.65
      vertex -8.57629 -2.56766 2
      vertex -8.57629 -2.56766 2.65
    endloop
  endfacet
  facet normal 0.883773 0.467916 0
    outer loop
      vertex -8.57629 -2.56766 2
      vertex -8.42358 -2.85609 2.65
      vertex -8.42358 -2.85609 2
    endloop
  endfacet
  facet normal 0.944196 0.329385 0
    outer loop
      vertex -8.57629 -2.56766 2.65
      vertex -8.69505 -2.22723 2
      vertex -8.69505 -2.22723 2.65
    endloop
  endfacet
  facet normal 0.944196 0.329385 0
    outer loop
      vertex -8.69505 -2.22723 2
      vertex -8.57629 -2.56766 2.65
      vertex -8.57629 -2.56766 2
    endloop
  endfacet
  facet normal 0.977417 0.21132 0
    outer loop
      vertex -8.69505 -2.22723 2.65
      vertex -8.77989 -1.83482 2
      vertex -8.77989 -1.83482 2.65
    endloop
  endfacet
  facet normal 0.977417 0.21132 0
    outer loop
      vertex -8.77989 -1.83482 2
      vertex -8.69505 -2.22723 2.65
      vertex -8.69505 -2.22723 2
    endloop
  endfacet
  facet normal 0.993502 0.113812 0
    outer loop
      vertex -8.77989 -1.83482 2.65
      vertex -8.8308 -1.39041 2
      vertex -8.8308 -1.39041 2.65
    endloop
  endfacet
  facet normal 0.993502 0.113812 0
    outer loop
      vertex -8.8308 -1.39041 2
      vertex -8.77989 -1.83482 2.65
      vertex -8.77989 -1.83482 2
    endloop
  endfacet
  facet normal 0.999417 0.0341462 0
    outer loop
      vertex -8.8308 -1.39041 2.65
      vertex -8.84776 -0.894012 2
      vertex -8.84776 -0.894012 2.65
    endloop
  endfacet
  facet normal 0.999417 0.0341462 0
    outer loop
      vertex -8.84776 -0.894012 2
      vertex -8.8308 -1.39041 2.65
      vertex -8.8308 -1.39041 2
    endloop
  endfacet
  facet normal 0.999428 -0.0338152 0
    outer loop
      vertex -8.84776 -0.894012 2.65
      vertex -8.83055 -0.385361 2
      vertex -8.83055 -0.385361 2.65
    endloop
  endfacet
  facet normal 0.999428 -0.0338152 0
    outer loop
      vertex -8.83055 -0.385361 2
      vertex -8.84776 -0.894012 2.65
      vertex -8.84776 -0.894012 2
    endloop
  endfacet
  facet normal 0.993532 -0.113553 0
    outer loop
      vertex -8.83055 -0.385361 2.65
      vertex -8.77892 0.0663757 2
      vertex -8.77892 0.0663757 2.65
    endloop
  endfacet
  facet normal 0.993532 -0.113553 0
    outer loop
      vertex -8.77892 0.0663757 2
      vertex -8.83055 -0.385361 2.65
      vertex -8.83055 -0.385361 2
    endloop
  endfacet
  facet normal 0.977064 -0.212948 0
    outer loop
      vertex -8.77892 0.0663757 2.65
      vertex -8.69286 0.461243 2
      vertex -8.69286 0.461243 2.65
    endloop
  endfacet
  facet normal 0.977064 -0.212948 0
    outer loop
      vertex -8.69286 0.461243 2
      vertex -8.77892 0.0663757 2.65
      vertex -8.77892 0.0663757 2
    endloop
  endfacet
  facet normal 0.941929 -0.335811 0
    outer loop
      vertex -8.69286 0.461243 2.65
      vertex -8.57237 0.79921 2
      vertex -8.57237 0.79921 2.65
    endloop
  endfacet
  facet normal 0.941929 -0.335811 0
    outer loop
      vertex -8.57237 0.79921 2
      vertex -8.69286 0.461243 2.65
      vertex -8.69286 0.461243 2
    endloop
  endfacet
  facet normal 0.875828 -0.482624 0
    outer loop
      vertex -8.57237 0.79921 2.65
      vertex -8.41747 1.08031 2
      vertex -8.41747 1.08031 2.65
    endloop
  endfacet
  facet normal 0.875828 -0.482624 0
    outer loop
      vertex -8.41747 1.08031 2
      vertex -8.57237 0.79921 2.65
      vertex -8.57237 0.79921 2
    endloop
  endfacet
  facet normal 0.761656 -0.647982 0
    outer loop
      vertex -8.41747 1.08031 2.65
      vertex -8.224 1.30772 2
      vertex -8.224 1.30772 2.65
    endloop
  endfacet
  facet normal 0.761656 -0.647982 0
    outer loop
      vertex -8.224 1.30772 2
      vertex -8.41747 1.08031 2.65
      vertex -8.41747 1.08031 2
    endloop
  endfacet
  facet normal 0.599431 -0.800427 0
    outer loop
      vertex -8.224 1.30772 2
      vertex -7.98781 1.4846 2.65
      vertex -8.224 1.30772 2.65
    endloop
  endfacet
  facet normal 0.599431 -0.800427 0
    outer loop
      vertex -7.98781 1.4846 2.65
      vertex -8.224 1.30772 2
      vertex -7.98781 1.4846 2
    endloop
  endfacet
  facet normal 0.412634 -0.910897 0
    outer loop
      vertex -7.98781 1.4846 2
      vertex -7.70889 1.61095 2.65
      vertex -7.98781 1.4846 2.65
    endloop
  endfacet
  facet normal 0.412634 -0.910897 0
    outer loop
      vertex -7.70889 1.61095 2.65
      vertex -7.98781 1.4846 2
      vertex -7.70889 1.61095 2
    endloop
  endfacet
  facet normal 0.229397 -0.973333 0
    outer loop
      vertex -7.70889 1.61095 2
      vertex -7.38727 1.68675 2.65
      vertex -7.70889 1.61095 2.65
    endloop
  endfacet
  facet normal 0.229397 -0.973333 0
    outer loop
      vertex -7.38727 1.68675 2.65
      vertex -7.70889 1.61095 2
      vertex -7.38727 1.68675 2
    endloop
  endfacet
  facet normal 0.0691902 -0.997603 0
    outer loop
      vertex -7.38727 1.68675 2
      vertex -7.02292 1.71202 2.65
      vertex -7.38727 1.68675 2.65
    endloop
  endfacet
  facet normal 0.0691902 -0.997603 0
    outer loop
      vertex -7.02292 1.71202 2.65
      vertex -7.38727 1.68675 2
      vertex -7.02292 1.71202 2
    endloop
  endfacet
  facet normal -0.0684457 -0.997655 0
    outer loop
      vertex -7.02292 1.71202 2
      vertex -6.66173 1.68724 2.65
      vertex -7.02292 1.71202 2.65
    endloop
  endfacet
  facet normal -0.0684457 -0.997655 -0
    outer loop
      vertex -6.66173 1.68724 2.65
      vertex -7.02292 1.71202 2
      vertex -6.66173 1.68724 2
    endloop
  endfacet
  facet normal -0.228317 -0.973587 0
    outer loop
      vertex -6.66173 1.68724 2
      vertex -6.34473 1.6129 2.65
      vertex -6.66173 1.68724 2.65
    endloop
  endfacet
  facet normal -0.228317 -0.973587 -0
    outer loop
      vertex -6.34473 1.6129 2.65
      vertex -6.66173 1.68724 2
      vertex -6.34473 1.6129 2
    endloop
  endfacet
  facet normal -0.413474 -0.910516 0
    outer loop
      vertex -6.34473 1.6129 2
      vertex -6.07191 1.48901 2.65
      vertex -6.34473 1.6129 2.65
    endloop
  endfacet
  facet normal -0.413474 -0.910516 -0
    outer loop
      vertex -6.07191 1.48901 2.65
      vertex -6.34473 1.6129 2
      vertex -6.07191 1.48901 2
    endloop
  endfacet
  facet normal -0.604473 -0.796625 0
    outer loop
      vertex -6.07191 1.48901 2
      vertex -5.84331 1.31555 2.65
      vertex -6.07191 1.48901 2.65
    endloop
  endfacet
  facet normal -0.604473 -0.796625 -0
    outer loop
      vertex -5.84331 1.31555 2.65
      vertex -6.07191 1.48901 2
      vertex -5.84331 1.31555 2
    endloop
  endfacet
  facet normal -0.770598 -0.637322 0
    outer loop
      vertex -5.65887 1.09254 2
      vertex -5.84331 1.31555 2.65
      vertex -5.84331 1.31555 2
    endloop
  endfacet
  facet normal -0.770598 -0.637322 0
    outer loop
      vertex -5.84331 1.31555 2.65
      vertex -5.65887 1.09254 2
      vertex -5.65887 1.09254 2.65
    endloop
  endfacet
  facet normal -0.884974 -0.46564 0
    outer loop
      vertex -5.51276 0.81485 2
      vertex -5.65887 1.09254 2.65
      vertex -5.65887 1.09254 2
    endloop
  endfacet
  facet normal -0.884974 -0.46564 0
    outer loop
      vertex -5.65887 1.09254 2.65
      vertex -5.51276 0.81485 2
      vertex -5.51276 0.81485 2.65
    endloop
  endfacet
  facet normal -0.947708 -0.319138 0
    outer loop
      vertex -5.39911 0.477356 2
      vertex -5.51276 0.81485 2.65
      vertex -5.51276 0.81485 2
    endloop
  endfacet
  facet normal -0.947708 -0.319138 0
    outer loop
      vertex -5.51276 0.81485 2.65
      vertex -5.39911 0.477356 2
      vertex -5.39911 0.477356 2.65
    endloop
  endfacet
  facet normal -0.979759 -0.200181 0
    outer loop
      vertex -5.31793 0.0800323 2
      vertex -5.39911 0.477356 2.65
      vertex -5.39911 0.477356 2
    endloop
  endfacet
  facet normal -0.979759 -0.200181 0
    outer loop
      vertex -5.39911 0.477356 2.65
      vertex -5.31793 0.0800323 2
      vertex -5.31793 0.0800323 2.65
    endloop
  endfacet
  facet normal -0.994368 -0.105983 0
    outer loop
      vertex -5.26921 -0.377075 2
      vertex -5.31793 0.0800323 2.65
      vertex -5.31793 0.0800323 2
    endloop
  endfacet
  facet normal -0.994368 -0.105983 0
    outer loop
      vertex -5.31793 0.0800323 2.65
      vertex -5.26921 -0.377075 2
      vertex -5.26921 -0.377075 2.65
    endloop
  endfacet
  facet normal -0.999507 -0.031381 0
    outer loop
      vertex -5.25298 -0.894012 2
      vertex -5.26921 -0.377075 2.65
      vertex -5.26921 -0.377075 2
    endloop
  endfacet
  facet normal -0.999507 -0.031381 0
    outer loop
      vertex -5.26921 -0.377075 2.65
      vertex -5.25298 -0.894012 2
      vertex -5.25298 -0.894012 2.65
    endloop
  endfacet
  facet normal -0.99945 0.0331762 0
    outer loop
      vertex -5.26994 -1.40494 2
      vertex -5.25298 -0.894012 2.65
      vertex -5.25298 -0.894012 2
    endloop
  endfacet
  facet normal -0.99945 0.0331762 0
    outer loop
      vertex -5.25298 -0.894012 2.65
      vertex -5.26994 -1.40494 2
      vertex -5.26994 -1.40494 2.65
    endloop
  endfacet
  facet normal -0.993766 0.111482 0
    outer loop
      vertex -5.32085 -1.85876 2
      vertex -5.26994 -1.40494 2.65
      vertex -5.26994 -1.40494 2
    endloop
  endfacet
  facet normal -0.993766 0.111482 0
    outer loop
      vertex -5.26994 -1.40494 2.65
      vertex -5.32085 -1.85876 2
      vertex -5.32085 -1.85876 2.65
    endloop
  endfacet
  facet normal -0.977887 0.209135 0
    outer loop
      vertex -5.40569 -2.25546 2
      vertex -5.32085 -1.85876 2.65
      vertex -5.32085 -1.85876 2
    endloop
  endfacet
  facet normal -0.977887 0.209135 0
    outer loop
      vertex -5.32085 -1.85876 2.65
      vertex -5.40569 -2.25546 2
      vertex -5.40569 -2.25546 2.65
    endloop
  endfacet
  facet normal -0.943951 0.330087 0
    outer loop
      vertex -5.52444 -2.59505 2
      vertex -5.40569 -2.25546 2.65
      vertex -5.40569 -2.25546 2
    endloop
  endfacet
  facet normal -0.943951 0.330087 0
    outer loop
      vertex -5.40569 -2.25546 2.65
      vertex -5.52444 -2.59505 2
      vertex -5.52444 -2.59505 2.65
    endloop
  endfacet
  facet normal -0.879676 0.475574 0
    outer loop
      vertex -5.67715 -2.87752 2
      vertex -5.52444 -2.59505 2.65
      vertex -5.52444 -2.59505 2
    endloop
  endfacet
  facet normal -0.879676 0.475574 0
    outer loop
      vertex -5.52444 -2.59505 2.65
      vertex -5.67715 -2.87752 2
      vertex -5.67715 -2.87752 2.65
    endloop
  endfacet
  facet normal -0.765166 0.643834 0
    outer loop
      vertex -5.8694 -3.106 2
      vertex -5.67715 -2.87752 2.65
      vertex -5.67715 -2.87752 2
    endloop
  endfacet
  facet normal -0.765166 0.643834 0
    outer loop
      vertex -5.67715 -2.87752 2.65
      vertex -5.8694 -3.106 2
      vertex -5.8694 -3.106 2.65
    endloop
  endfacet
  facet normal -0.59925 0.800562 0
    outer loop
      vertex -5.8694 -3.106 2
      vertex -6.10681 -3.28371 2.65
      vertex -5.8694 -3.106 2.65
    endloop
  endfacet
  facet normal -0.59925 0.800562 0
    outer loop
      vertex -6.10681 -3.28371 2.65
      vertex -5.8694 -3.106 2
      vertex -6.10681 -3.28371 2
    endloop
  endfacet
  facet normal -0.409732 0.912206 0
    outer loop
      vertex -6.10681 -3.28371 2
      vertex -6.3894 -3.41064 2.65
      vertex -6.10681 -3.28371 2.65
    endloop
  endfacet
  facet normal -0.409732 0.912206 0
    outer loop
      vertex -6.3894 -3.41064 2.65
      vertex -6.10681 -3.28371 2
      vertex -6.3894 -3.41064 2
    endloop
  endfacet
  facet normal -0.226398 0.974035 0
    outer loop
      vertex -6.3894 -3.41064 2
      vertex -6.71715 -3.48682 2.65
      vertex -6.3894 -3.41064 2.65
    endloop
  endfacet
  facet normal -0.226398 0.974035 0
    outer loop
      vertex -6.71715 -3.48682 2.65
      vertex -6.3894 -3.41064 2
      vertex -6.71715 -3.48682 2
    endloop
  endfacet
  facet normal -0.0678756 0.997694 0
    outer loop
      vertex -6.71715 -3.48682 2
      vertex -7.09006 -3.51219 2.65
      vertex -6.71715 -3.48682 2.65
    endloop
  endfacet
  facet normal -0.0678756 0.997694 0
    outer loop
      vertex -7.09006 -3.51219 2.65
      vertex -6.71715 -3.48682 2
      vertex -7.09006 -3.51219 2
    endloop
  endfacet
  facet normal 0.0759835 0.997109 -0
    outer loop
      vertex -7.09006 -3.51219 2
      vertex -7.4344 -3.48595 2.65
      vertex -7.09006 -3.51219 2.65
    endloop
  endfacet
  facet normal 0.0759835 0.997109 0
    outer loop
      vertex -7.4344 -3.48595 2.65
      vertex -7.09006 -3.51219 2
      vertex -7.4344 -3.48595 2
    endloop
  endfacet
  facet normal 0.99941 -0.034343 0
    outer loop
      vertex -1.77191 -0.75972 2.65
      vertex -1.75751 -0.340668 2
      vertex -1.75751 -0.340668 2.65
    endloop
  endfacet
  facet normal 0.99941 -0.034343 0
    outer loop
      vertex -1.75751 -0.340668 2
      vertex -1.77191 -0.75972 2.65
      vertex -1.77191 -0.75972 2
    endloop
  endfacet
  facet normal 0.993536 -0.11352 0
    outer loop
      vertex -1.75751 -0.340668 2.65
      vertex -1.71429 0.0375977 2
      vertex -1.71429 0.0375977 2.65
    endloop
  endfacet
  facet normal 0.993536 -0.11352 0
    outer loop
      vertex -1.71429 0.0375977 2
      vertex -1.75751 -0.340668 2.65
      vertex -1.75751 -0.340668 2
    endloop
  endfacet
  facet normal 0.977982 -0.208688 0
    outer loop
      vertex -1.71429 0.0375977 2.65
      vertex -1.64227 0.375107 2
      vertex -1.64227 0.375107 2.65
    endloop
  endfacet
  facet normal 0.977982 -0.208688 0
    outer loop
      vertex -1.64227 0.375107 2
      vertex -1.71429 0.0375977 2.65
      vertex -1.71429 0.0375977 2
    endloop
  endfacet
  facet normal 0.946822 -0.321759 0
    outer loop
      vertex -1.64227 0.375107 2.65
      vertex -1.54144 0.671814 2
      vertex -1.54144 0.671814 2.65
    endloop
  endfacet
  facet normal 0.946822 -0.321759 0
    outer loop
      vertex -1.54144 0.671814 2
      vertex -1.64227 0.375107 2.65
      vertex -1.64227 0.375107 2
    endloop
  endfacet
  facet normal 0.892123 -0.451793 0
    outer loop
      vertex -1.54144 0.671814 2.65
      vertex -1.41182 0.927765 2
      vertex -1.41182 0.927765 2.65
    endloop
  endfacet
  facet normal 0.892123 -0.451793 0
    outer loop
      vertex -1.41182 0.927765 2
      vertex -1.54144 0.671814 2.65
      vertex -1.54144 0.671814 2
    endloop
  endfacet
  facet normal 0.803694 -0.595043 0
    outer loop
      vertex -1.41182 0.927765 2.65
      vertex -1.25484 1.13979 2
      vertex -1.25484 1.13979 2.65
    endloop
  endfacet
  facet normal 0.803694 -0.595043 0
    outer loop
      vertex -1.25484 1.13979 2
      vertex -1.41182 0.927765 2.65
      vertex -1.41182 0.927765 2
    endloop
  endfacet
  facet normal 0.669716 -0.742617 0
    outer loop
      vertex -1.25484 1.13979 2
      vertex -1.07199 1.30469 2.65
      vertex -1.25484 1.13979 2.65
    endloop
  endfacet
  facet normal 0.669716 -0.742617 0
    outer loop
      vertex -1.07199 1.30469 2.65
      vertex -1.25484 1.13979 2
      vertex -1.07199 1.30469 2
    endloop
  endfacet
  facet normal 0.491506 -0.870874 0
    outer loop
      vertex -1.07199 1.30469 2
      vertex -0.863266 1.42249 2.65
      vertex -1.07199 1.30469 2.65
    endloop
  endfacet
  facet normal 0.491506 -0.870874 0
    outer loop
      vertex -0.863266 1.42249 2.65
      vertex -1.07199 1.30469 2
      vertex -0.863266 1.42249 2
    endloop
  endfacet
  facet normal 0.288429 -0.957501 0
    outer loop
      vertex -0.863266 1.42249 2
      vertex -0.628662 1.49316 2.65
      vertex -0.863266 1.42249 2.65
    endloop
  endfacet
  facet normal 0.288429 -0.957501 0
    outer loop
      vertex -0.628662 1.49316 2.65
      vertex -0.863266 1.42249 2
      vertex -0.628662 1.49316 2
    endloop
  endfacet
  facet normal 0.0900797 -0.995935 0
    outer loop
      vertex -0.628662 1.49316 2
      vertex -0.368179 1.51672 2.65
      vertex -0.628662 1.49316 2.65
    endloop
  endfacet
  facet normal 0.0900797 -0.995935 0
    outer loop
      vertex -0.368179 1.51672 2.65
      vertex -0.628662 1.49316 2
      vertex -0.368179 1.51672 2
    endloop
  endfacet
  facet normal -0.0173523 -0.999849 0
    outer loop
      vertex -0.368179 1.51672 2
      vertex -0.227585 1.51428 2.65
      vertex -0.368179 1.51672 2.65
    endloop
  endfacet
  facet normal -0.0173523 -0.999849 -0
    outer loop
      vertex -0.227585 1.51428 2.65
      vertex -0.368179 1.51672 2
      vertex -0.227585 1.51428 2
    endloop
  endfacet
  facet normal -0.0567007 -0.998391 0
    outer loop
      vertex -0.227585 1.51428 2
      vertex -0.0986938 1.50696 2.65
      vertex -0.227585 1.51428 2.65
    endloop
  endfacet
  facet normal -0.0567007 -0.998391 -0
    outer loop
      vertex -0.0986938 1.50696 2.65
      vertex -0.227585 1.51428 2
      vertex -0.0986938 1.50696 2
    endloop
  endfacet
  facet normal -0.103658 -0.994613 0
    outer loop
      vertex -0.0986938 1.50696 2
      vertex 0.0184631 1.49475 2.65
      vertex -0.0986938 1.50696 2.65
    endloop
  endfacet
  facet normal -0.103658 -0.994613 -0
    outer loop
      vertex 0.0184631 1.49475 2.65
      vertex -0.0986938 1.50696 2
      vertex 0.0184631 1.49475 2
    endloop
  endfacet
  facet normal -0.15993 -0.987128 0
    outer loop
      vertex 0.0184631 1.49475 2
      vertex 0.123947 1.47766 2.65
      vertex 0.0184631 1.49475 2.65
    endloop
  endfacet
  facet normal -0.15993 -0.987128 -0
    outer loop
      vertex 0.123947 1.47766 2.65
      vertex 0.0184631 1.49475 2
      vertex 0.123947 1.47766 2
    endloop
  endfacet
  facet normal -0.228032 -0.973654 0
    outer loop
      vertex 0.123947 1.47766 2
      vertex 0.217712 1.4557 2.65
      vertex 0.123947 1.47766 2.65
    endloop
  endfacet
  facet normal -0.228032 -0.973654 -0
    outer loop
      vertex 0.217712 1.4557 2.65
      vertex 0.123947 1.47766 2
      vertex 0.217712 1.4557 2
    endloop
  endfacet
  facet normal 1 -0 0
    outer loop
      vertex 0.217712 1.4557 2.65
      vertex 0.217712 2.46271 2
      vertex 0.217712 2.46271 2.65
    endloop
  endfacet
  facet normal 1 0 0
    outer loop
      vertex 0.217712 2.46271 2
      vertex 0.217712 1.4557 2.65
      vertex 0.217712 1.4557 2
    endloop
  endfacet
  facet normal 0.236854 0.971545 -0
    outer loop
      vertex 0.217712 2.46271 2
      vertex 0.127594 2.48468 2.65
      vertex 0.217712 2.46271 2.65
    endloop
  endfacet
  facet normal 0.236854 0.971545 0
    outer loop
      vertex 0.127594 2.48468 2.65
      vertex 0.217712 2.46271 2
      vertex 0.127594 2.48468 2
    endloop
  endfacet
  facet normal 0.187117 0.982338 -0
    outer loop
      vertex 0.127594 2.48468 2
      vertex 0.0379791 2.50175 2.65
      vertex 0.127594 2.48468 2.65
    endloop
  endfacet
  facet normal 0.187117 0.982338 0
    outer loop
      vertex 0.0379791 2.50175 2.65
      vertex 0.127594 2.48468 2
      vertex 0.0379791 2.50175 2
    endloop
  endfacet
  facet normal 0.135774 0.99074 -0
    outer loop
      vertex 0.0379791 2.50175 2
      vertex -0.0511169 2.51396 2.65
      vertex 0.0379791 2.50175 2.65
    endloop
  endfacet
  facet normal 0.135774 0.99074 0
    outer loop
      vertex -0.0511169 2.51396 2.65
      vertex 0.0379791 2.50175 2
      vertex -0.0511169 2.51396 2
    endloop
  endfacet
  facet normal 0.0824284 0.996597 -0
    outer loop
      vertex -0.0511169 2.51396 2
      vertex -0.13974 2.52129 2.65
      vertex -0.0511169 2.51396 2.65
    endloop
  endfacet
  facet normal 0.0824284 0.996597 0
    outer loop
      vertex -0.13974 2.52129 2.65
      vertex -0.0511169 2.51396 2
      vertex -0.13974 2.52129 2
    endloop
  endfacet
  facet normal 0.0276792 0.999617 -0
    outer loop
      vertex -0.13974 2.52129 2
      vertex -0.227859 2.52373 2.65
      vertex -0.13974 2.52129 2.65
    endloop
  endfacet
  facet normal 0.0276792 0.999617 0
    outer loop
      vertex -0.227859 2.52373 2.65
      vertex -0.13974 2.52129 2
      vertex -0.227859 2.52373 2
    endloop
  endfacet
  facet normal -0.0522848 0.998632 0
    outer loop
      vertex -0.227859 2.52373 2
      vertex -0.465652 2.51128 2.65
      vertex -0.227859 2.52373 2.65
    endloop
  endfacet
  facet normal -0.0522848 0.998632 0
    outer loop
      vertex -0.465652 2.51128 2.65
      vertex -0.227859 2.52373 2
      vertex -0.465652 2.51128 2
    endloop
  endfacet
  facet normal -0.170868 0.985294 0
    outer loop
      vertex -0.465652 2.51128 2
      vertex -0.680969 2.47394 2.65
      vertex -0.465652 2.51128 2.65
    endloop
  endfacet
  facet normal -0.170868 0.985294 0
    outer loop
      vertex -0.680969 2.47394 2.65
      vertex -0.465652 2.51128 2
      vertex -0.680969 2.47394 2
    endloop
  endfacet
  facet normal -0.307197 0.951646 0
    outer loop
      vertex -0.680969 2.47394 2
      vertex -0.87384 2.41168 2.65
      vertex -0.680969 2.47394 2.65
    endloop
  endfacet
  facet normal -0.307197 0.951646 0
    outer loop
      vertex -0.87384 2.41168 2.65
      vertex -0.680969 2.47394 2
      vertex -0.87384 2.41168 2
    endloop
  endfacet
  facet normal -0.455241 0.890368 0
    outer loop
      vertex -0.87384 2.41168 2
      vertex -1.04427 2.32454 2.65
      vertex -0.87384 2.41168 2.65
    endloop
  endfacet
  facet normal -0.455241 0.890368 0
    outer loop
      vertex -1.04427 2.32454 2.65
      vertex -0.87384 2.41168 2
      vertex -1.04427 2.32454 2
    endloop
  endfacet
  facet normal -0.603701 0.797211 0
    outer loop
      vertex -1.04427 2.32454 2
      vertex -1.19221 2.21251 2.65
      vertex -1.04427 2.32454 2.65
    endloop
  endfacet
  facet normal -0.603701 0.797211 0
    outer loop
      vertex -1.19221 2.21251 2.65
      vertex -1.04427 2.32454 2
      vertex -1.19221 2.21251 2
    endloop
  endfacet
  facet normal -0.737896 0.674914 0
    outer loop
      vertex -1.32573 2.06653 2
      vertex -1.19221 2.21251 2.65
      vertex -1.19221 2.21251 2
    endloop
  endfacet
  facet normal -0.737896 0.674914 0
    outer loop
      vertex -1.19221 2.21251 2.65
      vertex -1.32573 2.06653 2
      vertex -1.32573 2.06653 2.65
    endloop
  endfacet
  facet normal -0.82957 0.558403 0
    outer loop
      vertex -1.45291 1.87759 2
      vertex -1.32573 2.06653 2.65
      vertex -1.32573 2.06653 2
    endloop
  endfacet
  facet normal -0.82957 0.558403 0
    outer loop
      vertex -1.32573 2.06653 2.65
      vertex -1.45291 1.87759 2
      vertex -1.45291 1.87759 2.65
    endloop
  endfacet
  facet normal -0.88683 0.462095 0
    outer loop
      vertex -1.57375 1.64568 2
      vertex -1.45291 1.87759 2.65
      vertex -1.45291 1.87759 2
    endloop
  endfacet
  facet normal -0.88683 0.462095 0
    outer loop
      vertex -1.45291 1.87759 2.65
      vertex -1.57375 1.64568 2
      vertex -1.57375 1.64568 2.65
    endloop
  endfacet
  facet normal -0.923141 0.384463 0
    outer loop
      vertex -1.68823 1.3708 2
      vertex -1.57375 1.64568 2.65
      vertex -1.57375 1.64568 2
    endloop
  endfacet
  facet normal -0.923141 0.384463 0
    outer loop
      vertex -1.57375 1.64568 2.65
      vertex -1.68823 1.3708 2
      vertex -1.68823 1.3708 2.65
    endloop
  endfacet
  facet normal -0.94669 0.322146 0
    outer loop
      vertex -1.79639 1.05295 2
      vertex -1.68823 1.3708 2.65
      vertex -1.68823 1.3708 2
    endloop
  endfacet
  facet normal -0.94669 0.322146 0
    outer loop
      vertex -1.68823 1.3708 2.65
      vertex -1.79639 1.05295 2
      vertex -1.79639 1.05295 2.65
    endloop
  endfacet
  facet normal 0 1 -0
    outer loop
      vertex -1.79639 1.05295 2
      vertex -1.82077 1.05295 2.65
      vertex -1.79639 1.05295 2.65
    endloop
  endfacet
  facet normal 0 1 0
    outer loop
      vertex -1.82077 1.05295 2.65
      vertex -1.79639 1.05295 2
      vertex -1.82077 1.05295 2
    endloop
  endfacet
  facet normal 0.999881 0.0154498 0
    outer loop
      vertex -1.82077 1.05295 2.65
      vertex -1.82272 1.17915 2
      vertex -1.82272 1.17915 2.65
    endloop
  endfacet
  facet normal 0.999881 0.0154498 0
    outer loop
      vertex -1.82272 1.17915 2
      vertex -1.82077 1.05295 2.65
      vertex -1.82077 1.05295 2
    endloop
  endfacet
  facet normal 0.999562 0.0295845 0
    outer loop
      vertex -1.82272 1.17915 2.65
      vertex -1.82858 1.37714 2
      vertex -1.82858 1.37714 2.65
    endloop
  endfacet
  facet normal 0.999562 0.0295845 0
    outer loop
      vertex -1.82858 1.37714 2
      vertex -1.82272 1.17915 2.65
      vertex -1.82272 1.17915 2
    endloop
  endfacet
  facet normal 0.999347 0.0361223 0
    outer loop
      vertex -1.82858 1.37714 2.65
      vertex -1.83833 1.64688 2
      vertex -1.83833 1.64688 2.65
    endloop
  endfacet
  facet normal 0.999347 0.0361223 0
    outer loop
      vertex -1.83833 1.64688 2
      vertex -1.82858 1.37714 2.65
      vertex -1.82858 1.37714 2
    endloop
  endfacet
  facet normal 0.999201 0.0399657 0
    outer loop
      vertex -1.83833 1.64688 2.65
      vertex -1.85199 1.9884 2
      vertex -1.85199 1.9884 2.65
    endloop
  endfacet
  facet normal 0.999201 0.0399657 0
    outer loop
      vertex -1.85199 1.9884 2
      vertex -1.83833 1.64688 2.65
      vertex -1.83833 1.64688 2
    endloop
  endfacet
  facet normal 0.999099 0.04245 0
    outer loop
      vertex -1.85199 1.9884 2.65
      vertex -1.86955 2.40169 2
      vertex -1.86955 2.40169 2.65
    endloop
  endfacet
  facet normal 0.999099 0.04245 0
    outer loop
      vertex -1.86955 2.40169 2
      vertex -1.85199 1.9884 2.65
      vertex -1.85199 1.9884 2
    endloop
  endfacet
  facet normal 0 1 -0
    outer loop
      vertex -1.86955 2.40169 2
      vertex -2.90707 2.40169 2.65
      vertex -1.86955 2.40169 2.65
    endloop
  endfacet
  facet normal 0 1 0
    outer loop
      vertex -2.90707 2.40169 2.65
      vertex -1.86955 2.40169 2
      vertex -2.90707 2.40169 2
    endloop
  endfacet
  facet normal -0.999212 -0.0396932 0
    outer loop
      vertex -2.89392 2.07066 2
      vertex -2.90707 2.40169 2.65
      vertex -2.90707 2.40169 2
    endloop
  endfacet
  facet normal -0.999212 -0.0396932 0
    outer loop
      vertex -2.90707 2.40169 2.65
      vertex -2.89392 2.07066 2
      vertex -2.89392 2.07066 2.65
    endloop
  endfacet
  facet normal -0.999488 -0.0319891 0
    outer loop
      vertex -2.8837 1.75134 2
      vertex -2.89392 2.07066 2.65
      vertex -2.89392 2.07066 2
    endloop
  endfacet
  facet normal -0.999488 -0.0319891 0
    outer loop
      vertex -2.89392 2.07066 2.65
      vertex -2.8837 1.75134 2
      vertex -2.8837 1.75134 2.65
    endloop
  endfacet
  facet normal -0.999718 -0.0237579 0
    outer loop
      vertex -2.87639 1.44374 2
      vertex -2.8837 1.75134 2.65
      vertex -2.8837 1.75134 2
    endloop
  endfacet
  facet normal -0.999718 -0.0237579 0
    outer loop
      vertex -2.8837 1.75134 2.65
      vertex -2.87639 1.44374 2
      vertex -2.87639 1.44374 2.65
    endloop
  endfacet
  facet normal -0.999889 -0.0148692 0
    outer loop
      vertex -2.87199 1.14786 2
      vertex -2.87639 1.44374 2.65
      vertex -2.87639 1.44374 2
    endloop
  endfacet
  facet normal -0.999889 -0.0148692 0
    outer loop
      vertex -2.87639 1.44374 2.65
      vertex -2.87199 1.14786 2
      vertex -2.87199 1.14786 2.65
    endloop
  endfacet
  facet normal -0.999987 -0.00513748 0
    outer loop
      vertex -2.87053 0.863678 2
      vertex -2.87199 1.14786 2.65
      vertex -2.87199 1.14786 2
    endloop
  endfacet
  facet normal -0.999987 -0.00513748 0
    outer loop
      vertex -2.87199 1.14786 2.65
      vertex -2.87053 0.863678 2
      vertex -2.87053 0.863678 2.65
    endloop
  endfacet
  facet normal -1 0 0
    outer loop
      vertex -2.87053 -4.20187 2
      vertex -2.87053 0.863678 2.65
      vertex -2.87053 0.863678 2
    endloop
  endfacet
  facet normal -1 -0 0
    outer loop
      vertex -2.87053 0.863678 2.65
      vertex -2.87053 -4.20187 2
      vertex -2.87053 -4.20187 2.65
    endloop
  endfacet
  facet normal 0 -1 0
    outer loop
      vertex -2.87053 -4.20187 2
      vertex -1.77191 -4.20187 2.65
      vertex -2.87053 -4.20187 2.65
    endloop
  endfacet
  facet normal 0 -1 -0
    outer loop
      vertex -1.77191 -4.20187 2.65
      vertex -2.87053 -4.20187 2
      vertex -1.77191 -4.20187 2
    endloop
  endfacet
  facet normal 1 -0 0
    outer loop
      vertex -1.77191 -4.20187 2.65
      vertex -1.77191 -0.75972 2
      vertex -1.77191 -0.75972 2.65
    endloop
  endfacet
  facet normal 1 0 0
    outer loop
      vertex -1.77191 -0.75972 2
      vertex -1.77191 -4.20187 2.65
      vertex -1.77191 -4.20187 2
    endloop
  endfacet
  facet normal 0 1 -0
    outer loop
      vertex 24.8 13.7019 -0.0399992
      vertex 21.8 13.7019 2
      vertex 24.8 13.7019 2
    endloop
  endfacet
  facet normal 0 1 0
    outer loop
      vertex 21.8 13.7019 2
      vertex 24.8 13.7019 -0.0399992
      vertex 21.8 13.7019 -0.0399992
    endloop
  endfacet
  facet normal -0.866027 0.499997 0
    outer loop
      vertex 24.8 13.7019 -0.0399992
      vertex 26.3 16.3 2
      vertex 26.3 16.3 -0.0399992
    endloop
  endfacet
  facet normal -0.866027 0.499997 0
    outer loop
      vertex 26.3 16.3 2
      vertex 24.8 13.7019 -0.0399992
      vertex 24.8 13.7019 2
    endloop
  endfacet
  facet normal 0 -1 0
    outer loop
      vertex 21.8 18.8981 -0.0399992
      vertex 24.8 18.8981 2
      vertex 21.8 18.8981 2
    endloop
  endfacet
  facet normal 0 -1 -0
    outer loop
      vertex 24.8 18.8981 2
      vertex 21.8 18.8981 -0.0399992
      vertex 24.8 18.8981 -0.0399992
    endloop
  endfacet
  facet normal -0.866027 -0.499997 0
    outer loop
      vertex 26.3 16.3 -0.0399992
      vertex 24.8 18.8981 2
      vertex 24.8 18.8981 -0.0399992
    endloop
  endfacet
  facet normal -0.866027 -0.499997 0
    outer loop
      vertex 24.8 18.8981 2
      vertex 26.3 16.3 -0.0399992
      vertex 26.3 16.3 2
    endloop
  endfacet
  facet normal 0.866027 -0.499997 0
    outer loop
      vertex 20.3 16.3 2
      vertex 21.8 18.8981 -0.0399992
      vertex 21.8 18.8981 2
    endloop
  endfacet
  facet normal 0.866027 -0.499997 0
    outer loop
      vertex 21.8 18.8981 -0.0399992
      vertex 20.3 16.3 2
      vertex 20.3 16.3 -0.0399992
    endloop
  endfacet
  facet normal 0.866027 0.499997 0
    outer loop
      vertex 21.8 13.7019 2
      vertex 20.3 16.3 -0.0399992
      vertex 20.3 16.3 2
    endloop
  endfacet
  facet normal 0.866027 0.499997 0
    outer loop
      vertex 20.3 16.3 -0.0399992
      vertex 21.8 13.7019 2
      vertex 21.8 13.7019 -0.0399992
    endloop
  endfacet
  facet normal 0 0 1
    outer loop
      vertex 26.3 16.3 -0.0399992
      vertex 24.7772 16.5605 -0.0399992
      vertex 24.8 16.3 -0.0399992
    endloop
  endfacet
  facet normal 0 0 1
    outer loop
      vertex 26.3 16.3 -0.0399992
      vertex 24.7095 16.813 -0.0399992
      vertex 24.7772 16.5605 -0.0399992
    endloop
  endfacet
  facet normal 0 0 1
    outer loop
      vertex 26.3 16.3 -0.0399992
      vertex 24.599 17.05 -0.0399992
      vertex 24.7095 16.813 -0.0399992
    endloop
  endfacet
  facet normal 0 0 1
    outer loop
      vertex 24.8 18.8981 -0.0399992
      vertex 24.4491 17.2642 -0.0399992
      vertex 24.599 17.05 -0.0399992
    endloop
  endfacet
  facet normal 0 0 1
    outer loop
      vertex 24.8 18.8981 -0.0399992
      vertex 24.2642 17.4491 -0.0399992
      vertex 24.4491 17.2642 -0.0399992
    endloop
  endfacet
  facet normal 0 0 1
    outer loop
      vertex 24.8 18.8981 -0.0399992
      vertex 24.05 17.599 -0.0399992
      vertex 24.2642 17.4491 -0.0399992
    endloop
  endfacet
  facet normal 0 0 1
    outer loop
      vertex 24.8 18.8981 -0.0399992
      vertex 23.813 17.7095 -0.0399992
      vertex 24.05 17.599 -0.0399992
    endloop
  endfacet
  facet normal 0 0 1
    outer loop
      vertex 24.8 18.8981 -0.0399992
      vertex 23.5605 17.7772 -0.0399992
      vertex 23.813 17.7095 -0.0399992
    endloop
  endfacet
  facet normal 0 0 1
    outer loop
      vertex 24.8 18.8981 -0.0399992
      vertex 23.3 17.8 -0.0399992
      vertex 23.5605 17.7772 -0.0399992
    endloop
  endfacet
  facet normal -0 0 1
    outer loop
      vertex 21.8 18.8981 -0.0399992
      vertex 23.3 17.8 -0.0399992
      vertex 24.8 18.8981 -0.0399992
    endloop
  endfacet
  facet normal 0 0 1
    outer loop
      vertex 23.3 17.8 -0.0399992
      vertex 21.8 18.8981 -0.0399992
      vertex 23.0395 17.7772 -0.0399992
    endloop
  endfacet
  facet normal 0 0 1
    outer loop
      vertex 23.0395 17.7772 -0.0399992
      vertex 21.8 18.8981 -0.0399992
      vertex 22.787 17.7095 -0.0399992
    endloop
  endfacet
  facet normal 0 0 1
    outer loop
      vertex 22.787 17.7095 -0.0399992
      vertex 21.8 18.8981 -0.0399992
      vertex 22.55 17.599 -0.0399992
    endloop
  endfacet
  facet normal 0 0 1
    outer loop
      vertex 21.8 18.8981 -0.0399992
      vertex 22.3358 17.4491 -0.0399992
      vertex 22.55 17.599 -0.0399992
    endloop
  endfacet
  facet normal 0 0 1
    outer loop
      vertex 21.8 18.8981 -0.0399992
      vertex 22.1509 17.2642 -0.0399992
      vertex 22.3358 17.4491 -0.0399992
    endloop
  endfacet
  facet normal 0 0 1
    outer loop
      vertex 21.8 18.8981 -0.0399992
      vertex 22.001 17.05 -0.0399992
      vertex 22.1509 17.2642 -0.0399992
    endloop
  endfacet
  facet normal 0 0 1
    outer loop
      vertex 20.3 16.3 -0.0399992
      vertex 22.001 17.05 -0.0399992
      vertex 21.8 18.8981 -0.0399992
    endloop
  endfacet
  facet normal 0 0 1
    outer loop
      vertex 22.001 17.05 -0.0399992
      vertex 20.3 16.3 -0.0399992
      vertex 21.8905 16.813 -0.0399992
    endloop
  endfacet
  facet normal 0 0 1
    outer loop
      vertex 21.8905 16.813 -0.0399992
      vertex 20.3 16.3 -0.0399992
      vertex 21.8228 16.5605 -0.0399992
    endloop
  endfacet
  facet normal 0 0 1
    outer loop
      vertex 21.8228 16.5605 -0.0399992
      vertex 20.3 16.3 -0.0399992
      vertex 21.8 16.3 -0.0399992
    endloop
  endfacet
  facet normal 0 0 1
    outer loop
      vertex 21.8 16.3 -0.0399992
      vertex 20.3 16.3 -0.0399992
      vertex 21.8 13.7019 -0.0399992
    endloop
  endfacet
  facet normal -0 0 1
    outer loop
      vertex 24.599 17.05 -0.0399992
      vertex 26.3 16.3 -0.0399992
      vertex 24.8 18.8981 -0.0399992
    endloop
  endfacet
  facet normal 0 0 1
    outer loop
      vertex 24.7772 16.0395 -0.0399992
      vertex 26.3 16.3 -0.0399992
      vertex 24.8 16.3 -0.0399992
    endloop
  endfacet
  facet normal 0 0 1
    outer loop
      vertex 24.7095 15.787 -0.0399992
      vertex 26.3 16.3 -0.0399992
      vertex 24.7772 16.0395 -0.0399992
    endloop
  endfacet
  facet normal 0 0 1
    outer loop
      vertex 24.599 15.55 -0.0399992
      vertex 26.3 16.3 -0.0399992
      vertex 24.7095 15.787 -0.0399992
    endloop
  endfacet
  facet normal 0 0 1
    outer loop
      vertex 26.3 16.3 -0.0399992
      vertex 24.599 15.55 -0.0399992
      vertex 24.8 13.7019 -0.0399992
    endloop
  endfacet
  facet normal -0 0 1
    outer loop
      vertex 24.4491 15.3358 -0.0399992
      vertex 24.8 13.7019 -0.0399992
      vertex 24.599 15.55 -0.0399992
    endloop
  endfacet
  facet normal -0 0 1
    outer loop
      vertex 24.2642 15.1509 -0.0399992
      vertex 24.8 13.7019 -0.0399992
      vertex 24.4491 15.3358 -0.0399992
    endloop
  endfacet
  facet normal -0 0 1
    outer loop
      vertex 24.05 15.001 -0.0399992
      vertex 24.8 13.7019 -0.0399992
      vertex 24.2642 15.1509 -0.0399992
    endloop
  endfacet
  facet normal -0 0 1
    outer loop
      vertex 23.813 14.8905 -0.0399992
      vertex 24.8 13.7019 -0.0399992
      vertex 24.05 15.001 -0.0399992
    endloop
  endfacet
  facet normal -0 0 1
    outer loop
      vertex 23.5605 14.8228 -0.0399992
      vertex 24.8 13.7019 -0.0399992
      vertex 23.813 14.8905 -0.0399992
    endloop
  endfacet
  facet normal -0 0 1
    outer loop
      vertex 23.3 14.8 -0.0399992
      vertex 24.8 13.7019 -0.0399992
      vertex 23.5605 14.8228 -0.0399992
    endloop
  endfacet
  facet normal 0 0 1
    outer loop
      vertex 21.8 13.7019 -0.0399992
      vertex 23.3 14.8 -0.0399992
      vertex 23.0395 14.8228 -0.0399992
    endloop
  endfacet
  facet normal 0 0 1
    outer loop
      vertex 21.8 13.7019 -0.0399992
      vertex 23.0395 14.8228 -0.0399992
      vertex 22.787 14.8905 -0.0399992
    endloop
  endfacet
  facet normal 0 0 1
    outer loop
      vertex 21.8 13.7019 -0.0399992
      vertex 22.787 14.8905 -0.0399992
      vertex 22.55 15.001 -0.0399992
    endloop
  endfacet
  facet normal 0 0 1
    outer loop
      vertex 23.3 14.8 -0.0399992
      vertex 21.8 13.7019 -0.0399992
      vertex 24.8 13.7019 -0.0399992
    endloop
  endfacet
  facet normal 0 0 1
    outer loop
      vertex 22.3358 15.1509 -0.0399992
      vertex 21.8 13.7019 -0.0399992
      vertex 22.55 15.001 -0.0399992
    endloop
  endfacet
  facet normal 0 0 1
    outer loop
      vertex 22.1509 15.3358 -0.0399992
      vertex 21.8 13.7019 -0.0399992
      vertex 22.3358 15.1509 -0.0399992
    endloop
  endfacet
  facet normal 0 0 1
    outer loop
      vertex 22.001 15.55 -0.0399992
      vertex 21.8 13.7019 -0.0399992
      vertex 22.1509 15.3358 -0.0399992
    endloop
  endfacet
  facet normal 0 0 1
    outer loop
      vertex 21.8905 15.787 -0.0399992
      vertex 21.8 13.7019 -0.0399992
      vertex 22.001 15.55 -0.0399992
    endloop
  endfacet
  facet normal 0 0 1
    outer loop
      vertex 21.8228 16.0395 -0.0399992
      vertex 21.8 13.7019 -0.0399992
      vertex 21.8905 15.787 -0.0399992
    endloop
  endfacet
  facet normal 0 0 1
    outer loop
      vertex 21.8 13.7019 -0.0399992
      vertex 21.8228 16.0395 -0.0399992
      vertex 21.8 16.3 -0.0399992
    endloop
  endfacet
  facet normal -0.965885 0.258972 0
    outer loop
      vertex 24.7095 15.787 -4.99
      vertex 24.7772 16.0395 -0.0399992
      vertex 24.7772 16.0395 -4.99
    endloop
  endfacet
  facet normal -0.965885 0.258972 0
    outer loop
      vertex 24.7772 16.0395 -0.0399992
      vertex 24.7095 15.787 -4.99
      vertex 24.7095 15.787 -0.0399992
    endloop
  endfacet
  facet normal -0.965885 -0.258972 0
    outer loop
      vertex 24.7772 16.5605 -4.99
      vertex 24.7095 16.813 -0.0399992
      vertex 24.7095 16.813 -4.99
    endloop
  endfacet
  facet normal -0.965885 -0.258972 0
    outer loop
      vertex 24.7095 16.813 -0.0399992
      vertex 24.7772 16.5605 -4.99
      vertex 24.7772 16.5605 -0.0399992
    endloop
  endfacet
  facet normal -0.996192 -0.0871907 0
    outer loop
      vertex 24.8 16.3 -4.99
      vertex 24.7772 16.5605 -0.0399992
      vertex 24.7772 16.5605 -4.99
    endloop
  endfacet
  facet normal -0.996192 -0.0871907 0
    outer loop
      vertex 24.7772 16.5605 -0.0399992
      vertex 24.8 16.3 -4.99
      vertex 24.8 16.3 -0.0399992
    endloop
  endfacet
  facet normal -0.90633 -0.422571 0
    outer loop
      vertex 24.7095 16.813 -4.99
      vertex 24.599 17.05 -0.0399992
      vertex 24.599 17.05 -4.99
    endloop
  endfacet
  facet normal -0.90633 -0.422571 0
    outer loop
      vertex 24.599 17.05 -0.0399992
      vertex 24.7095 16.813 -4.99
      vertex 24.7095 16.813 -0.0399992
    endloop
  endfacet
  facet normal 0.965885 0.258972 0
    outer loop
      vertex 21.8905 15.787 -0.0399992
      vertex 21.8228 16.0395 -4.99
      vertex 21.8228 16.0395 -0.0399992
    endloop
  endfacet
  facet normal 0.965885 0.258972 0
    outer loop
      vertex 21.8228 16.0395 -4.99
      vertex 21.8905 15.787 -0.0399992
      vertex 21.8905 15.787 -4.99
    endloop
  endfacet
  facet normal 0.819304 -0.57336 0
    outer loop
      vertex 22.001 17.05 -0.0399992
      vertex 22.1509 17.2642 -4.99
      vertex 22.1509 17.2642 -0.0399992
    endloop
  endfacet
  facet normal 0.819304 -0.57336 0
    outer loop
      vertex 22.1509 17.2642 -4.99
      vertex 22.001 17.05 -0.0399992
      vertex 22.001 17.05 -4.99
    endloop
  endfacet
  facet normal 0.422571 -0.90633 0
    outer loop
      vertex 22.55 17.599 -4.99
      vertex 22.787 17.7095 -0.0399992
      vertex 22.55 17.599 -0.0399992
    endloop
  endfacet
  facet normal 0.422571 -0.90633 0
    outer loop
      vertex 22.787 17.7095 -0.0399992
      vertex 22.55 17.599 -4.99
      vertex 22.787 17.7095 -4.99
    endloop
  endfacet
  facet normal 0.57336 0.819304 -0
    outer loop
      vertex 22.55 15.001 -4.99
      vertex 22.3358 15.1509 -0.0399992
      vertex 22.55 15.001 -0.0399992
    endloop
  endfacet
  facet normal 0.57336 0.819304 0
    outer loop
      vertex 22.3358 15.1509 -0.0399992
      vertex 22.55 15.001 -4.99
      vertex 22.3358 15.1509 -4.99
    endloop
  endfacet
  facet normal 0.0871907 0.996192 -0
    outer loop
      vertex 23.3 14.8 -4.99
      vertex 23.0395 14.8228 -0.0399992
      vertex 23.3 14.8 -0.0399992
    endloop
  endfacet
  facet normal 0.0871907 0.996192 0
    outer loop
      vertex 23.0395 14.8228 -0.0399992
      vertex 23.3 14.8 -4.99
      vertex 23.0395 14.8228 -4.99
    endloop
  endfacet
  facet normal -0.0871907 0.996192 0
    outer loop
      vertex 23.5605 14.8228 -4.99
      vertex 23.3 14.8 -0.0399992
      vertex 23.5605 14.8228 -0.0399992
    endloop
  endfacet
  facet normal -0.0871907 0.996192 0
    outer loop
      vertex 23.3 14.8 -0.0399992
      vertex 23.5605 14.8228 -4.99
      vertex 23.3 14.8 -4.99
    endloop
  endfacet
  facet normal -0.90633 0.422571 0
    outer loop
      vertex 24.599 15.55 -4.99
      vertex 24.7095 15.787 -0.0399992
      vertex 24.7095 15.787 -4.99
    endloop
  endfacet
  facet normal -0.90633 0.422571 0
    outer loop
      vertex 24.7095 15.787 -0.0399992
      vertex 24.599 15.55 -4.99
      vertex 24.599 15.55 -0.0399992
    endloop
  endfacet
  facet normal -0.707107 -0.707107 0
    outer loop
      vertex 24.4491 17.2642 -4.99
      vertex 24.2642 17.4491 -0.0399992
      vertex 24.2642 17.4491 -4.99
    endloop
  endfacet
  facet normal -0.707107 -0.707107 0
    outer loop
      vertex 24.2642 17.4491 -0.0399992
      vertex 24.4491 17.2642 -4.99
      vertex 24.4491 17.2642 -0.0399992
    endloop
  endfacet
  facet normal -0.707107 0.707107 0
    outer loop
      vertex 24.2642 15.1509 -4.99
      vertex 24.4491 15.3358 -0.0399992
      vertex 24.4491 15.3358 -4.99
    endloop
  endfacet
  facet normal -0.707107 0.707107 0
    outer loop
      vertex 24.4491 15.3358 -0.0399992
      vertex 24.2642 15.1509 -4.99
      vertex 24.2642 15.1509 -0.0399992
    endloop
  endfacet
  facet normal 0.996192 -0.0871907 0
    outer loop
      vertex 21.8 16.3 -0.0399992
      vertex 21.8228 16.5605 -4.99
      vertex 21.8228 16.5605 -0.0399992
    endloop
  endfacet
  facet normal 0.996192 -0.0871907 0
    outer loop
      vertex 21.8228 16.5605 -4.99
      vertex 21.8 16.3 -0.0399992
      vertex 21.8 16.3 -4.99
    endloop
  endfacet
  facet normal -0.258972 -0.965885 0
    outer loop
      vertex 23.5605 17.7772 -4.99
      vertex 23.813 17.7095 -0.0399992
      vertex 23.5605 17.7772 -0.0399992
    endloop
  endfacet
  facet normal -0.258972 -0.965885 -0
    outer loop
      vertex 23.813 17.7095 -0.0399992
      vertex 23.5605 17.7772 -4.99
      vertex 23.813 17.7095 -4.99
    endloop
  endfacet
  facet normal 0.996192 0.0871907 0
    outer loop
      vertex 21.8228 16.0395 -0.0399992
      vertex 21.8 16.3 -4.99
      vertex 21.8 16.3 -0.0399992
    endloop
  endfacet
  facet normal 0.996192 0.0871907 0
    outer loop
      vertex 21.8 16.3 -4.99
      vertex 21.8228 16.0395 -0.0399992
      vertex 21.8228 16.0395 -4.99
    endloop
  endfacet
  facet normal -0.819304 0.57336 0
    outer loop
      vertex 24.4491 15.3358 -4.99
      vertex 24.599 15.55 -0.0399992
      vertex 24.599 15.55 -4.99
    endloop
  endfacet
  facet normal -0.819304 0.57336 0
    outer loop
      vertex 24.599 15.55 -0.0399992
      vertex 24.4491 15.3358 -4.99
      vertex 24.4491 15.3358 -0.0399992
    endloop
  endfacet
  facet normal 0.258972 0.965885 -0
    outer loop
      vertex 23.0395 14.8228 -4.99
      vertex 22.787 14.8905 -0.0399992
      vertex 23.0395 14.8228 -0.0399992
    endloop
  endfacet
  facet normal 0.258972 0.965885 0
    outer loop
      vertex 22.787 14.8905 -0.0399992
      vertex 23.0395 14.8228 -4.99
      vertex 22.787 14.8905 -4.99
    endloop
  endfacet
  facet normal -0.422571 0.90633 0
    outer loop
      vertex 24.05 15.001 -4.99
      vertex 23.813 14.8905 -0.0399992
      vertex 24.05 15.001 -0.0399992
    endloop
  endfacet
  facet normal -0.422571 0.90633 0
    outer loop
      vertex 23.813 14.8905 -0.0399992
      vertex 24.05 15.001 -4.99
      vertex 23.813 14.8905 -4.99
    endloop
  endfacet
  facet normal 0.57336 -0.819304 0
    outer loop
      vertex 22.3358 17.4491 -4.99
      vertex 22.55 17.599 -0.0399992
      vertex 22.3358 17.4491 -0.0399992
    endloop
  endfacet
  facet normal 0.57336 -0.819304 0
    outer loop
      vertex 22.55 17.599 -0.0399992
      vertex 22.3358 17.4491 -4.99
      vertex 22.55 17.599 -4.99
    endloop
  endfacet
  facet normal -0.819304 -0.57336 0
    outer loop
      vertex 24.599 17.05 -4.99
      vertex 24.4491 17.2642 -0.0399992
      vertex 24.4491 17.2642 -4.99
    endloop
  endfacet
  facet normal -0.819304 -0.57336 0
    outer loop
      vertex 24.4491 17.2642 -0.0399992
      vertex 24.599 17.05 -4.99
      vertex 24.599 17.05 -0.0399992
    endloop
  endfacet
  facet normal -0.422571 -0.90633 0
    outer loop
      vertex 23.813 17.7095 -4.99
      vertex 24.05 17.599 -0.0399992
      vertex 23.813 17.7095 -0.0399992
    endloop
  endfacet
  facet normal -0.422571 -0.90633 -0
    outer loop
      vertex 24.05 17.599 -0.0399992
      vertex 23.813 17.7095 -4.99
      vertex 24.05 17.599 -4.99
    endloop
  endfacet
  facet normal -0.258972 0.965885 0
    outer loop
      vertex 23.813 14.8905 -4.99
      vertex 23.5605 14.8228 -0.0399992
      vertex 23.813 14.8905 -0.0399992
    endloop
  endfacet
  facet normal -0.258972 0.965885 0
    outer loop
      vertex 23.5605 14.8228 -0.0399992
      vertex 23.813 14.8905 -4.99
      vertex 23.5605 14.8228 -4.99
    endloop
  endfacet
  facet normal -0.57336 0.819304 0
    outer loop
      vertex 24.2642 15.1509 -4.99
      vertex 24.05 15.001 -0.0399992
      vertex 24.2642 15.1509 -0.0399992
    endloop
  endfacet
  facet normal -0.57336 0.819304 0
    outer loop
      vertex 24.05 15.001 -0.0399992
      vertex 24.2642 15.1509 -4.99
      vertex 24.05 15.001 -4.99
    endloop
  endfacet
  facet normal -0.996192 0.0871907 0
    outer loop
      vertex 24.7772 16.0395 -4.99
      vertex 24.8 16.3 -0.0399992
      vertex 24.8 16.3 -4.99
    endloop
  endfacet
  facet normal -0.996192 0.0871907 0
    outer loop
      vertex 24.8 16.3 -0.0399992
      vertex 24.7772 16.0395 -4.99
      vertex 24.7772 16.0395 -0.0399992
    endloop
  endfacet
  facet normal -0.57336 -0.819304 0
    outer loop
      vertex 24.05 17.599 -4.99
      vertex 24.2642 17.4491 -0.0399992
      vertex 24.05 17.599 -0.0399992
    endloop
  endfacet
  facet normal -0.57336 -0.819304 -0
    outer loop
      vertex 24.2642 17.4491 -0.0399992
      vertex 24.05 17.599 -4.99
      vertex 24.2642 17.4491 -4.99
    endloop
  endfacet
  facet normal -0.0871907 -0.996192 0
    outer loop
      vertex 23.3 17.8 -4.99
      vertex 23.5605 17.7772 -0.0399992
      vertex 23.3 17.8 -0.0399992
    endloop
  endfacet
  facet normal -0.0871907 -0.996192 -0
    outer loop
      vertex 23.5605 17.7772 -0.0399992
      vertex 23.3 17.8 -4.99
      vertex 23.5605 17.7772 -4.99
    endloop
  endfacet
  facet normal 0.90633 -0.422571 0
    outer loop
      vertex 21.8905 16.813 -0.0399992
      vertex 22.001 17.05 -4.99
      vertex 22.001 17.05 -0.0399992
    endloop
  endfacet
  facet normal 0.90633 -0.422571 0
    outer loop
      vertex 22.001 17.05 -4.99
      vertex 21.8905 16.813 -0.0399992
      vertex 21.8905 16.813 -4.99
    endloop
  endfacet
  facet normal 0 0 1
    outer loop
      vertex 24.7772 16.5605 -4.99
      vertex 24.7772 16.0395 -4.99
      vertex 24.8 16.3 -4.99
    endloop
  endfacet
  facet normal 0 0 1
    outer loop
      vertex 24.7095 16.813 -4.99
      vertex 24.7772 16.0395 -4.99
      vertex 24.7772 16.5605 -4.99
    endloop
  endfacet
  facet normal 0 0 1
    outer loop
      vertex 24.7095 16.813 -4.99
      vertex 24.7095 15.787 -4.99
      vertex 24.7772 16.0395 -4.99
    endloop
  endfacet
  facet normal 0 0 1
    outer loop
      vertex 24.599 17.05 -4.99
      vertex 24.7095 15.787 -4.99
      vertex 24.7095 16.813 -4.99
    endloop
  endfacet
  facet normal 0 0 1
    outer loop
      vertex 24.599 17.05 -4.99
      vertex 24.599 15.55 -4.99
      vertex 24.7095 15.787 -4.99
    endloop
  endfacet
  facet normal 0 0 1
    outer loop
      vertex 24.4491 17.2642 -4.99
      vertex 24.599 15.55 -4.99
      vertex 24.599 17.05 -4.99
    endloop
  endfacet
  facet normal 0 0 1
    outer loop
      vertex 24.4491 17.2642 -4.99
      vertex 24.4491 15.3358 -4.99
      vertex 24.599 15.55 -4.99
    endloop
  endfacet
  facet normal 0 0 1
    outer loop
      vertex 24.2642 17.4491 -4.99
      vertex 24.4491 15.3358 -4.99
      vertex 24.4491 17.2642 -4.99
    endloop
  endfacet
  facet normal 0 0 1
    outer loop
      vertex 24.2642 17.4491 -4.99
      vertex 24.2642 15.1509 -4.99
      vertex 24.4491 15.3358 -4.99
    endloop
  endfacet
  facet normal 0 0 1
    outer loop
      vertex 24.05 17.599 -4.99
      vertex 24.2642 15.1509 -4.99
      vertex 24.2642 17.4491 -4.99
    endloop
  endfacet
  facet normal 0 0 1
    outer loop
      vertex 24.05 17.599 -4.99
      vertex 24.05 15.001 -4.99
      vertex 24.2642 15.1509 -4.99
    endloop
  endfacet
  facet normal 0 0 1
    outer loop
      vertex 23.813 17.7095 -4.99
      vertex 24.05 15.001 -4.99
      vertex 24.05 17.599 -4.99
    endloop
  endfacet
  facet normal 0 0 1
    outer loop
      vertex 23.813 17.7095 -4.99
      vertex 23.813 14.8905 -4.99
      vertex 24.05 15.001 -4.99
    endloop
  endfacet
  facet normal 0 0 1
    outer loop
      vertex 23.5605 17.7772 -4.99
      vertex 23.813 14.8905 -4.99
      vertex 23.813 17.7095 -4.99
    endloop
  endfacet
  facet normal 0 0 1
    outer loop
      vertex 23.5605 17.7772 -4.99
      vertex 23.5605 14.8228 -4.99
      vertex 23.813 14.8905 -4.99
    endloop
  endfacet
  facet normal 0 0 1
    outer loop
      vertex 23.3 17.8 -4.99
      vertex 23.5605 14.8228 -4.99
      vertex 23.5605 17.7772 -4.99
    endloop
  endfacet
  facet normal 0 0 1
    outer loop
      vertex 23.3 17.8 -4.99
      vertex 23.3 14.8 -4.99
      vertex 23.5605 14.8228 -4.99
    endloop
  endfacet
  facet normal -0 0 1
    outer loop
      vertex 23.0395 17.7772 -4.99
      vertex 23.3 14.8 -4.99
      vertex 23.3 17.8 -4.99
    endloop
  endfacet
  facet normal 0 0 1
    outer loop
      vertex 23.0395 17.7772 -4.99
      vertex 23.0395 14.8228 -4.99
      vertex 23.3 14.8 -4.99
    endloop
  endfacet
  facet normal -0 0 1
    outer loop
      vertex 22.787 17.7095 -4.99
      vertex 23.0395 14.8228 -4.99
      vertex 23.0395 17.7772 -4.99
    endloop
  endfacet
  facet normal 0 0 1
    outer loop
      vertex 22.787 17.7095 -4.99
      vertex 22.787 14.8905 -4.99
      vertex 23.0395 14.8228 -4.99
    endloop
  endfacet
  facet normal -0 0 1
    outer loop
      vertex 22.55 17.599 -4.99
      vertex 22.787 14.8905 -4.99
      vertex 22.787 17.7095 -4.99
    endloop
  endfacet
  facet normal 0 0 1
    outer loop
      vertex 22.55 17.599 -4.99
      vertex 22.55 15.001 -4.99
      vertex 22.787 14.8905 -4.99
    endloop
  endfacet
  facet normal -0 0 1
    outer loop
      vertex 22.3358 17.4491 -4.99
      vertex 22.55 15.001 -4.99
      vertex 22.55 17.599 -4.99
    endloop
  endfacet
  facet normal 0 0 1
    outer loop
      vertex 22.3358 17.4491 -4.99
      vertex 22.3358 15.1509 -4.99
      vertex 22.55 15.001 -4.99
    endloop
  endfacet
  facet normal -0 0 1
    outer loop
      vertex 22.1509 17.2642 -4.99
      vertex 22.3358 15.1509 -4.99
      vertex 22.3358 17.4491 -4.99
    endloop
  endfacet
  facet normal 0 0 1
    outer loop
      vertex 22.1509 17.2642 -4.99
      vertex 22.1509 15.3358 -4.99
      vertex 22.3358 15.1509 -4.99
    endloop
  endfacet
  facet normal -0 0 1
    outer loop
      vertex 22.001 17.05 -4.99
      vertex 22.1509 15.3358 -4.99
      vertex 22.1509 17.2642 -4.99
    endloop
  endfacet
  facet normal 0 0 1
    outer loop
      vertex 22.001 17.05 -4.99
      vertex 22.001 15.55 -4.99
      vertex 22.1509 15.3358 -4.99
    endloop
  endfacet
  facet normal -0 0 1
    outer loop
      vertex 21.8905 16.813 -4.99
      vertex 22.001 15.55 -4.99
      vertex 22.001 17.05 -4.99
    endloop
  endfacet
  facet normal 0 0 1
    outer loop
      vertex 21.8905 16.813 -4.99
      vertex 21.8905 15.787 -4.99
      vertex 22.001 15.55 -4.99
    endloop
  endfacet
  facet normal -0 0 1
    outer loop
      vertex 21.8228 16.5605 -4.99
      vertex 21.8905 15.787 -4.99
      vertex 21.8905 16.813 -4.99
    endloop
  endfacet
  facet normal 0 0 1
    outer loop
      vertex 21.8228 16.5605 -4.99
      vertex 21.8228 16.0395 -4.99
      vertex 21.8905 15.787 -4.99
    endloop
  endfacet
  facet normal 0 -0 1
    outer loop
      vertex 21.8228 16.0395 -4.99
      vertex 21.8228 16.5605 -4.99
      vertex 21.8 16.3 -4.99
    endloop
  endfacet
  facet normal 0.258972 -0.965885 0
    outer loop
      vertex 22.787 17.7095 -4.99
      vertex 23.0395 17.7772 -0.0399992
      vertex 22.787 17.7095 -0.0399992
    endloop
  endfacet
  facet normal 0.258972 -0.965885 0
    outer loop
      vertex 23.0395 17.7772 -0.0399992
      vertex 22.787 17.7095 -4.99
      vertex 23.0395 17.7772 -4.99
    endloop
  endfacet
  facet normal 0.0871907 -0.996192 0
    outer loop
      vertex 23.0395 17.7772 -4.99
      vertex 23.3 17.8 -0.0399992
      vertex 23.0395 17.7772 -0.0399992
    endloop
  endfacet
  facet normal 0.0871907 -0.996192 0
    outer loop
      vertex 23.3 17.8 -0.0399992
      vertex 23.0395 17.7772 -4.99
      vertex 23.3 17.8 -4.99
    endloop
  endfacet
  facet normal 0.90633 0.422571 0
    outer loop
      vertex 22.001 15.55 -0.0399992
      vertex 21.8905 15.787 -4.99
      vertex 21.8905 15.787 -0.0399992
    endloop
  endfacet
  facet normal 0.90633 0.422571 0
    outer loop
      vertex 21.8905 15.787 -4.99
      vertex 22.001 15.55 -0.0399992
      vertex 22.001 15.55 -4.99
    endloop
  endfacet
  facet normal 0.819304 0.57336 0
    outer loop
      vertex 22.1509 15.3358 -0.0399992
      vertex 22.001 15.55 -4.99
      vertex 22.001 15.55 -0.0399992
    endloop
  endfacet
  facet normal 0.819304 0.57336 0
    outer loop
      vertex 22.001 15.55 -4.99
      vertex 22.1509 15.3358 -0.0399992
      vertex 22.1509 15.3358 -4.99
    endloop
  endfacet
  facet normal 0.707107 0.707107 0
    outer loop
      vertex 22.3358 15.1509 -0.0399992
      vertex 22.1509 15.3358 -4.99
      vertex 22.1509 15.3358 -0.0399992
    endloop
  endfacet
  facet normal 0.707107 0.707107 0
    outer loop
      vertex 22.1509 15.3358 -4.99
      vertex 22.3358 15.1509 -0.0399992
      vertex 22.3358 15.1509 -4.99
    endloop
  endfacet
  facet normal 0.422571 0.90633 -0
    outer loop
      vertex 22.787 14.8905 -4.99
      vertex 22.55 15.001 -0.0399992
      vertex 22.787 14.8905 -0.0399992
    endloop
  endfacet
  facet normal 0.422571 0.90633 0
    outer loop
      vertex 22.55 15.001 -0.0399992
      vertex 22.787 14.8905 -4.99
      vertex 22.55 15.001 -4.99
    endloop
  endfacet
  facet normal 0.965885 -0.258972 0
    outer loop
      vertex 21.8228 16.5605 -0.0399992
      vertex 21.8905 16.813 -4.99
      vertex 21.8905 16.813 -0.0399992
    endloop
  endfacet
  facet normal 0.965885 -0.258972 0
    outer loop
      vertex 21.8905 16.813 -4.99
      vertex 21.8228 16.5605 -0.0399992
      vertex 21.8228 16.5605 -4.99
    endloop
  endfacet
  facet normal 0.707107 -0.707107 0
    outer loop
      vertex 22.1509 17.2642 -0.0399992
      vertex 22.3358 17.4491 -4.99
      vertex 22.3358 17.4491 -0.0399992
    endloop
  endfacet
  facet normal 0.707107 -0.707107 0
    outer loop
      vertex 22.3358 17.4491 -4.99
      vertex 22.1509 17.2642 -0.0399992
      vertex 22.1509 17.2642 -4.99
    endloop
  endfacet
  facet normal 0 1 -0
    outer loop
      vertex -21.8 13.7019 -0.0399992
      vertex -24.8 13.7019 2
      vertex -21.8 13.7019 2
    endloop
  endfacet
  facet normal 0 1 0
    outer loop
      vertex -24.8 13.7019 2
      vertex -21.8 13.7019 -0.0399992
      vertex -24.8 13.7019 -0.0399992
    endloop
  endfacet
  facet normal -0.866027 0.499997 0
    outer loop
      vertex -21.8 13.7019 -0.0399992
      vertex -20.3 16.3 2
      vertex -20.3 16.3 -0.0399992
    endloop
  endfacet
  facet normal -0.866027 0.499997 0
    outer loop
      vertex -20.3 16.3 2
      vertex -21.8 13.7019 -0.0399992
      vertex -21.8 13.7019 2
    endloop
  endfacet
  facet normal 0 -1 0
    outer loop
      vertex -24.8 18.8981 -0.0399992
      vertex -21.8 18.8981 2
      vertex -24.8 18.8981 2
    endloop
  endfacet
  facet normal 0 -1 -0
    outer loop
      vertex -21.8 18.8981 2
      vertex -24.8 18.8981 -0.0399992
      vertex -21.8 18.8981 -0.0399992
    endloop
  endfacet
  facet normal -0.866027 -0.499997 0
    outer loop
      vertex -20.3 16.3 -0.0399992
      vertex -21.8 18.8981 2
      vertex -21.8 18.8981 -0.0399992
    endloop
  endfacet
  facet normal -0.866027 -0.499997 0
    outer loop
      vertex -21.8 18.8981 2
      vertex -20.3 16.3 -0.0399992
      vertex -20.3 16.3 2
    endloop
  endfacet
  facet normal 0.866027 -0.499997 0
    outer loop
      vertex -26.3 16.3 2
      vertex -24.8 18.8981 -0.0399992
      vertex -24.8 18.8981 2
    endloop
  endfacet
  facet normal 0.866027 -0.499997 0
    outer loop
      vertex -24.8 18.8981 -0.0399992
      vertex -26.3 16.3 2
      vertex -26.3 16.3 -0.0399992
    endloop
  endfacet
  facet normal 0.866027 0.499997 0
    outer loop
      vertex -24.8 13.7019 2
      vertex -26.3 16.3 -0.0399992
      vertex -26.3 16.3 2
    endloop
  endfacet
  facet normal 0.866027 0.499997 0
    outer loop
      vertex -26.3 16.3 -0.0399992
      vertex -24.8 13.7019 2
      vertex -24.8 13.7019 -0.0399992
    endloop
  endfacet
  facet normal 0 0 1
    outer loop
      vertex -20.3 16.3 -0.0399992
      vertex -21.8228 16.5605 -0.0399992
      vertex -21.8 16.3 -0.0399992
    endloop
  endfacet
  facet normal 0 0 1
    outer loop
      vertex -20.3 16.3 -0.0399992
      vertex -21.8905 16.813 -0.0399992
      vertex -21.8228 16.5605 -0.0399992
    endloop
  endfacet
  facet normal 0 0 1
    outer loop
      vertex -20.3 16.3 -0.0399992
      vertex -22.001 17.05 -0.0399992
      vertex -21.8905 16.813 -0.0399992
    endloop
  endfacet
  facet normal 0 0 1
    outer loop
      vertex -21.8 18.8981 -0.0399992
      vertex -22.1509 17.2642 -0.0399992
      vertex -22.001 17.05 -0.0399992
    endloop
  endfacet
  facet normal 0 0 1
    outer loop
      vertex -21.8 18.8981 -0.0399992
      vertex -22.3358 17.4491 -0.0399992
      vertex -22.1509 17.2642 -0.0399992
    endloop
  endfacet
  facet normal 0 0 1
    outer loop
      vertex -21.8 18.8981 -0.0399992
      vertex -22.55 17.599 -0.0399992
      vertex -22.3358 17.4491 -0.0399992
    endloop
  endfacet
  facet normal 0 0 1
    outer loop
      vertex -21.8 18.8981 -0.0399992
      vertex -22.787 17.7095 -0.0399992
      vertex -22.55 17.599 -0.0399992
    endloop
  endfacet
  facet normal 0 0 1
    outer loop
      vertex -21.8 18.8981 -0.0399992
      vertex -23.0395 17.7772 -0.0399992
      vertex -22.787 17.7095 -0.0399992
    endloop
  endfacet
  facet normal 0 0 1
    outer loop
      vertex -21.8 18.8981 -0.0399992
      vertex -23.3 17.8 -0.0399992
      vertex -23.0395 17.7772 -0.0399992
    endloop
  endfacet
  facet normal -0 0 1
    outer loop
      vertex -24.8 18.8981 -0.0399992
      vertex -23.3 17.8 -0.0399992
      vertex -21.8 18.8981 -0.0399992
    endloop
  endfacet
  facet normal 0 0 1
    outer loop
      vertex -23.3 17.8 -0.0399992
      vertex -24.8 18.8981 -0.0399992
      vertex -23.5605 17.7772 -0.0399992
    endloop
  endfacet
  facet normal 0 0 1
    outer loop
      vertex -23.5605 17.7772 -0.0399992
      vertex -24.8 18.8981 -0.0399992
      vertex -23.813 17.7095 -0.0399992
    endloop
  endfacet
  facet normal 0 0 1
    outer loop
      vertex -23.813 17.7095 -0.0399992
      vertex -24.8 18.8981 -0.0399992
      vertex -24.05 17.599 -0.0399992
    endloop
  endfacet
  facet normal 0 0 1
    outer loop
      vertex -24.8 18.8981 -0.0399992
      vertex -24.2642 17.4491 -0.0399992
      vertex -24.05 17.599 -0.0399992
    endloop
  endfacet
  facet normal 0 0 1
    outer loop
      vertex -24.8 18.8981 -0.0399992
      vertex -24.4491 17.2642 -0.0399992
      vertex -24.2642 17.4491 -0.0399992
    endloop
  endfacet
  facet normal 0 0 1
    outer loop
      vertex -24.8 18.8981 -0.0399992
      vertex -24.599 17.05 -0.0399992
      vertex -24.4491 17.2642 -0.0399992
    endloop
  endfacet
  facet normal 0 0 1
    outer loop
      vertex -26.3 16.3 -0.0399992
      vertex -24.599 17.05 -0.0399992
      vertex -24.8 18.8981 -0.0399992
    endloop
  endfacet
  facet normal 0 0 1
    outer loop
      vertex -24.599 17.05 -0.0399992
      vertex -26.3 16.3 -0.0399992
      vertex -24.7095 16.813 -0.0399992
    endloop
  endfacet
  facet normal 0 0 1
    outer loop
      vertex -24.7095 16.813 -0.0399992
      vertex -26.3 16.3 -0.0399992
      vertex -24.7772 16.5605 -0.0399992
    endloop
  endfacet
  facet normal 0 0 1
    outer loop
      vertex -24.7772 16.5605 -0.0399992
      vertex -26.3 16.3 -0.0399992
      vertex -24.8 16.3 -0.0399992
    endloop
  endfacet
  facet normal 0 0 1
    outer loop
      vertex -24.8 16.3 -0.0399992
      vertex -26.3 16.3 -0.0399992
      vertex -24.8 13.7019 -0.0399992
    endloop
  endfacet
  facet normal -0 0 1
    outer loop
      vertex -22.001 17.05 -0.0399992
      vertex -20.3 16.3 -0.0399992
      vertex -21.8 18.8981 -0.0399992
    endloop
  endfacet
  facet normal 0 0 1
    outer loop
      vertex -21.8228 16.0395 -0.0399992
      vertex -20.3 16.3 -0.0399992
      vertex -21.8 16.3 -0.0399992
    endloop
  endfacet
  facet normal 0 0 1
    outer loop
      vertex -21.8905 15.787 -0.0399992
      vertex -20.3 16.3 -0.0399992
      vertex -21.8228 16.0395 -0.0399992
    endloop
  endfacet
  facet normal 0 0 1
    outer loop
      vertex -22.001 15.55 -0.0399992
      vertex -20.3 16.3 -0.0399992
      vertex -21.8905 15.787 -0.0399992
    endloop
  endfacet
  facet normal 0 0 1
    outer loop
      vertex -20.3 16.3 -0.0399992
      vertex -22.001 15.55 -0.0399992
      vertex -21.8 13.7019 -0.0399992
    endloop
  endfacet
  facet normal -0 0 1
    outer loop
      vertex -22.1509 15.3358 -0.0399992
      vertex -21.8 13.7019 -0.0399992
      vertex -22.001 15.55 -0.0399992
    endloop
  endfacet
  facet normal -0 0 1
    outer loop
      vertex -22.3358 15.1509 -0.0399992
      vertex -21.8 13.7019 -0.0399992
      vertex -22.1509 15.3358 -0.0399992
    endloop
  endfacet
  facet normal -0 0 1
    outer loop
      vertex -22.55 15.001 -0.0399992
      vertex -21.8 13.7019 -0.0399992
      vertex -22.3358 15.1509 -0.0399992
    endloop
  endfacet
  facet normal -0 0 1
    outer loop
      vertex -22.787 14.8905 -0.0399992
      vertex -21.8 13.7019 -0.0399992
      vertex -22.55 15.001 -0.0399992
    endloop
  endfacet
  facet normal -0 0 1
    outer loop
      vertex -23.0395 14.8228 -0.0399992
      vertex -21.8 13.7019 -0.0399992
      vertex -22.787 14.8905 -0.0399992
    endloop
  endfacet
  facet normal -0 0 1
    outer loop
      vertex -23.3 14.8 -0.0399992
      vertex -21.8 13.7019 -0.0399992
      vertex -23.0395 14.8228 -0.0399992
    endloop
  endfacet
  facet normal 0 0 1
    outer loop
      vertex -24.8 13.7019 -0.0399992
      vertex -23.3 14.8 -0.0399992
      vertex -23.5605 14.8228 -0.0399992
    endloop
  endfacet
  facet normal 0 0 1
    outer loop
      vertex -24.8 13.7019 -0.0399992
      vertex -23.5605 14.8228 -0.0399992
      vertex -23.813 14.8905 -0.0399992
    endloop
  endfacet
  facet normal 0 0 1
    outer loop
      vertex -24.8 13.7019 -0.0399992
      vertex -23.813 14.8905 -0.0399992
      vertex -24.05 15.001 -0.0399992
    endloop
  endfacet
  facet normal 0 0 1
    outer loop
      vertex -23.3 14.8 -0.0399992
      vertex -24.8 13.7019 -0.0399992
      vertex -21.8 13.7019 -0.0399992
    endloop
  endfacet
  facet normal 0 0 1
    outer loop
      vertex -24.2642 15.1509 -0.0399992
      vertex -24.8 13.7019 -0.0399992
      vertex -24.05 15.001 -0.0399992
    endloop
  endfacet
  facet normal 0 0 1
    outer loop
      vertex -24.4491 15.3358 -0.0399992
      vertex -24.8 13.7019 -0.0399992
      vertex -24.2642 15.1509 -0.0399992
    endloop
  endfacet
  facet normal 0 0 1
    outer loop
      vertex -24.599 15.55 -0.0399992
      vertex -24.8 13.7019 -0.0399992
      vertex -24.4491 15.3358 -0.0399992
    endloop
  endfacet
  facet normal 0 0 1
    outer loop
      vertex -24.7095 15.787 -0.0399992
      vertex -24.8 13.7019 -0.0399992
      vertex -24.599 15.55 -0.0399992
    endloop
  endfacet
  facet normal 0 0 1
    outer loop
      vertex -24.7772 16.0395 -0.0399992
      vertex -24.8 13.7019 -0.0399992
      vertex -24.7095 15.787 -0.0399992
    endloop
  endfacet
  facet normal 0 0 1
    outer loop
      vertex -24.8 13.7019 -0.0399992
      vertex -24.7772 16.0395 -0.0399992
      vertex -24.8 16.3 -0.0399992
    endloop
  endfacet
  facet normal -0.965885 0.258972 0
    outer loop
      vertex -21.8905 15.787 -4.99
      vertex -21.8228 16.0395 -0.0399992
      vertex -21.8228 16.0395 -4.99
    endloop
  endfacet
  facet normal -0.965885 0.258972 0
    outer loop
      vertex -21.8228 16.0395 -0.0399992
      vertex -21.8905 15.787 -4.99
      vertex -21.8905 15.787 -0.0399992
    endloop
  endfacet
  facet normal -0.965885 -0.258972 0
    outer loop
      vertex -21.8228 16.5605 -4.99
      vertex -21.8905 16.813 -0.0399992
      vertex -21.8905 16.813 -4.99
    endloop
  endfacet
  facet normal -0.965885 -0.258972 0
    outer loop
      vertex -21.8905 16.813 -0.0399992
      vertex -21.8228 16.5605 -4.99
      vertex -21.8228 16.5605 -0.0399992
    endloop
  endfacet
  facet normal -0.996192 -0.0871907 0
    outer loop
      vertex -21.8 16.3 -4.99
      vertex -21.8228 16.5605 -0.0399992
      vertex -21.8228 16.5605 -4.99
    endloop
  endfacet
  facet normal -0.996192 -0.0871907 0
    outer loop
      vertex -21.8228 16.5605 -0.0399992
      vertex -21.8 16.3 -4.99
      vertex -21.8 16.3 -0.0399992
    endloop
  endfacet
  facet normal -0.90633 -0.422571 0
    outer loop
      vertex -21.8905 16.813 -4.99
      vertex -22.001 17.05 -0.0399992
      vertex -22.001 17.05 -4.99
    endloop
  endfacet
  facet normal -0.90633 -0.422571 0
    outer loop
      vertex -22.001 17.05 -0.0399992
      vertex -21.8905 16.813 -4.99
      vertex -21.8905 16.813 -0.0399992
    endloop
  endfacet
  facet normal 0.965885 0.258972 0
    outer loop
      vertex -24.7095 15.787 -0.0399992
      vertex -24.7772 16.0395 -4.99
      vertex -24.7772 16.0395 -0.0399992
    endloop
  endfacet
  facet normal 0.965885 0.258972 0
    outer loop
      vertex -24.7772 16.0395 -4.99
      vertex -24.7095 15.787 -0.0399992
      vertex -24.7095 15.787 -4.99
    endloop
  endfacet
  facet normal 0.819304 -0.57336 0
    outer loop
      vertex -24.599 17.05 -0.0399992
      vertex -24.4491 17.2642 -4.99
      vertex -24.4491 17.2642 -0.0399992
    endloop
  endfacet
  facet normal 0.819304 -0.57336 0
    outer loop
      vertex -24.4491 17.2642 -4.99
      vertex -24.599 17.05 -0.0399992
      vertex -24.599 17.05 -4.99
    endloop
  endfacet
  facet normal 0.422571 -0.90633 0
    outer loop
      vertex -24.05 17.599 -4.99
      vertex -23.813 17.7095 -0.0399992
      vertex -24.05 17.599 -0.0399992
    endloop
  endfacet
  facet normal 0.422571 -0.90633 0
    outer loop
      vertex -23.813 17.7095 -0.0399992
      vertex -24.05 17.599 -4.99
      vertex -23.813 17.7095 -4.99
    endloop
  endfacet
  facet normal 0.57336 0.819304 -0
    outer loop
      vertex -24.05 15.001 -4.99
      vertex -24.2642 15.1509 -0.0399992
      vertex -24.05 15.001 -0.0399992
    endloop
  endfacet
  facet normal 0.57336 0.819304 0
    outer loop
      vertex -24.2642 15.1509 -0.0399992
      vertex -24.05 15.001 -4.99
      vertex -24.2642 15.1509 -4.99
    endloop
  endfacet
  facet normal 0.0871907 0.996192 -0
    outer loop
      vertex -23.3 14.8 -4.99
      vertex -23.5605 14.8228 -0.0399992
      vertex -23.3 14.8 -0.0399992
    endloop
  endfacet
  facet normal 0.0871907 0.996192 0
    outer loop
      vertex -23.5605 14.8228 -0.0399992
      vertex -23.3 14.8 -4.99
      vertex -23.5605 14.8228 -4.99
    endloop
  endfacet
  facet normal -0.0871907 0.996192 0
    outer loop
      vertex -23.0395 14.8228 -4.99
      vertex -23.3 14.8 -0.0399992
      vertex -23.0395 14.8228 -0.0399992
    endloop
  endfacet
  facet normal -0.0871907 0.996192 0
    outer loop
      vertex -23.3 14.8 -0.0399992
      vertex -23.0395 14.8228 -4.99
      vertex -23.3 14.8 -4.99
    endloop
  endfacet
  facet normal -0.90633 0.422571 0
    outer loop
      vertex -22.001 15.55 -4.99
      vertex -21.8905 15.787 -0.0399992
      vertex -21.8905 15.787 -4.99
    endloop
  endfacet
  facet normal -0.90633 0.422571 0
    outer loop
      vertex -21.8905 15.787 -0.0399992
      vertex -22.001 15.55 -4.99
      vertex -22.001 15.55 -0.0399992
    endloop
  endfacet
  facet normal -0.707107 -0.707107 0
    outer loop
      vertex -22.1509 17.2642 -4.99
      vertex -22.3358 17.4491 -0.0399992
      vertex -22.3358 17.4491 -4.99
    endloop
  endfacet
  facet normal -0.707107 -0.707107 0
    outer loop
      vertex -22.3358 17.4491 -0.0399992
      vertex -22.1509 17.2642 -4.99
      vertex -22.1509 17.2642 -0.0399992
    endloop
  endfacet
  facet normal -0.707107 0.707107 0
    outer loop
      vertex -22.3358 15.1509 -4.99
      vertex -22.1509 15.3358 -0.0399992
      vertex -22.1509 15.3358 -4.99
    endloop
  endfacet
  facet normal -0.707107 0.707107 0
    outer loop
      vertex -22.1509 15.3358 -0.0399992
      vertex -22.3358 15.1509 -4.99
      vertex -22.3358 15.1509 -0.0399992
    endloop
  endfacet
  facet normal 0.996192 -0.0871907 0
    outer loop
      vertex -24.8 16.3 -0.0399992
      vertex -24.7772 16.5605 -4.99
      vertex -24.7772 16.5605 -0.0399992
    endloop
  endfacet
  facet normal 0.996192 -0.0871907 0
    outer loop
      vertex -24.7772 16.5605 -4.99
      vertex -24.8 16.3 -0.0399992
      vertex -24.8 16.3 -4.99
    endloop
  endfacet
  facet normal -0.258972 -0.965885 0
    outer loop
      vertex -23.0395 17.7772 -4.99
      vertex -22.787 17.7095 -0.0399992
      vertex -23.0395 17.7772 -0.0399992
    endloop
  endfacet
  facet normal -0.258972 -0.965885 -0
    outer loop
      vertex -22.787 17.7095 -0.0399992
      vertex -23.0395 17.7772 -4.99
      vertex -22.787 17.7095 -4.99
    endloop
  endfacet
  facet normal 0.996192 0.0871907 0
    outer loop
      vertex -24.7772 16.0395 -0.0399992
      vertex -24.8 16.3 -4.99
      vertex -24.8 16.3 -0.0399992
    endloop
  endfacet
  facet normal 0.996192 0.0871907 0
    outer loop
      vertex -24.8 16.3 -4.99
      vertex -24.7772 16.0395 -0.0399992
      vertex -24.7772 16.0395 -4.99
    endloop
  endfacet
  facet normal -0.819304 0.57336 0
    outer loop
      vertex -22.1509 15.3358 -4.99
      vertex -22.001 15.55 -0.0399992
      vertex -22.001 15.55 -4.99
    endloop
  endfacet
  facet normal -0.819304 0.57336 0
    outer loop
      vertex -22.001 15.55 -0.0399992
      vertex -22.1509 15.3358 -4.99
      vertex -22.1509 15.3358 -0.0399992
    endloop
  endfacet
  facet normal 0.258972 0.965885 -0
    outer loop
      vertex -23.5605 14.8228 -4.99
      vertex -23.813 14.8905 -0.0399992
      vertex -23.5605 14.8228 -0.0399992
    endloop
  endfacet
  facet normal 0.258972 0.965885 0
    outer loop
      vertex -23.813 14.8905 -0.0399992
      vertex -23.5605 14.8228 -4.99
      vertex -23.813 14.8905 -4.99
    endloop
  endfacet
  facet normal -0.422571 0.90633 0
    outer loop
      vertex -22.55 15.001 -4.99
      vertex -22.787 14.8905 -0.0399992
      vertex -22.55 15.001 -0.0399992
    endloop
  endfacet
  facet normal -0.422571 0.90633 0
    outer loop
      vertex -22.787 14.8905 -0.0399992
      vertex -22.55 15.001 -4.99
      vertex -22.787 14.8905 -4.99
    endloop
  endfacet
  facet normal 0.57336 -0.819304 0
    outer loop
      vertex -24.2642 17.4491 -4.99
      vertex -24.05 17.599 -0.0399992
      vertex -24.2642 17.4491 -0.0399992
    endloop
  endfacet
  facet normal 0.57336 -0.819304 0
    outer loop
      vertex -24.05 17.599 -0.0399992
      vertex -24.2642 17.4491 -4.99
      vertex -24.05 17.599 -4.99
    endloop
  endfacet
  facet normal -0.819304 -0.57336 0
    outer loop
      vertex -22.001 17.05 -4.99
      vertex -22.1509 17.2642 -0.0399992
      vertex -22.1509 17.2642 -4.99
    endloop
  endfacet
  facet normal -0.819304 -0.57336 0
    outer loop
      vertex -22.1509 17.2642 -0.0399992
      vertex -22.001 17.05 -4.99
      vertex -22.001 17.05 -0.0399992
    endloop
  endfacet
  facet normal -0.422571 -0.90633 0
    outer loop
      vertex -22.787 17.7095 -4.99
      vertex -22.55 17.599 -0.0399992
      vertex -22.787 17.7095 -0.0399992
    endloop
  endfacet
  facet normal -0.422571 -0.90633 -0
    outer loop
      vertex -22.55 17.599 -0.0399992
      vertex -22.787 17.7095 -4.99
      vertex -22.55 17.599 -4.99
    endloop
  endfacet
  facet normal -0.258972 0.965885 0
    outer loop
      vertex -22.787 14.8905 -4.99
      vertex -23.0395 14.8228 -0.0399992
      vertex -22.787 14.8905 -0.0399992
    endloop
  endfacet
  facet normal -0.258972 0.965885 0
    outer loop
      vertex -23.0395 14.8228 -0.0399992
      vertex -22.787 14.8905 -4.99
      vertex -23.0395 14.8228 -4.99
    endloop
  endfacet
  facet normal -0.57336 0.819304 0
    outer loop
      vertex -22.3358 15.1509 -4.99
      vertex -22.55 15.001 -0.0399992
      vertex -22.3358 15.1509 -0.0399992
    endloop
  endfacet
  facet normal -0.57336 0.819304 0
    outer loop
      vertex -22.55 15.001 -0.0399992
      vertex -22.3358 15.1509 -4.99
      vertex -22.55 15.001 -4.99
    endloop
  endfacet
  facet normal -0.996192 0.0871907 0
    outer loop
      vertex -21.8228 16.0395 -4.99
      vertex -21.8 16.3 -0.0399992
      vertex -21.8 16.3 -4.99
    endloop
  endfacet
  facet normal -0.996192 0.0871907 0
    outer loop
      vertex -21.8 16.3 -0.0399992
      vertex -21.8228 16.0395 -4.99
      vertex -21.8228 16.0395 -0.0399992
    endloop
  endfacet
  facet normal -0.57336 -0.819304 0
    outer loop
      vertex -22.55 17.599 -4.99
      vertex -22.3358 17.4491 -0.0399992
      vertex -22.55 17.599 -0.0399992
    endloop
  endfacet
  facet normal -0.57336 -0.819304 -0
    outer loop
      vertex -22.3358 17.4491 -0.0399992
      vertex -22.55 17.599 -4.99
      vertex -22.3358 17.4491 -4.99
    endloop
  endfacet
  facet normal -0.0871907 -0.996192 0
    outer loop
      vertex -23.3 17.8 -4.99
      vertex -23.0395 17.7772 -0.0399992
      vertex -23.3 17.8 -0.0399992
    endloop
  endfacet
  facet normal -0.0871907 -0.996192 -0
    outer loop
      vertex -23.0395 17.7772 -0.0399992
      vertex -23.3 17.8 -4.99
      vertex -23.0395 17.7772 -4.99
    endloop
  endfacet
  facet normal 0.90633 -0.422571 0
    outer loop
      vertex -24.7095 16.813 -0.0399992
      vertex -24.599 17.05 -4.99
      vertex -24.599 17.05 -0.0399992
    endloop
  endfacet
  facet normal 0.90633 -0.422571 0
    outer loop
      vertex -24.599 17.05 -4.99
      vertex -24.7095 16.813 -0.0399992
      vertex -24.7095 16.813 -4.99
    endloop
  endfacet
  facet normal 0 0 1
    outer loop
      vertex -21.8228 16.5605 -4.99
      vertex -21.8228 16.0395 -4.99
      vertex -21.8 16.3 -4.99
    endloop
  endfacet
  facet normal 0 0 1
    outer loop
      vertex -21.8905 16.813 -4.99
      vertex -21.8228 16.0395 -4.99
      vertex -21.8228 16.5605 -4.99
    endloop
  endfacet
  facet normal 0 0 1
    outer loop
      vertex -21.8905 16.813 -4.99
      vertex -21.8905 15.787 -4.99
      vertex -21.8228 16.0395 -4.99
    endloop
  endfacet
  facet normal 0 0 1
    outer loop
      vertex -22.001 17.05 -4.99
      vertex -21.8905 15.787 -4.99
      vertex -21.8905 16.813 -4.99
    endloop
  endfacet
  facet normal 0 0 1
    outer loop
      vertex -22.001 17.05 -4.99
      vertex -22.001 15.55 -4.99
      vertex -21.8905 15.787 -4.99
    endloop
  endfacet
  facet normal 0 0 1
    outer loop
      vertex -22.1509 17.2642 -4.99
      vertex -22.001 15.55 -4.99
      vertex -22.001 17.05 -4.99
    endloop
  endfacet
  facet normal 0 0 1
    outer loop
      vertex -22.1509 17.2642 -4.99
      vertex -22.1509 15.3358 -4.99
      vertex -22.001 15.55 -4.99
    endloop
  endfacet
  facet normal 0 0 1
    outer loop
      vertex -22.3358 17.4491 -4.99
      vertex -22.1509 15.3358 -4.99
      vertex -22.1509 17.2642 -4.99
    endloop
  endfacet
  facet normal 0 0 1
    outer loop
      vertex -22.3358 17.4491 -4.99
      vertex -22.3358 15.1509 -4.99
      vertex -22.1509 15.3358 -4.99
    endloop
  endfacet
  facet normal 0 0 1
    outer loop
      vertex -22.55 17.599 -4.99
      vertex -22.3358 15.1509 -4.99
      vertex -22.3358 17.4491 -4.99
    endloop
  endfacet
  facet normal 0 0 1
    outer loop
      vertex -22.55 17.599 -4.99
      vertex -22.55 15.001 -4.99
      vertex -22.3358 15.1509 -4.99
    endloop
  endfacet
  facet normal 0 0 1
    outer loop
      vertex -22.787 17.7095 -4.99
      vertex -22.55 15.001 -4.99
      vertex -22.55 17.599 -4.99
    endloop
  endfacet
  facet normal 0 0 1
    outer loop
      vertex -22.787 17.7095 -4.99
      vertex -22.787 14.8905 -4.99
      vertex -22.55 15.001 -4.99
    endloop
  endfacet
  facet normal 0 0 1
    outer loop
      vertex -23.0395 17.7772 -4.99
      vertex -22.787 14.8905 -4.99
      vertex -22.787 17.7095 -4.99
    endloop
  endfacet
  facet normal 0 0 1
    outer loop
      vertex -23.0395 17.7772 -4.99
      vertex -23.0395 14.8228 -4.99
      vertex -22.787 14.8905 -4.99
    endloop
  endfacet
  facet normal 0 0 1
    outer loop
      vertex -23.3 17.8 -4.99
      vertex -23.0395 14.8228 -4.99
      vertex -23.0395 17.7772 -4.99
    endloop
  endfacet
  facet normal 0 0 1
    outer loop
      vertex -23.3 17.8 -4.99
      vertex -23.3 14.8 -4.99
      vertex -23.0395 14.8228 -4.99
    endloop
  endfacet
  facet normal -0 0 1
    outer loop
      vertex -23.5605 17.7772 -4.99
      vertex -23.3 14.8 -4.99
      vertex -23.3 17.8 -4.99
    endloop
  endfacet
  facet normal 0 0 1
    outer loop
      vertex -23.5605 17.7772 -4.99
      vertex -23.5605 14.8228 -4.99
      vertex -23.3 14.8 -4.99
    endloop
  endfacet
  facet normal -0 0 1
    outer loop
      vertex -23.813 17.7095 -4.99
      vertex -23.5605 14.8228 -4.99
      vertex -23.5605 17.7772 -4.99
    endloop
  endfacet
  facet normal 0 0 1
    outer loop
      vertex -23.813 17.7095 -4.99
      vertex -23.813 14.8905 -4.99
      vertex -23.5605 14.8228 -4.99
    endloop
  endfacet
  facet normal -0 0 1
    outer loop
      vertex -24.05 17.599 -4.99
      vertex -23.813 14.8905 -4.99
      vertex -23.813 17.7095 -4.99
    endloop
  endfacet
  facet normal 0 0 1
    outer loop
      vertex -24.05 17.599 -4.99
      vertex -24.05 15.001 -4.99
      vertex -23.813 14.8905 -4.99
    endloop
  endfacet
  facet normal -0 0 1
    outer loop
      vertex -24.2642 17.4491 -4.99
      vertex -24.05 15.001 -4.99
      vertex -24.05 17.599 -4.99
    endloop
  endfacet
  facet normal 0 0 1
    outer loop
      vertex -24.2642 17.4491 -4.99
      vertex -24.2642 15.1509 -4.99
      vertex -24.05 15.001 -4.99
    endloop
  endfacet
  facet normal -0 0 1
    outer loop
      vertex -24.4491 17.2642 -4.99
      vertex -24.2642 15.1509 -4.99
      vertex -24.2642 17.4491 -4.99
    endloop
  endfacet
  facet normal 0 0 1
    outer loop
      vertex -24.4491 17.2642 -4.99
      vertex -24.4491 15.3358 -4.99
      vertex -24.2642 15.1509 -4.99
    endloop
  endfacet
  facet normal -0 0 1
    outer loop
      vertex -24.599 17.05 -4.99
      vertex -24.4491 15.3358 -4.99
      vertex -24.4491 17.2642 -4.99
    endloop
  endfacet
  facet normal 0 0 1
    outer loop
      vertex -24.599 17.05 -4.99
      vertex -24.599 15.55 -4.99
      vertex -24.4491 15.3358 -4.99
    endloop
  endfacet
  facet normal -0 0 1
    outer loop
      vertex -24.7095 16.813 -4.99
      vertex -24.599 15.55 -4.99
      vertex -24.599 17.05 -4.99
    endloop
  endfacet
  facet normal 0 0 1
    outer loop
      vertex -24.7095 16.813 -4.99
      vertex -24.7095 15.787 -4.99
      vertex -24.599 15.55 -4.99
    endloop
  endfacet
  facet normal -0 0 1
    outer loop
      vertex -24.7772 16.5605 -4.99
      vertex -24.7095 15.787 -4.99
      vertex -24.7095 16.813 -4.99
    endloop
  endfacet
  facet normal 0 0 1
    outer loop
      vertex -24.7772 16.5605 -4.99
      vertex -24.7772 16.0395 -4.99
      vertex -24.7095 15.787 -4.99
    endloop
  endfacet
  facet normal 0 -0 1
    outer loop
      vertex -24.7772 16.0395 -4.99
      vertex -24.7772 16.5605 -4.99
      vertex -24.8 16.3 -4.99
    endloop
  endfacet
  facet normal 0.258972 -0.965885 0
    outer loop
      vertex -23.813 17.7095 -4.99
      vertex -23.5605 17.7772 -0.0399992
      vertex -23.813 17.7095 -0.0399992
    endloop
  endfacet
  facet normal 0.258972 -0.965885 0
    outer loop
      vertex -23.5605 17.7772 -0.0399992
      vertex -23.813 17.7095 -4.99
      vertex -23.5605 17.7772 -4.99
    endloop
  endfacet
  facet normal 0.0871907 -0.996192 0
    outer loop
      vertex -23.5605 17.7772 -4.99
      vertex -23.3 17.8 -0.0399992
      vertex -23.5605 17.7772 -0.0399992
    endloop
  endfacet
  facet normal 0.0871907 -0.996192 0
    outer loop
      vertex -23.3 17.8 -0.0399992
      vertex -23.5605 17.7772 -4.99
      vertex -23.3 17.8 -4.99
    endloop
  endfacet
  facet normal 0.90633 0.422571 0
    outer loop
      vertex -24.599 15.55 -0.0399992
      vertex -24.7095 15.787 -4.99
      vertex -24.7095 15.787 -0.0399992
    endloop
  endfacet
  facet normal 0.90633 0.422571 0
    outer loop
      vertex -24.7095 15.787 -4.99
      vertex -24.599 15.55 -0.0399992
      vertex -24.599 15.55 -4.99
    endloop
  endfacet
  facet normal 0.819304 0.57336 0
    outer loop
      vertex -24.4491 15.3358 -0.0399992
      vertex -24.599 15.55 -4.99
      vertex -24.599 15.55 -0.0399992
    endloop
  endfacet
  facet normal 0.819304 0.57336 0
    outer loop
      vertex -24.599 15.55 -4.99
      vertex -24.4491 15.3358 -0.0399992
      vertex -24.4491 15.3358 -4.99
    endloop
  endfacet
  facet normal 0.707107 0.707107 0
    outer loop
      vertex -24.2642 15.1509 -0.0399992
      vertex -24.4491 15.3358 -4.99
      vertex -24.4491 15.3358 -0.0399992
    endloop
  endfacet
  facet normal 0.707107 0.707107 0
    outer loop
      vertex -24.4491 15.3358 -4.99
      vertex -24.2642 15.1509 -0.0399992
      vertex -24.2642 15.1509 -4.99
    endloop
  endfacet
  facet normal 0.422571 0.90633 -0
    outer loop
      vertex -23.813 14.8905 -4.99
      vertex -24.05 15.001 -0.0399992
      vertex -23.813 14.8905 -0.0399992
    endloop
  endfacet
  facet normal 0.422571 0.90633 0
    outer loop
      vertex -24.05 15.001 -0.0399992
      vertex -23.813 14.8905 -4.99
      vertex -24.05 15.001 -4.99
    endloop
  endfacet
  facet normal 0.965885 -0.258972 0
    outer loop
      vertex -24.7772 16.5605 -0.0399992
      vertex -24.7095 16.813 -4.99
      vertex -24.7095 16.813 -0.0399992
    endloop
  endfacet
  facet normal 0.965885 -0.258972 0
    outer loop
      vertex -24.7095 16.813 -4.99
      vertex -24.7772 16.5605 -0.0399992
      vertex -24.7772 16.5605 -4.99
    endloop
  endfacet
  facet normal 0.707107 -0.707107 0
    outer loop
      vertex -24.4491 17.2642 -0.0399992
      vertex -24.2642 17.4491 -4.99
      vertex -24.2642 17.4491 -0.0399992
    endloop
  endfacet
  facet normal 0.707107 -0.707107 0
    outer loop
      vertex -24.2642 17.4491 -4.99
      vertex -24.4491 17.2642 -0.0399992
      vertex -24.4491 17.2642 -4.99
    endloop
  endfacet
  facet normal 0 1 -0
    outer loop
      vertex 24.8 -18.8981 -0.0399992
      vertex 21.8 -18.8981 2
      vertex 24.8 -18.8981 2
    endloop
  endfacet
  facet normal 0 1 0
    outer loop
      vertex 21.8 -18.8981 2
      vertex 24.8 -18.8981 -0.0399992
      vertex 21.8 -18.8981 -0.0399992
    endloop
  endfacet
  facet normal -0.866027 0.499997 0
    outer loop
      vertex 24.8 -18.8981 -0.0399992
      vertex 26.3 -16.3 2
      vertex 26.3 -16.3 -0.0399992
    endloop
  endfacet
  facet normal -0.866027 0.499997 0
    outer loop
      vertex 26.3 -16.3 2
      vertex 24.8 -18.8981 -0.0399992
      vertex 24.8 -18.8981 2
    endloop
  endfacet
  facet normal 0 -1 0
    outer loop
      vertex 21.8 -13.7019 -0.0399992
      vertex 24.8 -13.7019 2
      vertex 21.8 -13.7019 2
    endloop
  endfacet
  facet normal 0 -1 -0
    outer loop
      vertex 24.8 -13.7019 2
      vertex 21.8 -13.7019 -0.0399992
      vertex 24.8 -13.7019 -0.0399992
    endloop
  endfacet
  facet normal -0.866027 -0.499997 0
    outer loop
      vertex 26.3 -16.3 -0.0399992
      vertex 24.8 -13.7019 2
      vertex 24.8 -13.7019 -0.0399992
    endloop
  endfacet
  facet normal -0.866027 -0.499997 0
    outer loop
      vertex 24.8 -13.7019 2
      vertex 26.3 -16.3 -0.0399992
      vertex 26.3 -16.3 2
    endloop
  endfacet
  facet normal 0.866027 -0.499997 0
    outer loop
      vertex 20.3 -16.3 2
      vertex 21.8 -13.7019 -0.0399992
      vertex 21.8 -13.7019 2
    endloop
  endfacet
  facet normal 0.866027 -0.499997 0
    outer loop
      vertex 21.8 -13.7019 -0.0399992
      vertex 20.3 -16.3 2
      vertex 20.3 -16.3 -0.0399992
    endloop
  endfacet
  facet normal 0.866027 0.499997 0
    outer loop
      vertex 21.8 -18.8981 2
      vertex 20.3 -16.3 -0.0399992
      vertex 20.3 -16.3 2
    endloop
  endfacet
  facet normal 0.866027 0.499997 0
    outer loop
      vertex 20.3 -16.3 -0.0399992
      vertex 21.8 -18.8981 2
      vertex 21.8 -18.8981 -0.0399992
    endloop
  endfacet
  facet normal 0 0 1
    outer loop
      vertex 26.3 -16.3 -0.0399992
      vertex 24.7772 -16.0395 -0.0399992
      vertex 24.8 -16.3 -0.0399992
    endloop
  endfacet
  facet normal 0 0 1
    outer loop
      vertex 26.3 -16.3 -0.0399992
      vertex 24.7095 -15.787 -0.0399992
      vertex 24.7772 -16.0395 -0.0399992
    endloop
  endfacet
  facet normal 0 0 1
    outer loop
      vertex 26.3 -16.3 -0.0399992
      vertex 24.599 -15.55 -0.0399992
      vertex 24.7095 -15.787 -0.0399992
    endloop
  endfacet
  facet normal 0 0 1
    outer loop
      vertex 24.8 -13.7019 -0.0399992
      vertex 24.4491 -15.3358 -0.0399992
      vertex 24.599 -15.55 -0.0399992
    endloop
  endfacet
  facet normal 0 0 1
    outer loop
      vertex 24.8 -13.7019 -0.0399992
      vertex 24.2642 -15.1509 -0.0399992
      vertex 24.4491 -15.3358 -0.0399992
    endloop
  endfacet
  facet normal 0 0 1
    outer loop
      vertex 24.8 -13.7019 -0.0399992
      vertex 24.05 -15.001 -0.0399992
      vertex 24.2642 -15.1509 -0.0399992
    endloop
  endfacet
  facet normal 0 0 1
    outer loop
      vertex 24.8 -13.7019 -0.0399992
      vertex 23.813 -14.8905 -0.0399992
      vertex 24.05 -15.001 -0.0399992
    endloop
  endfacet
  facet normal 0 0 1
    outer loop
      vertex 24.8 -13.7019 -0.0399992
      vertex 23.5605 -14.8228 -0.0399992
      vertex 23.813 -14.8905 -0.0399992
    endloop
  endfacet
  facet normal 0 0 1
    outer loop
      vertex 24.8 -13.7019 -0.0399992
      vertex 23.3 -14.8 -0.0399992
      vertex 23.5605 -14.8228 -0.0399992
    endloop
  endfacet
  facet normal -0 0 1
    outer loop
      vertex 21.8 -13.7019 -0.0399992
      vertex 23.3 -14.8 -0.0399992
      vertex 24.8 -13.7019 -0.0399992
    endloop
  endfacet
  facet normal 0 0 1
    outer loop
      vertex 23.3 -14.8 -0.0399992
      vertex 21.8 -13.7019 -0.0399992
      vertex 23.0395 -14.8228 -0.0399992
    endloop
  endfacet
  facet normal 0 0 1
    outer loop
      vertex 23.0395 -14.8228 -0.0399992
      vertex 21.8 -13.7019 -0.0399992
      vertex 22.787 -14.8905 -0.0399992
    endloop
  endfacet
  facet normal 0 0 1
    outer loop
      vertex 22.787 -14.8905 -0.0399992
      vertex 21.8 -13.7019 -0.0399992
      vertex 22.55 -15.001 -0.0399992
    endloop
  endfacet
  facet normal 0 0 1
    outer loop
      vertex 21.8 -13.7019 -0.0399992
      vertex 22.3358 -15.1509 -0.0399992
      vertex 22.55 -15.001 -0.0399992
    endloop
  endfacet
  facet normal 0 0 1
    outer loop
      vertex 21.8 -13.7019 -0.0399992
      vertex 22.1509 -15.3358 -0.0399992
      vertex 22.3358 -15.1509 -0.0399992
    endloop
  endfacet
  facet normal 0 0 1
    outer loop
      vertex 21.8 -13.7019 -0.0399992
      vertex 22.001 -15.55 -0.0399992
      vertex 22.1509 -15.3358 -0.0399992
    endloop
  endfacet
  facet normal 0 0 1
    outer loop
      vertex 20.3 -16.3 -0.0399992
      vertex 22.001 -15.55 -0.0399992
      vertex 21.8 -13.7019 -0.0399992
    endloop
  endfacet
  facet normal 0 0 1
    outer loop
      vertex 22.001 -15.55 -0.0399992
      vertex 20.3 -16.3 -0.0399992
      vertex 21.8905 -15.787 -0.0399992
    endloop
  endfacet
  facet normal 0 0 1
    outer loop
      vertex 21.8905 -15.787 -0.0399992
      vertex 20.3 -16.3 -0.0399992
      vertex 21.8228 -16.0395 -0.0399992
    endloop
  endfacet
  facet normal 0 0 1
    outer loop
      vertex 21.8228 -16.0395 -0.0399992
      vertex 20.3 -16.3 -0.0399992
      vertex 21.8 -16.3 -0.0399992
    endloop
  endfacet
  facet normal 0 0 1
    outer loop
      vertex 21.8 -16.3 -0.0399992
      vertex 20.3 -16.3 -0.0399992
      vertex 21.8 -18.8981 -0.0399992
    endloop
  endfacet
  facet normal -0 0 1
    outer loop
      vertex 24.599 -15.55 -0.0399992
      vertex 26.3 -16.3 -0.0399992
      vertex 24.8 -13.7019 -0.0399992
    endloop
  endfacet
  facet normal 0 0 1
    outer loop
      vertex 24.7772 -16.5605 -0.0399992
      vertex 26.3 -16.3 -0.0399992
      vertex 24.8 -16.3 -0.0399992
    endloop
  endfacet
  facet normal 0 0 1
    outer loop
      vertex 24.7095 -16.813 -0.0399992
      vertex 26.3 -16.3 -0.0399992
      vertex 24.7772 -16.5605 -0.0399992
    endloop
  endfacet
  facet normal 0 0 1
    outer loop
      vertex 24.599 -17.05 -0.0399992
      vertex 26.3 -16.3 -0.0399992
      vertex 24.7095 -16.813 -0.0399992
    endloop
  endfacet
  facet normal 0 0 1
    outer loop
      vertex 26.3 -16.3 -0.0399992
      vertex 24.599 -17.05 -0.0399992
      vertex 24.8 -18.8981 -0.0399992
    endloop
  endfacet
  facet normal -0 0 1
    outer loop
      vertex 24.4491 -17.2642 -0.0399992
      vertex 24.8 -18.8981 -0.0399992
      vertex 24.599 -17.05 -0.0399992
    endloop
  endfacet
  facet normal -0 0 1
    outer loop
      vertex 24.2642 -17.4491 -0.0399992
      vertex 24.8 -18.8981 -0.0399992
      vertex 24.4491 -17.2642 -0.0399992
    endloop
  endfacet
  facet normal -0 0 1
    outer loop
      vertex 24.05 -17.599 -0.0399992
      vertex 24.8 -18.8981 -0.0399992
      vertex 24.2642 -17.4491 -0.0399992
    endloop
  endfacet
  facet normal -0 0 1
    outer loop
      vertex 23.813 -17.7095 -0.0399992
      vertex 24.8 -18.8981 -0.0399992
      vertex 24.05 -17.599 -0.0399992
    endloop
  endfacet
  facet normal -0 0 1
    outer loop
      vertex 23.5605 -17.7772 -0.0399992
      vertex 24.8 -18.8981 -0.0399992
      vertex 23.813 -17.7095 -0.0399992
    endloop
  endfacet
  facet normal -0 0 1
    outer loop
      vertex 23.3 -17.8 -0.0399992
      vertex 24.8 -18.8981 -0.0399992
      vertex 23.5605 -17.7772 -0.0399992
    endloop
  endfacet
  facet normal 0 0 1
    outer loop
      vertex 21.8 -18.8981 -0.0399992
      vertex 23.3 -17.8 -0.0399992
      vertex 23.0395 -17.7772 -0.0399992
    endloop
  endfacet
  facet normal 0 0 1
    outer loop
      vertex 21.8 -18.8981 -0.0399992
      vertex 23.0395 -17.7772 -0.0399992
      vertex 22.787 -17.7095 -0.0399992
    endloop
  endfacet
  facet normal 0 0 1
    outer loop
      vertex 21.8 -18.8981 -0.0399992
      vertex 22.787 -17.7095 -0.0399992
      vertex 22.55 -17.599 -0.0399992
    endloop
  endfacet
  facet normal 0 0 1
    outer loop
      vertex 23.3 -17.8 -0.0399992
      vertex 21.8 -18.8981 -0.0399992
      vertex 24.8 -18.8981 -0.0399992
    endloop
  endfacet
  facet normal 0 0 1
    outer loop
      vertex 22.3358 -17.4491 -0.0399992
      vertex 21.8 -18.8981 -0.0399992
      vertex 22.55 -17.599 -0.0399992
    endloop
  endfacet
  facet normal 0 0 1
    outer loop
      vertex 22.1509 -17.2642 -0.0399992
      vertex 21.8 -18.8981 -0.0399992
      vertex 22.3358 -17.4491 -0.0399992
    endloop
  endfacet
  facet normal 0 0 1
    outer loop
      vertex 22.001 -17.05 -0.0399992
      vertex 21.8 -18.8981 -0.0399992
      vertex 22.1509 -17.2642 -0.0399992
    endloop
  endfacet
  facet normal 0 0 1
    outer loop
      vertex 21.8905 -16.813 -0.0399992
      vertex 21.8 -18.8981 -0.0399992
      vertex 22.001 -17.05 -0.0399992
    endloop
  endfacet
  facet normal 0 0 1
    outer loop
      vertex 21.8228 -16.5605 -0.0399992
      vertex 21.8 -18.8981 -0.0399992
      vertex 21.8905 -16.813 -0.0399992
    endloop
  endfacet
  facet normal 0 0 1
    outer loop
      vertex 21.8 -18.8981 -0.0399992
      vertex 21.8228 -16.5605 -0.0399992
      vertex 21.8 -16.3 -0.0399992
    endloop
  endfacet
  facet normal -0.965885 0.258972 0
    outer loop
      vertex 24.7095 -16.813 -4.99
      vertex 24.7772 -16.5605 -0.0399992
      vertex 24.7772 -16.5605 -4.99
    endloop
  endfacet
  facet normal -0.965885 0.258972 0
    outer loop
      vertex 24.7772 -16.5605 -0.0399992
      vertex 24.7095 -16.813 -4.99
      vertex 24.7095 -16.813 -0.0399992
    endloop
  endfacet
  facet normal -0.965885 -0.258972 0
    outer loop
      vertex 24.7772 -16.0395 -4.99
      vertex 24.7095 -15.787 -0.0399992
      vertex 24.7095 -15.787 -4.99
    endloop
  endfacet
  facet normal -0.965885 -0.258972 0
    outer loop
      vertex 24.7095 -15.787 -0.0399992
      vertex 24.7772 -16.0395 -4.99
      vertex 24.7772 -16.0395 -0.0399992
    endloop
  endfacet
  facet normal -0.996192 -0.0871907 0
    outer loop
      vertex 24.8 -16.3 -4.99
      vertex 24.7772 -16.0395 -0.0399992
      vertex 24.7772 -16.0395 -4.99
    endloop
  endfacet
  facet normal -0.996192 -0.0871907 0
    outer loop
      vertex 24.7772 -16.0395 -0.0399992
      vertex 24.8 -16.3 -4.99
      vertex 24.8 -16.3 -0.0399992
    endloop
  endfacet
  facet normal -0.90633 -0.422571 0
    outer loop
      vertex 24.7095 -15.787 -4.99
      vertex 24.599 -15.55 -0.0399992
      vertex 24.599 -15.55 -4.99
    endloop
  endfacet
  facet normal -0.90633 -0.422571 0
    outer loop
      vertex 24.599 -15.55 -0.0399992
      vertex 24.7095 -15.787 -4.99
      vertex 24.7095 -15.787 -0.0399992
    endloop
  endfacet
  facet normal 0.965885 0.258972 0
    outer loop
      vertex 21.8905 -16.813 -0.0399992
      vertex 21.8228 -16.5605 -4.99
      vertex 21.8228 -16.5605 -0.0399992
    endloop
  endfacet
  facet normal 0.965885 0.258972 0
    outer loop
      vertex 21.8228 -16.5605 -4.99
      vertex 21.8905 -16.813 -0.0399992
      vertex 21.8905 -16.813 -4.99
    endloop
  endfacet
  facet normal 0.819304 -0.57336 0
    outer loop
      vertex 22.001 -15.55 -0.0399992
      vertex 22.1509 -15.3358 -4.99
      vertex 22.1509 -15.3358 -0.0399992
    endloop
  endfacet
  facet normal 0.819304 -0.57336 0
    outer loop
      vertex 22.1509 -15.3358 -4.99
      vertex 22.001 -15.55 -0.0399992
      vertex 22.001 -15.55 -4.99
    endloop
  endfacet
  facet normal 0.422571 -0.90633 0
    outer loop
      vertex 22.55 -15.001 -4.99
      vertex 22.787 -14.8905 -0.0399992
      vertex 22.55 -15.001 -0.0399992
    endloop
  endfacet
  facet normal 0.422571 -0.90633 0
    outer loop
      vertex 22.787 -14.8905 -0.0399992
      vertex 22.55 -15.001 -4.99
      vertex 22.787 -14.8905 -4.99
    endloop
  endfacet
  facet normal 0.57336 0.819304 -0
    outer loop
      vertex 22.55 -17.599 -4.99
      vertex 22.3358 -17.4491 -0.0399992
      vertex 22.55 -17.599 -0.0399992
    endloop
  endfacet
  facet normal 0.57336 0.819304 0
    outer loop
      vertex 22.3358 -17.4491 -0.0399992
      vertex 22.55 -17.599 -4.99
      vertex 22.3358 -17.4491 -4.99
    endloop
  endfacet
  facet normal 0.0871907 0.996192 -0
    outer loop
      vertex 23.3 -17.8 -4.99
      vertex 23.0395 -17.7772 -0.0399992
      vertex 23.3 -17.8 -0.0399992
    endloop
  endfacet
  facet normal 0.0871907 0.996192 0
    outer loop
      vertex 23.0395 -17.7772 -0.0399992
      vertex 23.3 -17.8 -4.99
      vertex 23.0395 -17.7772 -4.99
    endloop
  endfacet
  facet normal -0.0871907 0.996192 0
    outer loop
      vertex 23.5605 -17.7772 -4.99
      vertex 23.3 -17.8 -0.0399992
      vertex 23.5605 -17.7772 -0.0399992
    endloop
  endfacet
  facet normal -0.0871907 0.996192 0
    outer loop
      vertex 23.3 -17.8 -0.0399992
      vertex 23.5605 -17.7772 -4.99
      vertex 23.3 -17.8 -4.99
    endloop
  endfacet
  facet normal -0.90633 0.422571 0
    outer loop
      vertex 24.599 -17.05 -4.99
      vertex 24.7095 -16.813 -0.0399992
      vertex 24.7095 -16.813 -4.99
    endloop
  endfacet
  facet normal -0.90633 0.422571 0
    outer loop
      vertex 24.7095 -16.813 -0.0399992
      vertex 24.599 -17.05 -4.99
      vertex 24.599 -17.05 -0.0399992
    endloop
  endfacet
  facet normal -0.707107 -0.707107 0
    outer loop
      vertex 24.4491 -15.3358 -4.99
      vertex 24.2642 -15.1509 -0.0399992
      vertex 24.2642 -15.1509 -4.99
    endloop
  endfacet
  facet normal -0.707107 -0.707107 0
    outer loop
      vertex 24.2642 -15.1509 -0.0399992
      vertex 24.4491 -15.3358 -4.99
      vertex 24.4491 -15.3358 -0.0399992
    endloop
  endfacet
  facet normal -0.707107 0.707107 0
    outer loop
      vertex 24.2642 -17.4491 -4.99
      vertex 24.4491 -17.2642 -0.0399992
      vertex 24.4491 -17.2642 -4.99
    endloop
  endfacet
  facet normal -0.707107 0.707107 0
    outer loop
      vertex 24.4491 -17.2642 -0.0399992
      vertex 24.2642 -17.4491 -4.99
      vertex 24.2642 -17.4491 -0.0399992
    endloop
  endfacet
  facet normal 0.996192 -0.0871907 0
    outer loop
      vertex 21.8 -16.3 -0.0399992
      vertex 21.8228 -16.0395 -4.99
      vertex 21.8228 -16.0395 -0.0399992
    endloop
  endfacet
  facet normal 0.996192 -0.0871907 0
    outer loop
      vertex 21.8228 -16.0395 -4.99
      vertex 21.8 -16.3 -0.0399992
      vertex 21.8 -16.3 -4.99
    endloop
  endfacet
  facet normal -0.258972 -0.965885 0
    outer loop
      vertex 23.5605 -14.8228 -4.99
      vertex 23.813 -14.8905 -0.0399992
      vertex 23.5605 -14.8228 -0.0399992
    endloop
  endfacet
  facet normal -0.258972 -0.965885 -0
    outer loop
      vertex 23.813 -14.8905 -0.0399992
      vertex 23.5605 -14.8228 -4.99
      vertex 23.813 -14.8905 -4.99
    endloop
  endfacet
  facet normal 0.996192 0.0871907 0
    outer loop
      vertex 21.8228 -16.5605 -0.0399992
      vertex 21.8 -16.3 -4.99
      vertex 21.8 -16.3 -0.0399992
    endloop
  endfacet
  facet normal 0.996192 0.0871907 0
    outer loop
      vertex 21.8 -16.3 -4.99
      vertex 21.8228 -16.5605 -0.0399992
      vertex 21.8228 -16.5605 -4.99
    endloop
  endfacet
  facet normal -0.819304 0.57336 0
    outer loop
      vertex 24.4491 -17.2642 -4.99
      vertex 24.599 -17.05 -0.0399992
      vertex 24.599 -17.05 -4.99
    endloop
  endfacet
  facet normal -0.819304 0.57336 0
    outer loop
      vertex 24.599 -17.05 -0.0399992
      vertex 24.4491 -17.2642 -4.99
      vertex 24.4491 -17.2642 -0.0399992
    endloop
  endfacet
  facet normal 0.258972 0.965885 -0
    outer loop
      vertex 23.0395 -17.7772 -4.99
      vertex 22.787 -17.7095 -0.0399992
      vertex 23.0395 -17.7772 -0.0399992
    endloop
  endfacet
  facet normal 0.258972 0.965885 0
    outer loop
      vertex 22.787 -17.7095 -0.0399992
      vertex 23.0395 -17.7772 -4.99
      vertex 22.787 -17.7095 -4.99
    endloop
  endfacet
  facet normal -0.422571 0.90633 0
    outer loop
      vertex 24.05 -17.599 -4.99
      vertex 23.813 -17.7095 -0.0399992
      vertex 24.05 -17.599 -0.0399992
    endloop
  endfacet
  facet normal -0.422571 0.90633 0
    outer loop
      vertex 23.813 -17.7095 -0.0399992
      vertex 24.05 -17.599 -4.99
      vertex 23.813 -17.7095 -4.99
    endloop
  endfacet
  facet normal 0.57336 -0.819304 0
    outer loop
      vertex 22.3358 -15.1509 -4.99
      vertex 22.55 -15.001 -0.0399992
      vertex 22.3358 -15.1509 -0.0399992
    endloop
  endfacet
  facet normal 0.57336 -0.819304 0
    outer loop
      vertex 22.55 -15.001 -0.0399992
      vertex 22.3358 -15.1509 -4.99
      vertex 22.55 -15.001 -4.99
    endloop
  endfacet
  facet normal -0.819304 -0.57336 0
    outer loop
      vertex 24.599 -15.55 -4.99
      vertex 24.4491 -15.3358 -0.0399992
      vertex 24.4491 -15.3358 -4.99
    endloop
  endfacet
  facet normal -0.819304 -0.57336 0
    outer loop
      vertex 24.4491 -15.3358 -0.0399992
      vertex 24.599 -15.55 -4.99
      vertex 24.599 -15.55 -0.0399992
    endloop
  endfacet
  facet normal -0.422571 -0.90633 0
    outer loop
      vertex 23.813 -14.8905 -4.99
      vertex 24.05 -15.001 -0.0399992
      vertex 23.813 -14.8905 -0.0399992
    endloop
  endfacet
  facet normal -0.422571 -0.90633 -0
    outer loop
      vertex 24.05 -15.001 -0.0399992
      vertex 23.813 -14.8905 -4.99
      vertex 24.05 -15.001 -4.99
    endloop
  endfacet
  facet normal -0.258972 0.965885 0
    outer loop
      vertex 23.813 -17.7095 -4.99
      vertex 23.5605 -17.7772 -0.0399992
      vertex 23.813 -17.7095 -0.0399992
    endloop
  endfacet
  facet normal -0.258972 0.965885 0
    outer loop
      vertex 23.5605 -17.7772 -0.0399992
      vertex 23.813 -17.7095 -4.99
      vertex 23.5605 -17.7772 -4.99
    endloop
  endfacet
  facet normal -0.57336 0.819304 0
    outer loop
      vertex 24.2642 -17.4491 -4.99
      vertex 24.05 -17.599 -0.0399992
      vertex 24.2642 -17.4491 -0.0399992
    endloop
  endfacet
  facet normal -0.57336 0.819304 0
    outer loop
      vertex 24.05 -17.599 -0.0399992
      vertex 24.2642 -17.4491 -4.99
      vertex 24.05 -17.599 -4.99
    endloop
  endfacet
  facet normal -0.996192 0.0871907 0
    outer loop
      vertex 24.7772 -16.5605 -4.99
      vertex 24.8 -16.3 -0.0399992
      vertex 24.8 -16.3 -4.99
    endloop
  endfacet
  facet normal -0.996192 0.0871907 0
    outer loop
      vertex 24.8 -16.3 -0.0399992
      vertex 24.7772 -16.5605 -4.99
      vertex 24.7772 -16.5605 -0.0399992
    endloop
  endfacet
  facet normal -0.57336 -0.819304 0
    outer loop
      vertex 24.05 -15.001 -4.99
      vertex 24.2642 -15.1509 -0.0399992
      vertex 24.05 -15.001 -0.0399992
    endloop
  endfacet
  facet normal -0.57336 -0.819304 -0
    outer loop
      vertex 24.2642 -15.1509 -0.0399992
      vertex 24.05 -15.001 -4.99
      vertex 24.2642 -15.1509 -4.99
    endloop
  endfacet
  facet normal -0.0871907 -0.996192 0
    outer loop
      vertex 23.3 -14.8 -4.99
      vertex 23.5605 -14.8228 -0.0399992
      vertex 23.3 -14.8 -0.0399992
    endloop
  endfacet
  facet normal -0.0871907 -0.996192 -0
    outer loop
      vertex 23.5605 -14.8228 -0.0399992
      vertex 23.3 -14.8 -4.99
      vertex 23.5605 -14.8228 -4.99
    endloop
  endfacet
  facet normal 0.90633 -0.422571 0
    outer loop
      vertex 21.8905 -15.787 -0.0399992
      vertex 22.001 -15.55 -4.99
      vertex 22.001 -15.55 -0.0399992
    endloop
  endfacet
  facet normal 0.90633 -0.422571 0
    outer loop
      vertex 22.001 -15.55 -4.99
      vertex 21.8905 -15.787 -0.0399992
      vertex 21.8905 -15.787 -4.99
    endloop
  endfacet
  facet normal 0 0 1
    outer loop
      vertex 24.7772 -16.0395 -4.99
      vertex 24.7772 -16.5605 -4.99
      vertex 24.8 -16.3 -4.99
    endloop
  endfacet
  facet normal 0 0 1
    outer loop
      vertex 24.7095 -15.787 -4.99
      vertex 24.7772 -16.5605 -4.99
      vertex 24.7772 -16.0395 -4.99
    endloop
  endfacet
  facet normal 0 0 1
    outer loop
      vertex 24.7095 -15.787 -4.99
      vertex 24.7095 -16.813 -4.99
      vertex 24.7772 -16.5605 -4.99
    endloop
  endfacet
  facet normal 0 0 1
    outer loop
      vertex 24.599 -15.55 -4.99
      vertex 24.7095 -16.813 -4.99
      vertex 24.7095 -15.787 -4.99
    endloop
  endfacet
  facet normal 0 0 1
    outer loop
      vertex 24.599 -15.55 -4.99
      vertex 24.599 -17.05 -4.99
      vertex 24.7095 -16.813 -4.99
    endloop
  endfacet
  facet normal 0 0 1
    outer loop
      vertex 24.4491 -15.3358 -4.99
      vertex 24.599 -17.05 -4.99
      vertex 24.599 -15.55 -4.99
    endloop
  endfacet
  facet normal 0 0 1
    outer loop
      vertex 24.4491 -15.3358 -4.99
      vertex 24.4491 -17.2642 -4.99
      vertex 24.599 -17.05 -4.99
    endloop
  endfacet
  facet normal 0 0 1
    outer loop
      vertex 24.2642 -15.1509 -4.99
      vertex 24.4491 -17.2642 -4.99
      vertex 24.4491 -15.3358 -4.99
    endloop
  endfacet
  facet normal 0 0 1
    outer loop
      vertex 24.2642 -15.1509 -4.99
      vertex 24.2642 -17.4491 -4.99
      vertex 24.4491 -17.2642 -4.99
    endloop
  endfacet
  facet normal 0 0 1
    outer loop
      vertex 24.05 -15.001 -4.99
      vertex 24.2642 -17.4491 -4.99
      vertex 24.2642 -15.1509 -4.99
    endloop
  endfacet
  facet normal 0 0 1
    outer loop
      vertex 24.05 -15.001 -4.99
      vertex 24.05 -17.599 -4.99
      vertex 24.2642 -17.4491 -4.99
    endloop
  endfacet
  facet normal 0 0 1
    outer loop
      vertex 23.813 -14.8905 -4.99
      vertex 24.05 -17.599 -4.99
      vertex 24.05 -15.001 -4.99
    endloop
  endfacet
  facet normal 0 0 1
    outer loop
      vertex 23.813 -14.8905 -4.99
      vertex 23.813 -17.7095 -4.99
      vertex 24.05 -17.599 -4.99
    endloop
  endfacet
  facet normal 0 0 1
    outer loop
      vertex 23.5605 -14.8228 -4.99
      vertex 23.813 -17.7095 -4.99
      vertex 23.813 -14.8905 -4.99
    endloop
  endfacet
  facet normal 0 0 1
    outer loop
      vertex 23.5605 -14.8228 -4.99
      vertex 23.5605 -17.7772 -4.99
      vertex 23.813 -17.7095 -4.99
    endloop
  endfacet
  facet normal 0 0 1
    outer loop
      vertex 23.3 -14.8 -4.99
      vertex 23.5605 -17.7772 -4.99
      vertex 23.5605 -14.8228 -4.99
    endloop
  endfacet
  facet normal 0 0 1
    outer loop
      vertex 23.3 -14.8 -4.99
      vertex 23.3 -17.8 -4.99
      vertex 23.5605 -17.7772 -4.99
    endloop
  endfacet
  facet normal -0 0 1
    outer loop
      vertex 23.0395 -14.8228 -4.99
      vertex 23.3 -17.8 -4.99
      vertex 23.3 -14.8 -4.99
    endloop
  endfacet
  facet normal 0 0 1
    outer loop
      vertex 23.0395 -14.8228 -4.99
      vertex 23.0395 -17.7772 -4.99
      vertex 23.3 -17.8 -4.99
    endloop
  endfacet
  facet normal -0 0 1
    outer loop
      vertex 22.787 -14.8905 -4.99
      vertex 23.0395 -17.7772 -4.99
      vertex 23.0395 -14.8228 -4.99
    endloop
  endfacet
  facet normal 0 0 1
    outer loop
      vertex 22.787 -14.8905 -4.99
      vertex 22.787 -17.7095 -4.99
      vertex 23.0395 -17.7772 -4.99
    endloop
  endfacet
  facet normal -0 0 1
    outer loop
      vertex 22.55 -15.001 -4.99
      vertex 22.787 -17.7095 -4.99
      vertex 22.787 -14.8905 -4.99
    endloop
  endfacet
  facet normal 0 0 1
    outer loop
      vertex 22.55 -15.001 -4.99
      vertex 22.55 -17.599 -4.99
      vertex 22.787 -17.7095 -4.99
    endloop
  endfacet
  facet normal -0 0 1
    outer loop
      vertex 22.3358 -15.1509 -4.99
      vertex 22.55 -17.599 -4.99
      vertex 22.55 -15.001 -4.99
    endloop
  endfacet
  facet normal 0 0 1
    outer loop
      vertex 22.3358 -15.1509 -4.99
      vertex 22.3358 -17.4491 -4.99
      vertex 22.55 -17.599 -4.99
    endloop
  endfacet
  facet normal -0 0 1
    outer loop
      vertex 22.1509 -15.3358 -4.99
      vertex 22.3358 -17.4491 -4.99
      vertex 22.3358 -15.1509 -4.99
    endloop
  endfacet
  facet normal 0 0 1
    outer loop
      vertex 22.1509 -15.3358 -4.99
      vertex 22.1509 -17.2642 -4.99
      vertex 22.3358 -17.4491 -4.99
    endloop
  endfacet
  facet normal -0 0 1
    outer loop
      vertex 22.001 -15.55 -4.99
      vertex 22.1509 -17.2642 -4.99
      vertex 22.1509 -15.3358 -4.99
    endloop
  endfacet
  facet normal 0 0 1
    outer loop
      vertex 22.001 -15.55 -4.99
      vertex 22.001 -17.05 -4.99
      vertex 22.1509 -17.2642 -4.99
    endloop
  endfacet
  facet normal -0 0 1
    outer loop
      vertex 21.8905 -15.787 -4.99
      vertex 22.001 -17.05 -4.99
      vertex 22.001 -15.55 -4.99
    endloop
  endfacet
  facet normal 0 0 1
    outer loop
      vertex 21.8905 -15.787 -4.99
      vertex 21.8905 -16.813 -4.99
      vertex 22.001 -17.05 -4.99
    endloop
  endfacet
  facet normal -0 0 1
    outer loop
      vertex 21.8228 -16.0395 -4.99
      vertex 21.8905 -16.813 -4.99
      vertex 21.8905 -15.787 -4.99
    endloop
  endfacet
  facet normal 0 0 1
    outer loop
      vertex 21.8228 -16.0395 -4.99
      vertex 21.8228 -16.5605 -4.99
      vertex 21.8905 -16.813 -4.99
    endloop
  endfacet
  facet normal 0 -0 1
    outer loop
      vertex 21.8228 -16.5605 -4.99
      vertex 21.8228 -16.0395 -4.99
      vertex 21.8 -16.3 -4.99
    endloop
  endfacet
  facet normal 0.258972 -0.965885 0
    outer loop
      vertex 22.787 -14.8905 -4.99
      vertex 23.0395 -14.8228 -0.0399992
      vertex 22.787 -14.8905 -0.0399992
    endloop
  endfacet
  facet normal 0.258972 -0.965885 0
    outer loop
      vertex 23.0395 -14.8228 -0.0399992
      vertex 22.787 -14.8905 -4.99
      vertex 23.0395 -14.8228 -4.99
    endloop
  endfacet
  facet normal 0.0871907 -0.996192 0
    outer loop
      vertex 23.0395 -14.8228 -4.99
      vertex 23.3 -14.8 -0.0399992
      vertex 23.0395 -14.8228 -0.0399992
    endloop
  endfacet
  facet normal 0.0871907 -0.996192 0
    outer loop
      vertex 23.3 -14.8 -0.0399992
      vertex 23.0395 -14.8228 -4.99
      vertex 23.3 -14.8 -4.99
    endloop
  endfacet
  facet normal 0.90633 0.422571 0
    outer loop
      vertex 22.001 -17.05 -0.0399992
      vertex 21.8905 -16.813 -4.99
      vertex 21.8905 -16.813 -0.0399992
    endloop
  endfacet
  facet normal 0.90633 0.422571 0
    outer loop
      vertex 21.8905 -16.813 -4.99
      vertex 22.001 -17.05 -0.0399992
      vertex 22.001 -17.05 -4.99
    endloop
  endfacet
  facet normal 0.819304 0.57336 0
    outer loop
      vertex 22.1509 -17.2642 -0.0399992
      vertex 22.001 -17.05 -4.99
      vertex 22.001 -17.05 -0.0399992
    endloop
  endfacet
  facet normal 0.819304 0.57336 0
    outer loop
      vertex 22.001 -17.05 -4.99
      vertex 22.1509 -17.2642 -0.0399992
      vertex 22.1509 -17.2642 -4.99
    endloop
  endfacet
  facet normal 0.707107 0.707107 0
    outer loop
      vertex 22.3358 -17.4491 -0.0399992
      vertex 22.1509 -17.2642 -4.99
      vertex 22.1509 -17.2642 -0.0399992
    endloop
  endfacet
  facet normal 0.707107 0.707107 0
    outer loop
      vertex 22.1509 -17.2642 -4.99
      vertex 22.3358 -17.4491 -0.0399992
      vertex 22.3358 -17.4491 -4.99
    endloop
  endfacet
  facet normal 0.422571 0.90633 -0
    outer loop
      vertex 22.787 -17.7095 -4.99
      vertex 22.55 -17.599 -0.0399992
      vertex 22.787 -17.7095 -0.0399992
    endloop
  endfacet
  facet normal 0.422571 0.90633 0
    outer loop
      vertex 22.55 -17.599 -0.0399992
      vertex 22.787 -17.7095 -4.99
      vertex 22.55 -17.599 -4.99
    endloop
  endfacet
  facet normal 0.965885 -0.258972 0
    outer loop
      vertex 21.8228 -16.0395 -0.0399992
      vertex 21.8905 -15.787 -4.99
      vertex 21.8905 -15.787 -0.0399992
    endloop
  endfacet
  facet normal 0.965885 -0.258972 0
    outer loop
      vertex 21.8905 -15.787 -4.99
      vertex 21.8228 -16.0395 -0.0399992
      vertex 21.8228 -16.0395 -4.99
    endloop
  endfacet
  facet normal 0.707107 -0.707107 0
    outer loop
      vertex 22.1509 -15.3358 -0.0399992
      vertex 22.3358 -15.1509 -4.99
      vertex 22.3358 -15.1509 -0.0399992
    endloop
  endfacet
  facet normal 0.707107 -0.707107 0
    outer loop
      vertex 22.3358 -15.1509 -4.99
      vertex 22.1509 -15.3358 -0.0399992
      vertex 22.1509 -15.3358 -4.99
    endloop
  endfacet
  facet normal 0 1 -0
    outer loop
      vertex -21.8 -18.8981 -0.0399992
      vertex -24.8 -18.8981 2
      vertex -21.8 -18.8981 2
    endloop
  endfacet
  facet normal 0 1 0
    outer loop
      vertex -24.8 -18.8981 2
      vertex -21.8 -18.8981 -0.0399992
      vertex -24.8 -18.8981 -0.0399992
    endloop
  endfacet
  facet normal -0.866027 0.499997 0
    outer loop
      vertex -21.8 -18.8981 -0.0399992
      vertex -20.3 -16.3 2
      vertex -20.3 -16.3 -0.0399992
    endloop
  endfacet
  facet normal -0.866027 0.499997 0
    outer loop
      vertex -20.3 -16.3 2
      vertex -21.8 -18.8981 -0.0399992
      vertex -21.8 -18.8981 2
    endloop
  endfacet
  facet normal 0 -1 0
    outer loop
      vertex -24.8 -13.7019 -0.0399992
      vertex -21.8 -13.7019 2
      vertex -24.8 -13.7019 2
    endloop
  endfacet
  facet normal 0 -1 -0
    outer loop
      vertex -21.8 -13.7019 2
      vertex -24.8 -13.7019 -0.0399992
      vertex -21.8 -13.7019 -0.0399992
    endloop
  endfacet
  facet normal -0.866027 -0.499997 0
    outer loop
      vertex -20.3 -16.3 -0.0399992
      vertex -21.8 -13.7019 2
      vertex -21.8 -13.7019 -0.0399992
    endloop
  endfacet
  facet normal -0.866027 -0.499997 0
    outer loop
      vertex -21.8 -13.7019 2
      vertex -20.3 -16.3 -0.0399992
      vertex -20.3 -16.3 2
    endloop
  endfacet
  facet normal 0.866027 -0.499997 0
    outer loop
      vertex -26.3 -16.3 2
      vertex -24.8 -13.7019 -0.0399992
      vertex -24.8 -13.7019 2
    endloop
  endfacet
  facet normal 0.866027 -0.499997 0
    outer loop
      vertex -24.8 -13.7019 -0.0399992
      vertex -26.3 -16.3 2
      vertex -26.3 -16.3 -0.0399992
    endloop
  endfacet
  facet normal 0.866027 0.499997 0
    outer loop
      vertex -24.8 -18.8981 2
      vertex -26.3 -16.3 -0.0399992
      vertex -26.3 -16.3 2
    endloop
  endfacet
  facet normal 0.866027 0.499997 0
    outer loop
      vertex -26.3 -16.3 -0.0399992
      vertex -24.8 -18.8981 2
      vertex -24.8 -18.8981 -0.0399992
    endloop
  endfacet
  facet normal 0 0 1
    outer loop
      vertex -20.3 -16.3 -0.0399992
      vertex -21.8228 -16.0395 -0.0399992
      vertex -21.8 -16.3 -0.0399992
    endloop
  endfacet
  facet normal 0 0 1
    outer loop
      vertex -20.3 -16.3 -0.0399992
      vertex -21.8905 -15.787 -0.0399992
      vertex -21.8228 -16.0395 -0.0399992
    endloop
  endfacet
  facet normal 0 0 1
    outer loop
      vertex -20.3 -16.3 -0.0399992
      vertex -22.001 -15.55 -0.0399992
      vertex -21.8905 -15.787 -0.0399992
    endloop
  endfacet
  facet normal 0 0 1
    outer loop
      vertex -21.8 -13.7019 -0.0399992
      vertex -22.1509 -15.3358 -0.0399992
      vertex -22.001 -15.55 -0.0399992
    endloop
  endfacet
  facet normal 0 0 1
    outer loop
      vertex -21.8 -13.7019 -0.0399992
      vertex -22.3358 -15.1509 -0.0399992
      vertex -22.1509 -15.3358 -0.0399992
    endloop
  endfacet
  facet normal 0 0 1
    outer loop
      vertex -21.8 -13.7019 -0.0399992
      vertex -22.55 -15.001 -0.0399992
      vertex -22.3358 -15.1509 -0.0399992
    endloop
  endfacet
  facet normal 0 0 1
    outer loop
      vertex -21.8 -13.7019 -0.0399992
      vertex -22.787 -14.8905 -0.0399992
      vertex -22.55 -15.001 -0.0399992
    endloop
  endfacet
  facet normal 0 0 1
    outer loop
      vertex -21.8 -13.7019 -0.0399992
      vertex -23.0395 -14.8228 -0.0399992
      vertex -22.787 -14.8905 -0.0399992
    endloop
  endfacet
  facet normal 0 0 1
    outer loop
      vertex -21.8 -13.7019 -0.0399992
      vertex -23.3 -14.8 -0.0399992
      vertex -23.0395 -14.8228 -0.0399992
    endloop
  endfacet
  facet normal -0 0 1
    outer loop
      vertex -24.8 -13.7019 -0.0399992
      vertex -23.3 -14.8 -0.0399992
      vertex -21.8 -13.7019 -0.0399992
    endloop
  endfacet
  facet normal 0 0 1
    outer loop
      vertex -23.3 -14.8 -0.0399992
      vertex -24.8 -13.7019 -0.0399992
      vertex -23.5605 -14.8228 -0.0399992
    endloop
  endfacet
  facet normal 0 0 1
    outer loop
      vertex -23.5605 -14.8228 -0.0399992
      vertex -24.8 -13.7019 -0.0399992
      vertex -23.813 -14.8905 -0.0399992
    endloop
  endfacet
  facet normal 0 0 1
    outer loop
      vertex -23.813 -14.8905 -0.0399992
      vertex -24.8 -13.7019 -0.0399992
      vertex -24.05 -15.001 -0.0399992
    endloop
  endfacet
  facet normal 0 0 1
    outer loop
      vertex -24.8 -13.7019 -0.0399992
      vertex -24.2642 -15.1509 -0.0399992
      vertex -24.05 -15.001 -0.0399992
    endloop
  endfacet
  facet normal 0 0 1
    outer loop
      vertex -24.8 -13.7019 -0.0399992
      vertex -24.4491 -15.3358 -0.0399992
      vertex -24.2642 -15.1509 -0.0399992
    endloop
  endfacet
  facet normal 0 0 1
    outer loop
      vertex -24.8 -13.7019 -0.0399992
      vertex -24.599 -15.55 -0.0399992
      vertex -24.4491 -15.3358 -0.0399992
    endloop
  endfacet
  facet normal 0 0 1
    outer loop
      vertex -26.3 -16.3 -0.0399992
      vertex -24.599 -15.55 -0.0399992
      vertex -24.8 -13.7019 -0.0399992
    endloop
  endfacet
  facet normal 0 0 1
    outer loop
      vertex -24.599 -15.55 -0.0399992
      vertex -26.3 -16.3 -0.0399992
      vertex -24.7095 -15.787 -0.0399992
    endloop
  endfacet
  facet normal 0 0 1
    outer loop
      vertex -24.7095 -15.787 -0.0399992
      vertex -26.3 -16.3 -0.0399992
      vertex -24.7772 -16.0395 -0.0399992
    endloop
  endfacet
  facet normal 0 0 1
    outer loop
      vertex -24.7772 -16.0395 -0.0399992
      vertex -26.3 -16.3 -0.0399992
      vertex -24.8 -16.3 -0.0399992
    endloop
  endfacet
  facet normal 0 0 1
    outer loop
      vertex -24.8 -16.3 -0.0399992
      vertex -26.3 -16.3 -0.0399992
      vertex -24.8 -18.8981 -0.0399992
    endloop
  endfacet
  facet normal -0 0 1
    outer loop
      vertex -22.001 -15.55 -0.0399992
      vertex -20.3 -16.3 -0.0399992
      vertex -21.8 -13.7019 -0.0399992
    endloop
  endfacet
  facet normal 0 0 1
    outer loop
      vertex -21.8228 -16.5605 -0.0399992
      vertex -20.3 -16.3 -0.0399992
      vertex -21.8 -16.3 -0.0399992
    endloop
  endfacet
  facet normal 0 0 1
    outer loop
      vertex -21.8905 -16.813 -0.0399992
      vertex -20.3 -16.3 -0.0399992
      vertex -21.8228 -16.5605 -0.0399992
    endloop
  endfacet
  facet normal 0 0 1
    outer loop
      vertex -22.001 -17.05 -0.0399992
      vertex -20.3 -16.3 -0.0399992
      vertex -21.8905 -16.813 -0.0399992
    endloop
  endfacet
  facet normal 0 0 1
    outer loop
      vertex -20.3 -16.3 -0.0399992
      vertex -22.001 -17.05 -0.0399992
      vertex -21.8 -18.8981 -0.0399992
    endloop
  endfacet
  facet normal -0 0 1
    outer loop
      vertex -22.1509 -17.2642 -0.0399992
      vertex -21.8 -18.8981 -0.0399992
      vertex -22.001 -17.05 -0.0399992
    endloop
  endfacet
  facet normal -0 0 1
    outer loop
      vertex -22.3358 -17.4491 -0.0399992
      vertex -21.8 -18.8981 -0.0399992
      vertex -22.1509 -17.2642 -0.0399992
    endloop
  endfacet
  facet normal -0 0 1
    outer loop
      vertex -22.55 -17.599 -0.0399992
      vertex -21.8 -18.8981 -0.0399992
      vertex -22.3358 -17.4491 -0.0399992
    endloop
  endfacet
  facet normal -0 0 1
    outer loop
      vertex -22.787 -17.7095 -0.0399992
      vertex -21.8 -18.8981 -0.0399992
      vertex -22.55 -17.599 -0.0399992
    endloop
  endfacet
  facet normal -0 0 1
    outer loop
      vertex -23.0395 -17.7772 -0.0399992
      vertex -21.8 -18.8981 -0.0399992
      vertex -22.787 -17.7095 -0.0399992
    endloop
  endfacet
  facet normal -0 0 1
    outer loop
      vertex -23.3 -17.8 -0.0399992
      vertex -21.8 -18.8981 -0.0399992
      vertex -23.0395 -17.7772 -0.0399992
    endloop
  endfacet
  facet normal 0 0 1
    outer loop
      vertex -24.8 -18.8981 -0.0399992
      vertex -23.3 -17.8 -0.0399992
      vertex -23.5605 -17.7772 -0.0399992
    endloop
  endfacet
  facet normal 0 0 1
    outer loop
      vertex -24.8 -18.8981 -0.0399992
      vertex -23.5605 -17.7772 -0.0399992
      vertex -23.813 -17.7095 -0.0399992
    endloop
  endfacet
  facet normal 0 0 1
    outer loop
      vertex -24.8 -18.8981 -0.0399992
      vertex -23.813 -17.7095 -0.0399992
      vertex -24.05 -17.599 -0.0399992
    endloop
  endfacet
  facet normal 0 0 1
    outer loop
      vertex -23.3 -17.8 -0.0399992
      vertex -24.8 -18.8981 -0.0399992
      vertex -21.8 -18.8981 -0.0399992
    endloop
  endfacet
  facet normal 0 0 1
    outer loop
      vertex -24.2642 -17.4491 -0.0399992
      vertex -24.8 -18.8981 -0.0399992
      vertex -24.05 -17.599 -0.0399992
    endloop
  endfacet
  facet normal 0 0 1
    outer loop
      vertex -24.4491 -17.2642 -0.0399992
      vertex -24.8 -18.8981 -0.0399992
      vertex -24.2642 -17.4491 -0.0399992
    endloop
  endfacet
  facet normal 0 0 1
    outer loop
      vertex -24.599 -17.05 -0.0399992
      vertex -24.8 -18.8981 -0.0399992
      vertex -24.4491 -17.2642 -0.0399992
    endloop
  endfacet
  facet normal 0 0 1
    outer loop
      vertex -24.7095 -16.813 -0.0399992
      vertex -24.8 -18.8981 -0.0399992
      vertex -24.599 -17.05 -0.0399992
    endloop
  endfacet
  facet normal 0 0 1
    outer loop
      vertex -24.7772 -16.5605 -0.0399992
      vertex -24.8 -18.8981 -0.0399992
      vertex -24.7095 -16.813 -0.0399992
    endloop
  endfacet
  facet normal 0 0 1
    outer loop
      vertex -24.8 -18.8981 -0.0399992
      vertex -24.7772 -16.5605 -0.0399992
      vertex -24.8 -16.3 -0.0399992
    endloop
  endfacet
  facet normal -0.965885 0.258972 0
    outer loop
      vertex -21.8905 -16.813 -4.99
      vertex -21.8228 -16.5605 -0.0399992
      vertex -21.8228 -16.5605 -4.99
    endloop
  endfacet
  facet normal -0.965885 0.258972 0
    outer loop
      vertex -21.8228 -16.5605 -0.0399992
      vertex -21.8905 -16.813 -4.99
      vertex -21.8905 -16.813 -0.0399992
    endloop
  endfacet
  facet normal -0.965885 -0.258972 0
    outer loop
      vertex -21.8228 -16.0395 -4.99
      vertex -21.8905 -15.787 -0.0399992
      vertex -21.8905 -15.787 -4.99
    endloop
  endfacet
  facet normal -0.965885 -0.258972 0
    outer loop
      vertex -21.8905 -15.787 -0.0399992
      vertex -21.8228 -16.0395 -4.99
      vertex -21.8228 -16.0395 -0.0399992
    endloop
  endfacet
  facet normal -0.996192 -0.0871907 0
    outer loop
      vertex -21.8 -16.3 -4.99
      vertex -21.8228 -16.0395 -0.0399992
      vertex -21.8228 -16.0395 -4.99
    endloop
  endfacet
  facet normal -0.996192 -0.0871907 0
    outer loop
      vertex -21.8228 -16.0395 -0.0399992
      vertex -21.8 -16.3 -4.99
      vertex -21.8 -16.3 -0.0399992
    endloop
  endfacet
  facet normal -0.90633 -0.422571 0
    outer loop
      vertex -21.8905 -15.787 -4.99
      vertex -22.001 -15.55 -0.0399992
      vertex -22.001 -15.55 -4.99
    endloop
  endfacet
  facet normal -0.90633 -0.422571 0
    outer loop
      vertex -22.001 -15.55 -0.0399992
      vertex -21.8905 -15.787 -4.99
      vertex -21.8905 -15.787 -0.0399992
    endloop
  endfacet
  facet normal 0.965885 0.258972 0
    outer loop
      vertex -24.7095 -16.813 -0.0399992
      vertex -24.7772 -16.5605 -4.99
      vertex -24.7772 -16.5605 -0.0399992
    endloop
  endfacet
  facet normal 0.965885 0.258972 0
    outer loop
      vertex -24.7772 -16.5605 -4.99
      vertex -24.7095 -16.813 -0.0399992
      vertex -24.7095 -16.813 -4.99
    endloop
  endfacet
  facet normal 0.819304 -0.57336 0
    outer loop
      vertex -24.599 -15.55 -0.0399992
      vertex -24.4491 -15.3358 -4.99
      vertex -24.4491 -15.3358 -0.0399992
    endloop
  endfacet
  facet normal 0.819304 -0.57336 0
    outer loop
      vertex -24.4491 -15.3358 -4.99
      vertex -24.599 -15.55 -0.0399992
      vertex -24.599 -15.55 -4.99
    endloop
  endfacet
  facet normal 0.422571 -0.90633 0
    outer loop
      vertex -24.05 -15.001 -4.99
      vertex -23.813 -14.8905 -0.0399992
      vertex -24.05 -15.001 -0.0399992
    endloop
  endfacet
  facet normal 0.422571 -0.90633 0
    outer loop
      vertex -23.813 -14.8905 -0.0399992
      vertex -24.05 -15.001 -4.99
      vertex -23.813 -14.8905 -4.99
    endloop
  endfacet
  facet normal 0.57336 0.819304 -0
    outer loop
      vertex -24.05 -17.599 -4.99
      vertex -24.2642 -17.4491 -0.0399992
      vertex -24.05 -17.599 -0.0399992
    endloop
  endfacet
  facet normal 0.57336 0.819304 0
    outer loop
      vertex -24.2642 -17.4491 -0.0399992
      vertex -24.05 -17.599 -4.99
      vertex -24.2642 -17.4491 -4.99
    endloop
  endfacet
  facet normal 0.0871907 0.996192 -0
    outer loop
      vertex -23.3 -17.8 -4.99
      vertex -23.5605 -17.7772 -0.0399992
      vertex -23.3 -17.8 -0.0399992
    endloop
  endfacet
  facet normal 0.0871907 0.996192 0
    outer loop
      vertex -23.5605 -17.7772 -0.0399992
      vertex -23.3 -17.8 -4.99
      vertex -23.5605 -17.7772 -4.99
    endloop
  endfacet
  facet normal -0.0871907 0.996192 0
    outer loop
      vertex -23.0395 -17.7772 -4.99
      vertex -23.3 -17.8 -0.0399992
      vertex -23.0395 -17.7772 -0.0399992
    endloop
  endfacet
  facet normal -0.0871907 0.996192 0
    outer loop
      vertex -23.3 -17.8 -0.0399992
      vertex -23.0395 -17.7772 -4.99
      vertex -23.3 -17.8 -4.99
    endloop
  endfacet
  facet normal -0.90633 0.422571 0
    outer loop
      vertex -22.001 -17.05 -4.99
      vertex -21.8905 -16.813 -0.0399992
      vertex -21.8905 -16.813 -4.99
    endloop
  endfacet
  facet normal -0.90633 0.422571 0
    outer loop
      vertex -21.8905 -16.813 -0.0399992
      vertex -22.001 -17.05 -4.99
      vertex -22.001 -17.05 -0.0399992
    endloop
  endfacet
  facet normal -0.707107 -0.707107 0
    outer loop
      vertex -22.1509 -15.3358 -4.99
      vertex -22.3358 -15.1509 -0.0399992
      vertex -22.3358 -15.1509 -4.99
    endloop
  endfacet
  facet normal -0.707107 -0.707107 0
    outer loop
      vertex -22.3358 -15.1509 -0.0399992
      vertex -22.1509 -15.3358 -4.99
      vertex -22.1509 -15.3358 -0.0399992
    endloop
  endfacet
  facet normal -0.707107 0.707107 0
    outer loop
      vertex -22.3358 -17.4491 -4.99
      vertex -22.1509 -17.2642 -0.0399992
      vertex -22.1509 -17.2642 -4.99
    endloop
  endfacet
  facet normal -0.707107 0.707107 0
    outer loop
      vertex -22.1509 -17.2642 -0.0399992
      vertex -22.3358 -17.4491 -4.99
      vertex -22.3358 -17.4491 -0.0399992
    endloop
  endfacet
  facet normal 0.996192 -0.0871907 0
    outer loop
      vertex -24.8 -16.3 -0.0399992
      vertex -24.7772 -16.0395 -4.99
      vertex -24.7772 -16.0395 -0.0399992
    endloop
  endfacet
  facet normal 0.996192 -0.0871907 0
    outer loop
      vertex -24.7772 -16.0395 -4.99
      vertex -24.8 -16.3 -0.0399992
      vertex -24.8 -16.3 -4.99
    endloop
  endfacet
  facet normal -0.258972 -0.965885 0
    outer loop
      vertex -23.0395 -14.8228 -4.99
      vertex -22.787 -14.8905 -0.0399992
      vertex -23.0395 -14.8228 -0.0399992
    endloop
  endfacet
  facet normal -0.258972 -0.965885 -0
    outer loop
      vertex -22.787 -14.8905 -0.0399992
      vertex -23.0395 -14.8228 -4.99
      vertex -22.787 -14.8905 -4.99
    endloop
  endfacet
  facet normal 0.996192 0.0871907 0
    outer loop
      vertex -24.7772 -16.5605 -0.0399992
      vertex -24.8 -16.3 -4.99
      vertex -24.8 -16.3 -0.0399992
    endloop
  endfacet
  facet normal 0.996192 0.0871907 0
    outer loop
      vertex -24.8 -16.3 -4.99
      vertex -24.7772 -16.5605 -0.0399992
      vertex -24.7772 -16.5605 -4.99
    endloop
  endfacet
  facet normal -0.819304 0.57336 0
    outer loop
      vertex -22.1509 -17.2642 -4.99
      vertex -22.001 -17.05 -0.0399992
      vertex -22.001 -17.05 -4.99
    endloop
  endfacet
  facet normal -0.819304 0.57336 0
    outer loop
      vertex -22.001 -17.05 -0.0399992
      vertex -22.1509 -17.2642 -4.99
      vertex -22.1509 -17.2642 -0.0399992
    endloop
  endfacet
  facet normal 0.258972 0.965885 -0
    outer loop
      vertex -23.5605 -17.7772 -4.99
      vertex -23.813 -17.7095 -0.0399992
      vertex -23.5605 -17.7772 -0.0399992
    endloop
  endfacet
  facet normal 0.258972 0.965885 0
    outer loop
      vertex -23.813 -17.7095 -0.0399992
      vertex -23.5605 -17.7772 -4.99
      vertex -23.813 -17.7095 -4.99
    endloop
  endfacet
  facet normal -0.422571 0.90633 0
    outer loop
      vertex -22.55 -17.599 -4.99
      vertex -22.787 -17.7095 -0.0399992
      vertex -22.55 -17.599 -0.0399992
    endloop
  endfacet
  facet normal -0.422571 0.90633 0
    outer loop
      vertex -22.787 -17.7095 -0.0399992
      vertex -22.55 -17.599 -4.99
      vertex -22.787 -17.7095 -4.99
    endloop
  endfacet
  facet normal 0.57336 -0.819304 0
    outer loop
      vertex -24.2642 -15.1509 -4.99
      vertex -24.05 -15.001 -0.0399992
      vertex -24.2642 -15.1509 -0.0399992
    endloop
  endfacet
  facet normal 0.57336 -0.819304 0
    outer loop
      vertex -24.05 -15.001 -0.0399992
      vertex -24.2642 -15.1509 -4.99
      vertex -24.05 -15.001 -4.99
    endloop
  endfacet
  facet normal -0.819304 -0.57336 0
    outer loop
      vertex -22.001 -15.55 -4.99
      vertex -22.1509 -15.3358 -0.0399992
      vertex -22.1509 -15.3358 -4.99
    endloop
  endfacet
  facet normal -0.819304 -0.57336 0
    outer loop
      vertex -22.1509 -15.3358 -0.0399992
      vertex -22.001 -15.55 -4.99
      vertex -22.001 -15.55 -0.0399992
    endloop
  endfacet
  facet normal -0.422571 -0.90633 0
    outer loop
      vertex -22.787 -14.8905 -4.99
      vertex -22.55 -15.001 -0.0399992
      vertex -22.787 -14.8905 -0.0399992
    endloop
  endfacet
  facet normal -0.422571 -0.90633 -0
    outer loop
      vertex -22.55 -15.001 -0.0399992
      vertex -22.787 -14.8905 -4.99
      vertex -22.55 -15.001 -4.99
    endloop
  endfacet
  facet normal -0.258972 0.965885 0
    outer loop
      vertex -22.787 -17.7095 -4.99
      vertex -23.0395 -17.7772 -0.0399992
      vertex -22.787 -17.7095 -0.0399992
    endloop
  endfacet
  facet normal -0.258972 0.965885 0
    outer loop
      vertex -23.0395 -17.7772 -0.0399992
      vertex -22.787 -17.7095 -4.99
      vertex -23.0395 -17.7772 -4.99
    endloop
  endfacet
  facet normal -0.57336 0.819304 0
    outer loop
      vertex -22.3358 -17.4491 -4.99
      vertex -22.55 -17.599 -0.0399992
      vertex -22.3358 -17.4491 -0.0399992
    endloop
  endfacet
  facet normal -0.57336 0.819304 0
    outer loop
      vertex -22.55 -17.599 -0.0399992
      vertex -22.3358 -17.4491 -4.99
      vertex -22.55 -17.599 -4.99
    endloop
  endfacet
  facet normal -0.996192 0.0871907 0
    outer loop
      vertex -21.8228 -16.5605 -4.99
      vertex -21.8 -16.3 -0.0399992
      vertex -21.8 -16.3 -4.99
    endloop
  endfacet
  facet normal -0.996192 0.0871907 0
    outer loop
      vertex -21.8 -16.3 -0.0399992
      vertex -21.8228 -16.5605 -4.99
      vertex -21.8228 -16.5605 -0.0399992
    endloop
  endfacet
  facet normal -0.57336 -0.819304 0
    outer loop
      vertex -22.55 -15.001 -4.99
      vertex -22.3358 -15.1509 -0.0399992
      vertex -22.55 -15.001 -0.0399992
    endloop
  endfacet
  facet normal -0.57336 -0.819304 -0
    outer loop
      vertex -22.3358 -15.1509 -0.0399992
      vertex -22.55 -15.001 -4.99
      vertex -22.3358 -15.1509 -4.99
    endloop
  endfacet
  facet normal -0.0871907 -0.996192 0
    outer loop
      vertex -23.3 -14.8 -4.99
      vertex -23.0395 -14.8228 -0.0399992
      vertex -23.3 -14.8 -0.0399992
    endloop
  endfacet
  facet normal -0.0871907 -0.996192 -0
    outer loop
      vertex -23.0395 -14.8228 -0.0399992
      vertex -23.3 -14.8 -4.99
      vertex -23.0395 -14.8228 -4.99
    endloop
  endfacet
  facet normal 0.90633 -0.422571 0
    outer loop
      vertex -24.7095 -15.787 -0.0399992
      vertex -24.599 -15.55 -4.99
      vertex -24.599 -15.55 -0.0399992
    endloop
  endfacet
  facet normal 0.90633 -0.422571 0
    outer loop
      vertex -24.599 -15.55 -4.99
      vertex -24.7095 -15.787 -0.0399992
      vertex -24.7095 -15.787 -4.99
    endloop
  endfacet
  facet normal 0 0 1
    outer loop
      vertex -21.8228 -16.0395 -4.99
      vertex -21.8228 -16.5605 -4.99
      vertex -21.8 -16.3 -4.99
    endloop
  endfacet
  facet normal 0 0 1
    outer loop
      vertex -21.8905 -15.787 -4.99
      vertex -21.8228 -16.5605 -4.99
      vertex -21.8228 -16.0395 -4.99
    endloop
  endfacet
  facet normal 0 0 1
    outer loop
      vertex -21.8905 -15.787 -4.99
      vertex -21.8905 -16.813 -4.99
      vertex -21.8228 -16.5605 -4.99
    endloop
  endfacet
  facet normal 0 0 1
    outer loop
      vertex -22.001 -15.55 -4.99
      vertex -21.8905 -16.813 -4.99
      vertex -21.8905 -15.787 -4.99
    endloop
  endfacet
  facet normal 0 0 1
    outer loop
      vertex -22.001 -15.55 -4.99
      vertex -22.001 -17.05 -4.99
      vertex -21.8905 -16.813 -4.99
    endloop
  endfacet
  facet normal 0 0 1
    outer loop
      vertex -22.1509 -15.3358 -4.99
      vertex -22.001 -17.05 -4.99
      vertex -22.001 -15.55 -4.99
    endloop
  endfacet
  facet normal 0 0 1
    outer loop
      vertex -22.1509 -15.3358 -4.99
      vertex -22.1509 -17.2642 -4.99
      vertex -22.001 -17.05 -4.99
    endloop
  endfacet
  facet normal 0 0 1
    outer loop
      vertex -22.3358 -15.1509 -4.99
      vertex -22.1509 -17.2642 -4.99
      vertex -22.1509 -15.3358 -4.99
    endloop
  endfacet
  facet normal 0 0 1
    outer loop
      vertex -22.3358 -15.1509 -4.99
      vertex -22.3358 -17.4491 -4.99
      vertex -22.1509 -17.2642 -4.99
    endloop
  endfacet
  facet normal 0 0 1
    outer loop
      vertex -22.55 -15.001 -4.99
      vertex -22.3358 -17.4491 -4.99
      vertex -22.3358 -15.1509 -4.99
    endloop
  endfacet
  facet normal 0 0 1
    outer loop
      vertex -22.55 -15.001 -4.99
      vertex -22.55 -17.599 -4.99
      vertex -22.3358 -17.4491 -4.99
    endloop
  endfacet
  facet normal 0 0 1
    outer loop
      vertex -22.787 -14.8905 -4.99
      vertex -22.55 -17.599 -4.99
      vertex -22.55 -15.001 -4.99
    endloop
  endfacet
  facet normal 0 0 1
    outer loop
      vertex -22.787 -14.8905 -4.99
      vertex -22.787 -17.7095 -4.99
      vertex -22.55 -17.599 -4.99
    endloop
  endfacet
  facet normal 0 0 1
    outer loop
      vertex -23.0395 -14.8228 -4.99
      vertex -22.787 -17.7095 -4.99
      vertex -22.787 -14.8905 -4.99
    endloop
  endfacet
  facet normal 0 0 1
    outer loop
      vertex -23.0395 -14.8228 -4.99
      vertex -23.0395 -17.7772 -4.99
      vertex -22.787 -17.7095 -4.99
    endloop
  endfacet
  facet normal 0 0 1
    outer loop
      vertex -23.3 -14.8 -4.99
      vertex -23.0395 -17.7772 -4.99
      vertex -23.0395 -14.8228 -4.99
    endloop
  endfacet
  facet normal 0 0 1
    outer loop
      vertex -23.3 -14.8 -4.99
      vertex -23.3 -17.8 -4.99
      vertex -23.0395 -17.7772 -4.99
    endloop
  endfacet
  facet normal -0 0 1
    outer loop
      vertex -23.5605 -14.8228 -4.99
      vertex -23.3 -17.8 -4.99
      vertex -23.3 -14.8 -4.99
    endloop
  endfacet
  facet normal 0 0 1
    outer loop
      vertex -23.5605 -14.8228 -4.99
      vertex -23.5605 -17.7772 -4.99
      vertex -23.3 -17.8 -4.99
    endloop
  endfacet
  facet normal -0 0 1
    outer loop
      vertex -23.813 -14.8905 -4.99
      vertex -23.5605 -17.7772 -4.99
      vertex -23.5605 -14.8228 -4.99
    endloop
  endfacet
  facet normal 0 0 1
    outer loop
      vertex -23.813 -14.8905 -4.99
      vertex -23.813 -17.7095 -4.99
      vertex -23.5605 -17.7772 -4.99
    endloop
  endfacet
  facet normal -0 0 1
    outer loop
      vertex -24.05 -15.001 -4.99
      vertex -23.813 -17.7095 -4.99
      vertex -23.813 -14.8905 -4.99
    endloop
  endfacet
  facet normal 0 0 1
    outer loop
      vertex -24.05 -15.001 -4.99
      vertex -24.05 -17.599 -4.99
      vertex -23.813 -17.7095 -4.99
    endloop
  endfacet
  facet normal -0 0 1
    outer loop
      vertex -24.2642 -15.1509 -4.99
      vertex -24.05 -17.599 -4.99
      vertex -24.05 -15.001 -4.99
    endloop
  endfacet
  facet normal 0 0 1
    outer loop
      vertex -24.2642 -15.1509 -4.99
      vertex -24.2642 -17.4491 -4.99
      vertex -24.05 -17.599 -4.99
    endloop
  endfacet
  facet normal -0 0 1
    outer loop
      vertex -24.4491 -15.3358 -4.99
      vertex -24.2642 -17.4491 -4.99
      vertex -24.2642 -15.1509 -4.99
    endloop
  endfacet
  facet normal 0 0 1
    outer loop
      vertex -24.4491 -15.3358 -4.99
      vertex -24.4491 -17.2642 -4.99
      vertex -24.2642 -17.4491 -4.99
    endloop
  endfacet
  facet normal -0 0 1
    outer loop
      vertex -24.599 -15.55 -4.99
      vertex -24.4491 -17.2642 -4.99
      vertex -24.4491 -15.3358 -4.99
    endloop
  endfacet
  facet normal 0 0 1
    outer loop
      vertex -24.599 -15.55 -4.99
      vertex -24.599 -17.05 -4.99
      vertex -24.4491 -17.2642 -4.99
    endloop
  endfacet
  facet normal -0 0 1
    outer loop
      vertex -24.7095 -15.787 -4.99
      vertex -24.599 -17.05 -4.99
      vertex -24.599 -15.55 -4.99
    endloop
  endfacet
  facet normal 0 0 1
    outer loop
      vertex -24.7095 -15.787 -4.99
      vertex -24.7095 -16.813 -4.99
      vertex -24.599 -17.05 -4.99
    endloop
  endfacet
  facet normal -0 0 1
    outer loop
      vertex -24.7772 -16.0395 -4.99
      vertex -24.7095 -16.813 -4.99
      vertex -24.7095 -15.787 -4.99
    endloop
  endfacet
  facet normal 0 0 1
    outer loop
      vertex -24.7772 -16.0395 -4.99
      vertex -24.7772 -16.5605 -4.99
      vertex -24.7095 -16.813 -4.99
    endloop
  endfacet
  facet normal 0 -0 1
    outer loop
      vertex -24.7772 -16.5605 -4.99
      vertex -24.7772 -16.0395 -4.99
      vertex -24.8 -16.3 -4.99
    endloop
  endfacet
  facet normal 0.258972 -0.965885 0
    outer loop
      vertex -23.813 -14.8905 -4.99
      vertex -23.5605 -14.8228 -0.0399992
      vertex -23.813 -14.8905 -0.0399992
    endloop
  endfacet
  facet normal 0.258972 -0.965885 0
    outer loop
      vertex -23.5605 -14.8228 -0.0399992
      vertex -23.813 -14.8905 -4.99
      vertex -23.5605 -14.8228 -4.99
    endloop
  endfacet
  facet normal 0.0871907 -0.996192 0
    outer loop
      vertex -23.5605 -14.8228 -4.99
      vertex -23.3 -14.8 -0.0399992
      vertex -23.5605 -14.8228 -0.0399992
    endloop
  endfacet
  facet normal 0.0871907 -0.996192 0
    outer loop
      vertex -23.3 -14.8 -0.0399992
      vertex -23.5605 -14.8228 -4.99
      vertex -23.3 -14.8 -4.99
    endloop
  endfacet
  facet normal 0.90633 0.422571 0
    outer loop
      vertex -24.599 -17.05 -0.0399992
      vertex -24.7095 -16.813 -4.99
      vertex -24.7095 -16.813 -0.0399992
    endloop
  endfacet
  facet normal 0.90633 0.422571 0
    outer loop
      vertex -24.7095 -16.813 -4.99
      vertex -24.599 -17.05 -0.0399992
      vertex -24.599 -17.05 -4.99
    endloop
  endfacet
  facet normal 0.819304 0.57336 0
    outer loop
      vertex -24.4491 -17.2642 -0.0399992
      vertex -24.599 -17.05 -4.99
      vertex -24.599 -17.05 -0.0399992
    endloop
  endfacet
  facet normal 0.819304 0.57336 0
    outer loop
      vertex -24.599 -17.05 -4.99
      vertex -24.4491 -17.2642 -0.0399992
      vertex -24.4491 -17.2642 -4.99
    endloop
  endfacet
  facet normal 0.707107 0.707107 0
    outer loop
      vertex -24.2642 -17.4491 -0.0399992
      vertex -24.4491 -17.2642 -4.99
      vertex -24.4491 -17.2642 -0.0399992
    endloop
  endfacet
  facet normal 0.707107 0.707107 0
    outer loop
      vertex -24.4491 -17.2642 -4.99
      vertex -24.2642 -17.4491 -0.0399992
      vertex -24.2642 -17.4491 -4.99
    endloop
  endfacet
  facet normal 0.422571 0.90633 -0
    outer loop
      vertex -23.813 -17.7095 -4.99
      vertex -24.05 -17.599 -0.0399992
      vertex -23.813 -17.7095 -0.0399992
    endloop
  endfacet
  facet normal 0.422571 0.90633 0
    outer loop
      vertex -24.05 -17.599 -0.0399992
      vertex -23.813 -17.7095 -4.99
      vertex -24.05 -17.599 -4.99
    endloop
  endfacet
  facet normal 0.965885 -0.258972 0
    outer loop
      vertex -24.7772 -16.0395 -0.0399992
      vertex -24.7095 -15.787 -4.99
      vertex -24.7095 -15.787 -0.0399992
    endloop
  endfacet
  facet normal 0.965885 -0.258972 0
    outer loop
      vertex -24.7095 -15.787 -4.99
      vertex -24.7772 -16.0395 -0.0399992
      vertex -24.7772 -16.0395 -4.99
    endloop
  endfacet
  facet normal 0.707107 -0.707107 0
    outer loop
      vertex -24.4491 -15.3358 -0.0399992
      vertex -24.2642 -15.1509 -4.99
      vertex -24.2642 -15.1509 -0.0399992
    endloop
  endfacet
  facet normal 0.707107 -0.707107 0
    outer loop
      vertex -24.2642 -15.1509 -4.99
      vertex -24.4491 -15.3358 -0.0399992
      vertex -24.4491 -15.3358 -4.99
    endloop
  endfacet
endsolid OpenSCAD_Model
