solid OpenSCAD_Model
  facet normal 0 1 -0
    outer loop
      vertex 21.475 4.94523 -0.0499992
      vertex 18.525 4.94523 2.5
      vertex 21.475 4.94523 2.5
    endloop
  endfacet
  facet normal 0 1 0
    outer loop
      vertex 18.525 4.94523 2.5
      vertex 21.475 4.94523 -0.0499992
      vertex 18.525 4.94523 -0.0499992
    endloop
  endfacet
  facet normal -0.866025 0.500001 0
    outer loop
      vertex 21.475 4.94523 -0.0499992
      vertex 22.95 7.5 2.5
      vertex 22.95 7.5 -0.0499992
    endloop
  endfacet
  facet normal -0.866025 0.500001 0
    outer loop
      vertex 22.95 7.5 2.5
      vertex 21.475 4.94523 -0.0499992
      vertex 21.475 4.94523 2.5
    endloop
  endfacet
  facet normal 0 -1 0
    outer loop
      vertex 18.525 10.0548 -0.0499992
      vertex 21.475 10.0548 2.5
      vertex 18.525 10.0548 2.5
    endloop
  endfacet
  facet normal 0 -1 -0
    outer loop
      vertex 21.475 10.0548 2.5
      vertex 18.525 10.0548 -0.0499992
      vertex 21.475 10.0548 -0.0499992
    endloop
  endfacet
  facet normal -0.866028 -0.499996 0
    outer loop
      vertex 22.95 7.5 -0.0499992
      vertex 21.475 10.0548 2.5
      vertex 21.475 10.0548 -0.0499992
    endloop
  endfacet
  facet normal -0.866028 -0.499996 0
    outer loop
      vertex 21.475 10.0548 2.5
      vertex 22.95 7.5 -0.0499992
      vertex 22.95 7.5 2.5
    endloop
  endfacet
  facet normal 0.866028 -0.499996 0
    outer loop
      vertex 17.05 7.5 2.5
      vertex 18.525 10.0548 -0.0499992
      vertex 18.525 10.0548 2.5
    endloop
  endfacet
  facet normal 0.866028 -0.499996 0
    outer loop
      vertex 18.525 10.0548 -0.0499992
      vertex 17.05 7.5 2.5
      vertex 17.05 7.5 -0.0499992
    endloop
  endfacet
  facet normal 0.866025 0.500001 0
    outer loop
      vertex 18.525 4.94523 2.5
      vertex 17.05 7.5 -0.0499992
      vertex 17.05 7.5 2.5
    endloop
  endfacet
  facet normal 0.866025 0.500001 0
    outer loop
      vertex 17.05 7.5 -0.0499992
      vertex 18.525 4.94523 2.5
      vertex 18.525 4.94523 -0.0499992
    endloop
  endfacet
  facet normal 0 0 1
    outer loop
      vertex 22.95 7.5 -0.0499992
      vertex 21.5757 7.77784 -0.0499992
      vertex 21.6 7.5 -0.0499992
    endloop
  endfacet
  facet normal 0 0 1
    outer loop
      vertex 22.95 7.5 -0.0499992
      vertex 21.5035 8.04723 -0.0499992
      vertex 21.5757 7.77784 -0.0499992
    endloop
  endfacet
  facet normal -0 0 1
    outer loop
      vertex 21.3856 8.3 -0.0499992
      vertex 22.95 7.5 -0.0499992
      vertex 21.475 10.0548 -0.0499992
    endloop
  endfacet
  facet normal 0 0 1
    outer loop
      vertex 22.95 7.5 -0.0499992
      vertex 21.3856 8.3 -0.0499992
      vertex 21.5035 8.04723 -0.0499992
    endloop
  endfacet
  facet normal 0 0 1
    outer loop
      vertex 21.475 10.0548 -0.0499992
      vertex 21.2257 8.52846 -0.0499992
      vertex 21.3856 8.3 -0.0499992
    endloop
  endfacet
  facet normal 0 0 1
    outer loop
      vertex 21.475 10.0548 -0.0499992
      vertex 21.0285 8.72567 -0.0499992
      vertex 21.2257 8.52846 -0.0499992
    endloop
  endfacet
  facet normal 0 0 1
    outer loop
      vertex 21.475 10.0548 -0.0499992
      vertex 20.8 8.88564 -0.0499992
      vertex 21.0285 8.72567 -0.0499992
    endloop
  endfacet
  facet normal 0 0 1
    outer loop
      vertex 21.475 10.0548 -0.0499992
      vertex 20.5472 9.00351 -0.0499992
      vertex 20.8 8.88564 -0.0499992
    endloop
  endfacet
  facet normal 0 0 1
    outer loop
      vertex 21.475 10.0548 -0.0499992
      vertex 20.2778 9.07569 -0.0499992
      vertex 20.5472 9.00351 -0.0499992
    endloop
  endfacet
  facet normal 0 0 1
    outer loop
      vertex 21.475 10.0548 -0.0499992
      vertex 20 9.1 -0.0499992
      vertex 20.2778 9.07569 -0.0499992
    endloop
  endfacet
  facet normal -0 0 1
    outer loop
      vertex 18.525 10.0548 -0.0499992
      vertex 20 9.1 -0.0499992
      vertex 21.475 10.0548 -0.0499992
    endloop
  endfacet
  facet normal 0 0 1
    outer loop
      vertex 20 9.1 -0.0499992
      vertex 18.525 10.0548 -0.0499992
      vertex 19.7222 9.07569 -0.0499992
    endloop
  endfacet
  facet normal 0 0 1
    outer loop
      vertex 19.7222 9.07569 -0.0499992
      vertex 18.525 10.0548 -0.0499992
      vertex 19.4528 9.00351 -0.0499992
    endloop
  endfacet
  facet normal 0 0 1
    outer loop
      vertex 19.4528 9.00351 -0.0499992
      vertex 18.525 10.0548 -0.0499992
      vertex 19.2 8.88564 -0.0499992
    endloop
  endfacet
  facet normal 0 0 1
    outer loop
      vertex 18.525 10.0548 -0.0499992
      vertex 18.9715 8.72567 -0.0499992
      vertex 19.2 8.88564 -0.0499992
    endloop
  endfacet
  facet normal 0 0 1
    outer loop
      vertex 18.525 10.0548 -0.0499992
      vertex 18.7743 8.52846 -0.0499992
      vertex 18.9715 8.72567 -0.0499992
    endloop
  endfacet
  facet normal 0 0 1
    outer loop
      vertex 18.525 10.0548 -0.0499992
      vertex 18.6144 8.3 -0.0499992
      vertex 18.7743 8.52846 -0.0499992
    endloop
  endfacet
  facet normal 0 0 1
    outer loop
      vertex 17.05 7.5 -0.0499992
      vertex 18.6144 8.3 -0.0499992
      vertex 18.525 10.0548 -0.0499992
    endloop
  endfacet
  facet normal 0 0 1
    outer loop
      vertex 18.6144 8.3 -0.0499992
      vertex 17.05 7.5 -0.0499992
      vertex 18.4965 8.04723 -0.0499992
    endloop
  endfacet
  facet normal 0 0 1
    outer loop
      vertex 18.4965 8.04723 -0.0499992
      vertex 17.05 7.5 -0.0499992
      vertex 18.4243 7.77784 -0.0499992
    endloop
  endfacet
  facet normal 0 0 1
    outer loop
      vertex 18.4243 7.77784 -0.0499992
      vertex 17.05 7.5 -0.0499992
      vertex 18.4 7.5 -0.0499992
    endloop
  endfacet
  facet normal 0 0 1
    outer loop
      vertex 21.5757 7.22216 -0.0499992
      vertex 22.95 7.5 -0.0499992
      vertex 21.6 7.5 -0.0499992
    endloop
  endfacet
  facet normal 0 0 1
    outer loop
      vertex 21.5035 6.95277 -0.0499992
      vertex 22.95 7.5 -0.0499992
      vertex 21.5757 7.22216 -0.0499992
    endloop
  endfacet
  facet normal 0 0 1
    outer loop
      vertex 21.3856 6.7 -0.0499992
      vertex 22.95 7.5 -0.0499992
      vertex 21.5035 6.95277 -0.0499992
    endloop
  endfacet
  facet normal 0 0 1
    outer loop
      vertex 22.95 7.5 -0.0499992
      vertex 21.3856 6.7 -0.0499992
      vertex 21.475 4.94523 -0.0499992
    endloop
  endfacet
  facet normal -0 0 1
    outer loop
      vertex 21.2257 6.47154 -0.0499992
      vertex 21.475 4.94523 -0.0499992
      vertex 21.3856 6.7 -0.0499992
    endloop
  endfacet
  facet normal -0 0 1
    outer loop
      vertex 21.0285 6.27433 -0.0499992
      vertex 21.475 4.94523 -0.0499992
      vertex 21.2257 6.47154 -0.0499992
    endloop
  endfacet
  facet normal -0 0 1
    outer loop
      vertex 20.8 6.11436 -0.0499992
      vertex 21.475 4.94523 -0.0499992
      vertex 21.0285 6.27433 -0.0499992
    endloop
  endfacet
  facet normal -0 0 1
    outer loop
      vertex 20.5472 5.99649 -0.0499992
      vertex 21.475 4.94523 -0.0499992
      vertex 20.8 6.11436 -0.0499992
    endloop
  endfacet
  facet normal -0 0 1
    outer loop
      vertex 20.2778 5.92431 -0.0499992
      vertex 21.475 4.94523 -0.0499992
      vertex 20.5472 5.99649 -0.0499992
    endloop
  endfacet
  facet normal -0 0 1
    outer loop
      vertex 20 5.9 -0.0499992
      vertex 21.475 4.94523 -0.0499992
      vertex 20.2778 5.92431 -0.0499992
    endloop
  endfacet
  facet normal 0 0 1
    outer loop
      vertex 18.525 4.94523 -0.0499992
      vertex 20 5.9 -0.0499992
      vertex 19.7222 5.92431 -0.0499992
    endloop
  endfacet
  facet normal 0 0 1
    outer loop
      vertex 18.525 4.94523 -0.0499992
      vertex 19.7222 5.92431 -0.0499992
      vertex 19.4528 5.99649 -0.0499992
    endloop
  endfacet
  facet normal 0 0 1
    outer loop
      vertex 18.525 4.94523 -0.0499992
      vertex 19.4528 5.99649 -0.0499992
      vertex 19.2 6.11436 -0.0499992
    endloop
  endfacet
  facet normal 0 0 1
    outer loop
      vertex 20 5.9 -0.0499992
      vertex 18.525 4.94523 -0.0499992
      vertex 21.475 4.94523 -0.0499992
    endloop
  endfacet
  facet normal 0 0 1
    outer loop
      vertex 18.9715 6.27433 -0.0499992
      vertex 18.525 4.94523 -0.0499992
      vertex 19.2 6.11436 -0.0499992
    endloop
  endfacet
  facet normal 0 0 1
    outer loop
      vertex 18.7743 6.47154 -0.0499992
      vertex 18.525 4.94523 -0.0499992
      vertex 18.9715 6.27433 -0.0499992
    endloop
  endfacet
  facet normal 0 0 1
    outer loop
      vertex 18.6144 6.7 -0.0499992
      vertex 18.525 4.94523 -0.0499992
      vertex 18.7743 6.47154 -0.0499992
    endloop
  endfacet
  facet normal 0 0 1
    outer loop
      vertex 17.05 7.5 -0.0499992
      vertex 18.6144 6.7 -0.0499992
      vertex 18.4965 6.95277 -0.0499992
    endloop
  endfacet
  facet normal 0 0 1
    outer loop
      vertex 17.05 7.5 -0.0499992
      vertex 18.4965 6.95277 -0.0499992
      vertex 18.4243 7.22216 -0.0499992
    endloop
  endfacet
  facet normal -0 0 1
    outer loop
      vertex 17.05 7.5 -0.0499992
      vertex 18.4243 7.22216 -0.0499992
      vertex 18.4 7.5 -0.0499992
    endloop
  endfacet
  facet normal 0 0 1
    outer loop
      vertex 18.6144 6.7 -0.0499992
      vertex 17.05 7.5 -0.0499992
      vertex 18.525 4.94523 -0.0499992
    endloop
  endfacet
  facet normal 0.258801 -0.965931 0
    outer loop
      vertex 19.4528 9.00351 -2.5
      vertex 19.7222 9.07569 -0.0499992
      vertex 19.4528 9.00351 -0.0499992
    endloop
  endfacet
  facet normal 0.258801 -0.965931 0
    outer loop
      vertex 19.7222 9.07569 -0.0499992
      vertex 19.4528 9.00351 -2.5
      vertex 19.7222 9.07569 -2.5
    endloop
  endfacet
  facet normal -0.96591 -0.258876 0
    outer loop
      vertex 21.5757 7.77784 -2.5
      vertex 21.5035 8.04723 -0.0499992
      vertex 21.5035 8.04723 -2.5
    endloop
  endfacet
  facet normal -0.96591 -0.258876 0
    outer loop
      vertex 21.5035 8.04723 -0.0499992
      vertex 21.5757 7.77784 -2.5
      vertex 21.5757 7.77784 -0.0499992
    endloop
  endfacet
  facet normal -0.996197 -0.0871278 0
    outer loop
      vertex 21.6 7.5 -2.5
      vertex 21.5757 7.77784 -0.0499992
      vertex 21.5757 7.77784 -2.5
    endloop
  endfacet
  facet normal -0.996197 -0.0871278 0
    outer loop
      vertex 21.5757 7.77784 -0.0499992
      vertex 21.6 7.5 -2.5
      vertex 21.6 7.5 -0.0499992
    endloop
  endfacet
  facet normal -0.906265 -0.422711 0
    outer loop
      vertex 21.5035 8.04723 -2.5
      vertex 21.3856 8.3 -0.0499992
      vertex 21.3856 8.3 -2.5
    endloop
  endfacet
  facet normal -0.906265 -0.422711 0
    outer loop
      vertex 21.3856 8.3 -0.0499992
      vertex 21.5035 8.04723 -2.5
      vertex 21.5035 8.04723 -0.0499992
    endloop
  endfacet
  facet normal 0.906265 0.422711 0
    outer loop
      vertex 18.6144 6.7 -0.0499992
      vertex 18.4965 6.95277 -2.5
      vertex 18.4965 6.95277 -0.0499992
    endloop
  endfacet
  facet normal 0.906265 0.422711 0
    outer loop
      vertex 18.4965 6.95277 -2.5
      vertex 18.6144 6.7 -0.0499992
      vertex 18.6144 6.7 -2.5
    endloop
  endfacet
  facet normal -0.906265 0.422711 0
    outer loop
      vertex 21.3856 6.7 -2.5
      vertex 21.5035 6.95277 -0.0499992
      vertex 21.5035 6.95277 -2.5
    endloop
  endfacet
  facet normal -0.906265 0.422711 0
    outer loop
      vertex 21.5035 6.95277 -0.0499992
      vertex 21.3856 6.7 -2.5
      vertex 21.3856 6.7 -0.0499992
    endloop
  endfacet
  facet normal -0.819269 0.573409 0
    outer loop
      vertex 21.2257 6.47154 -2.5
      vertex 21.3856 6.7 -0.0499992
      vertex 21.3856 6.7 -2.5
    endloop
  endfacet
  facet normal -0.819269 0.573409 0
    outer loop
      vertex 21.3856 6.7 -0.0499992
      vertex 21.2257 6.47154 -2.5
      vertex 21.2257 6.47154 -0.0499992
    endloop
  endfacet
  facet normal -0.996197 0.0871278 0
    outer loop
      vertex 21.5757 7.22216 -2.5
      vertex 21.6 7.5 -0.0499992
      vertex 21.6 7.5 -2.5
    endloop
  endfacet
  facet normal -0.996197 0.0871278 0
    outer loop
      vertex 21.6 7.5 -0.0499992
      vertex 21.5757 7.22216 -2.5
      vertex 21.5757 7.22216 -0.0499992
    endloop
  endfacet
  facet normal -0.819269 -0.573409 0
    outer loop
      vertex 21.3856 8.3 -2.5
      vertex 21.2257 8.52846 -0.0499992
      vertex 21.2257 8.52846 -2.5
    endloop
  endfacet
  facet normal -0.819269 -0.573409 0
    outer loop
      vertex 21.2257 8.52846 -0.0499992
      vertex 21.3856 8.3 -2.5
      vertex 21.3856 8.3 -0.0499992
    endloop
  endfacet
  facet normal -0.707125 0.707089 0
    outer loop
      vertex 21.0285 6.27433 -2.5
      vertex 21.2257 6.47154 -0.0499992
      vertex 21.2257 6.47154 -2.5
    endloop
  endfacet
  facet normal -0.707125 0.707089 0
    outer loop
      vertex 21.2257 6.47154 -0.0499992
      vertex 21.0285 6.27433 -2.5
      vertex 21.0285 6.27433 -0.0499992
    endloop
  endfacet
  facet normal 0.707125 -0.707089 0
    outer loop
      vertex 18.7743 8.52846 -0.0499992
      vertex 18.9715 8.72567 -2.5
      vertex 18.9715 8.72567 -0.0499992
    endloop
  endfacet
  facet normal 0.707125 -0.707089 0
    outer loop
      vertex 18.9715 8.72567 -2.5
      vertex 18.7743 8.52846 -0.0499992
      vertex 18.7743 8.52846 -2.5
    endloop
  endfacet
  facet normal 0.0871758 -0.996193 0
    outer loop
      vertex 19.7222 9.07569 -2.5
      vertex 20 9.1 -0.0499992
      vertex 19.7222 9.07569 -0.0499992
    endloop
  endfacet
  facet normal 0.0871758 -0.996193 0
    outer loop
      vertex 20 9.1 -0.0499992
      vertex 19.7222 9.07569 -2.5
      vertex 20 9.1 -2.5
    endloop
  endfacet
  facet normal 0.57351 -0.819198 0
    outer loop
      vertex 18.9715 8.72567 -2.5
      vertex 19.2 8.88564 -0.0499992
      vertex 18.9715 8.72567 -0.0499992
    endloop
  endfacet
  facet normal 0.57351 -0.819198 0
    outer loop
      vertex 19.2 8.88564 -0.0499992
      vertex 18.9715 8.72567 -2.5
      vertex 19.2 8.88564 -2.5
    endloop
  endfacet
  facet normal 0.422581 -0.906325 0
    outer loop
      vertex 19.2 8.88564 -2.5
      vertex 19.4528 9.00351 -0.0499992
      vertex 19.2 8.88564 -0.0499992
    endloop
  endfacet
  facet normal 0.422581 -0.906325 0
    outer loop
      vertex 19.4528 9.00351 -0.0499992
      vertex 19.2 8.88564 -2.5
      vertex 19.4528 9.00351 -2.5
    endloop
  endfacet
  facet normal -0.422581 0.906325 0
    outer loop
      vertex 20.8 6.11436 -2.5
      vertex 20.5472 5.99649 -0.0499992
      vertex 20.8 6.11436 -0.0499992
    endloop
  endfacet
  facet normal -0.422581 0.906325 0
    outer loop
      vertex 20.5472 5.99649 -0.0499992
      vertex 20.8 6.11436 -2.5
      vertex 20.5472 5.99649 -2.5
    endloop
  endfacet
  facet normal 0.996197 0.0871278 0
    outer loop
      vertex 18.4243 7.22216 -0.0499992
      vertex 18.4 7.5 -2.5
      vertex 18.4 7.5 -0.0499992
    endloop
  endfacet
  facet normal 0.996197 0.0871278 0
    outer loop
      vertex 18.4 7.5 -2.5
      vertex 18.4243 7.22216 -0.0499992
      vertex 18.4243 7.22216 -2.5
    endloop
  endfacet
  facet normal -0.258801 -0.965931 0
    outer loop
      vertex 20.2778 9.07569 -2.5
      vertex 20.5472 9.00351 -0.0499992
      vertex 20.2778 9.07569 -0.0499992
    endloop
  endfacet
  facet normal -0.258801 -0.965931 -0
    outer loop
      vertex 20.5472 9.00351 -0.0499992
      vertex 20.2778 9.07569 -2.5
      vertex 20.5472 9.00351 -2.5
    endloop
  endfacet
  facet normal -0.57351 0.819198 0
    outer loop
      vertex 21.0285 6.27433 -2.5
      vertex 20.8 6.11436 -0.0499992
      vertex 21.0285 6.27433 -0.0499992
    endloop
  endfacet
  facet normal -0.57351 0.819198 0
    outer loop
      vertex 20.8 6.11436 -0.0499992
      vertex 21.0285 6.27433 -2.5
      vertex 20.8 6.11436 -2.5
    endloop
  endfacet
  facet normal 0.96591 -0.258876 0
    outer loop
      vertex 18.4243 7.77784 -0.0499992
      vertex 18.4965 8.04723 -2.5
      vertex 18.4965 8.04723 -0.0499992
    endloop
  endfacet
  facet normal 0.96591 -0.258876 0
    outer loop
      vertex 18.4965 8.04723 -2.5
      vertex 18.4243 7.77784 -0.0499992
      vertex 18.4243 7.77784 -2.5
    endloop
  endfacet
  facet normal -0.422581 -0.906325 0
    outer loop
      vertex 20.5472 9.00351 -2.5
      vertex 20.8 8.88564 -0.0499992
      vertex 20.5472 9.00351 -0.0499992
    endloop
  endfacet
  facet normal -0.422581 -0.906325 -0
    outer loop
      vertex 20.8 8.88564 -0.0499992
      vertex 20.5472 9.00351 -2.5
      vertex 20.8 8.88564 -2.5
    endloop
  endfacet
  facet normal 0.819269 -0.573409 0
    outer loop
      vertex 18.6144 8.3 -0.0499992
      vertex 18.7743 8.52846 -2.5
      vertex 18.7743 8.52846 -0.0499992
    endloop
  endfacet
  facet normal 0.819269 -0.573409 0
    outer loop
      vertex 18.7743 8.52846 -2.5
      vertex 18.6144 8.3 -0.0499992
      vertex 18.6144 8.3 -2.5
    endloop
  endfacet
  facet normal 0.819269 0.573409 0
    outer loop
      vertex 18.7743 6.47154 -0.0499992
      vertex 18.6144 6.7 -2.5
      vertex 18.6144 6.7 -0.0499992
    endloop
  endfacet
  facet normal 0.819269 0.573409 0
    outer loop
      vertex 18.6144 6.7 -2.5
      vertex 18.7743 6.47154 -0.0499992
      vertex 18.7743 6.47154 -2.5
    endloop
  endfacet
  facet normal -0.258801 0.965931 0
    outer loop
      vertex 20.5472 5.99649 -2.5
      vertex 20.2778 5.92431 -0.0499992
      vertex 20.5472 5.99649 -0.0499992
    endloop
  endfacet
  facet normal -0.258801 0.965931 0
    outer loop
      vertex 20.2778 5.92431 -0.0499992
      vertex 20.5472 5.99649 -2.5
      vertex 20.2778 5.92431 -2.5
    endloop
  endfacet
  facet normal -0.707125 -0.707089 0
    outer loop
      vertex 21.2257 8.52846 -2.5
      vertex 21.0285 8.72567 -0.0499992
      vertex 21.0285 8.72567 -2.5
    endloop
  endfacet
  facet normal -0.707125 -0.707089 0
    outer loop
      vertex 21.0285 8.72567 -0.0499992
      vertex 21.2257 8.52846 -2.5
      vertex 21.2257 8.52846 -0.0499992
    endloop
  endfacet
  facet normal -0.96591 0.258876 0
    outer loop
      vertex 21.5035 6.95277 -2.5
      vertex 21.5757 7.22216 -0.0499992
      vertex 21.5757 7.22216 -2.5
    endloop
  endfacet
  facet normal -0.96591 0.258876 0
    outer loop
      vertex 21.5757 7.22216 -0.0499992
      vertex 21.5035 6.95277 -2.5
      vertex 21.5035 6.95277 -0.0499992
    endloop
  endfacet
  facet normal -0.57351 -0.819198 0
    outer loop
      vertex 20.8 8.88564 -2.5
      vertex 21.0285 8.72567 -0.0499992
      vertex 20.8 8.88564 -0.0499992
    endloop
  endfacet
  facet normal -0.57351 -0.819198 -0
    outer loop
      vertex 21.0285 8.72567 -0.0499992
      vertex 20.8 8.88564 -2.5
      vertex 21.0285 8.72567 -2.5
    endloop
  endfacet
  facet normal 0.707125 0.707089 0
    outer loop
      vertex 18.9715 6.27433 -0.0499992
      vertex 18.7743 6.47154 -2.5
      vertex 18.7743 6.47154 -0.0499992
    endloop
  endfacet
  facet normal 0.707125 0.707089 0
    outer loop
      vertex 18.7743 6.47154 -2.5
      vertex 18.9715 6.27433 -0.0499992
      vertex 18.9715 6.27433 -2.5
    endloop
  endfacet
  facet normal 0.906265 -0.422711 0
    outer loop
      vertex 18.4965 8.04723 -0.0499992
      vertex 18.6144 8.3 -2.5
      vertex 18.6144 8.3 -0.0499992
    endloop
  endfacet
  facet normal 0.906265 -0.422711 0
    outer loop
      vertex 18.6144 8.3 -2.5
      vertex 18.4965 8.04723 -0.0499992
      vertex 18.4965 8.04723 -2.5
    endloop
  endfacet
  facet normal 0.57351 0.819198 -0
    outer loop
      vertex 19.2 6.11436 -2.5
      vertex 18.9715 6.27433 -0.0499992
      vertex 19.2 6.11436 -0.0499992
    endloop
  endfacet
  facet normal 0.57351 0.819198 0
    outer loop
      vertex 18.9715 6.27433 -0.0499992
      vertex 19.2 6.11436 -2.5
      vertex 18.9715 6.27433 -2.5
    endloop
  endfacet
  facet normal -0.0871758 0.996193 0
    outer loop
      vertex 20.2778 5.92431 -2.5
      vertex 20 5.9 -0.0499992
      vertex 20.2778 5.92431 -0.0499992
    endloop
  endfacet
  facet normal -0.0871758 0.996193 0
    outer loop
      vertex 20 5.9 -0.0499992
      vertex 20.2778 5.92431 -2.5
      vertex 20 5.9 -2.5
    endloop
  endfacet
  facet normal -0.0871758 -0.996193 0
    outer loop
      vertex 20 9.1 -2.5
      vertex 20.2778 9.07569 -0.0499992
      vertex 20 9.1 -0.0499992
    endloop
  endfacet
  facet normal -0.0871758 -0.996193 -0
    outer loop
      vertex 20.2778 9.07569 -0.0499992
      vertex 20 9.1 -2.5
      vertex 20.2778 9.07569 -2.5
    endloop
  endfacet
  facet normal 0.0871758 0.996193 -0
    outer loop
      vertex 20 5.9 -2.5
      vertex 19.7222 5.92431 -0.0499992
      vertex 20 5.9 -0.0499992
    endloop
  endfacet
  facet normal 0.0871758 0.996193 0
    outer loop
      vertex 19.7222 5.92431 -0.0499992
      vertex 20 5.9 -2.5
      vertex 19.7222 5.92431 -2.5
    endloop
  endfacet
  facet normal 0.258801 0.965931 -0
    outer loop
      vertex 19.7222 5.92431 -2.5
      vertex 19.4528 5.99649 -0.0499992
      vertex 19.7222 5.92431 -0.0499992
    endloop
  endfacet
  facet normal 0.258801 0.965931 0
    outer loop
      vertex 19.4528 5.99649 -0.0499992
      vertex 19.7222 5.92431 -2.5
      vertex 19.4528 5.99649 -2.5
    endloop
  endfacet
  facet normal 0.996197 -0.0871278 0
    outer loop
      vertex 18.4 7.5 -0.0499992
      vertex 18.4243 7.77784 -2.5
      vertex 18.4243 7.77784 -0.0499992
    endloop
  endfacet
  facet normal 0.996197 -0.0871278 0
    outer loop
      vertex 18.4243 7.77784 -2.5
      vertex 18.4 7.5 -0.0499992
      vertex 18.4 7.5 -2.5
    endloop
  endfacet
  facet normal 0.96591 0.258876 0
    outer loop
      vertex 18.4965 6.95277 -0.0499992
      vertex 18.4243 7.22216 -2.5
      vertex 18.4243 7.22216 -0.0499992
    endloop
  endfacet
  facet normal 0.96591 0.258876 0
    outer loop
      vertex 18.4243 7.22216 -2.5
      vertex 18.4965 6.95277 -0.0499992
      vertex 18.4965 6.95277 -2.5
    endloop
  endfacet
  facet normal 0.422581 0.906325 -0
    outer loop
      vertex 19.4528 5.99649 -2.5
      vertex 19.2 6.11436 -0.0499992
      vertex 19.4528 5.99649 -0.0499992
    endloop
  endfacet
  facet normal 0.422581 0.906325 0
    outer loop
      vertex 19.2 6.11436 -0.0499992
      vertex 19.4528 5.99649 -2.5
      vertex 19.2 6.11436 -2.5
    endloop
  endfacet
  facet normal 0 1 -0
    outer loop
      vertex 21.475 -10.0548 -0.0499992
      vertex 18.525 -10.0548 2.5
      vertex 21.475 -10.0548 2.5
    endloop
  endfacet
  facet normal 0 1 0
    outer loop
      vertex 18.525 -10.0548 2.5
      vertex 21.475 -10.0548 -0.0499992
      vertex 18.525 -10.0548 -0.0499992
    endloop
  endfacet
  facet normal -0.866028 0.499996 0
    outer loop
      vertex 21.475 -10.0548 -0.0499992
      vertex 22.95 -7.5 2.5
      vertex 22.95 -7.5 -0.0499992
    endloop
  endfacet
  facet normal -0.866028 0.499996 0
    outer loop
      vertex 22.95 -7.5 2.5
      vertex 21.475 -10.0548 -0.0499992
      vertex 21.475 -10.0548 2.5
    endloop
  endfacet
  facet normal 0 -1 0
    outer loop
      vertex 18.525 -4.94523 -0.0499992
      vertex 21.475 -4.94523 2.5
      vertex 18.525 -4.94523 2.5
    endloop
  endfacet
  facet normal 0 -1 -0
    outer loop
      vertex 21.475 -4.94523 2.5
      vertex 18.525 -4.94523 -0.0499992
      vertex 21.475 -4.94523 -0.0499992
    endloop
  endfacet
  facet normal -0.866025 -0.500001 0
    outer loop
      vertex 22.95 -7.5 -0.0499992
      vertex 21.475 -4.94523 2.5
      vertex 21.475 -4.94523 -0.0499992
    endloop
  endfacet
  facet normal -0.866025 -0.500001 0
    outer loop
      vertex 21.475 -4.94523 2.5
      vertex 22.95 -7.5 -0.0499992
      vertex 22.95 -7.5 2.5
    endloop
  endfacet
  facet normal 0.866025 -0.500001 0
    outer loop
      vertex 17.05 -7.5 2.5
      vertex 18.525 -4.94523 -0.0499992
      vertex 18.525 -4.94523 2.5
    endloop
  endfacet
  facet normal 0.866025 -0.500001 0
    outer loop
      vertex 18.525 -4.94523 -0.0499992
      vertex 17.05 -7.5 2.5
      vertex 17.05 -7.5 -0.0499992
    endloop
  endfacet
  facet normal 0.866028 0.499996 0
    outer loop
      vertex 18.525 -10.0548 2.5
      vertex 17.05 -7.5 -0.0499992
      vertex 17.05 -7.5 2.5
    endloop
  endfacet
  facet normal 0.866028 0.499996 0
    outer loop
      vertex 17.05 -7.5 -0.0499992
      vertex 18.525 -10.0548 2.5
      vertex 18.525 -10.0548 -0.0499992
    endloop
  endfacet
  facet normal 0 0 1
    outer loop
      vertex 22.95 -7.5 -0.0499992
      vertex 21.5757 -7.22216 -0.0499992
      vertex 21.6 -7.5 -0.0499992
    endloop
  endfacet
  facet normal 0 0 1
    outer loop
      vertex 22.95 -7.5 -0.0499992
      vertex 21.5035 -6.95277 -0.0499992
      vertex 21.5757 -7.22216 -0.0499992
    endloop
  endfacet
  facet normal -0 0 1
    outer loop
      vertex 21.3856 -6.7 -0.0499992
      vertex 22.95 -7.5 -0.0499992
      vertex 21.475 -4.94523 -0.0499992
    endloop
  endfacet
  facet normal 0 0 1
    outer loop
      vertex 22.95 -7.5 -0.0499992
      vertex 21.3856 -6.7 -0.0499992
      vertex 21.5035 -6.95277 -0.0499992
    endloop
  endfacet
  facet normal 0 0 1
    outer loop
      vertex 21.475 -4.94523 -0.0499992
      vertex 21.2257 -6.47154 -0.0499992
      vertex 21.3856 -6.7 -0.0499992
    endloop
  endfacet
  facet normal 0 0 1
    outer loop
      vertex 21.475 -4.94523 -0.0499992
      vertex 21.0285 -6.27433 -0.0499992
      vertex 21.2257 -6.47154 -0.0499992
    endloop
  endfacet
  facet normal 0 0 1
    outer loop
      vertex 21.475 -4.94523 -0.0499992
      vertex 20.8 -6.11436 -0.0499992
      vertex 21.0285 -6.27433 -0.0499992
    endloop
  endfacet
  facet normal 0 0 1
    outer loop
      vertex 21.475 -4.94523 -0.0499992
      vertex 20.5472 -5.99649 -0.0499992
      vertex 20.8 -6.11436 -0.0499992
    endloop
  endfacet
  facet normal 0 0 1
    outer loop
      vertex 21.475 -4.94523 -0.0499992
      vertex 20.2778 -5.92431 -0.0499992
      vertex 20.5472 -5.99649 -0.0499992
    endloop
  endfacet
  facet normal 0 0 1
    outer loop
      vertex 21.475 -4.94523 -0.0499992
      vertex 20 -5.9 -0.0499992
      vertex 20.2778 -5.92431 -0.0499992
    endloop
  endfacet
  facet normal -0 0 1
    outer loop
      vertex 18.525 -4.94523 -0.0499992
      vertex 20 -5.9 -0.0499992
      vertex 21.475 -4.94523 -0.0499992
    endloop
  endfacet
  facet normal 0 0 1
    outer loop
      vertex 20 -5.9 -0.0499992
      vertex 18.525 -4.94523 -0.0499992
      vertex 19.7222 -5.92431 -0.0499992
    endloop
  endfacet
  facet normal 0 0 1
    outer loop
      vertex 19.7222 -5.92431 -0.0499992
      vertex 18.525 -4.94523 -0.0499992
      vertex 19.4528 -5.99649 -0.0499992
    endloop
  endfacet
  facet normal 0 0 1
    outer loop
      vertex 19.4528 -5.99649 -0.0499992
      vertex 18.525 -4.94523 -0.0499992
      vertex 19.2 -6.11436 -0.0499992
    endloop
  endfacet
  facet normal 0 0 1
    outer loop
      vertex 18.525 -4.94523 -0.0499992
      vertex 18.9715 -6.27433 -0.0499992
      vertex 19.2 -6.11436 -0.0499992
    endloop
  endfacet
  facet normal 0 0 1
    outer loop
      vertex 18.525 -4.94523 -0.0499992
      vertex 18.7743 -6.47154 -0.0499992
      vertex 18.9715 -6.27433 -0.0499992
    endloop
  endfacet
  facet normal 0 0 1
    outer loop
      vertex 18.525 -4.94523 -0.0499992
      vertex 18.6144 -6.7 -0.0499992
      vertex 18.7743 -6.47154 -0.0499992
    endloop
  endfacet
  facet normal 0 0 1
    outer loop
      vertex 17.05 -7.5 -0.0499992
      vertex 18.6144 -6.7 -0.0499992
      vertex 18.525 -4.94523 -0.0499992
    endloop
  endfacet
  facet normal 0 0 1
    outer loop
      vertex 18.6144 -6.7 -0.0499992
      vertex 17.05 -7.5 -0.0499992
      vertex 18.4965 -6.95277 -0.0499992
    endloop
  endfacet
  facet normal 0 0 1
    outer loop
      vertex 18.4965 -6.95277 -0.0499992
      vertex 17.05 -7.5 -0.0499992
      vertex 18.4243 -7.22216 -0.0499992
    endloop
  endfacet
  facet normal 0 0 1
    outer loop
      vertex 18.4243 -7.22216 -0.0499992
      vertex 17.05 -7.5 -0.0499992
      vertex 18.4 -7.5 -0.0499992
    endloop
  endfacet
  facet normal 0 0 1
    outer loop
      vertex 21.5757 -7.77784 -0.0499992
      vertex 22.95 -7.5 -0.0499992
      vertex 21.6 -7.5 -0.0499992
    endloop
  endfacet
  facet normal 0 0 1
    outer loop
      vertex 21.5035 -8.04723 -0.0499992
      vertex 22.95 -7.5 -0.0499992
      vertex 21.5757 -7.77784 -0.0499992
    endloop
  endfacet
  facet normal 0 0 1
    outer loop
      vertex 21.3856 -8.3 -0.0499992
      vertex 22.95 -7.5 -0.0499992
      vertex 21.5035 -8.04723 -0.0499992
    endloop
  endfacet
  facet normal 0 0 1
    outer loop
      vertex 22.95 -7.5 -0.0499992
      vertex 21.3856 -8.3 -0.0499992
      vertex 21.475 -10.0548 -0.0499992
    endloop
  endfacet
  facet normal -0 0 1
    outer loop
      vertex 21.2257 -8.52846 -0.0499992
      vertex 21.475 -10.0548 -0.0499992
      vertex 21.3856 -8.3 -0.0499992
    endloop
  endfacet
  facet normal -0 0 1
    outer loop
      vertex 21.0285 -8.72567 -0.0499992
      vertex 21.475 -10.0548 -0.0499992
      vertex 21.2257 -8.52846 -0.0499992
    endloop
  endfacet
  facet normal -0 0 1
    outer loop
      vertex 20.8 -8.88564 -0.0499992
      vertex 21.475 -10.0548 -0.0499992
      vertex 21.0285 -8.72567 -0.0499992
    endloop
  endfacet
  facet normal -0 0 1
    outer loop
      vertex 20.5472 -9.00351 -0.0499992
      vertex 21.475 -10.0548 -0.0499992
      vertex 20.8 -8.88564 -0.0499992
    endloop
  endfacet
  facet normal -0 0 1
    outer loop
      vertex 20.2778 -9.07569 -0.0499992
      vertex 21.475 -10.0548 -0.0499992
      vertex 20.5472 -9.00351 -0.0499992
    endloop
  endfacet
  facet normal -0 0 1
    outer loop
      vertex 20 -9.1 -0.0499992
      vertex 21.475 -10.0548 -0.0499992
      vertex 20.2778 -9.07569 -0.0499992
    endloop
  endfacet
  facet normal 0 0 1
    outer loop
      vertex 18.525 -10.0548 -0.0499992
      vertex 20 -9.1 -0.0499992
      vertex 19.7222 -9.07569 -0.0499992
    endloop
  endfacet
  facet normal 0 0 1
    outer loop
      vertex 18.525 -10.0548 -0.0499992
      vertex 19.7222 -9.07569 -0.0499992
      vertex 19.4528 -9.00351 -0.0499992
    endloop
  endfacet
  facet normal 0 0 1
    outer loop
      vertex 18.525 -10.0548 -0.0499992
      vertex 19.4528 -9.00351 -0.0499992
      vertex 19.2 -8.88564 -0.0499992
    endloop
  endfacet
  facet normal 0 0 1
    outer loop
      vertex 20 -9.1 -0.0499992
      vertex 18.525 -10.0548 -0.0499992
      vertex 21.475 -10.0548 -0.0499992
    endloop
  endfacet
  facet normal 0 0 1
    outer loop
      vertex 18.9715 -8.72567 -0.0499992
      vertex 18.525 -10.0548 -0.0499992
      vertex 19.2 -8.88564 -0.0499992
    endloop
  endfacet
  facet normal 0 0 1
    outer loop
      vertex 18.7743 -8.52846 -0.0499992
      vertex 18.525 -10.0548 -0.0499992
      vertex 18.9715 -8.72567 -0.0499992
    endloop
  endfacet
  facet normal 0 0 1
    outer loop
      vertex 18.6144 -8.3 -0.0499992
      vertex 18.525 -10.0548 -0.0499992
      vertex 18.7743 -8.52846 -0.0499992
    endloop
  endfacet
  facet normal 0 0 1
    outer loop
      vertex 17.05 -7.5 -0.0499992
      vertex 18.6144 -8.3 -0.0499992
      vertex 18.4965 -8.04723 -0.0499992
    endloop
  endfacet
  facet normal 0 0 1
    outer loop
      vertex 17.05 -7.5 -0.0499992
      vertex 18.4965 -8.04723 -0.0499992
      vertex 18.4243 -7.77784 -0.0499992
    endloop
  endfacet
  facet normal -0 0 1
    outer loop
      vertex 17.05 -7.5 -0.0499992
      vertex 18.4243 -7.77784 -0.0499992
      vertex 18.4 -7.5 -0.0499992
    endloop
  endfacet
  facet normal 0 0 1
    outer loop
      vertex 18.6144 -8.3 -0.0499992
      vertex 17.05 -7.5 -0.0499992
      vertex 18.525 -10.0548 -0.0499992
    endloop
  endfacet
  facet normal 0.258801 -0.965931 0
    outer loop
      vertex 19.4528 -5.99649 -2.5
      vertex 19.7222 -5.92431 -0.0499992
      vertex 19.4528 -5.99649 -0.0499992
    endloop
  endfacet
  facet normal 0.258801 -0.965931 0
    outer loop
      vertex 19.7222 -5.92431 -0.0499992
      vertex 19.4528 -5.99649 -2.5
      vertex 19.7222 -5.92431 -2.5
    endloop
  endfacet
  facet normal -0.96591 -0.258876 0
    outer loop
      vertex 21.5757 -7.22216 -2.5
      vertex 21.5035 -6.95277 -0.0499992
      vertex 21.5035 -6.95277 -2.5
    endloop
  endfacet
  facet normal -0.96591 -0.258876 0
    outer loop
      vertex 21.5035 -6.95277 -0.0499992
      vertex 21.5757 -7.22216 -2.5
      vertex 21.5757 -7.22216 -0.0499992
    endloop
  endfacet
  facet normal -0.996197 -0.0871278 0
    outer loop
      vertex 21.6 -7.5 -2.5
      vertex 21.5757 -7.22216 -0.0499992
      vertex 21.5757 -7.22216 -2.5
    endloop
  endfacet
  facet normal -0.996197 -0.0871278 0
    outer loop
      vertex 21.5757 -7.22216 -0.0499992
      vertex 21.6 -7.5 -2.5
      vertex 21.6 -7.5 -0.0499992
    endloop
  endfacet
  facet normal -0.906265 -0.422711 0
    outer loop
      vertex 21.5035 -6.95277 -2.5
      vertex 21.3856 -6.7 -0.0499992
      vertex 21.3856 -6.7 -2.5
    endloop
  endfacet
  facet normal -0.906265 -0.422711 0
    outer loop
      vertex 21.3856 -6.7 -0.0499992
      vertex 21.5035 -6.95277 -2.5
      vertex 21.5035 -6.95277 -0.0499992
    endloop
  endfacet
  facet normal 0.906265 0.422711 0
    outer loop
      vertex 18.6144 -8.3 -0.0499992
      vertex 18.4965 -8.04723 -2.5
      vertex 18.4965 -8.04723 -0.0499992
    endloop
  endfacet
  facet normal 0.906265 0.422711 0
    outer loop
      vertex 18.4965 -8.04723 -2.5
      vertex 18.6144 -8.3 -0.0499992
      vertex 18.6144 -8.3 -2.5
    endloop
  endfacet
  facet normal -0.906265 0.422711 0
    outer loop
      vertex 21.3856 -8.3 -2.5
      vertex 21.5035 -8.04723 -0.0499992
      vertex 21.5035 -8.04723 -2.5
    endloop
  endfacet
  facet normal -0.906265 0.422711 0
    outer loop
      vertex 21.5035 -8.04723 -0.0499992
      vertex 21.3856 -8.3 -2.5
      vertex 21.3856 -8.3 -0.0499992
    endloop
  endfacet
  facet normal -0.819269 0.573409 0
    outer loop
      vertex 21.2257 -8.52846 -2.5
      vertex 21.3856 -8.3 -0.0499992
      vertex 21.3856 -8.3 -2.5
    endloop
  endfacet
  facet normal -0.819269 0.573409 0
    outer loop
      vertex 21.3856 -8.3 -0.0499992
      vertex 21.2257 -8.52846 -2.5
      vertex 21.2257 -8.52846 -0.0499992
    endloop
  endfacet
  facet normal -0.996197 0.0871278 0
    outer loop
      vertex 21.5757 -7.77784 -2.5
      vertex 21.6 -7.5 -0.0499992
      vertex 21.6 -7.5 -2.5
    endloop
  endfacet
  facet normal -0.996197 0.0871278 0
    outer loop
      vertex 21.6 -7.5 -0.0499992
      vertex 21.5757 -7.77784 -2.5
      vertex 21.5757 -7.77784 -0.0499992
    endloop
  endfacet
  facet normal -0.819269 -0.573409 0
    outer loop
      vertex 21.3856 -6.7 -2.5
      vertex 21.2257 -6.47154 -0.0499992
      vertex 21.2257 -6.47154 -2.5
    endloop
  endfacet
  facet normal -0.819269 -0.573409 0
    outer loop
      vertex 21.2257 -6.47154 -0.0499992
      vertex 21.3856 -6.7 -2.5
      vertex 21.3856 -6.7 -0.0499992
    endloop
  endfacet
  facet normal -0.707125 0.707089 0
    outer loop
      vertex 21.0285 -8.72567 -2.5
      vertex 21.2257 -8.52846 -0.0499992
      vertex 21.2257 -8.52846 -2.5
    endloop
  endfacet
  facet normal -0.707125 0.707089 0
    outer loop
      vertex 21.2257 -8.52846 -0.0499992
      vertex 21.0285 -8.72567 -2.5
      vertex 21.0285 -8.72567 -0.0499992
    endloop
  endfacet
  facet normal 0.707125 -0.707089 0
    outer loop
      vertex 18.7743 -6.47154 -0.0499992
      vertex 18.9715 -6.27433 -2.5
      vertex 18.9715 -6.27433 -0.0499992
    endloop
  endfacet
  facet normal 0.707125 -0.707089 0
    outer loop
      vertex 18.9715 -6.27433 -2.5
      vertex 18.7743 -6.47154 -0.0499992
      vertex 18.7743 -6.47154 -2.5
    endloop
  endfacet
  facet normal 0.0871758 -0.996193 0
    outer loop
      vertex 19.7222 -5.92431 -2.5
      vertex 20 -5.9 -0.0499992
      vertex 19.7222 -5.92431 -0.0499992
    endloop
  endfacet
  facet normal 0.0871758 -0.996193 0
    outer loop
      vertex 20 -5.9 -0.0499992
      vertex 19.7222 -5.92431 -2.5
      vertex 20 -5.9 -2.5
    endloop
  endfacet
  facet normal 0.57351 -0.819198 0
    outer loop
      vertex 18.9715 -6.27433 -2.5
      vertex 19.2 -6.11436 -0.0499992
      vertex 18.9715 -6.27433 -0.0499992
    endloop
  endfacet
  facet normal 0.57351 -0.819198 0
    outer loop
      vertex 19.2 -6.11436 -0.0499992
      vertex 18.9715 -6.27433 -2.5
      vertex 19.2 -6.11436 -2.5
    endloop
  endfacet
  facet normal 0.422581 -0.906325 0
    outer loop
      vertex 19.2 -6.11436 -2.5
      vertex 19.4528 -5.99649 -0.0499992
      vertex 19.2 -6.11436 -0.0499992
    endloop
  endfacet
  facet normal 0.422581 -0.906325 0
    outer loop
      vertex 19.4528 -5.99649 -0.0499992
      vertex 19.2 -6.11436 -2.5
      vertex 19.4528 -5.99649 -2.5
    endloop
  endfacet
  facet normal -0.422581 0.906325 0
    outer loop
      vertex 20.8 -8.88564 -2.5
      vertex 20.5472 -9.00351 -0.0499992
      vertex 20.8 -8.88564 -0.0499992
    endloop
  endfacet
  facet normal -0.422581 0.906325 0
    outer loop
      vertex 20.5472 -9.00351 -0.0499992
      vertex 20.8 -8.88564 -2.5
      vertex 20.5472 -9.00351 -2.5
    endloop
  endfacet
  facet normal 0.996197 0.0871278 0
    outer loop
      vertex 18.4243 -7.77784 -0.0499992
      vertex 18.4 -7.5 -2.5
      vertex 18.4 -7.5 -0.0499992
    endloop
  endfacet
  facet normal 0.996197 0.0871278 0
    outer loop
      vertex 18.4 -7.5 -2.5
      vertex 18.4243 -7.77784 -0.0499992
      vertex 18.4243 -7.77784 -2.5
    endloop
  endfacet
  facet normal -0.258801 -0.965931 0
    outer loop
      vertex 20.2778 -5.92431 -2.5
      vertex 20.5472 -5.99649 -0.0499992
      vertex 20.2778 -5.92431 -0.0499992
    endloop
  endfacet
  facet normal -0.258801 -0.965931 -0
    outer loop
      vertex 20.5472 -5.99649 -0.0499992
      vertex 20.2778 -5.92431 -2.5
      vertex 20.5472 -5.99649 -2.5
    endloop
  endfacet
  facet normal -0.57351 0.819198 0
    outer loop
      vertex 21.0285 -8.72567 -2.5
      vertex 20.8 -8.88564 -0.0499992
      vertex 21.0285 -8.72567 -0.0499992
    endloop
  endfacet
  facet normal -0.57351 0.819198 0
    outer loop
      vertex 20.8 -8.88564 -0.0499992
      vertex 21.0285 -8.72567 -2.5
      vertex 20.8 -8.88564 -2.5
    endloop
  endfacet
  facet normal 0.96591 -0.258876 0
    outer loop
      vertex 18.4243 -7.22216 -0.0499992
      vertex 18.4965 -6.95277 -2.5
      vertex 18.4965 -6.95277 -0.0499992
    endloop
  endfacet
  facet normal 0.96591 -0.258876 0
    outer loop
      vertex 18.4965 -6.95277 -2.5
      vertex 18.4243 -7.22216 -0.0499992
      vertex 18.4243 -7.22216 -2.5
    endloop
  endfacet
  facet normal -0.422581 -0.906325 0
    outer loop
      vertex 20.5472 -5.99649 -2.5
      vertex 20.8 -6.11436 -0.0499992
      vertex 20.5472 -5.99649 -0.0499992
    endloop
  endfacet
  facet normal -0.422581 -0.906325 -0
    outer loop
      vertex 20.8 -6.11436 -0.0499992
      vertex 20.5472 -5.99649 -2.5
      vertex 20.8 -6.11436 -2.5
    endloop
  endfacet
  facet normal 0.819269 -0.573409 0
    outer loop
      vertex 18.6144 -6.7 -0.0499992
      vertex 18.7743 -6.47154 -2.5
      vertex 18.7743 -6.47154 -0.0499992
    endloop
  endfacet
  facet normal 0.819269 -0.573409 0
    outer loop
      vertex 18.7743 -6.47154 -2.5
      vertex 18.6144 -6.7 -0.0499992
      vertex 18.6144 -6.7 -2.5
    endloop
  endfacet
  facet normal 0.819269 0.573409 0
    outer loop
      vertex 18.7743 -8.52846 -0.0499992
      vertex 18.6144 -8.3 -2.5
      vertex 18.6144 -8.3 -0.0499992
    endloop
  endfacet
  facet normal 0.819269 0.573409 0
    outer loop
      vertex 18.6144 -8.3 -2.5
      vertex 18.7743 -8.52846 -0.0499992
      vertex 18.7743 -8.52846 -2.5
    endloop
  endfacet
  facet normal -0.258801 0.965931 0
    outer loop
      vertex 20.5472 -9.00351 -2.5
      vertex 20.2778 -9.07569 -0.0499992
      vertex 20.5472 -9.00351 -0.0499992
    endloop
  endfacet
  facet normal -0.258801 0.965931 0
    outer loop
      vertex 20.2778 -9.07569 -0.0499992
      vertex 20.5472 -9.00351 -2.5
      vertex 20.2778 -9.07569 -2.5
    endloop
  endfacet
  facet normal -0.707125 -0.707089 0
    outer loop
      vertex 21.2257 -6.47154 -2.5
      vertex 21.0285 -6.27433 -0.0499992
      vertex 21.0285 -6.27433 -2.5
    endloop
  endfacet
  facet normal -0.707125 -0.707089 0
    outer loop
      vertex 21.0285 -6.27433 -0.0499992
      vertex 21.2257 -6.47154 -2.5
      vertex 21.2257 -6.47154 -0.0499992
    endloop
  endfacet
  facet normal -0.96591 0.258876 0
    outer loop
      vertex 21.5035 -8.04723 -2.5
      vertex 21.5757 -7.77784 -0.0499992
      vertex 21.5757 -7.77784 -2.5
    endloop
  endfacet
  facet normal -0.96591 0.258876 0
    outer loop
      vertex 21.5757 -7.77784 -0.0499992
      vertex 21.5035 -8.04723 -2.5
      vertex 21.5035 -8.04723 -0.0499992
    endloop
  endfacet
  facet normal -0.57351 -0.819198 0
    outer loop
      vertex 20.8 -6.11436 -2.5
      vertex 21.0285 -6.27433 -0.0499992
      vertex 20.8 -6.11436 -0.0499992
    endloop
  endfacet
  facet normal -0.57351 -0.819198 -0
    outer loop
      vertex 21.0285 -6.27433 -0.0499992
      vertex 20.8 -6.11436 -2.5
      vertex 21.0285 -6.27433 -2.5
    endloop
  endfacet
  facet normal 0.707125 0.707089 0
    outer loop
      vertex 18.9715 -8.72567 -0.0499992
      vertex 18.7743 -8.52846 -2.5
      vertex 18.7743 -8.52846 -0.0499992
    endloop
  endfacet
  facet normal 0.707125 0.707089 0
    outer loop
      vertex 18.7743 -8.52846 -2.5
      vertex 18.9715 -8.72567 -0.0499992
      vertex 18.9715 -8.72567 -2.5
    endloop
  endfacet
  facet normal 0.906265 -0.422711 0
    outer loop
      vertex 18.4965 -6.95277 -0.0499992
      vertex 18.6144 -6.7 -2.5
      vertex 18.6144 -6.7 -0.0499992
    endloop
  endfacet
  facet normal 0.906265 -0.422711 0
    outer loop
      vertex 18.6144 -6.7 -2.5
      vertex 18.4965 -6.95277 -0.0499992
      vertex 18.4965 -6.95277 -2.5
    endloop
  endfacet
  facet normal 0.57351 0.819198 -0
    outer loop
      vertex 19.2 -8.88564 -2.5
      vertex 18.9715 -8.72567 -0.0499992
      vertex 19.2 -8.88564 -0.0499992
    endloop
  endfacet
  facet normal 0.57351 0.819198 0
    outer loop
      vertex 18.9715 -8.72567 -0.0499992
      vertex 19.2 -8.88564 -2.5
      vertex 18.9715 -8.72567 -2.5
    endloop
  endfacet
  facet normal -0.0871758 0.996193 0
    outer loop
      vertex 20.2778 -9.07569 -2.5
      vertex 20 -9.1 -0.0499992
      vertex 20.2778 -9.07569 -0.0499992
    endloop
  endfacet
  facet normal -0.0871758 0.996193 0
    outer loop
      vertex 20 -9.1 -0.0499992
      vertex 20.2778 -9.07569 -2.5
      vertex 20 -9.1 -2.5
    endloop
  endfacet
  facet normal -0.0871758 -0.996193 0
    outer loop
      vertex 20 -5.9 -2.5
      vertex 20.2778 -5.92431 -0.0499992
      vertex 20 -5.9 -0.0499992
    endloop
  endfacet
  facet normal -0.0871758 -0.996193 -0
    outer loop
      vertex 20.2778 -5.92431 -0.0499992
      vertex 20 -5.9 -2.5
      vertex 20.2778 -5.92431 -2.5
    endloop
  endfacet
  facet normal 0.0871758 0.996193 -0
    outer loop
      vertex 20 -9.1 -2.5
      vertex 19.7222 -9.07569 -0.0499992
      vertex 20 -9.1 -0.0499992
    endloop
  endfacet
  facet normal 0.0871758 0.996193 0
    outer loop
      vertex 19.7222 -9.07569 -0.0499992
      vertex 20 -9.1 -2.5
      vertex 19.7222 -9.07569 -2.5
    endloop
  endfacet
  facet normal 0.258801 0.965931 -0
    outer loop
      vertex 19.7222 -9.07569 -2.5
      vertex 19.4528 -9.00351 -0.0499992
      vertex 19.7222 -9.07569 -0.0499992
    endloop
  endfacet
  facet normal 0.258801 0.965931 0
    outer loop
      vertex 19.4528 -9.00351 -0.0499992
      vertex 19.7222 -9.07569 -2.5
      vertex 19.4528 -9.00351 -2.5
    endloop
  endfacet
  facet normal 0.996197 -0.0871278 0
    outer loop
      vertex 18.4 -7.5 -0.0499992
      vertex 18.4243 -7.22216 -2.5
      vertex 18.4243 -7.22216 -0.0499992
    endloop
  endfacet
  facet normal 0.996197 -0.0871278 0
    outer loop
      vertex 18.4243 -7.22216 -2.5
      vertex 18.4 -7.5 -0.0499992
      vertex 18.4 -7.5 -2.5
    endloop
  endfacet
  facet normal 0.96591 0.258876 0
    outer loop
      vertex 18.4965 -8.04723 -0.0499992
      vertex 18.4243 -7.77784 -2.5
      vertex 18.4243 -7.77784 -0.0499992
    endloop
  endfacet
  facet normal 0.96591 0.258876 0
    outer loop
      vertex 18.4243 -7.77784 -2.5
      vertex 18.4965 -8.04723 -0.0499992
      vertex 18.4965 -8.04723 -2.5
    endloop
  endfacet
  facet normal 0.422581 0.906325 -0
    outer loop
      vertex 19.4528 -9.00351 -2.5
      vertex 19.2 -8.88564 -0.0499992
      vertex 19.4528 -9.00351 -0.0499992
    endloop
  endfacet
  facet normal 0.422581 0.906325 0
    outer loop
      vertex 19.2 -8.88564 -0.0499992
      vertex 19.4528 -9.00351 -2.5
      vertex 19.2 -8.88564 -2.5
    endloop
  endfacet
  facet normal 0 1 -0
    outer loop
      vertex -18.525 4.94523 -0.0499992
      vertex -21.475 4.94523 2.5
      vertex -18.525 4.94523 2.5
    endloop
  endfacet
  facet normal 0 1 0
    outer loop
      vertex -21.475 4.94523 2.5
      vertex -18.525 4.94523 -0.0499992
      vertex -21.475 4.94523 -0.0499992
    endloop
  endfacet
  facet normal -0.866025 0.500001 0
    outer loop
      vertex -18.525 4.94523 -0.0499992
      vertex -17.05 7.5 2.5
      vertex -17.05 7.5 -0.0499992
    endloop
  endfacet
  facet normal -0.866025 0.500001 0
    outer loop
      vertex -17.05 7.5 2.5
      vertex -18.525 4.94523 -0.0499992
      vertex -18.525 4.94523 2.5
    endloop
  endfacet
  facet normal 0 -1 0
    outer loop
      vertex -21.475 10.0548 -0.0499992
      vertex -18.525 10.0548 2.5
      vertex -21.475 10.0548 2.5
    endloop
  endfacet
  facet normal 0 -1 -0
    outer loop
      vertex -18.525 10.0548 2.5
      vertex -21.475 10.0548 -0.0499992
      vertex -18.525 10.0548 -0.0499992
    endloop
  endfacet
  facet normal -0.866028 -0.499996 0
    outer loop
      vertex -17.05 7.5 -0.0499992
      vertex -18.525 10.0548 2.5
      vertex -18.525 10.0548 -0.0499992
    endloop
  endfacet
  facet normal -0.866028 -0.499996 0
    outer loop
      vertex -18.525 10.0548 2.5
      vertex -17.05 7.5 -0.0499992
      vertex -17.05 7.5 2.5
    endloop
  endfacet
  facet normal 0.866028 -0.499996 0
    outer loop
      vertex -22.95 7.5 2.5
      vertex -21.475 10.0548 -0.0499992
      vertex -21.475 10.0548 2.5
    endloop
  endfacet
  facet normal 0.866028 -0.499996 0
    outer loop
      vertex -21.475 10.0548 -0.0499992
      vertex -22.95 7.5 2.5
      vertex -22.95 7.5 -0.0499992
    endloop
  endfacet
  facet normal 0.866025 0.500001 0
    outer loop
      vertex -21.475 4.94523 2.5
      vertex -22.95 7.5 -0.0499992
      vertex -22.95 7.5 2.5
    endloop
  endfacet
  facet normal 0.866025 0.500001 0
    outer loop
      vertex -22.95 7.5 -0.0499992
      vertex -21.475 4.94523 2.5
      vertex -21.475 4.94523 -0.0499992
    endloop
  endfacet
  facet normal 0 0 1
    outer loop
      vertex -17.05 7.5 -0.0499992
      vertex -18.4243 7.77784 -0.0499992
      vertex -18.4 7.5 -0.0499992
    endloop
  endfacet
  facet normal 0 0 1
    outer loop
      vertex -17.05 7.5 -0.0499992
      vertex -18.4965 8.04723 -0.0499992
      vertex -18.4243 7.77784 -0.0499992
    endloop
  endfacet
  facet normal -0 0 1
    outer loop
      vertex -18.6144 8.3 -0.0499992
      vertex -17.05 7.5 -0.0499992
      vertex -18.525 10.0548 -0.0499992
    endloop
  endfacet
  facet normal 0 0 1
    outer loop
      vertex -17.05 7.5 -0.0499992
      vertex -18.6144 8.3 -0.0499992
      vertex -18.4965 8.04723 -0.0499992
    endloop
  endfacet
  facet normal 0 0 1
    outer loop
      vertex -18.525 10.0548 -0.0499992
      vertex -18.7743 8.52846 -0.0499992
      vertex -18.6144 8.3 -0.0499992
    endloop
  endfacet
  facet normal 0 0 1
    outer loop
      vertex -18.525 10.0548 -0.0499992
      vertex -18.9715 8.72567 -0.0499992
      vertex -18.7743 8.52846 -0.0499992
    endloop
  endfacet
  facet normal 0 0 1
    outer loop
      vertex -18.525 10.0548 -0.0499992
      vertex -19.2 8.88564 -0.0499992
      vertex -18.9715 8.72567 -0.0499992
    endloop
  endfacet
  facet normal 0 0 1
    outer loop
      vertex -18.525 10.0548 -0.0499992
      vertex -19.4528 9.00351 -0.0499992
      vertex -19.2 8.88564 -0.0499992
    endloop
  endfacet
  facet normal 0 0 1
    outer loop
      vertex -18.525 10.0548 -0.0499992
      vertex -19.7222 9.07569 -0.0499992
      vertex -19.4528 9.00351 -0.0499992
    endloop
  endfacet
  facet normal 0 0 1
    outer loop
      vertex -18.525 10.0548 -0.0499992
      vertex -20 9.1 -0.0499992
      vertex -19.7222 9.07569 -0.0499992
    endloop
  endfacet
  facet normal -0 0 1
    outer loop
      vertex -21.475 10.0548 -0.0499992
      vertex -20 9.1 -0.0499992
      vertex -18.525 10.0548 -0.0499992
    endloop
  endfacet
  facet normal 0 0 1
    outer loop
      vertex -20 9.1 -0.0499992
      vertex -21.475 10.0548 -0.0499992
      vertex -20.2778 9.07569 -0.0499992
    endloop
  endfacet
  facet normal 0 0 1
    outer loop
      vertex -20.2778 9.07569 -0.0499992
      vertex -21.475 10.0548 -0.0499992
      vertex -20.5472 9.00351 -0.0499992
    endloop
  endfacet
  facet normal 0 0 1
    outer loop
      vertex -20.5472 9.00351 -0.0499992
      vertex -21.475 10.0548 -0.0499992
      vertex -20.8 8.88564 -0.0499992
    endloop
  endfacet
  facet normal 0 0 1
    outer loop
      vertex -21.475 10.0548 -0.0499992
      vertex -21.0285 8.72567 -0.0499992
      vertex -20.8 8.88564 -0.0499992
    endloop
  endfacet
  facet normal 0 0 1
    outer loop
      vertex -21.475 10.0548 -0.0499992
      vertex -21.2257 8.52846 -0.0499992
      vertex -21.0285 8.72567 -0.0499992
    endloop
  endfacet
  facet normal 0 0 1
    outer loop
      vertex -21.475 10.0548 -0.0499992
      vertex -21.3856 8.3 -0.0499992
      vertex -21.2257 8.52846 -0.0499992
    endloop
  endfacet
  facet normal 0 0 1
    outer loop
      vertex -22.95 7.5 -0.0499992
      vertex -21.3856 8.3 -0.0499992
      vertex -21.475 10.0548 -0.0499992
    endloop
  endfacet
  facet normal 0 0 1
    outer loop
      vertex -21.3856 8.3 -0.0499992
      vertex -22.95 7.5 -0.0499992
      vertex -21.5035 8.04723 -0.0499992
    endloop
  endfacet
  facet normal 0 0 1
    outer loop
      vertex -21.5035 8.04723 -0.0499992
      vertex -22.95 7.5 -0.0499992
      vertex -21.5757 7.77784 -0.0499992
    endloop
  endfacet
  facet normal 0 0 1
    outer loop
      vertex -21.5757 7.77784 -0.0499992
      vertex -22.95 7.5 -0.0499992
      vertex -21.6 7.5 -0.0499992
    endloop
  endfacet
  facet normal 0 0 1
    outer loop
      vertex -18.4243 7.22216 -0.0499992
      vertex -17.05 7.5 -0.0499992
      vertex -18.4 7.5 -0.0499992
    endloop
  endfacet
  facet normal 0 0 1
    outer loop
      vertex -18.4965 6.95277 -0.0499992
      vertex -17.05 7.5 -0.0499992
      vertex -18.4243 7.22216 -0.0499992
    endloop
  endfacet
  facet normal 0 0 1
    outer loop
      vertex -18.6144 6.7 -0.0499992
      vertex -17.05 7.5 -0.0499992
      vertex -18.4965 6.95277 -0.0499992
    endloop
  endfacet
  facet normal 0 0 1
    outer loop
      vertex -17.05 7.5 -0.0499992
      vertex -18.6144 6.7 -0.0499992
      vertex -18.525 4.94523 -0.0499992
    endloop
  endfacet
  facet normal -0 0 1
    outer loop
      vertex -18.7743 6.47154 -0.0499992
      vertex -18.525 4.94523 -0.0499992
      vertex -18.6144 6.7 -0.0499992
    endloop
  endfacet
  facet normal -0 0 1
    outer loop
      vertex -18.9715 6.27433 -0.0499992
      vertex -18.525 4.94523 -0.0499992
      vertex -18.7743 6.47154 -0.0499992
    endloop
  endfacet
  facet normal -0 0 1
    outer loop
      vertex -19.2 6.11436 -0.0499992
      vertex -18.525 4.94523 -0.0499992
      vertex -18.9715 6.27433 -0.0499992
    endloop
  endfacet
  facet normal -0 0 1
    outer loop
      vertex -19.4528 5.99649 -0.0499992
      vertex -18.525 4.94523 -0.0499992
      vertex -19.2 6.11436 -0.0499992
    endloop
  endfacet
  facet normal -0 0 1
    outer loop
      vertex -19.7222 5.92431 -0.0499992
      vertex -18.525 4.94523 -0.0499992
      vertex -19.4528 5.99649 -0.0499992
    endloop
  endfacet
  facet normal -0 0 1
    outer loop
      vertex -20 5.9 -0.0499992
      vertex -18.525 4.94523 -0.0499992
      vertex -19.7222 5.92431 -0.0499992
    endloop
  endfacet
  facet normal 0 0 1
    outer loop
      vertex -21.475 4.94523 -0.0499992
      vertex -20 5.9 -0.0499992
      vertex -20.2778 5.92431 -0.0499992
    endloop
  endfacet
  facet normal 0 0 1
    outer loop
      vertex -21.475 4.94523 -0.0499992
      vertex -20.2778 5.92431 -0.0499992
      vertex -20.5472 5.99649 -0.0499992
    endloop
  endfacet
  facet normal 0 0 1
    outer loop
      vertex -21.475 4.94523 -0.0499992
      vertex -20.5472 5.99649 -0.0499992
      vertex -20.8 6.11436 -0.0499992
    endloop
  endfacet
  facet normal 0 0 1
    outer loop
      vertex -20 5.9 -0.0499992
      vertex -21.475 4.94523 -0.0499992
      vertex -18.525 4.94523 -0.0499992
    endloop
  endfacet
  facet normal 0 0 1
    outer loop
      vertex -21.0285 6.27433 -0.0499992
      vertex -21.475 4.94523 -0.0499992
      vertex -20.8 6.11436 -0.0499992
    endloop
  endfacet
  facet normal 0 0 1
    outer loop
      vertex -21.2257 6.47154 -0.0499992
      vertex -21.475 4.94523 -0.0499992
      vertex -21.0285 6.27433 -0.0499992
    endloop
  endfacet
  facet normal 0 0 1
    outer loop
      vertex -21.3856 6.7 -0.0499992
      vertex -21.475 4.94523 -0.0499992
      vertex -21.2257 6.47154 -0.0499992
    endloop
  endfacet
  facet normal 0 0 1
    outer loop
      vertex -22.95 7.5 -0.0499992
      vertex -21.3856 6.7 -0.0499992
      vertex -21.5035 6.95277 -0.0499992
    endloop
  endfacet
  facet normal 0 0 1
    outer loop
      vertex -22.95 7.5 -0.0499992
      vertex -21.5035 6.95277 -0.0499992
      vertex -21.5757 7.22216 -0.0499992
    endloop
  endfacet
  facet normal -0 0 1
    outer loop
      vertex -22.95 7.5 -0.0499992
      vertex -21.5757 7.22216 -0.0499992
      vertex -21.6 7.5 -0.0499992
    endloop
  endfacet
  facet normal 0 0 1
    outer loop
      vertex -21.3856 6.7 -0.0499992
      vertex -22.95 7.5 -0.0499992
      vertex -21.475 4.94523 -0.0499992
    endloop
  endfacet
  facet normal 0.258801 -0.965931 0
    outer loop
      vertex -20.5472 9.00351 -2.5
      vertex -20.2778 9.07569 -0.0499992
      vertex -20.5472 9.00351 -0.0499992
    endloop
  endfacet
  facet normal 0.258801 -0.965931 0
    outer loop
      vertex -20.2778 9.07569 -0.0499992
      vertex -20.5472 9.00351 -2.5
      vertex -20.2778 9.07569 -2.5
    endloop
  endfacet
  facet normal -0.96591 -0.258876 0
    outer loop
      vertex -18.4243 7.77784 -2.5
      vertex -18.4965 8.04723 -0.0499992
      vertex -18.4965 8.04723 -2.5
    endloop
  endfacet
  facet normal -0.96591 -0.258876 0
    outer loop
      vertex -18.4965 8.04723 -0.0499992
      vertex -18.4243 7.77784 -2.5
      vertex -18.4243 7.77784 -0.0499992
    endloop
  endfacet
  facet normal -0.996197 -0.0871278 0
    outer loop
      vertex -18.4 7.5 -2.5
      vertex -18.4243 7.77784 -0.0499992
      vertex -18.4243 7.77784 -2.5
    endloop
  endfacet
  facet normal -0.996197 -0.0871278 0
    outer loop
      vertex -18.4243 7.77784 -0.0499992
      vertex -18.4 7.5 -2.5
      vertex -18.4 7.5 -0.0499992
    endloop
  endfacet
  facet normal -0.906265 -0.422711 0
    outer loop
      vertex -18.4965 8.04723 -2.5
      vertex -18.6144 8.3 -0.0499992
      vertex -18.6144 8.3 -2.5
    endloop
  endfacet
  facet normal -0.906265 -0.422711 0
    outer loop
      vertex -18.6144 8.3 -0.0499992
      vertex -18.4965 8.04723 -2.5
      vertex -18.4965 8.04723 -0.0499992
    endloop
  endfacet
  facet normal 0.906265 0.422711 0
    outer loop
      vertex -21.3856 6.7 -0.0499992
      vertex -21.5035 6.95277 -2.5
      vertex -21.5035 6.95277 -0.0499992
    endloop
  endfacet
  facet normal 0.906265 0.422711 0
    outer loop
      vertex -21.5035 6.95277 -2.5
      vertex -21.3856 6.7 -0.0499992
      vertex -21.3856 6.7 -2.5
    endloop
  endfacet
  facet normal -0.906265 0.422711 0
    outer loop
      vertex -18.6144 6.7 -2.5
      vertex -18.4965 6.95277 -0.0499992
      vertex -18.4965 6.95277 -2.5
    endloop
  endfacet
  facet normal -0.906265 0.422711 0
    outer loop
      vertex -18.4965 6.95277 -0.0499992
      vertex -18.6144 6.7 -2.5
      vertex -18.6144 6.7 -0.0499992
    endloop
  endfacet
  facet normal -0.819269 0.573409 0
    outer loop
      vertex -18.7743 6.47154 -2.5
      vertex -18.6144 6.7 -0.0499992
      vertex -18.6144 6.7 -2.5
    endloop
  endfacet
  facet normal -0.819269 0.573409 0
    outer loop
      vertex -18.6144 6.7 -0.0499992
      vertex -18.7743 6.47154 -2.5
      vertex -18.7743 6.47154 -0.0499992
    endloop
  endfacet
  facet normal -0.996197 0.0871278 0
    outer loop
      vertex -18.4243 7.22216 -2.5
      vertex -18.4 7.5 -0.0499992
      vertex -18.4 7.5 -2.5
    endloop
  endfacet
  facet normal -0.996197 0.0871278 0
    outer loop
      vertex -18.4 7.5 -0.0499992
      vertex -18.4243 7.22216 -2.5
      vertex -18.4243 7.22216 -0.0499992
    endloop
  endfacet
  facet normal -0.819269 -0.573409 0
    outer loop
      vertex -18.6144 8.3 -2.5
      vertex -18.7743 8.52846 -0.0499992
      vertex -18.7743 8.52846 -2.5
    endloop
  endfacet
  facet normal -0.819269 -0.573409 0
    outer loop
      vertex -18.7743 8.52846 -0.0499992
      vertex -18.6144 8.3 -2.5
      vertex -18.6144 8.3 -0.0499992
    endloop
  endfacet
  facet normal -0.707125 0.707089 0
    outer loop
      vertex -18.9715 6.27433 -2.5
      vertex -18.7743 6.47154 -0.0499992
      vertex -18.7743 6.47154 -2.5
    endloop
  endfacet
  facet normal -0.707125 0.707089 0
    outer loop
      vertex -18.7743 6.47154 -0.0499992
      vertex -18.9715 6.27433 -2.5
      vertex -18.9715 6.27433 -0.0499992
    endloop
  endfacet
  facet normal 0.707125 -0.707089 0
    outer loop
      vertex -21.2257 8.52846 -0.0499992
      vertex -21.0285 8.72567 -2.5
      vertex -21.0285 8.72567 -0.0499992
    endloop
  endfacet
  facet normal 0.707125 -0.707089 0
    outer loop
      vertex -21.0285 8.72567 -2.5
      vertex -21.2257 8.52846 -0.0499992
      vertex -21.2257 8.52846 -2.5
    endloop
  endfacet
  facet normal 0.0871758 -0.996193 0
    outer loop
      vertex -20.2778 9.07569 -2.5
      vertex -20 9.1 -0.0499992
      vertex -20.2778 9.07569 -0.0499992
    endloop
  endfacet
  facet normal 0.0871758 -0.996193 0
    outer loop
      vertex -20 9.1 -0.0499992
      vertex -20.2778 9.07569 -2.5
      vertex -20 9.1 -2.5
    endloop
  endfacet
  facet normal 0.57351 -0.819198 0
    outer loop
      vertex -21.0285 8.72567 -2.5
      vertex -20.8 8.88564 -0.0499992
      vertex -21.0285 8.72567 -0.0499992
    endloop
  endfacet
  facet normal 0.57351 -0.819198 0
    outer loop
      vertex -20.8 8.88564 -0.0499992
      vertex -21.0285 8.72567 -2.5
      vertex -20.8 8.88564 -2.5
    endloop
  endfacet
  facet normal 0.422581 -0.906325 0
    outer loop
      vertex -20.8 8.88564 -2.5
      vertex -20.5472 9.00351 -0.0499992
      vertex -20.8 8.88564 -0.0499992
    endloop
  endfacet
  facet normal 0.422581 -0.906325 0
    outer loop
      vertex -20.5472 9.00351 -0.0499992
      vertex -20.8 8.88564 -2.5
      vertex -20.5472 9.00351 -2.5
    endloop
  endfacet
  facet normal -0.422581 0.906325 0
    outer loop
      vertex -19.2 6.11436 -2.5
      vertex -19.4528 5.99649 -0.0499992
      vertex -19.2 6.11436 -0.0499992
    endloop
  endfacet
  facet normal -0.422581 0.906325 0
    outer loop
      vertex -19.4528 5.99649 -0.0499992
      vertex -19.2 6.11436 -2.5
      vertex -19.4528 5.99649 -2.5
    endloop
  endfacet
  facet normal 0.996197 0.0871278 0
    outer loop
      vertex -21.5757 7.22216 -0.0499992
      vertex -21.6 7.5 -2.5
      vertex -21.6 7.5 -0.0499992
    endloop
  endfacet
  facet normal 0.996197 0.0871278 0
    outer loop
      vertex -21.6 7.5 -2.5
      vertex -21.5757 7.22216 -0.0499992
      vertex -21.5757 7.22216 -2.5
    endloop
  endfacet
  facet normal -0.258801 -0.965931 0
    outer loop
      vertex -19.7222 9.07569 -2.5
      vertex -19.4528 9.00351 -0.0499992
      vertex -19.7222 9.07569 -0.0499992
    endloop
  endfacet
  facet normal -0.258801 -0.965931 -0
    outer loop
      vertex -19.4528 9.00351 -0.0499992
      vertex -19.7222 9.07569 -2.5
      vertex -19.4528 9.00351 -2.5
    endloop
  endfacet
  facet normal -0.57351 0.819198 0
    outer loop
      vertex -18.9715 6.27433 -2.5
      vertex -19.2 6.11436 -0.0499992
      vertex -18.9715 6.27433 -0.0499992
    endloop
  endfacet
  facet normal -0.57351 0.819198 0
    outer loop
      vertex -19.2 6.11436 -0.0499992
      vertex -18.9715 6.27433 -2.5
      vertex -19.2 6.11436 -2.5
    endloop
  endfacet
  facet normal 0.96591 -0.258876 0
    outer loop
      vertex -21.5757 7.77784 -0.0499992
      vertex -21.5035 8.04723 -2.5
      vertex -21.5035 8.04723 -0.0499992
    endloop
  endfacet
  facet normal 0.96591 -0.258876 0
    outer loop
      vertex -21.5035 8.04723 -2.5
      vertex -21.5757 7.77784 -0.0499992
      vertex -21.5757 7.77784 -2.5
    endloop
  endfacet
  facet normal -0.422581 -0.906325 0
    outer loop
      vertex -19.4528 9.00351 -2.5
      vertex -19.2 8.88564 -0.0499992
      vertex -19.4528 9.00351 -0.0499992
    endloop
  endfacet
  facet normal -0.422581 -0.906325 -0
    outer loop
      vertex -19.2 8.88564 -0.0499992
      vertex -19.4528 9.00351 -2.5
      vertex -19.2 8.88564 -2.5
    endloop
  endfacet
  facet normal 0.819269 -0.573409 0
    outer loop
      vertex -21.3856 8.3 -0.0499992
      vertex -21.2257 8.52846 -2.5
      vertex -21.2257 8.52846 -0.0499992
    endloop
  endfacet
  facet normal 0.819269 -0.573409 0
    outer loop
      vertex -21.2257 8.52846 -2.5
      vertex -21.3856 8.3 -0.0499992
      vertex -21.3856 8.3 -2.5
    endloop
  endfacet
  facet normal 0.819269 0.573409 0
    outer loop
      vertex -21.2257 6.47154 -0.0499992
      vertex -21.3856 6.7 -2.5
      vertex -21.3856 6.7 -0.0499992
    endloop
  endfacet
  facet normal 0.819269 0.573409 0
    outer loop
      vertex -21.3856 6.7 -2.5
      vertex -21.2257 6.47154 -0.0499992
      vertex -21.2257 6.47154 -2.5
    endloop
  endfacet
  facet normal -0.258801 0.965931 0
    outer loop
      vertex -19.4528 5.99649 -2.5
      vertex -19.7222 5.92431 -0.0499992
      vertex -19.4528 5.99649 -0.0499992
    endloop
  endfacet
  facet normal -0.258801 0.965931 0
    outer loop
      vertex -19.7222 5.92431 -0.0499992
      vertex -19.4528 5.99649 -2.5
      vertex -19.7222 5.92431 -2.5
    endloop
  endfacet
  facet normal -0.707125 -0.707089 0
    outer loop
      vertex -18.7743 8.52846 -2.5
      vertex -18.9715 8.72567 -0.0499992
      vertex -18.9715 8.72567 -2.5
    endloop
  endfacet
  facet normal -0.707125 -0.707089 0
    outer loop
      vertex -18.9715 8.72567 -0.0499992
      vertex -18.7743 8.52846 -2.5
      vertex -18.7743 8.52846 -0.0499992
    endloop
  endfacet
  facet normal -0.96591 0.258876 0
    outer loop
      vertex -18.4965 6.95277 -2.5
      vertex -18.4243 7.22216 -0.0499992
      vertex -18.4243 7.22216 -2.5
    endloop
  endfacet
  facet normal -0.96591 0.258876 0
    outer loop
      vertex -18.4243 7.22216 -0.0499992
      vertex -18.4965 6.95277 -2.5
      vertex -18.4965 6.95277 -0.0499992
    endloop
  endfacet
  facet normal -0.57351 -0.819198 0
    outer loop
      vertex -19.2 8.88564 -2.5
      vertex -18.9715 8.72567 -0.0499992
      vertex -19.2 8.88564 -0.0499992
    endloop
  endfacet
  facet normal -0.57351 -0.819198 -0
    outer loop
      vertex -18.9715 8.72567 -0.0499992
      vertex -19.2 8.88564 -2.5
      vertex -18.9715 8.72567 -2.5
    endloop
  endfacet
  facet normal 0.707125 0.707089 0
    outer loop
      vertex -21.0285 6.27433 -0.0499992
      vertex -21.2257 6.47154 -2.5
      vertex -21.2257 6.47154 -0.0499992
    endloop
  endfacet
  facet normal 0.707125 0.707089 0
    outer loop
      vertex -21.2257 6.47154 -2.5
      vertex -21.0285 6.27433 -0.0499992
      vertex -21.0285 6.27433 -2.5
    endloop
  endfacet
  facet normal 0.906265 -0.422711 0
    outer loop
      vertex -21.5035 8.04723 -0.0499992
      vertex -21.3856 8.3 -2.5
      vertex -21.3856 8.3 -0.0499992
    endloop
  endfacet
  facet normal 0.906265 -0.422711 0
    outer loop
      vertex -21.3856 8.3 -2.5
      vertex -21.5035 8.04723 -0.0499992
      vertex -21.5035 8.04723 -2.5
    endloop
  endfacet
  facet normal 0.57351 0.819198 -0
    outer loop
      vertex -20.8 6.11436 -2.5
      vertex -21.0285 6.27433 -0.0499992
      vertex -20.8 6.11436 -0.0499992
    endloop
  endfacet
  facet normal 0.57351 0.819198 0
    outer loop
      vertex -21.0285 6.27433 -0.0499992
      vertex -20.8 6.11436 -2.5
      vertex -21.0285 6.27433 -2.5
    endloop
  endfacet
  facet normal -0.0871758 0.996193 0
    outer loop
      vertex -19.7222 5.92431 -2.5
      vertex -20 5.9 -0.0499992
      vertex -19.7222 5.92431 -0.0499992
    endloop
  endfacet
  facet normal -0.0871758 0.996193 0
    outer loop
      vertex -20 5.9 -0.0499992
      vertex -19.7222 5.92431 -2.5
      vertex -20 5.9 -2.5
    endloop
  endfacet
  facet normal -0.0871758 -0.996193 0
    outer loop
      vertex -20 9.1 -2.5
      vertex -19.7222 9.07569 -0.0499992
      vertex -20 9.1 -0.0499992
    endloop
  endfacet
  facet normal -0.0871758 -0.996193 -0
    outer loop
      vertex -19.7222 9.07569 -0.0499992
      vertex -20 9.1 -2.5
      vertex -19.7222 9.07569 -2.5
    endloop
  endfacet
  facet normal 0.0871758 0.996193 -0
    outer loop
      vertex -20 5.9 -2.5
      vertex -20.2778 5.92431 -0.0499992
      vertex -20 5.9 -0.0499992
    endloop
  endfacet
  facet normal 0.0871758 0.996193 0
    outer loop
      vertex -20.2778 5.92431 -0.0499992
      vertex -20 5.9 -2.5
      vertex -20.2778 5.92431 -2.5
    endloop
  endfacet
  facet normal 0.258801 0.965931 -0
    outer loop
      vertex -20.2778 5.92431 -2.5
      vertex -20.5472 5.99649 -0.0499992
      vertex -20.2778 5.92431 -0.0499992
    endloop
  endfacet
  facet normal 0.258801 0.965931 0
    outer loop
      vertex -20.5472 5.99649 -0.0499992
      vertex -20.2778 5.92431 -2.5
      vertex -20.5472 5.99649 -2.5
    endloop
  endfacet
  facet normal 0.996197 -0.0871278 0
    outer loop
      vertex -21.6 7.5 -0.0499992
      vertex -21.5757 7.77784 -2.5
      vertex -21.5757 7.77784 -0.0499992
    endloop
  endfacet
  facet normal 0.996197 -0.0871278 0
    outer loop
      vertex -21.5757 7.77784 -2.5
      vertex -21.6 7.5 -0.0499992
      vertex -21.6 7.5 -2.5
    endloop
  endfacet
  facet normal 0.96591 0.258876 0
    outer loop
      vertex -21.5035 6.95277 -0.0499992
      vertex -21.5757 7.22216 -2.5
      vertex -21.5757 7.22216 -0.0499992
    endloop
  endfacet
  facet normal 0.96591 0.258876 0
    outer loop
      vertex -21.5757 7.22216 -2.5
      vertex -21.5035 6.95277 -0.0499992
      vertex -21.5035 6.95277 -2.5
    endloop
  endfacet
  facet normal 0.422581 0.906325 -0
    outer loop
      vertex -20.5472 5.99649 -2.5
      vertex -20.8 6.11436 -0.0499992
      vertex -20.5472 5.99649 -0.0499992
    endloop
  endfacet
  facet normal 0.422581 0.906325 0
    outer loop
      vertex -20.8 6.11436 -0.0499992
      vertex -20.5472 5.99649 -2.5
      vertex -20.8 6.11436 -2.5
    endloop
  endfacet
  facet normal 0 1 -0
    outer loop
      vertex -18.525 -10.0548 -0.0499992
      vertex -21.475 -10.0548 2.5
      vertex -18.525 -10.0548 2.5
    endloop
  endfacet
  facet normal 0 1 0
    outer loop
      vertex -21.475 -10.0548 2.5
      vertex -18.525 -10.0548 -0.0499992
      vertex -21.475 -10.0548 -0.0499992
    endloop
  endfacet
  facet normal -0.866028 0.499996 0
    outer loop
      vertex -18.525 -10.0548 -0.0499992
      vertex -17.05 -7.5 2.5
      vertex -17.05 -7.5 -0.0499992
    endloop
  endfacet
  facet normal -0.866028 0.499996 0
    outer loop
      vertex -17.05 -7.5 2.5
      vertex -18.525 -10.0548 -0.0499992
      vertex -18.525 -10.0548 2.5
    endloop
  endfacet
  facet normal 0 -1 0
    outer loop
      vertex -21.475 -4.94523 -0.0499992
      vertex -18.525 -4.94523 2.5
      vertex -21.475 -4.94523 2.5
    endloop
  endfacet
  facet normal 0 -1 -0
    outer loop
      vertex -18.525 -4.94523 2.5
      vertex -21.475 -4.94523 -0.0499992
      vertex -18.525 -4.94523 -0.0499992
    endloop
  endfacet
  facet normal -0.866025 -0.500001 0
    outer loop
      vertex -17.05 -7.5 -0.0499992
      vertex -18.525 -4.94523 2.5
      vertex -18.525 -4.94523 -0.0499992
    endloop
  endfacet
  facet normal -0.866025 -0.500001 0
    outer loop
      vertex -18.525 -4.94523 2.5
      vertex -17.05 -7.5 -0.0499992
      vertex -17.05 -7.5 2.5
    endloop
  endfacet
  facet normal 0.866025 -0.500001 0
    outer loop
      vertex -22.95 -7.5 2.5
      vertex -21.475 -4.94523 -0.0499992
      vertex -21.475 -4.94523 2.5
    endloop
  endfacet
  facet normal 0.866025 -0.500001 0
    outer loop
      vertex -21.475 -4.94523 -0.0499992
      vertex -22.95 -7.5 2.5
      vertex -22.95 -7.5 -0.0499992
    endloop
  endfacet
  facet normal 0.866028 0.499996 0
    outer loop
      vertex -21.475 -10.0548 2.5
      vertex -22.95 -7.5 -0.0499992
      vertex -22.95 -7.5 2.5
    endloop
  endfacet
  facet normal 0.866028 0.499996 0
    outer loop
      vertex -22.95 -7.5 -0.0499992
      vertex -21.475 -10.0548 2.5
      vertex -21.475 -10.0548 -0.0499992
    endloop
  endfacet
  facet normal 0 0 1
    outer loop
      vertex -17.05 -7.5 -0.0499992
      vertex -18.4243 -7.22216 -0.0499992
      vertex -18.4 -7.5 -0.0499992
    endloop
  endfacet
  facet normal 0 0 1
    outer loop
      vertex -17.05 -7.5 -0.0499992
      vertex -18.4965 -6.95277 -0.0499992
      vertex -18.4243 -7.22216 -0.0499992
    endloop
  endfacet
  facet normal -0 0 1
    outer loop
      vertex -18.6144 -6.7 -0.0499992
      vertex -17.05 -7.5 -0.0499992
      vertex -18.525 -4.94523 -0.0499992
    endloop
  endfacet
  facet normal 0 0 1
    outer loop
      vertex -17.05 -7.5 -0.0499992
      vertex -18.6144 -6.7 -0.0499992
      vertex -18.4965 -6.95277 -0.0499992
    endloop
  endfacet
  facet normal 0 0 1
    outer loop
      vertex -18.525 -4.94523 -0.0499992
      vertex -18.7743 -6.47154 -0.0499992
      vertex -18.6144 -6.7 -0.0499992
    endloop
  endfacet
  facet normal 0 0 1
    outer loop
      vertex -18.525 -4.94523 -0.0499992
      vertex -18.9715 -6.27433 -0.0499992
      vertex -18.7743 -6.47154 -0.0499992
    endloop
  endfacet
  facet normal 0 0 1
    outer loop
      vertex -18.525 -4.94523 -0.0499992
      vertex -19.2 -6.11436 -0.0499992
      vertex -18.9715 -6.27433 -0.0499992
    endloop
  endfacet
  facet normal 0 0 1
    outer loop
      vertex -18.525 -4.94523 -0.0499992
      vertex -19.4528 -5.99649 -0.0499992
      vertex -19.2 -6.11436 -0.0499992
    endloop
  endfacet
  facet normal 0 0 1
    outer loop
      vertex -18.525 -4.94523 -0.0499992
      vertex -19.7222 -5.92431 -0.0499992
      vertex -19.4528 -5.99649 -0.0499992
    endloop
  endfacet
  facet normal 0 0 1
    outer loop
      vertex -18.525 -4.94523 -0.0499992
      vertex -20 -5.9 -0.0499992
      vertex -19.7222 -5.92431 -0.0499992
    endloop
  endfacet
  facet normal -0 0 1
    outer loop
      vertex -21.475 -4.94523 -0.0499992
      vertex -20 -5.9 -0.0499992
      vertex -18.525 -4.94523 -0.0499992
    endloop
  endfacet
  facet normal 0 0 1
    outer loop
      vertex -20 -5.9 -0.0499992
      vertex -21.475 -4.94523 -0.0499992
      vertex -20.2778 -5.92431 -0.0499992
    endloop
  endfacet
  facet normal 0 0 1
    outer loop
      vertex -20.2778 -5.92431 -0.0499992
      vertex -21.475 -4.94523 -0.0499992
      vertex -20.5472 -5.99649 -0.0499992
    endloop
  endfacet
  facet normal 0 0 1
    outer loop
      vertex -20.5472 -5.99649 -0.0499992
      vertex -21.475 -4.94523 -0.0499992
      vertex -20.8 -6.11436 -0.0499992
    endloop
  endfacet
  facet normal 0 0 1
    outer loop
      vertex -21.475 -4.94523 -0.0499992
      vertex -21.0285 -6.27433 -0.0499992
      vertex -20.8 -6.11436 -0.0499992
    endloop
  endfacet
  facet normal 0 0 1
    outer loop
      vertex -21.475 -4.94523 -0.0499992
      vertex -21.2257 -6.47154 -0.0499992
      vertex -21.0285 -6.27433 -0.0499992
    endloop
  endfacet
  facet normal 0 0 1
    outer loop
      vertex -21.475 -4.94523 -0.0499992
      vertex -21.3856 -6.7 -0.0499992
      vertex -21.2257 -6.47154 -0.0499992
    endloop
  endfacet
  facet normal 0 0 1
    outer loop
      vertex -22.95 -7.5 -0.0499992
      vertex -21.3856 -6.7 -0.0499992
      vertex -21.475 -4.94523 -0.0499992
    endloop
  endfacet
  facet normal 0 0 1
    outer loop
      vertex -21.3856 -6.7 -0.0499992
      vertex -22.95 -7.5 -0.0499992
      vertex -21.5035 -6.95277 -0.0499992
    endloop
  endfacet
  facet normal 0 0 1
    outer loop
      vertex -21.5035 -6.95277 -0.0499992
      vertex -22.95 -7.5 -0.0499992
      vertex -21.5757 -7.22216 -0.0499992
    endloop
  endfacet
  facet normal 0 0 1
    outer loop
      vertex -21.5757 -7.22216 -0.0499992
      vertex -22.95 -7.5 -0.0499992
      vertex -21.6 -7.5 -0.0499992
    endloop
  endfacet
  facet normal 0 0 1
    outer loop
      vertex -18.4243 -7.77784 -0.0499992
      vertex -17.05 -7.5 -0.0499992
      vertex -18.4 -7.5 -0.0499992
    endloop
  endfacet
  facet normal 0 0 1
    outer loop
      vertex -18.4965 -8.04723 -0.0499992
      vertex -17.05 -7.5 -0.0499992
      vertex -18.4243 -7.77784 -0.0499992
    endloop
  endfacet
  facet normal 0 0 1
    outer loop
      vertex -18.6144 -8.3 -0.0499992
      vertex -17.05 -7.5 -0.0499992
      vertex -18.4965 -8.04723 -0.0499992
    endloop
  endfacet
  facet normal 0 0 1
    outer loop
      vertex -17.05 -7.5 -0.0499992
      vertex -18.6144 -8.3 -0.0499992
      vertex -18.525 -10.0548 -0.0499992
    endloop
  endfacet
  facet normal -0 0 1
    outer loop
      vertex -18.7743 -8.52846 -0.0499992
      vertex -18.525 -10.0548 -0.0499992
      vertex -18.6144 -8.3 -0.0499992
    endloop
  endfacet
  facet normal -0 0 1
    outer loop
      vertex -18.9715 -8.72567 -0.0499992
      vertex -18.525 -10.0548 -0.0499992
      vertex -18.7743 -8.52846 -0.0499992
    endloop
  endfacet
  facet normal -0 0 1
    outer loop
      vertex -19.2 -8.88564 -0.0499992
      vertex -18.525 -10.0548 -0.0499992
      vertex -18.9715 -8.72567 -0.0499992
    endloop
  endfacet
  facet normal -0 0 1
    outer loop
      vertex -19.4528 -9.00351 -0.0499992
      vertex -18.525 -10.0548 -0.0499992
      vertex -19.2 -8.88564 -0.0499992
    endloop
  endfacet
  facet normal -0 0 1
    outer loop
      vertex -19.7222 -9.07569 -0.0499992
      vertex -18.525 -10.0548 -0.0499992
      vertex -19.4528 -9.00351 -0.0499992
    endloop
  endfacet
  facet normal -0 0 1
    outer loop
      vertex -20 -9.1 -0.0499992
      vertex -18.525 -10.0548 -0.0499992
      vertex -19.7222 -9.07569 -0.0499992
    endloop
  endfacet
  facet normal 0 0 1
    outer loop
      vertex -21.475 -10.0548 -0.0499992
      vertex -20 -9.1 -0.0499992
      vertex -20.2778 -9.07569 -0.0499992
    endloop
  endfacet
  facet normal 0 0 1
    outer loop
      vertex -21.475 -10.0548 -0.0499992
      vertex -20.2778 -9.07569 -0.0499992
      vertex -20.5472 -9.00351 -0.0499992
    endloop
  endfacet
  facet normal 0 0 1
    outer loop
      vertex -21.475 -10.0548 -0.0499992
      vertex -20.5472 -9.00351 -0.0499992
      vertex -20.8 -8.88564 -0.0499992
    endloop
  endfacet
  facet normal 0 0 1
    outer loop
      vertex -20 -9.1 -0.0499992
      vertex -21.475 -10.0548 -0.0499992
      vertex -18.525 -10.0548 -0.0499992
    endloop
  endfacet
  facet normal 0 0 1
    outer loop
      vertex -21.0285 -8.72567 -0.0499992
      vertex -21.475 -10.0548 -0.0499992
      vertex -20.8 -8.88564 -0.0499992
    endloop
  endfacet
  facet normal 0 0 1
    outer loop
      vertex -21.2257 -8.52846 -0.0499992
      vertex -21.475 -10.0548 -0.0499992
      vertex -21.0285 -8.72567 -0.0499992
    endloop
  endfacet
  facet normal 0 0 1
    outer loop
      vertex -21.3856 -8.3 -0.0499992
      vertex -21.475 -10.0548 -0.0499992
      vertex -21.2257 -8.52846 -0.0499992
    endloop
  endfacet
  facet normal 0 0 1
    outer loop
      vertex -22.95 -7.5 -0.0499992
      vertex -21.3856 -8.3 -0.0499992
      vertex -21.5035 -8.04723 -0.0499992
    endloop
  endfacet
  facet normal 0 0 1
    outer loop
      vertex -22.95 -7.5 -0.0499992
      vertex -21.5035 -8.04723 -0.0499992
      vertex -21.5757 -7.77784 -0.0499992
    endloop
  endfacet
  facet normal -0 0 1
    outer loop
      vertex -22.95 -7.5 -0.0499992
      vertex -21.5757 -7.77784 -0.0499992
      vertex -21.6 -7.5 -0.0499992
    endloop
  endfacet
  facet normal 0 0 1
    outer loop
      vertex -21.3856 -8.3 -0.0499992
      vertex -22.95 -7.5 -0.0499992
      vertex -21.475 -10.0548 -0.0499992
    endloop
  endfacet
  facet normal 0.258801 -0.965931 0
    outer loop
      vertex -20.5472 -5.99649 -2.5
      vertex -20.2778 -5.92431 -0.0499992
      vertex -20.5472 -5.99649 -0.0499992
    endloop
  endfacet
  facet normal 0.258801 -0.965931 0
    outer loop
      vertex -20.2778 -5.92431 -0.0499992
      vertex -20.5472 -5.99649 -2.5
      vertex -20.2778 -5.92431 -2.5
    endloop
  endfacet
  facet normal -0.96591 -0.258876 0
    outer loop
      vertex -18.4243 -7.22216 -2.5
      vertex -18.4965 -6.95277 -0.0499992
      vertex -18.4965 -6.95277 -2.5
    endloop
  endfacet
  facet normal -0.96591 -0.258876 0
    outer loop
      vertex -18.4965 -6.95277 -0.0499992
      vertex -18.4243 -7.22216 -2.5
      vertex -18.4243 -7.22216 -0.0499992
    endloop
  endfacet
  facet normal -0.996197 -0.0871278 0
    outer loop
      vertex -18.4 -7.5 -2.5
      vertex -18.4243 -7.22216 -0.0499992
      vertex -18.4243 -7.22216 -2.5
    endloop
  endfacet
  facet normal -0.996197 -0.0871278 0
    outer loop
      vertex -18.4243 -7.22216 -0.0499992
      vertex -18.4 -7.5 -2.5
      vertex -18.4 -7.5 -0.0499992
    endloop
  endfacet
  facet normal -0.906265 -0.422711 0
    outer loop
      vertex -18.4965 -6.95277 -2.5
      vertex -18.6144 -6.7 -0.0499992
      vertex -18.6144 -6.7 -2.5
    endloop
  endfacet
  facet normal -0.906265 -0.422711 0
    outer loop
      vertex -18.6144 -6.7 -0.0499992
      vertex -18.4965 -6.95277 -2.5
      vertex -18.4965 -6.95277 -0.0499992
    endloop
  endfacet
  facet normal 0.906265 0.422711 0
    outer loop
      vertex -21.3856 -8.3 -0.0499992
      vertex -21.5035 -8.04723 -2.5
      vertex -21.5035 -8.04723 -0.0499992
    endloop
  endfacet
  facet normal 0.906265 0.422711 0
    outer loop
      vertex -21.5035 -8.04723 -2.5
      vertex -21.3856 -8.3 -0.0499992
      vertex -21.3856 -8.3 -2.5
    endloop
  endfacet
  facet normal -0.906265 0.422711 0
    outer loop
      vertex -18.6144 -8.3 -2.5
      vertex -18.4965 -8.04723 -0.0499992
      vertex -18.4965 -8.04723 -2.5
    endloop
  endfacet
  facet normal -0.906265 0.422711 0
    outer loop
      vertex -18.4965 -8.04723 -0.0499992
      vertex -18.6144 -8.3 -2.5
      vertex -18.6144 -8.3 -0.0499992
    endloop
  endfacet
  facet normal -0.819269 0.573409 0
    outer loop
      vertex -18.7743 -8.52846 -2.5
      vertex -18.6144 -8.3 -0.0499992
      vertex -18.6144 -8.3 -2.5
    endloop
  endfacet
  facet normal -0.819269 0.573409 0
    outer loop
      vertex -18.6144 -8.3 -0.0499992
      vertex -18.7743 -8.52846 -2.5
      vertex -18.7743 -8.52846 -0.0499992
    endloop
  endfacet
  facet normal -0.996197 0.0871278 0
    outer loop
      vertex -18.4243 -7.77784 -2.5
      vertex -18.4 -7.5 -0.0499992
      vertex -18.4 -7.5 -2.5
    endloop
  endfacet
  facet normal -0.996197 0.0871278 0
    outer loop
      vertex -18.4 -7.5 -0.0499992
      vertex -18.4243 -7.77784 -2.5
      vertex -18.4243 -7.77784 -0.0499992
    endloop
  endfacet
  facet normal -0.819269 -0.573409 0
    outer loop
      vertex -18.6144 -6.7 -2.5
      vertex -18.7743 -6.47154 -0.0499992
      vertex -18.7743 -6.47154 -2.5
    endloop
  endfacet
  facet normal -0.819269 -0.573409 0
    outer loop
      vertex -18.7743 -6.47154 -0.0499992
      vertex -18.6144 -6.7 -2.5
      vertex -18.6144 -6.7 -0.0499992
    endloop
  endfacet
  facet normal -0.707125 0.707089 0
    outer loop
      vertex -18.9715 -8.72567 -2.5
      vertex -18.7743 -8.52846 -0.0499992
      vertex -18.7743 -8.52846 -2.5
    endloop
  endfacet
  facet normal -0.707125 0.707089 0
    outer loop
      vertex -18.7743 -8.52846 -0.0499992
      vertex -18.9715 -8.72567 -2.5
      vertex -18.9715 -8.72567 -0.0499992
    endloop
  endfacet
  facet normal 0.707125 -0.707089 0
    outer loop
      vertex -21.2257 -6.47154 -0.0499992
      vertex -21.0285 -6.27433 -2.5
      vertex -21.0285 -6.27433 -0.0499992
    endloop
  endfacet
  facet normal 0.707125 -0.707089 0
    outer loop
      vertex -21.0285 -6.27433 -2.5
      vertex -21.2257 -6.47154 -0.0499992
      vertex -21.2257 -6.47154 -2.5
    endloop
  endfacet
  facet normal 0.0871758 -0.996193 0
    outer loop
      vertex -20.2778 -5.92431 -2.5
      vertex -20 -5.9 -0.0499992
      vertex -20.2778 -5.92431 -0.0499992
    endloop
  endfacet
  facet normal 0.0871758 -0.996193 0
    outer loop
      vertex -20 -5.9 -0.0499992
      vertex -20.2778 -5.92431 -2.5
      vertex -20 -5.9 -2.5
    endloop
  endfacet
  facet normal 0.57351 -0.819198 0
    outer loop
      vertex -21.0285 -6.27433 -2.5
      vertex -20.8 -6.11436 -0.0499992
      vertex -21.0285 -6.27433 -0.0499992
    endloop
  endfacet
  facet normal 0.57351 -0.819198 0
    outer loop
      vertex -20.8 -6.11436 -0.0499992
      vertex -21.0285 -6.27433 -2.5
      vertex -20.8 -6.11436 -2.5
    endloop
  endfacet
  facet normal 0.422581 -0.906325 0
    outer loop
      vertex -20.8 -6.11436 -2.5
      vertex -20.5472 -5.99649 -0.0499992
      vertex -20.8 -6.11436 -0.0499992
    endloop
  endfacet
  facet normal 0.422581 -0.906325 0
    outer loop
      vertex -20.5472 -5.99649 -0.0499992
      vertex -20.8 -6.11436 -2.5
      vertex -20.5472 -5.99649 -2.5
    endloop
  endfacet
  facet normal -0.422581 0.906325 0
    outer loop
      vertex -19.2 -8.88564 -2.5
      vertex -19.4528 -9.00351 -0.0499992
      vertex -19.2 -8.88564 -0.0499992
    endloop
  endfacet
  facet normal -0.422581 0.906325 0
    outer loop
      vertex -19.4528 -9.00351 -0.0499992
      vertex -19.2 -8.88564 -2.5
      vertex -19.4528 -9.00351 -2.5
    endloop
  endfacet
  facet normal 0.996197 0.0871278 0
    outer loop
      vertex -21.5757 -7.77784 -0.0499992
      vertex -21.6 -7.5 -2.5
      vertex -21.6 -7.5 -0.0499992
    endloop
  endfacet
  facet normal 0.996197 0.0871278 0
    outer loop
      vertex -21.6 -7.5 -2.5
      vertex -21.5757 -7.77784 -0.0499992
      vertex -21.5757 -7.77784 -2.5
    endloop
  endfacet
  facet normal -0.258801 -0.965931 0
    outer loop
      vertex -19.7222 -5.92431 -2.5
      vertex -19.4528 -5.99649 -0.0499992
      vertex -19.7222 -5.92431 -0.0499992
    endloop
  endfacet
  facet normal -0.258801 -0.965931 -0
    outer loop
      vertex -19.4528 -5.99649 -0.0499992
      vertex -19.7222 -5.92431 -2.5
      vertex -19.4528 -5.99649 -2.5
    endloop
  endfacet
  facet normal -0.57351 0.819198 0
    outer loop
      vertex -18.9715 -8.72567 -2.5
      vertex -19.2 -8.88564 -0.0499992
      vertex -18.9715 -8.72567 -0.0499992
    endloop
  endfacet
  facet normal -0.57351 0.819198 0
    outer loop
      vertex -19.2 -8.88564 -0.0499992
      vertex -18.9715 -8.72567 -2.5
      vertex -19.2 -8.88564 -2.5
    endloop
  endfacet
  facet normal 0.96591 -0.258876 0
    outer loop
      vertex -21.5757 -7.22216 -0.0499992
      vertex -21.5035 -6.95277 -2.5
      vertex -21.5035 -6.95277 -0.0499992
    endloop
  endfacet
  facet normal 0.96591 -0.258876 0
    outer loop
      vertex -21.5035 -6.95277 -2.5
      vertex -21.5757 -7.22216 -0.0499992
      vertex -21.5757 -7.22216 -2.5
    endloop
  endfacet
  facet normal -0.422581 -0.906325 0
    outer loop
      vertex -19.4528 -5.99649 -2.5
      vertex -19.2 -6.11436 -0.0499992
      vertex -19.4528 -5.99649 -0.0499992
    endloop
  endfacet
  facet normal -0.422581 -0.906325 -0
    outer loop
      vertex -19.2 -6.11436 -0.0499992
      vertex -19.4528 -5.99649 -2.5
      vertex -19.2 -6.11436 -2.5
    endloop
  endfacet
  facet normal 0.819269 -0.573409 0
    outer loop
      vertex -21.3856 -6.7 -0.0499992
      vertex -21.2257 -6.47154 -2.5
      vertex -21.2257 -6.47154 -0.0499992
    endloop
  endfacet
  facet normal 0.819269 -0.573409 0
    outer loop
      vertex -21.2257 -6.47154 -2.5
      vertex -21.3856 -6.7 -0.0499992
      vertex -21.3856 -6.7 -2.5
    endloop
  endfacet
  facet normal 0.819269 0.573409 0
    outer loop
      vertex -21.2257 -8.52846 -0.0499992
      vertex -21.3856 -8.3 -2.5
      vertex -21.3856 -8.3 -0.0499992
    endloop
  endfacet
  facet normal 0.819269 0.573409 0
    outer loop
      vertex -21.3856 -8.3 -2.5
      vertex -21.2257 -8.52846 -0.0499992
      vertex -21.2257 -8.52846 -2.5
    endloop
  endfacet
  facet normal -0.258801 0.965931 0
    outer loop
      vertex -19.4528 -9.00351 -2.5
      vertex -19.7222 -9.07569 -0.0499992
      vertex -19.4528 -9.00351 -0.0499992
    endloop
  endfacet
  facet normal -0.258801 0.965931 0
    outer loop
      vertex -19.7222 -9.07569 -0.0499992
      vertex -19.4528 -9.00351 -2.5
      vertex -19.7222 -9.07569 -2.5
    endloop
  endfacet
  facet normal -0.707125 -0.707089 0
    outer loop
      vertex -18.7743 -6.47154 -2.5
      vertex -18.9715 -6.27433 -0.0499992
      vertex -18.9715 -6.27433 -2.5
    endloop
  endfacet
  facet normal -0.707125 -0.707089 0
    outer loop
      vertex -18.9715 -6.27433 -0.0499992
      vertex -18.7743 -6.47154 -2.5
      vertex -18.7743 -6.47154 -0.0499992
    endloop
  endfacet
  facet normal -0.96591 0.258876 0
    outer loop
      vertex -18.4965 -8.04723 -2.5
      vertex -18.4243 -7.77784 -0.0499992
      vertex -18.4243 -7.77784 -2.5
    endloop
  endfacet
  facet normal -0.96591 0.258876 0
    outer loop
      vertex -18.4243 -7.77784 -0.0499992
      vertex -18.4965 -8.04723 -2.5
      vertex -18.4965 -8.04723 -0.0499992
    endloop
  endfacet
  facet normal -0.57351 -0.819198 0
    outer loop
      vertex -19.2 -6.11436 -2.5
      vertex -18.9715 -6.27433 -0.0499992
      vertex -19.2 -6.11436 -0.0499992
    endloop
  endfacet
  facet normal -0.57351 -0.819198 -0
    outer loop
      vertex -18.9715 -6.27433 -0.0499992
      vertex -19.2 -6.11436 -2.5
      vertex -18.9715 -6.27433 -2.5
    endloop
  endfacet
  facet normal 0.707125 0.707089 0
    outer loop
      vertex -21.0285 -8.72567 -0.0499992
      vertex -21.2257 -8.52846 -2.5
      vertex -21.2257 -8.52846 -0.0499992
    endloop
  endfacet
  facet normal 0.707125 0.707089 0
    outer loop
      vertex -21.2257 -8.52846 -2.5
      vertex -21.0285 -8.72567 -0.0499992
      vertex -21.0285 -8.72567 -2.5
    endloop
  endfacet
  facet normal 0.906265 -0.422711 0
    outer loop
      vertex -21.5035 -6.95277 -0.0499992
      vertex -21.3856 -6.7 -2.5
      vertex -21.3856 -6.7 -0.0499992
    endloop
  endfacet
  facet normal 0.906265 -0.422711 0
    outer loop
      vertex -21.3856 -6.7 -2.5
      vertex -21.5035 -6.95277 -0.0499992
      vertex -21.5035 -6.95277 -2.5
    endloop
  endfacet
  facet normal 0.57351 0.819198 -0
    outer loop
      vertex -20.8 -8.88564 -2.5
      vertex -21.0285 -8.72567 -0.0499992
      vertex -20.8 -8.88564 -0.0499992
    endloop
  endfacet
  facet normal 0.57351 0.819198 0
    outer loop
      vertex -21.0285 -8.72567 -0.0499992
      vertex -20.8 -8.88564 -2.5
      vertex -21.0285 -8.72567 -2.5
    endloop
  endfacet
  facet normal -0.0871758 0.996193 0
    outer loop
      vertex -19.7222 -9.07569 -2.5
      vertex -20 -9.1 -0.0499992
      vertex -19.7222 -9.07569 -0.0499992
    endloop
  endfacet
  facet normal -0.0871758 0.996193 0
    outer loop
      vertex -20 -9.1 -0.0499992
      vertex -19.7222 -9.07569 -2.5
      vertex -20 -9.1 -2.5
    endloop
  endfacet
  facet normal -0.0871758 -0.996193 0
    outer loop
      vertex -20 -5.9 -2.5
      vertex -19.7222 -5.92431 -0.0499992
      vertex -20 -5.9 -0.0499992
    endloop
  endfacet
  facet normal -0.0871758 -0.996193 -0
    outer loop
      vertex -19.7222 -5.92431 -0.0499992
      vertex -20 -5.9 -2.5
      vertex -19.7222 -5.92431 -2.5
    endloop
  endfacet
  facet normal 0.0871758 0.996193 -0
    outer loop
      vertex -20 -9.1 -2.5
      vertex -20.2778 -9.07569 -0.0499992
      vertex -20 -9.1 -0.0499992
    endloop
  endfacet
  facet normal 0.0871758 0.996193 0
    outer loop
      vertex -20.2778 -9.07569 -0.0499992
      vertex -20 -9.1 -2.5
      vertex -20.2778 -9.07569 -2.5
    endloop
  endfacet
  facet normal 0.258801 0.965931 -0
    outer loop
      vertex -20.2778 -9.07569 -2.5
      vertex -20.5472 -9.00351 -0.0499992
      vertex -20.2778 -9.07569 -0.0499992
    endloop
  endfacet
  facet normal 0.258801 0.965931 0
    outer loop
      vertex -20.5472 -9.00351 -0.0499992
      vertex -20.2778 -9.07569 -2.5
      vertex -20.5472 -9.00351 -2.5
    endloop
  endfacet
  facet normal 0.996197 -0.0871278 0
    outer loop
      vertex -21.6 -7.5 -0.0499992
      vertex -21.5757 -7.22216 -2.5
      vertex -21.5757 -7.22216 -0.0499992
    endloop
  endfacet
  facet normal 0.996197 -0.0871278 0
    outer loop
      vertex -21.5757 -7.22216 -2.5
      vertex -21.6 -7.5 -0.0499992
      vertex -21.6 -7.5 -2.5
    endloop
  endfacet
  facet normal 0.96591 0.258876 0
    outer loop
      vertex -21.5035 -8.04723 -0.0499992
      vertex -21.5757 -7.77784 -2.5
      vertex -21.5757 -7.77784 -0.0499992
    endloop
  endfacet
  facet normal 0.96591 0.258876 0
    outer loop
      vertex -21.5757 -7.77784 -2.5
      vertex -21.5035 -8.04723 -0.0499992
      vertex -21.5035 -8.04723 -2.5
    endloop
  endfacet
  facet normal 0.422581 0.906325 -0
    outer loop
      vertex -20.5472 -9.00351 -2.5
      vertex -20.8 -8.88564 -0.0499992
      vertex -20.5472 -9.00351 -0.0499992
    endloop
  endfacet
  facet normal 0.422581 0.906325 0
    outer loop
      vertex -20.8 -8.88564 -0.0499992
      vertex -20.5472 -9.00351 -2.5
      vertex -20.8 -8.88564 -2.5
    endloop
  endfacet
  facet normal 1 -0 0
    outer loop
      vertex 32.5 -20 2.5
      vertex 32.5 20 -2.5
      vertex 32.5 20 2.5
    endloop
  endfacet
  facet normal 1 0 0
    outer loop
      vertex 32.5 20 -2.5
      vertex 32.5 -20 2.5
      vertex 32.5 -20 -2.5
    endloop
  endfacet
  facet normal -0 0 1
    outer loop
      vertex -18.525 4.94523 2.5
      vertex -17.05 -7.5 2.5
      vertex -17.05 7.5 2.5
    endloop
  endfacet
  facet normal 0 0 1
    outer loop
      vertex -18.525 4.94523 2.5
      vertex -18.525 -4.94523 2.5
      vertex -17.05 -7.5 2.5
    endloop
  endfacet
  facet normal -0 0 1
    outer loop
      vertex -21.475 4.94523 2.5
      vertex -18.525 -4.94523 2.5
      vertex -18.525 4.94523 2.5
    endloop
  endfacet
  facet normal 0 0 1
    outer loop
      vertex -21.475 4.94523 2.5
      vertex -21.475 -4.94523 2.5
      vertex -18.525 -4.94523 2.5
    endloop
  endfacet
  facet normal 0 0 1
    outer loop
      vertex -22.95 7.5 2.5
      vertex -21.475 -4.94523 2.5
      vertex -21.475 4.94523 2.5
    endloop
  endfacet
  facet normal 0 0 1
    outer loop
      vertex -21.475 -4.94523 2.5
      vertex -22.95 7.5 2.5
      vertex -22.95 -7.5 2.5
    endloop
  endfacet
  facet normal -0 0 1
    outer loop
      vertex 21.475 4.94523 2.5
      vertex 22.95 -7.5 2.5
      vertex 22.95 7.5 2.5
    endloop
  endfacet
  facet normal 0 0 1
    outer loop
      vertex 21.475 4.94523 2.5
      vertex 21.475 -4.94523 2.5
      vertex 22.95 -7.5 2.5
    endloop
  endfacet
  facet normal -0 0 1
    outer loop
      vertex 18.525 4.94523 2.5
      vertex 21.475 -4.94523 2.5
      vertex 21.475 4.94523 2.5
    endloop
  endfacet
  facet normal 0 0 1
    outer loop
      vertex 18.525 4.94523 2.5
      vertex 18.525 -4.94523 2.5
      vertex 21.475 -4.94523 2.5
    endloop
  endfacet
  facet normal 0 0 1
    outer loop
      vertex 17.05 7.5 2.5
      vertex 18.525 -4.94523 2.5
      vertex 18.525 4.94523 2.5
    endloop
  endfacet
  facet normal 0 0 1
    outer loop
      vertex 18.525 -4.94523 2.5
      vertex 17.05 7.5 2.5
      vertex 17.05 -7.5 2.5
    endloop
  endfacet
  facet normal 0 0 1
    outer loop
      vertex 32.5 20 2.5
      vertex 22.95 7.5 2.5
      vertex 32.5 -20 2.5
    endloop
  endfacet
  facet normal 0 0 1
    outer loop
      vertex 32.5 20 2.5
      vertex 21.475 10.0548 2.5
      vertex 22.95 7.5 2.5
    endloop
  endfacet
  facet normal 0 0 1
    outer loop
      vertex 32.5 20 2.5
      vertex 18.525 10.0548 2.5
      vertex 21.475 10.0548 2.5
    endloop
  endfacet
  facet normal 0 0 1
    outer loop
      vertex 17.05 7.5 2.5
      vertex -17.05 7.5 2.5
      vertex 17.05 -7.5 2.5
    endloop
  endfacet
  facet normal 0 0 1
    outer loop
      vertex 18.525 10.0548 2.5
      vertex -17.05 7.5 2.5
      vertex 17.05 7.5 2.5
    endloop
  endfacet
  facet normal 0 0 1
    outer loop
      vertex -18.525 10.0548 2.5
      vertex 18.525 10.0548 2.5
      vertex 32.5 20 2.5
    endloop
  endfacet
  facet normal 0 0 1
    outer loop
      vertex 18.525 10.0548 2.5
      vertex -18.525 10.0548 2.5
      vertex -17.05 7.5 2.5
    endloop
  endfacet
  facet normal -0 0 1
    outer loop
      vertex -32.5 20 2.5
      vertex -18.525 10.0548 2.5
      vertex 32.5 20 2.5
    endloop
  endfacet
  facet normal 0 0 1
    outer loop
      vertex -22.95 7.5 2.5
      vertex -32.5 20 2.5
      vertex -22.95 -7.5 2.5
    endloop
  endfacet
  facet normal 0 0 1
    outer loop
      vertex -21.475 10.0548 2.5
      vertex -32.5 20 2.5
      vertex -22.95 7.5 2.5
    endloop
  endfacet
  facet normal 0 0 1
    outer loop
      vertex -18.525 10.0548 2.5
      vertex -32.5 20 2.5
      vertex -21.475 10.0548 2.5
    endloop
  endfacet
  facet normal -0 0 1
    outer loop
      vertex 22.95 -7.5 2.5
      vertex 32.5 -20 2.5
      vertex 22.95 7.5 2.5
    endloop
  endfacet
  facet normal -0 0 1
    outer loop
      vertex 21.475 -10.0548 2.5
      vertex 32.5 -20 2.5
      vertex 22.95 -7.5 2.5
    endloop
  endfacet
  facet normal -0 0 1
    outer loop
      vertex 18.525 -10.0548 2.5
      vertex 32.5 -20 2.5
      vertex 21.475 -10.0548 2.5
    endloop
  endfacet
  facet normal 0 0 1
    outer loop
      vertex -17.05 -7.5 2.5
      vertex 17.05 -7.5 2.5
      vertex -17.05 7.5 2.5
    endloop
  endfacet
  facet normal 0 0 1
    outer loop
      vertex 17.05 -7.5 2.5
      vertex -17.05 -7.5 2.5
      vertex 18.525 -10.0548 2.5
    endloop
  endfacet
  facet normal 0 0 1
    outer loop
      vertex -18.525 -10.0548 2.5
      vertex 18.525 -10.0548 2.5
      vertex -17.05 -7.5 2.5
    endloop
  endfacet
  facet normal 0 0 1
    outer loop
      vertex 18.525 -10.0548 2.5
      vertex -18.525 -10.0548 2.5
      vertex 32.5 -20 2.5
    endloop
  endfacet
  facet normal 0 0 1
    outer loop
      vertex -32.5 -20 2.5
      vertex -18.525 -10.0548 2.5
      vertex -21.475 -10.0548 2.5
    endloop
  endfacet
  facet normal 0 0 1
    outer loop
      vertex -18.525 -10.0548 2.5
      vertex -32.5 -20 2.5
      vertex 32.5 -20 2.5
    endloop
  endfacet
  facet normal 0 0 1
    outer loop
      vertex -22.95 -7.5 2.5
      vertex -32.5 -20 2.5
      vertex -21.475 -10.0548 2.5
    endloop
  endfacet
  facet normal 0 0 1
    outer loop
      vertex -32.5 -20 2.5
      vertex -22.95 -7.5 2.5
      vertex -32.5 20 2.5
    endloop
  endfacet
  facet normal 0 0 -1
    outer loop
      vertex 18.4965 -6.95277 -2.5
      vertex -18.4965 -6.95277 -2.5
      vertex 18.4965 6.95277 -2.5
    endloop
  endfacet
  facet normal 0 0 -1
    outer loop
      vertex 18.4965 6.95277 -2.5
      vertex -18.4243 7.22216 -2.5
      vertex -18.4 7.5 -2.5
    endloop
  endfacet
  facet normal 0 0 -1
    outer loop
      vertex -18.4965 6.95277 -2.5
      vertex 18.4965 6.95277 -2.5
      vertex -18.4965 -6.95277 -2.5
    endloop
  endfacet
  facet normal 0 0 -1
    outer loop
      vertex 18.4965 6.95277 -2.5
      vertex -18.4965 6.95277 -2.5
      vertex -18.4243 7.22216 -2.5
    endloop
  endfacet
  facet normal 0 0 -1
    outer loop
      vertex -18.6144 -6.7 -2.5
      vertex -18.4965 6.95277 -2.5
      vertex -18.4965 -6.95277 -2.5
    endloop
  endfacet
  facet normal 0 0 -1
    outer loop
      vertex -18.6144 -6.7 -2.5
      vertex -18.6144 6.7 -2.5
      vertex -18.4965 6.95277 -2.5
    endloop
  endfacet
  facet normal 0 0 -1
    outer loop
      vertex -18.7743 -6.47154 -2.5
      vertex -18.6144 6.7 -2.5
      vertex -18.6144 -6.7 -2.5
    endloop
  endfacet
  facet normal 0 0 -1
    outer loop
      vertex -18.7743 -6.47154 -2.5
      vertex -18.7743 6.47154 -2.5
      vertex -18.6144 6.7 -2.5
    endloop
  endfacet
  facet normal 0 0 -1
    outer loop
      vertex -18.9715 -6.27433 -2.5
      vertex -18.7743 6.47154 -2.5
      vertex -18.7743 -6.47154 -2.5
    endloop
  endfacet
  facet normal 0 0 -1
    outer loop
      vertex -18.9715 -6.27433 -2.5
      vertex -18.9715 6.27433 -2.5
      vertex -18.7743 6.47154 -2.5
    endloop
  endfacet
  facet normal 0 0 -1
    outer loop
      vertex -19.2 -6.11436 -2.5
      vertex -18.9715 6.27433 -2.5
      vertex -18.9715 -6.27433 -2.5
    endloop
  endfacet
  facet normal 0 0 -1
    outer loop
      vertex -19.2 -6.11436 -2.5
      vertex -19.2 6.11436 -2.5
      vertex -18.9715 6.27433 -2.5
    endloop
  endfacet
  facet normal 0 0 -1
    outer loop
      vertex -19.4528 -5.99649 -2.5
      vertex -19.2 6.11436 -2.5
      vertex -19.2 -6.11436 -2.5
    endloop
  endfacet
  facet normal 0 0 -1
    outer loop
      vertex -19.4528 -5.99649 -2.5
      vertex -19.4528 5.99649 -2.5
      vertex -19.2 6.11436 -2.5
    endloop
  endfacet
  facet normal 0 0 -1
    outer loop
      vertex -19.7222 -5.92431 -2.5
      vertex -19.4528 5.99649 -2.5
      vertex -19.4528 -5.99649 -2.5
    endloop
  endfacet
  facet normal 0 0 -1
    outer loop
      vertex -19.7222 -5.92431 -2.5
      vertex -19.7222 5.92431 -2.5
      vertex -19.4528 5.99649 -2.5
    endloop
  endfacet
  facet normal 0 0 -1
    outer loop
      vertex -20 -5.9 -2.5
      vertex -19.7222 5.92431 -2.5
      vertex -19.7222 -5.92431 -2.5
    endloop
  endfacet
  facet normal 0 0 -1
    outer loop
      vertex -20 -5.9 -2.5
      vertex -20 5.9 -2.5
      vertex -19.7222 5.92431 -2.5
    endloop
  endfacet
  facet normal 0 0 -1
    outer loop
      vertex -20.2778 -5.92431 -2.5
      vertex -20 5.9 -2.5
      vertex -20 -5.9 -2.5
    endloop
  endfacet
  facet normal 0 0 -1
    outer loop
      vertex -20.2778 -5.92431 -2.5
      vertex -20.2778 5.92431 -2.5
      vertex -20 5.9 -2.5
    endloop
  endfacet
  facet normal 0 0 -1
    outer loop
      vertex -20.5472 -5.99649 -2.5
      vertex -20.2778 5.92431 -2.5
      vertex -20.2778 -5.92431 -2.5
    endloop
  endfacet
  facet normal 0 0 -1
    outer loop
      vertex -20.5472 -5.99649 -2.5
      vertex -20.5472 5.99649 -2.5
      vertex -20.2778 5.92431 -2.5
    endloop
  endfacet
  facet normal 0 0 -1
    outer loop
      vertex -20.8 -6.11436 -2.5
      vertex -20.5472 5.99649 -2.5
      vertex -20.5472 -5.99649 -2.5
    endloop
  endfacet
  facet normal 0 0 -1
    outer loop
      vertex -20.8 -6.11436 -2.5
      vertex -20.8 6.11436 -2.5
      vertex -20.5472 5.99649 -2.5
    endloop
  endfacet
  facet normal 0 0 -1
    outer loop
      vertex -21.0285 -6.27433 -2.5
      vertex -20.8 6.11436 -2.5
      vertex -20.8 -6.11436 -2.5
    endloop
  endfacet
  facet normal 0 0 -1
    outer loop
      vertex -21.0285 -6.27433 -2.5
      vertex -21.0285 6.27433 -2.5
      vertex -20.8 6.11436 -2.5
    endloop
  endfacet
  facet normal 0 0 -1
    outer loop
      vertex -21.2257 -6.47154 -2.5
      vertex -21.0285 6.27433 -2.5
      vertex -21.0285 -6.27433 -2.5
    endloop
  endfacet
  facet normal 0 0 -1
    outer loop
      vertex -21.2257 -6.47154 -2.5
      vertex -21.2257 6.47154 -2.5
      vertex -21.0285 6.27433 -2.5
    endloop
  endfacet
  facet normal 0 0 -1
    outer loop
      vertex -21.3856 -6.7 -2.5
      vertex -21.2257 6.47154 -2.5
      vertex -21.2257 -6.47154 -2.5
    endloop
  endfacet
  facet normal 0 0 -1
    outer loop
      vertex -21.3856 -6.7 -2.5
      vertex -21.3856 6.7 -2.5
      vertex -21.2257 6.47154 -2.5
    endloop
  endfacet
  facet normal 0 0 -1
    outer loop
      vertex -21.5035 -6.95277 -2.5
      vertex -21.3856 6.7 -2.5
      vertex -21.3856 -6.7 -2.5
    endloop
  endfacet
  facet normal 0 0 -1
    outer loop
      vertex -21.5035 -6.95277 -2.5
      vertex -21.5035 6.95277 -2.5
      vertex -21.3856 6.7 -2.5
    endloop
  endfacet
  facet normal 0 0 -1
    outer loop
      vertex -32.5 -20 -2.5
      vertex -21.5035 -6.95277 -2.5
      vertex -21.5757 -7.22216 -2.5
    endloop
  endfacet
  facet normal -0 0 -1
    outer loop
      vertex -21.5035 -6.95277 -2.5
      vertex -32.5 -20 -2.5
      vertex -21.5035 6.95277 -2.5
    endloop
  endfacet
  facet normal 0 0 -1
    outer loop
      vertex -32.5 -20 -2.5
      vertex -21.5757 -7.22216 -2.5
      vertex -21.6 -7.5 -2.5
    endloop
  endfacet
  facet normal 0 0 -1
    outer loop
      vertex -32.5 20 -2.5
      vertex -21.5035 6.95277 -2.5
      vertex -32.5 -20 -2.5
    endloop
  endfacet
  facet normal 0 0 -1
    outer loop
      vertex 32.5 -20 -2.5
      vertex 21.5035 -6.95277 -2.5
      vertex 32.5 20 -2.5
    endloop
  endfacet
  facet normal 0 0 -1
    outer loop
      vertex 32.5 20 -2.5
      vertex 21.5757 7.22216 -2.5
      vertex 21.6 7.5 -2.5
    endloop
  endfacet
  facet normal 0 0 -1
    outer loop
      vertex 21.5035 6.95277 -2.5
      vertex 32.5 20 -2.5
      vertex 21.5035 -6.95277 -2.5
    endloop
  endfacet
  facet normal 0 0 -1
    outer loop
      vertex 32.5 20 -2.5
      vertex 21.5035 6.95277 -2.5
      vertex 21.5757 7.22216 -2.5
    endloop
  endfacet
  facet normal 0 0 -1
    outer loop
      vertex 21.3856 -6.7 -2.5
      vertex 21.5035 6.95277 -2.5
      vertex 21.5035 -6.95277 -2.5
    endloop
  endfacet
  facet normal 0 0 -1
    outer loop
      vertex 21.3856 -6.7 -2.5
      vertex 21.3856 6.7 -2.5
      vertex 21.5035 6.95277 -2.5
    endloop
  endfacet
  facet normal 0 0 -1
    outer loop
      vertex 21.2257 -6.47154 -2.5
      vertex 21.3856 6.7 -2.5
      vertex 21.3856 -6.7 -2.5
    endloop
  endfacet
  facet normal 0 0 -1
    outer loop
      vertex 21.2257 -6.47154 -2.5
      vertex 21.2257 6.47154 -2.5
      vertex 21.3856 6.7 -2.5
    endloop
  endfacet
  facet normal 0 0 -1
    outer loop
      vertex 21.0285 -6.27433 -2.5
      vertex 21.2257 6.47154 -2.5
      vertex 21.2257 -6.47154 -2.5
    endloop
  endfacet
  facet normal 0 0 -1
    outer loop
      vertex 21.0285 -6.27433 -2.5
      vertex 21.0285 6.27433 -2.5
      vertex 21.2257 6.47154 -2.5
    endloop
  endfacet
  facet normal 0 0 -1
    outer loop
      vertex 20.8 -6.11436 -2.5
      vertex 21.0285 6.27433 -2.5
      vertex 21.0285 -6.27433 -2.5
    endloop
  endfacet
  facet normal 0 0 -1
    outer loop
      vertex 20.8 -6.11436 -2.5
      vertex 20.8 6.11436 -2.5
      vertex 21.0285 6.27433 -2.5
    endloop
  endfacet
  facet normal 0 0 -1
    outer loop
      vertex 20.5472 -5.99649 -2.5
      vertex 20.8 6.11436 -2.5
      vertex 20.8 -6.11436 -2.5
    endloop
  endfacet
  facet normal 0 0 -1
    outer loop
      vertex 20.5472 -5.99649 -2.5
      vertex 20.5472 5.99649 -2.5
      vertex 20.8 6.11436 -2.5
    endloop
  endfacet
  facet normal 0 0 -1
    outer loop
      vertex 20.2778 -5.92431 -2.5
      vertex 20.5472 5.99649 -2.5
      vertex 20.5472 -5.99649 -2.5
    endloop
  endfacet
  facet normal 0 0 -1
    outer loop
      vertex 20.2778 -5.92431 -2.5
      vertex 20.2778 5.92431 -2.5
      vertex 20.5472 5.99649 -2.5
    endloop
  endfacet
  facet normal 0 0 -1
    outer loop
      vertex 20 -5.9 -2.5
      vertex 20.2778 5.92431 -2.5
      vertex 20.2778 -5.92431 -2.5
    endloop
  endfacet
  facet normal 0 0 -1
    outer loop
      vertex 20 -5.9 -2.5
      vertex 20 5.9 -2.5
      vertex 20.2778 5.92431 -2.5
    endloop
  endfacet
  facet normal 0 0 -1
    outer loop
      vertex 19.7222 -5.92431 -2.5
      vertex 20 5.9 -2.5
      vertex 20 -5.9 -2.5
    endloop
  endfacet
  facet normal 0 0 -1
    outer loop
      vertex 19.7222 -5.92431 -2.5
      vertex 19.7222 5.92431 -2.5
      vertex 20 5.9 -2.5
    endloop
  endfacet
  facet normal 0 0 -1
    outer loop
      vertex 19.4528 -5.99649 -2.5
      vertex 19.7222 5.92431 -2.5
      vertex 19.7222 -5.92431 -2.5
    endloop
  endfacet
  facet normal 0 0 -1
    outer loop
      vertex 19.4528 -5.99649 -2.5
      vertex 19.4528 5.99649 -2.5
      vertex 19.7222 5.92431 -2.5
    endloop
  endfacet
  facet normal 0 0 -1
    outer loop
      vertex 19.2 -6.11436 -2.5
      vertex 19.4528 5.99649 -2.5
      vertex 19.4528 -5.99649 -2.5
    endloop
  endfacet
  facet normal 0 0 -1
    outer loop
      vertex 19.2 -6.11436 -2.5
      vertex 19.2 6.11436 -2.5
      vertex 19.4528 5.99649 -2.5
    endloop
  endfacet
  facet normal 0 0 -1
    outer loop
      vertex 18.9715 -6.27433 -2.5
      vertex 19.2 6.11436 -2.5
      vertex 19.2 -6.11436 -2.5
    endloop
  endfacet
  facet normal 0 0 -1
    outer loop
      vertex 18.9715 -6.27433 -2.5
      vertex 18.9715 6.27433 -2.5
      vertex 19.2 6.11436 -2.5
    endloop
  endfacet
  facet normal 0 0 -1
    outer loop
      vertex 18.7743 -6.47154 -2.5
      vertex 18.9715 6.27433 -2.5
      vertex 18.9715 -6.27433 -2.5
    endloop
  endfacet
  facet normal 0 0 -1
    outer loop
      vertex 18.7743 -6.47154 -2.5
      vertex 18.7743 6.47154 -2.5
      vertex 18.9715 6.27433 -2.5
    endloop
  endfacet
  facet normal 0 0 -1
    outer loop
      vertex 18.6144 -6.7 -2.5
      vertex 18.7743 6.47154 -2.5
      vertex 18.7743 -6.47154 -2.5
    endloop
  endfacet
  facet normal 0 0 -1
    outer loop
      vertex 18.6144 -6.7 -2.5
      vertex 18.6144 6.7 -2.5
      vertex 18.7743 6.47154 -2.5
    endloop
  endfacet
  facet normal 0 0 -1
    outer loop
      vertex 18.4965 -6.95277 -2.5
      vertex 18.6144 6.7 -2.5
      vertex 18.6144 -6.7 -2.5
    endloop
  endfacet
  facet normal 0 0 -1
    outer loop
      vertex 18.4965 -6.95277 -2.5
      vertex 18.4965 6.95277 -2.5
      vertex 18.6144 6.7 -2.5
    endloop
  endfacet
  facet normal 0 0 -1
    outer loop
      vertex -18.4243 -7.22216 -2.5
      vertex 18.4243 -7.22216 -2.5
      vertex -18.4 -7.5 -2.5
    endloop
  endfacet
  facet normal 0 0 -1
    outer loop
      vertex 18.4243 -7.22216 -2.5
      vertex -18.4243 -7.22216 -2.5
      vertex 18.4965 -6.95277 -2.5
    endloop
  endfacet
  facet normal 0 0 -1
    outer loop
      vertex -18.4 -7.5 -2.5
      vertex 18.4243 -7.22216 -2.5
      vertex 18.4 -7.5 -2.5
    endloop
  endfacet
  facet normal 0 0 -1
    outer loop
      vertex -18.4965 -6.95277 -2.5
      vertex 18.4965 -6.95277 -2.5
      vertex -18.4243 -7.22216 -2.5
    endloop
  endfacet
  facet normal 0 0 -1
    outer loop
      vertex 21.5757 -7.22216 -2.5
      vertex 32.5 -20 -2.5
      vertex 21.6 -7.5 -2.5
    endloop
  endfacet
  facet normal 0 0 -1
    outer loop
      vertex 32.5 -20 -2.5
      vertex 21.5757 -7.77784 -2.5
      vertex 21.6 -7.5 -2.5
    endloop
  endfacet
  facet normal 0 0 -1
    outer loop
      vertex 32.5 -20 -2.5
      vertex 21.5035 -8.04723 -2.5
      vertex 21.5757 -7.77784 -2.5
    endloop
  endfacet
  facet normal 0 0 -1
    outer loop
      vertex 32.5 -20 -2.5
      vertex 21.3856 -8.3 -2.5
      vertex 21.5035 -8.04723 -2.5
    endloop
  endfacet
  facet normal 0 0 -1
    outer loop
      vertex 32.5 -20 -2.5
      vertex 21.2257 -8.52846 -2.5
      vertex 21.3856 -8.3 -2.5
    endloop
  endfacet
  facet normal 0 0 -1
    outer loop
      vertex 32.5 -20 -2.5
      vertex 21.0285 -8.72567 -2.5
      vertex 21.2257 -8.52846 -2.5
    endloop
  endfacet
  facet normal 0 0 -1
    outer loop
      vertex 32.5 -20 -2.5
      vertex 20.8 -8.88564 -2.5
      vertex 21.0285 -8.72567 -2.5
    endloop
  endfacet
  facet normal 0 0 -1
    outer loop
      vertex 32.5 -20 -2.5
      vertex 20.5472 -9.00351 -2.5
      vertex 20.8 -8.88564 -2.5
    endloop
  endfacet
  facet normal 0 0 -1
    outer loop
      vertex 32.5 -20 -2.5
      vertex 20.2778 -9.07569 -2.5
      vertex 20.5472 -9.00351 -2.5
    endloop
  endfacet
  facet normal 0 0 -1
    outer loop
      vertex 32.5 -20 -2.5
      vertex 20 -9.1 -2.5
      vertex 20.2778 -9.07569 -2.5
    endloop
  endfacet
  facet normal 0 0 -1
    outer loop
      vertex 32.5 -20 -2.5
      vertex 19.7222 -9.07569 -2.5
      vertex 20 -9.1 -2.5
    endloop
  endfacet
  facet normal 0 0 -1
    outer loop
      vertex 32.5 -20 -2.5
      vertex 19.4528 -9.00351 -2.5
      vertex 19.7222 -9.07569 -2.5
    endloop
  endfacet
  facet normal 0 0 -1
    outer loop
      vertex 32.5 -20 -2.5
      vertex 19.2 -8.88564 -2.5
      vertex 19.4528 -9.00351 -2.5
    endloop
  endfacet
  facet normal 0 0 -1
    outer loop
      vertex -19.2 -8.88564 -2.5
      vertex 19.2 -8.88564 -2.5
      vertex 32.5 -20 -2.5
    endloop
  endfacet
  facet normal 0 0 -1
    outer loop
      vertex 18.4965 6.95277 -2.5
      vertex -18.4 7.5 -2.5
      vertex 18.4243 7.22216 -2.5
    endloop
  endfacet
  facet normal 0 0 -1
    outer loop
      vertex 18.4243 -7.77784 -2.5
      vertex -18.4 -7.5 -2.5
      vertex 18.4 -7.5 -2.5
    endloop
  endfacet
  facet normal 0 0 -1
    outer loop
      vertex -18.4243 -7.77784 -2.5
      vertex 18.4243 -7.77784 -2.5
      vertex 18.4965 -8.04723 -2.5
    endloop
  endfacet
  facet normal 0 0 -1
    outer loop
      vertex -18.4965 -8.04723 -2.5
      vertex 18.4965 -8.04723 -2.5
      vertex 18.6144 -8.3 -2.5
    endloop
  endfacet
  facet normal 0 0 -1
    outer loop
      vertex -18.6144 -8.3 -2.5
      vertex 18.6144 -8.3 -2.5
      vertex 18.7743 -8.52846 -2.5
    endloop
  endfacet
  facet normal 0 0 -1
    outer loop
      vertex -18.7743 -8.52846 -2.5
      vertex 18.7743 -8.52846 -2.5
      vertex 18.9715 -8.72567 -2.5
    endloop
  endfacet
  facet normal 0 0 -1
    outer loop
      vertex 19.2 -8.88564 -2.5
      vertex -19.2 -8.88564 -2.5
      vertex 18.9715 -8.72567 -2.5
    endloop
  endfacet
  facet normal 0 0 -1
    outer loop
      vertex 18.4243 -7.77784 -2.5
      vertex -18.4243 -7.77784 -2.5
      vertex -18.4 -7.5 -2.5
    endloop
  endfacet
  facet normal 0 0 -1
    outer loop
      vertex 18.4965 -8.04723 -2.5
      vertex -18.4965 -8.04723 -2.5
      vertex -18.4243 -7.77784 -2.5
    endloop
  endfacet
  facet normal 0 0 -1
    outer loop
      vertex 18.6144 -8.3 -2.5
      vertex -18.6144 -8.3 -2.5
      vertex -18.4965 -8.04723 -2.5
    endloop
  endfacet
  facet normal 0 0 -1
    outer loop
      vertex 18.7743 -8.52846 -2.5
      vertex -18.7743 -8.52846 -2.5
      vertex -18.6144 -8.3 -2.5
    endloop
  endfacet
  facet normal 0 0 -1
    outer loop
      vertex 18.9715 -8.72567 -2.5
      vertex -18.9715 -8.72567 -2.5
      vertex -18.7743 -8.52846 -2.5
    endloop
  endfacet
  facet normal -0 0 -1
    outer loop
      vertex 18.9715 -8.72567 -2.5
      vertex -19.2 -8.88564 -2.5
      vertex -18.9715 -8.72567 -2.5
    endloop
  endfacet
  facet normal 0 0 -1
    outer loop
      vertex -32.5 -20 -2.5
      vertex -19.2 -8.88564 -2.5
      vertex 32.5 -20 -2.5
    endloop
  endfacet
  facet normal 0 0 -1
    outer loop
      vertex -19.2 -8.88564 -2.5
      vertex -32.5 -20 -2.5
      vertex -19.4528 -9.00351 -2.5
    endloop
  endfacet
  facet normal 0 0 -1
    outer loop
      vertex -19.4528 -9.00351 -2.5
      vertex -32.5 -20 -2.5
      vertex -19.7222 -9.07569 -2.5
    endloop
  endfacet
  facet normal 0 0 -1
    outer loop
      vertex -19.7222 -9.07569 -2.5
      vertex -32.5 -20 -2.5
      vertex -20 -9.1 -2.5
    endloop
  endfacet
  facet normal 0 0 -1
    outer loop
      vertex -21.5035 6.95277 -2.5
      vertex -32.5 20 -2.5
      vertex -21.5757 7.22216 -2.5
    endloop
  endfacet
  facet normal -0 0 -1
    outer loop
      vertex -21.5757 -7.77784 -2.5
      vertex -32.5 -20 -2.5
      vertex -21.6 -7.5 -2.5
    endloop
  endfacet
  facet normal -0 0 -1
    outer loop
      vertex -21.5035 -8.04723 -2.5
      vertex -32.5 -20 -2.5
      vertex -21.5757 -7.77784 -2.5
    endloop
  endfacet
  facet normal -0 0 -1
    outer loop
      vertex -21.3856 -8.3 -2.5
      vertex -32.5 -20 -2.5
      vertex -21.5035 -8.04723 -2.5
    endloop
  endfacet
  facet normal -0 0 -1
    outer loop
      vertex -21.2257 -8.52846 -2.5
      vertex -32.5 -20 -2.5
      vertex -21.3856 -8.3 -2.5
    endloop
  endfacet
  facet normal -0 0 -1
    outer loop
      vertex -21.0285 -8.72567 -2.5
      vertex -32.5 -20 -2.5
      vertex -21.2257 -8.52846 -2.5
    endloop
  endfacet
  facet normal -0 0 -1
    outer loop
      vertex -20.8 -8.88564 -2.5
      vertex -32.5 -20 -2.5
      vertex -21.0285 -8.72567 -2.5
    endloop
  endfacet
  facet normal -0 0 -1
    outer loop
      vertex -20.5472 -9.00351 -2.5
      vertex -32.5 -20 -2.5
      vertex -20.8 -8.88564 -2.5
    endloop
  endfacet
  facet normal -0 0 -1
    outer loop
      vertex -20.2778 -9.07569 -2.5
      vertex -32.5 -20 -2.5
      vertex -20.5472 -9.00351 -2.5
    endloop
  endfacet
  facet normal -0 0 -1
    outer loop
      vertex -20 -9.1 -2.5
      vertex -32.5 -20 -2.5
      vertex -20.2778 -9.07569 -2.5
    endloop
  endfacet
  facet normal 0 0 -1
    outer loop
      vertex 21.5035 -6.95277 -2.5
      vertex 32.5 -20 -2.5
      vertex 21.5757 -7.22216 -2.5
    endloop
  endfacet
  facet normal 0 0 -1
    outer loop
      vertex 21.5757 7.77784 -2.5
      vertex 32.5 20 -2.5
      vertex 21.6 7.5 -2.5
    endloop
  endfacet
  facet normal 0 0 -1
    outer loop
      vertex 21.5035 8.04723 -2.5
      vertex 32.5 20 -2.5
      vertex 21.5757 7.77784 -2.5
    endloop
  endfacet
  facet normal 0 0 -1
    outer loop
      vertex 21.3856 8.3 -2.5
      vertex 32.5 20 -2.5
      vertex 21.5035 8.04723 -2.5
    endloop
  endfacet
  facet normal 0 0 -1
    outer loop
      vertex 21.2257 8.52846 -2.5
      vertex 32.5 20 -2.5
      vertex 21.3856 8.3 -2.5
    endloop
  endfacet
  facet normal 0 0 -1
    outer loop
      vertex 21.0285 8.72567 -2.5
      vertex 32.5 20 -2.5
      vertex 21.2257 8.52846 -2.5
    endloop
  endfacet
  facet normal 0 0 -1
    outer loop
      vertex 20.8 8.88564 -2.5
      vertex 32.5 20 -2.5
      vertex 21.0285 8.72567 -2.5
    endloop
  endfacet
  facet normal 0 0 -1
    outer loop
      vertex 20.5472 9.00351 -2.5
      vertex 32.5 20 -2.5
      vertex 20.8 8.88564 -2.5
    endloop
  endfacet
  facet normal 0 0 -1
    outer loop
      vertex 20.2778 9.07569 -2.5
      vertex 32.5 20 -2.5
      vertex 20.5472 9.00351 -2.5
    endloop
  endfacet
  facet normal 0 0 -1
    outer loop
      vertex 20 9.1 -2.5
      vertex 32.5 20 -2.5
      vertex 20.2778 9.07569 -2.5
    endloop
  endfacet
  facet normal 0 0 -1
    outer loop
      vertex 19.7222 9.07569 -2.5
      vertex 32.5 20 -2.5
      vertex 20 9.1 -2.5
    endloop
  endfacet
  facet normal 0 0 -1
    outer loop
      vertex 19.4528 9.00351 -2.5
      vertex 32.5 20 -2.5
      vertex 19.7222 9.07569 -2.5
    endloop
  endfacet
  facet normal 0 0 -1
    outer loop
      vertex 19.2 8.88564 -2.5
      vertex 32.5 20 -2.5
      vertex 19.4528 9.00351 -2.5
    endloop
  endfacet
  facet normal 0 0 -1
    outer loop
      vertex -19.2 8.88564 -2.5
      vertex 19.2 8.88564 -2.5
      vertex 18.9715 8.72567 -2.5
    endloop
  endfacet
  facet normal 0 0 -1
    outer loop
      vertex 18.4243 7.22216 -2.5
      vertex -18.4 7.5 -2.5
      vertex 18.4 7.5 -2.5
    endloop
  endfacet
  facet normal 0 0 -1
    outer loop
      vertex 18.4 7.5 -2.5
      vertex -18.4 7.5 -2.5
      vertex 18.4243 7.77784 -2.5
    endloop
  endfacet
  facet normal 0 0 -1
    outer loop
      vertex -18.4243 7.77784 -2.5
      vertex 18.4243 7.77784 -2.5
      vertex -18.4 7.5 -2.5
    endloop
  endfacet
  facet normal 0 0 -1
    outer loop
      vertex 18.4243 7.77784 -2.5
      vertex -18.4243 7.77784 -2.5
      vertex 18.4965 8.04723 -2.5
    endloop
  endfacet
  facet normal 0 0 -1
    outer loop
      vertex -18.4965 8.04723 -2.5
      vertex 18.4965 8.04723 -2.5
      vertex -18.4243 7.77784 -2.5
    endloop
  endfacet
  facet normal 0 0 -1
    outer loop
      vertex 18.4965 8.04723 -2.5
      vertex -18.4965 8.04723 -2.5
      vertex 18.6144 8.3 -2.5
    endloop
  endfacet
  facet normal 0 0 -1
    outer loop
      vertex -18.6144 8.3 -2.5
      vertex 18.6144 8.3 -2.5
      vertex -18.4965 8.04723 -2.5
    endloop
  endfacet
  facet normal 0 0 -1
    outer loop
      vertex 18.6144 8.3 -2.5
      vertex -18.6144 8.3 -2.5
      vertex 18.7743 8.52846 -2.5
    endloop
  endfacet
  facet normal 0 0 -1
    outer loop
      vertex -18.7743 8.52846 -2.5
      vertex 18.7743 8.52846 -2.5
      vertex -18.6144 8.3 -2.5
    endloop
  endfacet
  facet normal 0 0 -1
    outer loop
      vertex 18.7743 8.52846 -2.5
      vertex -18.7743 8.52846 -2.5
      vertex 18.9715 8.72567 -2.5
    endloop
  endfacet
  facet normal 0 0 -1
    outer loop
      vertex -18.9715 8.72567 -2.5
      vertex 18.9715 8.72567 -2.5
      vertex -18.7743 8.52846 -2.5
    endloop
  endfacet
  facet normal 0 0 -1
    outer loop
      vertex -19.2 8.88564 -2.5
      vertex 18.9715 8.72567 -2.5
      vertex -18.9715 8.72567 -2.5
    endloop
  endfacet
  facet normal 0 0 -1
    outer loop
      vertex 19.2 8.88564 -2.5
      vertex -19.2 8.88564 -2.5
      vertex 32.5 20 -2.5
    endloop
  endfacet
  facet normal 0 0 -1
    outer loop
      vertex -32.5 20 -2.5
      vertex -19.2 8.88564 -2.5
      vertex -19.4528 9.00351 -2.5
    endloop
  endfacet
  facet normal 0 0 -1
    outer loop
      vertex -32.5 20 -2.5
      vertex -19.4528 9.00351 -2.5
      vertex -19.7222 9.07569 -2.5
    endloop
  endfacet
  facet normal 0 0 -1
    outer loop
      vertex -32.5 20 -2.5
      vertex -19.7222 9.07569 -2.5
      vertex -20 9.1 -2.5
    endloop
  endfacet
  facet normal 0 0 -1
    outer loop
      vertex -32.5 20 -2.5
      vertex -20 9.1 -2.5
      vertex -20.2778 9.07569 -2.5
    endloop
  endfacet
  facet normal 0 0 -1
    outer loop
      vertex -21.5757 7.22216 -2.5
      vertex -32.5 20 -2.5
      vertex -21.6 7.5 -2.5
    endloop
  endfacet
  facet normal 0 0 -1
    outer loop
      vertex -21.6 7.5 -2.5
      vertex -32.5 20 -2.5
      vertex -21.5757 7.77784 -2.5
    endloop
  endfacet
  facet normal 0 0 -1
    outer loop
      vertex -19.2 8.88564 -2.5
      vertex -32.5 20 -2.5
      vertex 32.5 20 -2.5
    endloop
  endfacet
  facet normal 0 0 -1
    outer loop
      vertex -20.5472 9.00351 -2.5
      vertex -32.5 20 -2.5
      vertex -20.2778 9.07569 -2.5
    endloop
  endfacet
  facet normal 0 0 -1
    outer loop
      vertex -20.8 8.88564 -2.5
      vertex -32.5 20 -2.5
      vertex -20.5472 9.00351 -2.5
    endloop
  endfacet
  facet normal 0 0 -1
    outer loop
      vertex -21.0285 8.72567 -2.5
      vertex -32.5 20 -2.5
      vertex -20.8 8.88564 -2.5
    endloop
  endfacet
  facet normal 0 0 -1
    outer loop
      vertex -21.2257 8.52846 -2.5
      vertex -32.5 20 -2.5
      vertex -21.0285 8.72567 -2.5
    endloop
  endfacet
  facet normal 0 0 -1
    outer loop
      vertex -21.3856 8.3 -2.5
      vertex -32.5 20 -2.5
      vertex -21.2257 8.52846 -2.5
    endloop
  endfacet
  facet normal 0 0 -1
    outer loop
      vertex -21.5035 8.04723 -2.5
      vertex -32.5 20 -2.5
      vertex -21.3856 8.3 -2.5
    endloop
  endfacet
  facet normal 0 0 -1
    outer loop
      vertex -21.5757 7.77784 -2.5
      vertex -32.5 20 -2.5
      vertex -21.5035 8.04723 -2.5
    endloop
  endfacet
  facet normal -1 0 0
    outer loop
      vertex -32.5 -20 -2.5
      vertex -32.5 20 2.5
      vertex -32.5 20 -2.5
    endloop
  endfacet
  facet normal -1 -0 0
    outer loop
      vertex -32.5 20 2.5
      vertex -32.5 -20 -2.5
      vertex -32.5 -20 2.5
    endloop
  endfacet
  facet normal 0 1 -0
    outer loop
      vertex 32.5 20 -2.5
      vertex -32.5 20 2.5
      vertex 32.5 20 2.5
    endloop
  endfacet
  facet normal 0 1 0
    outer loop
      vertex -32.5 20 2.5
      vertex 32.5 20 -2.5
      vertex -32.5 20 -2.5
    endloop
  endfacet
  facet normal 0 -1 0
    outer loop
      vertex -32.5 -20 -2.5
      vertex 32.5 -20 2.5
      vertex -32.5 -20 2.5
    endloop
  endfacet
  facet normal 0 -1 -0
    outer loop
      vertex 32.5 -20 2.5
      vertex -32.5 -20 -2.5
      vertex 32.5 -20 -2.5
    endloop
  endfacet
  facet normal 0 0 1
    outer loop
      vertex 24 8.5 2.71
      vertex 23.2044 8.27094 2.71
      vertex 23.25 7.75 2.71
    endloop
  endfacet
  facet normal 0 0 1
    outer loop
      vertex 23.5981 10 2.71
      vertex 23.0691 8.77606 2.71
      vertex 23.2044 8.27094 2.71
    endloop
  endfacet
  facet normal 0 0 1
    outer loop
      vertex 22.5481 9.67836 2.71
      vertex 23.2981 10.4284 2.71
      vertex 22.9284 10.7981 2.71
    endloop
  endfacet
  facet normal 0 0 1
    outer loop
      vertex 23.5981 10 2.71
      vertex 22.8481 9.25 2.71
      vertex 23.0691 8.77606 2.71
    endloop
  endfacet
  facet normal 0 0 1
    outer loop
      vertex 23.5981 10 2.71
      vertex 22.5481 9.67836 2.71
      vertex 22.8481 9.25 2.71
    endloop
  endfacet
  facet normal 0 0 1
    outer loop
      vertex 22.1784 10.0481 2.71
      vertex 22.9284 10.7981 2.71
      vertex 22.5 11.0981 2.71
    endloop
  endfacet
  facet normal 0 0 1
    outer loop
      vertex 22.9284 10.7981 2.71
      vertex 22.1784 10.0481 2.71
      vertex 22.5481 9.67836 2.71
    endloop
  endfacet
  facet normal 0 0 1
    outer loop
      vertex 21.75 10.3481 2.71
      vertex 22.5 11.0981 2.71
      vertex 22.0261 11.3191 2.71
    endloop
  endfacet
  facet normal 0 0 1
    outer loop
      vertex 22.5 11.0981 2.71
      vertex 21.75 10.3481 2.71
      vertex 22.1784 10.0481 2.71
    endloop
  endfacet
  facet normal 0 0 1
    outer loop
      vertex 21.2761 10.5691 2.71
      vertex 22.0261 11.3191 2.71
      vertex 21.5209 11.4544 2.71
    endloop
  endfacet
  facet normal 0 0 1
    outer loop
      vertex 22.0261 11.3191 2.71
      vertex 21.2761 10.5691 2.71
      vertex 21.75 10.3481 2.71
    endloop
  endfacet
  facet normal 0 0 1
    outer loop
      vertex 21 11.5 2.71
      vertex 21.2761 10.5691 2.71
      vertex 21.5209 11.4544 2.71
    endloop
  endfacet
  facet normal 0 0 1
    outer loop
      vertex 21 11.5 2.71
      vertex 20.7709 10.7044 2.71
      vertex 21.2761 10.5691 2.71
    endloop
  endfacet
  facet normal 0 0 1
    outer loop
      vertex 21 11.5 2.71
      vertex 20.25 10.75 2.71
      vertex 20.7709 10.7044 2.71
    endloop
  endfacet
  facet normal 0 0 1
    outer loop
      vertex 21 11.5 2.71
      vertex -20.25 10.75 2.71
      vertex 20.25 10.75 2.71
    endloop
  endfacet
  facet normal -0 0 1
    outer loop
      vertex -21 11.5 2.71
      vertex -20.25 10.75 2.71
      vertex 21 11.5 2.71
    endloop
  endfacet
  facet normal 0 0 1
    outer loop
      vertex -21 11.5 2.71
      vertex -20.7709 10.7044 2.71
      vertex -20.25 10.75 2.71
    endloop
  endfacet
  facet normal 0 0 1
    outer loop
      vertex -21 11.5 2.71
      vertex -21.2761 10.5691 2.71
      vertex -20.7709 10.7044 2.71
    endloop
  endfacet
  facet normal -0 0 1
    outer loop
      vertex -21.5209 11.4544 2.71
      vertex -21.2761 10.5691 2.71
      vertex -21 11.5 2.71
    endloop
  endfacet
  facet normal -0 0 1
    outer loop
      vertex -22.0261 11.3191 2.71
      vertex -21.2761 10.5691 2.71
      vertex -21.5209 11.4544 2.71
    endloop
  endfacet
  facet normal 0 0 1
    outer loop
      vertex -21.2761 10.5691 2.71
      vertex -22.0261 11.3191 2.71
      vertex -21.75 10.3481 2.71
    endloop
  endfacet
  facet normal -0 0 1
    outer loop
      vertex -22.5 11.0981 2.71
      vertex -21.75 10.3481 2.71
      vertex -22.0261 11.3191 2.71
    endloop
  endfacet
  facet normal 0 0 1
    outer loop
      vertex -21.75 10.3481 2.71
      vertex -22.5 11.0981 2.71
      vertex -22.1784 10.0481 2.71
    endloop
  endfacet
  facet normal -0 0 1
    outer loop
      vertex -22.9284 10.7981 2.71
      vertex -22.1784 10.0481 2.71
      vertex -22.5 11.0981 2.71
    endloop
  endfacet
  facet normal 0 0 1
    outer loop
      vertex -22.1784 10.0481 2.71
      vertex -22.9284 10.7981 2.71
      vertex -22.5481 9.67836 2.71
    endloop
  endfacet
  facet normal -0 0 1
    outer loop
      vertex -23.2981 10.4284 2.71
      vertex -22.5481 9.67836 2.71
      vertex -22.9284 10.7981 2.71
    endloop
  endfacet
  facet normal -0 0 1
    outer loop
      vertex -23.5981 10 2.71
      vertex -22.5481 9.67836 2.71
      vertex -23.2981 10.4284 2.71
    endloop
  endfacet
  facet normal 0 0 1
    outer loop
      vertex -22.5481 9.67836 2.71
      vertex -23.5981 10 2.71
      vertex -22.8481 9.25 2.71
    endloop
  endfacet
  facet normal -0 0 1
    outer loop
      vertex -23.8191 9.52606 2.71
      vertex -22.8481 9.25 2.71
      vertex -23.5981 10 2.71
    endloop
  endfacet
  facet normal 0 0 1
    outer loop
      vertex -22.8481 9.25 2.71
      vertex -23.8191 9.52606 2.71
      vertex -23.0691 8.77606 2.71
    endloop
  endfacet
  facet normal -0 0 1
    outer loop
      vertex -23.9544 9.02094 2.71
      vertex -23.0691 8.77606 2.71
      vertex -23.8191 9.52606 2.71
    endloop
  endfacet
  facet normal 0 0 1
    outer loop
      vertex -24 8.5 2.71
      vertex -23.0691 8.77606 2.71
      vertex -23.9544 9.02094 2.71
    endloop
  endfacet
  facet normal 0 0 1
    outer loop
      vertex -23.0691 8.77606 2.71
      vertex -24 8.5 2.71
      vertex -23.2044 8.27094 2.71
    endloop
  endfacet
  facet normal 0 0 1
    outer loop
      vertex -23.2044 8.27094 2.71
      vertex -24 8.5 2.71
      vertex -23.25 7.75 2.71
    endloop
  endfacet
  facet normal 0 0 1
    outer loop
      vertex -24 3 2.71
      vertex -23.25 7.75 2.71
      vertex -24 8.5 2.71
    endloop
  endfacet
  facet normal 0 0 1
    outer loop
      vertex -23.25 7.75 2.71
      vertex -24 3 2.71
      vertex -23.25 3 2.71
    endloop
  endfacet
  facet normal 0 0 1
    outer loop
      vertex 23.2044 8.27094 2.71
      vertex 24 8.5 2.71
      vertex 23.9544 9.02094 2.71
    endloop
  endfacet
  facet normal 0 0 1
    outer loop
      vertex 23.2044 8.27094 2.71
      vertex 23.9544 9.02094 2.71
      vertex 23.8191 9.52606 2.71
    endloop
  endfacet
  facet normal 0 0 1
    outer loop
      vertex 23.2044 8.27094 2.71
      vertex 23.8191 9.52606 2.71
      vertex 23.5981 10 2.71
    endloop
  endfacet
  facet normal 0 0 1
    outer loop
      vertex 22.5481 9.67836 2.71
      vertex 23.5981 10 2.71
      vertex 23.2981 10.4284 2.71
    endloop
  endfacet
  facet normal 0 0 1
    outer loop
      vertex 24 8.5 2.71
      vertex 23.25 7.75 2.71
      vertex 24 4 2.71
    endloop
  endfacet
  facet normal 0 0 1
    outer loop
      vertex 24 4 2.71
      vertex 23.25 7.75 2.71
      vertex 23.25 4 2.71
    endloop
  endfacet
  facet normal -0 0 1
    outer loop
      vertex -24 -3 2.71
      vertex -23.25 -7.75 2.71
      vertex -23.25 -3 2.71
    endloop
  endfacet
  facet normal 0 -0 1
    outer loop
      vertex -23.9544 -9.02094 2.71
      vertex -23.25 -7.75 2.71
      vertex -24 -8.5 2.71
    endloop
  endfacet
  facet normal 0 0 1
    outer loop
      vertex -23.25 -7.75 2.71
      vertex -23.5981 -10 2.71
      vertex -23.2981 -10.4284 2.71
    endloop
  endfacet
  facet normal 0 0 1
    outer loop
      vertex -23.25 -7.75 2.71
      vertex -23.8191 -9.52606 2.71
      vertex -23.5981 -10 2.71
    endloop
  endfacet
  facet normal 0 0 1
    outer loop
      vertex -23.25 -7.75 2.71
      vertex -24 -3 2.71
      vertex -24 -8.5 2.71
    endloop
  endfacet
  facet normal 0 0 1
    outer loop
      vertex -23.25 -7.75 2.71
      vertex -23.9544 -9.02094 2.71
      vertex -23.8191 -9.52606 2.71
    endloop
  endfacet
  facet normal -0 0 1
    outer loop
      vertex 23.25 -7.75 2.71
      vertex 24 -8.5 2.71
      vertex 24 -4 2.71
    endloop
  endfacet
  facet normal -0 0 1
    outer loop
      vertex 23.2044 -8.27094 2.71
      vertex 24 -8.5 2.71
      vertex 23.25 -7.75 2.71
    endloop
  endfacet
  facet normal 0 0 1
    outer loop
      vertex 23.0691 -8.77606 2.71
      vertex 24 -8.5 2.71
      vertex 23.2044 -8.27094 2.71
    endloop
  endfacet
  facet normal 0 0 1
    outer loop
      vertex 24 -8.5 2.71
      vertex 23.0691 -8.77606 2.71
      vertex 23.9544 -9.02094 2.71
    endloop
  endfacet
  facet normal 0 0 1
    outer loop
      vertex 23.25 -7.75 2.71
      vertex 24 -4 2.71
      vertex 23.25 -4 2.71
    endloop
  endfacet
  facet normal 0 0 1
    outer loop
      vertex 23.9544 -9.02094 2.71
      vertex 23.0691 -8.77606 2.71
      vertex 23.8191 -9.52606 2.71
    endloop
  endfacet
  facet normal -0 0 1
    outer loop
      vertex 22.8481 -9.25 2.71
      vertex 23.8191 -9.52606 2.71
      vertex 23.0691 -8.77606 2.71
    endloop
  endfacet
  facet normal 0 0 1
    outer loop
      vertex 23.8191 -9.52606 2.71
      vertex 22.8481 -9.25 2.71
      vertex 23.5981 -10 2.71
    endloop
  endfacet
  facet normal -0 0 1
    outer loop
      vertex 22.5481 -9.67836 2.71
      vertex 23.5981 -10 2.71
      vertex 22.8481 -9.25 2.71
    endloop
  endfacet
  facet normal 0 0 1
    outer loop
      vertex 23.5981 -10 2.71
      vertex 22.5481 -9.67836 2.71
      vertex 23.2981 -10.4284 2.71
    endloop
  endfacet
  facet normal 0 0 1
    outer loop
      vertex 23.2981 -10.4284 2.71
      vertex 22.5481 -9.67836 2.71
      vertex 22.9284 -10.7981 2.71
    endloop
  endfacet
  facet normal -0 0 1
    outer loop
      vertex 22.1784 -10.0481 2.71
      vertex 22.9284 -10.7981 2.71
      vertex 22.5481 -9.67836 2.71
    endloop
  endfacet
  facet normal 0 0 1
    outer loop
      vertex 22.9284 -10.7981 2.71
      vertex 22.1784 -10.0481 2.71
      vertex 22.5 -11.0981 2.71
    endloop
  endfacet
  facet normal -0 0 1
    outer loop
      vertex 21.75 -10.3481 2.71
      vertex 22.5 -11.0981 2.71
      vertex 22.1784 -10.0481 2.71
    endloop
  endfacet
  facet normal 0 0 1
    outer loop
      vertex 22.5 -11.0981 2.71
      vertex 21.75 -10.3481 2.71
      vertex 22.0261 -11.3191 2.71
    endloop
  endfacet
  facet normal -0 0 1
    outer loop
      vertex 21.2761 -10.5691 2.71
      vertex 22.0261 -11.3191 2.71
      vertex 21.75 -10.3481 2.71
    endloop
  endfacet
  facet normal 0 0 1
    outer loop
      vertex 22.0261 -11.3191 2.71
      vertex 21.2761 -10.5691 2.71
      vertex 21.5209 -11.4544 2.71
    endloop
  endfacet
  facet normal 0 0 1
    outer loop
      vertex 21.2761 -10.5691 2.71
      vertex 21 -11.5 2.71
      vertex 21.5209 -11.4544 2.71
    endloop
  endfacet
  facet normal -0 0 1
    outer loop
      vertex 20.7709 -10.7044 2.71
      vertex 21 -11.5 2.71
      vertex 21.2761 -10.5691 2.71
    endloop
  endfacet
  facet normal -0 0 1
    outer loop
      vertex 20.25 -10.75 2.71
      vertex 21 -11.5 2.71
      vertex 20.7709 -10.7044 2.71
    endloop
  endfacet
  facet normal -0 0 1
    outer loop
      vertex -20.25 -10.75 2.71
      vertex 21 -11.5 2.71
      vertex 20.25 -10.75 2.71
    endloop
  endfacet
  facet normal 0 0 1
    outer loop
      vertex -20.25 -10.75 2.71
      vertex -21 -11.5 2.71
      vertex 21 -11.5 2.71
    endloop
  endfacet
  facet normal 0 0 1
    outer loop
      vertex -20.7709 -10.7044 2.71
      vertex -21 -11.5 2.71
      vertex -20.25 -10.75 2.71
    endloop
  endfacet
  facet normal 0 0 1
    outer loop
      vertex -21.2761 -10.5691 2.71
      vertex -21 -11.5 2.71
      vertex -20.7709 -10.7044 2.71
    endloop
  endfacet
  facet normal 0 0 1
    outer loop
      vertex -21.2761 -10.5691 2.71
      vertex -21.5209 -11.4544 2.71
      vertex -21 -11.5 2.71
    endloop
  endfacet
  facet normal 0 0 1
    outer loop
      vertex -22.0261 -11.3191 2.71
      vertex -21.2761 -10.5691 2.71
      vertex -21.75 -10.3481 2.71
    endloop
  endfacet
  facet normal 0 0 1
    outer loop
      vertex -21.2761 -10.5691 2.71
      vertex -22.0261 -11.3191 2.71
      vertex -21.5209 -11.4544 2.71
    endloop
  endfacet
  facet normal 0 0 1
    outer loop
      vertex -22.5 -11.0981 2.71
      vertex -21.75 -10.3481 2.71
      vertex -22.1784 -10.0481 2.71
    endloop
  endfacet
  facet normal 0 0 1
    outer loop
      vertex -21.75 -10.3481 2.71
      vertex -22.5 -11.0981 2.71
      vertex -22.0261 -11.3191 2.71
    endloop
  endfacet
  facet normal 0 0 1
    outer loop
      vertex -22.9284 -10.7981 2.71
      vertex -22.1784 -10.0481 2.71
      vertex -22.5481 -9.67836 2.71
    endloop
  endfacet
  facet normal 0 0 1
    outer loop
      vertex -23.2981 -10.4284 2.71
      vertex -22.5481 -9.67836 2.71
      vertex -22.8481 -9.25 2.71
    endloop
  endfacet
  facet normal 0 0 1
    outer loop
      vertex -22.1784 -10.0481 2.71
      vertex -22.9284 -10.7981 2.71
      vertex -22.5 -11.0981 2.71
    endloop
  endfacet
  facet normal 0 0 1
    outer loop
      vertex -23.2981 -10.4284 2.71
      vertex -22.8481 -9.25 2.71
      vertex -23.0691 -8.77606 2.71
    endloop
  endfacet
  facet normal 0 0 1
    outer loop
      vertex -23.2981 -10.4284 2.71
      vertex -23.0691 -8.77606 2.71
      vertex -23.2044 -8.27094 2.71
    endloop
  endfacet
  facet normal 0 0 1
    outer loop
      vertex -22.5481 -9.67836 2.71
      vertex -23.2981 -10.4284 2.71
      vertex -22.9284 -10.7981 2.71
    endloop
  endfacet
  facet normal 0 0 1
    outer loop
      vertex -23.2981 -10.4284 2.71
      vertex -23.2044 -8.27094 2.71
      vertex -23.25 -7.75 2.71
    endloop
  endfacet
  facet normal -0 0 1
    outer loop
      vertex -23.4 1 2.71
      vertex -23.25 -1 2.71
      vertex -23.25 1 2.71
    endloop
  endfacet
  facet normal 0 0 1
    outer loop
      vertex -23.25 -1 2.71
      vertex -23.4 1 2.71
      vertex -23.4 -1 2.71
    endloop
  endfacet
  facet normal -0 0 1
    outer loop
      vertex 23.25 2 2.71
      vertex 23.4 -2 2.71
      vertex 23.4 2 2.71
    endloop
  endfacet
  facet normal 0 0 1
    outer loop
      vertex 23.4 -2 2.71
      vertex 23.25 2 2.71
      vertex 23.25 -2 2.71
    endloop
  endfacet
  facet normal 0.422645 -0.906295 0
    outer loop
      vertex 22.0261 -11.3191 2.5
      vertex 22.5 -11.0981 2.71
      vertex 22.0261 -11.3191 2.71
    endloop
  endfacet
  facet normal 0.422645 -0.906295 0
    outer loop
      vertex 22.5 -11.0981 2.71
      vertex 22.0261 -11.3191 2.5
      vertex 22.5 -11.0981 2.5
    endloop
  endfacet
  facet normal -0.906309 0.422615 0
    outer loop
      vertex -23.8191 9.52606 2.5
      vertex -23.5981 10 2.71
      vertex -23.5981 10 2.5
    endloop
  endfacet
  facet normal -0.906309 0.422615 0
    outer loop
      vertex -23.5981 10 2.71
      vertex -23.8191 9.52606 2.5
      vertex -23.8191 9.52606 2.71
    endloop
  endfacet
  facet normal 0 1 -0
    outer loop
      vertex 21 11.5 2.5
      vertex -21 11.5 2.71
      vertex 21 11.5 2.71
    endloop
  endfacet
  facet normal 0 1 0
    outer loop
      vertex -21 11.5 2.71
      vertex 21 11.5 2.5
      vertex -21 11.5 2.5
    endloop
  endfacet
  facet normal 0.258698 0.965958 -0
    outer loop
      vertex 22.0261 11.3191 2.5
      vertex 21.5209 11.4544 2.71
      vertex 22.0261 11.3191 2.71
    endloop
  endfacet
  facet normal 0.258698 0.965958 0
    outer loop
      vertex 21.5209 11.4544 2.71
      vertex 22.0261 11.3191 2.5
      vertex 21.5209 11.4544 2.5
    endloop
  endfacet
  facet normal -1 0 0
    outer loop
      vertex -24 8.5 2.5
      vertex -24 3 2.6
      vertex -24 8.5 2.71
    endloop
  endfacet
  facet normal -1 0 0
    outer loop
      vertex -24 8.5 2.5
      vertex -24 -3 2.6
      vertex -24 3 2.6
    endloop
  endfacet
  facet normal -1 0 0
    outer loop
      vertex -24 -8.5 2.5
      vertex -24 -3 2.6
      vertex -24 8.5 2.5
    endloop
  endfacet
  facet normal -1 0 0
    outer loop
      vertex -24 -8.5 2.71
      vertex -24 -3 2.6
      vertex -24 -8.5 2.5
    endloop
  endfacet
  facet normal -1 0 0
    outer loop
      vertex -24 -3 2.6
      vertex -24 -8.5 2.71
      vertex -24 -3 2.71
    endloop
  endfacet
  facet normal -1 -0 0
    outer loop
      vertex -24 8.5 2.71
      vertex -24 3 2.6
      vertex -24 3 2.71
    endloop
  endfacet
  facet normal -0.422645 0.906295 0
    outer loop
      vertex -22.0261 11.3191 2.5
      vertex -22.5 11.0981 2.71
      vertex -22.0261 11.3191 2.71
    endloop
  endfacet
  facet normal -0.422645 0.906295 0
    outer loop
      vertex -22.5 11.0981 2.71
      vertex -22.0261 11.3191 2.5
      vertex -22.5 11.0981 2.5
    endloop
  endfacet
  facet normal 0.707107 -0.707107 0
    outer loop
      vertex 22.9284 -10.7981 2.5
      vertex 23.2981 -10.4284 2.71
      vertex 22.9284 -10.7981 2.71
    endloop
  endfacet
  facet normal 0.707107 -0.707107 0
    outer loop
      vertex 23.2981 -10.4284 2.71
      vertex 22.9284 -10.7981 2.5
      vertex 23.2981 -10.4284 2.5
    endloop
  endfacet
  facet normal 1 0 0
    outer loop
      vertex 24 -4 2.71
      vertex 24 -8.5 2.71
      vertex 24 -4 2.6
    endloop
  endfacet
  facet normal 1 0 0
    outer loop
      vertex 24 4 2.6
      vertex 24 8.5 2.71
      vertex 24 4 2.71
    endloop
  endfacet
  facet normal 1 0 0
    outer loop
      vertex 24 8.5 2.71
      vertex 24 4 2.6
      vertex 24 8.5 2.5
    endloop
  endfacet
  facet normal 1 -0 0
    outer loop
      vertex 24 -4 2.6
      vertex 24 8.5 2.5
      vertex 24 4 2.6
    endloop
  endfacet
  facet normal 1 0 0
    outer loop
      vertex 24 -4 2.6
      vertex 24 -8.5 2.5
      vertex 24 8.5 2.5
    endloop
  endfacet
  facet normal 1 0 0
    outer loop
      vertex 24 -8.5 2.5
      vertex 24 -4 2.6
      vertex 24 -8.5 2.71
    endloop
  endfacet
  facet normal 0 -1 0
    outer loop
      vertex -21 -11.5 2.5
      vertex 21 -11.5 2.71
      vertex -21 -11.5 2.71
    endloop
  endfacet
  facet normal 0 -1 -0
    outer loop
      vertex 21 -11.5 2.71
      vertex -21 -11.5 2.5
      vertex 21 -11.5 2.5
    endloop
  endfacet
  facet normal 0.996191 -0.0872006 0
    outer loop
      vertex 23.9544 -9.02094 2.71
      vertex 24 -8.5 2.5
      vertex 24 -8.5 2.71
    endloop
  endfacet
  facet normal 0.996191 -0.0872006 0
    outer loop
      vertex 24 -8.5 2.5
      vertex 23.9544 -9.02094 2.71
      vertex 23.9544 -9.02094 2.5
    endloop
  endfacet
  facet normal -0.965948 0.258736 0
    outer loop
      vertex -23.9544 9.02094 2.5
      vertex -23.8191 9.52606 2.71
      vertex -23.8191 9.52606 2.5
    endloop
  endfacet
  facet normal -0.965948 0.258736 0
    outer loop
      vertex -23.8191 9.52606 2.71
      vertex -23.9544 9.02094 2.5
      vertex -23.9544 9.02094 2.71
    endloop
  endfacet
  facet normal 0.965948 -0.258736 0
    outer loop
      vertex 23.8191 -9.52606 2.71
      vertex 23.9544 -9.02094 2.5
      vertex 23.9544 -9.02094 2.71
    endloop
  endfacet
  facet normal 0.965948 -0.258736 0
    outer loop
      vertex 23.9544 -9.02094 2.5
      vertex 23.8191 -9.52606 2.71
      vertex 23.8191 -9.52606 2.5
    endloop
  endfacet
  facet normal -0.819124 0.573616 0
    outer loop
      vertex -23.5981 10 2.5
      vertex -23.2981 10.4284 2.71
      vertex -23.2981 10.4284 2.5
    endloop
  endfacet
  facet normal -0.819124 0.573616 0
    outer loop
      vertex -23.2981 10.4284 2.71
      vertex -23.5981 10 2.5
      vertex -23.5981 10 2.71
    endloop
  endfacet
  facet normal -0.573616 0.819124 0
    outer loop
      vertex -22.5 11.0981 2.5
      vertex -22.9284 10.7981 2.71
      vertex -22.5 11.0981 2.71
    endloop
  endfacet
  facet normal -0.573616 0.819124 0
    outer loop
      vertex -22.9284 10.7981 2.71
      vertex -22.5 11.0981 2.5
      vertex -22.9284 10.7981 2.5
    endloop
  endfacet
  facet normal 0.0872073 0.99619 -0
    outer loop
      vertex 21.5209 11.4544 2.5
      vertex 21 11.5 2.71
      vertex 21.5209 11.4544 2.71
    endloop
  endfacet
  facet normal 0.0872073 0.99619 0
    outer loop
      vertex 21 11.5 2.71
      vertex 21.5209 11.4544 2.5
      vertex 21 11.5 2.5
    endloop
  endfacet
  facet normal 0.0872073 -0.99619 0
    outer loop
      vertex 21 -11.5 2.5
      vertex 21.5209 -11.4544 2.71
      vertex 21 -11.5 2.71
    endloop
  endfacet
  facet normal 0.0872073 -0.99619 0
    outer loop
      vertex 21.5209 -11.4544 2.71
      vertex 21 -11.5 2.5
      vertex 21.5209 -11.4544 2.5
    endloop
  endfacet
  facet normal 0.573616 0.819124 -0
    outer loop
      vertex 22.9284 10.7981 2.5
      vertex 22.5 11.0981 2.71
      vertex 22.9284 10.7981 2.71
    endloop
  endfacet
  facet normal 0.573616 0.819124 0
    outer loop
      vertex 22.5 11.0981 2.71
      vertex 22.9284 10.7981 2.5
      vertex 22.5 11.0981 2.5
    endloop
  endfacet
  facet normal 0.906309 0.422615 0
    outer loop
      vertex 23.8191 9.52606 2.71
      vertex 23.5981 10 2.5
      vertex 23.5981 10 2.71
    endloop
  endfacet
  facet normal 0.906309 0.422615 0
    outer loop
      vertex 23.5981 10 2.5
      vertex 23.8191 9.52606 2.71
      vertex 23.8191 9.52606 2.5
    endloop
  endfacet
  facet normal 0.819124 -0.573616 0
    outer loop
      vertex 23.2981 -10.4284 2.71
      vertex 23.5981 -10 2.5
      vertex 23.5981 -10 2.71
    endloop
  endfacet
  facet normal 0.819124 -0.573616 0
    outer loop
      vertex 23.5981 -10 2.5
      vertex 23.2981 -10.4284 2.71
      vertex 23.2981 -10.4284 2.5
    endloop
  endfacet
  facet normal -0.996191 0.0872006 0
    outer loop
      vertex -24 8.5 2.5
      vertex -23.9544 9.02094 2.71
      vertex -23.9544 9.02094 2.5
    endloop
  endfacet
  facet normal -0.996191 0.0872006 0
    outer loop
      vertex -23.9544 9.02094 2.71
      vertex -24 8.5 2.5
      vertex -24 8.5 2.71
    endloop
  endfacet
  facet normal -0.258698 -0.965958 0
    outer loop
      vertex -22.0261 -11.3191 2.5
      vertex -21.5209 -11.4544 2.71
      vertex -22.0261 -11.3191 2.71
    endloop
  endfacet
  facet normal -0.258698 -0.965958 -0
    outer loop
      vertex -21.5209 -11.4544 2.71
      vertex -22.0261 -11.3191 2.5
      vertex -21.5209 -11.4544 2.5
    endloop
  endfacet
  facet normal -0.707107 0.707107 0
    outer loop
      vertex -22.9284 10.7981 2.5
      vertex -23.2981 10.4284 2.71
      vertex -22.9284 10.7981 2.71
    endloop
  endfacet
  facet normal -0.707107 0.707107 0
    outer loop
      vertex -23.2981 10.4284 2.71
      vertex -22.9284 10.7981 2.5
      vertex -23.2981 10.4284 2.5
    endloop
  endfacet
  facet normal 0.258698 -0.965958 0
    outer loop
      vertex 21.5209 -11.4544 2.5
      vertex 22.0261 -11.3191 2.71
      vertex 21.5209 -11.4544 2.71
    endloop
  endfacet
  facet normal 0.258698 -0.965958 0
    outer loop
      vertex 22.0261 -11.3191 2.71
      vertex 21.5209 -11.4544 2.5
      vertex 22.0261 -11.3191 2.5
    endloop
  endfacet
  facet normal -0.996191 -0.0872006 0
    outer loop
      vertex -23.9544 -9.02094 2.5
      vertex -24 -8.5 2.71
      vertex -24 -8.5 2.5
    endloop
  endfacet
  facet normal -0.996191 -0.0872006 0
    outer loop
      vertex -24 -8.5 2.71
      vertex -23.9544 -9.02094 2.5
      vertex -23.9544 -9.02094 2.71
    endloop
  endfacet
  facet normal 0.906309 -0.422615 0
    outer loop
      vertex 23.5981 -10 2.71
      vertex 23.8191 -9.52606 2.5
      vertex 23.8191 -9.52606 2.71
    endloop
  endfacet
  facet normal 0.906309 -0.422615 0
    outer loop
      vertex 23.8191 -9.52606 2.5
      vertex 23.5981 -10 2.71
      vertex 23.5981 -10 2.5
    endloop
  endfacet
  facet normal -0.573616 -0.819124 0
    outer loop
      vertex -22.9284 -10.7981 2.5
      vertex -22.5 -11.0981 2.71
      vertex -22.9284 -10.7981 2.71
    endloop
  endfacet
  facet normal -0.573616 -0.819124 -0
    outer loop
      vertex -22.5 -11.0981 2.71
      vertex -22.9284 -10.7981 2.5
      vertex -22.5 -11.0981 2.5
    endloop
  endfacet
  facet normal -0.0872073 -0.99619 0
    outer loop
      vertex -21.5209 -11.4544 2.5
      vertex -21 -11.5 2.71
      vertex -21.5209 -11.4544 2.71
    endloop
  endfacet
  facet normal -0.0872073 -0.99619 -0
    outer loop
      vertex -21 -11.5 2.71
      vertex -21.5209 -11.4544 2.5
      vertex -21 -11.5 2.5
    endloop
  endfacet
  facet normal -0.0872073 0.99619 0
    outer loop
      vertex -21 11.5 2.5
      vertex -21.5209 11.4544 2.71
      vertex -21 11.5 2.71
    endloop
  endfacet
  facet normal -0.0872073 0.99619 0
    outer loop
      vertex -21.5209 11.4544 2.71
      vertex -21 11.5 2.5
      vertex -21.5209 11.4544 2.5
    endloop
  endfacet
  facet normal -0.258698 0.965958 0
    outer loop
      vertex -21.5209 11.4544 2.5
      vertex -22.0261 11.3191 2.71
      vertex -21.5209 11.4544 2.71
    endloop
  endfacet
  facet normal -0.258698 0.965958 0
    outer loop
      vertex -22.0261 11.3191 2.71
      vertex -21.5209 11.4544 2.5
      vertex -22.0261 11.3191 2.5
    endloop
  endfacet
  facet normal 0.707107 0.707107 -0
    outer loop
      vertex 23.2981 10.4284 2.5
      vertex 22.9284 10.7981 2.71
      vertex 23.2981 10.4284 2.71
    endloop
  endfacet
  facet normal 0.707107 0.707107 0
    outer loop
      vertex 22.9284 10.7981 2.71
      vertex 23.2981 10.4284 2.5
      vertex 22.9284 10.7981 2.5
    endloop
  endfacet
  facet normal -0.906309 -0.422615 0
    outer loop
      vertex -23.5981 -10 2.5
      vertex -23.8191 -9.52606 2.71
      vertex -23.8191 -9.52606 2.5
    endloop
  endfacet
  facet normal -0.906309 -0.422615 0
    outer loop
      vertex -23.8191 -9.52606 2.71
      vertex -23.5981 -10 2.5
      vertex -23.5981 -10 2.71
    endloop
  endfacet
  facet normal 0.422645 0.906295 -0
    outer loop
      vertex 22.5 11.0981 2.5
      vertex 22.0261 11.3191 2.71
      vertex 22.5 11.0981 2.71
    endloop
  endfacet
  facet normal 0.422645 0.906295 0
    outer loop
      vertex 22.0261 11.3191 2.71
      vertex 22.5 11.0981 2.5
      vertex 22.0261 11.3191 2.5
    endloop
  endfacet
  facet normal -0.422645 -0.906295 0
    outer loop
      vertex -22.5 -11.0981 2.5
      vertex -22.0261 -11.3191 2.71
      vertex -22.5 -11.0981 2.71
    endloop
  endfacet
  facet normal -0.422645 -0.906295 -0
    outer loop
      vertex -22.0261 -11.3191 2.71
      vertex -22.5 -11.0981 2.5
      vertex -22.0261 -11.3191 2.5
    endloop
  endfacet
  facet normal 0.996191 0.0872006 0
    outer loop
      vertex 24 8.5 2.71
      vertex 23.9544 9.02094 2.5
      vertex 23.9544 9.02094 2.71
    endloop
  endfacet
  facet normal 0.996191 0.0872006 0
    outer loop
      vertex 23.9544 9.02094 2.5
      vertex 24 8.5 2.71
      vertex 24 8.5 2.5
    endloop
  endfacet
  facet normal 0.965948 0.258736 0
    outer loop
      vertex 23.9544 9.02094 2.71
      vertex 23.8191 9.52606 2.5
      vertex 23.8191 9.52606 2.71
    endloop
  endfacet
  facet normal 0.965948 0.258736 0
    outer loop
      vertex 23.8191 9.52606 2.5
      vertex 23.9544 9.02094 2.71
      vertex 23.9544 9.02094 2.5
    endloop
  endfacet
  facet normal 0.573616 -0.819124 0
    outer loop
      vertex 22.5 -11.0981 2.5
      vertex 22.9284 -10.7981 2.71
      vertex 22.5 -11.0981 2.71
    endloop
  endfacet
  facet normal 0.573616 -0.819124 0
    outer loop
      vertex 22.9284 -10.7981 2.71
      vertex 22.5 -11.0981 2.5
      vertex 22.9284 -10.7981 2.5
    endloop
  endfacet
  facet normal -0.819124 -0.573616 0
    outer loop
      vertex -23.2981 -10.4284 2.5
      vertex -23.5981 -10 2.71
      vertex -23.5981 -10 2.5
    endloop
  endfacet
  facet normal -0.819124 -0.573616 0
    outer loop
      vertex -23.5981 -10 2.71
      vertex -23.2981 -10.4284 2.5
      vertex -23.2981 -10.4284 2.71
    endloop
  endfacet
  facet normal 0.819124 0.573616 0
    outer loop
      vertex 23.5981 10 2.71
      vertex 23.2981 10.4284 2.5
      vertex 23.2981 10.4284 2.71
    endloop
  endfacet
  facet normal 0.819124 0.573616 0
    outer loop
      vertex 23.2981 10.4284 2.5
      vertex 23.5981 10 2.71
      vertex 23.5981 10 2.5
    endloop
  endfacet
  facet normal -0.707107 -0.707107 0
    outer loop
      vertex -23.2981 -10.4284 2.5
      vertex -22.9284 -10.7981 2.71
      vertex -23.2981 -10.4284 2.71
    endloop
  endfacet
  facet normal -0.707107 -0.707107 -0
    outer loop
      vertex -22.9284 -10.7981 2.71
      vertex -23.2981 -10.4284 2.5
      vertex -22.9284 -10.7981 2.5
    endloop
  endfacet
  facet normal 0 0 -1
    outer loop
      vertex 23.0691 -8.77606 2.5
      vertex 24 -8.5 2.5
      vertex 23.9544 -9.02094 2.5
    endloop
  endfacet
  facet normal 0 0 -1
    outer loop
      vertex 24 -8.5 2.5
      vertex 23.25 -7.75 2.5
      vertex 24 8.5 2.5
    endloop
  endfacet
  facet normal 0 0 -1
    outer loop
      vertex 23.0691 -8.77606 2.5
      vertex 23.9544 -9.02094 2.5
      vertex 23.8191 -9.52606 2.5
    endloop
  endfacet
  facet normal 0 0 -1
    outer loop
      vertex 23.25 7.75 2.5
      vertex 24 8.5 2.5
      vertex 23.25 -7.75 2.5
    endloop
  endfacet
  facet normal 0 0 -1
    outer loop
      vertex 22.8481 -9.25 2.5
      vertex 23.8191 -9.52606 2.5
      vertex 23.5981 -10 2.5
    endloop
  endfacet
  facet normal 0 0 -1
    outer loop
      vertex 23.2044 8.27094 2.5
      vertex 24 8.5 2.5
      vertex 23.25 7.75 2.5
    endloop
  endfacet
  facet normal 0 0 -1
    outer loop
      vertex 22.5481 -9.67836 2.5
      vertex 23.5981 -10 2.5
      vertex 23.2981 -10.4284 2.5
    endloop
  endfacet
  facet normal 0 0 -1
    outer loop
      vertex 23.0691 8.77606 2.5
      vertex 24 8.5 2.5
      vertex 23.2044 8.27094 2.5
    endloop
  endfacet
  facet normal 0 0 -1
    outer loop
      vertex 24 8.5 2.5
      vertex 23.0691 8.77606 2.5
      vertex 23.9544 9.02094 2.5
    endloop
  endfacet
  facet normal 0 0 -1
    outer loop
      vertex 24 -8.5 2.5
      vertex 23.2044 -8.27094 2.5
      vertex 23.25 -7.75 2.5
    endloop
  endfacet
  facet normal -0 0 -1
    outer loop
      vertex 24 -8.5 2.5
      vertex 23.0691 -8.77606 2.5
      vertex 23.2044 -8.27094 2.5
    endloop
  endfacet
  facet normal 0 0 -1
    outer loop
      vertex 22.5481 -9.67836 2.5
      vertex 23.2981 -10.4284 2.5
      vertex 22.9284 -10.7981 2.5
    endloop
  endfacet
  facet normal 0 0 -1
    outer loop
      vertex 23.8191 -9.52606 2.5
      vertex 22.8481 -9.25 2.5
      vertex 23.0691 -8.77606 2.5
    endloop
  endfacet
  facet normal 0 0 -1
    outer loop
      vertex 23.5981 -10 2.5
      vertex 22.5481 -9.67836 2.5
      vertex 22.8481 -9.25 2.5
    endloop
  endfacet
  facet normal 0 0 -1
    outer loop
      vertex 22.1784 -10.0481 2.5
      vertex 22.9284 -10.7981 2.5
      vertex 22.5 -11.0981 2.5
    endloop
  endfacet
  facet normal 0 0 -1
    outer loop
      vertex 22.9284 -10.7981 2.5
      vertex 22.1784 -10.0481 2.5
      vertex 22.5481 -9.67836 2.5
    endloop
  endfacet
  facet normal 0 0 -1
    outer loop
      vertex 21.75 -10.3481 2.5
      vertex 22.5 -11.0981 2.5
      vertex 22.0261 -11.3191 2.5
    endloop
  endfacet
  facet normal 0 0 -1
    outer loop
      vertex 22.5 -11.0981 2.5
      vertex 21.75 -10.3481 2.5
      vertex 22.1784 -10.0481 2.5
    endloop
  endfacet
  facet normal 0 0 -1
    outer loop
      vertex 21.2761 -10.5691 2.5
      vertex 22.0261 -11.3191 2.5
      vertex 21.5209 -11.4544 2.5
    endloop
  endfacet
  facet normal 0 0 -1
    outer loop
      vertex 22.0261 -11.3191 2.5
      vertex 21.2761 -10.5691 2.5
      vertex 21.75 -10.3481 2.5
    endloop
  endfacet
  facet normal 0 0 -1
    outer loop
      vertex 21 -11.5 2.5
      vertex 21.2761 -10.5691 2.5
      vertex 21.5209 -11.4544 2.5
    endloop
  endfacet
  facet normal 0 0 -1
    outer loop
      vertex 21 -11.5 2.5
      vertex 20.7709 -10.7044 2.5
      vertex 21.2761 -10.5691 2.5
    endloop
  endfacet
  facet normal 0 0 -1
    outer loop
      vertex 21 -11.5 2.5
      vertex 20.25 -10.75 2.5
      vertex 20.7709 -10.7044 2.5
    endloop
  endfacet
  facet normal 0 0 -1
    outer loop
      vertex 21 -11.5 2.5
      vertex -20.25 -10.75 2.5
      vertex 20.25 -10.75 2.5
    endloop
  endfacet
  facet normal 0 0 -1
    outer loop
      vertex -21 -11.5 2.5
      vertex -20.25 -10.75 2.5
      vertex 21 -11.5 2.5
    endloop
  endfacet
  facet normal 0 0 -1
    outer loop
      vertex -21 -11.5 2.5
      vertex -20.7709 -10.7044 2.5
      vertex -20.25 -10.75 2.5
    endloop
  endfacet
  facet normal 0 0 -1
    outer loop
      vertex -21 -11.5 2.5
      vertex -21.2761 -10.5691 2.5
      vertex -20.7709 -10.7044 2.5
    endloop
  endfacet
  facet normal 0 0 -1
    outer loop
      vertex -21.5209 -11.4544 2.5
      vertex -21.2761 -10.5691 2.5
      vertex -21 -11.5 2.5
    endloop
  endfacet
  facet normal 0 0 -1
    outer loop
      vertex -22.0261 -11.3191 2.5
      vertex -21.2761 -10.5691 2.5
      vertex -21.5209 -11.4544 2.5
    endloop
  endfacet
  facet normal -0 0 -1
    outer loop
      vertex -21.2761 -10.5691 2.5
      vertex -22.0261 -11.3191 2.5
      vertex -21.75 -10.3481 2.5
    endloop
  endfacet
  facet normal 0 0 -1
    outer loop
      vertex -22.5 -11.0981 2.5
      vertex -21.75 -10.3481 2.5
      vertex -22.0261 -11.3191 2.5
    endloop
  endfacet
  facet normal -0 0 -1
    outer loop
      vertex -21.75 -10.3481 2.5
      vertex -22.5 -11.0981 2.5
      vertex -22.1784 -10.0481 2.5
    endloop
  endfacet
  facet normal 0 0 -1
    outer loop
      vertex -22.9284 -10.7981 2.5
      vertex -22.1784 -10.0481 2.5
      vertex -22.5 -11.0981 2.5
    endloop
  endfacet
  facet normal -0 0 -1
    outer loop
      vertex -22.1784 -10.0481 2.5
      vertex -22.9284 -10.7981 2.5
      vertex -22.5481 -9.67836 2.5
    endloop
  endfacet
  facet normal 0 0 -1
    outer loop
      vertex -23.2981 -10.4284 2.5
      vertex -22.5481 -9.67836 2.5
      vertex -22.9284 -10.7981 2.5
    endloop
  endfacet
  facet normal 0 0 -1
    outer loop
      vertex -23.5981 -10 2.5
      vertex -22.5481 -9.67836 2.5
      vertex -23.2981 -10.4284 2.5
    endloop
  endfacet
  facet normal -0 0 -1
    outer loop
      vertex -22.5481 -9.67836 2.5
      vertex -23.5981 -10 2.5
      vertex -22.8481 -9.25 2.5
    endloop
  endfacet
  facet normal 0 0 -1
    outer loop
      vertex -23.9544 -9.02094 2.5
      vertex -23.0691 -8.77606 2.5
      vertex -23.8191 -9.52606 2.5
    endloop
  endfacet
  facet normal -0 0 -1
    outer loop
      vertex -22.8481 -9.25 2.5
      vertex -23.8191 -9.52606 2.5
      vertex -23.0691 -8.77606 2.5
    endloop
  endfacet
  facet normal 0 0 -1
    outer loop
      vertex -23.8191 -9.52606 2.5
      vertex -22.8481 -9.25 2.5
      vertex -23.5981 -10 2.5
    endloop
  endfacet
  facet normal -0 0 -1
    outer loop
      vertex 23.9544 9.02094 2.5
      vertex 23.0691 8.77606 2.5
      vertex 23.8191 9.52606 2.5
    endloop
  endfacet
  facet normal 0 0 -1
    outer loop
      vertex 22.8481 9.25 2.5
      vertex 23.8191 9.52606 2.5
      vertex 23.0691 8.77606 2.5
    endloop
  endfacet
  facet normal -0 0 -1
    outer loop
      vertex 23.8191 9.52606 2.5
      vertex 22.8481 9.25 2.5
      vertex 23.5981 10 2.5
    endloop
  endfacet
  facet normal 0 0 -1
    outer loop
      vertex 22.5481 9.67836 2.5
      vertex 23.5981 10 2.5
      vertex 22.8481 9.25 2.5
    endloop
  endfacet
  facet normal -0 0 -1
    outer loop
      vertex 23.5981 10 2.5
      vertex 22.5481 9.67836 2.5
      vertex 23.2981 10.4284 2.5
    endloop
  endfacet
  facet normal -0 0 -1
    outer loop
      vertex 23.2981 10.4284 2.5
      vertex 22.5481 9.67836 2.5
      vertex 22.9284 10.7981 2.5
    endloop
  endfacet
  facet normal 0 0 -1
    outer loop
      vertex 22.1784 10.0481 2.5
      vertex 22.9284 10.7981 2.5
      vertex 22.5481 9.67836 2.5
    endloop
  endfacet
  facet normal -0 0 -1
    outer loop
      vertex 22.9284 10.7981 2.5
      vertex 22.1784 10.0481 2.5
      vertex 22.5 11.0981 2.5
    endloop
  endfacet
  facet normal 0 0 -1
    outer loop
      vertex 21.75 10.3481 2.5
      vertex 22.5 11.0981 2.5
      vertex 22.1784 10.0481 2.5
    endloop
  endfacet
  facet normal -0 0 -1
    outer loop
      vertex 22.5 11.0981 2.5
      vertex 21.75 10.3481 2.5
      vertex 22.0261 11.3191 2.5
    endloop
  endfacet
  facet normal 0 0 -1
    outer loop
      vertex 21.2761 10.5691 2.5
      vertex 22.0261 11.3191 2.5
      vertex 21.75 10.3481 2.5
    endloop
  endfacet
  facet normal -0 0 -1
    outer loop
      vertex 22.0261 11.3191 2.5
      vertex 21.2761 10.5691 2.5
      vertex 21.5209 11.4544 2.5
    endloop
  endfacet
  facet normal 0 0 -1
    outer loop
      vertex 21.2761 10.5691 2.5
      vertex 21 11.5 2.5
      vertex 21.5209 11.4544 2.5
    endloop
  endfacet
  facet normal 0 0 -1
    outer loop
      vertex 20.7709 10.7044 2.5
      vertex 21 11.5 2.5
      vertex 21.2761 10.5691 2.5
    endloop
  endfacet
  facet normal 0 0 -1
    outer loop
      vertex 20.25 10.75 2.5
      vertex 21 11.5 2.5
      vertex 20.7709 10.7044 2.5
    endloop
  endfacet
  facet normal 0 0 -1
    outer loop
      vertex -20.25 10.75 2.5
      vertex 21 11.5 2.5
      vertex 20.25 10.75 2.5
    endloop
  endfacet
  facet normal 0 0 -1
    outer loop
      vertex -20.25 10.75 2.5
      vertex -21 11.5 2.5
      vertex 21 11.5 2.5
    endloop
  endfacet
  facet normal 0 0 -1
    outer loop
      vertex -20.7709 10.7044 2.5
      vertex -21 11.5 2.5
      vertex -20.25 10.75 2.5
    endloop
  endfacet
  facet normal 0 0 -1
    outer loop
      vertex -21.2761 10.5691 2.5
      vertex -21 11.5 2.5
      vertex -20.7709 10.7044 2.5
    endloop
  endfacet
  facet normal 0 0 -1
    outer loop
      vertex -21.2761 10.5691 2.5
      vertex -21.5209 11.4544 2.5
      vertex -21 11.5 2.5
    endloop
  endfacet
  facet normal 0 0 -1
    outer loop
      vertex -22.0261 11.3191 2.5
      vertex -21.2761 10.5691 2.5
      vertex -21.75 10.3481 2.5
    endloop
  endfacet
  facet normal 0 0 -1
    outer loop
      vertex -21.2761 10.5691 2.5
      vertex -22.0261 11.3191 2.5
      vertex -21.5209 11.4544 2.5
    endloop
  endfacet
  facet normal 0 0 -1
    outer loop
      vertex -22.5 11.0981 2.5
      vertex -21.75 10.3481 2.5
      vertex -22.1784 10.0481 2.5
    endloop
  endfacet
  facet normal 0 0 -1
    outer loop
      vertex -21.75 10.3481 2.5
      vertex -22.5 11.0981 2.5
      vertex -22.0261 11.3191 2.5
    endloop
  endfacet
  facet normal 0 0 -1
    outer loop
      vertex -22.9284 10.7981 2.5
      vertex -22.1784 10.0481 2.5
      vertex -22.5481 9.67836 2.5
    endloop
  endfacet
  facet normal 0 0 -1
    outer loop
      vertex -23.5981 10 2.5
      vertex -22.5481 9.67836 2.5
      vertex -22.8481 9.25 2.5
    endloop
  endfacet
  facet normal 0 0 -1
    outer loop
      vertex -22.1784 10.0481 2.5
      vertex -22.9284 10.7981 2.5
      vertex -22.5 11.0981 2.5
    endloop
  endfacet
  facet normal 0 0 -1
    outer loop
      vertex -23.8191 9.52606 2.5
      vertex -22.8481 9.25 2.5
      vertex -23.0691 8.77606 2.5
    endloop
  endfacet
  facet normal 0 0 -1
    outer loop
      vertex -24 8.5 2.5
      vertex -23.0691 8.77606 2.5
      vertex -23.2044 8.27094 2.5
    endloop
  endfacet
  facet normal 0 0 -1
    outer loop
      vertex -22.5481 9.67836 2.5
      vertex -23.2981 10.4284 2.5
      vertex -22.9284 10.7981 2.5
    endloop
  endfacet
  facet normal 0 0 -1
    outer loop
      vertex -24 8.5 2.5
      vertex -23.2044 8.27094 2.5
      vertex -23.25 7.75 2.5
    endloop
  endfacet
  facet normal -0 0 -1
    outer loop
      vertex -23.25 -7.75 2.5
      vertex -24 -8.5 2.5
      vertex -23.25 7.75 2.5
    endloop
  endfacet
  facet normal 0 0 -1
    outer loop
      vertex -24 -8.5 2.5
      vertex -23.0691 -8.77606 2.5
      vertex -23.9544 -9.02094 2.5
    endloop
  endfacet
  facet normal 0 0 -1
    outer loop
      vertex -24 8.5 2.5
      vertex -23.25 7.75 2.5
      vertex -24 -8.5 2.5
    endloop
  endfacet
  facet normal 0 0 -1
    outer loop
      vertex -23.0691 -8.77606 2.5
      vertex -24 -8.5 2.5
      vertex -23.2044 -8.27094 2.5
    endloop
  endfacet
  facet normal -0 0 -1
    outer loop
      vertex -23.0691 8.77606 2.5
      vertex -24 8.5 2.5
      vertex -23.9544 9.02094 2.5
    endloop
  endfacet
  facet normal -0 0 -1
    outer loop
      vertex -23.2044 -8.27094 2.5
      vertex -24 -8.5 2.5
      vertex -23.25 -7.75 2.5
    endloop
  endfacet
  facet normal 0 0 -1
    outer loop
      vertex -22.5481 9.67836 2.5
      vertex -23.5981 10 2.5
      vertex -23.2981 10.4284 2.5
    endloop
  endfacet
  facet normal 0 0 -1
    outer loop
      vertex -22.8481 9.25 2.5
      vertex -23.8191 9.52606 2.5
      vertex -23.5981 10 2.5
    endloop
  endfacet
  facet normal 0 0 -1
    outer loop
      vertex -23.0691 8.77606 2.5
      vertex -23.9544 9.02094 2.5
      vertex -23.8191 9.52606 2.5
    endloop
  endfacet
  facet normal -0.965948 -0.258736 0
    outer loop
      vertex -23.8191 -9.52606 2.5
      vertex -23.9544 -9.02094 2.71
      vertex -23.9544 -9.02094 2.5
    endloop
  endfacet
  facet normal -0.965948 -0.258736 0
    outer loop
      vertex -23.9544 -9.02094 2.71
      vertex -23.8191 -9.52606 2.5
      vertex -23.8191 -9.52606 2.71
    endloop
  endfacet
  facet normal 0 1 -0
    outer loop
      vertex 20.25 -10.75 2.5
      vertex -20.25 -10.75 2.71
      vertex 20.25 -10.75 2.71
    endloop
  endfacet
  facet normal 0 1 0
    outer loop
      vertex -20.25 -10.75 2.71
      vertex 20.25 -10.75 2.5
      vertex -20.25 -10.75 2.5
    endloop
  endfacet
  facet normal -0.573616 -0.819124 0
    outer loop
      vertex 21.75 10.3481 2.5
      vertex 22.1784 10.0481 2.71
      vertex 21.75 10.3481 2.71
    endloop
  endfacet
  facet normal -0.573616 -0.819124 -0
    outer loop
      vertex 22.1784 10.0481 2.71
      vertex 21.75 10.3481 2.5
      vertex 22.1784 10.0481 2.5
    endloop
  endfacet
  facet normal 0.258698 0.965958 -0
    outer loop
      vertex -20.7709 -10.7044 2.5
      vertex -21.2761 -10.5691 2.71
      vertex -20.7709 -10.7044 2.71
    endloop
  endfacet
  facet normal 0.258698 0.965958 0
    outer loop
      vertex -21.2761 -10.5691 2.71
      vertex -20.7709 -10.7044 2.5
      vertex -21.2761 -10.5691 2.5
    endloop
  endfacet
  facet normal -0.707145 0.707069 0
    outer loop
      vertex 22.5481 -9.67836 2.5
      vertex 22.1784 -10.0481 2.71
      vertex 22.5481 -9.67836 2.71
    endloop
  endfacet
  facet normal -0.707145 0.707069 0
    outer loop
      vertex 22.1784 -10.0481 2.71
      vertex 22.5481 -9.67836 2.5
      vertex 22.1784 -10.0481 2.5
    endloop
  endfacet
  facet normal 0.996191 0.0872006 0
    outer loop
      vertex -23.2044 -8.27094 2.71
      vertex -23.25 -7.75 2.5
      vertex -23.25 -7.75 2.71
    endloop
  endfacet
  facet normal 0.996191 0.0872006 0
    outer loop
      vertex -23.25 -7.75 2.5
      vertex -23.2044 -8.27094 2.71
      vertex -23.2044 -8.27094 2.5
    endloop
  endfacet
  facet normal -0.422645 -0.906295 0
    outer loop
      vertex 21.2761 10.5691 2.5
      vertex 21.75 10.3481 2.71
      vertex 21.2761 10.5691 2.71
    endloop
  endfacet
  facet normal -0.422645 -0.906295 -0
    outer loop
      vertex 21.75 10.3481 2.71
      vertex 21.2761 10.5691 2.5
      vertex 21.75 10.3481 2.5
    endloop
  endfacet
  facet normal 0.573616 -0.819124 0
    outer loop
      vertex -22.1784 10.0481 2.5
      vertex -21.75 10.3481 2.71
      vertex -22.1784 10.0481 2.71
    endloop
  endfacet
  facet normal 0.573616 -0.819124 0
    outer loop
      vertex -21.75 10.3481 2.71
      vertex -22.1784 10.0481 2.5
      vertex -21.75 10.3481 2.5
    endloop
  endfacet
  facet normal 0.422645 0.906295 -0
    outer loop
      vertex -21.2761 -10.5691 2.5
      vertex -21.75 -10.3481 2.71
      vertex -21.2761 -10.5691 2.71
    endloop
  endfacet
  facet normal 0.422645 0.906295 0
    outer loop
      vertex -21.75 -10.3481 2.71
      vertex -21.2761 -10.5691 2.5
      vertex -21.75 -10.3481 2.5
    endloop
  endfacet
  facet normal 1 0 0
    outer loop
      vertex -23.25 -3 2.71
      vertex -23.25 -7.75 2.71
      vertex -23.25 -3 2.6
    endloop
  endfacet
  facet normal 1 0 0
    outer loop
      vertex -23.25 1 2.71
      vertex -23.25 -1 2.71
      vertex -23.25 1 2.6
    endloop
  endfacet
  facet normal 1 0 0
    outer loop
      vertex -23.25 3 2.6
      vertex -23.25 7.75 2.71
      vertex -23.25 3 2.71
    endloop
  endfacet
  facet normal 1 0 0
    outer loop
      vertex -23.25 7.75 2.71
      vertex -23.25 3 2.6
      vertex -23.25 7.75 2.5
    endloop
  endfacet
  facet normal 1 -0 0
    outer loop
      vertex -23.25 1 2.6
      vertex -23.25 7.75 2.5
      vertex -23.25 3 2.6
    endloop
  endfacet
  facet normal 1 0 0
    outer loop
      vertex -23.25 -1 2.6
      vertex -23.25 1 2.6
      vertex -23.25 -1 2.71
    endloop
  endfacet
  facet normal 1 -0 0
    outer loop
      vertex -23.25 -1 2.6
      vertex -23.25 7.75 2.5
      vertex -23.25 1 2.6
    endloop
  endfacet
  facet normal 1 -0 0
    outer loop
      vertex -23.25 -3 2.6
      vertex -23.25 7.75 2.5
      vertex -23.25 -1 2.6
    endloop
  endfacet
  facet normal 1 0 0
    outer loop
      vertex -23.25 -3 2.6
      vertex -23.25 -7.75 2.5
      vertex -23.25 7.75 2.5
    endloop
  endfacet
  facet normal 1 0 0
    outer loop
      vertex -23.25 -7.75 2.5
      vertex -23.25 -3 2.6
      vertex -23.25 -7.75 2.71
    endloop
  endfacet
  facet normal 0.906309 -0.422615 0
    outer loop
      vertex -23.0691 8.77606 2.71
      vertex -22.8481 9.25 2.5
      vertex -22.8481 9.25 2.71
    endloop
  endfacet
  facet normal 0.906309 -0.422615 0
    outer loop
      vertex -22.8481 9.25 2.5
      vertex -23.0691 8.77606 2.71
      vertex -23.0691 8.77606 2.5
    endloop
  endfacet
  facet normal 0.819099 0.573652 0
    outer loop
      vertex -22.5481 -9.67836 2.71
      vertex -22.8481 -9.25 2.5
      vertex -22.8481 -9.25 2.71
    endloop
  endfacet
  facet normal 0.819099 0.573652 0
    outer loop
      vertex -22.8481 -9.25 2.5
      vertex -22.5481 -9.67836 2.71
      vertex -22.5481 -9.67836 2.5
    endloop
  endfacet
  facet normal 0.0872073 -0.99619 0
    outer loop
      vertex -20.7709 10.7044 2.5
      vertex -20.25 10.75 2.71
      vertex -20.7709 10.7044 2.71
    endloop
  endfacet
  facet normal 0.0872073 -0.99619 0
    outer loop
      vertex -20.25 10.75 2.71
      vertex -20.7709 10.7044 2.5
      vertex -20.25 10.75 2.5
    endloop
  endfacet
  facet normal -0.0872073 -0.99619 0
    outer loop
      vertex 20.25 10.75 2.5
      vertex 20.7709 10.7044 2.71
      vertex 20.25 10.75 2.71
    endloop
  endfacet
  facet normal -0.0872073 -0.99619 -0
    outer loop
      vertex 20.7709 10.7044 2.71
      vertex 20.25 10.75 2.5
      vertex 20.7709 10.7044 2.5
    endloop
  endfacet
  facet normal -0.422645 0.906295 0
    outer loop
      vertex 21.75 -10.3481 2.5
      vertex 21.2761 -10.5691 2.71
      vertex 21.75 -10.3481 2.71
    endloop
  endfacet
  facet normal -0.422645 0.906295 0
    outer loop
      vertex 21.2761 -10.5691 2.71
      vertex 21.75 -10.3481 2.5
      vertex 21.2761 -10.5691 2.5
    endloop
  endfacet
  facet normal -1 0 0
    outer loop
      vertex 23.25 7.75 2.5
      vertex 23.25 4 2.6
      vertex 23.25 7.75 2.71
    endloop
  endfacet
  facet normal -1 0 0
    outer loop
      vertex 23.25 7.75 2.5
      vertex 23.25 2 2.6
      vertex 23.25 4 2.6
    endloop
  endfacet
  facet normal -1 0 0
    outer loop
      vertex 23.25 2 2.6
      vertex 23.25 -2 2.6
      vertex 23.25 2 2.71
    endloop
  endfacet
  facet normal -1 0 0
    outer loop
      vertex 23.25 7.75 2.5
      vertex 23.25 -2 2.6
      vertex 23.25 2 2.6
    endloop
  endfacet
  facet normal -1 0 0
    outer loop
      vertex 23.25 -7.75 2.5
      vertex 23.25 -2 2.6
      vertex 23.25 7.75 2.5
    endloop
  endfacet
  facet normal -1 -0 0
    outer loop
      vertex 23.25 -2 2.6
      vertex 23.25 -7.75 2.5
      vertex 23.25 -4 2.6
    endloop
  endfacet
  facet normal -1 0 0
    outer loop
      vertex 23.25 -7.75 2.71
      vertex 23.25 -4 2.6
      vertex 23.25 -7.75 2.5
    endloop
  endfacet
  facet normal -1 0 0
    outer loop
      vertex 23.25 -4 2.6
      vertex 23.25 -7.75 2.71
      vertex 23.25 -4 2.71
    endloop
  endfacet
  facet normal -1 -0 0
    outer loop
      vertex 23.25 7.75 2.71
      vertex 23.25 4 2.6
      vertex 23.25 4 2.71
    endloop
  endfacet
  facet normal -1 -0 0
    outer loop
      vertex 23.25 2 2.71
      vertex 23.25 -2 2.6
      vertex 23.25 -2 2.71
    endloop
  endfacet
  facet normal 0.422645 -0.906295 0
    outer loop
      vertex -21.75 10.3481 2.5
      vertex -21.2761 10.5691 2.71
      vertex -21.75 10.3481 2.71
    endloop
  endfacet
  facet normal 0.422645 -0.906295 0
    outer loop
      vertex -21.2761 10.5691 2.71
      vertex -21.75 10.3481 2.5
      vertex -21.2761 10.5691 2.5
    endloop
  endfacet
  facet normal 0 -1 0
    outer loop
      vertex -20.25 10.75 2.5
      vertex 20.25 10.75 2.71
      vertex -20.25 10.75 2.71
    endloop
  endfacet
  facet normal 0 -1 -0
    outer loop
      vertex 20.25 10.75 2.71
      vertex -20.25 10.75 2.5
      vertex 20.25 10.75 2.5
    endloop
  endfacet
  facet normal -0.258698 -0.965958 0
    outer loop
      vertex 20.7709 10.7044 2.5
      vertex 21.2761 10.5691 2.71
      vertex 20.7709 10.7044 2.71
    endloop
  endfacet
  facet normal -0.258698 -0.965958 -0
    outer loop
      vertex 21.2761 10.5691 2.71
      vertex 20.7709 10.7044 2.5
      vertex 21.2761 10.5691 2.5
    endloop
  endfacet
  facet normal -0.573616 0.819124 0
    outer loop
      vertex 22.1784 -10.0481 2.5
      vertex 21.75 -10.3481 2.71
      vertex 22.1784 -10.0481 2.71
    endloop
  endfacet
  facet normal -0.573616 0.819124 0
    outer loop
      vertex 21.75 -10.3481 2.71
      vertex 22.1784 -10.0481 2.5
      vertex 21.75 -10.3481 2.5
    endloop
  endfacet
  facet normal -0.996191 0.0872006 0
    outer loop
      vertex 23.2044 -8.27094 2.5
      vertex 23.25 -7.75 2.71
      vertex 23.25 -7.75 2.5
    endloop
  endfacet
  facet normal -0.996191 0.0872006 0
    outer loop
      vertex 23.25 -7.75 2.71
      vertex 23.2044 -8.27094 2.5
      vertex 23.2044 -8.27094 2.71
    endloop
  endfacet
  facet normal -0.996191 -0.0872006 0
    outer loop
      vertex 23.25 7.75 2.5
      vertex 23.2044 8.27094 2.71
      vertex 23.2044 8.27094 2.5
    endloop
  endfacet
  facet normal -0.996191 -0.0872006 0
    outer loop
      vertex 23.2044 8.27094 2.71
      vertex 23.25 7.75 2.5
      vertex 23.25 7.75 2.71
    endloop
  endfacet
  facet normal 0.965948 -0.258736 0
    outer loop
      vertex -23.2044 8.27094 2.71
      vertex -23.0691 8.77606 2.5
      vertex -23.0691 8.77606 2.71
    endloop
  endfacet
  facet normal 0.965948 -0.258736 0
    outer loop
      vertex -23.0691 8.77606 2.5
      vertex -23.2044 8.27094 2.71
      vertex -23.2044 8.27094 2.5
    endloop
  endfacet
  facet normal 0.707145 0.707069 -0
    outer loop
      vertex -22.1784 -10.0481 2.5
      vertex -22.5481 -9.67836 2.71
      vertex -22.1784 -10.0481 2.71
    endloop
  endfacet
  facet normal 0.707145 0.707069 0
    outer loop
      vertex -22.5481 -9.67836 2.71
      vertex -22.1784 -10.0481 2.5
      vertex -22.5481 -9.67836 2.5
    endloop
  endfacet
  facet normal -0.906309 0.422615 0
    outer loop
      vertex 22.8481 -9.25 2.5
      vertex 23.0691 -8.77606 2.71
      vertex 23.0691 -8.77606 2.5
    endloop
  endfacet
  facet normal -0.906309 0.422615 0
    outer loop
      vertex 23.0691 -8.77606 2.71
      vertex 22.8481 -9.25 2.5
      vertex 22.8481 -9.25 2.71
    endloop
  endfacet
  facet normal 0.573616 0.819124 -0
    outer loop
      vertex -21.75 -10.3481 2.5
      vertex -22.1784 -10.0481 2.71
      vertex -21.75 -10.3481 2.71
    endloop
  endfacet
  facet normal 0.573616 0.819124 0
    outer loop
      vertex -22.1784 -10.0481 2.71
      vertex -21.75 -10.3481 2.5
      vertex -22.1784 -10.0481 2.5
    endloop
  endfacet
  facet normal 0.707145 -0.707069 0
    outer loop
      vertex -22.5481 9.67836 2.5
      vertex -22.1784 10.0481 2.71
      vertex -22.5481 9.67836 2.71
    endloop
  endfacet
  facet normal 0.707145 -0.707069 0
    outer loop
      vertex -22.1784 10.0481 2.71
      vertex -22.5481 9.67836 2.5
      vertex -22.1784 10.0481 2.5
    endloop
  endfacet
  facet normal -0.965948 -0.258736 0
    outer loop
      vertex 23.2044 8.27094 2.5
      vertex 23.0691 8.77606 2.71
      vertex 23.0691 8.77606 2.5
    endloop
  endfacet
  facet normal -0.965948 -0.258736 0
    outer loop
      vertex 23.0691 8.77606 2.71
      vertex 23.2044 8.27094 2.5
      vertex 23.2044 8.27094 2.71
    endloop
  endfacet
  facet normal 0.996191 -0.0872006 0
    outer loop
      vertex -23.25 7.75 2.71
      vertex -23.2044 8.27094 2.5
      vertex -23.2044 8.27094 2.71
    endloop
  endfacet
  facet normal 0.996191 -0.0872006 0
    outer loop
      vertex -23.2044 8.27094 2.5
      vertex -23.25 7.75 2.71
      vertex -23.25 7.75 2.5
    endloop
  endfacet
  facet normal -0.258698 0.965958 0
    outer loop
      vertex 21.2761 -10.5691 2.5
      vertex 20.7709 -10.7044 2.71
      vertex 21.2761 -10.5691 2.71
    endloop
  endfacet
  facet normal -0.258698 0.965958 0
    outer loop
      vertex 20.7709 -10.7044 2.71
      vertex 21.2761 -10.5691 2.5
      vertex 20.7709 -10.7044 2.5
    endloop
  endfacet
  facet normal -0.0872073 0.99619 0
    outer loop
      vertex 20.7709 -10.7044 2.5
      vertex 20.25 -10.75 2.71
      vertex 20.7709 -10.7044 2.71
    endloop
  endfacet
  facet normal -0.0872073 0.99619 0
    outer loop
      vertex 20.25 -10.75 2.71
      vertex 20.7709 -10.7044 2.5
      vertex 20.25 -10.75 2.5
    endloop
  endfacet
  facet normal 0.0872073 0.99619 -0
    outer loop
      vertex -20.25 -10.75 2.5
      vertex -20.7709 -10.7044 2.71
      vertex -20.25 -10.75 2.71
    endloop
  endfacet
  facet normal 0.0872073 0.99619 0
    outer loop
      vertex -20.7709 -10.7044 2.71
      vertex -20.25 -10.75 2.5
      vertex -20.7709 -10.7044 2.5
    endloop
  endfacet
  facet normal -0.819099 0.573652 0
    outer loop
      vertex 22.5481 -9.67836 2.5
      vertex 22.8481 -9.25 2.71
      vertex 22.8481 -9.25 2.5
    endloop
  endfacet
  facet normal -0.819099 0.573652 0
    outer loop
      vertex 22.8481 -9.25 2.71
      vertex 22.5481 -9.67836 2.5
      vertex 22.5481 -9.67836 2.71
    endloop
  endfacet
  facet normal 0.258698 -0.965958 0
    outer loop
      vertex -21.2761 10.5691 2.5
      vertex -20.7709 10.7044 2.71
      vertex -21.2761 10.5691 2.71
    endloop
  endfacet
  facet normal 0.258698 -0.965958 0
    outer loop
      vertex -20.7709 10.7044 2.71
      vertex -21.2761 10.5691 2.5
      vertex -20.7709 10.7044 2.5
    endloop
  endfacet
  facet normal 0.819099 -0.573652 0
    outer loop
      vertex -22.8481 9.25 2.71
      vertex -22.5481 9.67836 2.5
      vertex -22.5481 9.67836 2.71
    endloop
  endfacet
  facet normal 0.819099 -0.573652 0
    outer loop
      vertex -22.5481 9.67836 2.5
      vertex -22.8481 9.25 2.71
      vertex -22.8481 9.25 2.5
    endloop
  endfacet
  facet normal -0.707145 -0.707069 0
    outer loop
      vertex 22.1784 10.0481 2.5
      vertex 22.5481 9.67836 2.71
      vertex 22.1784 10.0481 2.71
    endloop
  endfacet
  facet normal -0.707145 -0.707069 -0
    outer loop
      vertex 22.5481 9.67836 2.71
      vertex 22.1784 10.0481 2.5
      vertex 22.5481 9.67836 2.5
    endloop
  endfacet
  facet normal -0.906309 -0.422615 0
    outer loop
      vertex 23.0691 8.77606 2.5
      vertex 22.8481 9.25 2.71
      vertex 22.8481 9.25 2.5
    endloop
  endfacet
  facet normal -0.906309 -0.422615 0
    outer loop
      vertex 22.8481 9.25 2.71
      vertex 23.0691 8.77606 2.5
      vertex 23.0691 8.77606 2.71
    endloop
  endfacet
  facet normal -0.965948 0.258736 0
    outer loop
      vertex 23.0691 -8.77606 2.5
      vertex 23.2044 -8.27094 2.71
      vertex 23.2044 -8.27094 2.5
    endloop
  endfacet
  facet normal -0.965948 0.258736 0
    outer loop
      vertex 23.2044 -8.27094 2.71
      vertex 23.0691 -8.77606 2.5
      vertex 23.0691 -8.77606 2.71
    endloop
  endfacet
  facet normal 0.906309 0.422615 0
    outer loop
      vertex -22.8481 -9.25 2.71
      vertex -23.0691 -8.77606 2.5
      vertex -23.0691 -8.77606 2.71
    endloop
  endfacet
  facet normal 0.906309 0.422615 0
    outer loop
      vertex -23.0691 -8.77606 2.5
      vertex -22.8481 -9.25 2.71
      vertex -22.8481 -9.25 2.5
    endloop
  endfacet
  facet normal -0.819099 -0.573652 0
    outer loop
      vertex 22.8481 9.25 2.5
      vertex 22.5481 9.67836 2.71
      vertex 22.5481 9.67836 2.5
    endloop
  endfacet
  facet normal -0.819099 -0.573652 0
    outer loop
      vertex 22.5481 9.67836 2.71
      vertex 22.8481 9.25 2.5
      vertex 22.8481 9.25 2.71
    endloop
  endfacet
  facet normal 0.965948 0.258736 0
    outer loop
      vertex -23.0691 -8.77606 2.71
      vertex -23.2044 -8.27094 2.5
      vertex -23.2044 -8.27094 2.71
    endloop
  endfacet
  facet normal 0.965948 0.258736 0
    outer loop
      vertex -23.2044 -8.27094 2.5
      vertex -23.0691 -8.77606 2.71
      vertex -23.0691 -8.77606 2.5
    endloop
  endfacet
  facet normal -1 0 0
    outer loop
      vertex 21 -4 2.6
      vertex 21 -2 22.6
      vertex 21 -2 2.6
    endloop
  endfacet
  facet normal -1 -0 0
    outer loop
      vertex 21 -2 22.6
      vertex 21 -4 2.6
      vertex 21 -4 22.6
    endloop
  endfacet
  facet normal -1 0 0
    outer loop
      vertex 21 2 2.6
      vertex 21 4 22.6
      vertex 21 4 2.6
    endloop
  endfacet
  facet normal -1 -0 0
    outer loop
      vertex 21 4 22.6
      vertex 21 2 2.6
      vertex 21 2 22.6
    endloop
  endfacet
  facet normal 0 0 1
    outer loop
      vertex 25.5 4 22.6
      vertex 23.4 2 22.6
      vertex 25.5 -4 22.6
    endloop
  endfacet
  facet normal -0 0 1
    outer loop
      vertex 21 4 22.6
      vertex 23.4 2 22.6
      vertex 25.5 4 22.6
    endloop
  endfacet
  facet normal 0 0 1
    outer loop
      vertex 23.4 2 22.6
      vertex 21 4 22.6
      vertex 21 2 22.6
    endloop
  endfacet
  facet normal -0 0 1
    outer loop
      vertex 23.4 -2 22.6
      vertex 25.5 -4 22.6
      vertex 23.4 2 22.6
    endloop
  endfacet
  facet normal 0 0 1
    outer loop
      vertex 21 -4 22.6
      vertex 23.4 -2 22.6
      vertex 21 -2 22.6
    endloop
  endfacet
  facet normal 0 0 1
    outer loop
      vertex 23.4 -2 22.6
      vertex 21 -4 22.6
      vertex 25.5 -4 22.6
    endloop
  endfacet
  facet normal 0 0 -1
    outer loop
      vertex 21 -4 2.6
      vertex 23.25 -2 2.6
      vertex 23.25 -4 2.6
    endloop
  endfacet
  facet normal -0 0 -1
    outer loop
      vertex 23.25 -2 2.6
      vertex 21 -4 2.6
      vertex 21 -2 2.6
    endloop
  endfacet
  facet normal 0 0 -1
    outer loop
      vertex 21 2 2.6
      vertex 23.25 4 2.6
      vertex 23.25 2 2.6
    endloop
  endfacet
  facet normal -0 0 -1
    outer loop
      vertex 23.25 4 2.6
      vertex 21 2 2.6
      vertex 21 4 2.6
    endloop
  endfacet
  facet normal 0 0 -1
    outer loop
      vertex 24 -4 2.6
      vertex 25.5 4 2.6
      vertex 25.5 -4 2.6
    endloop
  endfacet
  facet normal -0 0 -1
    outer loop
      vertex 25.5 4 2.6
      vertex 24 -4 2.6
      vertex 24 4 2.6
    endloop
  endfacet
  facet normal 1 -0 0
    outer loop
      vertex 25.5 -4 22.6
      vertex 25.5 4 2.6
      vertex 25.5 4 22.6
    endloop
  endfacet
  facet normal 1 0 0
    outer loop
      vertex 25.5 4 2.6
      vertex 25.5 -4 22.6
      vertex 25.5 -4 2.6
    endloop
  endfacet
  facet normal 0 -1 0
    outer loop
      vertex 21 -4 22.6
      vertex 23.25 -4 2.71
      vertex 25.5 -4 22.6
    endloop
  endfacet
  facet normal 0 -1 0
    outer loop
      vertex 21 -4 2.6
      vertex 23.25 -4 2.71
      vertex 21 -4 22.6
    endloop
  endfacet
  facet normal 0 -1 -0
    outer loop
      vertex 23.25 -4 2.71
      vertex 21 -4 2.6
      vertex 23.25 -4 2.6
    endloop
  endfacet
  facet normal 0 -1 0
    outer loop
      vertex 24 -4 2.71
      vertex 25.5 -4 22.6
      vertex 23.25 -4 2.71
    endloop
  endfacet
  facet normal 0 -1 0
    outer loop
      vertex 25.5 -4 2.6
      vertex 24 -4 2.71
      vertex 24 -4 2.6
    endloop
  endfacet
  facet normal 0 -1 0
    outer loop
      vertex 24 -4 2.71
      vertex 25.5 -4 2.6
      vertex 25.5 -4 22.6
    endloop
  endfacet
  facet normal 0 1 0
    outer loop
      vertex 23.25 4 2.71
      vertex 25.5 4 22.6
      vertex 24 4 2.71
    endloop
  endfacet
  facet normal 0 1 -0
    outer loop
      vertex 25.5 4 2.6
      vertex 24 4 2.71
      vertex 25.5 4 22.6
    endloop
  endfacet
  facet normal 0 1 0
    outer loop
      vertex 24 4 2.71
      vertex 25.5 4 2.6
      vertex 24 4 2.6
    endloop
  endfacet
  facet normal 0 1 0
    outer loop
      vertex 25.5 4 22.6
      vertex 23.25 4 2.71
      vertex 21 4 22.6
    endloop
  endfacet
  facet normal 0 1 0
    outer loop
      vertex 21 4 2.6
      vertex 23.25 4 2.71
      vertex 23.25 4 2.6
    endloop
  endfacet
  facet normal 0 1 0
    outer loop
      vertex 23.25 4 2.71
      vertex 21 4 2.6
      vertex 21 4 22.6
    endloop
  endfacet
  facet normal -1 0 0
    outer loop
      vertex 23.4 -2 2.71
      vertex 23.4 2 22.6
      vertex 23.4 2 2.71
    endloop
  endfacet
  facet normal -1 -0 0
    outer loop
      vertex 23.4 2 22.6
      vertex 23.4 -2 2.71
      vertex 23.4 -2 22.6
    endloop
  endfacet
  facet normal 0 1 0
    outer loop
      vertex 23.25 -2 2.71
      vertex 23.4 -2 22.6
      vertex 23.4 -2 2.71
    endloop
  endfacet
  facet normal 0 1 0
    outer loop
      vertex 23.4 -2 22.6
      vertex 23.25 -2 2.71
      vertex 21 -2 22.6
    endloop
  endfacet
  facet normal 0 1 0
    outer loop
      vertex 21 -2 2.6
      vertex 23.25 -2 2.71
      vertex 23.25 -2 2.6
    endloop
  endfacet
  facet normal 0 1 0
    outer loop
      vertex 23.25 -2 2.71
      vertex 21 -2 2.6
      vertex 21 -2 22.6
    endloop
  endfacet
  facet normal 0 -1 0
    outer loop
      vertex 21 2 22.6
      vertex 23.25 2 2.71
      vertex 23.4 2 22.6
    endloop
  endfacet
  facet normal 0 -1 0
    outer loop
      vertex 21 2 2.6
      vertex 23.25 2 2.71
      vertex 21 2 22.6
    endloop
  endfacet
  facet normal 0 -1 -0
    outer loop
      vertex 23.25 2 2.71
      vertex 21 2 2.6
      vertex 23.25 2 2.6
    endloop
  endfacet
  facet normal 0 -1 -0
    outer loop
      vertex 23.4 2 22.6
      vertex 23.25 2 2.71
      vertex 23.4 2 2.71
    endloop
  endfacet
  facet normal 1 -0 0
    outer loop
      vertex -21 1 22.6
      vertex -21 3 2.6
      vertex -21 3 22.6
    endloop
  endfacet
  facet normal 1 0 0
    outer loop
      vertex -21 3 2.6
      vertex -21 1 22.6
      vertex -21 1 2.6
    endloop
  endfacet
  facet normal 1 -0 0
    outer loop
      vertex -21 -3 22.6
      vertex -21 -1 2.6
      vertex -21 -1 22.6
    endloop
  endfacet
  facet normal 1 0 0
    outer loop
      vertex -21 -1 2.6
      vertex -21 -3 22.6
      vertex -21 -3 2.6
    endloop
  endfacet
  facet normal 0 0 1
    outer loop
      vertex -21 3 22.6
      vertex -23.4 1 22.6
      vertex -21 1 22.6
    endloop
  endfacet
  facet normal 0 0 1
    outer loop
      vertex -23.4 1 22.6
      vertex -25.5 3 22.6
      vertex -23.4 -1 22.6
    endloop
  endfacet
  facet normal -0 0 1
    outer loop
      vertex -25.5 3 22.6
      vertex -23.4 1 22.6
      vertex -21 3 22.6
    endloop
  endfacet
  facet normal -0 0 1
    outer loop
      vertex -23.4 -1 22.6
      vertex -21 -3 22.6
      vertex -21 -1 22.6
    endloop
  endfacet
  facet normal 0 0 1
    outer loop
      vertex -23.4 -1 22.6
      vertex -25.5 -3 22.6
      vertex -21 -3 22.6
    endloop
  endfacet
  facet normal 0 0 1
    outer loop
      vertex -25.5 -3 22.6
      vertex -23.4 -1 22.6
      vertex -25.5 3 22.6
    endloop
  endfacet
  facet normal 0 0 -1
    outer loop
      vertex -23.25 1 2.6
      vertex -21 3 2.6
      vertex -21 1 2.6
    endloop
  endfacet
  facet normal -0 0 -1
    outer loop
      vertex -21 3 2.6
      vertex -23.25 1 2.6
      vertex -23.25 3 2.6
    endloop
  endfacet
  facet normal 0 0 -1
    outer loop
      vertex -23.25 -3 2.6
      vertex -21 -1 2.6
      vertex -21 -3 2.6
    endloop
  endfacet
  facet normal -0 0 -1
    outer loop
      vertex -21 -1 2.6
      vertex -23.25 -3 2.6
      vertex -23.25 -1 2.6
    endloop
  endfacet
  facet normal 0 0 -1
    outer loop
      vertex -25.5 -3 2.6
      vertex -24 3 2.6
      vertex -24 -3 2.6
    endloop
  endfacet
  facet normal -0 0 -1
    outer loop
      vertex -24 3 2.6
      vertex -25.5 -3 2.6
      vertex -25.5 3 2.6
    endloop
  endfacet
  facet normal -1 0 0
    outer loop
      vertex -25.5 -3 2.6
      vertex -25.5 3 22.6
      vertex -25.5 3 2.6
    endloop
  endfacet
  facet normal -1 -0 0
    outer loop
      vertex -25.5 3 22.6
      vertex -25.5 -3 2.6
      vertex -25.5 -3 22.6
    endloop
  endfacet
  facet normal 0 1 0
    outer loop
      vertex -21 3 22.6
      vertex -23.25 3 2.71
      vertex -25.5 3 22.6
    endloop
  endfacet
  facet normal 0 1 -0
    outer loop
      vertex -21 3 2.6
      vertex -23.25 3 2.71
      vertex -21 3 22.6
    endloop
  endfacet
  facet normal 0 1 0
    outer loop
      vertex -23.25 3 2.71
      vertex -21 3 2.6
      vertex -23.25 3 2.6
    endloop
  endfacet
  facet normal 0 1 -0
    outer loop
      vertex -24 3 2.71
      vertex -25.5 3 22.6
      vertex -23.25 3 2.71
    endloop
  endfacet
  facet normal 0 1 0
    outer loop
      vertex -25.5 3 2.6
      vertex -24 3 2.71
      vertex -24 3 2.6
    endloop
  endfacet
  facet normal 0 1 0
    outer loop
      vertex -24 3 2.71
      vertex -25.5 3 2.6
      vertex -25.5 3 22.6
    endloop
  endfacet
  facet normal 0 -1 0
    outer loop
      vertex -23.25 -3 2.71
      vertex -25.5 -3 22.6
      vertex -24 -3 2.71
    endloop
  endfacet
  facet normal 0 -1 0
    outer loop
      vertex -25.5 -3 2.6
      vertex -24 -3 2.71
      vertex -25.5 -3 22.6
    endloop
  endfacet
  facet normal 0 -1 -0
    outer loop
      vertex -24 -3 2.71
      vertex -25.5 -3 2.6
      vertex -24 -3 2.6
    endloop
  endfacet
  facet normal 0 -1 0
    outer loop
      vertex -25.5 -3 22.6
      vertex -23.25 -3 2.71
      vertex -21 -3 22.6
    endloop
  endfacet
  facet normal 0 -1 0
    outer loop
      vertex -21 -3 2.6
      vertex -23.25 -3 2.71
      vertex -23.25 -3 2.6
    endloop
  endfacet
  facet normal 0 -1 0
    outer loop
      vertex -23.25 -3 2.71
      vertex -21 -3 2.6
      vertex -21 -3 22.6
    endloop
  endfacet
  facet normal 1 -0 0
    outer loop
      vertex -23.4 -1 22.6
      vertex -23.4 1 2.71
      vertex -23.4 1 22.6
    endloop
  endfacet
  facet normal 1 0 0
    outer loop
      vertex -23.4 1 2.71
      vertex -23.4 -1 22.6
      vertex -23.4 -1 2.71
    endloop
  endfacet
  facet normal 0 -1 0
    outer loop
      vertex -23.25 1 2.71
      vertex -23.4 1 22.6
      vertex -23.4 1 2.71
    endloop
  endfacet
  facet normal 0 -1 0
    outer loop
      vertex -23.4 1 22.6
      vertex -23.25 1 2.71
      vertex -21 1 22.6
    endloop
  endfacet
  facet normal 0 -1 0
    outer loop
      vertex -21 1 2.6
      vertex -23.25 1 2.71
      vertex -23.25 1 2.6
    endloop
  endfacet
  facet normal 0 -1 0
    outer loop
      vertex -23.25 1 2.71
      vertex -21 1 2.6
      vertex -21 1 22.6
    endloop
  endfacet
  facet normal 0 1 0
    outer loop
      vertex -21 -1 22.6
      vertex -23.25 -1 2.71
      vertex -23.4 -1 22.6
    endloop
  endfacet
  facet normal 0 1 -0
    outer loop
      vertex -21 -1 2.6
      vertex -23.25 -1 2.71
      vertex -21 -1 22.6
    endloop
  endfacet
  facet normal 0 1 0
    outer loop
      vertex -23.25 -1 2.71
      vertex -21 -1 2.6
      vertex -23.25 -1 2.6
    endloop
  endfacet
  facet normal 0 1 0
    outer loop
      vertex -23.4 -1 22.6
      vertex -23.25 -1 2.71
      vertex -23.4 -1 2.71
    endloop
  endfacet
  facet normal 0 0 -1
    outer loop
      vertex -9.96346 -1.49902 2.5
      vertex -8.40465 -1.34593 2.5
      vertex -8.39879 -1.53242 2.5
    endloop
  endfacet
  facet normal 0 0 -1
    outer loop
      vertex -9.95575 -1.62468 2.5
      vertex -8.39879 -1.53242 2.5
      vertex -8.4321 -1.96046 2.5
    endloop
  endfacet
  facet normal 0 0 -1
    outer loop
      vertex -9.96346 -1.49902 2.5
      vertex -8.39879 -1.53242 2.5
      vertex -9.95575 -1.62468 2.5
    endloop
  endfacet
  facet normal 0 0 -1
    outer loop
      vertex -9.98657 -1.38249 2.5
      vertex -8.42223 -1.16833 2.5
      vertex -9.96346 -1.49902 2.5
    endloop
  endfacet
  facet normal 0 0 -1
    outer loop
      vertex -10.0228 -1.99184 2.5
      vertex -8.4321 -1.96046 2.5
      vertex -8.53203 -2.34618 2.5
    endloop
  endfacet
  facet normal -0 0 -1
    outer loop
      vertex -8.40465 -1.34593 2.5
      vertex -9.96346 -1.49902 2.5
      vertex -8.42223 -1.16833 2.5
    endloop
  endfacet
  facet normal -0 0 -1
    outer loop
      vertex -8.42223 -1.16833 2.5
      vertex -9.98657 -1.38249 2.5
      vertex -8.45152 -0.999634 2.5
    endloop
  endfacet
  facet normal 0 0 -1
    outer loop
      vertex -10.0251 -1.27509 2.5
      vertex -8.49254 -0.839828 2.5
      vertex -9.98657 -1.38249 2.5
    endloop
  endfacet
  facet normal 0 0 -1
    outer loop
      vertex -10.0228 -1.99184 2.5
      vertex -8.53203 -2.34618 2.5
      vertex -8.69859 -2.68959 2.5
    endloop
  endfacet
  facet normal -0 0 -1
    outer loop
      vertex -8.45152 -0.999634 2.5
      vertex -9.98657 -1.38249 2.5
      vertex -8.49254 -0.839828 2.5
    endloop
  endfacet
  facet normal -0 0 -1
    outer loop
      vertex -8.54526 -0.688919 2.5
      vertex -10.0251 -1.27509 2.5
      vertex -8.60907 -0.546539 2.5
    endloop
  endfacet
  facet normal 0 0 -1
    outer loop
      vertex -10.0228 -1.99184 2.5
      vertex -8.69859 -2.68959 2.5
      vertex -8.93178 -2.99069 2.5
    endloop
  endfacet
  facet normal -0 0 -1
    outer loop
      vertex -8.49254 -0.839828 2.5
      vertex -10.0251 -1.27509 2.5
      vertex -8.54526 -0.688919 2.5
    endloop
  endfacet
  facet normal -0 0 -1
    outer loop
      vertex -8.60907 -0.546539 2.5
      vertex -10.0251 -1.27509 2.5
      vertex -8.68329 -0.412415 2.5
    endloop
  endfacet
  facet normal -0 0 -1
    outer loop
      vertex -8.68329 -0.412415 2.5
      vertex -10.079 -1.1768 2.5
      vertex -8.76793 -0.286545 2.5
    endloop
  endfacet
  facet normal 0 0 -1
    outer loop
      vertex -10.224 -2.27742 2.5
      vertex -8.93178 -2.99069 2.5
      vertex -9.23158 -3.24947 2.5
    endloop
  endfacet
  facet normal 0 0 -1
    outer loop
      vertex -10.079 -1.1768 2.5
      vertex -8.68329 -0.412415 2.5
      vertex -10.0251 -1.27509 2.5
    endloop
  endfacet
  facet normal -0 0 -1
    outer loop
      vertex -8.76793 -0.286545 2.5
      vertex -10.079 -1.1768 2.5
      vertex -8.86299 -0.16893 2.5
    endloop
  endfacet
  facet normal 0 0 -1
    outer loop
      vertex -10.224 -2.27742 2.5
      vertex -9.23158 -3.24947 2.5
      vertex -9.59581 -3.46332 2.5
    endloop
  endfacet
  facet normal -0 0 -1
    outer loop
      vertex -8.86299 -0.16893 2.5
      vertex -10.079 -1.1768 2.5
      vertex -8.96846 -0.0595551 2.5
    endloop
  endfacet
  facet normal 0 0 -1
    outer loop
      vertex -10.1484 -1.08763 2.5
      vertex -8.96846 -0.0595551 2.5
      vertex -10.079 -1.1768 2.5
    endloop
  endfacet
  facet normal -0 0 -1
    outer loop
      vertex -8.96846 -0.0595551 2.5
      vertex -10.1484 -1.08763 2.5
      vertex -9.08704 0.0430756 2.5
    endloop
  endfacet
  facet normal 0 0 -1
    outer loop
      vertex -10.224 -2.27742 2.5
      vertex -9.59581 -3.46332 2.5
      vertex -10.0223 -3.62964 2.5
    endloop
  endfacet
  facet normal -0 0 -1
    outer loop
      vertex -8.4321 -1.96046 2.5
      vertex -10.0228 -1.99184 2.5
      vertex -9.95575 -1.62468 2.5
    endloop
  endfacet
  facet normal 0 0 -1
    outer loop
      vertex -8.93178 -2.99069 2.5
      vertex -10.224 -2.27742 2.5
      vertex -10.0228 -1.99184 2.5
    endloop
  endfacet
  facet normal 0 0 -1
    outer loop
      vertex -10.5592 -2.4814 2.5
      vertex -10.0223 -3.62964 2.5
      vertex -10.5111 -3.74843 2.5
    endloop
  endfacet
  facet normal 0 0 -1
    outer loop
      vertex -10.0223 -3.62964 2.5
      vertex -10.5592 -2.4814 2.5
      vertex -10.224 -2.27742 2.5
    endloop
  endfacet
  facet normal 0 0 -1
    outer loop
      vertex -10.5111 -3.74843 2.5
      vertex -11.0286 -2.60379 2.5
      vertex -10.5592 -2.4814 2.5
    endloop
  endfacet
  facet normal 0 0 -1
    outer loop
      vertex -11.0622 -3.81972 2.5
      vertex -11.0286 -2.60379 2.5
      vertex -10.5111 -3.74843 2.5
    endloop
  endfacet
  facet normal 0 0 -1
    outer loop
      vertex -11.0622 -3.81972 2.5
      vertex -11.6321 -2.64459 2.5
      vertex -11.0286 -2.60379 2.5
    endloop
  endfacet
  facet normal 0 0 -1
    outer loop
      vertex -11.6755 -3.84348 2.5
      vertex -11.6321 -2.64459 2.5
      vertex -11.0622 -3.81972 2.5
    endloop
  endfacet
  facet normal 0 0 -1
    outer loop
      vertex -11.6755 -3.84348 2.5
      vertex -11.9413 -2.63364 2.5
      vertex -11.6321 -2.64459 2.5
    endloop
  endfacet
  facet normal 0 0 -1
    outer loop
      vertex -12.2382 -3.82265 2.5
      vertex -11.9413 -2.63364 2.5
      vertex -11.6755 -3.84348 2.5
    endloop
  endfacet
  facet normal -0 0 -1
    outer loop
      vertex -11.9413 -2.63364 2.5
      vertex -12.2382 -3.82265 2.5
      vertex -12.2223 -2.60077 2.5
    endloop
  endfacet
  facet normal 0 0 -1
    outer loop
      vertex -12.7501 -3.76015 2.5
      vertex -12.2223 -2.60077 2.5
      vertex -12.2382 -3.82265 2.5
    endloop
  endfacet
  facet normal -0 0 -1
    outer loop
      vertex -12.2223 -2.60077 2.5
      vertex -12.7501 -3.76015 2.5
      vertex -12.4751 -2.54597 2.5
    endloop
  endfacet
  facet normal -0 0 -1
    outer loop
      vertex -12.4751 -2.54597 2.5
      vertex -12.7501 -3.76015 2.5
      vertex -12.6997 -2.46928 2.5
    endloop
  endfacet
  facet normal 0 0 -1
    outer loop
      vertex -13.2112 -3.65599 2.5
      vertex -12.6997 -2.46928 2.5
      vertex -12.7501 -3.76015 2.5
    endloop
  endfacet
  facet normal -0 0 -1
    outer loop
      vertex -12.6997 -2.46928 2.5
      vertex -13.2112 -3.65599 2.5
      vertex -12.8961 -2.37067 2.5
    endloop
  endfacet
  facet normal 0 0 -1
    outer loop
      vertex -13.6215 -3.51016 2.5
      vertex -12.8961 -2.37067 2.5
      vertex -13.2112 -3.65599 2.5
    endloop
  endfacet
  facet normal -0 0 -1
    outer loop
      vertex -12.8961 -2.37067 2.5
      vertex -13.6215 -3.51016 2.5
      vertex -13.0665 -2.24773 2.5
    endloop
  endfacet
  facet normal 0 0 -1
    outer loop
      vertex -13.9811 -3.32268 2.5
      vertex -13.0665 -2.24773 2.5
      vertex -13.6215 -3.51016 2.5
    endloop
  endfacet
  facet normal -0 0 -1
    outer loop
      vertex -13.0665 -2.24773 2.5
      vertex -13.9811 -3.32268 2.5
      vertex -13.2129 -2.0981 2.5
    endloop
  endfacet
  facet normal 0 0 -1
    outer loop
      vertex -14.2914 -3.09286 2.5
      vertex -13.2129 -2.0981 2.5
      vertex -13.9811 -3.32268 2.5
    endloop
  endfacet
  facet normal -0 0 -1
    outer loop
      vertex -13.2129 -2.0981 2.5
      vertex -14.2914 -3.09286 2.5
      vertex -13.3355 -1.92178 2.5
    endloop
  endfacet
  facet normal 0 0 -1
    outer loop
      vertex -14.554 -2.8201 2.5
      vertex -13.3355 -1.92178 2.5
      vertex -14.2914 -3.09286 2.5
    endloop
  endfacet
  facet normal 0 0 -1
    outer loop
      vertex -14.7688 -2.50438 2.5
      vertex -13.3355 -1.92178 2.5
      vertex -14.554 -2.8201 2.5
    endloop
  endfacet
  facet normal -0 0 -1
    outer loop
      vertex -13.3355 -1.92178 2.5
      vertex -14.7688 -2.50438 2.5
      vertex -13.4342 -1.71877 2.5
    endloop
  endfacet
  facet normal 0 0 -1
    outer loop
      vertex -14.9359 -2.14569 2.5
      vertex -13.4342 -1.71877 2.5
      vertex -14.7688 -2.50438 2.5
    endloop
  endfacet
  facet normal -0 0 -1
    outer loop
      vertex -13.4342 -1.71877 2.5
      vertex -14.9359 -2.14569 2.5
      vertex -13.5091 -1.48907 2.5
    endloop
  endfacet
  facet normal 0 0 -1
    outer loop
      vertex -13.5091 -1.48907 2.5
      vertex -14.9359 -2.14569 2.5
      vertex -15.0553 -1.74403 2.5
    endloop
  endfacet
  facet normal -0 0 -1
    outer loop
      vertex -9.08704 0.0430756 2.5
      vertex -10.1484 -1.08763 2.5
      vertex -9.22147 0.140503 2.5
    endloop
  endfacet
  facet normal 0 0 -1
    outer loop
      vertex -10.2317 -1.00581 2.5
      vertex -9.22147 0.140503 2.5
      vertex -10.1484 -1.08763 2.5
    endloop
  endfacet
  facet normal -0 0 -1
    outer loop
      vertex -9.22147 0.140503 2.5
      vertex -10.2317 -1.00581 2.5
      vertex -9.37173 0.232727 2.5
    endloop
  endfacet
  facet normal -0 0 -1
    outer loop
      vertex -9.37173 0.232727 2.5
      vertex -10.2317 -1.00581 2.5
      vertex -9.53786 0.319748 2.5
    endloop
  endfacet
  facet normal 0 0 -1
    outer loop
      vertex -10.3276 -0.929642 2.5
      vertex -9.53786 0.319748 2.5
      vertex -10.2317 -1.00581 2.5
    endloop
  endfacet
  facet normal -0 0 -1
    outer loop
      vertex -9.53786 0.319748 2.5
      vertex -10.3276 -0.929642 2.5
      vertex -9.71982 0.40155 2.5
    endloop
  endfacet
  facet normal 0 0 -1
    outer loop
      vertex -10.4361 -0.859116 2.5
      vertex -9.71982 0.40155 2.5
      vertex -10.3276 -0.929642 2.5
    endloop
  endfacet
  facet normal -0 0 -1
    outer loop
      vertex -9.71982 0.40155 2.5
      vertex -10.4361 -0.859116 2.5
      vertex -9.93474 0.482162 2.5
    endloop
  endfacet
  facet normal 0 0 -1
    outer loop
      vertex -10.5572 -0.794235 2.5
      vertex -9.93474 0.482162 2.5
      vertex -10.4361 -0.859116 2.5
    endloop
  endfacet
  facet normal -0 0 -1
    outer loop
      vertex -9.93474 0.482162 2.5
      vertex -10.5572 -0.794235 2.5
      vertex -10.1998 0.565598 2.5
    endloop
  endfacet
  facet normal 0 0 -1
    outer loop
      vertex -10.6909 -0.734985 2.5
      vertex -10.1998 0.565598 2.5
      vertex -10.5572 -0.794235 2.5
    endloop
  endfacet
  facet normal -0 0 -1
    outer loop
      vertex -10.1998 0.565598 2.5
      vertex -10.6909 -0.734985 2.5
      vertex -10.515 0.651855 2.5
    endloop
  endfacet
  facet normal 0 0 -1
    outer loop
      vertex -10.8565 -0.676193 2.5
      vertex -10.515 0.651855 2.5
      vertex -10.6909 -0.734985 2.5
    endloop
  endfacet
  facet normal 0 0 -1
    outer loop
      vertex -11.0737 -0.612595 2.5
      vertex -10.515 0.651855 2.5
      vertex -10.8565 -0.676193 2.5
    endloop
  endfacet
  facet normal -0 0 -1
    outer loop
      vertex -10.515 0.651855 2.5
      vertex -11.0737 -0.612595 2.5
      vertex -10.8803 0.740936 2.5
    endloop
  endfacet
  facet normal 0 0 -1
    outer loop
      vertex -11.3422 -0.544235 2.5
      vertex -10.8803 0.740936 2.5
      vertex -11.0737 -0.612595 2.5
    endloop
  endfacet
  facet normal -0 0 -1
    outer loop
      vertex -10.8803 0.740936 2.5
      vertex -11.3422 -0.544235 2.5
      vertex -11.2957 0.83284 2.5
    endloop
  endfacet
  facet normal 0 0 -1
    outer loop
      vertex -11.6621 -0.471085 2.5
      vertex -11.2957 0.83284 2.5
      vertex -11.3422 -0.544235 2.5
    endloop
  endfacet
  facet normal -0 0 -1
    outer loop
      vertex -11.2957 0.83284 2.5
      vertex -11.6621 -0.471085 2.5
      vertex -11.6419 0.9104 2.5
    endloop
  endfacet
  facet normal 0 0 -1
    outer loop
      vertex -12.0335 -0.393158 2.5
      vertex -11.6419 0.9104 2.5
      vertex -11.6621 -0.471085 2.5
    endloop
  endfacet
  facet normal -0 0 -1
    outer loop
      vertex -11.6419 0.9104 2.5
      vertex -12.0335 -0.393158 2.5
      vertex -11.9381 0.982559 2.5
    endloop
  endfacet
  facet normal 0 0 -1
    outer loop
      vertex -12.3555 -0.31601 2.5
      vertex -11.9381 0.982559 2.5
      vertex -12.0335 -0.393158 2.5
    endloop
  endfacet
  facet normal -0 0 -1
    outer loop
      vertex -11.9381 0.982559 2.5
      vertex -12.3555 -0.31601 2.5
      vertex -12.1844 1.04927 2.5
    endloop
  endfacet
  facet normal 0 0 -1
    outer loop
      vertex -12.6359 -0.245178 2.5
      vertex -12.1844 1.04927 2.5
      vertex -12.3555 -0.31601 2.5
    endloop
  endfacet
  facet normal -0 0 -1
    outer loop
      vertex -12.1844 1.04927 2.5
      vertex -12.6359 -0.245178 2.5
      vertex -12.3808 1.11057 2.5
    endloop
  endfacet
  facet normal 0 0 -1
    outer loop
      vertex -12.8746 -0.180634 2.5
      vertex -12.3808 1.11057 2.5
      vertex -12.6359 -0.245178 2.5
    endloop
  endfacet
  facet normal -0 0 -1
    outer loop
      vertex -12.3808 1.11057 2.5
      vertex -12.8746 -0.180634 2.5
      vertex -12.5273 1.16643 2.5
    endloop
  endfacet
  facet normal 0 0 -1
    outer loop
      vertex -13.0717 -0.122375 2.5
      vertex -12.5273 1.16643 2.5
      vertex -12.8746 -0.180634 2.5
    endloop
  endfacet
  facet normal -0 0 -1
    outer loop
      vertex -12.5273 1.16643 2.5
      vertex -13.0717 -0.122375 2.5
      vertex -12.6428 1.22189 2.5
    endloop
  endfacet
  facet normal 0 0 -1
    outer loop
      vertex -13.2271 -0.0704346 2.5
      vertex -12.6428 1.22189 2.5
      vertex -13.0717 -0.122375 2.5
    endloop
  endfacet
  facet normal 0 0 -1
    outer loop
      vertex -13.359 -0.0198669 2.5
      vertex -12.6428 1.22189 2.5
      vertex -13.2271 -0.0704346 2.5
    endloop
  endfacet
  facet normal -0 0 -1
    outer loop
      vertex -12.6428 1.22189 2.5
      vertex -13.359 -0.0198669 2.5
      vertex -12.7464 1.28191 2.5
    endloop
  endfacet
  facet normal 0 0 -1
    outer loop
      vertex -13.4857 0.0341492 2.5
      vertex -12.7464 1.28191 2.5
      vertex -13.359 -0.0198669 2.5
    endloop
  endfacet
  facet normal -0 0 -1
    outer loop
      vertex -12.7464 1.28191 2.5
      vertex -13.4857 0.0341492 2.5
      vertex -12.8381 1.34647 2.5
    endloop
  endfacet
  facet normal 0 0 -1
    outer loop
      vertex -13.6073 0.0916595 2.5
      vertex -12.8381 1.34647 2.5
      vertex -13.4857 0.0341492 2.5
    endloop
  endfacet
  facet normal 0 0 -1
    outer loop
      vertex -13.7236 0.152634 2.5
      vertex -12.8381 1.34647 2.5
      vertex -13.6073 0.0916595 2.5
    endloop
  endfacet
  facet normal -0 0 -1
    outer loop
      vertex -12.8381 1.34647 2.5
      vertex -13.7236 0.152634 2.5
      vertex -12.9178 1.41557 2.5
    endloop
  endfacet
  facet normal 0 0 -1
    outer loop
      vertex -13.8347 0.217072 2.5
      vertex -12.9178 1.41557 2.5
      vertex -13.7236 0.152634 2.5
    endloop
  endfacet
  facet normal 0 0 -1
    outer loop
      vertex -13.9399 0.285995 2.5
      vertex -12.9178 1.41557 2.5
      vertex -13.8347 0.217072 2.5
    endloop
  endfacet
  facet normal -0 0 -1
    outer loop
      vertex -12.9178 1.41557 2.5
      vertex -13.9399 0.285995 2.5
      vertex -12.9857 1.48923 2.5
    endloop
  endfacet
  facet normal 0 0 -1
    outer loop
      vertex -14.0387 0.360336 2.5
      vertex -12.9857 1.48923 2.5
      vertex -13.9399 0.285995 2.5
    endloop
  endfacet
  facet normal 0 0 -1
    outer loop
      vertex -14.1309 0.440094 2.5
      vertex -12.9857 1.48923 2.5
      vertex -14.0387 0.360336 2.5
    endloop
  endfacet
  facet normal 0 0 -1
    outer loop
      vertex -13.1402 1.97755 2.5
      vertex -13.579 3.67035 2.5
      vertex -13.1826 3.82452 2.5
    endloop
  endfacet
  facet normal 0 0 -1
    outer loop
      vertex -14.2166 0.525269 2.5
      vertex -12.9857 1.48923 2.5
      vertex -14.1309 0.440094 2.5
    endloop
  endfacet
  facet normal -0 0 -1
    outer loop
      vertex -12.9857 1.48923 2.5
      vertex -14.2166 0.525269 2.5
      vertex -13.0413 1.56953 2.5
    endloop
  endfacet
  facet normal 0 0 -1
    outer loop
      vertex -14.2958 0.615875 2.5
      vertex -13.0413 1.56953 2.5
      vertex -14.2166 0.525269 2.5
    endloop
  endfacet
  facet normal 0 0 -1
    outer loop
      vertex -13.134 1.86253 2.5
      vertex -14.6972 1.88531 2.5
      vertex -13.1402 1.97755 2.5
    endloop
  endfacet
  facet normal 0 0 -1
    outer loop
      vertex -14.3684 0.712433 2.5
      vertex -13.0413 1.56953 2.5
      vertex -14.2958 0.615875 2.5
    endloop
  endfacet
  facet normal 0 0 -1
    outer loop
      vertex -14.4342 0.815521 2.5
      vertex -13.0413 1.56953 2.5
      vertex -14.3684 0.712433 2.5
    endloop
  endfacet
  facet normal 0 0 -1
    outer loop
      vertex -14.4934 0.925095 2.5
      vertex -13.0413 1.56953 2.5
      vertex -14.4342 0.815521 2.5
    endloop
  endfacet
  facet normal 0 -0 -1
    outer loop
      vertex -14.666 2.28035 2.5
      vertex -13.1402 1.97755 2.5
      vertex -14.6972 1.88531 2.5
    endloop
  endfacet
  facet normal -0 0 -1
    outer loop
      vertex -13.0413 1.56953 2.5
      vertex -14.4934 0.925095 2.5
      vertex -13.0846 1.65852 2.5
    endloop
  endfacet
  facet normal 0 0 -1
    outer loop
      vertex -14.5458 1.04118 2.5
      vertex -13.0846 1.65852 2.5
      vertex -14.4934 0.925095 2.5
    endloop
  endfacet
  facet normal 0 0 -1
    outer loop
      vertex -14.5914 1.16379 2.5
      vertex -13.0846 1.65852 2.5
      vertex -14.5458 1.04118 2.5
    endloop
  endfacet
  facet normal 0 0 -1
    outer loop
      vertex -13.1402 1.97755 2.5
      vertex -13.9187 3.47211 2.5
      vertex -13.579 3.67035 2.5
    endloop
  endfacet
  facet normal 0 0 -1
    outer loop
      vertex -14.6295 1.29333 2.5
      vertex -13.0846 1.65852 2.5
      vertex -14.5914 1.16379 2.5
    endloop
  endfacet
  facet normal -0 0 -1
    outer loop
      vertex -13.0846 1.65852 2.5
      vertex -14.6295 1.29333 2.5
      vertex -13.1155 1.7562 2.5
    endloop
  endfacet
  facet normal 0 0 -1
    outer loop
      vertex -14.6591 1.43027 2.5
      vertex -13.1155 1.7562 2.5
      vertex -14.6295 1.29333 2.5
    endloop
  endfacet
  facet normal 0 -0 -1
    outer loop
      vertex -14.5726 2.63655 2.5
      vertex -13.1402 1.97755 2.5
      vertex -14.666 2.28035 2.5
    endloop
  endfacet
  facet normal 0 0 -1
    outer loop
      vertex -14.6803 1.57457 2.5
      vertex -13.1155 1.7562 2.5
      vertex -14.6591 1.43027 2.5
    endloop
  endfacet
  facet normal -0 0 -1
    outer loop
      vertex -13.1155 1.7562 2.5
      vertex -14.6803 1.57457 2.5
      vertex -13.134 1.86253 2.5
    endloop
  endfacet
  facet normal 0 0 -1
    outer loop
      vertex -14.6929 1.72626 2.5
      vertex -13.134 1.86253 2.5
      vertex -14.6803 1.57457 2.5
    endloop
  endfacet
  facet normal 0 0 -1
    outer loop
      vertex -14.6972 1.88531 2.5
      vertex -13.134 1.86253 2.5
      vertex -14.6929 1.72626 2.5
    endloop
  endfacet
  facet normal 0 0 -1
    outer loop
      vertex -13.1402 1.97755 2.5
      vertex -14.199 3.23244 2.5
      vertex -13.9187 3.47211 2.5
    endloop
  endfacet
  facet normal 0 0 -1
    outer loop
      vertex -13.1402 1.97755 2.5
      vertex -14.4169 2.95392 2.5
      vertex -14.199 3.23244 2.5
    endloop
  endfacet
  facet normal 0 0 -1
    outer loop
      vertex -13.1402 1.97755 2.5
      vertex -14.5726 2.63655 2.5
      vertex -14.4169 2.95392 2.5
    endloop
  endfacet
  facet normal 0 0 -1
    outer loop
      vertex -10.1511 1.89612 2.5
      vertex -8.70226 2.49463 2.5
      vertex -8.5995 2.10771 2.5
    endloop
  endfacet
  facet normal -0 0 -1
    outer loop
      vertex -8.70226 2.49463 2.5
      vertex -10.2087 2.08382 2.5
      vertex -8.8456 2.83511 2.5
    endloop
  endfacet
  facet normal 0 0 -1
    outer loop
      vertex -10.286 2.25198 2.5
      vertex -8.8456 2.83511 2.5
      vertex -10.2087 2.08382 2.5
    endloop
  endfacet
  facet normal -0 0 -1
    outer loop
      vertex -8.8456 2.83511 2.5
      vertex -10.286 2.25198 2.5
      vertex -9.02951 3.12915 2.5
    endloop
  endfacet
  facet normal 0 0 -1
    outer loop
      vertex -10.3831 2.40063 2.5
      vertex -9.25401 3.37672 2.5
      vertex -10.286 2.25198 2.5
    endloop
  endfacet
  facet normal 0 0 -1
    outer loop
      vertex -8.70226 2.49463 2.5
      vertex -10.1511 1.89612 2.5
      vertex -10.2087 2.08382 2.5
    endloop
  endfacet
  facet normal -0 0 -1
    outer loop
      vertex -9.02951 3.12915 2.5
      vertex -10.286 2.25198 2.5
      vertex -9.25401 3.37672 2.5
    endloop
  endfacet
  facet normal -0 0 -1
    outer loop
      vertex -9.25401 3.37672 2.5
      vertex -10.3831 2.40063 2.5
      vertex -9.5191 3.57787 2.5
    endloop
  endfacet
  facet normal 0 0 -1
    outer loop
      vertex -10.5 2.52974 2.5
      vertex -9.5191 3.57787 2.5
      vertex -10.3831 2.40063 2.5
    endloop
  endfacet
  facet normal -0 0 -1
    outer loop
      vertex -9.5191 3.57787 2.5
      vertex -10.5 2.52974 2.5
      vertex -9.83276 3.73802 2.5
    endloop
  endfacet
  facet normal 0 0 -1
    outer loop
      vertex -10.6366 2.63931 2.5
      vertex -9.83276 3.73802 2.5
      vertex -10.5 2.52974 2.5
    endloop
  endfacet
  facet normal -0 0 -1
    outer loop
      vertex -9.83276 3.73802 2.5
      vertex -10.6366 2.63931 2.5
      vertex -10.2031 3.86259 2.5
    endloop
  endfacet
  facet normal 0 0 -1
    outer loop
      vertex -10.7958 2.72917 2.5
      vertex -10.2031 3.86259 2.5
      vertex -10.6366 2.63931 2.5
    endloop
  endfacet
  facet normal -0 0 -1
    outer loop
      vertex -10.2031 3.86259 2.5
      vertex -10.7958 2.72917 2.5
      vertex -10.63 3.95157 2.5
    endloop
  endfacet
  facet normal 0 0 -1
    outer loop
      vertex -10.9803 2.79906 2.5
      vertex -10.63 3.95157 2.5
      vertex -10.7958 2.72917 2.5
    endloop
  endfacet
  facet normal 0 0 -1
    outer loop
      vertex -10.9803 2.79906 2.5
      vertex -11.1136 4.00496 2.5
      vertex -10.63 3.95157 2.5
    endloop
  endfacet
  facet normal 0 0 -1
    outer loop
      vertex -11.1903 2.84898 2.5
      vertex -11.1136 4.00496 2.5
      vertex -10.9803 2.79906 2.5
    endloop
  endfacet
  facet normal 0 0 -1
    outer loop
      vertex -11.4256 2.87892 2.5
      vertex -11.1136 4.00496 2.5
      vertex -11.1903 2.84898 2.5
    endloop
  endfacet
  facet normal 0 0 -1
    outer loop
      vertex -11.4256 2.87892 2.5
      vertex -11.6538 4.02275 2.5
      vertex -11.1136 4.00496 2.5
    endloop
  endfacet
  facet normal 0 0 -1
    outer loop
      vertex -11.6863 2.88892 2.5
      vertex -11.6538 4.02275 2.5
      vertex -11.4256 2.87892 2.5
    endloop
  endfacet
  facet normal 0 0 -1
    outer loop
      vertex -12.2201 4.00073 2.5
      vertex -11.6863 2.88892 2.5
      vertex -12.2097 2.85246 2.5
    endloop
  endfacet
  facet normal 0 0 -1
    outer loop
      vertex -11.6863 2.88892 2.5
      vertex -12.2201 4.00073 2.5
      vertex -11.6538 4.02275 2.5
    endloop
  endfacet
  facet normal 0 0 -1
    outer loop
      vertex -12.7297 3.93465 2.5
      vertex -12.2097 2.85246 2.5
      vertex -12.6168 2.74309 2.5
    endloop
  endfacet
  facet normal 0 0 -1
    outer loop
      vertex -12.2097 2.85246 2.5
      vertex -12.7297 3.93465 2.5
      vertex -12.2201 4.00073 2.5
    endloop
  endfacet
  facet normal 0 0 -1
    outer loop
      vertex -13.1826 3.82452 2.5
      vertex -12.6168 2.74309 2.5
      vertex -12.9076 2.56082 2.5
    endloop
  endfacet
  facet normal 0 0 -1
    outer loop
      vertex -13.1826 3.82452 2.5
      vertex -12.9076 2.56082 2.5
      vertex -13.0821 2.30565 2.5
    endloop
  endfacet
  facet normal 0 0 -1
    outer loop
      vertex -12.6168 2.74309 2.5
      vertex -13.1826 3.82452 2.5
      vertex -12.7297 3.93465 2.5
    endloop
  endfacet
  facet normal 0 0 -1
    outer loop
      vertex -13.1826 3.82452 2.5
      vertex -13.0821 2.30565 2.5
      vertex -13.1402 1.97755 2.5
    endloop
  endfacet
  facet normal 0 0 -1
    outer loop
      vertex -0.734192 -3.73499 2.5
      vertex 0.790268 -0.588516 2.5
      vertex 0.790268 -3.73499 2.5
    endloop
  endfacet
  facet normal 0 0 -1
    outer loop
      vertex 0.790268 -0.588516 2.5
      vertex 0.746826 0.96843 2.5
      vertex 0.768509 0.96843 2.5
    endloop
  endfacet
  facet normal 0 0 -1
    outer loop
      vertex 0.790268 -0.588516 2.5
      vertex -0.734192 0.822037 2.5
      vertex 0.746826 0.96843 2.5
    endloop
  endfacet
  facet normal 0 0 -1
    outer loop
      vertex -0.734741 1.00397 2.5
      vertex 0.746826 0.96843 2.5
      vertex -0.734192 0.822037 2.5
    endloop
  endfacet
  facet normal 0 0 -1
    outer loop
      vertex 0.746826 0.96843 2.5
      vertex -0.734741 1.00397 2.5
      vertex 0.745743 1.04691 2.5
    endloop
  endfacet
  facet normal -0 0 -1
    outer loop
      vertex 0.745743 1.04691 2.5
      vertex -0.734741 1.00397 2.5
      vertex 0.742493 1.14771 2.5
    endloop
  endfacet
  facet normal 0 0 -1
    outer loop
      vertex -0.736374 1.17223 2.5
      vertex 0.742493 1.14771 2.5
      vertex -0.734741 1.00397 2.5
    endloop
  endfacet
  facet normal 0 0 -1
    outer loop
      vertex 0.742493 1.14771 2.5
      vertex -0.736374 1.17223 2.5
      vertex 0.737076 1.27086 2.5
    endloop
  endfacet
  facet normal 0 0 -1
    outer loop
      vertex -0.73909 1.32681 2.5
      vertex 0.737076 1.27086 2.5
      vertex -0.736374 1.17223 2.5
    endloop
  endfacet
  facet normal 0 0 -1
    outer loop
      vertex 0.737076 1.27086 2.5
      vertex -0.73909 1.32681 2.5
      vertex 0.729477 1.41635 2.5
    endloop
  endfacet
  facet normal 0 0 -1
    outer loop
      vertex -0.742905 1.46774 2.5
      vertex 0.729477 1.41635 2.5
      vertex -0.73909 1.32681 2.5
    endloop
  endfacet
  facet normal 0 0 -1
    outer loop
      vertex 0.729477 1.41635 2.5
      vertex -0.742905 1.46774 2.5
      vertex 0.719711 1.5842 2.5
    endloop
  endfacet
  facet normal -0 0 -1
    outer loop
      vertex 0.790268 -0.588516 2.5
      vertex -0.734192 -3.73499 2.5
      vertex -0.734192 0.822037 2.5
    endloop
  endfacet
  facet normal 0 0 -1
    outer loop
      vertex -0.747787 1.59499 2.5
      vertex 0.719711 1.5842 2.5
      vertex -0.742905 1.46774 2.5
    endloop
  endfacet
  facet normal 0 0 -1
    outer loop
      vertex 0.719711 1.5842 2.5
      vertex -0.747787 1.59499 2.5
      vertex 0.70929 1.74945 2.5
    endloop
  endfacet
  facet normal 0 0 -1
    outer loop
      vertex -0.753311 1.71295 2.5
      vertex 0.70929 1.74945 2.5
      vertex -0.747787 1.59499 2.5
    endloop
  endfacet
  facet normal -0 0 -1
    outer loop
      vertex 0.70929 1.74945 2.5
      vertex -0.753311 1.71295 2.5
      vertex 0.699738 1.88715 2.5
    endloop
  endfacet
  facet normal 0 0 -1
    outer loop
      vertex -0.759048 1.8259 2.5
      vertex 0.699738 1.88715 2.5
      vertex -0.753311 1.71295 2.5
    endloop
  endfacet
  facet normal -0 0 -1
    outer loop
      vertex 0.699738 1.88715 2.5
      vertex -0.759048 1.8259 2.5
      vertex 0.691055 1.99727 2.5
    endloop
  endfacet
  facet normal 0 0 -1
    outer loop
      vertex -0.764999 1.93387 2.5
      vertex 0.691055 1.99727 2.5
      vertex -0.759048 1.8259 2.5
    endloop
  endfacet
  facet normal -0 0 -1
    outer loop
      vertex 0.691055 1.99727 2.5
      vertex -0.764999 1.93387 2.5
      vertex 0.683228 2.07983 2.5
    endloop
  endfacet
  facet normal -0 0 -1
    outer loop
      vertex 0.683228 2.07983 2.5
      vertex -0.764999 1.93387 2.5
      vertex 0.67627 2.13483 2.5
    endloop
  endfacet
  facet normal 0 0 -1
    outer loop
      vertex -0.771164 2.03685 2.5
      vertex 0.67627 2.13483 2.5
      vertex -0.764999 1.93387 2.5
    endloop
  endfacet
  facet normal -0 0 -1
    outer loop
      vertex 0.67627 2.13483 2.5
      vertex -0.771164 2.03685 2.5
      vertex -0.777557 2.13483 2.5
    endloop
  endfacet
  facet normal 0 0 -1
    outer loop
      vertex 3.06876 -0.442032 2.5
      vertex 4.58771 -0.00802612 2.5
      vertex 4.58771 -3.73499 2.5
    endloop
  endfacet
  facet normal 0 0 -1
    outer loop
      vertex 3.02687 0.114563 2.5
      vertex 4.58771 -0.00802612 2.5
      vertex 3.06876 -0.442032 2.5
    endloop
  endfacet
  facet normal 0 0 -1
    outer loop
      vertex 4.58771 -0.00802612 2.5
      vertex 3.02687 0.114563 2.5
      vertex 4.56775 0.413376 2.5
    endloop
  endfacet
  facet normal -0 0 -1
    outer loop
      vertex 4.56775 0.413376 2.5
      vertex 3.02687 0.114563 2.5
      vertex 4.50786 0.792267 2.5
    endloop
  endfacet
  facet normal 0 0 -1
    outer loop
      vertex 2.90123 0.547501 2.5
      vertex 4.50786 0.792267 2.5
      vertex 3.02687 0.114563 2.5
    endloop
  endfacet
  facet normal -0 0 -1
    outer loop
      vertex 4.50786 0.792267 2.5
      vertex 2.90123 0.547501 2.5
      vertex 4.40804 1.12862 2.5
    endloop
  endfacet
  facet normal -0 0 -1
    outer loop
      vertex 4.40804 1.12862 2.5
      vertex 2.90123 0.547501 2.5
      vertex 4.26828 1.42242 2.5
    endloop
  endfacet
  facet normal -0 0 -1
    outer loop
      vertex 4.26828 1.42242 2.5
      vertex 2.90123 0.547501 2.5
      vertex 4.08859 1.67371 2.5
    endloop
  endfacet
  facet normal 0 0 -1
    outer loop
      vertex 3.06876 -0.442032 2.5
      vertex 4.58771 -3.73499 2.5
      vertex 3.06876 -3.73499 2.5
    endloop
  endfacet
  facet normal 0 0 -1
    outer loop
      vertex 2.69182 0.85672 2.5
      vertex 4.08859 1.67371 2.5
      vertex 2.90123 0.547501 2.5
    endloop
  endfacet
  facet normal -0 0 -1
    outer loop
      vertex 4.08859 1.67371 2.5
      vertex 2.69182 0.85672 2.5
      vertex 3.87161 1.88072 2.5
    endloop
  endfacet
  facet normal -0 0 -1
    outer loop
      vertex 3.87161 1.88072 2.5
      vertex 2.69182 0.85672 2.5
      vertex 3.6199 2.04173 2.5
    endloop
  endfacet
  facet normal -0 0 -1
    outer loop
      vertex 3.6199 2.04173 2.5
      vertex 2.69182 0.85672 2.5
      vertex 3.33348 2.15675 2.5
    endloop
  endfacet
  facet normal -0 0 -1
    outer loop
      vertex 3.33348 2.15675 2.5
      vertex 2.69182 0.85672 2.5
      vertex 3.01231 2.22575 2.5
    endloop
  endfacet
  facet normal 0 0 -1
    outer loop
      vertex 2.39865 1.04227 2.5
      vertex 3.01231 2.22575 2.5
      vertex 2.69182 0.85672 2.5
    endloop
  endfacet
  facet normal -0 0 -1
    outer loop
      vertex 3.01231 2.22575 2.5
      vertex 2.39865 1.04227 2.5
      vertex 2.65643 2.24875 2.5
    endloop
  endfacet
  facet normal 0 0 -1
    outer loop
      vertex 2.65643 2.24875 2.5
      vertex 2.39865 1.04227 2.5
      vertex 2.40535 2.2366 2.5
    endloop
  endfacet
  facet normal 0 0 -1
    outer loop
      vertex 2.39865 1.04227 2.5
      vertex 2.16859 2.20013 2.5
      vertex 2.40535 2.2366 2.5
    endloop
  endfacet
  facet normal 0 0 -1
    outer loop
      vertex 2.02171 1.10411 2.5
      vertex 2.16859 2.20013 2.5
      vertex 2.39865 1.04227 2.5
    endloop
  endfacet
  facet normal 0 0 -1
    outer loop
      vertex 2.02171 1.10411 2.5
      vertex 1.94617 2.13937 2.5
      vertex 2.16859 2.20013 2.5
    endloop
  endfacet
  facet normal 0 0 -1
    outer loop
      vertex 1.54427 1.94492 2.5
      vertex 2.02171 1.10411 2.5
      vertex 1.80894 1.08513 2.5
    endloop
  endfacet
  facet normal 0 0 -1
    outer loop
      vertex 2.02171 1.10411 2.5
      vertex 1.73805 2.05429 2.5
      vertex 1.94617 2.13937 2.5
    endloop
  endfacet
  facet normal 0 0 -1
    outer loop
      vertex 1.36397 1.80865 2.5
      vertex 1.80894 1.08513 2.5
      vertex 1.61331 1.02815 2.5
    endloop
  endfacet
  facet normal 0 0 -1
    outer loop
      vertex 2.02171 1.10411 2.5
      vertex 1.54427 1.94492 2.5
      vertex 1.73805 2.05429 2.5
    endloop
  endfacet
  facet normal 0 0 -1
    outer loop
      vertex 1.04109 1.44757 2.5
      vertex 1.61331 1.02815 2.5
      vertex 1.43483 0.933212 2.5
    endloop
  endfacet
  facet normal 0 0 -1
    outer loop
      vertex 1.80894 1.08513 2.5
      vertex 1.36397 1.80865 2.5
      vertex 1.54427 1.94492 2.5
    endloop
  endfacet
  facet normal 0 0 -1
    outer loop
      vertex 0.898514 1.22276 2.5
      vertex 1.43483 0.933212 2.5
      vertex 1.2735 0.800293 2.5
    endloop
  endfacet
  facet normal 0 0 -1
    outer loop
      vertex 1.61331 1.02815 2.5
      vertex 1.19624 1.64287 2.5
      vertex 1.36397 1.80865 2.5
    endloop
  endfacet
  facet normal 0 0 -1
    outer loop
      vertex 0.768509 0.96843 2.5
      vertex 1.2735 0.800293 2.5
      vertex 1.12932 0.629395 2.5
    endloop
  endfacet
  facet normal 0 0 -1
    outer loop
      vertex 1.61331 1.02815 2.5
      vertex 1.04109 1.44757 2.5
      vertex 1.19624 1.64287 2.5
    endloop
  endfacet
  facet normal 0 0 -1
    outer loop
      vertex 0.768509 0.96843 2.5
      vertex 1.12932 0.629395 2.5
      vertex 1.00726 0.428787 2.5
    endloop
  endfacet
  facet normal 0 0 -1
    outer loop
      vertex 0.768509 0.96843 2.5
      vertex 1.00726 0.428787 2.5
      vertex 0.912323 0.206696 2.5
    endloop
  endfacet
  facet normal 0 0 -1
    outer loop
      vertex 1.43483 0.933212 2.5
      vertex 0.898514 1.22276 2.5
      vertex 1.04109 1.44757 2.5
    endloop
  endfacet
  facet normal 0 0 -1
    outer loop
      vertex 0.768509 0.96843 2.5
      vertex 0.912323 0.206696 2.5
      vertex 0.844513 -0.0368652 2.5
    endloop
  endfacet
  facet normal 0 0 -1
    outer loop
      vertex 0.768509 0.96843 2.5
      vertex 0.844513 -0.0368652 2.5
      vertex 0.803833 -0.301941 2.5
    endloop
  endfacet
  facet normal 0 0 -1
    outer loop
      vertex 1.2735 0.800293 2.5
      vertex 0.768509 0.96843 2.5
      vertex 0.898514 1.22276 2.5
    endloop
  endfacet
  facet normal 0 0 -1
    outer loop
      vertex 0.768509 0.96843 2.5
      vertex 0.803833 -0.301941 2.5
      vertex 0.790268 -0.588516 2.5
    endloop
  endfacet
  facet normal -0 0 -1
    outer loop
      vertex -1.81705 -1.34073 2.5
      vertex -3.43645 -1.51726 2.5
      vertex -3.38023 -0.794678 2.5
    endloop
  endfacet
  facet normal 0 0 -1
    outer loop
      vertex -2.91855 -3.3244 2.5
      vertex -3.60506 -2.07928 2.5
      vertex -3.43645 -1.51726 2.5
    endloop
  endfacet
  facet normal 0 0 -1
    outer loop
      vertex -3.88608 -2.48071 2.5
      vertex -3.30826 -3.5515 2.5
      vertex -3.74658 -3.7137 2.5
    endloop
  endfacet
  facet normal 0 0 -1
    outer loop
      vertex -2.91855 -3.3244 2.5
      vertex -3.88608 -2.48071 2.5
      vertex -3.60506 -2.07928 2.5
    endloop
  endfacet
  facet normal 0 0 -1
    outer loop
      vertex -4.27951 -2.72159 2.5
      vertex -3.74658 -3.7137 2.5
      vertex -4.23351 -3.81104 2.5
    endloop
  endfacet
  facet normal 0 0 -1
    outer loop
      vertex -3.74658 -3.7137 2.5
      vertex -4.27951 -2.72159 2.5
      vertex -3.88608 -2.48071 2.5
    endloop
  endfacet
  facet normal 0 0 -1
    outer loop
      vertex -4.78535 -2.80188 2.5
      vertex -4.23351 -3.81104 2.5
      vertex -4.76904 -3.84348 2.5
    endloop
  endfacet
  facet normal 0 0 -1
    outer loop
      vertex -4.23351 -3.81104 2.5
      vertex -4.78535 -2.80188 2.5
      vertex -4.27951 -2.72159 2.5
    endloop
  endfacet
  facet normal 0 0 -1
    outer loop
      vertex -4.76904 -3.84348 2.5
      vertex -5.02937 -2.78137 2.5
      vertex -4.78535 -2.80188 2.5
    endloop
  endfacet
  facet normal 0 0 -1
    outer loop
      vertex -5.2944 -3.81093 2.5
      vertex -5.02937 -2.78137 2.5
      vertex -4.76904 -3.84348 2.5
    endloop
  endfacet
  facet normal -0 0 -1
    outer loop
      vertex -5.02937 -2.78137 2.5
      vertex -5.2944 -3.81093 2.5
      vertex -5.24931 -2.71985 2.5
    endloop
  endfacet
  facet normal 0 0 -1
    outer loop
      vertex -5.77248 -3.71327 2.5
      vertex -5.24931 -2.71985 2.5
      vertex -5.2944 -3.81093 2.5
    endloop
  endfacet
  facet normal -0 0 -1
    outer loop
      vertex -5.24931 -2.71985 2.5
      vertex -5.77248 -3.71327 2.5
      vertex -5.44514 -2.61732 2.5
    endloop
  endfacet
  facet normal 0 0 -1
    outer loop
      vertex -6.20322 -3.55052 2.5
      vertex -5.44514 -2.61732 2.5
      vertex -5.77248 -3.71327 2.5
    endloop
  endfacet
  facet normal -0 0 -1
    outer loop
      vertex -5.44514 -2.61732 2.5
      vertex -6.20322 -3.55052 2.5
      vertex -5.6169 -2.47379 2.5
    endloop
  endfacet
  facet normal 0 0 -1
    outer loop
      vertex -6.58667 -3.32266 2.5
      vertex -5.6169 -2.47379 2.5
      vertex -6.20322 -3.55052 2.5
    endloop
  endfacet
  facet normal -0 0 -1
    outer loop
      vertex -5.6169 -2.47379 2.5
      vertex -6.58667 -3.32266 2.5
      vertex -5.76456 -2.28923 2.5
    endloop
  endfacet
  facet normal 0 0 -1
    outer loop
      vertex -6.92281 -3.02971 2.5
      vertex -5.76456 -2.28923 2.5
      vertex -6.58667 -3.32266 2.5
    endloop
  endfacet
  facet normal -0 0 -1
    outer loop
      vertex -5.76456 -2.28923 2.5
      vertex -6.92281 -3.02971 2.5
      vertex -5.88661 -2.0654 2.5
    endloop
  endfacet
  facet normal 0 0 -1
    outer loop
      vertex -7.20403 -2.6799 2.5
      vertex -5.88661 -2.0654 2.5
      vertex -6.92281 -3.02971 2.5
    endloop
  endfacet
  facet normal -0 0 -1
    outer loop
      vertex -5.88661 -2.0654 2.5
      vertex -7.20403 -2.6799 2.5
      vertex -5.98155 -1.80403 2.5
    endloop
  endfacet
  facet normal 0 0 -1
    outer loop
      vertex -7.42278 -2.28149 2.5
      vertex -5.98155 -1.80403 2.5
      vertex -7.20403 -2.6799 2.5
    endloop
  endfacet
  facet normal 0 -0 -1
    outer loop
      vertex -7.67274 -0.252502 2.5
      vertex -6.10361 -0.794678 2.5
      vertex -7.70399 -0.794678 2.5
    endloop
  endfacet
  facet normal -0 0 -1
    outer loop
      vertex -5.98155 -1.80403 2.5
      vertex -7.42278 -2.28149 2.5
      vertex -6.04935 -1.50513 2.5
    endloop
  endfacet
  facet normal 0 0 -1
    outer loop
      vertex -7.57901 -1.83449 2.5
      vertex -6.04935 -1.50513 2.5
      vertex -7.42278 -2.28149 2.5
    endloop
  endfacet
  facet normal 0 -0 -1
    outer loop
      vertex -7.57901 0.241272 2.5
      vertex -6.10361 -0.794678 2.5
      vertex -7.67274 -0.252502 2.5
    endloop
  endfacet
  facet normal 0 0 -1
    outer loop
      vertex -7.67274 -1.33888 2.5
      vertex -6.04935 -1.50513 2.5
      vertex -7.57901 -1.83449 2.5
    endloop
  endfacet
  facet normal 0 -0 -1
    outer loop
      vertex -7.42278 0.686661 2.5
      vertex -6.10361 -0.794678 2.5
      vertex -7.57901 0.241272 2.5
    endloop
  endfacet
  facet normal 0 0 -1
    outer loop
      vertex -6.04935 -1.50513 2.5
      vertex -7.67274 -1.33888 2.5
      vertex -6.09004 -1.16867 2.5
    endloop
  endfacet
  facet normal 0 0 -1
    outer loop
      vertex -6.10361 -0.794678 2.5
      vertex -6.58537 1.72424 2.5
      vertex -6.19803 1.95134 2.5
    endloop
  endfacet
  facet normal 0 0 -1
    outer loop
      vertex -7.70399 -0.794678 2.5
      vertex -6.09004 -1.16867 2.5
      vertex -7.67274 -1.33888 2.5
    endloop
  endfacet
  facet normal 0 0 -1
    outer loop
      vertex -6.09004 -1.16867 2.5
      vertex -7.70399 -0.794678 2.5
      vertex -6.10361 -0.794678 2.5
    endloop
  endfacet
  facet normal 0 0 -1
    outer loop
      vertex -6.10361 -0.794678 2.5
      vertex -6.92281 1.43227 2.5
      vertex -6.58537 1.72424 2.5
    endloop
  endfacet
  facet normal 0 0 -1
    outer loop
      vertex -6.10361 -0.794678 2.5
      vertex -7.20403 1.08366 2.5
      vertex -6.92281 1.43227 2.5
    endloop
  endfacet
  facet normal 0 0 -1
    outer loop
      vertex -6.10361 -0.794678 2.5
      vertex -7.42278 0.686661 2.5
      vertex -7.20403 1.08366 2.5
    endloop
  endfacet
  facet normal 0 0 -1
    outer loop
      vertex -3.38023 -0.794678 2.5
      vertex -1.78535 -0.794678 2.5
      vertex -1.81705 -1.34073 2.5
    endloop
  endfacet
  facet normal 0 0 -1
    outer loop
      vertex -3.39392 -0.398865 2.5
      vertex -1.78535 -0.794678 2.5
      vertex -3.38023 -0.794678 2.5
    endloop
  endfacet
  facet normal 0 0 -1
    outer loop
      vertex -3.43645 -1.51726 2.5
      vertex -1.81705 -1.34073 2.5
      vertex -1.91209 -1.83754 2.5
    endloop
  endfacet
  facet normal 0 0 -1
    outer loop
      vertex -1.78535 -0.794678 2.5
      vertex -3.39392 -0.398865 2.5
      vertex -1.81563 -0.234039 2.5
    endloop
  endfacet
  facet normal 0 0 -1
    outer loop
      vertex -3.43645 -1.51726 2.5
      vertex -1.91209 -1.83754 2.5
      vertex -2.07051 -2.2851 2.5
    endloop
  endfacet
  facet normal 0 0 -1
    outer loop
      vertex -3.43494 -0.0490417 2.5
      vertex -1.81563 -0.234039 2.5
      vertex -3.39392 -0.398865 2.5
    endloop
  endfacet
  facet normal 0 0 -1
    outer loop
      vertex -3.43645 -1.51726 2.5
      vertex -2.07051 -2.2851 2.5
      vertex -2.2923 -2.6834 2.5
    endloop
  endfacet
  facet normal 0 0 -1
    outer loop
      vertex -1.81563 -0.234039 2.5
      vertex -3.43494 -0.0490417 2.5
      vertex -1.90645 0.271683 2.5
    endloop
  endfacet
  facet normal 0 0 -1
    outer loop
      vertex -3.43645 -1.51726 2.5
      vertex -2.2923 -2.6834 2.5
      vertex -2.57744 -3.03242 2.5
    endloop
  endfacet
  facet normal -0 0 -1
    outer loop
      vertex -1.90645 0.271683 2.5
      vertex -3.43494 -0.0490417 2.5
      vertex -2.05782 0.722504 2.5
    endloop
  endfacet
  facet normal 0 0 -1
    outer loop
      vertex -3.43645 -1.51726 2.5
      vertex -2.57744 -3.03242 2.5
      vertex -2.91855 -3.3244 2.5
    endloop
  endfacet
  facet normal 0 0 -1
    outer loop
      vertex -3.5033 0.254745 2.5
      vertex -2.05782 0.722504 2.5
      vertex -3.43494 -0.0490417 2.5
    endloop
  endfacet
  facet normal 0 0 -1
    outer loop
      vertex -3.88608 -2.48071 2.5
      vertex -2.91855 -3.3244 2.5
      vertex -3.30826 -3.5515 2.5
    endloop
  endfacet
  facet normal -0 0 -1
    outer loop
      vertex -2.05782 0.722504 2.5
      vertex -3.5033 0.254745 2.5
      vertex -2.26971 1.11839 2.5
    endloop
  endfacet
  facet normal 0 0 -1
    outer loop
      vertex -3.59901 0.512558 2.5
      vertex -2.26971 1.11839 2.5
      vertex -3.5033 0.254745 2.5
    endloop
  endfacet
  facet normal -0 0 -1
    outer loop
      vertex -2.26971 1.11839 2.5
      vertex -3.59901 0.512558 2.5
      vertex -2.54216 1.4594 2.5
    endloop
  endfacet
  facet normal 0 0 -1
    outer loop
      vertex -3.72208 0.72435 2.5
      vertex -2.54216 1.4594 2.5
      vertex -3.59901 0.512558 2.5
    endloop
  endfacet
  facet normal -0 0 -1
    outer loop
      vertex -2.54216 1.4594 2.5
      vertex -3.72208 0.72435 2.5
      vertex -2.87209 1.74161 2.5
    endloop
  endfacet
  facet normal 0 0 -1
    outer loop
      vertex -3.87115 0.894272 2.5
      vertex -2.87209 1.74161 2.5
      vertex -3.72208 0.72435 2.5
    endloop
  endfacet
  facet normal -0 0 -1
    outer loop
      vertex -2.87209 1.74161 2.5
      vertex -3.87115 0.894272 2.5
      vertex -3.25648 1.96111 2.5
    endloop
  endfacet
  facet normal 0 0 -1
    outer loop
      vertex -4.04497 1.02643 2.5
      vertex -3.25648 1.96111 2.5
      vertex -3.87115 0.894272 2.5
    endloop
  endfacet
  facet normal -0 0 -1
    outer loop
      vertex -3.25648 1.96111 2.5
      vertex -4.04497 1.02643 2.5
      vertex -3.69537 2.11789 2.5
    endloop
  endfacet
  facet normal 0 0 -1
    outer loop
      vertex -4.2435 1.12083 2.5
      vertex -3.69537 2.11789 2.5
      vertex -4.04497 1.02643 2.5
    endloop
  endfacet
  facet normal -0 0 -1
    outer loop
      vertex -3.69537 2.11789 2.5
      vertex -4.2435 1.12083 2.5
      vertex -4.18872 2.21196 2.5
    endloop
  endfacet
  facet normal 0 0 -1
    outer loop
      vertex -4.46678 1.17747 2.5
      vertex -4.18872 2.21196 2.5
      vertex -4.2435 1.12083 2.5
    endloop
  endfacet
  facet normal 0 0 -1
    outer loop
      vertex -4.73656 2.24332 2.5
      vertex -4.46678 1.17747 2.5
      vertex -4.7148 1.19635 2.5
    endloop
  endfacet
  facet normal 0 0 -1
    outer loop
      vertex -4.46678 1.17747 2.5
      vertex -4.73656 2.24332 2.5
      vertex -4.18872 2.21196 2.5
    endloop
  endfacet
  facet normal 0 0 -1
    outer loop
      vertex -5.27362 2.21088 2.5
      vertex -4.7148 1.19635 2.5
      vertex -5.21477 1.11671 2.5
    endloop
  endfacet
  facet normal 0 0 -1
    outer loop
      vertex -4.7148 1.19635 2.5
      vertex -5.27362 2.21088 2.5
      vertex -4.73656 2.24332 2.5
    endloop
  endfacet
  facet normal 0 0 -1
    outer loop
      vertex -5.76077 2.11354 2.5
      vertex -5.21477 1.11671 2.5
      vertex -5.60364 0.877792 2.5
    endloop
  endfacet
  facet normal 0 0 -1
    outer loop
      vertex -5.21477 1.11671 2.5
      vertex -5.76077 2.11354 2.5
      vertex -5.27362 2.21088 2.5
    endloop
  endfacet
  facet normal 0 0 -1
    outer loop
      vertex -6.19803 1.95134 2.5
      vertex -5.60364 0.877792 2.5
      vertex -5.88139 0.479584 2.5
    endloop
  endfacet
  facet normal 0 0 -1
    outer loop
      vertex -6.19803 1.95134 2.5
      vertex -5.88139 0.479584 2.5
      vertex -6.04805 -0.0778961 2.5
    endloop
  endfacet
  facet normal 0 0 -1
    outer loop
      vertex -5.60364 0.877792 2.5
      vertex -6.19803 1.95134 2.5
      vertex -5.76077 2.11354 2.5
    endloop
  endfacet
  facet normal 0 0 -1
    outer loop
      vertex -6.19803 1.95134 2.5
      vertex -6.04805 -0.0778961 2.5
      vertex -6.10361 -0.794678 2.5
    endloop
  endfacet
  facet normal 0 0 -1
    outer loop
      vertex 11.9285 -3.73499 2.5
      vertex 13.4529 -0.854355 2.5
      vertex 13.4529 -3.73499 2.5
    endloop
  endfacet
  facet normal 0 0 -1
    outer loop
      vertex 13.4529 -0.854355 2.5
      vertex 13.4095 0.881638 2.5
      vertex 13.4312 0.881638 2.5
    endloop
  endfacet
  facet normal 0 0 -1
    outer loop
      vertex 13.4529 -0.854355 2.5
      vertex 11.9285 0.756912 2.5
      vertex 13.4095 0.881638 2.5
    endloop
  endfacet
  facet normal 0 0 -1
    outer loop
      vertex 11.9279 0.943634 2.5
      vertex 13.4095 0.881638 2.5
      vertex 11.9285 0.756912 2.5
    endloop
  endfacet
  facet normal 0 0 -1
    outer loop
      vertex 13.4095 0.881638 2.5
      vertex 11.9279 0.943634 2.5
      vertex 13.4084 0.960098 2.5
    endloop
  endfacet
  facet normal -0 0 -1
    outer loop
      vertex 13.4084 0.960098 2.5
      vertex 11.9279 0.943634 2.5
      vertex 13.4052 1.06525 2.5
    endloop
  endfacet
  facet normal 0 0 -1
    outer loop
      vertex 11.9263 1.11755 2.5
      vertex 13.4052 1.06525 2.5
      vertex 11.9279 0.943634 2.5
    endloop
  endfacet
  facet normal 0 0 -1
    outer loop
      vertex 13.4052 1.06525 2.5
      vertex 11.9263 1.11755 2.5
      vertex 13.3997 1.19708 2.5
    endloop
  endfacet
  facet normal 0 0 -1
    outer loop
      vertex 11.9236 1.27867 2.5
      vertex 13.3997 1.19708 2.5
      vertex 11.9263 1.11755 2.5
    endloop
  endfacet
  facet normal 0 0 -1
    outer loop
      vertex 13.3997 1.19708 2.5
      vertex 11.9236 1.27867 2.5
      vertex 13.3921 1.35562 2.5
    endloop
  endfacet
  facet normal 0 0 -1
    outer loop
      vertex 11.9197 1.42699 2.5
      vertex 13.3921 1.35562 2.5
      vertex 11.9236 1.27867 2.5
    endloop
  endfacet
  facet normal 0 0 -1
    outer loop
      vertex 13.3921 1.35562 2.5
      vertex 11.9197 1.42699 2.5
      vertex 13.3824 1.54083 2.5
    endloop
  endfacet
  facet normal -0 0 -1
    outer loop
      vertex 13.4529 -0.854355 2.5
      vertex 11.9285 -3.73499 2.5
      vertex 11.9285 0.756912 2.5
    endloop
  endfacet
  facet normal 0 0 -1
    outer loop
      vertex 11.9148 1.56252 2.5
      vertex 13.3824 1.54083 2.5
      vertex 11.9197 1.42699 2.5
    endloop
  endfacet
  facet normal 0 0 -1
    outer loop
      vertex 13.3824 1.54083 2.5
      vertex 11.9148 1.56252 2.5
      vertex 13.3719 1.72343 2.5
    endloop
  endfacet
  facet normal 0 0 -1
    outer loop
      vertex 11.9093 1.68871 2.5
      vertex 13.3719 1.72343 2.5
      vertex 11.9148 1.56252 2.5
    endloop
  endfacet
  facet normal -0 0 -1
    outer loop
      vertex 13.3719 1.72343 2.5
      vertex 11.9093 1.68871 2.5
      vertex 13.3624 1.87415 2.5
    endloop
  endfacet
  facet normal 0 0 -1
    outer loop
      vertex 11.9036 1.80902 2.5
      vertex 13.3624 1.87415 2.5
      vertex 11.9093 1.68871 2.5
    endloop
  endfacet
  facet normal -0 0 -1
    outer loop
      vertex 13.3624 1.87415 2.5
      vertex 11.9036 1.80902 2.5
      vertex 13.3537 1.99295 2.5
    endloop
  endfacet
  facet normal 0 0 -1
    outer loop
      vertex 11.8976 1.92349 2.5
      vertex 13.3537 1.99295 2.5
      vertex 11.9036 1.80902 2.5
    endloop
  endfacet
  facet normal -0 0 -1
    outer loop
      vertex 13.3537 1.99295 2.5
      vertex 11.8976 1.92349 2.5
      vertex 13.3459 2.07983 2.5
    endloop
  endfacet
  facet normal -0 0 -1
    outer loop
      vertex 13.3459 2.07983 2.5
      vertex 11.8976 1.92349 2.5
      vertex 13.3389 2.13483 2.5
    endloop
  endfacet
  facet normal 0 0 -1
    outer loop
      vertex 11.8915 2.03209 2.5
      vertex 13.3389 2.13483 2.5
      vertex 11.8976 1.92349 2.5
    endloop
  endfacet
  facet normal -0 0 -1
    outer loop
      vertex 13.3389 2.13483 2.5
      vertex 11.8915 2.03209 2.5
      vertex 11.8851 2.13483 2.5
    endloop
  endfacet
  facet normal 0 0 -1
    outer loop
      vertex 15.1641 0.921799 2.5
      vertex 15.3082 2.16739 2.5
      vertex 15.3082 0.892517 2.5
    endloop
  endfacet
  facet normal 0 0 -1
    outer loop
      vertex 15.027 0.94458 2.5
      vertex 15.3082 2.16739 2.5
      vertex 15.1641 0.921799 2.5
    endloop
  endfacet
  facet normal -0 0 -1
    outer loop
      vertex 15.3082 2.16739 2.5
      vertex 15.027 0.94458 2.5
      vertex 15.2321 2.19669 2.5
    endloop
  endfacet
  facet normal 0 0 -1
    outer loop
      vertex 14.8968 0.960861 2.5
      vertex 15.2321 2.19669 2.5
      vertex 15.027 0.94458 2.5
    endloop
  endfacet
  facet normal -0 0 -1
    outer loop
      vertex 15.2321 2.19669 2.5
      vertex 14.8968 0.960861 2.5
      vertex 15.1468 2.21947 2.5
    endloop
  endfacet
  facet normal -0 0 -1
    outer loop
      vertex 15.1468 2.21947 2.5
      vertex 14.8968 0.960861 2.5
      vertex 15.0524 2.23573 2.5
    endloop
  endfacet
  facet normal -0 0 -1
    outer loop
      vertex 15.0524 2.23573 2.5
      vertex 14.8968 0.960861 2.5
      vertex 14.9489 2.2455 2.5
    endloop
  endfacet
  facet normal 0 0 -1
    outer loop
      vertex 14.7735 0.970612 2.5
      vertex 14.9489 2.2455 2.5
      vertex 14.8968 0.960861 2.5
    endloop
  endfacet
  facet normal -0 0 -1
    outer loop
      vertex 14.9489 2.2455 2.5
      vertex 14.7735 0.970612 2.5
      vertex 14.8363 2.24875 2.5
    endloop
  endfacet
  facet normal 0 0 -1
    outer loop
      vertex 14.7735 0.970612 2.5
      vertex 14.6978 2.24387 2.5
      vertex 14.8363 2.24875 2.5
    endloop
  endfacet
  facet normal 0 0 -1
    outer loop
      vertex 14.6572 0.973877 2.5
      vertex 14.6978 2.24387 2.5
      vertex 14.7735 0.970612 2.5
    endloop
  endfacet
  facet normal 0 0 -1
    outer loop
      vertex 14.6572 0.973877 2.5
      vertex 14.5689 2.22922 2.5
      vertex 14.6978 2.24387 2.5
    endloop
  endfacet
  facet normal 0 0 -1
    outer loop
      vertex 14.6572 0.973877 2.5
      vertex 14.4496 2.2048 2.5
      vertex 14.5689 2.22922 2.5
    endloop
  endfacet
  facet normal 0 0 -1
    outer loop
      vertex 14.2395 2.12668 2.5
      vertex 14.6572 0.973877 2.5
      vertex 14.4395 0.955429 2.5
    endloop
  endfacet
  facet normal 0 0 -1
    outer loop
      vertex 14.6572 0.973877 2.5
      vertex 14.3398 2.17062 2.5
      vertex 14.4496 2.2048 2.5
    endloop
  endfacet
  facet normal 0 0 -1
    outer loop
      vertex 13.7559 1.63681 2.5
      vertex 14.4395 0.955429 2.5
      vertex 14.2419 0.900101 2.5
    endloop
  endfacet
  facet normal 0 0 -1
    outer loop
      vertex 14.6572 0.973877 2.5
      vertex 14.2395 2.12668 2.5
      vertex 14.3398 2.17062 2.5
    endloop
  endfacet
  facet normal 0 0 -1
    outer loop
      vertex 14.4395 0.955429 2.5
      vertex 14.1466 2.07266 2.5
      vertex 14.2395 2.12668 2.5
    endloop
  endfacet
  facet normal 0 0 -1
    outer loop
      vertex 13.6013 1.31783 2.5
      vertex 14.2419 0.900101 2.5
      vertex 14.0645 0.807877 2.5
    endloop
  endfacet
  facet normal 0 0 -1
    outer loop
      vertex 14.4395 0.955429 2.5
      vertex 14.059 2.00822 2.5
      vertex 14.1466 2.07266 2.5
    endloop
  endfacet
  facet normal 0 0 -1
    outer loop
      vertex 14.4395 0.955429 2.5
      vertex 13.9765 1.93335 2.5
      vertex 14.059 2.00822 2.5
    endloop
  endfacet
  facet normal 0 0 -1
    outer loop
      vertex 13.5182 1.11438 2.5
      vertex 14.0645 0.807877 2.5
      vertex 13.9073 0.678757 2.5
    endloop
  endfacet
  facet normal 0 0 -1
    outer loop
      vertex 14.4395 0.955429 2.5
      vertex 13.8993 1.84807 2.5
      vertex 13.9765 1.93335 2.5
    endloop
  endfacet
  facet normal 0 0 -1
    outer loop
      vertex 14.4395 0.955429 2.5
      vertex 13.8273 1.75235 2.5
      vertex 13.8993 1.84807 2.5
    endloop
  endfacet
  facet normal 0 0 -1
    outer loop
      vertex 13.4312 0.881638 2.5
      vertex 13.9073 0.678757 2.5
      vertex 13.7703 0.512756 2.5
    endloop
  endfacet
  facet normal 0 0 -1
    outer loop
      vertex 14.4395 0.955429 2.5
      vertex 13.7559 1.63681 2.5
      vertex 13.8273 1.75235 2.5
    endloop
  endfacet
  facet normal 0 0 -1
    outer loop
      vertex 14.2419 0.900101 2.5
      vertex 13.6805 1.49196 2.5
      vertex 13.7559 1.63681 2.5
    endloop
  endfacet
  facet normal 0 0 -1
    outer loop
      vertex 13.4312 0.881638 2.5
      vertex 13.7703 0.512756 2.5
      vertex 13.656 0.310516 2.5
    endloop
  endfacet
  facet normal 0 0 -1
    outer loop
      vertex 14.2419 0.900101 2.5
      vertex 13.6013 1.31783 2.5
      vertex 13.6805 1.49196 2.5
    endloop
  endfacet
  facet normal 0 0 -1
    outer loop
      vertex 13.4312 0.881638 2.5
      vertex 13.656 0.310516 2.5
      vertex 13.5672 0.0726776 2.5
    endloop
  endfacet
  facet normal 0 0 -1
    outer loop
      vertex 14.0645 0.807877 2.5
      vertex 13.5182 1.11438 2.5
      vertex 13.6013 1.31783 2.5
    endloop
  endfacet
  facet normal 0 0 -1
    outer loop
      vertex 13.4312 0.881638 2.5
      vertex 13.5672 0.0726776 2.5
      vertex 13.5037 -0.200729 2.5
    endloop
  endfacet
  facet normal 0 0 -1
    outer loop
      vertex 13.4312 0.881638 2.5
      vertex 13.5037 -0.200729 2.5
      vertex 13.4656 -0.50975 2.5
    endloop
  endfacet
  facet normal 0 0 -1
    outer loop
      vertex 13.4312 0.881638 2.5
      vertex 13.4656 -0.50975 2.5
      vertex 13.4529 -0.854355 2.5
    endloop
  endfacet
  facet normal 0 0 -1
    outer loop
      vertex 13.9073 0.678757 2.5
      vertex 13.4312 0.881638 2.5
      vertex 13.5182 1.11438 2.5
    endloop
  endfacet
  facet normal 0 0 -1
    outer loop
      vertex 8.24287 -1.02795 2.5
      vertex 9.02408 -0.176193 2.5
      vertex 9.02408 -1.01707 2.5
    endloop
  endfacet
  facet normal 0 0 -1
    outer loop
      vertex 7.76007 -0.197876 2.5
      vertex 8.24287 -1.02795 2.5
      vertex 8.04257 -1.03955 2.5
    endloop
  endfacet
  facet normal 0 0 -1
    outer loop
      vertex 7.76007 -0.197876 2.5
      vertex 8.04257 -1.03955 2.5
      vertex 7.86702 -1.05702 2.5
    endloop
  endfacet
  facet normal 0 0 -1
    outer loop
      vertex 8.24287 -1.02795 2.5
      vertex 7.76007 -0.197876 2.5
      vertex 9.02408 -0.176193 2.5
    endloop
  endfacet
  facet normal 0 0 -1
    outer loop
      vertex 7.7162 -1.08035 2.5
      vertex 7.76007 -0.197876 2.5
      vertex 7.86702 -1.05702 2.5
    endloop
  endfacet
  facet normal 0 0 -1
    outer loop
      vertex 7.33009 -0.220886 2.5
      vertex 7.7162 -1.08035 2.5
      vertex 7.59013 -1.10954 2.5
    endloop
  endfacet
  facet normal 0 0 -1
    outer loop
      vertex 7.33009 -0.220886 2.5
      vertex 7.59013 -1.10954 2.5
      vertex 7.4888 -1.14459 2.5
    endloop
  endfacet
  facet normal 0 0 -1
    outer loop
      vertex 7.33009 -0.220886 2.5
      vertex 7.4888 -1.14459 2.5
      vertex 7.40407 -1.18657 2.5
    endloop
  endfacet
  facet normal 0 0 -1
    outer loop
      vertex 7.7162 -1.08035 2.5
      vertex 7.33009 -0.220886 2.5
      vertex 7.76007 -0.197876 2.5
    endloop
  endfacet
  facet normal 0 0 -1
    outer loop
      vertex 6.94286 -0.281219 2.5
      vertex 7.40407 -1.18657 2.5
      vertex 7.3278 -1.23657 2.5
    endloop
  endfacet
  facet normal 0 0 -1
    outer loop
      vertex 6.94286 -0.281219 2.5
      vertex 7.3278 -1.23657 2.5
      vertex 7.25999 -1.29462 2.5
    endloop
  endfacet
  facet normal 0 0 -1
    outer loop
      vertex 6.59836 -0.378891 2.5
      vertex 7.25999 -1.29462 2.5
      vertex 7.20064 -1.3607 2.5
    endloop
  endfacet
  facet normal 0 0 -1
    outer loop
      vertex 6.2966 -0.513885 2.5
      vertex 7.20064 -1.3607 2.5
      vertex 7.14977 -1.43483 2.5
    endloop
  endfacet
  facet normal 0 0 -1
    outer loop
      vertex 6.0376 -0.686188 2.5
      vertex 7.14977 -1.43483 2.5
      vertex 7.10777 -1.51816 2.5
    endloop
  endfacet
  facet normal 0 0 -1
    outer loop
      vertex 5.82376 -0.894501 2.5
      vertex 7.10777 -1.51816 2.5
      vertex 7.0751 -1.61188 2.5
    endloop
  endfacet
  facet normal 0 0 -1
    outer loop
      vertex 5.65744 -1.13753 2.5
      vertex 7.0751 -1.61188 2.5
      vertex 7.05179 -1.71602 2.5
    endloop
  endfacet
  facet normal 0 0 -1
    outer loop
      vertex 7.40407 -1.18657 2.5
      vertex 6.94286 -0.281219 2.5
      vertex 7.33009 -0.220886 2.5
    endloop
  endfacet
  facet normal 0 0 -1
    outer loop
      vertex 5.53864 -1.41527 2.5
      vertex 7.05179 -1.71602 2.5
      vertex 7.03778 -1.83058 2.5
    endloop
  endfacet
  facet normal 0 0 -1
    outer loop
      vertex 5.46736 -1.72772 2.5
      vertex 7.03778 -1.83058 2.5
      vertex 7.03311 -1.95555 2.5
    endloop
  endfacet
  facet normal 0 0 -1
    outer loop
      vertex 11.2358 -2.85527 2.5
      vertex 11.3677 -3.65907 2.5
      vertex 11.3145 -3.67186 2.5
    endloop
  endfacet
  facet normal 0 0 -1
    outer loop
      vertex 11.3677 -3.65907 2.5
      vertex 11.3022 -2.84616 2.5
      vertex 11.3677 -2.83443 2.5
    endloop
  endfacet
  facet normal 0 0 -1
    outer loop
      vertex 11.1685 -2.86179 2.5
      vertex 11.3145 -3.67186 2.5
      vertex 11.2635 -3.6842 2.5
    endloop
  endfacet
  facet normal 0 0 -1
    outer loop
      vertex 11.3677 -3.65907 2.5
      vertex 11.2358 -2.85527 2.5
      vertex 11.3022 -2.84616 2.5
    endloop
  endfacet
  facet normal 0 0 -1
    outer loop
      vertex 11.1004 -2.86569 2.5
      vertex 11.2635 -3.6842 2.5
      vertex 11.2147 -3.69615 2.5
    endloop
  endfacet
  facet normal 0 0 -1
    outer loop
      vertex 11.3145 -3.67186 2.5
      vertex 11.1685 -2.86179 2.5
      vertex 11.2358 -2.85527 2.5
    endloop
  endfacet
  facet normal 0 0 -1
    outer loop
      vertex 11.1004 -2.86569 2.5
      vertex 11.2147 -3.69615 2.5
      vertex 11.168 -3.70766 2.5
    endloop
  endfacet
  facet normal 0 0 -1
    outer loop
      vertex 11.0314 -2.86699 2.5
      vertex 11.168 -3.70766 2.5
      vertex 11.1235 -3.71875 2.5
    endloop
  endfacet
  facet normal 0 0 -1
    outer loop
      vertex 11.2635 -3.6842 2.5
      vertex 11.1004 -2.86569 2.5
      vertex 11.1685 -2.86179 2.5
    endloop
  endfacet
  facet normal 0 0 -1
    outer loop
      vertex 11.0314 -2.86699 2.5
      vertex 11.1235 -3.71875 2.5
      vertex 11.0801 -3.72917 2.5
    endloop
  endfacet
  facet normal 0 0 -1
    outer loop
      vertex 11.0314 -2.86699 2.5
      vertex 11.0801 -3.72917 2.5
      vertex 11.0367 -3.73871 2.5
    endloop
  endfacet
  facet normal 0 0 -1
    outer loop
      vertex 11.168 -3.70766 2.5
      vertex 11.0314 -2.86699 2.5
      vertex 11.1004 -2.86569 2.5
    endloop
  endfacet
  facet normal 0 0 -1
    outer loop
      vertex 10.9332 -2.85951 2.5
      vertex 11.0367 -3.73871 2.5
      vertex 10.9933 -3.74738 2.5
    endloop
  endfacet
  facet normal 0 0 -1
    outer loop
      vertex 10.9332 -2.85951 2.5
      vertex 10.9933 -3.74738 2.5
      vertex 10.95 -3.75519 2.5
    endloop
  endfacet
  facet normal 0 0 -1
    outer loop
      vertex 11.0367 -3.73871 2.5
      vertex 10.9332 -2.85951 2.5
      vertex 11.0314 -2.86699 2.5
    endloop
  endfacet
  facet normal 0 0 -1
    outer loop
      vertex 10.9066 -3.76212 2.5
      vertex 10.9332 -2.85951 2.5
      vertex 10.95 -3.75519 2.5
    endloop
  endfacet
  facet normal 0 0 -1
    outer loop
      vertex 10.8626 -3.76842 2.5
      vertex 10.9332 -2.85951 2.5
      vertex 10.9066 -3.76212 2.5
    endloop
  endfacet
  facet normal 0 0 -1
    outer loop
      vertex 10.8176 -3.77429 2.5
      vertex 10.9332 -2.85951 2.5
      vertex 10.8626 -3.76842 2.5
    endloop
  endfacet
  facet normal -0 0 -1
    outer loop
      vertex 10.9332 -2.85951 2.5
      vertex 10.8176 -3.77429 2.5
      vertex 10.8469 -2.83705 2.5
    endloop
  endfacet
  facet normal 0 0 -1
    outer loop
      vertex 10.7715 -3.77971 2.5
      vertex 10.8469 -2.83705 2.5
      vertex 10.8176 -3.77429 2.5
    endloop
  endfacet
  facet normal 0 0 -1
    outer loop
      vertex 10.7243 -3.7847 2.5
      vertex 10.8469 -2.83705 2.5
      vertex 10.7715 -3.77971 2.5
    endloop
  endfacet
  facet normal 0 0 -1
    outer loop
      vertex 10.676 -3.78923 2.5
      vertex 10.8469 -2.83705 2.5
      vertex 10.7243 -3.7847 2.5
    endloop
  endfacet
  facet normal 0 0 -1
    outer loop
      vertex 10.6255 -3.79315 2.5
      vertex 10.8469 -2.83705 2.5
      vertex 10.676 -3.78923 2.5
    endloop
  endfacet
  facet normal -0 0 -1
    outer loop
      vertex 10.8469 -2.83705 2.5
      vertex 10.6255 -3.79315 2.5
      vertex 10.7726 -2.79962 2.5
    endloop
  endfacet
  facet normal 0 0 -1
    outer loop
      vertex 10.5718 -3.79619 2.5
      vertex 10.7726 -2.79962 2.5
      vertex 10.6255 -3.79315 2.5
    endloop
  endfacet
  facet normal 0 0 -1
    outer loop
      vertex 10.5149 -3.79837 2.5
      vertex 10.7726 -2.79962 2.5
      vertex 10.5718 -3.79619 2.5
    endloop
  endfacet
  facet normal 0 0 -1
    outer loop
      vertex 10.4547 -3.79968 2.5
      vertex 10.7726 -2.79962 2.5
      vertex 10.5149 -3.79837 2.5
    endloop
  endfacet
  facet normal 0 0 -1
    outer loop
      vertex 10.3912 -3.80011 2.5
      vertex 10.7726 -2.79962 2.5
      vertex 10.4547 -3.79968 2.5
    endloop
  endfacet
  facet normal -0 0 -1
    outer loop
      vertex 10.7726 -2.79962 2.5
      vertex 10.3912 -3.80011 2.5
      vertex 10.7102 -2.74724 2.5
    endloop
  endfacet
  facet normal 0 0 -1
    outer loop
      vertex 10.1732 -3.78883 2.5
      vertex 10.7102 -2.74724 2.5
      vertex 10.3912 -3.80011 2.5
    endloop
  endfacet
  facet normal 0 0 -1
    outer loop
      vertex 9.97934 -3.75497 2.5
      vertex 10.7102 -2.74724 2.5
      vertex 10.1732 -3.78883 2.5
    endloop
  endfacet
  facet normal -0 0 -1
    outer loop
      vertex 10.7102 -2.74724 2.5
      vertex 9.97934 -3.75497 2.5
      vertex 10.6597 -2.67987 2.5
    endloop
  endfacet
  facet normal 0 0 -1
    outer loop
      vertex 9.02408 -1.01707 2.5
      vertex 10.5485 0.138428 2.5
      vertex 10.5485 -1.99899 2.5
    endloop
  endfacet
  facet normal 0 0 -1
    outer loop
      vertex 9.80952 -3.69856 2.5
      vertex 10.6597 -2.67987 2.5
      vertex 9.97934 -3.75497 2.5
    endloop
  endfacet
  facet normal 0 0 -1
    outer loop
      vertex 9.6638 -3.61958 2.5
      vertex 10.6597 -2.67987 2.5
      vertex 9.80952 -3.69856 2.5
    endloop
  endfacet
  facet normal 0 0 -1
    outer loop
      vertex 9.54216 -3.51804 2.5
      vertex 10.6597 -2.67987 2.5
      vertex 9.6638 -3.61958 2.5
    endloop
  endfacet
  facet normal 0 -0 -1
    outer loop
      vertex 9.02408 -1.31548 2.5
      vertex 10.5485 -1.99899 2.5
      vertex 9.01735 -1.4679 2.5
    endloop
  endfacet
  facet normal 0 0 -1
    outer loop
      vertex 9.44138 -3.39453 2.5
      vertex 10.6597 -2.67987 2.5
      vertex 9.54216 -3.51804 2.5
    endloop
  endfacet
  facet normal 0 0 -1
    outer loop
      vertex 9.02408 -0.176193 2.5
      vertex 10.5485 0.138428 2.5
      vertex 9.02408 -1.01707 2.5
    endloop
  endfacet
  facet normal 0 0 -1
    outer loop
      vertex 9.35815 -3.24979 2.5
      vertex 10.6597 -2.67987 2.5
      vertex 9.44138 -3.39453 2.5
    endloop
  endfacet
  facet normal 0 0 -1
    outer loop
      vertex 9.02408 0.122192 2.5
      vertex 10.5485 0.138428 2.5
      vertex 9.02408 -0.176193 2.5
    endloop
  endfacet
  facet normal 0 0 -1
    outer loop
      vertex 9.21391 -2.68796 2.5
      vertex 10.5885 -2.48108 2.5
      vertex 9.24443 -2.89648 2.5
    endloop
  endfacet
  facet normal 0 0 -1
    outer loop
      vertex 9.01605 0.340378 2.5
      vertex 10.5485 0.138428 2.5
      vertex 9.02408 0.122192 2.5
    endloop
  endfacet
  facet normal 0 0 -1
    outer loop
      vertex 9.24443 -2.89648 2.5
      vertex 10.6196 -2.59273 2.5
      vertex 9.29251 -3.08377 2.5
    endloop
  endfacet
  facet normal 0 0 -1
    outer loop
      vertex 8.99196 0.534912 2.5
      vertex 10.5244 0.523605 2.5
      vertex 9.01605 0.340378 2.5
    endloop
  endfacet
  facet normal -0 0 -1
    outer loop
      vertex 10.6597 -2.67987 2.5
      vertex 9.35815 -3.24979 2.5
      vertex 10.6196 -2.59273 2.5
    endloop
  endfacet
  facet normal 0 0 -1
    outer loop
      vertex 9.29251 -3.08377 2.5
      vertex 10.6196 -2.59273 2.5
      vertex 9.35815 -3.24979 2.5
    endloop
  endfacet
  facet normal -0 0 -1
    outer loop
      vertex 10.6196 -2.59273 2.5
      vertex 9.24443 -2.89648 2.5
      vertex 10.5885 -2.48108 2.5
    endloop
  endfacet
  facet normal 0 0 -1
    outer loop
      vertex 10.5244 0.523605 2.5
      vertex 8.99196 0.534912 2.5
      vertex 10.4521 0.871887 2.5
    endloop
  endfacet
  facet normal -0 0 -1
    outer loop
      vertex 10.5885 -2.48108 2.5
      vertex 9.21391 -2.68796 2.5
      vertex 10.5663 -2.34489 2.5
    endloop
  endfacet
  facet normal -0 0 -1
    outer loop
      vertex 10.5663 -2.34489 2.5
      vertex 9.21391 -2.68796 2.5
      vertex 10.5529 -2.1842 2.5
    endloop
  endfacet
  facet normal -0 0 -1
    outer loop
      vertex 10.5529 -2.1842 2.5
      vertex 9.21391 -2.68796 2.5
      vertex 10.5485 -1.99899 2.5
    endloop
  endfacet
  facet normal 0 0 -1
    outer loop
      vertex 8.96355 -1.76299 2.5
      vertex 10.5485 -1.99899 2.5
      vertex 9.21391 -2.68796 2.5
    endloop
  endfacet
  facet normal 0 0 -1
    outer loop
      vertex 8.85591 -2.04507 2.5
      vertex 9.21391 -2.68796 2.5
      vertex 9.18144 -2.68796 2.5
    endloop
  endfacet
  facet normal -0 0 -1
    outer loop
      vertex 10.4521 0.871887 2.5
      vertex 8.99196 0.534912 2.5
      vertex 10.3317 1.18327 2.5
    endloop
  endfacet
  facet normal 0 0 -1
    outer loop
      vertex 10.5485 0.138428 2.5
      vertex 9.01605 0.340378 2.5
      vertex 10.5244 0.523605 2.5
    endloop
  endfacet
  facet normal 0 0 -1
    outer loop
      vertex 9.02408 -1.01707 2.5
      vertex 10.5485 -1.99899 2.5
      vertex 9.02408 -1.31548 2.5
    endloop
  endfacet
  facet normal 0 0 -1
    outer loop
      vertex 10.5485 -1.99899 2.5
      vertex 8.99718 -1.61707 2.5
      vertex 9.01735 -1.4679 2.5
    endloop
  endfacet
  facet normal 0 0 -1
    outer loop
      vertex 10.5485 -1.99899 2.5
      vertex 8.96355 -1.76299 2.5
      vertex 8.99718 -1.61707 2.5
    endloop
  endfacet
  facet normal 0 0 -1
    outer loop
      vertex 9.21391 -2.68796 2.5
      vertex 8.91646 -1.90565 2.5
      vertex 8.96355 -1.76299 2.5
    endloop
  endfacet
  facet normal 0 0 -1
    outer loop
      vertex 8.50525 -2.50081 2.5
      vertex 9.18144 -2.68796 2.5
      vertex 8.89934 -3.10394 2.5
    endloop
  endfacet
  facet normal 0 0 -1
    outer loop
      vertex 9.21391 -2.68796 2.5
      vertex 8.85591 -2.04507 2.5
      vertex 8.91646 -1.90565 2.5
    endloop
  endfacet
  facet normal 0 0 -1
    outer loop
      vertex 9.18144 -2.68796 2.5
      vertex 8.78355 -2.1769 2.5
      vertex 8.85591 -2.04507 2.5
    endloop
  endfacet
  facet normal 0 0 -1
    outer loop
      vertex 9.18144 -2.68796 2.5
      vertex 8.70099 -2.2968 2.5
      vertex 8.78355 -2.1769 2.5
    endloop
  endfacet
  facet normal 0 0 -1
    outer loop
      vertex 9.18144 -2.68796 2.5
      vertex 8.60822 -2.40477 2.5
      vertex 8.70099 -2.2968 2.5
    endloop
  endfacet
  facet normal 0 0 -1
    outer loop
      vertex 8.27132 -2.65521 2.5
      vertex 8.89934 -3.10394 2.5
      vertex 8.56514 -3.42749 2.5
    endloop
  endfacet
  facet normal 0 0 -1
    outer loop
      vertex 9.18144 -2.68796 2.5
      vertex 8.50525 -2.50081 2.5
      vertex 8.60822 -2.40477 2.5
    endloop
  endfacet
  facet normal 0 0 -1
    outer loop
      vertex 8.89934 -3.10394 2.5
      vertex 8.39207 -2.58492 2.5
      vertex 8.50525 -2.50081 2.5
    endloop
  endfacet
  facet normal 0 0 -1
    outer loop
      vertex 8.89934 -3.10394 2.5
      vertex 8.27132 -2.65521 2.5
      vertex 8.39207 -2.58492 2.5
    endloop
  endfacet
  facet normal 0 0 -1
    outer loop
      vertex 8.0148 -2.74895 2.5
      vertex 8.56514 -3.42749 2.5
      vertex 8.17888 -3.65858 2.5
    endloop
  endfacet
  facet normal 0 0 -1
    outer loop
      vertex 8.56514 -3.42749 2.5
      vertex 8.14555 -2.70988 2.5
      vertex 8.27132 -2.65521 2.5
    endloop
  endfacet
  facet normal 0 0 -1
    outer loop
      vertex 8.56514 -3.42749 2.5
      vertex 8.0148 -2.74895 2.5
      vertex 8.14555 -2.70988 2.5
    endloop
  endfacet
  facet normal 0 0 -1
    outer loop
      vertex 8.17888 -3.65858 2.5
      vertex 7.87906 -2.77238 2.5
      vertex 8.0148 -2.74895 2.5
    endloop
  endfacet
  facet normal 0 0 -1
    outer loop
      vertex 7.73831 -2.7802 2.5
      vertex 8.17888 -3.65858 2.5
      vertex 7.74052 -3.79726 2.5
    endloop
  endfacet
  facet normal 0 0 -1
    outer loop
      vertex 8.17888 -3.65858 2.5
      vertex 7.73831 -2.7802 2.5
      vertex 7.87906 -2.77238 2.5
    endloop
  endfacet
  facet normal 0 0 -1
    outer loop
      vertex 7.74052 -3.79726 2.5
      vertex 7.61542 -2.77205 2.5
      vertex 7.73831 -2.7802 2.5
    endloop
  endfacet
  facet normal 0 0 -1
    outer loop
      vertex 7.25008 -3.84348 2.5
      vertex 7.61542 -2.77205 2.5
      vertex 7.74052 -3.79726 2.5
    endloop
  endfacet
  facet normal -0 0 -1
    outer loop
      vertex 7.61542 -2.77205 2.5
      vertex 7.25008 -3.84348 2.5
      vertex 7.5027 -2.74763 2.5
    endloop
  endfacet
  facet normal -0 0 -1
    outer loop
      vertex 7.5027 -2.74763 2.5
      vertex 7.25008 -3.84348 2.5
      vertex 7.40016 -2.70695 2.5
    endloop
  endfacet
  facet normal 0 0 -1
    outer loop
      vertex 6.92438 -3.82492 2.5
      vertex 7.40016 -2.70695 2.5
      vertex 7.25008 -3.84348 2.5
    endloop
  endfacet
  facet normal -0 0 -1
    outer loop
      vertex 7.40016 -2.70695 2.5
      vertex 6.92438 -3.82492 2.5
      vertex 7.30783 -2.64999 2.5
    endloop
  endfacet
  facet normal 0 0 -1
    outer loop
      vertex 6.62862 -3.76926 2.5
      vertex 7.30783 -2.64999 2.5
      vertex 6.92438 -3.82492 2.5
    endloop
  endfacet
  facet normal -0 0 -1
    outer loop
      vertex 7.30783 -2.64999 2.5
      vertex 6.62862 -3.76926 2.5
      vertex 7.22568 -2.57675 2.5
    endloop
  endfacet
  facet normal 0 0 -1
    outer loop
      vertex 6.36279 -3.67648 2.5
      vertex 7.22568 -2.57675 2.5
      vertex 6.62862 -3.76926 2.5
    endloop
  endfacet
  facet normal -0 0 -1
    outer loop
      vertex 7.22568 -2.57675 2.5
      vertex 6.36279 -3.67648 2.5
      vertex 7.15636 -2.4868 2.5
    endloop
  endfacet
  facet normal 0 0 -1
    outer loop
      vertex 5.4436 -2.07491 2.5
      vertex 7.03311 -1.95555 2.5
      vertex 7.04082 -2.11409 2.5
    endloop
  endfacet
  facet normal 0 0 -1
    outer loop
      vertex 6.12691 -3.54662 2.5
      vertex 7.15636 -2.4868 2.5
      vertex 6.36279 -3.67648 2.5
    endloop
  endfacet
  facet normal 0 0 -1
    outer loop
      vertex 5.92096 -3.37964 2.5
      vertex 7.15636 -2.4868 2.5
      vertex 6.12691 -3.54662 2.5
    endloop
  endfacet
  facet normal -0 0 -1
    outer loop
      vertex 7.15636 -2.4868 2.5
      vertex 5.92096 -3.37964 2.5
      vertex 7.10245 -2.37971 2.5
    endloop
  endfacet
  facet normal 0 0 -1
    outer loop
      vertex 7.25999 -1.29462 2.5
      vertex 6.59836 -0.378891 2.5
      vertex 6.94286 -0.281219 2.5
    endloop
  endfacet
  facet normal 0 0 -1
    outer loop
      vertex 5.74911 -3.17902 2.5
      vertex 7.10245 -2.37971 2.5
      vertex 5.92096 -3.37964 2.5
    endloop
  endfacet
  facet normal -0 0 -1
    outer loop
      vertex 7.03311 -1.95555 2.5
      vertex 5.4436 -2.07491 2.5
      vertex 5.46736 -1.72772 2.5
    endloop
  endfacet
  facet normal 0 0 -1
    outer loop
      vertex 5.61545 -2.94823 2.5
      vertex 7.10245 -2.37971 2.5
      vertex 5.74911 -3.17902 2.5
    endloop
  endfacet
  facet normal 0 0 -1
    outer loop
      vertex 7.03778 -1.83058 2.5
      vertex 5.46736 -1.72772 2.5
      vertex 5.53864 -1.41527 2.5
    endloop
  endfacet
  facet normal -0 0 -1
    outer loop
      vertex 7.10245 -2.37971 2.5
      vertex 5.61545 -2.94823 2.5
      vertex 7.06393 -2.25546 2.5
    endloop
  endfacet
  facet normal 0 0 -1
    outer loop
      vertex 7.20064 -1.3607 2.5
      vertex 6.2966 -0.513885 2.5
      vertex 6.59836 -0.378891 2.5
    endloop
  endfacet
  facet normal 0 0 -1
    outer loop
      vertex 5.51997 -2.68729 2.5
      vertex 7.06393 -2.25546 2.5
      vertex 5.61545 -2.94823 2.5
    endloop
  endfacet
  facet normal 0 0 -1
    outer loop
      vertex 7.14977 -1.43483 2.5
      vertex 6.0376 -0.686188 2.5
      vertex 6.2966 -0.513885 2.5
    endloop
  endfacet
  facet normal 0 0 -1
    outer loop
      vertex 5.46269 -2.39618 2.5
      vertex 7.06393 -2.25546 2.5
      vertex 5.51997 -2.68729 2.5
    endloop
  endfacet
  facet normal 0 0 -1
    outer loop
      vertex 7.05179 -1.71602 2.5
      vertex 5.53864 -1.41527 2.5
      vertex 5.65744 -1.13753 2.5
    endloop
  endfacet
  facet normal -0 0 -1
    outer loop
      vertex 7.06393 -2.25546 2.5
      vertex 5.46269 -2.39618 2.5
      vertex 7.04082 -2.11409 2.5
    endloop
  endfacet
  facet normal 0 0 -1
    outer loop
      vertex 7.10777 -1.51816 2.5
      vertex 5.82376 -0.894501 2.5
      vertex 6.0376 -0.686188 2.5
    endloop
  endfacet
  facet normal -0 0 -1
    outer loop
      vertex 7.04082 -2.11409 2.5
      vertex 5.46269 -2.39618 2.5
      vertex 5.4436 -2.07491 2.5
    endloop
  endfacet
  facet normal 0 0 -1
    outer loop
      vertex 7.0751 -1.61188 2.5
      vertex 5.65744 -1.13753 2.5
      vertex 5.82376 -0.894501 2.5
    endloop
  endfacet
  facet normal 0 0 -1
    outer loop
      vertex 8.95181 0.705795 2.5
      vertex 10.3317 1.18327 2.5
      vertex 8.99196 0.534912 2.5
    endloop
  endfacet
  facet normal -0 0 -1
    outer loop
      vertex 10.3317 1.18327 2.5
      vertex 8.95181 0.705795 2.5
      vertex 10.1631 1.45778 2.5
    endloop
  endfacet
  facet normal 0 0 -1
    outer loop
      vertex 8.89561 0.853027 2.5
      vertex 10.1631 1.45778 2.5
      vertex 8.95181 0.705795 2.5
    endloop
  endfacet
  facet normal -0 0 -1
    outer loop
      vertex 10.1631 1.45778 2.5
      vertex 8.89561 0.853027 2.5
      vertex 9.94632 1.69539 2.5
    endloop
  endfacet
  facet normal 0 0 -1
    outer loop
      vertex 8.82336 0.976593 2.5
      vertex 9.94632 1.69539 2.5
      vertex 8.89561 0.853027 2.5
    endloop
  endfacet
  facet normal -0 0 -1
    outer loop
      vertex 9.94632 1.69539 2.5
      vertex 8.82336 0.976593 2.5
      vertex 9.68506 1.89264 2.5
    endloop
  endfacet
  facet normal -0 0 -1
    outer loop
      vertex 9.68506 1.89264 2.5
      vertex 8.82336 0.976593 2.5
      vertex 9.383 2.04607 2.5
    endloop
  endfacet
  facet normal 0 0 -1
    outer loop
      vertex 8.73286 1.07719 2.5
      vertex 9.383 2.04607 2.5
      vertex 8.82336 0.976593 2.5
    endloop
  endfacet
  facet normal -0 0 -1
    outer loop
      vertex 9.383 2.04607 2.5
      vertex 8.73286 1.07719 2.5
      vertex 9.04013 2.15564 2.5
    endloop
  endfacet
  facet normal 0 0 -1
    outer loop
      vertex 8.62199 1.15544 2.5
      vertex 9.04013 2.15564 2.5
      vertex 8.73286 1.07719 2.5
    endloop
  endfacet
  facet normal 0 0 -1
    outer loop
      vertex 8.49071 1.21132 2.5
      vertex 9.04013 2.15564 2.5
      vertex 8.62199 1.15544 2.5
    endloop
  endfacet
  facet normal -0 0 -1
    outer loop
      vertex 9.04013 2.15564 2.5
      vertex 8.49071 1.21132 2.5
      vertex 8.65646 2.22139 2.5
    endloop
  endfacet
  facet normal 0 0 -1
    outer loop
      vertex 8.33904 1.24486 2.5
      vertex 8.65646 2.22139 2.5
      vertex 8.49071 1.21132 2.5
    endloop
  endfacet
  facet normal 0 0 -1
    outer loop
      vertex 8.33904 1.24486 2.5
      vertex 8.23199 2.24332 2.5
      vertex 8.65646 2.22139 2.5
    endloop
  endfacet
  facet normal 0 0 -1
    outer loop
      vertex 8.16696 1.25603 2.5
      vertex 8.23199 2.24332 2.5
      vertex 8.33904 1.24486 2.5
    endloop
  endfacet
  facet normal 0 0 -1
    outer loop
      vertex 8.00668 1.24832 2.5
      vertex 8.23199 2.24332 2.5
      vertex 8.16696 1.25603 2.5
    endloop
  endfacet
  facet normal 0 0 -1
    outer loop
      vertex 7.81004 2.22563 2.5
      vertex 8.00668 1.24832 2.5
      vertex 7.86443 1.2252 2.5
    endloop
  endfacet
  facet normal 0 0 -1
    outer loop
      vertex 8.00668 1.24832 2.5
      vertex 7.81004 2.22563 2.5
      vertex 8.23199 2.24332 2.5
    endloop
  endfacet
  facet normal 0 0 -1
    outer loop
      vertex 7.42519 2.17256 2.5
      vertex 7.86443 1.2252 2.5
      vertex 7.74019 1.18668 2.5
    endloop
  endfacet
  facet normal 0 0 -1
    outer loop
      vertex 7.42519 2.17256 2.5
      vertex 7.74019 1.18668 2.5
      vertex 7.63397 1.13274 2.5
    endloop
  endfacet
  facet normal 0 0 -1
    outer loop
      vertex 7.07744 2.08414 2.5
      vertex 7.63397 1.13274 2.5
      vertex 7.54576 1.06339 2.5
    endloop
  endfacet
  facet normal 0 0 -1
    outer loop
      vertex 6.76682 1.96033 2.5
      vertex 7.54576 1.06339 2.5
      vertex 7.47252 0.976273 2.5
    endloop
  endfacet
  facet normal 0 0 -1
    outer loop
      vertex 7.86443 1.2252 2.5
      vertex 7.42519 2.17256 2.5
      vertex 7.81004 2.22563 2.5
    endloop
  endfacet
  facet normal 0 0 -1
    outer loop
      vertex 6.49327 1.80115 2.5
      vertex 7.47252 0.976273 2.5
      vertex 7.41122 0.868973 2.5
    endloop
  endfacet
  facet normal 0 0 -1
    outer loop
      vertex 6.25797 1.60771 2.5
      vertex 7.41122 0.868973 2.5
      vertex 7.36188 0.741486 2.5
    endloop
  endfacet
  facet normal 0 0 -1
    outer loop
      vertex 5.90517 1.12125 2.5
      vertex 7.36188 0.741486 2.5
      vertex 7.32445 0.593811 2.5
    endloop
  endfacet
  facet normal 0 0 -1
    outer loop
      vertex 5.78766 0.828201 2.5
      vertex 7.32445 0.593811 2.5
      vertex 7.29897 0.425949 2.5
    endloop
  endfacet
  facet normal 0 0 -1
    outer loop
      vertex 7.63397 1.13274 2.5
      vertex 7.07744 2.08414 2.5
      vertex 7.42519 2.17256 2.5
    endloop
  endfacet
  facet normal 0 0 -1
    outer loop
      vertex 7.54576 1.06339 2.5
      vertex 6.76682 1.96033 2.5
      vertex 7.07744 2.08414 2.5
    endloop
  endfacet
  facet normal 0 0 -1
    outer loop
      vertex 7.47252 0.976273 2.5
      vertex 6.49327 1.80115 2.5
      vertex 6.76682 1.96033 2.5
    endloop
  endfacet
  facet normal 0 0 -1
    outer loop
      vertex 7.41122 0.868973 2.5
      vertex 6.25797 1.60771 2.5
      vertex 6.49327 1.80115 2.5
    endloop
  endfacet
  facet normal 0 0 -1
    outer loop
      vertex 7.36188 0.741486 2.5
      vertex 6.06194 1.38109 2.5
      vertex 6.25797 1.60771 2.5
    endloop
  endfacet
  facet normal 0 0 -1
    outer loop
      vertex 7.36188 0.741486 2.5
      vertex 5.90517 1.12125 2.5
      vertex 6.06194 1.38109 2.5
    endloop
  endfacet
  facet normal 0 0 -1
    outer loop
      vertex 7.32445 0.593811 2.5
      vertex 5.78766 0.828201 2.5
      vertex 5.90517 1.12125 2.5
    endloop
  endfacet
  facet normal 0 -0 -1
    outer loop
      vertex 5.78766 0.828201 2.5
      vertex 7.29897 0.425949 2.5
      vertex 5.70944 0.501953 2.5
    endloop
  endfacet
  facet normal 0 0 1
    outer loop
      vertex -10.2087 2.08382 2.7
      vertex -8.70226 2.49463 2.7
      vertex -8.8456 2.83511 2.7
    endloop
  endfacet
  facet normal 0 0 1
    outer loop
      vertex -10.286 2.25198 2.7
      vertex -8.8456 2.83511 2.7
      vertex -9.02951 3.12915 2.7
    endloop
  endfacet
  facet normal 0 0 1
    outer loop
      vertex -10.286 2.25198 2.7
      vertex -9.02951 3.12915 2.7
      vertex -9.25401 3.37672 2.7
    endloop
  endfacet
  facet normal 0 0 1
    outer loop
      vertex -10.3831 2.40063 2.7
      vertex -9.25401 3.37672 2.7
      vertex -9.5191 3.57787 2.7
    endloop
  endfacet
  facet normal 0 0 1
    outer loop
      vertex -10.5 2.52974 2.7
      vertex -9.5191 3.57787 2.7
      vertex -9.83276 3.73802 2.7
    endloop
  endfacet
  facet normal 0 0 1
    outer loop
      vertex -8.8456 2.83511 2.7
      vertex -10.286 2.25198 2.7
      vertex -10.2087 2.08382 2.7
    endloop
  endfacet
  facet normal 0 0 1
    outer loop
      vertex -10.6366 2.63931 2.7
      vertex -9.83276 3.73802 2.7
      vertex -10.2031 3.86259 2.7
    endloop
  endfacet
  facet normal 0 0 1
    outer loop
      vertex -8.70226 2.49463 2.7
      vertex -10.1511 1.89612 2.7
      vertex -8.5995 2.10771 2.7
    endloop
  endfacet
  facet normal 0 -0 1
    outer loop
      vertex -10.1511 1.89612 2.7
      vertex -8.70226 2.49463 2.7
      vertex -10.2087 2.08382 2.7
    endloop
  endfacet
  facet normal 0 0 1
    outer loop
      vertex -9.25401 3.37672 2.7
      vertex -10.3831 2.40063 2.7
      vertex -10.286 2.25198 2.7
    endloop
  endfacet
  facet normal 0 0 1
    outer loop
      vertex -9.5191 3.57787 2.7
      vertex -10.5 2.52974 2.7
      vertex -10.3831 2.40063 2.7
    endloop
  endfacet
  facet normal 0 0 1
    outer loop
      vertex -10.7958 2.72917 2.7
      vertex -10.2031 3.86259 2.7
      vertex -10.63 3.95157 2.7
    endloop
  endfacet
  facet normal 0 0 1
    outer loop
      vertex -9.83276 3.73802 2.7
      vertex -10.6366 2.63931 2.7
      vertex -10.5 2.52974 2.7
    endloop
  endfacet
  facet normal 0 0 1
    outer loop
      vertex -10.2031 3.86259 2.7
      vertex -10.7958 2.72917 2.7
      vertex -10.6366 2.63931 2.7
    endloop
  endfacet
  facet normal 0 0 1
    outer loop
      vertex -10.63 3.95157 2.7
      vertex -10.9803 2.79906 2.7
      vertex -10.7958 2.72917 2.7
    endloop
  endfacet
  facet normal 0 0 1
    outer loop
      vertex -11.1136 4.00496 2.7
      vertex -10.9803 2.79906 2.7
      vertex -10.63 3.95157 2.7
    endloop
  endfacet
  facet normal 0 0 1
    outer loop
      vertex -11.1136 4.00496 2.7
      vertex -11.1903 2.84898 2.7
      vertex -10.9803 2.79906 2.7
    endloop
  endfacet
  facet normal 0 0 1
    outer loop
      vertex -11.1136 4.00496 2.7
      vertex -11.4256 2.87892 2.7
      vertex -11.1903 2.84898 2.7
    endloop
  endfacet
  facet normal 0 0 1
    outer loop
      vertex -11.6538 4.02275 2.7
      vertex -11.4256 2.87892 2.7
      vertex -11.1136 4.00496 2.7
    endloop
  endfacet
  facet normal 0 0 1
    outer loop
      vertex -11.6538 4.02275 2.7
      vertex -11.6863 2.88892 2.7
      vertex -11.4256 2.87892 2.7
    endloop
  endfacet
  facet normal -0 0 1
    outer loop
      vertex -12.2201 4.00073 2.7
      vertex -11.6863 2.88892 2.7
      vertex -11.6538 4.02275 2.7
    endloop
  endfacet
  facet normal 0 0 1
    outer loop
      vertex -11.6863 2.88892 2.7
      vertex -12.2201 4.00073 2.7
      vertex -12.2097 2.85246 2.7
    endloop
  endfacet
  facet normal -0 0 1
    outer loop
      vertex -12.7297 3.93465 2.7
      vertex -12.2097 2.85246 2.7
      vertex -12.2201 4.00073 2.7
    endloop
  endfacet
  facet normal 0 0 1
    outer loop
      vertex -12.2097 2.85246 2.7
      vertex -12.7297 3.93465 2.7
      vertex -12.6168 2.74309 2.7
    endloop
  endfacet
  facet normal -0 0 1
    outer loop
      vertex -13.1826 3.82452 2.7
      vertex -12.6168 2.74309 2.7
      vertex -12.7297 3.93465 2.7
    endloop
  endfacet
  facet normal 0 0 1
    outer loop
      vertex -12.6168 2.74309 2.7
      vertex -13.1826 3.82452 2.7
      vertex -12.9076 2.56082 2.7
    endloop
  endfacet
  facet normal -0 0 1
    outer loop
      vertex -13.9187 3.47211 2.7
      vertex -12.9076 2.56082 2.7
      vertex -13.579 3.67035 2.7
    endloop
  endfacet
  facet normal -0 0 1
    outer loop
      vertex -13.579 3.67035 2.7
      vertex -12.9076 2.56082 2.7
      vertex -13.1826 3.82452 2.7
    endloop
  endfacet
  facet normal 0 0 1
    outer loop
      vertex -8.39879 -1.53242 2.7
      vertex -9.96346 -1.49902 2.7
      vertex -9.95575 -1.62468 2.7
    endloop
  endfacet
  facet normal 0 0 1
    outer loop
      vertex -9.71982 0.40155 2.7
      vertex -9.98657 -1.38249 2.7
      vertex -9.96346 -1.49902 2.7
    endloop
  endfacet
  facet normal 0 0 1
    outer loop
      vertex -9.71982 0.40155 2.7
      vertex -10.0251 -1.27509 2.7
      vertex -9.98657 -1.38249 2.7
    endloop
  endfacet
  facet normal 0 0 1
    outer loop
      vertex -9.71982 0.40155 2.7
      vertex -10.079 -1.1768 2.7
      vertex -10.0251 -1.27509 2.7
    endloop
  endfacet
  facet normal 0 0 1
    outer loop
      vertex -9.71982 0.40155 2.7
      vertex -10.1484 -1.08763 2.7
      vertex -10.079 -1.1768 2.7
    endloop
  endfacet
  facet normal 0 0 1
    outer loop
      vertex -10.5572 -0.794235 2.7
      vertex -9.93474 0.482162 2.7
      vertex -10.1998 0.565598 2.7
    endloop
  endfacet
  facet normal 0 0 1
    outer loop
      vertex -9.71982 0.40155 2.7
      vertex -10.2317 -1.00581 2.7
      vertex -10.1484 -1.08763 2.7
    endloop
  endfacet
  facet normal 0 0 1
    outer loop
      vertex -9.71982 0.40155 2.7
      vertex -10.3276 -0.929642 2.7
      vertex -10.2317 -1.00581 2.7
    endloop
  endfacet
  facet normal 0 0 1
    outer loop
      vertex -9.71982 0.40155 2.7
      vertex -10.4361 -0.859116 2.7
      vertex -10.3276 -0.929642 2.7
    endloop
  endfacet
  facet normal 0 0 1
    outer loop
      vertex -10.6909 -0.734985 2.7
      vertex -10.1998 0.565598 2.7
      vertex -10.515 0.651855 2.7
    endloop
  endfacet
  facet normal 0 0 1
    outer loop
      vertex -9.93474 0.482162 2.7
      vertex -10.5572 -0.794235 2.7
      vertex -10.4361 -0.859116 2.7
    endloop
  endfacet
  facet normal 0 0 1
    outer loop
      vertex -10.1998 0.565598 2.7
      vertex -10.6909 -0.734985 2.7
      vertex -10.5572 -0.794235 2.7
    endloop
  endfacet
  facet normal 0 0 1
    outer loop
      vertex -10.515 0.651855 2.7
      vertex -10.8565 -0.676193 2.7
      vertex -10.6909 -0.734985 2.7
    endloop
  endfacet
  facet normal 0 0 1
    outer loop
      vertex -11.0737 -0.612595 2.7
      vertex -10.515 0.651855 2.7
      vertex -10.8803 0.740936 2.7
    endloop
  endfacet
  facet normal 0 0 1
    outer loop
      vertex -10.515 0.651855 2.7
      vertex -11.0737 -0.612595 2.7
      vertex -10.8565 -0.676193 2.7
    endloop
  endfacet
  facet normal 0 0 1
    outer loop
      vertex -11.3422 -0.544235 2.7
      vertex -10.8803 0.740936 2.7
      vertex -11.2957 0.83284 2.7
    endloop
  endfacet
  facet normal 0 0 1
    outer loop
      vertex -10.8803 0.740936 2.7
      vertex -11.3422 -0.544235 2.7
      vertex -11.0737 -0.612595 2.7
    endloop
  endfacet
  facet normal 0 0 1
    outer loop
      vertex -11.6621 -0.471085 2.7
      vertex -11.2957 0.83284 2.7
      vertex -11.6419 0.9104 2.7
    endloop
  endfacet
  facet normal 0 0 1
    outer loop
      vertex -11.2957 0.83284 2.7
      vertex -11.6621 -0.471085 2.7
      vertex -11.3422 -0.544235 2.7
    endloop
  endfacet
  facet normal 0 0 1
    outer loop
      vertex -12.0335 -0.393158 2.7
      vertex -11.6419 0.9104 2.7
      vertex -11.9381 0.982559 2.7
    endloop
  endfacet
  facet normal 0 0 1
    outer loop
      vertex -11.6419 0.9104 2.7
      vertex -12.0335 -0.393158 2.7
      vertex -11.6621 -0.471085 2.7
    endloop
  endfacet
  facet normal 0 0 1
    outer loop
      vertex -12.3555 -0.31601 2.7
      vertex -11.9381 0.982559 2.7
      vertex -12.1844 1.04927 2.7
    endloop
  endfacet
  facet normal 0 0 1
    outer loop
      vertex -11.9381 0.982559 2.7
      vertex -12.3555 -0.31601 2.7
      vertex -12.0335 -0.393158 2.7
    endloop
  endfacet
  facet normal 0 0 1
    outer loop
      vertex -12.6359 -0.245178 2.7
      vertex -12.1844 1.04927 2.7
      vertex -12.3808 1.11057 2.7
    endloop
  endfacet
  facet normal 0 0 1
    outer loop
      vertex -12.8746 -0.180634 2.7
      vertex -12.3808 1.11057 2.7
      vertex -12.5273 1.16643 2.7
    endloop
  endfacet
  facet normal 0 0 1
    outer loop
      vertex -12.1844 1.04927 2.7
      vertex -12.6359 -0.245178 2.7
      vertex -12.3555 -0.31601 2.7
    endloop
  endfacet
  facet normal 0 0 1
    outer loop
      vertex -13.0717 -0.122375 2.7
      vertex -12.5273 1.16643 2.7
      vertex -12.6428 1.22189 2.7
    endloop
  endfacet
  facet normal 0 0 1
    outer loop
      vertex -13.359 -0.0198669 2.7
      vertex -12.6428 1.22189 2.7
      vertex -12.7464 1.28191 2.7
    endloop
  endfacet
  facet normal 0 0 1
    outer loop
      vertex -13.4857 0.0341492 2.7
      vertex -12.7464 1.28191 2.7
      vertex -12.8381 1.34647 2.7
    endloop
  endfacet
  facet normal 0 0 1
    outer loop
      vertex -12.3808 1.11057 2.7
      vertex -12.8746 -0.180634 2.7
      vertex -12.6359 -0.245178 2.7
    endloop
  endfacet
  facet normal 0 0 1
    outer loop
      vertex -13.7236 0.152634 2.7
      vertex -12.8381 1.34647 2.7
      vertex -12.9178 1.41557 2.7
    endloop
  endfacet
  facet normal 0 0 1
    outer loop
      vertex -13.9399 0.285995 2.7
      vertex -12.9178 1.41557 2.7
      vertex -12.9857 1.48923 2.7
    endloop
  endfacet
  facet normal 0 0 1
    outer loop
      vertex -14.2166 0.525269 2.7
      vertex -12.9857 1.48923 2.7
      vertex -13.0413 1.56953 2.7
    endloop
  endfacet
  facet normal 0 0 1
    outer loop
      vertex -12.5273 1.16643 2.7
      vertex -13.0717 -0.122375 2.7
      vertex -12.8746 -0.180634 2.7
    endloop
  endfacet
  facet normal 0 0 1
    outer loop
      vertex -14.4934 0.925095 2.7
      vertex -13.0413 1.56953 2.7
      vertex -13.0846 1.65852 2.7
    endloop
  endfacet
  facet normal 0 0 1
    outer loop
      vertex -14.6295 1.29333 2.7
      vertex -13.0846 1.65852 2.7
      vertex -13.1155 1.7562 2.7
    endloop
  endfacet
  facet normal 0 0 1
    outer loop
      vertex -14.6803 1.57457 2.7
      vertex -13.1155 1.7562 2.7
      vertex -13.134 1.86253 2.7
    endloop
  endfacet
  facet normal -0 0 1
    outer loop
      vertex -14.6972 1.88531 2.7
      vertex -13.134 1.86253 2.7
      vertex -13.1402 1.97755 2.7
    endloop
  endfacet
  facet normal 0 0 1
    outer loop
      vertex -12.6428 1.22189 2.7
      vertex -13.2271 -0.0704346 2.7
      vertex -13.0717 -0.122375 2.7
    endloop
  endfacet
  facet normal 0 0 1
    outer loop
      vertex -12.9076 2.56082 2.7
      vertex -13.9187 3.47211 2.7
      vertex -13.0821 2.30565 2.7
    endloop
  endfacet
  facet normal 0 0 1
    outer loop
      vertex -12.6428 1.22189 2.7
      vertex -13.359 -0.0198669 2.7
      vertex -13.2271 -0.0704346 2.7
    endloop
  endfacet
  facet normal 0 0 1
    outer loop
      vertex -12.7464 1.28191 2.7
      vertex -13.4857 0.0341492 2.7
      vertex -13.359 -0.0198669 2.7
    endloop
  endfacet
  facet normal -0 0 1
    outer loop
      vertex -14.199 3.23244 2.7
      vertex -13.0821 2.30565 2.7
      vertex -13.9187 3.47211 2.7
    endloop
  endfacet
  facet normal 0 0 1
    outer loop
      vertex -12.8381 1.34647 2.7
      vertex -13.6073 0.0916595 2.7
      vertex -13.4857 0.0341492 2.7
    endloop
  endfacet
  facet normal 0 0 1
    outer loop
      vertex -13.134 1.86253 2.7
      vertex -14.6929 1.72626 2.7
      vertex -14.6803 1.57457 2.7
    endloop
  endfacet
  facet normal 0 0 1
    outer loop
      vertex -12.8381 1.34647 2.7
      vertex -13.7236 0.152634 2.7
      vertex -13.6073 0.0916595 2.7
    endloop
  endfacet
  facet normal -0 0 1
    outer loop
      vertex -14.4169 2.95392 2.7
      vertex -13.0821 2.30565 2.7
      vertex -14.199 3.23244 2.7
    endloop
  endfacet
  facet normal 0 0 1
    outer loop
      vertex -13.1155 1.7562 2.7
      vertex -14.6803 1.57457 2.7
      vertex -14.6591 1.43027 2.7
    endloop
  endfacet
  facet normal 0 0 1
    outer loop
      vertex -12.9178 1.41557 2.7
      vertex -13.8347 0.217072 2.7
      vertex -13.7236 0.152634 2.7
    endloop
  endfacet
  facet normal 0 0 1
    outer loop
      vertex -12.9178 1.41557 2.7
      vertex -13.9399 0.285995 2.7
      vertex -13.8347 0.217072 2.7
    endloop
  endfacet
  facet normal -0 0 1
    outer loop
      vertex -14.5726 2.63655 2.7
      vertex -13.0821 2.30565 2.7
      vertex -14.4169 2.95392 2.7
    endloop
  endfacet
  facet normal 0 0 1
    outer loop
      vertex -12.9857 1.48923 2.7
      vertex -14.0387 0.360336 2.7
      vertex -13.9399 0.285995 2.7
    endloop
  endfacet
  facet normal 0 0 1
    outer loop
      vertex -12.9857 1.48923 2.7
      vertex -14.1309 0.440094 2.7
      vertex -14.0387 0.360336 2.7
    endloop
  endfacet
  facet normal 0 0 1
    outer loop
      vertex -12.9857 1.48923 2.7
      vertex -14.2166 0.525269 2.7
      vertex -14.1309 0.440094 2.7
    endloop
  endfacet
  facet normal 0 0 1
    outer loop
      vertex -13.0821 2.30565 2.7
      vertex -14.5726 2.63655 2.7
      vertex -13.1402 1.97755 2.7
    endloop
  endfacet
  facet normal 0 0 1
    outer loop
      vertex -13.0413 1.56953 2.7
      vertex -14.2958 0.615875 2.7
      vertex -14.2166 0.525269 2.7
    endloop
  endfacet
  facet normal 0 0 1
    outer loop
      vertex -13.0413 1.56953 2.7
      vertex -14.3684 0.712433 2.7
      vertex -14.2958 0.615875 2.7
    endloop
  endfacet
  facet normal 0 0 1
    outer loop
      vertex -13.0413 1.56953 2.7
      vertex -14.4342 0.815521 2.7
      vertex -14.3684 0.712433 2.7
    endloop
  endfacet
  facet normal 0 0 1
    outer loop
      vertex -13.1402 1.97755 2.7
      vertex -14.5726 2.63655 2.7
      vertex -14.666 2.28035 2.7
    endloop
  endfacet
  facet normal 0 0 1
    outer loop
      vertex -13.0413 1.56953 2.7
      vertex -14.4934 0.925095 2.7
      vertex -14.4342 0.815521 2.7
    endloop
  endfacet
  facet normal 0 0 1
    outer loop
      vertex -13.0846 1.65852 2.7
      vertex -14.5458 1.04118 2.7
      vertex -14.4934 0.925095 2.7
    endloop
  endfacet
  facet normal 0 0 1
    outer loop
      vertex -13.0846 1.65852 2.7
      vertex -14.6295 1.29333 2.7
      vertex -14.5914 1.16379 2.7
    endloop
  endfacet
  facet normal 0 0 1
    outer loop
      vertex -13.1402 1.97755 2.7
      vertex -14.666 2.28035 2.7
      vertex -14.6972 1.88531 2.7
    endloop
  endfacet
  facet normal 0 0 1
    outer loop
      vertex -13.1155 1.7562 2.7
      vertex -14.6591 1.43027 2.7
      vertex -14.6295 1.29333 2.7
    endloop
  endfacet
  facet normal 0 0 1
    outer loop
      vertex -13.0846 1.65852 2.7
      vertex -14.5914 1.16379 2.7
      vertex -14.5458 1.04118 2.7
    endloop
  endfacet
  facet normal 0 0 1
    outer loop
      vertex -13.134 1.86253 2.7
      vertex -14.6972 1.88531 2.7
      vertex -14.6929 1.72626 2.7
    endloop
  endfacet
  facet normal 0 0 1
    outer loop
      vertex -9.96346 -1.49902 2.7
      vertex -8.40465 -1.34593 2.7
      vertex -8.42223 -1.16833 2.7
    endloop
  endfacet
  facet normal -0 0 1
    outer loop
      vertex -9.96346 -1.49902 2.7
      vertex -8.39879 -1.53242 2.7
      vertex -8.40465 -1.34593 2.7
    endloop
  endfacet
  facet normal 0 0 1
    outer loop
      vertex -9.96346 -1.49902 2.7
      vertex -8.42223 -1.16833 2.7
      vertex -8.45152 -0.999634 2.7
    endloop
  endfacet
  facet normal 0 0 1
    outer loop
      vertex -9.96346 -1.49902 2.7
      vertex -8.45152 -0.999634 2.7
      vertex -8.49254 -0.839828 2.7
    endloop
  endfacet
  facet normal 0 0 1
    outer loop
      vertex -8.39879 -1.53242 2.7
      vertex -9.95575 -1.62468 2.7
      vertex -8.4321 -1.96046 2.7
    endloop
  endfacet
  facet normal 0 0 1
    outer loop
      vertex -9.96346 -1.49902 2.7
      vertex -8.49254 -0.839828 2.7
      vertex -8.54526 -0.688919 2.7
    endloop
  endfacet
  facet normal 0 0 1
    outer loop
      vertex -9.96346 -1.49902 2.7
      vertex -8.54526 -0.688919 2.7
      vertex -8.60907 -0.546539 2.7
    endloop
  endfacet
  facet normal 0 0 1
    outer loop
      vertex -9.96346 -1.49902 2.7
      vertex -8.60907 -0.546539 2.7
      vertex -8.68329 -0.412415 2.7
    endloop
  endfacet
  facet normal 0 0 1
    outer loop
      vertex -10.0228 -1.99184 2.7
      vertex -8.4321 -1.96046 2.7
      vertex -9.95575 -1.62468 2.7
    endloop
  endfacet
  facet normal 0 0 1
    outer loop
      vertex -9.96346 -1.49902 2.7
      vertex -8.68329 -0.412415 2.7
      vertex -8.76793 -0.286545 2.7
    endloop
  endfacet
  facet normal 0 0 1
    outer loop
      vertex -9.96346 -1.49902 2.7
      vertex -8.76793 -0.286545 2.7
      vertex -8.86299 -0.16893 2.7
    endloop
  endfacet
  facet normal 0 0 1
    outer loop
      vertex -8.4321 -1.96046 2.7
      vertex -10.0228 -1.99184 2.7
      vertex -8.53203 -2.34618 2.7
    endloop
  endfacet
  facet normal 0 0 1
    outer loop
      vertex -9.96346 -1.49902 2.7
      vertex -8.86299 -0.16893 2.7
      vertex -8.96846 -0.0595551 2.7
    endloop
  endfacet
  facet normal 0 0 1
    outer loop
      vertex -9.96346 -1.49902 2.7
      vertex -8.96846 -0.0595551 2.7
      vertex -9.08704 0.0430756 2.7
    endloop
  endfacet
  facet normal 0 0 1
    outer loop
      vertex -9.96346 -1.49902 2.7
      vertex -9.08704 0.0430756 2.7
      vertex -9.22147 0.140503 2.7
    endloop
  endfacet
  facet normal 0 0 1
    outer loop
      vertex -8.53203 -2.34618 2.7
      vertex -10.0228 -1.99184 2.7
      vertex -8.69859 -2.68959 2.7
    endloop
  endfacet
  facet normal 0 0 1
    outer loop
      vertex -9.96346 -1.49902 2.7
      vertex -9.22147 0.140503 2.7
      vertex -9.37173 0.232727 2.7
    endloop
  endfacet
  facet normal 0 0 1
    outer loop
      vertex -9.96346 -1.49902 2.7
      vertex -9.37173 0.232727 2.7
      vertex -9.53786 0.319748 2.7
    endloop
  endfacet
  facet normal 0 0 1
    outer loop
      vertex -8.69859 -2.68959 2.7
      vertex -10.0228 -1.99184 2.7
      vertex -8.93178 -2.99069 2.7
    endloop
  endfacet
  facet normal 0 0 1
    outer loop
      vertex -9.96346 -1.49902 2.7
      vertex -9.53786 0.319748 2.7
      vertex -9.71982 0.40155 2.7
    endloop
  endfacet
  facet normal 0 0 1
    outer loop
      vertex -10.4361 -0.859116 2.7
      vertex -9.71982 0.40155 2.7
      vertex -9.93474 0.482162 2.7
    endloop
  endfacet
  facet normal -0 0 1
    outer loop
      vertex -10.224 -2.27742 2.7
      vertex -8.93178 -2.99069 2.7
      vertex -10.0228 -1.99184 2.7
    endloop
  endfacet
  facet normal 0 0 1
    outer loop
      vertex -8.93178 -2.99069 2.7
      vertex -10.224 -2.27742 2.7
      vertex -9.23158 -3.24947 2.7
    endloop
  endfacet
  facet normal 0 0 1
    outer loop
      vertex -9.23158 -3.24947 2.7
      vertex -10.224 -2.27742 2.7
      vertex -9.59581 -3.46332 2.7
    endloop
  endfacet
  facet normal 0 0 1
    outer loop
      vertex -9.59581 -3.46332 2.7
      vertex -10.224 -2.27742 2.7
      vertex -10.0223 -3.62964 2.7
    endloop
  endfacet
  facet normal -0 0 1
    outer loop
      vertex -10.5592 -2.4814 2.7
      vertex -10.0223 -3.62964 2.7
      vertex -10.224 -2.27742 2.7
    endloop
  endfacet
  facet normal 0 0 1
    outer loop
      vertex -10.0223 -3.62964 2.7
      vertex -10.5592 -2.4814 2.7
      vertex -10.5111 -3.74843 2.7
    endloop
  endfacet
  facet normal -0 0 1
    outer loop
      vertex -11.0286 -2.60379 2.7
      vertex -10.5111 -3.74843 2.7
      vertex -10.5592 -2.4814 2.7
    endloop
  endfacet
  facet normal 0 0 1
    outer loop
      vertex -11.0286 -2.60379 2.7
      vertex -11.0622 -3.81972 2.7
      vertex -10.5111 -3.74843 2.7
    endloop
  endfacet
  facet normal -0 0 1
    outer loop
      vertex -11.6321 -2.64459 2.7
      vertex -11.0622 -3.81972 2.7
      vertex -11.0286 -2.60379 2.7
    endloop
  endfacet
  facet normal 0 0 1
    outer loop
      vertex -11.6321 -2.64459 2.7
      vertex -11.6755 -3.84348 2.7
      vertex -11.0622 -3.81972 2.7
    endloop
  endfacet
  facet normal 0 0 1
    outer loop
      vertex -11.9413 -2.63364 2.7
      vertex -11.6755 -3.84348 2.7
      vertex -11.6321 -2.64459 2.7
    endloop
  endfacet
  facet normal 0 0 1
    outer loop
      vertex -12.2382 -3.82265 2.7
      vertex -11.9413 -2.63364 2.7
      vertex -12.2223 -2.60077 2.7
    endloop
  endfacet
  facet normal 0 0 1
    outer loop
      vertex -11.9413 -2.63364 2.7
      vertex -12.2382 -3.82265 2.7
      vertex -11.6755 -3.84348 2.7
    endloop
  endfacet
  facet normal 0 0 1
    outer loop
      vertex -12.7501 -3.76015 2.7
      vertex -12.2223 -2.60077 2.7
      vertex -12.4751 -2.54597 2.7
    endloop
  endfacet
  facet normal 0 0 1
    outer loop
      vertex -12.7501 -3.76015 2.7
      vertex -12.4751 -2.54597 2.7
      vertex -12.6997 -2.46928 2.7
    endloop
  endfacet
  facet normal 0 0 1
    outer loop
      vertex -12.2223 -2.60077 2.7
      vertex -12.7501 -3.76015 2.7
      vertex -12.2382 -3.82265 2.7
    endloop
  endfacet
  facet normal 0 0 1
    outer loop
      vertex -13.2112 -3.65599 2.7
      vertex -12.6997 -2.46928 2.7
      vertex -12.8961 -2.37067 2.7
    endloop
  endfacet
  facet normal 0 0 1
    outer loop
      vertex -13.6215 -3.51016 2.7
      vertex -12.8961 -2.37067 2.7
      vertex -13.0665 -2.24773 2.7
    endloop
  endfacet
  facet normal 0 0 1
    outer loop
      vertex -12.6997 -2.46928 2.7
      vertex -13.2112 -3.65599 2.7
      vertex -12.7501 -3.76015 2.7
    endloop
  endfacet
  facet normal 0 0 1
    outer loop
      vertex -13.9811 -3.32268 2.7
      vertex -13.0665 -2.24773 2.7
      vertex -13.2129 -2.0981 2.7
    endloop
  endfacet
  facet normal 0 0 1
    outer loop
      vertex -14.2914 -3.09286 2.7
      vertex -13.2129 -2.0981 2.7
      vertex -13.3355 -1.92178 2.7
    endloop
  endfacet
  facet normal 0 0 1
    outer loop
      vertex -14.7688 -2.50438 2.7
      vertex -13.3355 -1.92178 2.7
      vertex -13.4342 -1.71877 2.7
    endloop
  endfacet
  facet normal 0 0 1
    outer loop
      vertex -14.9359 -2.14569 2.7
      vertex -13.4342 -1.71877 2.7
      vertex -13.5091 -1.48907 2.7
    endloop
  endfacet
  facet normal 0 0 1
    outer loop
      vertex -12.8961 -2.37067 2.7
      vertex -13.6215 -3.51016 2.7
      vertex -13.2112 -3.65599 2.7
    endloop
  endfacet
  facet normal 0 0 1
    outer loop
      vertex -13.0665 -2.24773 2.7
      vertex -13.9811 -3.32268 2.7
      vertex -13.6215 -3.51016 2.7
    endloop
  endfacet
  facet normal 0 0 1
    outer loop
      vertex -13.2129 -2.0981 2.7
      vertex -14.2914 -3.09286 2.7
      vertex -13.9811 -3.32268 2.7
    endloop
  endfacet
  facet normal 0 0 1
    outer loop
      vertex -13.3355 -1.92178 2.7
      vertex -14.554 -2.8201 2.7
      vertex -14.2914 -3.09286 2.7
    endloop
  endfacet
  facet normal 0 0 1
    outer loop
      vertex -13.3355 -1.92178 2.7
      vertex -14.7688 -2.50438 2.7
      vertex -14.554 -2.8201 2.7
    endloop
  endfacet
  facet normal 0 0 1
    outer loop
      vertex -13.4342 -1.71877 2.7
      vertex -14.9359 -2.14569 2.7
      vertex -14.7688 -2.50438 2.7
    endloop
  endfacet
  facet normal 0 -0 1
    outer loop
      vertex -14.9359 -2.14569 2.7
      vertex -13.5091 -1.48907 2.7
      vertex -15.0553 -1.74403 2.7
    endloop
  endfacet
  facet normal 0 0 1
    outer loop
      vertex 0.746826 0.96843 2.7
      vertex -0.734741 1.00397 2.7
      vertex -0.734192 0.822037 2.7
    endloop
  endfacet
  facet normal 0 0 1
    outer loop
      vertex 0.683228 2.07983 2.7
      vertex -0.736374 1.17223 2.7
      vertex -0.734741 1.00397 2.7
    endloop
  endfacet
  facet normal 0 0 1
    outer loop
      vertex 0.683228 2.07983 2.7
      vertex -0.73909 1.32681 2.7
      vertex -0.736374 1.17223 2.7
    endloop
  endfacet
  facet normal 0 0 1
    outer loop
      vertex 0.683228 2.07983 2.7
      vertex -0.742905 1.46774 2.7
      vertex -0.73909 1.32681 2.7
    endloop
  endfacet
  facet normal 0 0 1
    outer loop
      vertex 0.683228 2.07983 2.7
      vertex -0.747787 1.59499 2.7
      vertex -0.742905 1.46774 2.7
    endloop
  endfacet
  facet normal 0 0 1
    outer loop
      vertex 0.683228 2.07983 2.7
      vertex -0.753311 1.71295 2.7
      vertex -0.747787 1.59499 2.7
    endloop
  endfacet
  facet normal 0 0 1
    outer loop
      vertex 0.683228 2.07983 2.7
      vertex -0.759048 1.8259 2.7
      vertex -0.753311 1.71295 2.7
    endloop
  endfacet
  facet normal 0 0 1
    outer loop
      vertex 0.683228 2.07983 2.7
      vertex -0.764999 1.93387 2.7
      vertex -0.759048 1.8259 2.7
    endloop
  endfacet
  facet normal 0 0 1
    outer loop
      vertex 0.67627 2.13483 2.7
      vertex -0.771164 2.03685 2.7
      vertex -0.764999 1.93387 2.7
    endloop
  endfacet
  facet normal 0 -0 1
    outer loop
      vertex -0.771164 2.03685 2.7
      vertex 0.67627 2.13483 2.7
      vertex -0.777557 2.13483 2.7
    endloop
  endfacet
  facet normal 0 0 1
    outer loop
      vertex 4.58771 -0.00802612 2.7
      vertex 3.02687 0.114563 2.7
      vertex 3.06876 -0.442032 2.7
    endloop
  endfacet
  facet normal 0 0 1
    outer loop
      vertex 2.69182 0.85672 2.7
      vertex 3.33348 2.15675 2.7
      vertex 3.01231 2.22575 2.7
    endloop
  endfacet
  facet normal 0 0 1
    outer loop
      vertex 3.6199 2.04173 2.7
      vertex 2.90123 0.547501 2.7
      vertex 3.02687 0.114563 2.7
    endloop
  endfacet
  facet normal 0 0 1
    outer loop
      vertex 3.6199 2.04173 2.7
      vertex 2.69182 0.85672 2.7
      vertex 2.90123 0.547501 2.7
    endloop
  endfacet
  facet normal 0 0 1
    outer loop
      vertex 2.39865 1.04227 2.7
      vertex 3.01231 2.22575 2.7
      vertex 2.65643 2.24875 2.7
    endloop
  endfacet
  facet normal 0 0 1
    outer loop
      vertex 2.39865 1.04227 2.7
      vertex 2.65643 2.24875 2.7
      vertex 2.40535 2.2366 2.7
    endloop
  endfacet
  facet normal 0 0 1
    outer loop
      vertex 3.01231 2.22575 2.7
      vertex 2.39865 1.04227 2.7
      vertex 2.69182 0.85672 2.7
    endloop
  endfacet
  facet normal -0 0 1
    outer loop
      vertex 2.16859 2.20013 2.7
      vertex 2.39865 1.04227 2.7
      vertex 2.40535 2.2366 2.7
    endloop
  endfacet
  facet normal 0 0 1
    outer loop
      vertex 2.16859 2.20013 2.7
      vertex 2.02171 1.10411 2.7
      vertex 2.39865 1.04227 2.7
    endloop
  endfacet
  facet normal -0 0 1
    outer loop
      vertex 1.94617 2.13937 2.7
      vertex 2.02171 1.10411 2.7
      vertex 2.16859 2.20013 2.7
    endloop
  endfacet
  facet normal -0 0 1
    outer loop
      vertex 1.73805 2.05429 2.7
      vertex 2.02171 1.10411 2.7
      vertex 1.94617 2.13937 2.7
    endloop
  endfacet
  facet normal -0 0 1
    outer loop
      vertex 1.54427 1.94492 2.7
      vertex 2.02171 1.10411 2.7
      vertex 1.73805 2.05429 2.7
    endloop
  endfacet
  facet normal 0 0 1
    outer loop
      vertex 2.02171 1.10411 2.7
      vertex 1.54427 1.94492 2.7
      vertex 1.80894 1.08513 2.7
    endloop
  endfacet
  facet normal -0 0 1
    outer loop
      vertex 1.36397 1.80865 2.7
      vertex 1.80894 1.08513 2.7
      vertex 1.54427 1.94492 2.7
    endloop
  endfacet
  facet normal 0 0 1
    outer loop
      vertex 1.80894 1.08513 2.7
      vertex 1.36397 1.80865 2.7
      vertex 1.61331 1.02815 2.7
    endloop
  endfacet
  facet normal -0 0 1
    outer loop
      vertex 1.19624 1.64287 2.7
      vertex 1.61331 1.02815 2.7
      vertex 1.36397 1.80865 2.7
    endloop
  endfacet
  facet normal -0 0 1
    outer loop
      vertex 1.04109 1.44757 2.7
      vertex 1.61331 1.02815 2.7
      vertex 1.19624 1.64287 2.7
    endloop
  endfacet
  facet normal 0 0 1
    outer loop
      vertex 1.61331 1.02815 2.7
      vertex 1.04109 1.44757 2.7
      vertex 1.43483 0.933212 2.7
    endloop
  endfacet
  facet normal -0 0 1
    outer loop
      vertex 0.898514 1.22276 2.7
      vertex 1.43483 0.933212 2.7
      vertex 1.04109 1.44757 2.7
    endloop
  endfacet
  facet normal 0 0 1
    outer loop
      vertex 1.43483 0.933212 2.7
      vertex 0.898514 1.22276 2.7
      vertex 1.2735 0.800293 2.7
    endloop
  endfacet
  facet normal -0 0 1
    outer loop
      vertex 0.768509 0.96843 2.7
      vertex 1.2735 0.800293 2.7
      vertex 0.898514 1.22276 2.7
    endloop
  endfacet
  facet normal 0 0 1
    outer loop
      vertex 1.2735 0.800293 2.7
      vertex 0.768509 0.96843 2.7
      vertex 1.12932 0.629395 2.7
    endloop
  endfacet
  facet normal 0 0 1
    outer loop
      vertex 1.12932 0.629395 2.7
      vertex 0.768509 0.96843 2.7
      vertex 1.00726 0.428787 2.7
    endloop
  endfacet
  facet normal -0 0 1
    outer loop
      vertex 0.746826 0.96843 2.7
      vertex 1.00726 0.428787 2.7
      vertex 0.768509 0.96843 2.7
    endloop
  endfacet
  facet normal 0 0 1
    outer loop
      vertex 1.00726 0.428787 2.7
      vertex 0.746826 0.96843 2.7
      vertex 0.912323 0.206696 2.7
    endloop
  endfacet
  facet normal -0 0 1
    outer loop
      vertex -0.734192 0.822037 2.7
      vertex 0.912323 0.206696 2.7
      vertex 0.746826 0.96843 2.7
    endloop
  endfacet
  facet normal 0 0 1
    outer loop
      vertex 0.912323 0.206696 2.7
      vertex -0.734192 0.822037 2.7
      vertex 0.844513 -0.0368652 2.7
    endloop
  endfacet
  facet normal 0 0 1
    outer loop
      vertex 0.844513 -0.0368652 2.7
      vertex -0.734192 0.822037 2.7
      vertex 0.803833 -0.301941 2.7
    endloop
  endfacet
  facet normal 0 0 1
    outer loop
      vertex 0.803833 -0.301941 2.7
      vertex -0.734192 0.822037 2.7
      vertex 0.790268 -0.588516 2.7
    endloop
  endfacet
  facet normal -0 0 1
    outer loop
      vertex -0.734741 1.00397 2.7
      vertex 0.746826 0.96843 2.7
      vertex 0.745743 1.04691 2.7
    endloop
  endfacet
  facet normal 0 0 1
    outer loop
      vertex -0.734741 1.00397 2.7
      vertex 0.745743 1.04691 2.7
      vertex 0.742493 1.14771 2.7
    endloop
  endfacet
  facet normal 0 0 1
    outer loop
      vertex -0.734741 1.00397 2.7
      vertex 0.742493 1.14771 2.7
      vertex 0.737076 1.27086 2.7
    endloop
  endfacet
  facet normal 0 0 1
    outer loop
      vertex -0.734741 1.00397 2.7
      vertex 0.737076 1.27086 2.7
      vertex 0.729477 1.41635 2.7
    endloop
  endfacet
  facet normal 0 0 1
    outer loop
      vertex -0.734741 1.00397 2.7
      vertex 0.729477 1.41635 2.7
      vertex 0.719711 1.5842 2.7
    endloop
  endfacet
  facet normal 0 0 1
    outer loop
      vertex -0.734741 1.00397 2.7
      vertex 0.719711 1.5842 2.7
      vertex 0.70929 1.74945 2.7
    endloop
  endfacet
  facet normal 0 0 1
    outer loop
      vertex -0.734741 1.00397 2.7
      vertex 0.70929 1.74945 2.7
      vertex 0.699738 1.88715 2.7
    endloop
  endfacet
  facet normal 0 0 1
    outer loop
      vertex -0.734741 1.00397 2.7
      vertex 0.699738 1.88715 2.7
      vertex 0.691055 1.99727 2.7
    endloop
  endfacet
  facet normal 0 0 1
    outer loop
      vertex -0.734741 1.00397 2.7
      vertex 0.691055 1.99727 2.7
      vertex 0.683228 2.07983 2.7
    endloop
  endfacet
  facet normal 0 0 1
    outer loop
      vertex -0.764999 1.93387 2.7
      vertex 0.683228 2.07983 2.7
      vertex 0.67627 2.13483 2.7
    endloop
  endfacet
  facet normal 0 0 1
    outer loop
      vertex -0.734192 -3.73499 2.7
      vertex 0.790268 -0.588516 2.7
      vertex -0.734192 0.822037 2.7
    endloop
  endfacet
  facet normal 0 0 1
    outer loop
      vertex 0.790268 -0.588516 2.7
      vertex -0.734192 -3.73499 2.7
      vertex 0.790268 -3.73499 2.7
    endloop
  endfacet
  facet normal -0 0 1
    outer loop
      vertex 3.02687 0.114563 2.7
      vertex 4.58771 -0.00802612 2.7
      vertex 4.56775 0.413376 2.7
    endloop
  endfacet
  facet normal 0 0 1
    outer loop
      vertex 3.02687 0.114563 2.7
      vertex 4.56775 0.413376 2.7
      vertex 4.50786 0.792267 2.7
    endloop
  endfacet
  facet normal 0 0 1
    outer loop
      vertex 3.02687 0.114563 2.7
      vertex 4.50786 0.792267 2.7
      vertex 4.40804 1.12862 2.7
    endloop
  endfacet
  facet normal 0 0 1
    outer loop
      vertex 3.02687 0.114563 2.7
      vertex 4.40804 1.12862 2.7
      vertex 4.26828 1.42242 2.7
    endloop
  endfacet
  facet normal 0 0 1
    outer loop
      vertex 3.02687 0.114563 2.7
      vertex 4.26828 1.42242 2.7
      vertex 4.08859 1.67371 2.7
    endloop
  endfacet
  facet normal 0 0 1
    outer loop
      vertex 3.02687 0.114563 2.7
      vertex 4.08859 1.67371 2.7
      vertex 3.87161 1.88072 2.7
    endloop
  endfacet
  facet normal 0 0 1
    outer loop
      vertex 3.02687 0.114563 2.7
      vertex 3.87161 1.88072 2.7
      vertex 3.6199 2.04173 2.7
    endloop
  endfacet
  facet normal 0 0 1
    outer loop
      vertex 2.69182 0.85672 2.7
      vertex 3.6199 2.04173 2.7
      vertex 3.33348 2.15675 2.7
    endloop
  endfacet
  facet normal 0 0 1
    outer loop
      vertex 4.58771 -0.00802612 2.7
      vertex 3.06876 -0.442032 2.7
      vertex 4.58771 -3.73499 2.7
    endloop
  endfacet
  facet normal 0 0 1
    outer loop
      vertex 4.58771 -3.73499 2.7
      vertex 3.06876 -0.442032 2.7
      vertex 3.06876 -3.73499 2.7
    endloop
  endfacet
  facet normal 0 0 1
    outer loop
      vertex 13.4095 0.881638 2.7
      vertex 11.9279 0.943634 2.7
      vertex 11.9285 0.756912 2.7
    endloop
  endfacet
  facet normal 0 0 1
    outer loop
      vertex 13.3459 2.07983 2.7
      vertex 11.9263 1.11755 2.7
      vertex 11.9279 0.943634 2.7
    endloop
  endfacet
  facet normal 0 0 1
    outer loop
      vertex 13.3459 2.07983 2.7
      vertex 11.9236 1.27867 2.7
      vertex 11.9263 1.11755 2.7
    endloop
  endfacet
  facet normal 0 0 1
    outer loop
      vertex 13.3459 2.07983 2.7
      vertex 11.9197 1.42699 2.7
      vertex 11.9236 1.27867 2.7
    endloop
  endfacet
  facet normal 0 0 1
    outer loop
      vertex 13.3459 2.07983 2.7
      vertex 11.9148 1.56252 2.7
      vertex 11.9197 1.42699 2.7
    endloop
  endfacet
  facet normal 0 0 1
    outer loop
      vertex 13.3459 2.07983 2.7
      vertex 11.9093 1.68871 2.7
      vertex 11.9148 1.56252 2.7
    endloop
  endfacet
  facet normal 0 0 1
    outer loop
      vertex 13.3459 2.07983 2.7
      vertex 11.9036 1.80902 2.7
      vertex 11.9093 1.68871 2.7
    endloop
  endfacet
  facet normal 0 0 1
    outer loop
      vertex 13.3459 2.07983 2.7
      vertex 11.8976 1.92349 2.7
      vertex 11.9036 1.80902 2.7
    endloop
  endfacet
  facet normal 0 0 1
    outer loop
      vertex 13.3389 2.13483 2.7
      vertex 11.8915 2.03209 2.7
      vertex 11.8976 1.92349 2.7
    endloop
  endfacet
  facet normal 0 -0 1
    outer loop
      vertex 11.8915 2.03209 2.7
      vertex 13.3389 2.13483 2.7
      vertex 11.8851 2.13483 2.7
    endloop
  endfacet
  facet normal 0 0 1
    outer loop
      vertex 15.027 0.94458 2.7
      vertex 15.3082 2.16739 2.7
      vertex 15.2321 2.19669 2.7
    endloop
  endfacet
  facet normal 0 0 1
    outer loop
      vertex 15.3082 2.16739 2.7
      vertex 15.1641 0.921799 2.7
      vertex 15.3082 0.892517 2.7
    endloop
  endfacet
  facet normal 0 0 1
    outer loop
      vertex 14.8968 0.960861 2.7
      vertex 15.2321 2.19669 2.7
      vertex 15.1468 2.21947 2.7
    endloop
  endfacet
  facet normal 0 0 1
    outer loop
      vertex 14.8968 0.960861 2.7
      vertex 15.1468 2.21947 2.7
      vertex 15.0524 2.23573 2.7
    endloop
  endfacet
  facet normal 0 0 1
    outer loop
      vertex 15.3082 2.16739 2.7
      vertex 15.027 0.94458 2.7
      vertex 15.1641 0.921799 2.7
    endloop
  endfacet
  facet normal 0 0 1
    outer loop
      vertex 14.8968 0.960861 2.7
      vertex 15.0524 2.23573 2.7
      vertex 14.9489 2.2455 2.7
    endloop
  endfacet
  facet normal 0 0 1
    outer loop
      vertex 15.2321 2.19669 2.7
      vertex 14.8968 0.960861 2.7
      vertex 15.027 0.94458 2.7
    endloop
  endfacet
  facet normal 0 0 1
    outer loop
      vertex 14.7735 0.970612 2.7
      vertex 14.9489 2.2455 2.7
      vertex 14.8363 2.24875 2.7
    endloop
  endfacet
  facet normal 0 0 1
    outer loop
      vertex 14.9489 2.2455 2.7
      vertex 14.7735 0.970612 2.7
      vertex 14.8968 0.960861 2.7
    endloop
  endfacet
  facet normal -0 0 1
    outer loop
      vertex 14.6978 2.24387 2.7
      vertex 14.7735 0.970612 2.7
      vertex 14.8363 2.24875 2.7
    endloop
  endfacet
  facet normal 0 0 1
    outer loop
      vertex 14.6978 2.24387 2.7
      vertex 14.6572 0.973877 2.7
      vertex 14.7735 0.970612 2.7
    endloop
  endfacet
  facet normal -0 0 1
    outer loop
      vertex 14.5689 2.22922 2.7
      vertex 14.6572 0.973877 2.7
      vertex 14.6978 2.24387 2.7
    endloop
  endfacet
  facet normal -0 0 1
    outer loop
      vertex 14.4496 2.2048 2.7
      vertex 14.6572 0.973877 2.7
      vertex 14.5689 2.22922 2.7
    endloop
  endfacet
  facet normal -0 0 1
    outer loop
      vertex 14.3398 2.17062 2.7
      vertex 14.6572 0.973877 2.7
      vertex 14.4496 2.2048 2.7
    endloop
  endfacet
  facet normal -0 0 1
    outer loop
      vertex 14.2395 2.12668 2.7
      vertex 14.6572 0.973877 2.7
      vertex 14.3398 2.17062 2.7
    endloop
  endfacet
  facet normal 0 0 1
    outer loop
      vertex 14.6572 0.973877 2.7
      vertex 14.2395 2.12668 2.7
      vertex 14.4395 0.955429 2.7
    endloop
  endfacet
  facet normal -0 0 1
    outer loop
      vertex 14.1466 2.07266 2.7
      vertex 14.4395 0.955429 2.7
      vertex 14.2395 2.12668 2.7
    endloop
  endfacet
  facet normal -0 0 1
    outer loop
      vertex 14.059 2.00822 2.7
      vertex 14.4395 0.955429 2.7
      vertex 14.1466 2.07266 2.7
    endloop
  endfacet
  facet normal -0 0 1
    outer loop
      vertex 13.9765 1.93335 2.7
      vertex 14.4395 0.955429 2.7
      vertex 14.059 2.00822 2.7
    endloop
  endfacet
  facet normal -0 0 1
    outer loop
      vertex 13.8993 1.84807 2.7
      vertex 14.4395 0.955429 2.7
      vertex 13.9765 1.93335 2.7
    endloop
  endfacet
  facet normal -0 0 1
    outer loop
      vertex 13.8273 1.75235 2.7
      vertex 14.4395 0.955429 2.7
      vertex 13.8993 1.84807 2.7
    endloop
  endfacet
  facet normal -0 0 1
    outer loop
      vertex 13.7559 1.63681 2.7
      vertex 14.4395 0.955429 2.7
      vertex 13.8273 1.75235 2.7
    endloop
  endfacet
  facet normal 0 0 1
    outer loop
      vertex 14.4395 0.955429 2.7
      vertex 13.7559 1.63681 2.7
      vertex 14.2419 0.900101 2.7
    endloop
  endfacet
  facet normal -0 0 1
    outer loop
      vertex 13.6805 1.49196 2.7
      vertex 14.2419 0.900101 2.7
      vertex 13.7559 1.63681 2.7
    endloop
  endfacet
  facet normal -0 0 1
    outer loop
      vertex 13.6013 1.31783 2.7
      vertex 14.2419 0.900101 2.7
      vertex 13.6805 1.49196 2.7
    endloop
  endfacet
  facet normal 0 0 1
    outer loop
      vertex 14.2419 0.900101 2.7
      vertex 13.6013 1.31783 2.7
      vertex 14.0645 0.807877 2.7
    endloop
  endfacet
  facet normal -0 0 1
    outer loop
      vertex 13.5182 1.11438 2.7
      vertex 14.0645 0.807877 2.7
      vertex 13.6013 1.31783 2.7
    endloop
  endfacet
  facet normal 0 0 1
    outer loop
      vertex 14.0645 0.807877 2.7
      vertex 13.5182 1.11438 2.7
      vertex 13.9073 0.678757 2.7
    endloop
  endfacet
  facet normal -0 0 1
    outer loop
      vertex 13.4312 0.881638 2.7
      vertex 13.9073 0.678757 2.7
      vertex 13.5182 1.11438 2.7
    endloop
  endfacet
  facet normal 0 0 1
    outer loop
      vertex 13.9073 0.678757 2.7
      vertex 13.4312 0.881638 2.7
      vertex 13.7703 0.512756 2.7
    endloop
  endfacet
  facet normal 0 0 1
    outer loop
      vertex 13.7703 0.512756 2.7
      vertex 13.4312 0.881638 2.7
      vertex 13.656 0.310516 2.7
    endloop
  endfacet
  facet normal -0 0 1
    outer loop
      vertex 13.4095 0.881638 2.7
      vertex 13.656 0.310516 2.7
      vertex 13.4312 0.881638 2.7
    endloop
  endfacet
  facet normal 0 0 1
    outer loop
      vertex 13.656 0.310516 2.7
      vertex 13.4095 0.881638 2.7
      vertex 13.5672 0.0726776 2.7
    endloop
  endfacet
  facet normal -0 0 1
    outer loop
      vertex 11.9285 0.756912 2.7
      vertex 13.5672 0.0726776 2.7
      vertex 13.4095 0.881638 2.7
    endloop
  endfacet
  facet normal 0 0 1
    outer loop
      vertex 13.5672 0.0726776 2.7
      vertex 11.9285 0.756912 2.7
      vertex 13.5037 -0.200729 2.7
    endloop
  endfacet
  facet normal 0 0 1
    outer loop
      vertex 13.5037 -0.200729 2.7
      vertex 11.9285 0.756912 2.7
      vertex 13.4656 -0.50975 2.7
    endloop
  endfacet
  facet normal 0 0 1
    outer loop
      vertex 13.4656 -0.50975 2.7
      vertex 11.9285 0.756912 2.7
      vertex 13.4529 -0.854355 2.7
    endloop
  endfacet
  facet normal -0 0 1
    outer loop
      vertex 11.9279 0.943634 2.7
      vertex 13.4095 0.881638 2.7
      vertex 13.4084 0.960098 2.7
    endloop
  endfacet
  facet normal 0 0 1
    outer loop
      vertex 11.9279 0.943634 2.7
      vertex 13.4084 0.960098 2.7
      vertex 13.4052 1.06525 2.7
    endloop
  endfacet
  facet normal 0 0 1
    outer loop
      vertex 11.9279 0.943634 2.7
      vertex 13.4052 1.06525 2.7
      vertex 13.3997 1.19708 2.7
    endloop
  endfacet
  facet normal 0 0 1
    outer loop
      vertex 11.9279 0.943634 2.7
      vertex 13.3997 1.19708 2.7
      vertex 13.3921 1.35562 2.7
    endloop
  endfacet
  facet normal 0 0 1
    outer loop
      vertex 11.9279 0.943634 2.7
      vertex 13.3921 1.35562 2.7
      vertex 13.3824 1.54083 2.7
    endloop
  endfacet
  facet normal 0 0 1
    outer loop
      vertex 11.9279 0.943634 2.7
      vertex 13.3824 1.54083 2.7
      vertex 13.3719 1.72343 2.7
    endloop
  endfacet
  facet normal 0 0 1
    outer loop
      vertex 11.9279 0.943634 2.7
      vertex 13.3719 1.72343 2.7
      vertex 13.3624 1.87415 2.7
    endloop
  endfacet
  facet normal 0 0 1
    outer loop
      vertex 11.9279 0.943634 2.7
      vertex 13.3624 1.87415 2.7
      vertex 13.3537 1.99295 2.7
    endloop
  endfacet
  facet normal 0 0 1
    outer loop
      vertex 11.9279 0.943634 2.7
      vertex 13.3537 1.99295 2.7
      vertex 13.3459 2.07983 2.7
    endloop
  endfacet
  facet normal 0 0 1
    outer loop
      vertex 11.8976 1.92349 2.7
      vertex 13.3459 2.07983 2.7
      vertex 13.3389 2.13483 2.7
    endloop
  endfacet
  facet normal 0 0 1
    outer loop
      vertex 11.9285 -3.73499 2.7
      vertex 13.4529 -0.854355 2.7
      vertex 11.9285 0.756912 2.7
    endloop
  endfacet
  facet normal 0 0 1
    outer loop
      vertex 13.4529 -0.854355 2.7
      vertex 11.9285 -3.73499 2.7
      vertex 13.4529 -3.73499 2.7
    endloop
  endfacet
  facet normal -0 0 1
    outer loop
      vertex -3.39392 -0.398865 2.7
      vertex -1.78535 -0.794678 2.7
      vertex -1.81563 -0.234039 2.7
    endloop
  endfacet
  facet normal -0 0 1
    outer loop
      vertex -3.43494 -0.0490417 2.7
      vertex -1.81563 -0.234039 2.7
      vertex -1.90645 0.271683 2.7
    endloop
  endfacet
  facet normal 0 0 1
    outer loop
      vertex -1.78535 -0.794678 2.7
      vertex -3.38023 -0.794678 2.7
      vertex -1.81705 -1.34073 2.7
    endloop
  endfacet
  facet normal 0 0 1
    outer loop
      vertex -3.43494 -0.0490417 2.7
      vertex -1.90645 0.271683 2.7
      vertex -2.05782 0.722504 2.7
    endloop
  endfacet
  facet normal 0 0 1
    outer loop
      vertex -3.43645 -1.51726 2.7
      vertex -1.81705 -1.34073 2.7
      vertex -3.38023 -0.794678 2.7
    endloop
  endfacet
  facet normal 0 0 1
    outer loop
      vertex -3.5033 0.254745 2.7
      vertex -2.05782 0.722504 2.7
      vertex -2.26971 1.11839 2.7
    endloop
  endfacet
  facet normal 0 0 1
    outer loop
      vertex -1.81705 -1.34073 2.7
      vertex -3.43645 -1.51726 2.7
      vertex -1.91209 -1.83754 2.7
    endloop
  endfacet
  facet normal 0 0 1
    outer loop
      vertex -3.59901 0.512558 2.7
      vertex -2.26971 1.11839 2.7
      vertex -2.54216 1.4594 2.7
    endloop
  endfacet
  facet normal 0 0 1
    outer loop
      vertex -1.91209 -1.83754 2.7
      vertex -3.43645 -1.51726 2.7
      vertex -2.07051 -2.2851 2.7
    endloop
  endfacet
  facet normal 0 0 1
    outer loop
      vertex -3.72208 0.72435 2.7
      vertex -2.54216 1.4594 2.7
      vertex -2.87209 1.74161 2.7
    endloop
  endfacet
  facet normal -0 0 1
    outer loop
      vertex -3.60506 -2.07928 2.7
      vertex -2.07051 -2.2851 2.7
      vertex -3.43645 -1.51726 2.7
    endloop
  endfacet
  facet normal 0 0 1
    outer loop
      vertex -3.87115 0.894272 2.7
      vertex -2.87209 1.74161 2.7
      vertex -3.25648 1.96111 2.7
    endloop
  endfacet
  facet normal 0 0 1
    outer loop
      vertex -1.78535 -0.794678 2.7
      vertex -3.39392 -0.398865 2.7
      vertex -3.38023 -0.794678 2.7
    endloop
  endfacet
  facet normal 0 0 1
    outer loop
      vertex -2.2923 -2.6834 2.7
      vertex -3.60506 -2.07928 2.7
      vertex -2.57744 -3.03242 2.7
    endloop
  endfacet
  facet normal 0 0 1
    outer loop
      vertex -2.07051 -2.2851 2.7
      vertex -3.60506 -2.07928 2.7
      vertex -2.2923 -2.6834 2.7
    endloop
  endfacet
  facet normal 0 0 1
    outer loop
      vertex -1.81563 -0.234039 2.7
      vertex -3.43494 -0.0490417 2.7
      vertex -3.39392 -0.398865 2.7
    endloop
  endfacet
  facet normal 0 0 1
    outer loop
      vertex -2.05782 0.722504 2.7
      vertex -3.5033 0.254745 2.7
      vertex -3.43494 -0.0490417 2.7
    endloop
  endfacet
  facet normal 0 0 1
    outer loop
      vertex -2.26971 1.11839 2.7
      vertex -3.59901 0.512558 2.7
      vertex -3.5033 0.254745 2.7
    endloop
  endfacet
  facet normal 0 0 1
    outer loop
      vertex -4.04497 1.02643 2.7
      vertex -3.25648 1.96111 2.7
      vertex -3.69537 2.11789 2.7
    endloop
  endfacet
  facet normal 0 0 1
    outer loop
      vertex -2.54216 1.4594 2.7
      vertex -3.72208 0.72435 2.7
      vertex -3.59901 0.512558 2.7
    endloop
  endfacet
  facet normal 0 0 1
    outer loop
      vertex -2.87209 1.74161 2.7
      vertex -3.87115 0.894272 2.7
      vertex -3.72208 0.72435 2.7
    endloop
  endfacet
  facet normal 0 0 1
    outer loop
      vertex -3.25648 1.96111 2.7
      vertex -4.04497 1.02643 2.7
      vertex -3.87115 0.894272 2.7
    endloop
  endfacet
  facet normal 0 0 1
    outer loop
      vertex -4.2435 1.12083 2.7
      vertex -3.69537 2.11789 2.7
      vertex -4.18872 2.21196 2.7
    endloop
  endfacet
  facet normal 0 0 1
    outer loop
      vertex -3.69537 2.11789 2.7
      vertex -4.2435 1.12083 2.7
      vertex -4.04497 1.02643 2.7
    endloop
  endfacet
  facet normal 0 0 1
    outer loop
      vertex -4.18872 2.21196 2.7
      vertex -4.46678 1.17747 2.7
      vertex -4.2435 1.12083 2.7
    endloop
  endfacet
  facet normal 0 0 1
    outer loop
      vertex -4.73656 2.24332 2.7
      vertex -4.46678 1.17747 2.7
      vertex -4.18872 2.21196 2.7
    endloop
  endfacet
  facet normal 0 0 1
    outer loop
      vertex -4.46678 1.17747 2.7
      vertex -4.73656 2.24332 2.7
      vertex -4.7148 1.19635 2.7
    endloop
  endfacet
  facet normal -0 0 1
    outer loop
      vertex -5.27362 2.21088 2.7
      vertex -4.7148 1.19635 2.7
      vertex -4.73656 2.24332 2.7
    endloop
  endfacet
  facet normal 0 0 1
    outer loop
      vertex -4.7148 1.19635 2.7
      vertex -5.27362 2.21088 2.7
      vertex -5.21477 1.11671 2.7
    endloop
  endfacet
  facet normal -0 0 1
    outer loop
      vertex -5.76077 2.11354 2.7
      vertex -5.21477 1.11671 2.7
      vertex -5.27362 2.21088 2.7
    endloop
  endfacet
  facet normal 0 0 1
    outer loop
      vertex -5.21477 1.11671 2.7
      vertex -5.76077 2.11354 2.7
      vertex -5.60364 0.877792 2.7
    endloop
  endfacet
  facet normal -0 0 1
    outer loop
      vertex -6.19803 1.95134 2.7
      vertex -5.60364 0.877792 2.7
      vertex -5.76077 2.11354 2.7
    endloop
  endfacet
  facet normal -0 0 1
    outer loop
      vertex -6.58537 1.72424 2.7
      vertex -5.60364 0.877792 2.7
      vertex -6.19803 1.95134 2.7
    endloop
  endfacet
  facet normal -0 0 1
    outer loop
      vertex -6.92281 1.43227 2.7
      vertex -5.88139 0.479584 2.7
      vertex -6.58537 1.72424 2.7
    endloop
  endfacet
  facet normal 0 0 1
    outer loop
      vertex -5.60364 0.877792 2.7
      vertex -6.58537 1.72424 2.7
      vertex -5.88139 0.479584 2.7
    endloop
  endfacet
  facet normal 0 0 1
    outer loop
      vertex -2.57744 -3.03242 2.7
      vertex -3.60506 -2.07928 2.7
      vertex -2.91855 -3.3244 2.7
    endloop
  endfacet
  facet normal -0 0 1
    outer loop
      vertex -3.88608 -2.48071 2.7
      vertex -2.91855 -3.3244 2.7
      vertex -3.60506 -2.07928 2.7
    endloop
  endfacet
  facet normal 0 0 1
    outer loop
      vertex -2.91855 -3.3244 2.7
      vertex -3.88608 -2.48071 2.7
      vertex -3.30826 -3.5515 2.7
    endloop
  endfacet
  facet normal 0 0 1
    outer loop
      vertex -3.30826 -3.5515 2.7
      vertex -3.88608 -2.48071 2.7
      vertex -3.74658 -3.7137 2.7
    endloop
  endfacet
  facet normal -0 0 1
    outer loop
      vertex -4.27951 -2.72159 2.7
      vertex -3.74658 -3.7137 2.7
      vertex -3.88608 -2.48071 2.7
    endloop
  endfacet
  facet normal 0 0 1
    outer loop
      vertex -3.74658 -3.7137 2.7
      vertex -4.27951 -2.72159 2.7
      vertex -4.23351 -3.81104 2.7
    endloop
  endfacet
  facet normal -0 0 1
    outer loop
      vertex -4.78535 -2.80188 2.7
      vertex -4.23351 -3.81104 2.7
      vertex -4.27951 -2.72159 2.7
    endloop
  endfacet
  facet normal 0 0 1
    outer loop
      vertex -4.23351 -3.81104 2.7
      vertex -4.78535 -2.80188 2.7
      vertex -4.76904 -3.84348 2.7
    endloop
  endfacet
  facet normal 0 0 1
    outer loop
      vertex -5.02937 -2.78137 2.7
      vertex -4.76904 -3.84348 2.7
      vertex -4.78535 -2.80188 2.7
    endloop
  endfacet
  facet normal 0 0 1
    outer loop
      vertex -5.2944 -3.81093 2.7
      vertex -5.02937 -2.78137 2.7
      vertex -5.24931 -2.71985 2.7
    endloop
  endfacet
  facet normal 0 0 1
    outer loop
      vertex -5.02937 -2.78137 2.7
      vertex -5.2944 -3.81093 2.7
      vertex -4.76904 -3.84348 2.7
    endloop
  endfacet
  facet normal 0 0 1
    outer loop
      vertex -5.77248 -3.71327 2.7
      vertex -5.24931 -2.71985 2.7
      vertex -5.44514 -2.61732 2.7
    endloop
  endfacet
  facet normal 0 0 1
    outer loop
      vertex -6.20322 -3.55052 2.7
      vertex -5.44514 -2.61732 2.7
      vertex -5.6169 -2.47379 2.7
    endloop
  endfacet
  facet normal 0 0 1
    outer loop
      vertex -6.58667 -3.32266 2.7
      vertex -5.6169 -2.47379 2.7
      vertex -5.76456 -2.28923 2.7
    endloop
  endfacet
  facet normal 0 0 1
    outer loop
      vertex -5.24931 -2.71985 2.7
      vertex -5.77248 -3.71327 2.7
      vertex -5.2944 -3.81093 2.7
    endloop
  endfacet
  facet normal 0 0 1
    outer loop
      vertex -6.92281 -3.02971 2.7
      vertex -5.76456 -2.28923 2.7
      vertex -5.88661 -2.0654 2.7
    endloop
  endfacet
  facet normal 0 0 1
    outer loop
      vertex -7.20403 -2.6799 2.7
      vertex -5.88661 -2.0654 2.7
      vertex -5.98155 -1.80403 2.7
    endloop
  endfacet
  facet normal 0 0 1
    outer loop
      vertex -7.42278 -2.28149 2.7
      vertex -5.98155 -1.80403 2.7
      vertex -6.04935 -1.50513 2.7
    endloop
  endfacet
  facet normal 0 0 1
    outer loop
      vertex -5.44514 -2.61732 2.7
      vertex -6.20322 -3.55052 2.7
      vertex -5.77248 -3.71327 2.7
    endloop
  endfacet
  facet normal -0 0 1
    outer loop
      vertex -7.67274 -1.33888 2.7
      vertex -6.04935 -1.50513 2.7
      vertex -6.09004 -1.16867 2.7
    endloop
  endfacet
  facet normal -0 0 1
    outer loop
      vertex -7.70399 -0.794678 2.7
      vertex -6.09004 -1.16867 2.7
      vertex -6.10361 -0.794678 2.7
    endloop
  endfacet
  facet normal -0 0 1
    outer loop
      vertex -7.20403 1.08366 2.7
      vertex -5.88139 0.479584 2.7
      vertex -6.92281 1.43227 2.7
    endloop
  endfacet
  facet normal -0 0 1
    outer loop
      vertex -7.42278 0.686661 2.7
      vertex -5.88139 0.479584 2.7
      vertex -7.20403 1.08366 2.7
    endloop
  endfacet
  facet normal 0 0 1
    outer loop
      vertex -6.09004 -1.16867 2.7
      vertex -7.70399 -0.794678 2.7
      vertex -7.67274 -1.33888 2.7
    endloop
  endfacet
  facet normal 0 0 1
    outer loop
      vertex -5.88139 0.479584 2.7
      vertex -7.42278 0.686661 2.7
      vertex -6.04805 -0.0778961 2.7
    endloop
  endfacet
  facet normal 0 0 1
    outer loop
      vertex -6.04935 -1.50513 2.7
      vertex -7.67274 -1.33888 2.7
      vertex -7.57901 -1.83449 2.7
    endloop
  endfacet
  facet normal -0 0 1
    outer loop
      vertex -7.57901 0.241272 2.7
      vertex -6.04805 -0.0778961 2.7
      vertex -7.42278 0.686661 2.7
    endloop
  endfacet
  facet normal 0 0 1
    outer loop
      vertex -6.04935 -1.50513 2.7
      vertex -7.57901 -1.83449 2.7
      vertex -7.42278 -2.28149 2.7
    endloop
  endfacet
  facet normal 0 0 1
    outer loop
      vertex -7.67274 -0.252502 2.7
      vertex -6.04805 -0.0778961 2.7
      vertex -7.57901 0.241272 2.7
    endloop
  endfacet
  facet normal 0 0 1
    outer loop
      vertex -5.6169 -2.47379 2.7
      vertex -6.58667 -3.32266 2.7
      vertex -6.20322 -3.55052 2.7
    endloop
  endfacet
  facet normal 0 0 1
    outer loop
      vertex -6.04805 -0.0778961 2.7
      vertex -7.67274 -0.252502 2.7
      vertex -6.10361 -0.794678 2.7
    endloop
  endfacet
  facet normal 0 0 1
    outer loop
      vertex -5.76456 -2.28923 2.7
      vertex -6.92281 -3.02971 2.7
      vertex -6.58667 -3.32266 2.7
    endloop
  endfacet
  facet normal 0 0 1
    outer loop
      vertex -6.10361 -0.794678 2.7
      vertex -7.67274 -0.252502 2.7
      vertex -7.70399 -0.794678 2.7
    endloop
  endfacet
  facet normal 0 0 1
    outer loop
      vertex -5.88661 -2.0654 2.7
      vertex -7.20403 -2.6799 2.7
      vertex -6.92281 -3.02971 2.7
    endloop
  endfacet
  facet normal 0 0 1
    outer loop
      vertex -5.98155 -1.80403 2.7
      vertex -7.42278 -2.28149 2.7
      vertex -7.20403 -2.6799 2.7
    endloop
  endfacet
  facet normal -0 0 1
    outer loop
      vertex 9.01605 0.340378 2.7
      vertex 10.5485 0.138428 2.7
      vertex 10.5244 0.523605 2.7
    endloop
  endfacet
  facet normal -0 0 1
    outer loop
      vertex 11.3022 -2.84616 2.7
      vertex 11.3677 -3.65907 2.7
      vertex 11.3677 -2.83443 2.7
    endloop
  endfacet
  facet normal -0 0 1
    outer loop
      vertex 11.2358 -2.85527 2.7
      vertex 11.3677 -3.65907 2.7
      vertex 11.3022 -2.84616 2.7
    endloop
  endfacet
  facet normal 0 0 1
    outer loop
      vertex 11.3677 -3.65907 2.7
      vertex 11.2358 -2.85527 2.7
      vertex 11.3145 -3.67186 2.7
    endloop
  endfacet
  facet normal -0 0 1
    outer loop
      vertex 11.1685 -2.86179 2.7
      vertex 11.3145 -3.67186 2.7
      vertex 11.2358 -2.85527 2.7
    endloop
  endfacet
  facet normal 0 0 1
    outer loop
      vertex 11.3145 -3.67186 2.7
      vertex 11.1685 -2.86179 2.7
      vertex 11.2635 -3.6842 2.7
    endloop
  endfacet
  facet normal -0 0 1
    outer loop
      vertex 11.1004 -2.86569 2.7
      vertex 11.2635 -3.6842 2.7
      vertex 11.1685 -2.86179 2.7
    endloop
  endfacet
  facet normal 0 0 1
    outer loop
      vertex 11.2635 -3.6842 2.7
      vertex 11.1004 -2.86569 2.7
      vertex 11.2147 -3.69615 2.7
    endloop
  endfacet
  facet normal 0 0 1
    outer loop
      vertex 11.2147 -3.69615 2.7
      vertex 11.1004 -2.86569 2.7
      vertex 11.168 -3.70766 2.7
    endloop
  endfacet
  facet normal -0 0 1
    outer loop
      vertex 11.0314 -2.86699 2.7
      vertex 11.168 -3.70766 2.7
      vertex 11.1004 -2.86569 2.7
    endloop
  endfacet
  facet normal 0 0 1
    outer loop
      vertex 11.168 -3.70766 2.7
      vertex 11.0314 -2.86699 2.7
      vertex 11.1235 -3.71875 2.7
    endloop
  endfacet
  facet normal 0 0 1
    outer loop
      vertex 11.1235 -3.71875 2.7
      vertex 11.0314 -2.86699 2.7
      vertex 11.0801 -3.72917 2.7
    endloop
  endfacet
  facet normal 0 0 1
    outer loop
      vertex 11.0801 -3.72917 2.7
      vertex 11.0314 -2.86699 2.7
      vertex 11.0367 -3.73871 2.7
    endloop
  endfacet
  facet normal 0 0 1
    outer loop
      vertex 10.9332 -2.85951 2.7
      vertex 11.0367 -3.73871 2.7
      vertex 11.0314 -2.86699 2.7
    endloop
  endfacet
  facet normal 0 0 1
    outer loop
      vertex 11.0367 -3.73871 2.7
      vertex 10.9332 -2.85951 2.7
      vertex 10.9933 -3.74738 2.7
    endloop
  endfacet
  facet normal 0 0 1
    outer loop
      vertex 10.9933 -3.74738 2.7
      vertex 10.9332 -2.85951 2.7
      vertex 10.95 -3.75519 2.7
    endloop
  endfacet
  facet normal 0 0 1
    outer loop
      vertex 10.9332 -2.85951 2.7
      vertex 10.9066 -3.76212 2.7
      vertex 10.95 -3.75519 2.7
    endloop
  endfacet
  facet normal 0 0 1
    outer loop
      vertex 10.9332 -2.85951 2.7
      vertex 10.8626 -3.76842 2.7
      vertex 10.9066 -3.76212 2.7
    endloop
  endfacet
  facet normal 0 0 1
    outer loop
      vertex 10.8176 -3.77429 2.7
      vertex 10.9332 -2.85951 2.7
      vertex 10.8469 -2.83705 2.7
    endloop
  endfacet
  facet normal 0 0 1
    outer loop
      vertex 10.9332 -2.85951 2.7
      vertex 10.8176 -3.77429 2.7
      vertex 10.8626 -3.76842 2.7
    endloop
  endfacet
  facet normal 0 0 1
    outer loop
      vertex 10.6255 -3.79315 2.7
      vertex 10.8469 -2.83705 2.7
      vertex 10.7726 -2.79962 2.7
    endloop
  endfacet
  facet normal 0 0 1
    outer loop
      vertex 10.8469 -2.83705 2.7
      vertex 10.7715 -3.77971 2.7
      vertex 10.8176 -3.77429 2.7
    endloop
  endfacet
  facet normal 0 0 1
    outer loop
      vertex 10.8469 -2.83705 2.7
      vertex 10.7243 -3.7847 2.7
      vertex 10.7715 -3.77971 2.7
    endloop
  endfacet
  facet normal 0 0 1
    outer loop
      vertex 10.3912 -3.80011 2.7
      vertex 10.7726 -2.79962 2.7
      vertex 10.7102 -2.74724 2.7
    endloop
  endfacet
  facet normal 0 0 1
    outer loop
      vertex 10.8469 -2.83705 2.7
      vertex 10.676 -3.78923 2.7
      vertex 10.7243 -3.7847 2.7
    endloop
  endfacet
  facet normal 0 0 1
    outer loop
      vertex 9.97934 -3.75497 2.7
      vertex 10.7102 -2.74724 2.7
      vertex 10.6597 -2.67987 2.7
    endloop
  endfacet
  facet normal 0 0 1
    outer loop
      vertex 10.8469 -2.83705 2.7
      vertex 10.6255 -3.79315 2.7
      vertex 10.676 -3.78923 2.7
    endloop
  endfacet
  facet normal 0 0 1
    outer loop
      vertex 9.35815 -3.24979 2.7
      vertex 10.6597 -2.67987 2.7
      vertex 10.6196 -2.59273 2.7
    endloop
  endfacet
  facet normal 0 0 1
    outer loop
      vertex 9.24443 -2.89648 2.7
      vertex 10.6196 -2.59273 2.7
      vertex 10.5885 -2.48108 2.7
    endloop
  endfacet
  facet normal 0 0 1
    outer loop
      vertex 10.7726 -2.79962 2.7
      vertex 10.5718 -3.79619 2.7
      vertex 10.6255 -3.79315 2.7
    endloop
  endfacet
  facet normal 0 0 1
    outer loop
      vertex 9.21391 -2.68796 2.7
      vertex 10.5885 -2.48108 2.7
      vertex 10.5663 -2.34489 2.7
    endloop
  endfacet
  facet normal 0 0 1
    outer loop
      vertex 9.21391 -2.68796 2.7
      vertex 10.5663 -2.34489 2.7
      vertex 10.5529 -2.1842 2.7
    endloop
  endfacet
  facet normal 0 0 1
    outer loop
      vertex 9.21391 -2.68796 2.7
      vertex 10.5529 -2.1842 2.7
      vertex 10.5485 -1.99899 2.7
    endloop
  endfacet
  facet normal 0 0 1
    outer loop
      vertex 10.7726 -2.79962 2.7
      vertex 10.5149 -3.79837 2.7
      vertex 10.5718 -3.79619 2.7
    endloop
  endfacet
  facet normal 0 0 1
    outer loop
      vertex 10.5485 0.138428 2.7
      vertex 9.02408 -1.01707 2.7
      vertex 10.5485 -1.99899 2.7
    endloop
  endfacet
  facet normal -0 0 1
    outer loop
      vertex 8.99718 -1.61707 2.7
      vertex 10.5485 -1.99899 2.7
      vertex 9.01735 -1.4679 2.7
    endloop
  endfacet
  facet normal -0 0 1
    outer loop
      vertex 8.99196 0.534912 2.7
      vertex 10.5244 0.523605 2.7
      vertex 10.4521 0.871887 2.7
    endloop
  endfacet
  facet normal 0 0 1
    outer loop
      vertex 10.5485 -1.99899 2.7
      vertex 9.02408 -1.31548 2.7
      vertex 9.01735 -1.4679 2.7
    endloop
  endfacet
  facet normal 0 0 1
    outer loop
      vertex 8.99196 0.534912 2.7
      vertex 10.4521 0.871887 2.7
      vertex 10.3317 1.18327 2.7
    endloop
  endfacet
  facet normal 0 0 1
    outer loop
      vertex 10.5885 -2.48108 2.7
      vertex 9.21391 -2.68796 2.7
      vertex 9.24443 -2.89648 2.7
    endloop
  endfacet
  facet normal 0 0 1
    outer loop
      vertex 8.95181 0.705795 2.7
      vertex 10.3317 1.18327 2.7
      vertex 10.1631 1.45778 2.7
    endloop
  endfacet
  facet normal 0 0 1
    outer loop
      vertex 10.7726 -2.79962 2.7
      vertex 10.4547 -3.79968 2.7
      vertex 10.5149 -3.79837 2.7
    endloop
  endfacet
  facet normal 0 0 1
    outer loop
      vertex 8.89561 0.853027 2.7
      vertex 10.1631 1.45778 2.7
      vertex 9.94632 1.69539 2.7
    endloop
  endfacet
  facet normal 0 0 1
    outer loop
      vertex 10.5485 -1.99899 2.7
      vertex 9.02408 -1.01707 2.7
      vertex 9.02408 -1.31548 2.7
    endloop
  endfacet
  facet normal 0 0 1
    outer loop
      vertex 8.82336 0.976593 2.7
      vertex 9.94632 1.69539 2.7
      vertex 9.68506 1.89264 2.7
    endloop
  endfacet
  facet normal 0 0 1
    outer loop
      vertex 10.7726 -2.79962 2.7
      vertex 10.3912 -3.80011 2.7
      vertex 10.4547 -3.79968 2.7
    endloop
  endfacet
  facet normal 0 0 1
    outer loop
      vertex 10.6196 -2.59273 2.7
      vertex 9.24443 -2.89648 2.7
      vertex 9.29251 -3.08377 2.7
    endloop
  endfacet
  facet normal 0 0 1
    outer loop
      vertex 10.7102 -2.74724 2.7
      vertex 10.1732 -3.78883 2.7
      vertex 10.3912 -3.80011 2.7
    endloop
  endfacet
  facet normal 0 0 1
    outer loop
      vertex 8.82336 0.976593 2.7
      vertex 9.68506 1.89264 2.7
      vertex 9.383 2.04607 2.7
    endloop
  endfacet
  facet normal 0 0 1
    outer loop
      vertex 10.7102 -2.74724 2.7
      vertex 9.97934 -3.75497 2.7
      vertex 10.1732 -3.78883 2.7
    endloop
  endfacet
  facet normal 0 0 1
    outer loop
      vertex 10.6597 -2.67987 2.7
      vertex 9.80952 -3.69856 2.7
      vertex 9.97934 -3.75497 2.7
    endloop
  endfacet
  facet normal 0 0 1
    outer loop
      vertex 10.6597 -2.67987 2.7
      vertex 9.6638 -3.61958 2.7
      vertex 9.80952 -3.69856 2.7
    endloop
  endfacet
  facet normal 0 0 1
    outer loop
      vertex 10.6597 -2.67987 2.7
      vertex 9.54216 -3.51804 2.7
      vertex 9.6638 -3.61958 2.7
    endloop
  endfacet
  facet normal 0 0 1
    outer loop
      vertex 10.6597 -2.67987 2.7
      vertex 9.44138 -3.39453 2.7
      vertex 9.54216 -3.51804 2.7
    endloop
  endfacet
  facet normal 0 0 1
    outer loop
      vertex 8.73286 1.07719 2.7
      vertex 9.383 2.04607 2.7
      vertex 9.04013 2.15564 2.7
    endloop
  endfacet
  facet normal 0 0 1
    outer loop
      vertex 10.5485 0.138428 2.7
      vertex 9.02408 0.122192 2.7
      vertex 9.02408 -0.176193 2.7
    endloop
  endfacet
  facet normal 0 0 1
    outer loop
      vertex 10.5485 0.138428 2.7
      vertex 9.02408 -0.176193 2.7
      vertex 9.02408 -1.01707 2.7
    endloop
  endfacet
  facet normal 0 0 1
    outer loop
      vertex 10.6597 -2.67987 2.7
      vertex 9.35815 -3.24979 2.7
      vertex 9.44138 -3.39453 2.7
    endloop
  endfacet
  facet normal 0 0 1
    outer loop
      vertex 10.6196 -2.59273 2.7
      vertex 9.29251 -3.08377 2.7
      vertex 9.35815 -3.24979 2.7
    endloop
  endfacet
  facet normal -0 0 1
    outer loop
      vertex 8.96355 -1.76299 2.7
      vertex 10.5485 -1.99899 2.7
      vertex 8.99718 -1.61707 2.7
    endloop
  endfacet
  facet normal 0 0 1
    outer loop
      vertex 10.5485 -1.99899 2.7
      vertex 8.96355 -1.76299 2.7
      vertex 9.21391 -2.68796 2.7
    endloop
  endfacet
  facet normal -0 0 1
    outer loop
      vertex 8.91646 -1.90565 2.7
      vertex 9.21391 -2.68796 2.7
      vertex 8.96355 -1.76299 2.7
    endloop
  endfacet
  facet normal -0 0 1
    outer loop
      vertex 8.85591 -2.04507 2.7
      vertex 9.21391 -2.68796 2.7
      vertex 8.91646 -1.90565 2.7
    endloop
  endfacet
  facet normal 0 0 1
    outer loop
      vertex 9.21391 -2.68796 2.7
      vertex 8.85591 -2.04507 2.7
      vertex 9.18144 -2.68796 2.7
    endloop
  endfacet
  facet normal -0 0 1
    outer loop
      vertex 8.78355 -2.1769 2.7
      vertex 9.18144 -2.68796 2.7
      vertex 8.85591 -2.04507 2.7
    endloop
  endfacet
  facet normal -0 0 1
    outer loop
      vertex 8.70099 -2.2968 2.7
      vertex 9.18144 -2.68796 2.7
      vertex 8.78355 -2.1769 2.7
    endloop
  endfacet
  facet normal -0 0 1
    outer loop
      vertex 8.60822 -2.40477 2.7
      vertex 9.18144 -2.68796 2.7
      vertex 8.70099 -2.2968 2.7
    endloop
  endfacet
  facet normal -0 0 1
    outer loop
      vertex 8.50525 -2.50081 2.7
      vertex 9.18144 -2.68796 2.7
      vertex 8.60822 -2.40477 2.7
    endloop
  endfacet
  facet normal 0 0 1
    outer loop
      vertex 9.18144 -2.68796 2.7
      vertex 8.50525 -2.50081 2.7
      vertex 8.89934 -3.10394 2.7
    endloop
  endfacet
  facet normal -0 0 1
    outer loop
      vertex 8.39207 -2.58492 2.7
      vertex 8.89934 -3.10394 2.7
      vertex 8.50525 -2.50081 2.7
    endloop
  endfacet
  facet normal -0 0 1
    outer loop
      vertex 8.27132 -2.65521 2.7
      vertex 8.89934 -3.10394 2.7
      vertex 8.39207 -2.58492 2.7
    endloop
  endfacet
  facet normal 0 0 1
    outer loop
      vertex 8.89934 -3.10394 2.7
      vertex 8.27132 -2.65521 2.7
      vertex 8.56514 -3.42749 2.7
    endloop
  endfacet
  facet normal -0 0 1
    outer loop
      vertex 8.14555 -2.70988 2.7
      vertex 8.56514 -3.42749 2.7
      vertex 8.27132 -2.65521 2.7
    endloop
  endfacet
  facet normal -0 0 1
    outer loop
      vertex 8.0148 -2.74895 2.7
      vertex 8.56514 -3.42749 2.7
      vertex 8.14555 -2.70988 2.7
    endloop
  endfacet
  facet normal 0 0 1
    outer loop
      vertex 8.56514 -3.42749 2.7
      vertex 8.0148 -2.74895 2.7
      vertex 8.17888 -3.65858 2.7
    endloop
  endfacet
  facet normal -0 0 1
    outer loop
      vertex 7.87906 -2.77238 2.7
      vertex 8.17888 -3.65858 2.7
      vertex 8.0148 -2.74895 2.7
    endloop
  endfacet
  facet normal -0 0 1
    outer loop
      vertex 7.73831 -2.7802 2.7
      vertex 8.17888 -3.65858 2.7
      vertex 7.87906 -2.77238 2.7
    endloop
  endfacet
  facet normal 0 0 1
    outer loop
      vertex 8.17888 -3.65858 2.7
      vertex 7.73831 -2.7802 2.7
      vertex 7.74052 -3.79726 2.7
    endloop
  endfacet
  facet normal 0 0 1
    outer loop
      vertex 7.61542 -2.77205 2.7
      vertex 7.74052 -3.79726 2.7
      vertex 7.73831 -2.7802 2.7
    endloop
  endfacet
  facet normal 0 0 1
    outer loop
      vertex 7.25008 -3.84348 2.7
      vertex 7.61542 -2.77205 2.7
      vertex 7.5027 -2.74763 2.7
    endloop
  endfacet
  facet normal 0 0 1
    outer loop
      vertex 7.25008 -3.84348 2.7
      vertex 7.5027 -2.74763 2.7
      vertex 7.40016 -2.70695 2.7
    endloop
  endfacet
  facet normal 0 0 1
    outer loop
      vertex 6.92438 -3.82492 2.7
      vertex 7.40016 -2.70695 2.7
      vertex 7.30783 -2.64999 2.7
    endloop
  endfacet
  facet normal 0 0 1
    outer loop
      vertex 7.61542 -2.77205 2.7
      vertex 7.25008 -3.84348 2.7
      vertex 7.74052 -3.79726 2.7
    endloop
  endfacet
  facet normal 0 0 1
    outer loop
      vertex 6.62862 -3.76926 2.7
      vertex 7.30783 -2.64999 2.7
      vertex 7.22568 -2.57675 2.7
    endloop
  endfacet
  facet normal 0 0 1
    outer loop
      vertex 6.36279 -3.67648 2.7
      vertex 7.22568 -2.57675 2.7
      vertex 7.15636 -2.4868 2.7
    endloop
  endfacet
  facet normal 0 0 1
    outer loop
      vertex 5.92096 -3.37964 2.7
      vertex 7.15636 -2.4868 2.7
      vertex 7.10245 -2.37971 2.7
    endloop
  endfacet
  facet normal 0 0 1
    outer loop
      vertex 5.61545 -2.94823 2.7
      vertex 7.10245 -2.37971 2.7
      vertex 7.06393 -2.25546 2.7
    endloop
  endfacet
  facet normal 0 0 1
    outer loop
      vertex 5.46269 -2.39618 2.7
      vertex 7.06393 -2.25546 2.7
      vertex 7.04082 -2.11409 2.7
    endloop
  endfacet
  facet normal 0 0 1
    outer loop
      vertex 7.10777 -1.51816 2.7
      vertex 5.82376 -0.894501 2.7
      vertex 7.0751 -1.61188 2.7
    endloop
  endfacet
  facet normal 0 0 1
    outer loop
      vertex 7.40016 -2.70695 2.7
      vertex 6.92438 -3.82492 2.7
      vertex 7.25008 -3.84348 2.7
    endloop
  endfacet
  facet normal -0 0 1
    outer loop
      vertex 5.65744 -1.13753 2.7
      vertex 7.0751 -1.61188 2.7
      vertex 5.82376 -0.894501 2.7
    endloop
  endfacet
  facet normal 0 0 1
    outer loop
      vertex 7.0751 -1.61188 2.7
      vertex 5.65744 -1.13753 2.7
      vertex 7.05179 -1.71602 2.7
    endloop
  endfacet
  facet normal 0 -0 1
    outer loop
      vertex 5.46269 -2.39618 2.7
      vertex 7.04082 -2.11409 2.7
      vertex 5.4436 -2.07491 2.7
    endloop
  endfacet
  facet normal 0 0 1
    outer loop
      vertex 7.06393 -2.25546 2.7
      vertex 5.46269 -2.39618 2.7
      vertex 5.51997 -2.68729 2.7
    endloop
  endfacet
  facet normal -0 0 1
    outer loop
      vertex 5.53864 -1.41527 2.7
      vertex 7.05179 -1.71602 2.7
      vertex 5.65744 -1.13753 2.7
    endloop
  endfacet
  facet normal 0 0 1
    outer loop
      vertex 7.30783 -2.64999 2.7
      vertex 6.62862 -3.76926 2.7
      vertex 6.92438 -3.82492 2.7
    endloop
  endfacet
  facet normal 0 0 1
    outer loop
      vertex 7.05179 -1.71602 2.7
      vertex 5.53864 -1.41527 2.7
      vertex 7.03778 -1.83058 2.7
    endloop
  endfacet
  facet normal 0 0 1
    outer loop
      vertex 7.06393 -2.25546 2.7
      vertex 5.51997 -2.68729 2.7
      vertex 5.61545 -2.94823 2.7
    endloop
  endfacet
  facet normal -0 0 1
    outer loop
      vertex 5.46736 -1.72772 2.7
      vertex 7.03778 -1.83058 2.7
      vertex 5.53864 -1.41527 2.7
    endloop
  endfacet
  facet normal 0 0 1
    outer loop
      vertex 7.22568 -2.57675 2.7
      vertex 6.36279 -3.67648 2.7
      vertex 6.62862 -3.76926 2.7
    endloop
  endfacet
  facet normal 0 0 1
    outer loop
      vertex 7.03778 -1.83058 2.7
      vertex 5.46736 -1.72772 2.7
      vertex 7.03311 -1.95555 2.7
    endloop
  endfacet
  facet normal 0 0 1
    outer loop
      vertex 7.15636 -2.4868 2.7
      vertex 6.12691 -3.54662 2.7
      vertex 6.36279 -3.67648 2.7
    endloop
  endfacet
  facet normal 0 0 1
    outer loop
      vertex 5.4436 -2.07491 2.7
      vertex 7.03311 -1.95555 2.7
      vertex 5.46736 -1.72772 2.7
    endloop
  endfacet
  facet normal 0 0 1
    outer loop
      vertex 7.15636 -2.4868 2.7
      vertex 5.92096 -3.37964 2.7
      vertex 6.12691 -3.54662 2.7
    endloop
  endfacet
  facet normal 0 0 1
    outer loop
      vertex 7.03311 -1.95555 2.7
      vertex 5.4436 -2.07491 2.7
      vertex 7.04082 -2.11409 2.7
    endloop
  endfacet
  facet normal 0 0 1
    outer loop
      vertex 7.10245 -2.37971 2.7
      vertex 5.74911 -3.17902 2.7
      vertex 5.92096 -3.37964 2.7
    endloop
  endfacet
  facet normal 0 0 1
    outer loop
      vertex 7.10245 -2.37971 2.7
      vertex 5.61545 -2.94823 2.7
      vertex 5.74911 -3.17902 2.7
    endloop
  endfacet
  facet normal 0 0 1
    outer loop
      vertex 9.02408 -0.176193 2.7
      vertex 8.24287 -1.02795 2.7
      vertex 9.02408 -1.01707 2.7
    endloop
  endfacet
  facet normal -0 0 1
    outer loop
      vertex 7.76007 -0.197876 2.7
      vertex 8.24287 -1.02795 2.7
      vertex 9.02408 -0.176193 2.7
    endloop
  endfacet
  facet normal 0 0 1
    outer loop
      vertex 8.24287 -1.02795 2.7
      vertex 7.76007 -0.197876 2.7
      vertex 8.04257 -1.03955 2.7
    endloop
  endfacet
  facet normal 0 0 1
    outer loop
      vertex 8.04257 -1.03955 2.7
      vertex 7.76007 -0.197876 2.7
      vertex 7.86702 -1.05702 2.7
    endloop
  endfacet
  facet normal 0 0 1
    outer loop
      vertex 7.76007 -0.197876 2.7
      vertex 7.7162 -1.08035 2.7
      vertex 7.86702 -1.05702 2.7
    endloop
  endfacet
  facet normal -0 0 1
    outer loop
      vertex 7.33009 -0.220886 2.7
      vertex 7.7162 -1.08035 2.7
      vertex 7.76007 -0.197876 2.7
    endloop
  endfacet
  facet normal 0 0 1
    outer loop
      vertex 7.7162 -1.08035 2.7
      vertex 7.33009 -0.220886 2.7
      vertex 7.59013 -1.10954 2.7
    endloop
  endfacet
  facet normal 0 0 1
    outer loop
      vertex 7.59013 -1.10954 2.7
      vertex 7.33009 -0.220886 2.7
      vertex 7.4888 -1.14459 2.7
    endloop
  endfacet
  facet normal 0 0 1
    outer loop
      vertex 7.4888 -1.14459 2.7
      vertex 7.33009 -0.220886 2.7
      vertex 7.40407 -1.18657 2.7
    endloop
  endfacet
  facet normal -0 0 1
    outer loop
      vertex 6.94286 -0.281219 2.7
      vertex 7.40407 -1.18657 2.7
      vertex 7.33009 -0.220886 2.7
    endloop
  endfacet
  facet normal 0 0 1
    outer loop
      vertex 7.40407 -1.18657 2.7
      vertex 6.94286 -0.281219 2.7
      vertex 7.3278 -1.23657 2.7
    endloop
  endfacet
  facet normal 0 0 1
    outer loop
      vertex 7.3278 -1.23657 2.7
      vertex 6.94286 -0.281219 2.7
      vertex 7.25999 -1.29462 2.7
    endloop
  endfacet
  facet normal -0 0 1
    outer loop
      vertex 6.59836 -0.378891 2.7
      vertex 7.25999 -1.29462 2.7
      vertex 6.94286 -0.281219 2.7
    endloop
  endfacet
  facet normal 0 0 1
    outer loop
      vertex 7.25999 -1.29462 2.7
      vertex 6.59836 -0.378891 2.7
      vertex 7.20064 -1.3607 2.7
    endloop
  endfacet
  facet normal -0 0 1
    outer loop
      vertex 6.2966 -0.513885 2.7
      vertex 7.20064 -1.3607 2.7
      vertex 6.59836 -0.378891 2.7
    endloop
  endfacet
  facet normal 0 0 1
    outer loop
      vertex 7.20064 -1.3607 2.7
      vertex 6.2966 -0.513885 2.7
      vertex 7.14977 -1.43483 2.7
    endloop
  endfacet
  facet normal -0 0 1
    outer loop
      vertex 5.82376 -0.894501 2.7
      vertex 7.10777 -1.51816 2.7
      vertex 6.0376 -0.686188 2.7
    endloop
  endfacet
  facet normal 0 0 1
    outer loop
      vertex 7.14977 -1.43483 2.7
      vertex 6.0376 -0.686188 2.7
      vertex 7.10777 -1.51816 2.7
    endloop
  endfacet
  facet normal -0 0 1
    outer loop
      vertex 6.0376 -0.686188 2.7
      vertex 7.14977 -1.43483 2.7
      vertex 6.2966 -0.513885 2.7
    endloop
  endfacet
  facet normal 0 0 1
    outer loop
      vertex 10.5485 0.138428 2.7
      vertex 9.01605 0.340378 2.7
      vertex 9.02408 0.122192 2.7
    endloop
  endfacet
  facet normal 0 0 1
    outer loop
      vertex 10.5244 0.523605 2.7
      vertex 8.99196 0.534912 2.7
      vertex 9.01605 0.340378 2.7
    endloop
  endfacet
  facet normal 0 0 1
    outer loop
      vertex 10.3317 1.18327 2.7
      vertex 8.95181 0.705795 2.7
      vertex 8.99196 0.534912 2.7
    endloop
  endfacet
  facet normal 0 0 1
    outer loop
      vertex 10.1631 1.45778 2.7
      vertex 8.89561 0.853027 2.7
      vertex 8.95181 0.705795 2.7
    endloop
  endfacet
  facet normal 0 0 1
    outer loop
      vertex 9.94632 1.69539 2.7
      vertex 8.82336 0.976593 2.7
      vertex 8.89561 0.853027 2.7
    endloop
  endfacet
  facet normal 0 0 1
    outer loop
      vertex 9.383 2.04607 2.7
      vertex 8.73286 1.07719 2.7
      vertex 8.82336 0.976593 2.7
    endloop
  endfacet
  facet normal 0 0 1
    outer loop
      vertex 8.49071 1.21132 2.7
      vertex 9.04013 2.15564 2.7
      vertex 8.65646 2.22139 2.7
    endloop
  endfacet
  facet normal 0 0 1
    outer loop
      vertex 9.04013 2.15564 2.7
      vertex 8.62199 1.15544 2.7
      vertex 8.73286 1.07719 2.7
    endloop
  endfacet
  facet normal 0 0 1
    outer loop
      vertex 9.04013 2.15564 2.7
      vertex 8.49071 1.21132 2.7
      vertex 8.62199 1.15544 2.7
    endloop
  endfacet
  facet normal 0 0 1
    outer loop
      vertex 8.65646 2.22139 2.7
      vertex 8.33904 1.24486 2.7
      vertex 8.49071 1.21132 2.7
    endloop
  endfacet
  facet normal 0 0 1
    outer loop
      vertex 8.23199 2.24332 2.7
      vertex 8.33904 1.24486 2.7
      vertex 8.65646 2.22139 2.7
    endloop
  endfacet
  facet normal 0 0 1
    outer loop
      vertex 8.23199 2.24332 2.7
      vertex 8.16696 1.25603 2.7
      vertex 8.33904 1.24486 2.7
    endloop
  endfacet
  facet normal 0 0 1
    outer loop
      vertex 8.23199 2.24332 2.7
      vertex 8.00668 1.24832 2.7
      vertex 8.16696 1.25603 2.7
    endloop
  endfacet
  facet normal -0 0 1
    outer loop
      vertex 7.81004 2.22563 2.7
      vertex 8.00668 1.24832 2.7
      vertex 8.23199 2.24332 2.7
    endloop
  endfacet
  facet normal 0 0 1
    outer loop
      vertex 8.00668 1.24832 2.7
      vertex 7.81004 2.22563 2.7
      vertex 7.86443 1.2252 2.7
    endloop
  endfacet
  facet normal -0 0 1
    outer loop
      vertex 7.42519 2.17256 2.7
      vertex 7.86443 1.2252 2.7
      vertex 7.81004 2.22563 2.7
    endloop
  endfacet
  facet normal 0 0 1
    outer loop
      vertex 7.86443 1.2252 2.7
      vertex 7.42519 2.17256 2.7
      vertex 7.74019 1.18668 2.7
    endloop
  endfacet
  facet normal 0 0 1
    outer loop
      vertex 7.74019 1.18668 2.7
      vertex 7.42519 2.17256 2.7
      vertex 7.63397 1.13274 2.7
    endloop
  endfacet
  facet normal -0 0 1
    outer loop
      vertex 7.07744 2.08414 2.7
      vertex 7.63397 1.13274 2.7
      vertex 7.42519 2.17256 2.7
    endloop
  endfacet
  facet normal 0 0 1
    outer loop
      vertex 7.63397 1.13274 2.7
      vertex 7.07744 2.08414 2.7
      vertex 7.54576 1.06339 2.7
    endloop
  endfacet
  facet normal -0 0 1
    outer loop
      vertex 6.76682 1.96033 2.7
      vertex 7.54576 1.06339 2.7
      vertex 7.07744 2.08414 2.7
    endloop
  endfacet
  facet normal 0 0 1
    outer loop
      vertex 7.54576 1.06339 2.7
      vertex 6.76682 1.96033 2.7
      vertex 7.47252 0.976273 2.7
    endloop
  endfacet
  facet normal -0 0 1
    outer loop
      vertex 6.49327 1.80115 2.7
      vertex 7.47252 0.976273 2.7
      vertex 6.76682 1.96033 2.7
    endloop
  endfacet
  facet normal 0 0 1
    outer loop
      vertex 7.47252 0.976273 2.7
      vertex 6.49327 1.80115 2.7
      vertex 7.41122 0.868973 2.7
    endloop
  endfacet
  facet normal -0 0 1
    outer loop
      vertex 6.25797 1.60771 2.7
      vertex 7.41122 0.868973 2.7
      vertex 6.49327 1.80115 2.7
    endloop
  endfacet
  facet normal 0 0 1
    outer loop
      vertex 7.41122 0.868973 2.7
      vertex 6.25797 1.60771 2.7
      vertex 7.36188 0.741486 2.7
    endloop
  endfacet
  facet normal -0 0 1
    outer loop
      vertex 6.06194 1.38109 2.7
      vertex 7.36188 0.741486 2.7
      vertex 6.25797 1.60771 2.7
    endloop
  endfacet
  facet normal -0 0 1
    outer loop
      vertex 5.90517 1.12125 2.7
      vertex 7.36188 0.741486 2.7
      vertex 6.06194 1.38109 2.7
    endloop
  endfacet
  facet normal 0 0 1
    outer loop
      vertex 7.36188 0.741486 2.7
      vertex 5.90517 1.12125 2.7
      vertex 7.32445 0.593811 2.7
    endloop
  endfacet
  facet normal -0 0 1
    outer loop
      vertex 5.78766 0.828201 2.7
      vertex 7.32445 0.593811 2.7
      vertex 5.90517 1.12125 2.7
    endloop
  endfacet
  facet normal 0 0 1
    outer loop
      vertex 7.32445 0.593811 2.7
      vertex 5.78766 0.828201 2.7
      vertex 7.29897 0.425949 2.7
    endloop
  endfacet
  facet normal 0 0 1
    outer loop
      vertex 7.29897 0.425949 2.7
      vertex 5.78766 0.828201 2.7
      vertex 5.70944 0.501953 2.7
    endloop
  endfacet
  facet normal 0.128291 -0.991737 0
    outer loop
      vertex -11.0622 -3.81972 2.5
      vertex -10.5111 -3.74843 2.7
      vertex -11.0622 -3.81972 2.7
    endloop
  endfacet
  facet normal 0.128291 -0.991737 0
    outer loop
      vertex -10.5111 -3.74843 2.7
      vertex -11.0622 -3.81972 2.5
      vertex -10.5111 -3.74843 2.5
    endloop
  endfacet
  facet normal 0.23615 -0.971717 0
    outer loop
      vertex -10.5111 -3.74843 2.5
      vertex -10.0223 -3.62964 2.7
      vertex -10.5111 -3.74843 2.7
    endloop
  endfacet
  facet normal 0.23615 -0.971717 0
    outer loop
      vertex -10.0223 -3.62964 2.7
      vertex -10.5111 -3.74843 2.5
      vertex -10.0223 -3.62964 2.5
    endloop
  endfacet
  facet normal 0.363324 -0.931663 0
    outer loop
      vertex -10.0223 -3.62964 2.5
      vertex -9.59581 -3.46332 2.7
      vertex -10.0223 -3.62964 2.7
    endloop
  endfacet
  facet normal 0.363324 -0.931663 0
    outer loop
      vertex -9.59581 -3.46332 2.7
      vertex -10.0223 -3.62964 2.5
      vertex -9.59581 -3.46332 2.5
    endloop
  endfacet
  facet normal 0.506311 -0.862351 0
    outer loop
      vertex -9.59581 -3.46332 2.5
      vertex -9.23158 -3.24947 2.7
      vertex -9.59581 -3.46332 2.7
    endloop
  endfacet
  facet normal 0.506311 -0.862351 0
    outer loop
      vertex -9.23158 -3.24947 2.7
      vertex -9.59581 -3.46332 2.5
      vertex -9.23158 -3.24947 2.5
    endloop
  endfacet
  facet normal 0.65342 -0.756996 0
    outer loop
      vertex -9.23158 -3.24947 2.5
      vertex -8.93178 -2.99069 2.7
      vertex -9.23158 -3.24947 2.7
    endloop
  endfacet
  facet normal 0.65342 -0.756996 0
    outer loop
      vertex -8.93178 -2.99069 2.7
      vertex -9.23158 -3.24947 2.5
      vertex -8.93178 -2.99069 2.5
    endloop
  endfacet
  facet normal 0.790622 -0.612305 0
    outer loop
      vertex -8.93178 -2.99069 2.7
      vertex -8.69859 -2.68959 2.5
      vertex -8.69859 -2.68959 2.7
    endloop
  endfacet
  facet normal 0.790622 -0.612305 0
    outer loop
      vertex -8.69859 -2.68959 2.5
      vertex -8.93178 -2.99069 2.7
      vertex -8.93178 -2.99069 2.5
    endloop
  endfacet
  facet normal 0.899754 -0.436397 0
    outer loop
      vertex -8.69859 -2.68959 2.7
      vertex -8.53203 -2.34618 2.5
      vertex -8.53203 -2.34618 2.7
    endloop
  endfacet
  facet normal 0.899754 -0.436397 0
    outer loop
      vertex -8.53203 -2.34618 2.5
      vertex -8.69859 -2.68959 2.7
      vertex -8.69859 -2.68959 2.5
    endloop
  endfacet
  facet normal 0.96804 -0.250794 0
    outer loop
      vertex -8.53203 -2.34618 2.7
      vertex -8.4321 -1.96046 2.5
      vertex -8.4321 -1.96046 2.7
    endloop
  endfacet
  facet normal 0.96804 -0.250794 0
    outer loop
      vertex -8.4321 -1.96046 2.5
      vertex -8.53203 -2.34618 2.7
      vertex -8.53203 -2.34618 2.5
    endloop
  endfacet
  facet normal 0.996986 -0.0775853 0
    outer loop
      vertex -8.4321 -1.96046 2.7
      vertex -8.39879 -1.53242 2.5
      vertex -8.39879 -1.53242 2.7
    endloop
  endfacet
  facet normal 0.996986 -0.0775853 0
    outer loop
      vertex -8.39879 -1.53242 2.5
      vertex -8.4321 -1.96046 2.7
      vertex -8.4321 -1.96046 2.5
    endloop
  endfacet
  facet normal 0.999507 0.0314071 0
    outer loop
      vertex -8.39879 -1.53242 2.7
      vertex -8.40465 -1.34593 2.5
      vertex -8.40465 -1.34593 2.7
    endloop
  endfacet
  facet normal 0.999507 0.0314071 0
    outer loop
      vertex -8.40465 -1.34593 2.5
      vertex -8.39879 -1.53242 2.7
      vertex -8.39879 -1.53242 2.5
    endloop
  endfacet
  facet normal 0.995137 0.0985051 0
    outer loop
      vertex -8.40465 -1.34593 2.7
      vertex -8.42223 -1.16833 2.5
      vertex -8.42223 -1.16833 2.7
    endloop
  endfacet
  facet normal 0.995137 0.0985051 0
    outer loop
      vertex -8.42223 -1.16833 2.5
      vertex -8.40465 -1.34593 2.7
      vertex -8.40465 -1.34593 2.5
    endloop
  endfacet
  facet normal 0.985259 0.171067 0
    outer loop
      vertex -8.42223 -1.16833 2.7
      vertex -8.45152 -0.999634 2.5
      vertex -8.45152 -0.999634 2.7
    endloop
  endfacet
  facet normal 0.985259 0.171067 0
    outer loop
      vertex -8.45152 -0.999634 2.5
      vertex -8.42223 -1.16833 2.7
      vertex -8.42223 -1.16833 2.5
    endloop
  endfacet
  facet normal 0.9686 0.248626 0
    outer loop
      vertex -8.45152 -0.999634 2.7
      vertex -8.49254 -0.839828 2.5
      vertex -8.49254 -0.839828 2.7
    endloop
  endfacet
  facet normal 0.9686 0.248626 0
    outer loop
      vertex -8.49254 -0.839828 2.5
      vertex -8.45152 -0.999634 2.7
      vertex -8.45152 -0.999634 2.5
    endloop
  endfacet
  facet normal 0.94405 0.329803 0
    outer loop
      vertex -8.49254 -0.839828 2.7
      vertex -8.54526 -0.688919 2.5
      vertex -8.54526 -0.688919 2.7
    endloop
  endfacet
  facet normal 0.94405 0.329803 0
    outer loop
      vertex -8.54526 -0.688919 2.5
      vertex -8.49254 -0.839828 2.7
      vertex -8.49254 -0.839828 2.5
    endloop
  endfacet
  facet normal 0.912546 0.408973 0
    outer loop
      vertex -8.54526 -0.688919 2.7
      vertex -8.60907 -0.546539 2.5
      vertex -8.60907 -0.546539 2.7
    endloop
  endfacet
  facet normal 0.912546 0.408973 0
    outer loop
      vertex -8.60907 -0.546539 2.5
      vertex -8.54526 -0.688919 2.7
      vertex -8.54526 -0.688919 2.5
    endloop
  endfacet
  facet normal 0.874968 0.48418 0
    outer loop
      vertex -8.60907 -0.546539 2.7
      vertex -8.68329 -0.412415 2.5
      vertex -8.68329 -0.412415 2.7
    endloop
  endfacet
  facet normal 0.874968 0.48418 0
    outer loop
      vertex -8.68329 -0.412415 2.5
      vertex -8.60907 -0.546539 2.7
      vertex -8.60907 -0.546539 2.5
    endloop
  endfacet
  facet normal 0.829833 0.558012 0
    outer loop
      vertex -8.68329 -0.412415 2.7
      vertex -8.76793 -0.286545 2.5
      vertex -8.76793 -0.286545 2.7
    endloop
  endfacet
  facet normal 0.829833 0.558012 0
    outer loop
      vertex -8.76793 -0.286545 2.5
      vertex -8.68329 -0.412415 2.7
      vertex -8.68329 -0.412415 2.5
    endloop
  endfacet
  facet normal 0.777737 0.62859 0
    outer loop
      vertex -8.76793 -0.286545 2.7
      vertex -8.86299 -0.16893 2.5
      vertex -8.86299 -0.16893 2.7
    endloop
  endfacet
  facet normal 0.777737 0.62859 0
    outer loop
      vertex -8.86299 -0.16893 2.5
      vertex -8.76793 -0.286545 2.7
      vertex -8.76793 -0.286545 2.5
    endloop
  endfacet
  facet normal 0.71984 0.69414 0
    outer loop
      vertex -8.86299 -0.16893 2.7
      vertex -8.96846 -0.0595551 2.5
      vertex -8.96846 -0.0595551 2.7
    endloop
  endfacet
  facet normal 0.71984 0.69414 0
    outer loop
      vertex -8.96846 -0.0595551 2.5
      vertex -8.86299 -0.16893 2.7
      vertex -8.86299 -0.16893 2.5
    endloop
  endfacet
  facet normal 0.654426 0.756126 -0
    outer loop
      vertex -8.96846 -0.0595551 2.5
      vertex -9.08704 0.0430756 2.7
      vertex -8.96846 -0.0595551 2.7
    endloop
  endfacet
  facet normal 0.654426 0.756126 0
    outer loop
      vertex -9.08704 0.0430756 2.7
      vertex -8.96846 -0.0595551 2.5
      vertex -9.08704 0.0430756 2.5
    endloop
  endfacet
  facet normal 0.586832 0.809709 -0
    outer loop
      vertex -9.08704 0.0430756 2.5
      vertex -9.22147 0.140503 2.7
      vertex -9.08704 0.0430756 2.7
    endloop
  endfacet
  facet normal 0.586832 0.809709 0
    outer loop
      vertex -9.22147 0.140503 2.7
      vertex -9.08704 0.0430756 2.5
      vertex -9.22147 0.140503 2.5
    endloop
  endfacet
  facet normal 0.523095 0.852275 -0
    outer loop
      vertex -9.22147 0.140503 2.5
      vertex -9.37173 0.232727 2.7
      vertex -9.22147 0.140503 2.7
    endloop
  endfacet
  facet normal 0.523095 0.852275 0
    outer loop
      vertex -9.37173 0.232727 2.7
      vertex -9.22147 0.140503 2.5
      vertex -9.37173 0.232727 2.5
    endloop
  endfacet
  facet normal 0.464009 0.88583 -0
    outer loop
      vertex -9.37173 0.232727 2.5
      vertex -9.53786 0.319748 2.7
      vertex -9.37173 0.232727 2.7
    endloop
  endfacet
  facet normal 0.464009 0.88583 0
    outer loop
      vertex -9.53786 0.319748 2.7
      vertex -9.37173 0.232727 2.5
      vertex -9.53786 0.319748 2.5
    endloop
  endfacet
  facet normal 0.410031 0.912072 -0
    outer loop
      vertex -9.53786 0.319748 2.5
      vertex -9.71982 0.40155 2.7
      vertex -9.53786 0.319748 2.7
    endloop
  endfacet
  facet normal 0.410031 0.912072 0
    outer loop
      vertex -9.71982 0.40155 2.7
      vertex -9.53786 0.319748 2.5
      vertex -9.71982 0.40155 2.5
    endloop
  endfacet
  facet normal 0.351188 0.936305 -0
    outer loop
      vertex -9.71982 0.40155 2.5
      vertex -9.93474 0.482162 2.7
      vertex -9.71982 0.40155 2.7
    endloop
  endfacet
  facet normal 0.351188 0.936305 0
    outer loop
      vertex -9.93474 0.482162 2.7
      vertex -9.71982 0.40155 2.5
      vertex -9.93474 0.482162 2.5
    endloop
  endfacet
  facet normal 0.300257 0.953858 -0
    outer loop
      vertex -9.93474 0.482162 2.5
      vertex -10.1998 0.565598 2.7
      vertex -9.93474 0.482162 2.7
    endloop
  endfacet
  facet normal 0.300257 0.953858 0
    outer loop
      vertex -10.1998 0.565598 2.7
      vertex -9.93474 0.482162 2.5
      vertex -10.1998 0.565598 2.5
    endloop
  endfacet
  facet normal 0.263953 0.964536 -0
    outer loop
      vertex -10.1998 0.565598 2.5
      vertex -10.515 0.651855 2.7
      vertex -10.1998 0.565598 2.7
    endloop
  endfacet
  facet normal 0.263953 0.964536 0
    outer loop
      vertex -10.515 0.651855 2.7
      vertex -10.1998 0.565598 2.5
      vertex -10.515 0.651855 2.5
    endloop
  endfacet
  facet normal 0.236915 0.97153 -0
    outer loop
      vertex -10.515 0.651855 2.5
      vertex -10.8803 0.740936 2.7
      vertex -10.515 0.651855 2.7
    endloop
  endfacet
  facet normal 0.236915 0.97153 0
    outer loop
      vertex -10.8803 0.740936 2.7
      vertex -10.515 0.651855 2.5
      vertex -10.8803 0.740936 2.5
    endloop
  endfacet
  facet normal 0.216018 0.976389 -0
    outer loop
      vertex -10.8803 0.740936 2.5
      vertex -11.2957 0.83284 2.7
      vertex -10.8803 0.740936 2.7
    endloop
  endfacet
  facet normal 0.216018 0.976389 0
    outer loop
      vertex -11.2957 0.83284 2.7
      vertex -10.8803 0.740936 2.5
      vertex -11.2957 0.83284 2.5
    endloop
  endfacet
  facet normal 0.218613 0.975812 -0
    outer loop
      vertex -11.2957 0.83284 2.5
      vertex -11.6419 0.9104 2.7
      vertex -11.2957 0.83284 2.7
    endloop
  endfacet
  facet normal 0.218613 0.975812 0
    outer loop
      vertex -11.6419 0.9104 2.7
      vertex -11.2957 0.83284 2.5
      vertex -11.6419 0.9104 2.5
    endloop
  endfacet
  facet normal 0.236693 0.971584 -0
    outer loop
      vertex -11.6419 0.9104 2.5
      vertex -11.9381 0.982559 2.7
      vertex -11.6419 0.9104 2.7
    endloop
  endfacet
  facet normal 0.236693 0.971584 0
    outer loop
      vertex -11.9381 0.982559 2.7
      vertex -11.6419 0.9104 2.5
      vertex -11.9381 0.982559 2.5
    endloop
  endfacet
  facet normal 0.261433 0.965222 -0
    outer loop
      vertex -11.9381 0.982559 2.5
      vertex -12.1844 1.04927 2.7
      vertex -11.9381 0.982559 2.7
    endloop
  endfacet
  facet normal 0.261433 0.965222 0
    outer loop
      vertex -12.1844 1.04927 2.7
      vertex -11.9381 0.982559 2.5
      vertex -12.1844 1.04927 2.5
    endloop
  endfacet
  facet normal 0.297943 0.954584 -0
    outer loop
      vertex -12.1844 1.04927 2.5
      vertex -12.3808 1.11057 2.7
      vertex -12.1844 1.04927 2.7
    endloop
  endfacet
  facet normal 0.297943 0.954584 0
    outer loop
      vertex -12.3808 1.11057 2.7
      vertex -12.1844 1.04927 2.5
      vertex -12.3808 1.11057 2.5
    endloop
  endfacet
  facet normal 0.356276 0.934381 -0
    outer loop
      vertex -12.3808 1.11057 2.5
      vertex -12.5273 1.16643 2.7
      vertex -12.3808 1.11057 2.7
    endloop
  endfacet
  facet normal 0.356276 0.934381 0
    outer loop
      vertex -12.5273 1.16643 2.7
      vertex -12.3808 1.11057 2.5
      vertex -12.5273 1.16643 2.5
    endloop
  endfacet
  facet normal 0.432858 0.901462 -0
    outer loop
      vertex -12.5273 1.16643 2.5
      vertex -12.6428 1.22189 2.7
      vertex -12.5273 1.16643 2.7
    endloop
  endfacet
  facet normal 0.432858 0.901462 0
    outer loop
      vertex -12.6428 1.22189 2.7
      vertex -12.5273 1.16643 2.5
      vertex -12.6428 1.22189 2.5
    endloop
  endfacet
  facet normal 0.501293 0.865278 -0
    outer loop
      vertex -12.6428 1.22189 2.5
      vertex -12.7464 1.28191 2.7
      vertex -12.6428 1.22189 2.7
    endloop
  endfacet
  facet normal 0.501293 0.865278 0
    outer loop
      vertex -12.7464 1.28191 2.7
      vertex -12.6428 1.22189 2.5
      vertex -12.7464 1.28191 2.5
    endloop
  endfacet
  facet normal 0.575675 0.817679 -0
    outer loop
      vertex -12.7464 1.28191 2.5
      vertex -12.8381 1.34647 2.7
      vertex -12.7464 1.28191 2.7
    endloop
  endfacet
  facet normal 0.575675 0.817679 0
    outer loop
      vertex -12.8381 1.34647 2.7
      vertex -12.7464 1.28191 2.5
      vertex -12.8381 1.34647 2.5
    endloop
  endfacet
  facet normal 0.655075 0.755564 -0
    outer loop
      vertex -12.8381 1.34647 2.5
      vertex -12.9178 1.41557 2.7
      vertex -12.8381 1.34647 2.7
    endloop
  endfacet
  facet normal 0.655075 0.755564 0
    outer loop
      vertex -12.9178 1.41557 2.7
      vertex -12.8381 1.34647 2.5
      vertex -12.9178 1.41557 2.5
    endloop
  endfacet
  facet normal 0.73527 0.677774 0
    outer loop
      vertex -12.9178 1.41557 2.7
      vertex -12.9857 1.48923 2.5
      vertex -12.9857 1.48923 2.7
    endloop
  endfacet
  facet normal 0.73527 0.677774 0
    outer loop
      vertex -12.9857 1.48923 2.5
      vertex -12.9178 1.41557 2.7
      vertex -12.9178 1.41557 2.5
    endloop
  endfacet
  facet normal 0.822155 0.569263 0
    outer loop
      vertex -12.9857 1.48923 2.7
      vertex -13.0413 1.56953 2.5
      vertex -13.0413 1.56953 2.7
    endloop
  endfacet
  facet normal 0.822155 0.569263 0
    outer loop
      vertex -13.0413 1.56953 2.5
      vertex -12.9857 1.48923 2.7
      vertex -12.9857 1.48923 2.5
    endloop
  endfacet
  facet normal 0.899205 0.437528 0
    outer loop
      vertex -13.0413 1.56953 2.7
      vertex -13.0846 1.65852 2.5
      vertex -13.0846 1.65852 2.7
    endloop
  endfacet
  facet normal 0.899205 0.437528 0
    outer loop
      vertex -13.0846 1.65852 2.5
      vertex -13.0413 1.56953 2.7
      vertex -13.0413 1.56953 2.5
    endloop
  endfacet
  facet normal 0.953432 0.301608 0
    outer loop
      vertex -13.0846 1.65852 2.7
      vertex -13.1155 1.7562 2.5
      vertex -13.1155 1.7562 2.7
    endloop
  endfacet
  facet normal 0.953432 0.301608 0
    outer loop
      vertex -13.1155 1.7562 2.5
      vertex -13.0846 1.65852 2.7
      vertex -13.0846 1.65852 2.5
    endloop
  endfacet
  facet normal 0.9852 0.171412 0
    outer loop
      vertex -13.1155 1.7562 2.7
      vertex -13.134 1.86253 2.5
      vertex -13.134 1.86253 2.7
    endloop
  endfacet
  facet normal 0.9852 0.171412 0
    outer loop
      vertex -13.134 1.86253 2.5
      vertex -13.1155 1.7562 2.7
      vertex -13.1155 1.7562 2.5
    endloop
  endfacet
  facet normal 0.99855 0.0538255 0
    outer loop
      vertex -13.134 1.86253 2.7
      vertex -13.1402 1.97755 2.5
      vertex -13.1402 1.97755 2.7
    endloop
  endfacet
  facet normal 0.99855 0.0538255 0
    outer loop
      vertex -13.1402 1.97755 2.5
      vertex -13.134 1.86253 2.7
      vertex -13.134 1.86253 2.5
    endloop
  endfacet
  facet normal 0.984681 -0.174367 0
    outer loop
      vertex -13.1402 1.97755 2.7
      vertex -13.0821 2.30565 2.5
      vertex -13.0821 2.30565 2.7
    endloop
  endfacet
  facet normal 0.984681 -0.174367 0
    outer loop
      vertex -13.0821 2.30565 2.5
      vertex -13.1402 1.97755 2.7
      vertex -13.1402 1.97755 2.5
    endloop
  endfacet
  facet normal 0.825443 -0.564486 0
    outer loop
      vertex -13.0821 2.30565 2.7
      vertex -12.9076 2.56082 2.5
      vertex -12.9076 2.56082 2.7
    endloop
  endfacet
  facet normal 0.825443 -0.564486 0
    outer loop
      vertex -12.9076 2.56082 2.5
      vertex -13.0821 2.30565 2.7
      vertex -13.0821 2.30565 2.5
    endloop
  endfacet
  facet normal 0.531088 -0.847317 0
    outer loop
      vertex -12.9076 2.56082 2.5
      vertex -12.6168 2.74309 2.7
      vertex -12.9076 2.56082 2.7
    endloop
  endfacet
  facet normal 0.531088 -0.847317 0
    outer loop
      vertex -12.6168 2.74309 2.7
      vertex -12.9076 2.56082 2.5
      vertex -12.6168 2.74309 2.5
    endloop
  endfacet
  facet normal 0.259456 -0.965755 0
    outer loop
      vertex -12.6168 2.74309 2.5
      vertex -12.2097 2.85246 2.7
      vertex -12.6168 2.74309 2.7
    endloop
  endfacet
  facet normal 0.259456 -0.965755 0
    outer loop
      vertex -12.2097 2.85246 2.7
      vertex -12.6168 2.74309 2.5
      vertex -12.2097 2.85246 2.5
    endloop
  endfacet
  facet normal 0.0694915 -0.997583 0
    outer loop
      vertex -12.2097 2.85246 2.5
      vertex -11.6863 2.88892 2.7
      vertex -12.2097 2.85246 2.7
    endloop
  endfacet
  facet normal 0.0694915 -0.997583 0
    outer loop
      vertex -11.6863 2.88892 2.7
      vertex -12.2097 2.85246 2.5
      vertex -11.6863 2.88892 2.5
    endloop
  endfacet
  facet normal -0.0383301 -0.999265 0
    outer loop
      vertex -11.6863 2.88892 2.5
      vertex -11.4256 2.87892 2.7
      vertex -11.6863 2.88892 2.7
    endloop
  endfacet
  facet normal -0.0383301 -0.999265 -0
    outer loop
      vertex -11.4256 2.87892 2.7
      vertex -11.6863 2.88892 2.5
      vertex -11.4256 2.87892 2.5
    endloop
  endfacet
  facet normal -0.126224 -0.992002 0
    outer loop
      vertex -11.4256 2.87892 2.5
      vertex -11.1903 2.84898 2.7
      vertex -11.4256 2.87892 2.7
    endloop
  endfacet
  facet normal -0.126224 -0.992002 -0
    outer loop
      vertex -11.1903 2.84898 2.7
      vertex -11.4256 2.87892 2.5
      vertex -11.1903 2.84898 2.5
    endloop
  endfacet
  facet normal -0.23127 -0.97289 0
    outer loop
      vertex -11.1903 2.84898 2.5
      vertex -10.9803 2.79906 2.7
      vertex -11.1903 2.84898 2.7
    endloop
  endfacet
  facet normal -0.23127 -0.97289 -0
    outer loop
      vertex -10.9803 2.79906 2.7
      vertex -11.1903 2.84898 2.5
      vertex -10.9803 2.79906 2.5
    endloop
  endfacet
  facet normal -0.354243 -0.935153 0
    outer loop
      vertex -10.9803 2.79906 2.5
      vertex -10.7958 2.72917 2.7
      vertex -10.9803 2.79906 2.7
    endloop
  endfacet
  facet normal -0.354243 -0.935153 -0
    outer loop
      vertex -10.7958 2.72917 2.7
      vertex -10.9803 2.79906 2.5
      vertex -10.7958 2.72917 2.5
    endloop
  endfacet
  facet normal -0.491549 -0.87085 0
    outer loop
      vertex -10.7958 2.72917 2.5
      vertex -10.6366 2.63931 2.7
      vertex -10.7958 2.72917 2.7
    endloop
  endfacet
  facet normal -0.491549 -0.87085 -0
    outer loop
      vertex -10.6366 2.63931 2.7
      vertex -10.7958 2.72917 2.5
      vertex -10.6366 2.63931 2.5
    endloop
  endfacet
  facet normal -0.625704 -0.78006 0
    outer loop
      vertex -10.6366 2.63931 2.5
      vertex -10.5 2.52974 2.7
      vertex -10.6366 2.63931 2.7
    endloop
  endfacet
  facet normal -0.625704 -0.78006 -0
    outer loop
      vertex -10.5 2.52974 2.7
      vertex -10.6366 2.63931 2.5
      vertex -10.5 2.52974 2.5
    endloop
  endfacet
  facet normal -0.74129 -0.671185 0
    outer loop
      vertex -10.3831 2.40063 2.5
      vertex -10.5 2.52974 2.7
      vertex -10.5 2.52974 2.5
    endloop
  endfacet
  facet normal -0.74129 -0.671185 0
    outer loop
      vertex -10.5 2.52974 2.7
      vertex -10.3831 2.40063 2.5
      vertex -10.3831 2.40063 2.7
    endloop
  endfacet
  facet normal -0.837213 -0.546878 0
    outer loop
      vertex -10.286 2.25198 2.5
      vertex -10.3831 2.40063 2.7
      vertex -10.3831 2.40063 2.5
    endloop
  endfacet
  facet normal -0.837213 -0.546878 0
    outer loop
      vertex -10.3831 2.40063 2.7
      vertex -10.286 2.25198 2.5
      vertex -10.286 2.25198 2.7
    endloop
  endfacet
  facet normal -0.9086 -0.417667 0
    outer loop
      vertex -10.2087 2.08382 2.5
      vertex -10.286 2.25198 2.7
      vertex -10.286 2.25198 2.5
    endloop
  endfacet
  facet normal -0.9086 -0.417667 0
    outer loop
      vertex -10.286 2.25198 2.7
      vertex -10.2087 2.08382 2.5
      vertex -10.2087 2.08382 2.7
    endloop
  endfacet
  facet normal -0.955999 -0.29337 0
    outer loop
      vertex -10.1511 1.89612 2.5
      vertex -10.2087 2.08382 2.7
      vertex -10.2087 2.08382 2.5
    endloop
  endfacet
  facet normal -0.955999 -0.29337 0
    outer loop
      vertex -10.2087 2.08382 2.7
      vertex -10.1511 1.89612 2.5
      vertex -10.1511 1.89612 2.7
    endloop
  endfacet
  facet normal 0.135118 -0.990829 0
    outer loop
      vertex -10.1511 1.89612 2.5
      vertex -8.5995 2.10771 2.7
      vertex -10.1511 1.89612 2.7
    endloop
  endfacet
  facet normal 0.135118 -0.990829 0
    outer loop
      vertex -8.5995 2.10771 2.7
      vertex -10.1511 1.89612 2.5
      vertex -8.5995 2.10771 2.5
    endloop
  endfacet
  facet normal 0.966495 0.256686 0
    outer loop
      vertex -8.5995 2.10771 2.7
      vertex -8.70226 2.49463 2.5
      vertex -8.70226 2.49463 2.7
    endloop
  endfacet
  facet normal 0.966495 0.256686 0
    outer loop
      vertex -8.70226 2.49463 2.5
      vertex -8.5995 2.10771 2.7
      vertex -8.5995 2.10771 2.5
    endloop
  endfacet
  facet normal 0.921655 0.388011 0
    outer loop
      vertex -8.70226 2.49463 2.7
      vertex -8.8456 2.83511 2.5
      vertex -8.8456 2.83511 2.7
    endloop
  endfacet
  facet normal 0.921655 0.388011 0
    outer loop
      vertex -8.8456 2.83511 2.5
      vertex -8.70226 2.49463 2.7
      vertex -8.70226 2.49463 2.5
    endloop
  endfacet
  facet normal 0.847823 0.530279 0
    outer loop
      vertex -8.8456 2.83511 2.7
      vertex -9.02951 3.12915 2.5
      vertex -9.02951 3.12915 2.7
    endloop
  endfacet
  facet normal 0.847823 0.530279 0
    outer loop
      vertex -9.02951 3.12915 2.5
      vertex -8.8456 2.83511 2.7
      vertex -8.8456 2.83511 2.5
    endloop
  endfacet
  facet normal 0.740779 0.671749 0
    outer loop
      vertex -9.02951 3.12915 2.7
      vertex -9.25401 3.37672 2.5
      vertex -9.25401 3.37672 2.7
    endloop
  endfacet
  facet normal 0.740779 0.671749 0
    outer loop
      vertex -9.25401 3.37672 2.5
      vertex -9.02951 3.12915 2.7
      vertex -9.02951 3.12915 2.5
    endloop
  endfacet
  facet normal 0.604477 0.796623 -0
    outer loop
      vertex -9.25401 3.37672 2.5
      vertex -9.5191 3.57787 2.7
      vertex -9.25401 3.37672 2.7
    endloop
  endfacet
  facet normal 0.604477 0.796623 0
    outer loop
      vertex -9.5191 3.57787 2.7
      vertex -9.25401 3.37672 2.5
      vertex -9.5191 3.57787 2.5
    endloop
  endfacet
  facet normal 0.454739 0.890625 -0
    outer loop
      vertex -9.5191 3.57787 2.5
      vertex -9.83276 3.73802 2.7
      vertex -9.5191 3.57787 2.7
    endloop
  endfacet
  facet normal 0.454739 0.890625 0
    outer loop
      vertex -9.83276 3.73802 2.7
      vertex -9.5191 3.57787 2.5
      vertex -9.83276 3.73802 2.5
    endloop
  endfacet
  facet normal 0.318814 0.947817 -0
    outer loop
      vertex -9.83276 3.73802 2.5
      vertex -10.2031 3.86259 2.7
      vertex -9.83276 3.73802 2.7
    endloop
  endfacet
  facet normal 0.318814 0.947817 0
    outer loop
      vertex -10.2031 3.86259 2.7
      vertex -9.83276 3.73802 2.5
      vertex -10.2031 3.86259 2.5
    endloop
  endfacet
  facet normal 0.204048 0.978961 -0
    outer loop
      vertex -10.2031 3.86259 2.5
      vertex -10.63 3.95157 2.7
      vertex -10.2031 3.86259 2.7
    endloop
  endfacet
  facet normal 0.204048 0.978961 0
    outer loop
      vertex -10.63 3.95157 2.7
      vertex -10.2031 3.86259 2.5
      vertex -10.63 3.95157 2.5
    endloop
  endfacet
  facet normal 0.109734 0.993961 -0
    outer loop
      vertex -10.63 3.95157 2.5
      vertex -11.1136 4.00496 2.7
      vertex -10.63 3.95157 2.7
    endloop
  endfacet
  facet normal 0.109734 0.993961 0
    outer loop
      vertex -11.1136 4.00496 2.7
      vertex -10.63 3.95157 2.5
      vertex -11.1136 4.00496 2.5
    endloop
  endfacet
  facet normal 0.0329144 0.999458 -0
    outer loop
      vertex -11.1136 4.00496 2.5
      vertex -11.6538 4.02275 2.7
      vertex -11.1136 4.00496 2.7
    endloop
  endfacet
  facet normal 0.0329144 0.999458 0
    outer loop
      vertex -11.6538 4.02275 2.7
      vertex -11.1136 4.00496 2.5
      vertex -11.6538 4.02275 2.5
    endloop
  endfacet
  facet normal -0.0388546 0.999245 0
    outer loop
      vertex -11.6538 4.02275 2.5
      vertex -12.2201 4.00073 2.7
      vertex -11.6538 4.02275 2.7
    endloop
  endfacet
  facet normal -0.0388546 0.999245 0
    outer loop
      vertex -12.2201 4.00073 2.7
      vertex -11.6538 4.02275 2.5
      vertex -12.2201 4.00073 2.5
    endloop
  endfacet
  facet normal -0.128594 0.991697 0
    outer loop
      vertex -12.2201 4.00073 2.5
      vertex -12.7297 3.93465 2.7
      vertex -12.2201 4.00073 2.7
    endloop
  endfacet
  facet normal -0.128594 0.991697 0
    outer loop
      vertex -12.7297 3.93465 2.7
      vertex -12.2201 4.00073 2.5
      vertex -12.7297 3.93465 2.5
    endloop
  endfacet
  facet normal -0.236281 0.971685 0
    outer loop
      vertex -12.7297 3.93465 2.5
      vertex -13.1826 3.82452 2.7
      vertex -12.7297 3.93465 2.7
    endloop
  endfacet
  facet normal -0.236281 0.971685 0
    outer loop
      vertex -13.1826 3.82452 2.7
      vertex -12.7297 3.93465 2.5
      vertex -13.1826 3.82452 2.5
    endloop
  endfacet
  facet normal -0.362476 0.931993 0
    outer loop
      vertex -13.1826 3.82452 2.5
      vertex -13.579 3.67035 2.7
      vertex -13.1826 3.82452 2.7
    endloop
  endfacet
  facet normal -0.362476 0.931993 0
    outer loop
      vertex -13.579 3.67035 2.7
      vertex -13.1826 3.82452 2.5
      vertex -13.579 3.67035 2.5
    endloop
  endfacet
  facet normal -0.504026 0.863689 0
    outer loop
      vertex -13.579 3.67035 2.5
      vertex -13.9187 3.47211 2.7
      vertex -13.579 3.67035 2.7
    endloop
  endfacet
  facet normal -0.504026 0.863689 0
    outer loop
      vertex -13.9187 3.47211 2.7
      vertex -13.579 3.67035 2.5
      vertex -13.9187 3.47211 2.5
    endloop
  endfacet
  facet normal -0.649873 0.760043 0
    outer loop
      vertex -13.9187 3.47211 2.5
      vertex -14.199 3.23244 2.7
      vertex -13.9187 3.47211 2.7
    endloop
  endfacet
  facet normal -0.649873 0.760043 0
    outer loop
      vertex -14.199 3.23244 2.7
      vertex -13.9187 3.47211 2.5
      vertex -14.199 3.23244 2.5
    endloop
  endfacet
  facet normal -0.787604 0.616182 0
    outer loop
      vertex -14.4169 2.95392 2.5
      vertex -14.199 3.23244 2.7
      vertex -14.199 3.23244 2.5
    endloop
  endfacet
  facet normal -0.787604 0.616182 0
    outer loop
      vertex -14.199 3.23244 2.7
      vertex -14.4169 2.95392 2.5
      vertex -14.4169 2.95392 2.7
    endloop
  endfacet
  facet normal -0.897779 0.440446 0
    outer loop
      vertex -14.5726 2.63655 2.5
      vertex -14.4169 2.95392 2.7
      vertex -14.4169 2.95392 2.5
    endloop
  endfacet
  facet normal -0.897779 0.440446 0
    outer loop
      vertex -14.4169 2.95392 2.7
      vertex -14.5726 2.63655 2.5
      vertex -14.5726 2.63655 2.7
    endloop
  endfacet
  facet normal -0.967299 0.253638 0
    outer loop
      vertex -14.666 2.28035 2.5
      vertex -14.5726 2.63655 2.7
      vertex -14.5726 2.63655 2.5
    endloop
  endfacet
  facet normal -0.967299 0.253638 0
    outer loop
      vertex -14.5726 2.63655 2.7
      vertex -14.666 2.28035 2.5
      vertex -14.666 2.28035 2.7
    endloop
  endfacet
  facet normal -0.996896 0.0787342 0
    outer loop
      vertex -14.6972 1.88531 2.5
      vertex -14.666 2.28035 2.7
      vertex -14.666 2.28035 2.5
    endloop
  endfacet
  facet normal -0.996896 0.0787342 0
    outer loop
      vertex -14.666 2.28035 2.7
      vertex -14.6972 1.88531 2.5
      vertex -14.6972 1.88531 2.7
    endloop
  endfacet
  facet normal -0.999635 -0.0270256 0
    outer loop
      vertex -14.6929 1.72626 2.5
      vertex -14.6972 1.88531 2.7
      vertex -14.6972 1.88531 2.5
    endloop
  endfacet
  facet normal -0.999635 -0.0270256 0
    outer loop
      vertex -14.6972 1.88531 2.7
      vertex -14.6929 1.72626 2.5
      vertex -14.6929 1.72626 2.7
    endloop
  endfacet
  facet normal -0.996568 -0.0827791 0
    outer loop
      vertex -14.6803 1.57457 2.5
      vertex -14.6929 1.72626 2.7
      vertex -14.6929 1.72626 2.5
    endloop
  endfacet
  facet normal -0.996568 -0.0827791 0
    outer loop
      vertex -14.6929 1.72626 2.7
      vertex -14.6803 1.57457 2.5
      vertex -14.6803 1.57457 2.7
    endloop
  endfacet
  facet normal -0.989379 -0.145356 0
    outer loop
      vertex -14.6591 1.43027 2.5
      vertex -14.6803 1.57457 2.7
      vertex -14.6803 1.57457 2.5
    endloop
  endfacet
  facet normal -0.989379 -0.145356 0
    outer loop
      vertex -14.6803 1.57457 2.7
      vertex -14.6591 1.43027 2.5
      vertex -14.6591 1.43027 2.7
    endloop
  endfacet
  facet normal -0.977427 -0.211274 0
    outer loop
      vertex -14.6295 1.29333 2.5
      vertex -14.6591 1.43027 2.7
      vertex -14.6591 1.43027 2.5
    endloop
  endfacet
  facet normal -0.977427 -0.211274 0
    outer loop
      vertex -14.6591 1.43027 2.7
      vertex -14.6295 1.29333 2.5
      vertex -14.6295 1.29333 2.7
    endloop
  endfacet
  facet normal -0.959366 -0.282166 0
    outer loop
      vertex -14.5914 1.16379 2.5
      vertex -14.6295 1.29333 2.7
      vertex -14.6295 1.29333 2.5
    endloop
  endfacet
  facet normal -0.959366 -0.282166 0
    outer loop
      vertex -14.6295 1.29333 2.7
      vertex -14.5914 1.16379 2.5
      vertex -14.5914 1.16379 2.7
    endloop
  endfacet
  facet normal -0.937278 -0.348584 0
    outer loop
      vertex -14.5458 1.04118 2.5
      vertex -14.5914 1.16379 2.7
      vertex -14.5914 1.16379 2.5
    endloop
  endfacet
  facet normal -0.937278 -0.348584 0
    outer loop
      vertex -14.5914 1.16379 2.7
      vertex -14.5458 1.04118 2.5
      vertex -14.5458 1.04118 2.7
    endloop
  endfacet
  facet normal -0.911446 -0.411421 0
    outer loop
      vertex -14.4934 0.925095 2.5
      vertex -14.5458 1.04118 2.7
      vertex -14.5458 1.04118 2.5
    endloop
  endfacet
  facet normal -0.911446 -0.411421 0
    outer loop
      vertex -14.5458 1.04118 2.7
      vertex -14.4934 0.925095 2.5
      vertex -14.4934 0.925095 2.7
    endloop
  endfacet
  facet normal -0.879805 -0.475336 0
    outer loop
      vertex -14.4342 0.815521 2.5
      vertex -14.4934 0.925095 2.7
      vertex -14.4934 0.925095 2.5
    endloop
  endfacet
  facet normal -0.879805 -0.475336 0
    outer loop
      vertex -14.4934 0.925095 2.7
      vertex -14.4342 0.815521 2.5
      vertex -14.4342 0.815521 2.7
    endloop
  endfacet
  facet normal -0.842925 -0.538031 0
    outer loop
      vertex -14.3684 0.712433 2.5
      vertex -14.4342 0.815521 2.7
      vertex -14.4342 0.815521 2.5
    endloop
  endfacet
  facet normal -0.842925 -0.538031 0
    outer loop
      vertex -14.4342 0.815521 2.7
      vertex -14.3684 0.712433 2.5
      vertex -14.3684 0.712433 2.7
    endloop
  endfacet
  facet normal -0.799278 -0.600961 0
    outer loop
      vertex -14.2958 0.615875 2.5
      vertex -14.3684 0.712433 2.7
      vertex -14.3684 0.712433 2.5
    endloop
  endfacet
  facet normal -0.799278 -0.600961 0
    outer loop
      vertex -14.3684 0.712433 2.7
      vertex -14.2958 0.615875 2.5
      vertex -14.2958 0.615875 2.7
    endloop
  endfacet
  facet normal -0.752907 -0.658127 0
    outer loop
      vertex -14.2166 0.525269 2.5
      vertex -14.2958 0.615875 2.7
      vertex -14.2958 0.615875 2.5
    endloop
  endfacet
  facet normal -0.752907 -0.658127 0
    outer loop
      vertex -14.2958 0.615875 2.7
      vertex -14.2166 0.525269 2.5
      vertex -14.2166 0.525269 2.7
    endloop
  endfacet
  facet normal -0.704931 -0.709276 0
    outer loop
      vertex -14.2166 0.525269 2.5
      vertex -14.1309 0.440094 2.7
      vertex -14.2166 0.525269 2.7
    endloop
  endfacet
  facet normal -0.704931 -0.709276 -0
    outer loop
      vertex -14.1309 0.440094 2.7
      vertex -14.2166 0.525269 2.5
      vertex -14.1309 0.440094 2.5
    endloop
  endfacet
  facet normal -0.654234 -0.756292 0
    outer loop
      vertex -14.1309 0.440094 2.5
      vertex -14.0387 0.360336 2.7
      vertex -14.1309 0.440094 2.7
    endloop
  endfacet
  facet normal -0.654234 -0.756292 -0
    outer loop
      vertex -14.0387 0.360336 2.7
      vertex -14.1309 0.440094 2.5
      vertex -14.0387 0.360336 2.5
    endloop
  endfacet
  facet normal -0.601247 -0.799063 0
    outer loop
      vertex -14.0387 0.360336 2.5
      vertex -13.9399 0.285995 2.7
      vertex -14.0387 0.360336 2.7
    endloop
  endfacet
  facet normal -0.601247 -0.799063 -0
    outer loop
      vertex -13.9399 0.285995 2.7
      vertex -14.0387 0.360336 2.5
      vertex -13.9399 0.285995 2.5
    endloop
  endfacet
  facet normal -0.54802 -0.836465 0
    outer loop
      vertex -13.9399 0.285995 2.5
      vertex -13.8347 0.217072 2.7
      vertex -13.9399 0.285995 2.7
    endloop
  endfacet
  facet normal -0.54802 -0.836465 -0
    outer loop
      vertex -13.8347 0.217072 2.7
      vertex -13.9399 0.285995 2.5
      vertex -13.8347 0.217072 2.5
    endloop
  endfacet
  facet normal -0.501718 -0.865031 0
    outer loop
      vertex -13.8347 0.217072 2.5
      vertex -13.7236 0.152634 2.7
      vertex -13.8347 0.217072 2.7
    endloop
  endfacet
  facet normal -0.501718 -0.865031 -0
    outer loop
      vertex -13.7236 0.152634 2.7
      vertex -13.8347 0.217072 2.5
      vertex -13.7236 0.152634 2.5
    endloop
  endfacet
  facet normal -0.464338 -0.885658 0
    outer loop
      vertex -13.7236 0.152634 2.5
      vertex -13.6073 0.0916595 2.7
      vertex -13.7236 0.152634 2.7
    endloop
  endfacet
  facet normal -0.464338 -0.885658 -0
    outer loop
      vertex -13.6073 0.0916595 2.7
      vertex -13.7236 0.152634 2.5
      vertex -13.6073 0.0916595 2.5
    endloop
  endfacet
  facet normal -0.427542 -0.903996 0
    outer loop
      vertex -13.6073 0.0916595 2.5
      vertex -13.4857 0.0341492 2.7
      vertex -13.6073 0.0916595 2.7
    endloop
  endfacet
  facet normal -0.427542 -0.903996 -0
    outer loop
      vertex -13.4857 0.0341492 2.7
      vertex -13.6073 0.0916595 2.5
      vertex -13.4857 0.0341492 2.5
    endloop
  endfacet
  facet normal -0.392177 -0.91989 0
    outer loop
      vertex -13.4857 0.0341492 2.5
      vertex -13.359 -0.0198669 2.7
      vertex -13.4857 0.0341492 2.7
    endloop
  endfacet
  facet normal -0.392177 -0.91989 -0
    outer loop
      vertex -13.359 -0.0198669 2.7
      vertex -13.4857 0.0341492 2.5
      vertex -13.359 -0.0198669 2.5
    endloop
  endfacet
  facet normal -0.357973 -0.933732 0
    outer loop
      vertex -13.359 -0.0198669 2.5
      vertex -13.2271 -0.0704346 2.7
      vertex -13.359 -0.0198669 2.7
    endloop
  endfacet
  facet normal -0.357973 -0.933732 -0
    outer loop
      vertex -13.2271 -0.0704346 2.7
      vertex -13.359 -0.0198669 2.5
      vertex -13.2271 -0.0704346 2.5
    endloop
  endfacet
  facet normal -0.316999 -0.948426 0
    outer loop
      vertex -13.2271 -0.0704346 2.5
      vertex -13.0717 -0.122375 2.7
      vertex -13.2271 -0.0704346 2.7
    endloop
  endfacet
  facet normal -0.316999 -0.948426 -0
    outer loop
      vertex -13.0717 -0.122375 2.7
      vertex -13.2271 -0.0704346 2.5
      vertex -13.0717 -0.122375 2.5
    endloop
  endfacet
  facet normal -0.283458 -0.958985 0
    outer loop
      vertex -13.0717 -0.122375 2.5
      vertex -12.8746 -0.180634 2.7
      vertex -13.0717 -0.122375 2.7
    endloop
  endfacet
  facet normal -0.283458 -0.958985 -0
    outer loop
      vertex -12.8746 -0.180634 2.7
      vertex -13.0717 -0.122375 2.5
      vertex -12.8746 -0.180634 2.5
    endloop
  endfacet
  facet normal -0.261024 -0.965332 0
    outer loop
      vertex -12.8746 -0.180634 2.5
      vertex -12.6359 -0.245178 2.7
      vertex -12.8746 -0.180634 2.7
    endloop
  endfacet
  facet normal -0.261024 -0.965332 -0
    outer loop
      vertex -12.6359 -0.245178 2.7
      vertex -12.8746 -0.180634 2.5
      vertex -12.6359 -0.245178 2.5
    endloop
  endfacet
  facet normal -0.244917 -0.969544 0
    outer loop
      vertex -12.6359 -0.245178 2.5
      vertex -12.3555 -0.31601 2.7
      vertex -12.6359 -0.245178 2.7
    endloop
  endfacet
  facet normal -0.244917 -0.969544 -0
    outer loop
      vertex -12.3555 -0.31601 2.7
      vertex -12.6359 -0.245178 2.5
      vertex -12.3555 -0.31601 2.5
    endloop
  endfacet
  facet normal -0.232996 -0.972478 0
    outer loop
      vertex -12.3555 -0.31601 2.5
      vertex -12.0335 -0.393158 2.7
      vertex -12.3555 -0.31601 2.7
    endloop
  endfacet
  facet normal -0.232996 -0.972478 -0
    outer loop
      vertex -12.0335 -0.393158 2.7
      vertex -12.3555 -0.31601 2.5
      vertex -12.0335 -0.393158 2.5
    endloop
  endfacet
  facet normal -0.205348 -0.978689 0
    outer loop
      vertex -12.0335 -0.393158 2.5
      vertex -11.6621 -0.471085 2.7
      vertex -12.0335 -0.393158 2.7
    endloop
  endfacet
  facet normal -0.205348 -0.978689 -0
    outer loop
      vertex -11.6621 -0.471085 2.7
      vertex -12.0335 -0.393158 2.5
      vertex -11.6621 -0.471085 2.5
    endloop
  endfacet
  facet normal -0.222912 -0.974839 0
    outer loop
      vertex -11.6621 -0.471085 2.5
      vertex -11.3422 -0.544235 2.7
      vertex -11.6621 -0.471085 2.7
    endloop
  endfacet
  facet normal -0.222912 -0.974839 -0
    outer loop
      vertex -11.3422 -0.544235 2.7
      vertex -11.6621 -0.471085 2.5
      vertex -11.3422 -0.544235 2.5
    endloop
  endfacet
  facet normal -0.246729 -0.969085 0
    outer loop
      vertex -11.3422 -0.544235 2.5
      vertex -11.0737 -0.612595 2.7
      vertex -11.3422 -0.544235 2.7
    endloop
  endfacet
  facet normal -0.246729 -0.969085 -0
    outer loop
      vertex -11.0737 -0.612595 2.7
      vertex -11.3422 -0.544235 2.5
      vertex -11.0737 -0.612595 2.5
    endloop
  endfacet
  facet normal -0.28101 -0.959705 0
    outer loop
      vertex -11.0737 -0.612595 2.5
      vertex -10.8565 -0.676193 2.7
      vertex -11.0737 -0.612595 2.7
    endloop
  endfacet
  facet normal -0.28101 -0.959705 -0
    outer loop
      vertex -10.8565 -0.676193 2.7
      vertex -11.0737 -0.612595 2.5
      vertex -10.8565 -0.676193 2.5
    endloop
  endfacet
  facet normal -0.334565 -0.942373 0
    outer loop
      vertex -10.8565 -0.676193 2.5
      vertex -10.6909 -0.734985 2.7
      vertex -10.8565 -0.676193 2.7
    endloop
  endfacet
  facet normal -0.334565 -0.942373 -0
    outer loop
      vertex -10.6909 -0.734985 2.7
      vertex -10.8565 -0.676193 2.5
      vertex -10.6909 -0.734985 2.5
    endloop
  endfacet
  facet normal -0.405155 -0.914248 0
    outer loop
      vertex -10.6909 -0.734985 2.5
      vertex -10.5572 -0.794235 2.7
      vertex -10.6909 -0.734985 2.7
    endloop
  endfacet
  facet normal -0.405155 -0.914248 -0
    outer loop
      vertex -10.5572 -0.794235 2.7
      vertex -10.6909 -0.734985 2.5
      vertex -10.5572 -0.794235 2.5
    endloop
  endfacet
  facet normal -0.472255 -0.881462 0
    outer loop
      vertex -10.5572 -0.794235 2.5
      vertex -10.4361 -0.859116 2.7
      vertex -10.5572 -0.794235 2.7
    endloop
  endfacet
  facet normal -0.472255 -0.881462 -0
    outer loop
      vertex -10.4361 -0.859116 2.7
      vertex -10.5572 -0.794235 2.5
      vertex -10.4361 -0.859116 2.5
    endloop
  endfacet
  facet normal -0.544994 -0.83844 0
    outer loop
      vertex -10.4361 -0.859116 2.5
      vertex -10.3276 -0.929642 2.7
      vertex -10.4361 -0.859116 2.7
    endloop
  endfacet
  facet normal -0.544994 -0.83844 -0
    outer loop
      vertex -10.3276 -0.929642 2.7
      vertex -10.4361 -0.859116 2.5
      vertex -10.3276 -0.929642 2.5
    endloop
  endfacet
  facet normal -0.621943 -0.783063 0
    outer loop
      vertex -10.3276 -0.929642 2.5
      vertex -10.2317 -1.00581 2.7
      vertex -10.3276 -0.929642 2.7
    endloop
  endfacet
  facet normal -0.621943 -0.783063 -0
    outer loop
      vertex -10.2317 -1.00581 2.7
      vertex -10.3276 -0.929642 2.5
      vertex -10.2317 -1.00581 2.5
    endloop
  endfacet
  facet normal -0.700741 -0.713416 0
    outer loop
      vertex -10.2317 -1.00581 2.5
      vertex -10.1484 -1.08763 2.7
      vertex -10.2317 -1.00581 2.7
    endloop
  endfacet
  facet normal -0.700741 -0.713416 -0
    outer loop
      vertex -10.1484 -1.08763 2.7
      vertex -10.2317 -1.00581 2.5
      vertex -10.1484 -1.08763 2.5
    endloop
  endfacet
  facet normal -0.789157 -0.614192 0
    outer loop
      vertex -10.079 -1.1768 2.5
      vertex -10.1484 -1.08763 2.7
      vertex -10.1484 -1.08763 2.5
    endloop
  endfacet
  facet normal -0.789157 -0.614192 0
    outer loop
      vertex -10.1484 -1.08763 2.7
      vertex -10.079 -1.1768 2.5
      vertex -10.079 -1.1768 2.7
    endloop
  endfacet
  facet normal -0.876816 -0.480826 0
    outer loop
      vertex -10.0251 -1.27509 2.5
      vertex -10.079 -1.1768 2.7
      vertex -10.079 -1.1768 2.5
    endloop
  endfacet
  facet normal -0.876816 -0.480826 0
    outer loop
      vertex -10.079 -1.1768 2.7
      vertex -10.0251 -1.27509 2.5
      vertex -10.0251 -1.27509 2.7
    endloop
  endfacet
  facet normal -0.941261 -0.33768 0
    outer loop
      vertex -9.98657 -1.38249 2.5
      vertex -10.0251 -1.27509 2.7
      vertex -10.0251 -1.27509 2.5
    endloop
  endfacet
  facet normal -0.941261 -0.33768 0
    outer loop
      vertex -10.0251 -1.27509 2.7
      vertex -9.98657 -1.38249 2.5
      vertex -9.98657 -1.38249 2.7
    endloop
  endfacet
  facet normal -0.980897 -0.194529 0
    outer loop
      vertex -9.96346 -1.49902 2.5
      vertex -9.98657 -1.38249 2.7
      vertex -9.98657 -1.38249 2.5
    endloop
  endfacet
  facet normal -0.980897 -0.194529 0
    outer loop
      vertex -9.98657 -1.38249 2.7
      vertex -9.96346 -1.49902 2.5
      vertex -9.96346 -1.49902 2.7
    endloop
  endfacet
  facet normal -0.998123 -0.0612409 0
    outer loop
      vertex -9.95575 -1.62468 2.5
      vertex -9.96346 -1.49902 2.7
      vertex -9.96346 -1.49902 2.5
    endloop
  endfacet
  facet normal -0.998123 -0.0612409 0
    outer loop
      vertex -9.96346 -1.49902 2.7
      vertex -9.95575 -1.62468 2.5
      vertex -9.95575 -1.62468 2.7
    endloop
  endfacet
  facet normal -0.983731 0.179647 0
    outer loop
      vertex -10.0228 -1.99184 2.5
      vertex -9.95575 -1.62468 2.7
      vertex -9.95575 -1.62468 2.5
    endloop
  endfacet
  facet normal -0.983731 0.179647 0
    outer loop
      vertex -9.95575 -1.62468 2.7
      vertex -10.0228 -1.99184 2.5
      vertex -10.0228 -1.99184 2.7
    endloop
  endfacet
  facet normal -0.817488 0.575946 0
    outer loop
      vertex -10.224 -2.27742 2.5
      vertex -10.0228 -1.99184 2.7
      vertex -10.0228 -1.99184 2.5
    endloop
  endfacet
  facet normal -0.817488 0.575946 0
    outer loop
      vertex -10.0228 -1.99184 2.7
      vertex -10.224 -2.27742 2.5
      vertex -10.224 -2.27742 2.7
    endloop
  endfacet
  facet normal -0.519845 0.854261 0
    outer loop
      vertex -10.224 -2.27742 2.5
      vertex -10.5592 -2.4814 2.7
      vertex -10.224 -2.27742 2.7
    endloop
  endfacet
  facet normal -0.519845 0.854261 0
    outer loop
      vertex -10.5592 -2.4814 2.7
      vertex -10.224 -2.27742 2.5
      vertex -10.5592 -2.4814 2.5
    endloop
  endfacet
  facet normal -0.252302 0.967649 0
    outer loop
      vertex -10.5592 -2.4814 2.5
      vertex -11.0286 -2.60379 2.7
      vertex -10.5592 -2.4814 2.7
    endloop
  endfacet
  facet normal -0.252302 0.967649 0
    outer loop
      vertex -11.0286 -2.60379 2.7
      vertex -10.5592 -2.4814 2.5
      vertex -11.0286 -2.60379 2.5
    endloop
  endfacet
  facet normal -0.0674517 0.997723 0
    outer loop
      vertex -11.0286 -2.60379 2.5
      vertex -11.6321 -2.64459 2.7
      vertex -11.0286 -2.60379 2.7
    endloop
  endfacet
  facet normal -0.0674517 0.997723 0
    outer loop
      vertex -11.6321 -2.64459 2.7
      vertex -11.0286 -2.60379 2.5
      vertex -11.6321 -2.64459 2.5
    endloop
  endfacet
  facet normal 0.0353918 0.999374 -0
    outer loop
      vertex -11.6321 -2.64459 2.5
      vertex -11.9413 -2.63364 2.7
      vertex -11.6321 -2.64459 2.7
    endloop
  endfacet
  facet normal 0.0353918 0.999374 0
    outer loop
      vertex -11.9413 -2.63364 2.7
      vertex -11.6321 -2.64459 2.5
      vertex -11.9413 -2.63364 2.5
    endloop
  endfacet
  facet normal 0.116183 0.993228 -0
    outer loop
      vertex -11.9413 -2.63364 2.5
      vertex -12.2223 -2.60077 2.7
      vertex -11.9413 -2.63364 2.7
    endloop
  endfacet
  facet normal 0.116183 0.993228 0
    outer loop
      vertex -12.2223 -2.60077 2.7
      vertex -11.9413 -2.63364 2.5
      vertex -12.2223 -2.60077 2.5
    endloop
  endfacet
  facet normal 0.211852 0.977302 -0
    outer loop
      vertex -12.2223 -2.60077 2.5
      vertex -12.4751 -2.54597 2.7
      vertex -12.2223 -2.60077 2.7
    endloop
  endfacet
  facet normal 0.211852 0.977302 0
    outer loop
      vertex -12.4751 -2.54597 2.7
      vertex -12.2223 -2.60077 2.5
      vertex -12.4751 -2.54597 2.5
    endloop
  endfacet
  facet normal 0.323134 0.946353 -0
    outer loop
      vertex -12.4751 -2.54597 2.5
      vertex -12.6997 -2.46928 2.7
      vertex -12.4751 -2.54597 2.7
    endloop
  endfacet
  facet normal 0.323134 0.946353 0
    outer loop
      vertex -12.6997 -2.46928 2.7
      vertex -12.4751 -2.54597 2.5
      vertex -12.6997 -2.46928 2.5
    endloop
  endfacet
  facet normal 0.448705 0.89368 -0
    outer loop
      vertex -12.6997 -2.46928 2.5
      vertex -12.8961 -2.37067 2.7
      vertex -12.6997 -2.46928 2.7
    endloop
  endfacet
  facet normal 0.448705 0.89368 0
    outer loop
      vertex -12.8961 -2.37067 2.7
      vertex -12.6997 -2.46928 2.5
      vertex -12.8961 -2.37067 2.5
    endloop
  endfacet
  facet normal 0.585094 0.810965 -0
    outer loop
      vertex -12.8961 -2.37067 2.5
      vertex -13.0665 -2.24773 2.7
      vertex -12.8961 -2.37067 2.7
    endloop
  endfacet
  facet normal 0.585094 0.810965 0
    outer loop
      vertex -13.0665 -2.24773 2.7
      vertex -12.8961 -2.37067 2.5
      vertex -13.0665 -2.24773 2.5
    endloop
  endfacet
  facet normal 0.71478 0.69935 0
    outer loop
      vertex -13.0665 -2.24773 2.7
      vertex -13.2129 -2.0981 2.5
      vertex -13.2129 -2.0981 2.7
    endloop
  endfacet
  facet normal 0.71478 0.69935 0
    outer loop
      vertex -13.2129 -2.0981 2.5
      vertex -13.0665 -2.24773 2.7
      vertex -13.0665 -2.24773 2.5
    endloop
  endfacet
  facet normal 0.82103 0.570884 0
    outer loop
      vertex -13.2129 -2.0981 2.7
      vertex -13.3355 -1.92178 2.5
      vertex -13.3355 -1.92178 2.7
    endloop
  endfacet
  facet normal 0.82103 0.570884 0
    outer loop
      vertex -13.3355 -1.92178 2.5
      vertex -13.2129 -2.0981 2.7
      vertex -13.2129 -2.0981 2.5
    endloop
  endfacet
  facet normal 0.899342 0.437245 0
    outer loop
      vertex -13.3355 -1.92178 2.7
      vertex -13.4342 -1.71877 2.5
      vertex -13.4342 -1.71877 2.7
    endloop
  endfacet
  facet normal 0.899342 0.437245 0
    outer loop
      vertex -13.4342 -1.71877 2.5
      vertex -13.3355 -1.92178 2.7
      vertex -13.3355 -1.92178 2.5
    endloop
  endfacet
  facet normal 0.950732 0.310012 0
    outer loop
      vertex -13.4342 -1.71877 2.7
      vertex -13.5091 -1.48907 2.5
      vertex -13.5091 -1.48907 2.7
    endloop
  endfacet
  facet normal 0.950732 0.310012 0
    outer loop
      vertex -13.5091 -1.48907 2.5
      vertex -13.4342 -1.71877 2.7
      vertex -13.4342 -1.71877 2.5
    endloop
  endfacet
  facet normal -0.162698 0.986676 0
    outer loop
      vertex -13.5091 -1.48907 2.5
      vertex -15.0553 -1.74403 2.7
      vertex -13.5091 -1.48907 2.7
    endloop
  endfacet
  facet normal -0.162698 0.986676 0
    outer loop
      vertex -15.0553 -1.74403 2.7
      vertex -13.5091 -1.48907 2.5
      vertex -15.0553 -1.74403 2.5
    endloop
  endfacet
  facet normal -0.958544 -0.284943 0
    outer loop
      vertex -14.9359 -2.14569 2.5
      vertex -15.0553 -1.74403 2.7
      vertex -15.0553 -1.74403 2.5
    endloop
  endfacet
  facet normal -0.958544 -0.284943 0
    outer loop
      vertex -15.0553 -1.74403 2.7
      vertex -14.9359 -2.14569 2.5
      vertex -14.9359 -2.14569 2.7
    endloop
  endfacet
  facet normal -0.906462 -0.422286 0
    outer loop
      vertex -14.7688 -2.50438 2.5
      vertex -14.9359 -2.14569 2.7
      vertex -14.9359 -2.14569 2.5
    endloop
  endfacet
  facet normal -0.906462 -0.422286 0
    outer loop
      vertex -14.9359 -2.14569 2.7
      vertex -14.7688 -2.50438 2.5
      vertex -14.7688 -2.50438 2.7
    endloop
  endfacet
  facet normal -0.826792 -0.562508 0
    outer loop
      vertex -14.554 -2.8201 2.5
      vertex -14.7688 -2.50438 2.7
      vertex -14.7688 -2.50438 2.5
    endloop
  endfacet
  facet normal -0.826792 -0.562508 0
    outer loop
      vertex -14.7688 -2.50438 2.7
      vertex -14.554 -2.8201 2.5
      vertex -14.554 -2.8201 2.7
    endloop
  endfacet
  facet normal -0.720396 -0.693563 0
    outer loop
      vertex -14.2914 -3.09286 2.5
      vertex -14.554 -2.8201 2.7
      vertex -14.554 -2.8201 2.5
    endloop
  endfacet
  facet normal -0.720396 -0.693563 0
    outer loop
      vertex -14.554 -2.8201 2.7
      vertex -14.2914 -3.09286 2.5
      vertex -14.2914 -3.09286 2.7
    endloop
  endfacet
  facet normal -0.595174 -0.803597 0
    outer loop
      vertex -14.2914 -3.09286 2.5
      vertex -13.9811 -3.32268 2.7
      vertex -14.2914 -3.09286 2.7
    endloop
  endfacet
  facet normal -0.595174 -0.803597 -0
    outer loop
      vertex -13.9811 -3.32268 2.7
      vertex -14.2914 -3.09286 2.5
      vertex -13.9811 -3.32268 2.5
    endloop
  endfacet
  facet normal -0.4623 -0.886724 0
    outer loop
      vertex -13.9811 -3.32268 2.5
      vertex -13.6215 -3.51016 2.7
      vertex -13.9811 -3.32268 2.7
    endloop
  endfacet
  facet normal -0.4623 -0.886724 -0
    outer loop
      vertex -13.6215 -3.51016 2.7
      vertex -13.9811 -3.32268 2.5
      vertex -13.6215 -3.51016 2.5
    endloop
  endfacet
  facet normal -0.334899 -0.942254 0
    outer loop
      vertex -13.6215 -3.51016 2.5
      vertex -13.2112 -3.65599 2.7
      vertex -13.6215 -3.51016 2.7
    endloop
  endfacet
  facet normal -0.334899 -0.942254 -0
    outer loop
      vertex -13.2112 -3.65599 2.7
      vertex -13.6215 -3.51016 2.5
      vertex -13.2112 -3.65599 2.5
    endloop
  endfacet
  facet normal -0.220343 -0.975423 0
    outer loop
      vertex -13.2112 -3.65599 2.5
      vertex -12.7501 -3.76015 2.7
      vertex -13.2112 -3.65599 2.7
    endloop
  endfacet
  facet normal -0.220343 -0.975423 -0
    outer loop
      vertex -12.7501 -3.76015 2.7
      vertex -13.2112 -3.65599 2.5
      vertex -12.7501 -3.76015 2.5
    endloop
  endfacet
  facet normal -0.121194 -0.992629 0
    outer loop
      vertex -12.7501 -3.76015 2.5
      vertex -12.2382 -3.82265 2.7
      vertex -12.7501 -3.76015 2.7
    endloop
  endfacet
  facet normal -0.121194 -0.992629 -0
    outer loop
      vertex -12.2382 -3.82265 2.7
      vertex -12.7501 -3.76015 2.5
      vertex -12.2382 -3.82265 2.5
    endloop
  endfacet
  facet normal -0.0369926 -0.999316 0
    outer loop
      vertex -12.2382 -3.82265 2.5
      vertex -11.6755 -3.84348 2.7
      vertex -12.2382 -3.82265 2.7
    endloop
  endfacet
  facet normal -0.0369926 -0.999316 -0
    outer loop
      vertex -11.6755 -3.84348 2.7
      vertex -12.2382 -3.82265 2.5
      vertex -11.6755 -3.84348 2.5
    endloop
  endfacet
  facet normal 0.0387122 -0.99925 0
    outer loop
      vertex -11.6755 -3.84348 2.5
      vertex -11.0622 -3.81972 2.7
      vertex -11.6755 -3.84348 2.7
    endloop
  endfacet
  facet normal 0.0387122 -0.99925 0
    outer loop
      vertex -11.0622 -3.81972 2.7
      vertex -11.6755 -3.84348 2.5
      vertex -11.0622 -3.81972 2.5
    endloop
  endfacet
  facet normal 0.998882 -0.047282 0
    outer loop
      vertex 0.790268 -0.588516 2.7
      vertex 0.803833 -0.301941 2.5
      vertex 0.803833 -0.301941 2.7
    endloop
  endfacet
  facet normal 0.998882 -0.047282 0
    outer loop
      vertex 0.803833 -0.301941 2.5
      vertex 0.790268 -0.588516 2.7
      vertex 0.790268 -0.588516 2.5
    endloop
  endfacet
  facet normal 0.988428 -0.15169 0
    outer loop
      vertex 0.803833 -0.301941 2.7
      vertex 0.844513 -0.0368652 2.5
      vertex 0.844513 -0.0368652 2.7
    endloop
  endfacet
  facet normal 0.988428 -0.15169 0
    outer loop
      vertex 0.844513 -0.0368652 2.5
      vertex 0.803833 -0.301941 2.7
      vertex 0.803833 -0.301941 2.5
    endloop
  endfacet
  facet normal 0.963361 -0.26821 0
    outer loop
      vertex 0.844513 -0.0368652 2.7
      vertex 0.912323 0.206696 2.5
      vertex 0.912323 0.206696 2.7
    endloop
  endfacet
  facet normal 0.963361 -0.26821 0
    outer loop
      vertex 0.912323 0.206696 2.5
      vertex 0.844513 -0.0368652 2.7
      vertex 0.844513 -0.0368652 2.5
    endloop
  endfacet
  facet normal 0.919512 -0.393063 0
    outer loop
      vertex 0.912323 0.206696 2.7
      vertex 1.00726 0.428787 2.5
      vertex 1.00726 0.428787 2.7
    endloop
  endfacet
  facet normal 0.919512 -0.393063 0
    outer loop
      vertex 1.00726 0.428787 2.5
      vertex 0.912323 0.206696 2.7
      vertex 0.912323 0.206696 2.5
    endloop
  endfacet
  facet normal 0.854292 -0.519794 0
    outer loop
      vertex 1.00726 0.428787 2.7
      vertex 1.12932 0.629395 2.5
      vertex 1.12932 0.629395 2.7
    endloop
  endfacet
  facet normal 0.854292 -0.519794 0
    outer loop
      vertex 1.12932 0.629395 2.5
      vertex 1.00726 0.428787 2.7
      vertex 1.00726 0.428787 2.5
    endloop
  endfacet
  facet normal 0.764325 -0.644831 0
    outer loop
      vertex 1.12932 0.629395 2.7
      vertex 1.2735 0.800293 2.5
      vertex 1.2735 0.800293 2.7
    endloop
  endfacet
  facet normal 0.764325 -0.644831 0
    outer loop
      vertex 1.2735 0.800293 2.5
      vertex 1.12932 0.629395 2.7
      vertex 1.12932 0.629395 2.5
    endloop
  endfacet
  facet normal 0.635875 -0.771792 0
    outer loop
      vertex 1.2735 0.800293 2.5
      vertex 1.43483 0.933212 2.7
      vertex 1.2735 0.800293 2.7
    endloop
  endfacet
  facet normal 0.635875 -0.771792 0
    outer loop
      vertex 1.43483 0.933212 2.7
      vertex 1.2735 0.800293 2.5
      vertex 1.43483 0.933212 2.5
    endloop
  endfacet
  facet normal 0.46962 -0.882869 0
    outer loop
      vertex 1.43483 0.933212 2.5
      vertex 1.61331 1.02815 2.7
      vertex 1.43483 0.933212 2.7
    endloop
  endfacet
  facet normal 0.46962 -0.882869 0
    outer loop
      vertex 1.61331 1.02815 2.7
      vertex 1.43483 0.933212 2.5
      vertex 1.61331 1.02815 2.5
    endloop
  endfacet
  facet normal 0.279644 -0.960104 0
    outer loop
      vertex 1.61331 1.02815 2.5
      vertex 1.80894 1.08513 2.7
      vertex 1.61331 1.02815 2.7
    endloop
  endfacet
  facet normal 0.279644 -0.960104 0
    outer loop
      vertex 1.80894 1.08513 2.7
      vertex 1.61331 1.02815 2.5
      vertex 1.80894 1.08513 2.5
    endloop
  endfacet
  facet normal 0.0888515 -0.996045 0
    outer loop
      vertex 1.80894 1.08513 2.5
      vertex 2.02171 1.10411 2.7
      vertex 1.80894 1.08513 2.7
    endloop
  endfacet
  facet normal 0.0888515 -0.996045 0
    outer loop
      vertex 2.02171 1.10411 2.7
      vertex 1.80894 1.08513 2.5
      vertex 2.02171 1.10411 2.5
    endloop
  endfacet
  facet normal -0.161894 -0.986808 0
    outer loop
      vertex 2.02171 1.10411 2.5
      vertex 2.39865 1.04227 2.7
      vertex 2.02171 1.10411 2.7
    endloop
  endfacet
  facet normal -0.161894 -0.986808 -0
    outer loop
      vertex 2.39865 1.04227 2.7
      vertex 2.02171 1.10411 2.5
      vertex 2.39865 1.04227 2.5
    endloop
  endfacet
  facet normal -0.534796 -0.844981 0
    outer loop
      vertex 2.39865 1.04227 2.5
      vertex 2.69182 0.85672 2.7
      vertex 2.39865 1.04227 2.7
    endloop
  endfacet
  facet normal -0.534796 -0.844981 -0
    outer loop
      vertex 2.69182 0.85672 2.7
      vertex 2.39865 1.04227 2.5
      vertex 2.69182 0.85672 2.5
    endloop
  endfacet
  facet normal -0.827994 -0.560736 0
    outer loop
      vertex 2.90123 0.547501 2.5
      vertex 2.69182 0.85672 2.7
      vertex 2.69182 0.85672 2.5
    endloop
  endfacet
  facet normal -0.827994 -0.560736 0
    outer loop
      vertex 2.69182 0.85672 2.7
      vertex 2.90123 0.547501 2.5
      vertex 2.90123 0.547501 2.7
    endloop
  endfacet
  facet normal -0.960377 -0.278704 0
    outer loop
      vertex 3.02687 0.114563 2.5
      vertex 2.90123 0.547501 2.7
      vertex 2.90123 0.547501 2.5
    endloop
  endfacet
  facet normal -0.960377 -0.278704 0
    outer loop
      vertex 2.90123 0.547501 2.7
      vertex 3.02687 0.114563 2.5
      vertex 3.02687 0.114563 2.7
    endloop
  endfacet
  facet normal -0.99718 -0.0750489 0
    outer loop
      vertex 3.06876 -0.442032 2.5
      vertex 3.02687 0.114563 2.7
      vertex 3.02687 0.114563 2.5
    endloop
  endfacet
  facet normal -0.99718 -0.0750489 0
    outer loop
      vertex 3.02687 0.114563 2.7
      vertex 3.06876 -0.442032 2.5
      vertex 3.06876 -0.442032 2.7
    endloop
  endfacet
  facet normal -1 0 0
    outer loop
      vertex 3.06876 -3.73499 2.5
      vertex 3.06876 -0.442032 2.7
      vertex 3.06876 -0.442032 2.5
    endloop
  endfacet
  facet normal -1 -0 0
    outer loop
      vertex 3.06876 -0.442032 2.7
      vertex 3.06876 -3.73499 2.5
      vertex 3.06876 -3.73499 2.7
    endloop
  endfacet
  facet normal 0 -1 0
    outer loop
      vertex 3.06876 -3.73499 2.5
      vertex 4.58771 -3.73499 2.7
      vertex 3.06876 -3.73499 2.7
    endloop
  endfacet
  facet normal 0 -1 -0
    outer loop
      vertex 4.58771 -3.73499 2.7
      vertex 3.06876 -3.73499 2.5
      vertex 4.58771 -3.73499 2.5
    endloop
  endfacet
  facet normal 1 -0 0
    outer loop
      vertex 4.58771 -3.73499 2.7
      vertex 4.58771 -0.00802612 2.5
      vertex 4.58771 -0.00802612 2.7
    endloop
  endfacet
  facet normal 1 0 0
    outer loop
      vertex 4.58771 -0.00802612 2.5
      vertex 4.58771 -3.73499 2.7
      vertex 4.58771 -3.73499 2.5
    endloop
  endfacet
  facet normal 0.99888 0.0473126 0
    outer loop
      vertex 4.58771 -0.00802612 2.7
      vertex 4.56775 0.413376 2.5
      vertex 4.56775 0.413376 2.7
    endloop
  endfacet
  facet normal 0.99888 0.0473126 0
    outer loop
      vertex 4.56775 0.413376 2.5
      vertex 4.58771 -0.00802612 2.7
      vertex 4.58771 -0.00802612 2.5
    endloop
  endfacet
  facet normal 0.987737 0.156128 0
    outer loop
      vertex 4.56775 0.413376 2.7
      vertex 4.50786 0.792267 2.5
      vertex 4.50786 0.792267 2.7
    endloop
  endfacet
  facet normal 0.987737 0.156128 0
    outer loop
      vertex 4.50786 0.792267 2.5
      vertex 4.56775 0.413376 2.7
      vertex 4.56775 0.413376 2.5
    endloop
  endfacet
  facet normal 0.958674 0.284507 0
    outer loop
      vertex 4.50786 0.792267 2.7
      vertex 4.40804 1.12862 2.5
      vertex 4.40804 1.12862 2.7
    endloop
  endfacet
  facet normal 0.958674 0.284507 0
    outer loop
      vertex 4.40804 1.12862 2.5
      vertex 4.50786 0.792267 2.7
      vertex 4.50786 0.792267 2.5
    endloop
  endfacet
  facet normal 0.903033 0.429571 0
    outer loop
      vertex 4.40804 1.12862 2.7
      vertex 4.26828 1.42242 2.5
      vertex 4.26828 1.42242 2.7
    endloop
  endfacet
  facet normal 0.903033 0.429571 0
    outer loop
      vertex 4.26828 1.42242 2.5
      vertex 4.40804 1.12862 2.7
      vertex 4.40804 1.12862 2.5
    endloop
  endfacet
  facet normal 0.813432 0.581661 0
    outer loop
      vertex 4.26828 1.42242 2.7
      vertex 4.08859 1.67371 2.5
      vertex 4.08859 1.67371 2.7
    endloop
  endfacet
  facet normal 0.813432 0.581661 0
    outer loop
      vertex 4.08859 1.67371 2.5
      vertex 4.26828 1.42242 2.7
      vertex 4.26828 1.42242 2.5
    endloop
  endfacet
  facet normal 0.690289 0.723534 -0
    outer loop
      vertex 4.08859 1.67371 2.5
      vertex 3.87161 1.88072 2.7
      vertex 4.08859 1.67371 2.7
    endloop
  endfacet
  facet normal 0.690289 0.723534 0
    outer loop
      vertex 3.87161 1.88072 2.7
      vertex 4.08859 1.67371 2.5
      vertex 3.87161 1.88072 2.5
    endloop
  endfacet
  facet normal 0.538853 0.8424 -0
    outer loop
      vertex 3.87161 1.88072 2.5
      vertex 3.6199 2.04173 2.7
      vertex 3.87161 1.88072 2.7
    endloop
  endfacet
  facet normal 0.538853 0.8424 0
    outer loop
      vertex 3.6199 2.04173 2.7
      vertex 3.87161 1.88072 2.5
      vertex 3.6199 2.04173 2.5
    endloop
  endfacet
  facet normal 0.372653 0.927971 -0
    outer loop
      vertex 3.6199 2.04173 2.5
      vertex 3.33348 2.15675 2.7
      vertex 3.6199 2.04173 2.7
    endloop
  endfacet
  facet normal 0.372653 0.927971 0
    outer loop
      vertex 3.33348 2.15675 2.7
      vertex 3.6199 2.04173 2.5
      vertex 3.33348 2.15675 2.5
    endloop
  endfacet
  facet normal 0.210047 0.977691 -0
    outer loop
      vertex 3.33348 2.15675 2.5
      vertex 3.01231 2.22575 2.7
      vertex 3.33348 2.15675 2.7
    endloop
  endfacet
  facet normal 0.210047 0.977691 0
    outer loop
      vertex 3.01231 2.22575 2.7
      vertex 3.33348 2.15675 2.5
      vertex 3.01231 2.22575 2.5
    endloop
  endfacet
  facet normal 0.064494 0.997918 -0
    outer loop
      vertex 3.01231 2.22575 2.5
      vertex 2.65643 2.24875 2.7
      vertex 3.01231 2.22575 2.7
    endloop
  endfacet
  facet normal 0.064494 0.997918 0
    outer loop
      vertex 2.65643 2.24875 2.7
      vertex 3.01231 2.22575 2.5
      vertex 2.65643 2.24875 2.5
    endloop
  endfacet
  facet normal -0.0483344 0.998831 0
    outer loop
      vertex 2.65643 2.24875 2.5
      vertex 2.40535 2.2366 2.7
      vertex 2.65643 2.24875 2.7
    endloop
  endfacet
  facet normal -0.0483344 0.998831 0
    outer loop
      vertex 2.40535 2.2366 2.7
      vertex 2.65643 2.24875 2.5
      vertex 2.40535 2.2366 2.5
    endloop
  endfacet
  facet normal -0.152242 0.988343 0
    outer loop
      vertex 2.40535 2.2366 2.5
      vertex 2.16859 2.20013 2.7
      vertex 2.40535 2.2366 2.7
    endloop
  endfacet
  facet normal -0.152242 0.988343 0
    outer loop
      vertex 2.16859 2.20013 2.7
      vertex 2.40535 2.2366 2.5
      vertex 2.16859 2.20013 2.5
    endloop
  endfacet
  facet normal -0.263521 0.964654 0
    outer loop
      vertex 2.16859 2.20013 2.5
      vertex 1.94617 2.13937 2.7
      vertex 2.16859 2.20013 2.7
    endloop
  endfacet
  facet normal -0.263521 0.964654 0
    outer loop
      vertex 1.94617 2.13937 2.7
      vertex 2.16859 2.20013 2.5
      vertex 1.94617 2.13937 2.5
    endloop
  endfacet
  facet normal -0.378404 0.92564 0
    outer loop
      vertex 1.94617 2.13937 2.5
      vertex 1.73805 2.05429 2.7
      vertex 1.94617 2.13937 2.7
    endloop
  endfacet
  facet normal -0.378404 0.92564 0
    outer loop
      vertex 1.73805 2.05429 2.7
      vertex 1.94617 2.13937 2.5
      vertex 1.73805 2.05429 2.5
    endloop
  endfacet
  facet normal -0.49152 0.870867 0
    outer loop
      vertex 1.73805 2.05429 2.5
      vertex 1.54427 1.94492 2.7
      vertex 1.73805 2.05429 2.7
    endloop
  endfacet
  facet normal -0.49152 0.870867 0
    outer loop
      vertex 1.54427 1.94492 2.7
      vertex 1.73805 2.05429 2.5
      vertex 1.54427 1.94492 2.5
    endloop
  endfacet
  facet normal -0.602955 0.797775 0
    outer loop
      vertex 1.54427 1.94492 2.5
      vertex 1.36397 1.80865 2.7
      vertex 1.54427 1.94492 2.7
    endloop
  endfacet
  facet normal -0.602955 0.797775 0
    outer loop
      vertex 1.36397 1.80865 2.7
      vertex 1.54427 1.94492 2.5
      vertex 1.36397 1.80865 2.5
    endloop
  endfacet
  facet normal -0.70296 0.711229 0
    outer loop
      vertex 1.36397 1.80865 2.5
      vertex 1.19624 1.64287 2.7
      vertex 1.36397 1.80865 2.7
    endloop
  endfacet
  facet normal -0.70296 0.711229 0
    outer loop
      vertex 1.19624 1.64287 2.7
      vertex 1.36397 1.80865 2.5
      vertex 1.19624 1.64287 2.5
    endloop
  endfacet
  facet normal -0.782996 0.622027 0
    outer loop
      vertex 1.04109 1.44757 2.5
      vertex 1.19624 1.64287 2.7
      vertex 1.19624 1.64287 2.5
    endloop
  endfacet
  facet normal -0.782996 0.622027 0
    outer loop
      vertex 1.19624 1.64287 2.7
      vertex 1.04109 1.44757 2.5
      vertex 1.04109 1.44757 2.7
    endloop
  endfacet
  facet normal -0.844486 0.535578 0
    outer loop
      vertex 0.898514 1.22276 2.5
      vertex 1.04109 1.44757 2.7
      vertex 1.04109 1.44757 2.5
    endloop
  endfacet
  facet normal -0.844486 0.535578 0
    outer loop
      vertex 1.04109 1.44757 2.7
      vertex 0.898514 1.22276 2.5
      vertex 0.898514 1.22276 2.7
    endloop
  endfacet
  facet normal -0.890415 0.45515 0
    outer loop
      vertex 0.768509 0.96843 2.5
      vertex 0.898514 1.22276 2.7
      vertex 0.898514 1.22276 2.5
    endloop
  endfacet
  facet normal -0.890415 0.45515 0
    outer loop
      vertex 0.898514 1.22276 2.7
      vertex 0.768509 0.96843 2.5
      vertex 0.768509 0.96843 2.7
    endloop
  endfacet
  facet normal 0 1 -0
    outer loop
      vertex 0.768509 0.96843 2.5
      vertex 0.746826 0.96843 2.7
      vertex 0.768509 0.96843 2.7
    endloop
  endfacet
  facet normal 0 1 0
    outer loop
      vertex 0.746826 0.96843 2.7
      vertex 0.768509 0.96843 2.5
      vertex 0.746826 0.96843 2.5
    endloop
  endfacet
  facet normal 0.999905 0.0137984 0
    outer loop
      vertex 0.746826 0.96843 2.7
      vertex 0.745743 1.04691 2.5
      vertex 0.745743 1.04691 2.7
    endloop
  endfacet
  facet normal 0.999905 0.0137984 0
    outer loop
      vertex 0.745743 1.04691 2.5
      vertex 0.746826 0.96843 2.7
      vertex 0.746826 0.96843 2.5
    endloop
  endfacet
  facet normal 0.999481 0.0322253 0
    outer loop
      vertex 0.745743 1.04691 2.7
      vertex 0.742493 1.14771 2.5
      vertex 0.742493 1.14771 2.7
    endloop
  endfacet
  facet normal 0.999481 0.0322253 0
    outer loop
      vertex 0.742493 1.14771 2.5
      vertex 0.745743 1.04691 2.7
      vertex 0.745743 1.04691 2.5
    endloop
  endfacet
  facet normal 0.999034 0.0439445 0
    outer loop
      vertex 0.742493 1.14771 2.7
      vertex 0.737076 1.27086 2.5
      vertex 0.737076 1.27086 2.7
    endloop
  endfacet
  facet normal 0.999034 0.0439445 0
    outer loop
      vertex 0.737076 1.27086 2.5
      vertex 0.742493 1.14771 2.7
      vertex 0.742493 1.14771 2.5
    endloop
  endfacet
  facet normal 0.998639 0.0521593 0
    outer loop
      vertex 0.737076 1.27086 2.7
      vertex 0.729477 1.41635 2.5
      vertex 0.729477 1.41635 2.7
    endloop
  endfacet
  facet normal 0.998639 0.0521593 0
    outer loop
      vertex 0.729477 1.41635 2.5
      vertex 0.737076 1.27086 2.7
      vertex 0.737076 1.27086 2.5
    endloop
  endfacet
  facet normal 0.998312 0.0580847 0
    outer loop
      vertex 0.729477 1.41635 2.7
      vertex 0.719711 1.5842 2.5
      vertex 0.719711 1.5842 2.7
    endloop
  endfacet
  facet normal 0.998312 0.0580847 0
    outer loop
      vertex 0.719711 1.5842 2.5
      vertex 0.729477 1.41635 2.7
      vertex 0.729477 1.41635 2.5
    endloop
  endfacet
  facet normal 0.998018 0.062937 0
    outer loop
      vertex 0.719711 1.5842 2.7
      vertex 0.70929 1.74945 2.5
      vertex 0.70929 1.74945 2.7
    endloop
  endfacet
  facet normal 0.998018 0.062937 0
    outer loop
      vertex 0.70929 1.74945 2.5
      vertex 0.719711 1.5842 2.7
      vertex 0.719711 1.5842 2.5
    endloop
  endfacet
  facet normal 0.997603 0.0692019 0
    outer loop
      vertex 0.70929 1.74945 2.7
      vertex 0.699738 1.88715 2.5
      vertex 0.699738 1.88715 2.7
    endloop
  endfacet
  facet normal 0.997603 0.0692019 0
    outer loop
      vertex 0.699738 1.88715 2.5
      vertex 0.70929 1.74945 2.7
      vertex 0.70929 1.74945 2.5
    endloop
  endfacet
  facet normal 0.996906 0.0786064 0
    outer loop
      vertex 0.699738 1.88715 2.7
      vertex 0.691055 1.99727 2.5
      vertex 0.691055 1.99727 2.7
    endloop
  endfacet
  facet normal 0.996906 0.0786064 0
    outer loop
      vertex 0.691055 1.99727 2.5
      vertex 0.699738 1.88715 2.7
      vertex 0.699738 1.88715 2.5
    endloop
  endfacet
  facet normal 0.995536 0.0943806 0
    outer loop
      vertex 0.691055 1.99727 2.7
      vertex 0.683228 2.07983 2.5
      vertex 0.683228 2.07983 2.7
    endloop
  endfacet
  facet normal 0.995536 0.0943806 0
    outer loop
      vertex 0.683228 2.07983 2.5
      vertex 0.691055 1.99727 2.7
      vertex 0.691055 1.99727 2.5
    endloop
  endfacet
  facet normal 0.992093 0.125509 0
    outer loop
      vertex 0.683228 2.07983 2.7
      vertex 0.67627 2.13483 2.5
      vertex 0.67627 2.13483 2.7
    endloop
  endfacet
  facet normal 0.992093 0.125509 0
    outer loop
      vertex 0.67627 2.13483 2.5
      vertex 0.683228 2.07983 2.7
      vertex 0.683228 2.07983 2.5
    endloop
  endfacet
  facet normal 0 1 -0
    outer loop
      vertex 0.67627 2.13483 2.5
      vertex -0.777557 2.13483 2.7
      vertex 0.67627 2.13483 2.7
    endloop
  endfacet
  facet normal 0 1 0
    outer loop
      vertex -0.777557 2.13483 2.7
      vertex 0.67627 2.13483 2.5
      vertex -0.777557 2.13483 2.5
    endloop
  endfacet
  facet normal -0.997878 -0.0651096 0
    outer loop
      vertex -0.771164 2.03685 2.5
      vertex -0.777557 2.13483 2.7
      vertex -0.777557 2.13483 2.5
    endloop
  endfacet
  facet normal -0.997878 -0.0651096 0
    outer loop
      vertex -0.777557 2.13483 2.7
      vertex -0.771164 2.03685 2.5
      vertex -0.771164 2.03685 2.7
    endloop
  endfacet
  facet normal -0.998213 -0.059759 0
    outer loop
      vertex -0.764999 1.93387 2.5
      vertex -0.771164 2.03685 2.7
      vertex -0.771164 2.03685 2.5
    endloop
  endfacet
  facet normal -0.998213 -0.059759 0
    outer loop
      vertex -0.771164 2.03685 2.7
      vertex -0.764999 1.93387 2.5
      vertex -0.764999 1.93387 2.7
    endloop
  endfacet
  facet normal -0.998485 -0.0550336 0
    outer loop
      vertex -0.759048 1.8259 2.5
      vertex -0.764999 1.93387 2.7
      vertex -0.764999 1.93387 2.5
    endloop
  endfacet
  facet normal -0.998485 -0.0550336 0
    outer loop
      vertex -0.764999 1.93387 2.7
      vertex -0.759048 1.8259 2.5
      vertex -0.759048 1.8259 2.7
    endloop
  endfacet
  facet normal -0.998713 -0.050727 0
    outer loop
      vertex -0.753311 1.71295 2.5
      vertex -0.759048 1.8259 2.7
      vertex -0.759048 1.8259 2.5
    endloop
  endfacet
  facet normal -0.998713 -0.050727 0
    outer loop
      vertex -0.759048 1.8259 2.7
      vertex -0.753311 1.71295 2.5
      vertex -0.753311 1.71295 2.7
    endloop
  endfacet
  facet normal -0.998905 -0.0467782 0
    outer loop
      vertex -0.747787 1.59499 2.5
      vertex -0.753311 1.71295 2.7
      vertex -0.753311 1.71295 2.5
    endloop
  endfacet
  facet normal -0.998905 -0.0467782 0
    outer loop
      vertex -0.753311 1.71295 2.7
      vertex -0.747787 1.59499 2.5
      vertex -0.747787 1.59499 2.7
    endloop
  endfacet
  facet normal -0.999265 -0.0383372 0
    outer loop
      vertex -0.742905 1.46774 2.5
      vertex -0.747787 1.59499 2.7
      vertex -0.747787 1.59499 2.5
    endloop
  endfacet
  facet normal -0.999265 -0.0383372 0
    outer loop
      vertex -0.747787 1.59499 2.7
      vertex -0.742905 1.46774 2.5
      vertex -0.742905 1.46774 2.7
    endloop
  endfacet
  facet normal -0.999634 -0.0270603 0
    outer loop
      vertex -0.73909 1.32681 2.5
      vertex -0.742905 1.46774 2.7
      vertex -0.742905 1.46774 2.5
    endloop
  endfacet
  facet normal -0.999634 -0.0270603 0
    outer loop
      vertex -0.742905 1.46774 2.7
      vertex -0.73909 1.32681 2.5
      vertex -0.73909 1.32681 2.7
    endloop
  endfacet
  facet normal -0.999846 -0.0175675 0
    outer loop
      vertex -0.736374 1.17223 2.5
      vertex -0.73909 1.32681 2.7
      vertex -0.73909 1.32681 2.5
    endloop
  endfacet
  facet normal -0.999846 -0.0175675 0
    outer loop
      vertex -0.73909 1.32681 2.7
      vertex -0.736374 1.17223 2.5
      vertex -0.736374 1.17223 2.7
    endloop
  endfacet
  facet normal -0.999953 -0.00970476 0
    outer loop
      vertex -0.734741 1.00397 2.5
      vertex -0.736374 1.17223 2.7
      vertex -0.736374 1.17223 2.5
    endloop
  endfacet
  facet normal -0.999953 -0.00970476 0
    outer loop
      vertex -0.736374 1.17223 2.7
      vertex -0.734741 1.00397 2.5
      vertex -0.734741 1.00397 2.7
    endloop
  endfacet
  facet normal -0.999995 -0.00301758 0
    outer loop
      vertex -0.734192 0.822037 2.5
      vertex -0.734741 1.00397 2.7
      vertex -0.734741 1.00397 2.5
    endloop
  endfacet
  facet normal -0.999995 -0.00301758 0
    outer loop
      vertex -0.734741 1.00397 2.7
      vertex -0.734192 0.822037 2.5
      vertex -0.734192 0.822037 2.7
    endloop
  endfacet
  facet normal -1 0 0
    outer loop
      vertex -0.734192 -3.73499 2.5
      vertex -0.734192 0.822037 2.7
      vertex -0.734192 0.822037 2.5
    endloop
  endfacet
  facet normal -1 -0 0
    outer loop
      vertex -0.734192 0.822037 2.7
      vertex -0.734192 -3.73499 2.5
      vertex -0.734192 -3.73499 2.7
    endloop
  endfacet
  facet normal 0 -1 0
    outer loop
      vertex -0.734192 -3.73499 2.5
      vertex 0.790268 -3.73499 2.7
      vertex -0.734192 -3.73499 2.7
    endloop
  endfacet
  facet normal 0 -1 -0
    outer loop
      vertex 0.790268 -3.73499 2.7
      vertex -0.734192 -3.73499 2.5
      vertex 0.790268 -3.73499 2.5
    endloop
  endfacet
  facet normal 1 -0 0
    outer loop
      vertex 0.790268 -3.73499 2.7
      vertex 0.790268 -0.588516 2.5
      vertex 0.790268 -0.588516 2.7
    endloop
  endfacet
  facet normal 1 0 0
    outer loop
      vertex 0.790268 -0.588516 2.5
      vertex 0.790268 -3.73499 2.7
      vertex 0.790268 -3.73499 2.5
    endloop
  endfacet
  facet normal 0.999322 -0.0368288 0
    outer loop
      vertex 13.4529 -0.854355 2.7
      vertex 13.4656 -0.50975 2.5
      vertex 13.4656 -0.50975 2.7
    endloop
  endfacet
  facet normal 0.999322 -0.0368288 0
    outer loop
      vertex 13.4656 -0.50975 2.5
      vertex 13.4529 -0.854355 2.7
      vertex 13.4529 -0.854355 2.5
    endloop
  endfacet
  facet normal 0.992485 -0.122366 0
    outer loop
      vertex 13.4656 -0.50975 2.7
      vertex 13.5037 -0.200729 2.5
      vertex 13.5037 -0.200729 2.7
    endloop
  endfacet
  facet normal 0.992485 -0.122366 0
    outer loop
      vertex 13.5037 -0.200729 2.5
      vertex 13.4656 -0.50975 2.7
      vertex 13.4656 -0.50975 2.5
    endloop
  endfacet
  facet normal 0.974073 -0.226233 0
    outer loop
      vertex 13.5037 -0.200729 2.7
      vertex 13.5672 0.0726776 2.5
      vertex 13.5672 0.0726776 2.7
    endloop
  endfacet
  facet normal 0.974073 -0.226233 0
    outer loop
      vertex 13.5672 0.0726776 2.5
      vertex 13.5037 -0.200729 2.7
      vertex 13.5037 -0.200729 2.5
    endloop
  endfacet
  facet normal 0.936832 -0.349778 0
    outer loop
      vertex 13.5672 0.0726776 2.7
      vertex 13.656 0.310516 2.5
      vertex 13.656 0.310516 2.7
    endloop
  endfacet
  facet normal 0.936832 -0.349778 0
    outer loop
      vertex 13.656 0.310516 2.5
      vertex 13.5672 0.0726776 2.7
      vertex 13.5672 0.0726776 2.5
    endloop
  endfacet
  facet normal 0.87058 -0.492026 0
    outer loop
      vertex 13.656 0.310516 2.7
      vertex 13.7703 0.512756 2.5
      vertex 13.7703 0.512756 2.7
    endloop
  endfacet
  facet normal 0.87058 -0.492026 0
    outer loop
      vertex 13.7703 0.512756 2.5
      vertex 13.656 0.310516 2.7
      vertex 13.656 0.310516 2.5
    endloop
  endfacet
  facet normal 0.771261 -0.636519 0
    outer loop
      vertex 13.7703 0.512756 2.7
      vertex 13.9073 0.678757 2.5
      vertex 13.9073 0.678757 2.7
    endloop
  endfacet
  facet normal 0.771261 -0.636519 0
    outer loop
      vertex 13.9073 0.678757 2.5
      vertex 13.7703 0.512756 2.7
      vertex 13.7703 0.512756 2.5
    endloop
  endfacet
  facet normal 0.634714 -0.772747 0
    outer loop
      vertex 13.9073 0.678757 2.5
      vertex 14.0645 0.807877 2.7
      vertex 13.9073 0.678757 2.7
    endloop
  endfacet
  facet normal 0.634714 -0.772747 0
    outer loop
      vertex 14.0645 0.807877 2.7
      vertex 13.9073 0.678757 2.5
      vertex 14.0645 0.807877 2.5
    endloop
  endfacet
  facet normal 0.461258 -0.887266 0
    outer loop
      vertex 14.0645 0.807877 2.5
      vertex 14.2419 0.900101 2.7
      vertex 14.0645 0.807877 2.7
    endloop
  endfacet
  facet normal 0.461258 -0.887266 0
    outer loop
      vertex 14.2419 0.900101 2.7
      vertex 14.0645 0.807877 2.5
      vertex 14.2419 0.900101 2.5
    endloop
  endfacet
  facet normal 0.26963 -0.962964 0
    outer loop
      vertex 14.2419 0.900101 2.5
      vertex 14.4395 0.955429 2.7
      vertex 14.2419 0.900101 2.7
    endloop
  endfacet
  facet normal 0.26963 -0.962964 0
    outer loop
      vertex 14.4395 0.955429 2.7
      vertex 14.2419 0.900101 2.5
      vertex 14.4395 0.955429 2.5
    endloop
  endfacet
  facet normal 0.0844378 -0.996429 0
    outer loop
      vertex 14.4395 0.955429 2.5
      vertex 14.6572 0.973877 2.7
      vertex 14.4395 0.955429 2.7
    endloop
  endfacet
  facet normal 0.0844378 -0.996429 0
    outer loop
      vertex 14.6572 0.973877 2.7
      vertex 14.4395 0.955429 2.5
      vertex 14.6572 0.973877 2.5
    endloop
  endfacet
  facet normal -0.0280629 -0.999606 0
    outer loop
      vertex 14.6572 0.973877 2.5
      vertex 14.7735 0.970612 2.7
      vertex 14.6572 0.973877 2.7
    endloop
  endfacet
  facet normal -0.0280629 -0.999606 -0
    outer loop
      vertex 14.7735 0.970612 2.7
      vertex 14.6572 0.973877 2.5
      vertex 14.7735 0.970612 2.5
    endloop
  endfacet
  facet normal -0.0788374 -0.996887 0
    outer loop
      vertex 14.7735 0.970612 2.5
      vertex 14.8968 0.960861 2.7
      vertex 14.7735 0.970612 2.7
    endloop
  endfacet
  facet normal -0.0788374 -0.996887 -0
    outer loop
      vertex 14.8968 0.960861 2.7
      vertex 14.7735 0.970612 2.5
      vertex 14.8968 0.960861 2.5
    endloop
  endfacet
  facet normal -0.12408 -0.992272 0
    outer loop
      vertex 14.8968 0.960861 2.5
      vertex 15.027 0.94458 2.7
      vertex 14.8968 0.960861 2.7
    endloop
  endfacet
  facet normal -0.12408 -0.992272 -0
    outer loop
      vertex 15.027 0.94458 2.7
      vertex 14.8968 0.960861 2.5
      vertex 15.027 0.94458 2.5
    endloop
  endfacet
  facet normal -0.163916 -0.986474 0
    outer loop
      vertex 15.027 0.94458 2.5
      vertex 15.1641 0.921799 2.7
      vertex 15.027 0.94458 2.7
    endloop
  endfacet
  facet normal -0.163916 -0.986474 -0
    outer loop
      vertex 15.1641 0.921799 2.7
      vertex 15.027 0.94458 2.5
      vertex 15.1641 0.921799 2.5
    endloop
  endfacet
  facet normal -0.199136 -0.979972 0
    outer loop
      vertex 15.1641 0.921799 2.5
      vertex 15.3082 0.892517 2.7
      vertex 15.1641 0.921799 2.7
    endloop
  endfacet
  facet normal -0.199136 -0.979972 -0
    outer loop
      vertex 15.3082 0.892517 2.7
      vertex 15.1641 0.921799 2.5
      vertex 15.3082 0.892517 2.5
    endloop
  endfacet
  facet normal 1 -0 0
    outer loop
      vertex 15.3082 0.892517 2.7
      vertex 15.3082 2.16739 2.5
      vertex 15.3082 2.16739 2.7
    endloop
  endfacet
  facet normal 1 0 0
    outer loop
      vertex 15.3082 2.16739 2.5
      vertex 15.3082 0.892517 2.7
      vertex 15.3082 0.892517 2.5
    endloop
  endfacet
  facet normal 0.359308 0.933219 -0
    outer loop
      vertex 15.3082 2.16739 2.5
      vertex 15.2321 2.19669 2.7
      vertex 15.3082 2.16739 2.7
    endloop
  endfacet
  facet normal 0.359308 0.933219 0
    outer loop
      vertex 15.2321 2.19669 2.7
      vertex 15.3082 2.16739 2.5
      vertex 15.2321 2.19669 2.5
    endloop
  endfacet
  facet normal 0.258015 0.966141 -0
    outer loop
      vertex 15.2321 2.19669 2.5
      vertex 15.1468 2.21947 2.7
      vertex 15.2321 2.19669 2.7
    endloop
  endfacet
  facet normal 0.258015 0.966141 0
    outer loop
      vertex 15.1468 2.21947 2.7
      vertex 15.2321 2.19669 2.5
      vertex 15.1468 2.21947 2.5
    endloop
  endfacet
  facet normal 0.169746 0.985488 -0
    outer loop
      vertex 15.1468 2.21947 2.5
      vertex 15.0524 2.23573 2.7
      vertex 15.1468 2.21947 2.7
    endloop
  endfacet
  facet normal 0.169746 0.985488 0
    outer loop
      vertex 15.0524 2.23573 2.7
      vertex 15.1468 2.21947 2.5
      vertex 15.0524 2.23573 2.5
    endloop
  endfacet
  facet normal 0.0939784 0.995574 -0
    outer loop
      vertex 15.0524 2.23573 2.5
      vertex 14.9489 2.2455 2.7
      vertex 15.0524 2.23573 2.7
    endloop
  endfacet
  facet normal 0.0939784 0.995574 0
    outer loop
      vertex 14.9489 2.2455 2.7
      vertex 15.0524 2.23573 2.5
      vertex 14.9489 2.2455 2.5
    endloop
  endfacet
  facet normal 0.0288512 0.999584 -0
    outer loop
      vertex 14.9489 2.2455 2.5
      vertex 14.8363 2.24875 2.7
      vertex 14.9489 2.2455 2.7
    endloop
  endfacet
  facet normal 0.0288512 0.999584 0
    outer loop
      vertex 14.8363 2.24875 2.7
      vertex 14.9489 2.2455 2.5
      vertex 14.8363 2.24875 2.5
    endloop
  endfacet
  facet normal -0.0352128 0.99938 0
    outer loop
      vertex 14.8363 2.24875 2.5
      vertex 14.6978 2.24387 2.7
      vertex 14.8363 2.24875 2.7
    endloop
  endfacet
  facet normal -0.0352128 0.99938 0
    outer loop
      vertex 14.6978 2.24387 2.7
      vertex 14.8363 2.24875 2.5
      vertex 14.6978 2.24387 2.5
    endloop
  endfacet
  facet normal -0.112927 0.993603 0
    outer loop
      vertex 14.6978 2.24387 2.5
      vertex 14.5689 2.22922 2.7
      vertex 14.6978 2.24387 2.7
    endloop
  endfacet
  facet normal -0.112927 0.993603 0
    outer loop
      vertex 14.5689 2.22922 2.7
      vertex 14.6978 2.24387 2.5
      vertex 14.5689 2.22922 2.5
    endloop
  endfacet
  facet normal -0.200536 0.979686 0
    outer loop
      vertex 14.5689 2.22922 2.5
      vertex 14.4496 2.2048 2.7
      vertex 14.5689 2.22922 2.7
    endloop
  endfacet
  facet normal -0.200536 0.979686 0
    outer loop
      vertex 14.4496 2.2048 2.7
      vertex 14.5689 2.22922 2.5
      vertex 14.4496 2.2048 2.5
    endloop
  endfacet
  facet normal -0.297225 0.954807 0
    outer loop
      vertex 14.4496 2.2048 2.5
      vertex 14.3398 2.17062 2.7
      vertex 14.4496 2.2048 2.7
    endloop
  endfacet
  facet normal -0.297225 0.954807 0
    outer loop
      vertex 14.3398 2.17062 2.7
      vertex 14.4496 2.2048 2.5
      vertex 14.3398 2.17062 2.5
    endloop
  endfacet
  facet normal -0.401269 0.91596 0
    outer loop
      vertex 14.3398 2.17062 2.5
      vertex 14.2395 2.12668 2.7
      vertex 14.3398 2.17062 2.7
    endloop
  endfacet
  facet normal -0.401269 0.91596 0
    outer loop
      vertex 14.2395 2.12668 2.7
      vertex 14.3398 2.17062 2.5
      vertex 14.2395 2.12668 2.5
    endloop
  endfacet
  facet normal -0.502679 0.864473 0
    outer loop
      vertex 14.2395 2.12668 2.5
      vertex 14.1466 2.07266 2.7
      vertex 14.2395 2.12668 2.7
    endloop
  endfacet
  facet normal -0.502679 0.864473 0
    outer loop
      vertex 14.1466 2.07266 2.7
      vertex 14.2395 2.12668 2.5
      vertex 14.1466 2.07266 2.5
    endloop
  endfacet
  facet normal -0.592559 0.805527 0
    outer loop
      vertex 14.1466 2.07266 2.5
      vertex 14.059 2.00822 2.7
      vertex 14.1466 2.07266 2.7
    endloop
  endfacet
  facet normal -0.592559 0.805527 0
    outer loop
      vertex 14.059 2.00822 2.7
      vertex 14.1466 2.07266 2.5
      vertex 14.059 2.00822 2.5
    endloop
  endfacet
  facet normal -0.672034 0.740521 0
    outer loop
      vertex 14.059 2.00822 2.5
      vertex 13.9765 1.93335 2.7
      vertex 14.059 2.00822 2.7
    endloop
  endfacet
  facet normal -0.672034 0.740521 0
    outer loop
      vertex 13.9765 1.93335 2.7
      vertex 14.059 2.00822 2.5
      vertex 13.9765 1.93335 2.5
    endloop
  endfacet
  facet normal -0.741355 0.671114 0
    outer loop
      vertex 13.8993 1.84807 2.5
      vertex 13.9765 1.93335 2.7
      vertex 13.9765 1.93335 2.5
    endloop
  endfacet
  facet normal -0.741355 0.671114 0
    outer loop
      vertex 13.9765 1.93335 2.7
      vertex 13.8993 1.84807 2.5
      vertex 13.8993 1.84807 2.7
    endloop
  endfacet
  facet normal -0.799158 0.601122 0
    outer loop
      vertex 13.8273 1.75235 2.5
      vertex 13.8993 1.84807 2.7
      vertex 13.8993 1.84807 2.5
    endloop
  endfacet
  facet normal -0.799158 0.601122 0
    outer loop
      vertex 13.8993 1.84807 2.7
      vertex 13.8273 1.75235 2.5
      vertex 13.8273 1.75235 2.7
    endloop
  endfacet
  facet normal -0.850676 0.52569 0
    outer loop
      vertex 13.7559 1.63681 2.5
      vertex 13.8273 1.75235 2.7
      vertex 13.8273 1.75235 2.5
    endloop
  endfacet
  facet normal -0.850676 0.52569 0
    outer loop
      vertex 13.8273 1.75235 2.7
      vertex 13.7559 1.63681 2.5
      vertex 13.7559 1.63681 2.7
    endloop
  endfacet
  facet normal -0.887021 0.461729 0
    outer loop
      vertex 13.6805 1.49196 2.5
      vertex 13.7559 1.63681 2.7
      vertex 13.7559 1.63681 2.5
    endloop
  endfacet
  facet normal -0.887021 0.461729 0
    outer loop
      vertex 13.7559 1.63681 2.7
      vertex 13.6805 1.49196 2.5
      vertex 13.6805 1.49196 2.7
    endloop
  endfacet
  facet normal -0.910268 0.41402 0
    outer loop
      vertex 13.6013 1.31783 2.5
      vertex 13.6805 1.49196 2.7
      vertex 13.6805 1.49196 2.5
    endloop
  endfacet
  facet normal -0.910268 0.41402 0
    outer loop
      vertex 13.6805 1.49196 2.7
      vertex 13.6013 1.31783 2.5
      vertex 13.6013 1.31783 2.7
    endloop
  endfacet
  facet normal -0.925753 0.378128 0
    outer loop
      vertex 13.5182 1.11438 2.5
      vertex 13.6013 1.31783 2.7
      vertex 13.6013 1.31783 2.5
    endloop
  endfacet
  facet normal -0.925753 0.378128 0
    outer loop
      vertex 13.6013 1.31783 2.7
      vertex 13.5182 1.11438 2.5
      vertex 13.5182 1.11438 2.7
    endloop
  endfacet
  facet normal -0.936697 0.350141 0
    outer loop
      vertex 13.4312 0.881638 2.5
      vertex 13.5182 1.11438 2.7
      vertex 13.5182 1.11438 2.5
    endloop
  endfacet
  facet normal -0.936697 0.350141 0
    outer loop
      vertex 13.5182 1.11438 2.7
      vertex 13.4312 0.881638 2.5
      vertex 13.4312 0.881638 2.7
    endloop
  endfacet
  facet normal 0 1 -0
    outer loop
      vertex 13.4312 0.881638 2.5
      vertex 13.4095 0.881638 2.7
      vertex 13.4312 0.881638 2.7
    endloop
  endfacet
  facet normal 0 1 0
    outer loop
      vertex 13.4095 0.881638 2.7
      vertex 13.4312 0.881638 2.5
      vertex 13.4095 0.881638 2.5
    endloop
  endfacet
  facet normal 0.999902 0.0140185 0
    outer loop
      vertex 13.4095 0.881638 2.7
      vertex 13.4084 0.960098 2.5
      vertex 13.4084 0.960098 2.7
    endloop
  endfacet
  facet normal 0.999902 0.0140185 0
    outer loop
      vertex 13.4084 0.960098 2.5
      vertex 13.4095 0.881638 2.7
      vertex 13.4095 0.881638 2.5
    endloop
  endfacet
  facet normal 0.999537 0.0304181 0
    outer loop
      vertex 13.4084 0.960098 2.7
      vertex 13.4052 1.06525 2.5
      vertex 13.4052 1.06525 2.7
    endloop
  endfacet
  facet normal 0.999537 0.0304181 0
    outer loop
      vertex 13.4052 1.06525 2.5
      vertex 13.4084 0.960098 2.7
      vertex 13.4084 0.960098 2.5
    endloop
  endfacet
  facet normal 0.999131 0.0416841 0
    outer loop
      vertex 13.4052 1.06525 2.7
      vertex 13.3997 1.19708 2.5
      vertex 13.3997 1.19708 2.7
    endloop
  endfacet
  facet normal 0.999131 0.0416841 0
    outer loop
      vertex 13.3997 1.19708 2.5
      vertex 13.4052 1.06525 2.7
      vertex 13.4052 1.06525 2.5
    endloop
  endfacet
  facet normal 0.998853 0.0478824 0
    outer loop
      vertex 13.3997 1.19708 2.7
      vertex 13.3921 1.35562 2.5
      vertex 13.3921 1.35562 2.7
    endloop
  endfacet
  facet normal 0.998853 0.0478824 0
    outer loop
      vertex 13.3921 1.35562 2.5
      vertex 13.3997 1.19708 2.7
      vertex 13.3997 1.19708 2.5
    endloop
  endfacet
  facet normal 0.998631 0.0523013 0
    outer loop
      vertex 13.3921 1.35562 2.7
      vertex 13.3824 1.54083 2.5
      vertex 13.3824 1.54083 2.7
    endloop
  endfacet
  facet normal 0.998631 0.0523013 0
    outer loop
      vertex 13.3824 1.54083 2.5
      vertex 13.3921 1.35562 2.7
      vertex 13.3921 1.35562 2.5
    endloop
  endfacet
  facet normal 0.998351 0.0574079 0
    outer loop
      vertex 13.3824 1.54083 2.7
      vertex 13.3719 1.72343 2.5
      vertex 13.3719 1.72343 2.7
    endloop
  endfacet
  facet normal 0.998351 0.0574079 0
    outer loop
      vertex 13.3719 1.72343 2.5
      vertex 13.3824 1.54083 2.7
      vertex 13.3824 1.54083 2.5
    endloop
  endfacet
  facet normal 0.998019 0.062906 0
    outer loop
      vertex 13.3719 1.72343 2.7
      vertex 13.3624 1.87415 2.5
      vertex 13.3624 1.87415 2.7
    endloop
  endfacet
  facet normal 0.998019 0.062906 0
    outer loop
      vertex 13.3624 1.87415 2.5
      vertex 13.3719 1.72343 2.7
      vertex 13.3719 1.72343 2.5
    endloop
  endfacet
  facet normal 0.997329 0.0730367 0
    outer loop
      vertex 13.3624 1.87415 2.7
      vertex 13.3537 1.99295 2.5
      vertex 13.3537 1.99295 2.7
    endloop
  endfacet
  facet normal 0.997329 0.0730367 0
    outer loop
      vertex 13.3537 1.99295 2.5
      vertex 13.3624 1.87415 2.7
      vertex 13.3624 1.87415 2.5
    endloop
  endfacet
  facet normal 0.995994 0.0894194 0
    outer loop
      vertex 13.3537 1.99295 2.7
      vertex 13.3459 2.07983 2.5
      vertex 13.3459 2.07983 2.7
    endloop
  endfacet
  facet normal 0.995994 0.0894194 0
    outer loop
      vertex 13.3459 2.07983 2.5
      vertex 13.3537 1.99295 2.7
      vertex 13.3537 1.99295 2.5
    endloop
  endfacet
  facet normal 0.991998 0.126254 0
    outer loop
      vertex 13.3459 2.07983 2.7
      vertex 13.3389 2.13483 2.5
      vertex 13.3389 2.13483 2.7
    endloop
  endfacet
  facet normal 0.991998 0.126254 0
    outer loop
      vertex 13.3389 2.13483 2.5
      vertex 13.3459 2.07983 2.7
      vertex 13.3459 2.07983 2.5
    endloop
  endfacet
  facet normal 0 1 -0
    outer loop
      vertex 13.3389 2.13483 2.5
      vertex 11.8851 2.13483 2.7
      vertex 13.3389 2.13483 2.7
    endloop
  endfacet
  facet normal 0 1 0
    outer loop
      vertex 11.8851 2.13483 2.7
      vertex 13.3389 2.13483 2.5
      vertex 11.8851 2.13483 2.5
    endloop
  endfacet
  facet normal -0.998065 -0.0621727 0
    outer loop
      vertex 11.8915 2.03209 2.5
      vertex 11.8851 2.13483 2.7
      vertex 11.8851 2.13483 2.5
    endloop
  endfacet
  facet normal -0.998065 -0.0621727 0
    outer loop
      vertex 11.8851 2.13483 2.7
      vertex 11.8915 2.03209 2.5
      vertex 11.8915 2.03209 2.7
    endloop
  endfacet
  facet normal -0.998426 -0.056081 0
    outer loop
      vertex 11.8976 1.92349 2.5
      vertex 11.8915 2.03209 2.7
      vertex 11.8915 2.03209 2.5
    endloop
  endfacet
  facet normal -0.998426 -0.056081 0
    outer loop
      vertex 11.8915 2.03209 2.7
      vertex 11.8976 1.92349 2.5
      vertex 11.8976 1.92349 2.7
    endloop
  endfacet
  facet normal -0.998629 -0.0523436 0
    outer loop
      vertex 11.9036 1.80902 2.5
      vertex 11.8976 1.92349 2.7
      vertex 11.8976 1.92349 2.5
    endloop
  endfacet
  facet normal -0.998629 -0.0523436 0
    outer loop
      vertex 11.8976 1.92349 2.7
      vertex 11.9036 1.80902 2.5
      vertex 11.9036 1.80902 2.7
    endloop
  endfacet
  facet normal -0.99888 -0.0473245 0
    outer loop
      vertex 11.9093 1.68871 2.5
      vertex 11.9036 1.80902 2.7
      vertex 11.9036 1.80902 2.5
    endloop
  endfacet
  facet normal -0.99888 -0.0473245 0
    outer loop
      vertex 11.9036 1.80902 2.7
      vertex 11.9093 1.68871 2.5
      vertex 11.9093 1.68871 2.7
    endloop
  endfacet
  facet normal -0.999052 -0.0435437 0
    outer loop
      vertex 11.9148 1.56252 2.5
      vertex 11.9093 1.68871 2.7
      vertex 11.9093 1.68871 2.5
    endloop
  endfacet
  facet normal -0.999052 -0.0435437 0
    outer loop
      vertex 11.9093 1.68871 2.7
      vertex 11.9148 1.56252 2.5
      vertex 11.9148 1.56252 2.7
    endloop
  endfacet
  facet normal -0.999347 -0.0361308 0
    outer loop
      vertex 11.9197 1.42699 2.5
      vertex 11.9148 1.56252 2.7
      vertex 11.9148 1.56252 2.5
    endloop
  endfacet
  facet normal -0.999347 -0.0361308 0
    outer loop
      vertex 11.9148 1.56252 2.7
      vertex 11.9197 1.42699 2.5
      vertex 11.9197 1.42699 2.7
    endloop
  endfacet
  facet normal -0.999654 -0.0262854 0
    outer loop
      vertex 11.9236 1.27867 2.5
      vertex 11.9197 1.42699 2.7
      vertex 11.9197 1.42699 2.5
    endloop
  endfacet
  facet normal -0.999654 -0.0262854 0
    outer loop
      vertex 11.9197 1.42699 2.7
      vertex 11.9236 1.27867 2.5
      vertex 11.9236 1.27867 2.7
    endloop
  endfacet
  facet normal -0.99986 -0.0167553 0
    outer loop
      vertex 11.9263 1.11755 2.5
      vertex 11.9236 1.27867 2.7
      vertex 11.9236 1.27867 2.5
    endloop
  endfacet
  facet normal -0.99986 -0.0167553 0
    outer loop
      vertex 11.9236 1.27867 2.7
      vertex 11.9263 1.11755 2.5
      vertex 11.9263 1.11755 2.7
    endloop
  endfacet
  facet normal -0.999958 -0.00919945 0
    outer loop
      vertex 11.9279 0.943634 2.5
      vertex 11.9263 1.11755 2.7
      vertex 11.9263 1.11755 2.5
    endloop
  endfacet
  facet normal -0.999958 -0.00919945 0
    outer loop
      vertex 11.9263 1.11755 2.7
      vertex 11.9279 0.943634 2.5
      vertex 11.9279 0.943634 2.7
    endloop
  endfacet
  facet normal -0.999995 -0.00321332 0
    outer loop
      vertex 11.9285 0.756912 2.5
      vertex 11.9279 0.943634 2.7
      vertex 11.9279 0.943634 2.5
    endloop
  endfacet
  facet normal -0.999995 -0.00321332 0
    outer loop
      vertex 11.9279 0.943634 2.7
      vertex 11.9285 0.756912 2.5
      vertex 11.9285 0.756912 2.7
    endloop
  endfacet
  facet normal -1 0 0
    outer loop
      vertex 11.9285 -3.73499 2.5
      vertex 11.9285 0.756912 2.7
      vertex 11.9285 0.756912 2.5
    endloop
  endfacet
  facet normal -1 -0 0
    outer loop
      vertex 11.9285 0.756912 2.7
      vertex 11.9285 -3.73499 2.5
      vertex 11.9285 -3.73499 2.7
    endloop
  endfacet
  facet normal 0 -1 0
    outer loop
      vertex 11.9285 -3.73499 2.5
      vertex 13.4529 -3.73499 2.7
      vertex 11.9285 -3.73499 2.7
    endloop
  endfacet
  facet normal 0 -1 -0
    outer loop
      vertex 13.4529 -3.73499 2.7
      vertex 11.9285 -3.73499 2.5
      vertex 13.4529 -3.73499 2.5
    endloop
  endfacet
  facet normal 1 -0 0
    outer loop
      vertex 13.4529 -3.73499 2.7
      vertex 13.4529 -0.854355 2.5
      vertex 13.4529 -0.854355 2.7
    endloop
  endfacet
  facet normal 1 0 0
    outer loop
      vertex 13.4529 -0.854355 2.5
      vertex 13.4529 -3.73499 2.7
      vertex 13.4529 -3.73499 2.5
    endloop
  endfacet
  facet normal 0.196027 -0.980598 0
    outer loop
      vertex -4.23351 -3.81104 2.5
      vertex -3.74658 -3.7137 2.7
      vertex -4.23351 -3.81104 2.7
    endloop
  endfacet
  facet normal 0.196027 -0.980598 0
    outer loop
      vertex -3.74658 -3.7137 2.7
      vertex -4.23351 -3.81104 2.5
      vertex -3.74658 -3.7137 2.5
    endloop
  endfacet
  facet normal 0.34705 -0.937847 0
    outer loop
      vertex -3.74658 -3.7137 2.5
      vertex -3.30826 -3.5515 2.7
      vertex -3.74658 -3.7137 2.7
    endloop
  endfacet
  facet normal 0.34705 -0.937847 0
    outer loop
      vertex -3.30826 -3.5515 2.7
      vertex -3.74658 -3.7137 2.5
      vertex -3.30826 -3.5515 2.5
    endloop
  endfacet
  facet normal 0.503489 -0.864002 0
    outer loop
      vertex -3.30826 -3.5515 2.5
      vertex -2.91855 -3.3244 2.7
      vertex -3.30826 -3.5515 2.7
    endloop
  endfacet
  facet normal 0.503489 -0.864002 0
    outer loop
      vertex -2.91855 -3.3244 2.7
      vertex -3.30826 -3.5515 2.5
      vertex -2.91855 -3.3244 2.5
    endloop
  endfacet
  facet normal 0.650278 -0.759697 0
    outer loop
      vertex -2.91855 -3.3244 2.5
      vertex -2.57744 -3.03242 2.7
      vertex -2.91855 -3.3244 2.7
    endloop
  endfacet
  facet normal 0.650278 -0.759697 0
    outer loop
      vertex -2.57744 -3.03242 2.7
      vertex -2.91855 -3.3244 2.5
      vertex -2.57744 -3.03242 2.5
    endloop
  endfacet
  facet normal 0.774416 -0.632677 0
    outer loop
      vertex -2.57744 -3.03242 2.7
      vertex -2.2923 -2.6834 2.5
      vertex -2.2923 -2.6834 2.7
    endloop
  endfacet
  facet normal 0.774416 -0.632677 0
    outer loop
      vertex -2.2923 -2.6834 2.5
      vertex -2.57744 -3.03242 2.7
      vertex -2.57744 -3.03242 2.5
    endloop
  endfacet
  facet normal 0.87368 -0.486501 0
    outer loop
      vertex -2.2923 -2.6834 2.7
      vertex -2.07051 -2.2851 2.5
      vertex -2.07051 -2.2851 2.7
    endloop
  endfacet
  facet normal 0.87368 -0.486501 0
    outer loop
      vertex -2.07051 -2.2851 2.5
      vertex -2.2923 -2.6834 2.7
      vertex -2.2923 -2.6834 2.5
    endloop
  endfacet
  facet normal 0.942687 -0.333677 0
    outer loop
      vertex -2.07051 -2.2851 2.7
      vertex -1.91209 -1.83754 2.5
      vertex -1.91209 -1.83754 2.7
    endloop
  endfacet
  facet normal 0.942687 -0.333677 0
    outer loop
      vertex -1.91209 -1.83754 2.5
      vertex -2.07051 -2.2851 2.7
      vertex -2.07051 -2.2851 2.5
    endloop
  endfacet
  facet normal 0.982189 -0.187893 0
    outer loop
      vertex -1.91209 -1.83754 2.7
      vertex -1.81705 -1.34073 2.5
      vertex -1.81705 -1.34073 2.7
    endloop
  endfacet
  facet normal 0.982189 -0.187893 0
    outer loop
      vertex -1.81705 -1.34073 2.5
      vertex -1.91209 -1.83754 2.7
      vertex -1.91209 -1.83754 2.5
    endloop
  endfacet
  facet normal 0.998319 -0.0579555 0
    outer loop
      vertex -1.81705 -1.34073 2.7
      vertex -1.78535 -0.794678 2.5
      vertex -1.78535 -0.794678 2.7
    endloop
  endfacet
  facet normal 0.998319 -0.0579555 0
    outer loop
      vertex -1.78535 -0.794678 2.5
      vertex -1.81705 -1.34073 2.7
      vertex -1.81705 -1.34073 2.5
    endloop
  endfacet
  facet normal 0.998545 0.0539312 0
    outer loop
      vertex -1.78535 -0.794678 2.7
      vertex -1.81563 -0.234039 2.5
      vertex -1.81563 -0.234039 2.7
    endloop
  endfacet
  facet normal 0.998545 0.0539312 0
    outer loop
      vertex -1.81563 -0.234039 2.5
      vertex -1.78535 -0.794678 2.7
      vertex -1.78535 -0.794678 2.5
    endloop
  endfacet
  facet normal 0.984254 0.176757 0
    outer loop
      vertex -1.81563 -0.234039 2.7
      vertex -1.90645 0.271683 2.5
      vertex -1.90645 0.271683 2.7
    endloop
  endfacet
  facet normal 0.984254 0.176757 0
    outer loop
      vertex -1.90645 0.271683 2.5
      vertex -1.81563 -0.234039 2.7
      vertex -1.81563 -0.234039 2.5
    endloop
  endfacet
  facet normal 0.947989 0.318302 0
    outer loop
      vertex -1.90645 0.271683 2.7
      vertex -2.05782 0.722504 2.5
      vertex -2.05782 0.722504 2.7
    endloop
  endfacet
  facet normal 0.947989 0.318302 0
    outer loop
      vertex -2.05782 0.722504 2.5
      vertex -1.90645 0.271683 2.7
      vertex -1.90645 0.271683 2.5
    endloop
  endfacet
  facet normal 0.881658 0.47189 0
    outer loop
      vertex -2.05782 0.722504 2.7
      vertex -2.26971 1.11839 2.5
      vertex -2.26971 1.11839 2.7
    endloop
  endfacet
  facet normal 0.881658 0.47189 0
    outer loop
      vertex -2.26971 1.11839 2.5
      vertex -2.05782 0.722504 2.7
      vertex -2.05782 0.722504 2.5
    endloop
  endfacet
  facet normal 0.781269 0.624195 0
    outer loop
      vertex -2.26971 1.11839 2.7
      vertex -2.54216 1.4594 2.5
      vertex -2.54216 1.4594 2.7
    endloop
  endfacet
  facet normal 0.781269 0.624195 0
    outer loop
      vertex -2.54216 1.4594 2.5
      vertex -2.26971 1.11839 2.7
      vertex -2.26971 1.11839 2.5
    endloop
  endfacet
  facet normal 0.650011 0.759924 -0
    outer loop
      vertex -2.54216 1.4594 2.5
      vertex -2.87209 1.74161 2.7
      vertex -2.54216 1.4594 2.7
    endloop
  endfacet
  facet normal 0.650011 0.759924 0
    outer loop
      vertex -2.87209 1.74161 2.7
      vertex -2.54216 1.4594 2.5
      vertex -2.87209 1.74161 2.5
    endloop
  endfacet
  facet normal 0.495881 0.86839 -0
    outer loop
      vertex -2.87209 1.74161 2.5
      vertex -3.25648 1.96111 2.7
      vertex -2.87209 1.74161 2.7
    endloop
  endfacet
  facet normal 0.495881 0.86839 0
    outer loop
      vertex -3.25648 1.96111 2.7
      vertex -2.87209 1.74161 2.5
      vertex -3.25648 1.96111 2.5
    endloop
  endfacet
  facet normal 0.3364 0.941719 -0
    outer loop
      vertex -3.25648 1.96111 2.5
      vertex -3.69537 2.11789 2.7
      vertex -3.25648 1.96111 2.7
    endloop
  endfacet
  facet normal 0.3364 0.941719 0
    outer loop
      vertex -3.69537 2.11789 2.7
      vertex -3.25648 1.96111 2.5
      vertex -3.69537 2.11789 2.5
    endloop
  endfacet
  facet normal 0.187301 0.982302 -0
    outer loop
      vertex -3.69537 2.11789 2.5
      vertex -4.18872 2.21196 2.7
      vertex -3.69537 2.11789 2.7
    endloop
  endfacet
  facet normal 0.187301 0.982302 0
    outer loop
      vertex -4.18872 2.21196 2.7
      vertex -3.69537 2.11789 2.5
      vertex -4.18872 2.21196 2.5
    endloop
  endfacet
  facet normal 0.0571494 0.998366 -0
    outer loop
      vertex -4.18872 2.21196 2.5
      vertex -4.73656 2.24332 2.7
      vertex -4.18872 2.21196 2.7
    endloop
  endfacet
  facet normal 0.0571494 0.998366 0
    outer loop
      vertex -4.73656 2.24332 2.7
      vertex -4.18872 2.21196 2.5
      vertex -4.73656 2.24332 2.5
    endloop
  endfacet
  facet normal -0.060293 0.998181 0
    outer loop
      vertex -4.73656 2.24332 2.5
      vertex -5.27362 2.21088 2.7
      vertex -4.73656 2.24332 2.7
    endloop
  endfacet
  facet normal -0.060293 0.998181 0
    outer loop
      vertex -5.27362 2.21088 2.7
      vertex -4.73656 2.24332 2.5
      vertex -5.27362 2.21088 2.5
    endloop
  endfacet
  facet normal -0.195942 0.980615 0
    outer loop
      vertex -5.27362 2.21088 2.5
      vertex -5.76077 2.11354 2.7
      vertex -5.27362 2.21088 2.7
    endloop
  endfacet
  facet normal -0.195942 0.980615 0
    outer loop
      vertex -5.76077 2.11354 2.7
      vertex -5.27362 2.21088 2.5
      vertex -5.76077 2.11354 2.5
    endloop
  endfacet
  facet normal -0.347789 0.937573 0
    outer loop
      vertex -5.76077 2.11354 2.5
      vertex -6.19803 1.95134 2.7
      vertex -5.76077 2.11354 2.7
    endloop
  endfacet
  facet normal -0.347789 0.937573 0
    outer loop
      vertex -6.19803 1.95134 2.7
      vertex -5.76077 2.11354 2.5
      vertex -6.19803 1.95134 2.5
    endloop
  endfacet
  facet normal -0.505784 0.86266 0
    outer loop
      vertex -6.19803 1.95134 2.5
      vertex -6.58537 1.72424 2.7
      vertex -6.19803 1.95134 2.7
    endloop
  endfacet
  facet normal -0.505784 0.86266 0
    outer loop
      vertex -6.58537 1.72424 2.7
      vertex -6.19803 1.95134 2.5
      vertex -6.58537 1.72424 2.5
    endloop
  endfacet
  facet normal -0.654319 0.756219 0
    outer loop
      vertex -6.58537 1.72424 2.5
      vertex -6.92281 1.43227 2.7
      vertex -6.58537 1.72424 2.7
    endloop
  endfacet
  facet normal -0.654319 0.756219 0
    outer loop
      vertex -6.92281 1.43227 2.7
      vertex -6.58537 1.72424 2.5
      vertex -6.92281 1.43227 2.5
    endloop
  endfacet
  facet normal -0.778323 0.627865 0
    outer loop
      vertex -7.20403 1.08366 2.5
      vertex -6.92281 1.43227 2.7
      vertex -6.92281 1.43227 2.5
    endloop
  endfacet
  facet normal -0.778323 0.627865 0
    outer loop
      vertex -6.92281 1.43227 2.7
      vertex -7.20403 1.08366 2.5
      vertex -7.20403 1.08366 2.7
    endloop
  endfacet
  facet normal -0.875843 0.482597 0
    outer loop
      vertex -7.42278 0.686661 2.5
      vertex -7.20403 1.08366 2.7
      vertex -7.20403 1.08366 2.5
    endloop
  endfacet
  facet normal -0.875843 0.482597 0
    outer loop
      vertex -7.20403 1.08366 2.7
      vertex -7.42278 0.686661 2.5
      vertex -7.42278 0.686661 2.7
    endloop
  endfacet
  facet normal -0.943631 0.330999 0
    outer loop
      vertex -7.57901 0.241272 2.5
      vertex -7.42278 0.686661 2.7
      vertex -7.42278 0.686661 2.5
    endloop
  endfacet
  facet normal -0.943631 0.330999 0
    outer loop
      vertex -7.42278 0.686661 2.7
      vertex -7.57901 0.241272 2.5
      vertex -7.57901 0.241272 2.7
    endloop
  endfacet
  facet normal -0.982456 0.186493 0
    outer loop
      vertex -7.67274 -0.252502 2.5
      vertex -7.57901 0.241272 2.7
      vertex -7.57901 0.241272 2.5
    endloop
  endfacet
  facet normal -0.982456 0.186493 0
    outer loop
      vertex -7.57901 0.241272 2.7
      vertex -7.67274 -0.252502 2.5
      vertex -7.67274 -0.252502 2.7
    endloop
  endfacet
  facet normal -0.998343 0.0575426 0
    outer loop
      vertex -7.70399 -0.794678 2.5
      vertex -7.67274 -0.252502 2.7
      vertex -7.67274 -0.252502 2.5
    endloop
  endfacet
  facet normal -0.998343 0.0575426 0
    outer loop
      vertex -7.67274 -0.252502 2.7
      vertex -7.70399 -0.794678 2.5
      vertex -7.70399 -0.794678 2.7
    endloop
  endfacet
  facet normal -0.998355 -0.0573291 0
    outer loop
      vertex -7.67274 -1.33888 2.5
      vertex -7.70399 -0.794678 2.7
      vertex -7.70399 -0.794678 2.5
    endloop
  endfacet
  facet normal -0.998355 -0.0573291 0
    outer loop
      vertex -7.70399 -0.794678 2.7
      vertex -7.67274 -1.33888 2.5
      vertex -7.67274 -1.33888 2.7
    endloop
  endfacet
  facet normal -0.982583 -0.185826 0
    outer loop
      vertex -7.57901 -1.83449 2.5
      vertex -7.67274 -1.33888 2.7
      vertex -7.67274 -1.33888 2.5
    endloop
  endfacet
  facet normal -0.982583 -0.185826 0
    outer loop
      vertex -7.67274 -1.33888 2.7
      vertex -7.57901 -1.83449 2.5
      vertex -7.57901 -1.83449 2.7
    endloop
  endfacet
  facet normal -0.944003 -0.329936 0
    outer loop
      vertex -7.42278 -2.28149 2.5
      vertex -7.57901 -1.83449 2.7
      vertex -7.57901 -1.83449 2.5
    endloop
  endfacet
  facet normal -0.944003 -0.329936 0
    outer loop
      vertex -7.57901 -1.83449 2.7
      vertex -7.42278 -2.28149 2.5
      vertex -7.42278 -2.28149 2.7
    endloop
  endfacet
  facet normal -0.876565 -0.481284 0
    outer loop
      vertex -7.20403 -2.6799 2.5
      vertex -7.42278 -2.28149 2.7
      vertex -7.42278 -2.28149 2.5
    endloop
  endfacet
  facet normal -0.876565 -0.481284 0
    outer loop
      vertex -7.42278 -2.28149 2.7
      vertex -7.20403 -2.6799 2.5
      vertex -7.20403 -2.6799 2.7
    endloop
  endfacet
  facet normal -0.779375 -0.626557 0
    outer loop
      vertex -6.92281 -3.02971 2.5
      vertex -7.20403 -2.6799 2.7
      vertex -7.20403 -2.6799 2.5
    endloop
  endfacet
  facet normal -0.779375 -0.626557 0
    outer loop
      vertex -7.20403 -2.6799 2.7
      vertex -6.92281 -3.02971 2.5
      vertex -6.92281 -3.02971 2.7
    endloop
  endfacet
  facet normal -0.657014 -0.753878 0
    outer loop
      vertex -6.92281 -3.02971 2.5
      vertex -6.58667 -3.32266 2.7
      vertex -6.92281 -3.02971 2.7
    endloop
  endfacet
  facet normal -0.657014 -0.753878 -0
    outer loop
      vertex -6.58667 -3.32266 2.7
      vertex -6.92281 -3.02971 2.5
      vertex -6.58667 -3.32266 2.5
    endloop
  endfacet
  facet normal -0.510848 -0.859671 0
    outer loop
      vertex -6.58667 -3.32266 2.5
      vertex -6.20322 -3.55052 2.7
      vertex -6.58667 -3.32266 2.7
    endloop
  endfacet
  facet normal -0.510848 -0.859671 -0
    outer loop
      vertex -6.20322 -3.55052 2.7
      vertex -6.58667 -3.32266 2.5
      vertex -6.20322 -3.55052 2.5
    endloop
  endfacet
  facet normal -0.35345 -0.935453 0
    outer loop
      vertex -6.20322 -3.55052 2.5
      vertex -5.77248 -3.71327 2.7
      vertex -6.20322 -3.55052 2.7
    endloop
  endfacet
  facet normal -0.35345 -0.935453 -0
    outer loop
      vertex -5.77248 -3.71327 2.7
      vertex -6.20322 -3.55052 2.5
      vertex -5.77248 -3.71327 2.5
    endloop
  endfacet
  facet normal -0.200142 -0.979767 0
    outer loop
      vertex -5.77248 -3.71327 2.5
      vertex -5.2944 -3.81093 2.7
      vertex -5.77248 -3.71327 2.7
    endloop
  endfacet
  facet normal -0.200142 -0.979767 -0
    outer loop
      vertex -5.2944 -3.81093 2.7
      vertex -5.77248 -3.71327 2.5
      vertex -5.2944 -3.81093 2.5
    endloop
  endfacet
  facet normal -0.0618389 -0.998086 0
    outer loop
      vertex -5.2944 -3.81093 2.5
      vertex -4.76904 -3.84348 2.7
      vertex -5.2944 -3.81093 2.7
    endloop
  endfacet
  facet normal -0.0618389 -0.998086 -0
    outer loop
      vertex -4.76904 -3.84348 2.7
      vertex -5.2944 -3.81093 2.5
      vertex -4.76904 -3.84348 2.5
    endloop
  endfacet
  facet normal 0.0604647 -0.99817 0
    outer loop
      vertex -4.76904 -3.84348 2.5
      vertex -4.23351 -3.81104 2.7
      vertex -4.76904 -3.84348 2.7
    endloop
  endfacet
  facet normal 0.0604647 -0.99817 0
    outer loop
      vertex -4.23351 -3.81104 2.7
      vertex -4.76904 -3.84348 2.5
      vertex -4.23351 -3.81104 2.5
    endloop
  endfacet
  facet normal 0.269373 0.963036 -0
    outer loop
      vertex -5.02937 -2.78137 2.5
      vertex -5.24931 -2.71985 2.7
      vertex -5.02937 -2.78137 2.7
    endloop
  endfacet
  facet normal 0.269373 0.963036 0
    outer loop
      vertex -5.24931 -2.71985 2.7
      vertex -5.02937 -2.78137 2.5
      vertex -5.24931 -2.71985 2.5
    endloop
  endfacet
  facet normal 0.463838 0.88592 -0
    outer loop
      vertex -5.24931 -2.71985 2.5
      vertex -5.44514 -2.61732 2.7
      vertex -5.24931 -2.71985 2.7
    endloop
  endfacet
  facet normal 0.463838 0.88592 0
    outer loop
      vertex -5.44514 -2.61732 2.7
      vertex -5.24931 -2.71985 2.5
      vertex -5.44514 -2.61732 2.5
    endloop
  endfacet
  facet normal 0.64123 0.767349 -0
    outer loop
      vertex -5.44514 -2.61732 2.5
      vertex -5.6169 -2.47379 2.7
      vertex -5.44514 -2.61732 2.7
    endloop
  endfacet
  facet normal 0.64123 0.767349 0
    outer loop
      vertex -5.6169 -2.47379 2.7
      vertex -5.44514 -2.61732 2.5
      vertex -5.6169 -2.47379 2.5
    endloop
  endfacet
  facet normal 0.780844 0.624726 0
    outer loop
      vertex -5.6169 -2.47379 2.7
      vertex -5.76456 -2.28923 2.5
      vertex -5.76456 -2.28923 2.7
    endloop
  endfacet
  facet normal 0.780844 0.624726 0
    outer loop
      vertex -5.76456 -2.28923 2.5
      vertex -5.6169 -2.47379 2.7
      vertex -5.6169 -2.47379 2.5
    endloop
  endfacet
  facet normal 0.87796 0.478734 0
    outer loop
      vertex -5.76456 -2.28923 2.7
      vertex -5.88661 -2.0654 2.5
      vertex -5.88661 -2.0654 2.7
    endloop
  endfacet
  facet normal 0.87796 0.478734 0
    outer loop
      vertex -5.88661 -2.0654 2.5
      vertex -5.76456 -2.28923 2.7
      vertex -5.76456 -2.28923 2.5
    endloop
  endfacet
  facet normal 0.939913 0.341414 0
    outer loop
      vertex -5.88661 -2.0654 2.7
      vertex -5.98155 -1.80403 2.5
      vertex -5.98155 -1.80403 2.7
    endloop
  endfacet
  facet normal 0.939913 0.341414 0
    outer loop
      vertex -5.98155 -1.80403 2.5
      vertex -5.88661 -2.0654 2.7
      vertex -5.88661 -2.0654 2.5
    endloop
  endfacet
  facet normal 0.975226 0.221212 0
    outer loop
      vertex -5.98155 -1.80403 2.7
      vertex -6.04935 -1.50513 2.5
      vertex -6.04935 -1.50513 2.7
    endloop
  endfacet
  facet normal 0.975226 0.221212 0
    outer loop
      vertex -6.04935 -1.50513 2.5
      vertex -5.98155 -1.80403 2.7
      vertex -5.98155 -1.80403 2.5
    endloop
  endfacet
  facet normal 0.992767 0.120061 0
    outer loop
      vertex -6.04935 -1.50513 2.7
      vertex -6.09004 -1.16867 2.5
      vertex -6.09004 -1.16867 2.7
    endloop
  endfacet
  facet normal 0.992767 0.120061 0
    outer loop
      vertex -6.09004 -1.16867 2.5
      vertex -6.04935 -1.50513 2.7
      vertex -6.04935 -1.50513 2.5
    endloop
  endfacet
  facet normal 0.999342 0.0362603 0
    outer loop
      vertex -6.09004 -1.16867 2.7
      vertex -6.10361 -0.794678 2.5
      vertex -6.10361 -0.794678 2.7
    endloop
  endfacet
  facet normal 0.999342 0.0362603 0
    outer loop
      vertex -6.10361 -0.794678 2.5
      vertex -6.09004 -1.16867 2.7
      vertex -6.09004 -1.16867 2.5
    endloop
  endfacet
  facet normal 0.997009 -0.0772813 0
    outer loop
      vertex -6.10361 -0.794678 2.7
      vertex -6.04805 -0.0778961 2.5
      vertex -6.04805 -0.0778961 2.7
    endloop
  endfacet
  facet normal 0.997009 -0.0772813 0
    outer loop
      vertex -6.04805 -0.0778961 2.5
      vertex -6.10361 -0.794678 2.7
      vertex -6.10361 -0.794678 2.5
    endloop
  endfacet
  facet normal 0.958102 -0.286427 0
    outer loop
      vertex -6.04805 -0.0778961 2.7
      vertex -5.88139 0.479584 2.5
      vertex -5.88139 0.479584 2.7
    endloop
  endfacet
  facet normal 0.958102 -0.286427 0
    outer loop
      vertex -5.88139 0.479584 2.5
      vertex -6.04805 -0.0778961 2.7
      vertex -6.04805 -0.0778961 2.5
    endloop
  endfacet
  facet normal 0.820194 -0.572085 0
    outer loop
      vertex -5.88139 0.479584 2.7
      vertex -5.60364 0.877792 2.5
      vertex -5.60364 0.877792 2.7
    endloop
  endfacet
  facet normal 0.820194 -0.572085 0
    outer loop
      vertex -5.60364 0.877792 2.5
      vertex -5.88139 0.479584 2.7
      vertex -5.88139 0.479584 2.5
    endloop
  endfacet
  facet normal 0.523483 -0.852036 0
    outer loop
      vertex -5.60364 0.877792 2.5
      vertex -5.21477 1.11671 2.7
      vertex -5.60364 0.877792 2.7
    endloop
  endfacet
  facet normal 0.523483 -0.852036 0
    outer loop
      vertex -5.21477 1.11671 2.7
      vertex -5.60364 0.877792 2.5
      vertex -5.21477 1.11671 2.5
    endloop
  endfacet
  facet normal 0.157306 -0.98755 0
    outer loop
      vertex -5.21477 1.11671 2.5
      vertex -4.7148 1.19635 2.7
      vertex -5.21477 1.11671 2.7
    endloop
  endfacet
  facet normal 0.157306 -0.98755 0
    outer loop
      vertex -4.7148 1.19635 2.7
      vertex -5.21477 1.11671 2.5
      vertex -4.7148 1.19635 2.5
    endloop
  endfacet
  facet normal -0.0759033 -0.997115 0
    outer loop
      vertex -4.7148 1.19635 2.5
      vertex -4.46678 1.17747 2.7
      vertex -4.7148 1.19635 2.7
    endloop
  endfacet
  facet normal -0.0759033 -0.997115 -0
    outer loop
      vertex -4.46678 1.17747 2.7
      vertex -4.7148 1.19635 2.5
      vertex -4.46678 1.17747 2.5
    endloop
  endfacet
  facet normal -0.245885 -0.969299 0
    outer loop
      vertex -4.46678 1.17747 2.5
      vertex -4.2435 1.12083 2.7
      vertex -4.46678 1.17747 2.7
    endloop
  endfacet
  facet normal -0.245885 -0.969299 -0
    outer loop
      vertex -4.2435 1.12083 2.7
      vertex -4.46678 1.17747 2.5
      vertex -4.2435 1.12083 2.5
    endloop
  endfacet
  facet normal -0.429421 -0.903104 0
    outer loop
      vertex -4.2435 1.12083 2.5
      vertex -4.04497 1.02643 2.7
      vertex -4.2435 1.12083 2.7
    endloop
  endfacet
  facet normal -0.429421 -0.903104 -0
    outer loop
      vertex -4.04497 1.02643 2.7
      vertex -4.2435 1.12083 2.5
      vertex -4.04497 1.02643 2.5
    endloop
  endfacet
  facet normal -0.605242 -0.796041 0
    outer loop
      vertex -4.04497 1.02643 2.5
      vertex -3.87115 0.894272 2.7
      vertex -4.04497 1.02643 2.7
    endloop
  endfacet
  facet normal -0.605242 -0.796041 -0
    outer loop
      vertex -3.87115 0.894272 2.7
      vertex -4.04497 1.02643 2.5
      vertex -3.87115 0.894272 2.5
    endloop
  endfacet
  facet normal -0.751725 -0.659477 0
    outer loop
      vertex -3.72208 0.72435 2.5
      vertex -3.87115 0.894272 2.7
      vertex -3.87115 0.894272 2.5
    endloop
  endfacet
  facet normal -0.751725 -0.659477 0
    outer loop
      vertex -3.87115 0.894272 2.7
      vertex -3.72208 0.72435 2.5
      vertex -3.72208 0.72435 2.7
    endloop
  endfacet
  facet normal -0.864622 -0.502422 0
    outer loop
      vertex -3.59901 0.512558 2.5
      vertex -3.72208 0.72435 2.7
      vertex -3.72208 0.72435 2.5
    endloop
  endfacet
  facet normal -0.864622 -0.502422 0
    outer loop
      vertex -3.72208 0.72435 2.7
      vertex -3.59901 0.512558 2.5
      vertex -3.59901 0.512558 2.7
    endloop
  endfacet
  facet normal -0.937484 -0.34803 0
    outer loop
      vertex -3.5033 0.254745 2.5
      vertex -3.59901 0.512558 2.7
      vertex -3.59901 0.512558 2.5
    endloop
  endfacet
  facet normal -0.937484 -0.34803 0
    outer loop
      vertex -3.59901 0.512558 2.7
      vertex -3.5033 0.254745 2.5
      vertex -3.5033 0.254745 2.7
    endloop
  endfacet
  facet normal -0.975604 -0.219537 0
    outer loop
      vertex -3.43494 -0.0490417 2.5
      vertex -3.5033 0.254745 2.7
      vertex -3.5033 0.254745 2.5
    endloop
  endfacet
  facet normal -0.975604 -0.219537 0
    outer loop
      vertex -3.5033 0.254745 2.7
      vertex -3.43494 -0.0490417 2.5
      vertex -3.43494 -0.0490417 2.7
    endloop
  endfacet
  facet normal -0.993195 -0.116461 0
    outer loop
      vertex -3.39392 -0.398865 2.5
      vertex -3.43494 -0.0490417 2.7
      vertex -3.43494 -0.0490417 2.5
    endloop
  endfacet
  facet normal -0.993195 -0.116461 0
    outer loop
      vertex -3.43494 -0.0490417 2.7
      vertex -3.39392 -0.398865 2.5
      vertex -3.39392 -0.398865 2.7
    endloop
  endfacet
  facet normal -0.999402 -0.0345664 0
    outer loop
      vertex -3.38023 -0.794678 2.5
      vertex -3.39392 -0.398865 2.7
      vertex -3.39392 -0.398865 2.5
    endloop
  endfacet
  facet normal -0.999402 -0.0345664 0
    outer loop
      vertex -3.39392 -0.398865 2.7
      vertex -3.38023 -0.794678 2.5
      vertex -3.38023 -0.794678 2.7
    endloop
  endfacet
  facet normal -0.996987 0.0775699 0
    outer loop
      vertex -3.43645 -1.51726 2.5
      vertex -3.38023 -0.794678 2.7
      vertex -3.38023 -0.794678 2.5
    endloop
  endfacet
  facet normal -0.996987 0.0775699 0
    outer loop
      vertex -3.38023 -0.794678 2.7
      vertex -3.43645 -1.51726 2.5
      vertex -3.43645 -1.51726 2.7
    endloop
  endfacet
  facet normal -0.957824 0.287354 0
    outer loop
      vertex -3.60506 -2.07928 2.5
      vertex -3.43645 -1.51726 2.7
      vertex -3.43645 -1.51726 2.5
    endloop
  endfacet
  facet normal -0.957824 0.287354 0
    outer loop
      vertex -3.43645 -1.51726 2.7
      vertex -3.60506 -2.07928 2.5
      vertex -3.60506 -2.07928 2.7
    endloop
  endfacet
  facet normal -0.819214 0.573488 0
    outer loop
      vertex -3.88608 -2.48071 2.5
      vertex -3.60506 -2.07928 2.7
      vertex -3.60506 -2.07928 2.5
    endloop
  endfacet
  facet normal -0.819214 0.573488 0
    outer loop
      vertex -3.60506 -2.07928 2.7
      vertex -3.88608 -2.48071 2.5
      vertex -3.88608 -2.48071 2.7
    endloop
  endfacet
  facet normal -0.522161 0.852847 0
    outer loop
      vertex -3.88608 -2.48071 2.5
      vertex -4.27951 -2.72159 2.7
      vertex -3.88608 -2.48071 2.7
    endloop
  endfacet
  facet normal -0.522161 0.852847 0
    outer loop
      vertex -4.27951 -2.72159 2.7
      vertex -3.88608 -2.48071 2.5
      vertex -4.27951 -2.72159 2.5
    endloop
  endfacet
  facet normal -0.156764 0.987636 0
    outer loop
      vertex -4.27951 -2.72159 2.5
      vertex -4.78535 -2.80188 2.7
      vertex -4.27951 -2.72159 2.7
    endloop
  endfacet
  facet normal -0.156764 0.987636 0
    outer loop
      vertex -4.78535 -2.80188 2.7
      vertex -4.27951 -2.72159 2.5
      vertex -4.78535 -2.80188 2.5
    endloop
  endfacet
  facet normal 0.0837552 0.996486 -0
    outer loop
      vertex -4.78535 -2.80188 2.5
      vertex -5.02937 -2.78137 2.7
      vertex -4.78535 -2.80188 2.7
    endloop
  endfacet
  facet normal 0.0837552 0.996486 0
    outer loop
      vertex -5.02937 -2.78137 2.7
      vertex -4.78535 -2.80188 2.5
      vertex -5.02937 -2.78137 2.5
    endloop
  endfacet
  facet normal 0.301627 -0.953426 0
    outer loop
      vertex 7.74052 -3.79726 2.5
      vertex 8.17888 -3.65858 2.7
      vertex 7.74052 -3.79726 2.7
    endloop
  endfacet
  facet normal 0.301627 -0.953426 0
    outer loop
      vertex 8.17888 -3.65858 2.7
      vertex 7.74052 -3.79726 2.5
      vertex 8.17888 -3.65858 2.5
    endloop
  endfacet
  facet normal 0.513407 -0.858145 0
    outer loop
      vertex 8.17888 -3.65858 2.5
      vertex 8.56514 -3.42749 2.7
      vertex 8.17888 -3.65858 2.7
    endloop
  endfacet
  facet normal 0.513407 -0.858145 0
    outer loop
      vertex 8.56514 -3.42749 2.7
      vertex 8.17888 -3.65858 2.5
      vertex 8.56514 -3.42749 2.5
    endloop
  endfacet
  facet normal 0.695566 -0.718462 0
    outer loop
      vertex 8.56514 -3.42749 2.5
      vertex 8.89934 -3.10394 2.7
      vertex 8.56514 -3.42749 2.7
    endloop
  endfacet
  facet normal 0.695566 -0.718462 0
    outer loop
      vertex 8.89934 -3.10394 2.7
      vertex 8.56514 -3.42749 2.5
      vertex 8.89934 -3.10394 2.5
    endloop
  endfacet
  facet normal 0.827635 -0.561267 0
    outer loop
      vertex 8.89934 -3.10394 2.7
      vertex 9.18144 -2.68796 2.5
      vertex 9.18144 -2.68796 2.7
    endloop
  endfacet
  facet normal 0.827635 -0.561267 0
    outer loop
      vertex 9.18144 -2.68796 2.5
      vertex 8.89934 -3.10394 2.7
      vertex 8.89934 -3.10394 2.5
    endloop
  endfacet
  facet normal 0 -1 0
    outer loop
      vertex 9.18144 -2.68796 2.5
      vertex 9.21391 -2.68796 2.7
      vertex 9.18144 -2.68796 2.7
    endloop
  endfacet
  facet normal 0 -1 -0
    outer loop
      vertex 9.21391 -2.68796 2.7
      vertex 9.18144 -2.68796 2.5
      vertex 9.21391 -2.68796 2.5
    endloop
  endfacet
  facet normal -0.989458 -0.144822 0
    outer loop
      vertex 9.24443 -2.89648 2.5
      vertex 9.21391 -2.68796 2.7
      vertex 9.21391 -2.68796 2.5
    endloop
  endfacet
  facet normal -0.989458 -0.144822 0
    outer loop
      vertex 9.21391 -2.68796 2.7
      vertex 9.24443 -2.89648 2.5
      vertex 9.24443 -2.89648 2.7
    endloop
  endfacet
  facet normal -0.968593 -0.248652 0
    outer loop
      vertex 9.29251 -3.08377 2.5
      vertex 9.24443 -2.89648 2.7
      vertex 9.24443 -2.89648 2.5
    endloop
  endfacet
  facet normal -0.968593 -0.248652 0
    outer loop
      vertex 9.24443 -2.89648 2.7
      vertex 9.29251 -3.08377 2.5
      vertex 9.29251 -3.08377 2.7
    endloop
  endfacet
  facet normal -0.929953 -0.367679 0
    outer loop
      vertex 9.35815 -3.24979 2.5
      vertex 9.29251 -3.08377 2.7
      vertex 9.29251 -3.08377 2.5
    endloop
  endfacet
  facet normal -0.929953 -0.367679 0
    outer loop
      vertex 9.29251 -3.08377 2.7
      vertex 9.35815 -3.24979 2.5
      vertex 9.35815 -3.24979 2.7
    endloop
  endfacet
  facet normal -0.866895 -0.498491 0
    outer loop
      vertex 9.44138 -3.39453 2.5
      vertex 9.35815 -3.24979 2.7
      vertex 9.35815 -3.24979 2.5
    endloop
  endfacet
  facet normal -0.866895 -0.498491 0
    outer loop
      vertex 9.35815 -3.24979 2.7
      vertex 9.44138 -3.39453 2.5
      vertex 9.44138 -3.39453 2.7
    endloop
  endfacet
  facet normal -0.774798 -0.632209 0
    outer loop
      vertex 9.54216 -3.51804 2.5
      vertex 9.44138 -3.39453 2.7
      vertex 9.44138 -3.39453 2.5
    endloop
  endfacet
  facet normal -0.774798 -0.632209 0
    outer loop
      vertex 9.44138 -3.39453 2.7
      vertex 9.54216 -3.51804 2.5
      vertex 9.54216 -3.51804 2.7
    endloop
  endfacet
  facet normal -0.64083 -0.767683 0
    outer loop
      vertex 9.54216 -3.51804 2.5
      vertex 9.6638 -3.61958 2.7
      vertex 9.54216 -3.51804 2.7
    endloop
  endfacet
  facet normal -0.64083 -0.767683 -0
    outer loop
      vertex 9.6638 -3.61958 2.7
      vertex 9.54216 -3.51804 2.5
      vertex 9.6638 -3.61958 2.5
    endloop
  endfacet
  facet normal -0.476509 -0.87917 0
    outer loop
      vertex 9.6638 -3.61958 2.5
      vertex 9.80952 -3.69856 2.7
      vertex 9.6638 -3.61958 2.7
    endloop
  endfacet
  facet normal -0.476509 -0.87917 -0
    outer loop
      vertex 9.80952 -3.69856 2.7
      vertex 9.6638 -3.61958 2.5
      vertex 9.80952 -3.69856 2.5
    endloop
  endfacet
  facet normal -0.315238 -0.949012 0
    outer loop
      vertex 9.80952 -3.69856 2.5
      vertex 9.97934 -3.75497 2.7
      vertex 9.80952 -3.69856 2.7
    endloop
  endfacet
  facet normal -0.315238 -0.949012 -0
    outer loop
      vertex 9.97934 -3.75497 2.7
      vertex 9.80952 -3.69856 2.5
      vertex 9.97934 -3.75497 2.5
    endloop
  endfacet
  facet normal -0.172057 -0.985087 0
    outer loop
      vertex 9.97934 -3.75497 2.5
      vertex 10.1732 -3.78883 2.7
      vertex 9.97934 -3.75497 2.7
    endloop
  endfacet
  facet normal -0.172057 -0.985087 -0
    outer loop
      vertex 10.1732 -3.78883 2.7
      vertex 9.97934 -3.75497 2.5
      vertex 10.1732 -3.78883 2.5
    endloop
  endfacet
  facet normal -0.051674 -0.998664 0
    outer loop
      vertex 10.1732 -3.78883 2.5
      vertex 10.3912 -3.80011 2.7
      vertex 10.1732 -3.78883 2.7
    endloop
  endfacet
  facet normal -0.051674 -0.998664 -0
    outer loop
      vertex 10.3912 -3.80011 2.7
      vertex 10.1732 -3.78883 2.5
      vertex 10.3912 -3.80011 2.5
    endloop
  endfacet
  facet normal 0.0067715 -0.999977 0
    outer loop
      vertex 10.3912 -3.80011 2.5
      vertex 10.4547 -3.79968 2.7
      vertex 10.3912 -3.80011 2.7
    endloop
  endfacet
  facet normal 0.0067715 -0.999977 0
    outer loop
      vertex 10.4547 -3.79968 2.7
      vertex 10.3912 -3.80011 2.5
      vertex 10.4547 -3.79968 2.5
    endloop
  endfacet
  facet normal 0.0217556 -0.999763 0
    outer loop
      vertex 10.4547 -3.79968 2.5
      vertex 10.5149 -3.79837 2.7
      vertex 10.4547 -3.79968 2.7
    endloop
  endfacet
  facet normal 0.0217556 -0.999763 0
    outer loop
      vertex 10.5149 -3.79837 2.7
      vertex 10.4547 -3.79968 2.5
      vertex 10.5149 -3.79837 2.5
    endloop
  endfacet
  facet normal 0.0382847 -0.999267 0
    outer loop
      vertex 10.5149 -3.79837 2.5
      vertex 10.5718 -3.79619 2.7
      vertex 10.5149 -3.79837 2.7
    endloop
  endfacet
  facet normal 0.0382847 -0.999267 0
    outer loop
      vertex 10.5718 -3.79619 2.7
      vertex 10.5149 -3.79837 2.5
      vertex 10.5718 -3.79619 2.5
    endloop
  endfacet
  facet normal 0.0565203 -0.998401 0
    outer loop
      vertex 10.5718 -3.79619 2.5
      vertex 10.6255 -3.79315 2.7
      vertex 10.5718 -3.79619 2.7
    endloop
  endfacet
  facet normal 0.0565203 -0.998401 0
    outer loop
      vertex 10.6255 -3.79315 2.7
      vertex 10.5718 -3.79619 2.5
      vertex 10.6255 -3.79315 2.5
    endloop
  endfacet
  facet normal 0.077391 -0.997001 0
    outer loop
      vertex 10.6255 -3.79315 2.5
      vertex 10.676 -3.78923 2.7
      vertex 10.6255 -3.79315 2.7
    endloop
  endfacet
  facet normal 0.077391 -0.997001 0
    outer loop
      vertex 10.676 -3.78923 2.7
      vertex 10.6255 -3.79315 2.5
      vertex 10.676 -3.78923 2.5
    endloop
  endfacet
  facet normal 0.093379 -0.995631 0
    outer loop
      vertex 10.676 -3.78923 2.5
      vertex 10.7243 -3.7847 2.7
      vertex 10.676 -3.78923 2.7
    endloop
  endfacet
  facet normal 0.093379 -0.995631 0
    outer loop
      vertex 10.7243 -3.7847 2.7
      vertex 10.676 -3.78923 2.5
      vertex 10.7243 -3.7847 2.5
    endloop
  endfacet
  facet normal 0.105134 -0.994458 0
    outer loop
      vertex 10.7243 -3.7847 2.5
      vertex 10.7715 -3.77971 2.7
      vertex 10.7243 -3.7847 2.7
    endloop
  endfacet
  facet normal 0.105134 -0.994458 0
    outer loop
      vertex 10.7715 -3.77971 2.7
      vertex 10.7243 -3.7847 2.5
      vertex 10.7715 -3.77971 2.5
    endloop
  endfacet
  facet normal 0.116766 -0.993159 0
    outer loop
      vertex 10.7715 -3.77971 2.5
      vertex 10.8176 -3.77429 2.7
      vertex 10.7715 -3.77971 2.7
    endloop
  endfacet
  facet normal 0.116766 -0.993159 0
    outer loop
      vertex 10.8176 -3.77429 2.7
      vertex 10.7715 -3.77971 2.5
      vertex 10.8176 -3.77429 2.5
    endloop
  endfacet
  facet normal 0.129349 -0.991599 0
    outer loop
      vertex 10.8176 -3.77429 2.5
      vertex 10.8626 -3.76842 2.7
      vertex 10.8176 -3.77429 2.7
    endloop
  endfacet
  facet normal 0.129349 -0.991599 0
    outer loop
      vertex 10.8626 -3.76842 2.7
      vertex 10.8176 -3.77429 2.5
      vertex 10.8626 -3.76842 2.5
    endloop
  endfacet
  facet normal 0.141736 -0.989904 0
    outer loop
      vertex 10.8626 -3.76842 2.5
      vertex 10.9066 -3.76212 2.7
      vertex 10.8626 -3.76842 2.7
    endloop
  endfacet
  facet normal 0.141736 -0.989904 0
    outer loop
      vertex 10.9066 -3.76212 2.7
      vertex 10.8626 -3.76842 2.5
      vertex 10.9066 -3.76212 2.5
    endloop
  endfacet
  facet normal 0.15768 -0.98749 0
    outer loop
      vertex 10.9066 -3.76212 2.5
      vertex 10.95 -3.75519 2.7
      vertex 10.9066 -3.76212 2.7
    endloop
  endfacet
  facet normal 0.15768 -0.98749 0
    outer loop
      vertex 10.95 -3.75519 2.7
      vertex 10.9066 -3.76212 2.5
      vertex 10.95 -3.75519 2.5
    endloop
  endfacet
  facet normal 0.177505 -0.98412 0
    outer loop
      vertex 10.95 -3.75519 2.5
      vertex 10.9933 -3.74738 2.7
      vertex 10.95 -3.75519 2.7
    endloop
  endfacet
  facet normal 0.177505 -0.98412 0
    outer loop
      vertex 10.9933 -3.74738 2.7
      vertex 10.95 -3.75519 2.5
      vertex 10.9933 -3.74738 2.5
    endloop
  endfacet
  facet normal 0.195899 -0.980624 0
    outer loop
      vertex 10.9933 -3.74738 2.5
      vertex 11.0367 -3.73871 2.7
      vertex 10.9933 -3.74738 2.7
    endloop
  endfacet
  facet normal 0.195899 -0.980624 0
    outer loop
      vertex 11.0367 -3.73871 2.7
      vertex 10.9933 -3.74738 2.5
      vertex 11.0367 -3.73871 2.5
    endloop
  endfacet
  facet normal 0.21469 -0.976682 0
    outer loop
      vertex 11.0367 -3.73871 2.5
      vertex 11.0801 -3.72917 2.7
      vertex 11.0367 -3.73871 2.7
    endloop
  endfacet
  facet normal 0.21469 -0.976682 0
    outer loop
      vertex 11.0801 -3.72917 2.7
      vertex 11.0367 -3.73871 2.5
      vertex 11.0801 -3.72917 2.5
    endloop
  endfacet
  facet normal 0.233458 -0.972367 0
    outer loop
      vertex 11.0801 -3.72917 2.5
      vertex 11.1235 -3.71875 2.7
      vertex 11.0801 -3.72917 2.7
    endloop
  endfacet
  facet normal 0.233458 -0.972367 0
    outer loop
      vertex 11.1235 -3.71875 2.7
      vertex 11.0801 -3.72917 2.5
      vertex 11.1235 -3.71875 2.5
    endloop
  endfacet
  facet normal 0.241817 -0.970322 0
    outer loop
      vertex 11.1235 -3.71875 2.5
      vertex 11.168 -3.70766 2.7
      vertex 11.1235 -3.71875 2.7
    endloop
  endfacet
  facet normal 0.241817 -0.970322 0
    outer loop
      vertex 11.168 -3.70766 2.7
      vertex 11.1235 -3.71875 2.5
      vertex 11.168 -3.70766 2.5
    endloop
  endfacet
  facet normal 0.239306 -0.970944 0
    outer loop
      vertex 11.168 -3.70766 2.5
      vertex 11.2147 -3.69615 2.7
      vertex 11.168 -3.70766 2.7
    endloop
  endfacet
  facet normal 0.239306 -0.970944 0
    outer loop
      vertex 11.2147 -3.69615 2.7
      vertex 11.168 -3.70766 2.5
      vertex 11.2147 -3.69615 2.5
    endloop
  endfacet
  facet normal 0.23785 -0.971302 0
    outer loop
      vertex 11.2147 -3.69615 2.5
      vertex 11.2635 -3.6842 2.7
      vertex 11.2147 -3.69615 2.7
    endloop
  endfacet
  facet normal 0.23785 -0.971302 0
    outer loop
      vertex 11.2635 -3.6842 2.7
      vertex 11.2147 -3.69615 2.5
      vertex 11.2635 -3.6842 2.5
    endloop
  endfacet
  facet normal 0.235175 -0.971953 0
    outer loop
      vertex 11.2635 -3.6842 2.5
      vertex 11.3145 -3.67186 2.7
      vertex 11.2635 -3.6842 2.7
    endloop
  endfacet
  facet normal 0.235175 -0.971953 0
    outer loop
      vertex 11.3145 -3.67186 2.7
      vertex 11.2635 -3.6842 2.5
      vertex 11.3145 -3.67186 2.5
    endloop
  endfacet
  facet normal 0.233753 -0.972296 0
    outer loop
      vertex 11.3145 -3.67186 2.5
      vertex 11.3677 -3.65907 2.7
      vertex 11.3145 -3.67186 2.7
    endloop
  endfacet
  facet normal 0.233753 -0.972296 0
    outer loop
      vertex 11.3677 -3.65907 2.7
      vertex 11.3145 -3.67186 2.5
      vertex 11.3677 -3.65907 2.5
    endloop
  endfacet
  facet normal 1 -0 0
    outer loop
      vertex 11.3677 -3.65907 2.7
      vertex 11.3677 -2.83443 2.5
      vertex 11.3677 -2.83443 2.7
    endloop
  endfacet
  facet normal 1 0 0
    outer loop
      vertex 11.3677 -2.83443 2.5
      vertex 11.3677 -3.65907 2.7
      vertex 11.3677 -3.65907 2.5
    endloop
  endfacet
  facet normal -0.17628 0.98434 0
    outer loop
      vertex 11.3677 -2.83443 2.5
      vertex 11.3022 -2.84616 2.7
      vertex 11.3677 -2.83443 2.7
    endloop
  endfacet
  facet normal -0.17628 0.98434 0
    outer loop
      vertex 11.3022 -2.84616 2.7
      vertex 11.3677 -2.83443 2.5
      vertex 11.3022 -2.84616 2.5
    endloop
  endfacet
  facet normal -0.135925 0.990719 0
    outer loop
      vertex 11.3022 -2.84616 2.5
      vertex 11.2358 -2.85527 2.7
      vertex 11.3022 -2.84616 2.7
    endloop
  endfacet
  facet normal -0.135925 0.990719 0
    outer loop
      vertex 11.2358 -2.85527 2.7
      vertex 11.3022 -2.84616 2.5
      vertex 11.2358 -2.85527 2.5
    endloop
  endfacet
  facet normal -0.0964282 0.99534 0
    outer loop
      vertex 11.2358 -2.85527 2.5
      vertex 11.1685 -2.86179 2.7
      vertex 11.2358 -2.85527 2.7
    endloop
  endfacet
  facet normal -0.0964282 0.99534 0
    outer loop
      vertex 11.1685 -2.86179 2.7
      vertex 11.2358 -2.85527 2.5
      vertex 11.1685 -2.86179 2.5
    endloop
  endfacet
  facet normal -0.057175 0.998364 0
    outer loop
      vertex 11.1685 -2.86179 2.5
      vertex 11.1004 -2.86569 2.7
      vertex 11.1685 -2.86179 2.7
    endloop
  endfacet
  facet normal -0.057175 0.998364 0
    outer loop
      vertex 11.1004 -2.86569 2.7
      vertex 11.1685 -2.86179 2.5
      vertex 11.1004 -2.86569 2.5
    endloop
  endfacet
  facet normal -0.0188372 0.999823 0
    outer loop
      vertex 11.1004 -2.86569 2.5
      vertex 11.0314 -2.86699 2.7
      vertex 11.1004 -2.86569 2.7
    endloop
  endfacet
  facet normal -0.0188372 0.999823 0
    outer loop
      vertex 11.0314 -2.86699 2.7
      vertex 11.1004 -2.86569 2.5
      vertex 11.0314 -2.86699 2.5
    endloop
  endfacet
  facet normal 0.0759511 0.997112 -0
    outer loop
      vertex 11.0314 -2.86699 2.5
      vertex 10.9332 -2.85951 2.7
      vertex 11.0314 -2.86699 2.7
    endloop
  endfacet
  facet normal 0.0759511 0.997112 0
    outer loop
      vertex 10.9332 -2.85951 2.7
      vertex 11.0314 -2.86699 2.5
      vertex 10.9332 -2.85951 2.5
    endloop
  endfacet
  facet normal 0.251865 0.967762 -0
    outer loop
      vertex 10.9332 -2.85951 2.5
      vertex 10.8469 -2.83705 2.7
      vertex 10.9332 -2.85951 2.7
    endloop
  endfacet
  facet normal 0.251865 0.967762 0
    outer loop
      vertex 10.8469 -2.83705 2.7
      vertex 10.9332 -2.85951 2.5
      vertex 10.8469 -2.83705 2.5
    endloop
  endfacet
  facet normal 0.449904 0.893077 -0
    outer loop
      vertex 10.8469 -2.83705 2.5
      vertex 10.7726 -2.79962 2.7
      vertex 10.8469 -2.83705 2.7
    endloop
  endfacet
  facet normal 0.449904 0.893077 0
    outer loop
      vertex 10.7726 -2.79962 2.7
      vertex 10.8469 -2.83705 2.5
      vertex 10.7726 -2.79962 2.5
    endloop
  endfacet
  facet normal 0.642933 0.765922 -0
    outer loop
      vertex 10.7726 -2.79962 2.5
      vertex 10.7102 -2.74724 2.7
      vertex 10.7726 -2.79962 2.7
    endloop
  endfacet
  facet normal 0.642933 0.765922 0
    outer loop
      vertex 10.7102 -2.74724 2.7
      vertex 10.7726 -2.79962 2.5
      vertex 10.7102 -2.74724 2.5
    endloop
  endfacet
  facet normal 0.800157 0.599791 0
    outer loop
      vertex 10.7102 -2.74724 2.7
      vertex 10.6597 -2.67987 2.5
      vertex 10.6597 -2.67987 2.7
    endloop
  endfacet
  facet normal 0.800157 0.599791 0
    outer loop
      vertex 10.6597 -2.67987 2.5
      vertex 10.7102 -2.74724 2.7
      vertex 10.7102 -2.74724 2.5
    endloop
  endfacet
  facet normal 0.908429 0.41804 0
    outer loop
      vertex 10.6597 -2.67987 2.7
      vertex 10.6196 -2.59273 2.5
      vertex 10.6196 -2.59273 2.7
    endloop
  endfacet
  facet normal 0.908429 0.41804 0
    outer loop
      vertex 10.6196 -2.59273 2.5
      vertex 10.6597 -2.67987 2.7
      vertex 10.6597 -2.67987 2.5
    endloop
  endfacet
  facet normal 0.963326 0.268334 0
    outer loop
      vertex 10.6196 -2.59273 2.7
      vertex 10.5885 -2.48108 2.5
      vertex 10.5885 -2.48108 2.7
    endloop
  endfacet
  facet normal 0.963326 0.268334 0
    outer loop
      vertex 10.5885 -2.48108 2.5
      vertex 10.6196 -2.59273 2.7
      vertex 10.6196 -2.59273 2.5
    endloop
  endfacet
  facet normal 0.986973 0.160884 0
    outer loop
      vertex 10.5885 -2.48108 2.7
      vertex 10.5663 -2.34489 2.5
      vertex 10.5663 -2.34489 2.7
    endloop
  endfacet
  facet normal 0.986973 0.160884 0
    outer loop
      vertex 10.5663 -2.34489 2.5
      vertex 10.5885 -2.48108 2.7
      vertex 10.5885 -2.48108 2.5
    endloop
  endfacet
  facet normal 0.996541 0.0831019 0
    outer loop
      vertex 10.5663 -2.34489 2.7
      vertex 10.5529 -2.1842 2.5
      vertex 10.5529 -2.1842 2.7
    endloop
  endfacet
  facet normal 0.996541 0.0831019 0
    outer loop
      vertex 10.5529 -2.1842 2.5
      vertex 10.5663 -2.34489 2.7
      vertex 10.5663 -2.34489 2.5
    endloop
  endfacet
  facet normal 0.999718 0.0237501 0
    outer loop
      vertex 10.5529 -2.1842 2.7
      vertex 10.5485 -1.99899 2.5
      vertex 10.5485 -1.99899 2.7
    endloop
  endfacet
  facet normal 0.999718 0.0237501 0
    outer loop
      vertex 10.5485 -1.99899 2.5
      vertex 10.5529 -2.1842 2.7
      vertex 10.5529 -2.1842 2.5
    endloop
  endfacet
  facet normal 1 -0 0
    outer loop
      vertex 10.5485 -1.99899 2.7
      vertex 10.5485 0.138428 2.5
      vertex 10.5485 0.138428 2.7
    endloop
  endfacet
  facet normal 1 0 0
    outer loop
      vertex 10.5485 0.138428 2.5
      vertex 10.5485 -1.99899 2.7
      vertex 10.5485 -1.99899 2.5
    endloop
  endfacet
  facet normal 0.998048 0.0624465 0
    outer loop
      vertex 10.5485 0.138428 2.7
      vertex 10.5244 0.523605 2.5
      vertex 10.5244 0.523605 2.7
    endloop
  endfacet
  facet normal 0.998048 0.0624465 0
    outer loop
      vertex 10.5244 0.523605 2.5
      vertex 10.5485 0.138428 2.7
      vertex 10.5485 0.138428 2.5
    endloop
  endfacet
  facet normal 0.979125 0.203257 0
    outer loop
      vertex 10.5244 0.523605 2.7
      vertex 10.4521 0.871887 2.5
      vertex 10.4521 0.871887 2.7
    endloop
  endfacet
  facet normal 0.979125 0.203257 0
    outer loop
      vertex 10.4521 0.871887 2.5
      vertex 10.5244 0.523605 2.7
      vertex 10.5244 0.523605 2.5
    endloop
  endfacet
  facet normal 0.932705 0.360641 0
    outer loop
      vertex 10.4521 0.871887 2.7
      vertex 10.3317 1.18327 2.5
      vertex 10.3317 1.18327 2.7
    endloop
  endfacet
  facet normal 0.932705 0.360641 0
    outer loop
      vertex 10.3317 1.18327 2.5
      vertex 10.4521 0.871887 2.7
      vertex 10.4521 0.871887 2.5
    endloop
  endfacet
  facet normal 0.852114 0.523356 0
    outer loop
      vertex 10.3317 1.18327 2.7
      vertex 10.1631 1.45778 2.5
      vertex 10.1631 1.45778 2.7
    endloop
  endfacet
  facet normal 0.852114 0.523356 0
    outer loop
      vertex 10.1631 1.45778 2.5
      vertex 10.3317 1.18327 2.7
      vertex 10.3317 1.18327 2.5
    endloop
  endfacet
  facet normal 0.738746 0.673984 0
    outer loop
      vertex 10.1631 1.45778 2.7
      vertex 9.94632 1.69539 2.5
      vertex 9.94632 1.69539 2.7
    endloop
  endfacet
  facet normal 0.738746 0.673984 0
    outer loop
      vertex 9.94632 1.69539 2.5
      vertex 10.1631 1.45778 2.7
      vertex 10.1631 1.45778 2.5
    endloop
  endfacet
  facet normal 0.602548 0.798082 -0
    outer loop
      vertex 9.94632 1.69539 2.5
      vertex 9.68506 1.89264 2.7
      vertex 9.94632 1.69539 2.7
    endloop
  endfacet
  facet normal 0.602548 0.798082 0
    outer loop
      vertex 9.68506 1.89264 2.7
      vertex 9.94632 1.69539 2.5
      vertex 9.68506 1.89264 2.5
    endloop
  endfacet
  facet normal 0.452872 0.891576 -0
    outer loop
      vertex 9.68506 1.89264 2.5
      vertex 9.383 2.04607 2.7
      vertex 9.68506 1.89264 2.7
    endloop
  endfacet
  facet normal 0.452872 0.891576 0
    outer loop
      vertex 9.383 2.04607 2.7
      vertex 9.68506 1.89264 2.5
      vertex 9.383 2.04607 2.5
    endloop
  endfacet
  facet normal 0.304402 0.952544 -0
    outer loop
      vertex 9.383 2.04607 2.5
      vertex 9.04013 2.15564 2.7
      vertex 9.383 2.04607 2.7
    endloop
  endfacet
  facet normal 0.304402 0.952544 0
    outer loop
      vertex 9.04013 2.15564 2.7
      vertex 9.383 2.04607 2.5
      vertex 9.04013 2.15564 2.5
    endloop
  endfacet
  facet normal 0.168909 0.985632 -0
    outer loop
      vertex 9.04013 2.15564 2.5
      vertex 8.65646 2.22139 2.7
      vertex 9.04013 2.15564 2.7
    endloop
  endfacet
  facet normal 0.168909 0.985632 0
    outer loop
      vertex 8.65646 2.22139 2.7
      vertex 9.04013 2.15564 2.5
      vertex 8.65646 2.22139 2.5
    endloop
  endfacet
  facet normal 0.0515956 0.998668 -0
    outer loop
      vertex 8.65646 2.22139 2.5
      vertex 8.23199 2.24332 2.7
      vertex 8.65646 2.22139 2.7
    endloop
  endfacet
  facet normal 0.0515956 0.998668 0
    outer loop
      vertex 8.23199 2.24332 2.7
      vertex 8.65646 2.22139 2.5
      vertex 8.23199 2.24332 2.5
    endloop
  endfacet
  facet normal -0.0418876 0.999122 0
    outer loop
      vertex 8.23199 2.24332 2.5
      vertex 7.81004 2.22563 2.7
      vertex 8.23199 2.24332 2.7
    endloop
  endfacet
  facet normal -0.0418876 0.999122 0
    outer loop
      vertex 7.81004 2.22563 2.7
      vertex 8.23199 2.24332 2.5
      vertex 7.81004 2.22563 2.5
    endloop
  endfacet
  facet normal -0.136605 0.990626 0
    outer loop
      vertex 7.81004 2.22563 2.5
      vertex 7.42519 2.17256 2.7
      vertex 7.81004 2.22563 2.7
    endloop
  endfacet
  facet normal -0.136605 0.990626 0
    outer loop
      vertex 7.42519 2.17256 2.7
      vertex 7.81004 2.22563 2.5
      vertex 7.42519 2.17256 2.5
    endloop
  endfacet
  facet normal -0.246422 0.969163 0
    outer loop
      vertex 7.42519 2.17256 2.5
      vertex 7.07744 2.08414 2.7
      vertex 7.42519 2.17256 2.7
    endloop
  endfacet
  facet normal -0.246422 0.969163 0
    outer loop
      vertex 7.07744 2.08414 2.7
      vertex 7.42519 2.17256 2.5
      vertex 7.07744 2.08414 2.5
    endloop
  endfacet
  facet normal -0.370261 0.928928 0
    outer loop
      vertex 7.07744 2.08414 2.5
      vertex 6.76682 1.96033 2.7
      vertex 7.07744 2.08414 2.7
    endloop
  endfacet
  facet normal -0.370261 0.928928 0
    outer loop
      vertex 6.76682 1.96033 2.7
      vertex 7.07744 2.08414 2.5
      vertex 6.76682 1.96033 2.5
    endloop
  endfacet
  facet normal -0.502949 0.864316 0
    outer loop
      vertex 6.76682 1.96033 2.5
      vertex 6.49327 1.80115 2.7
      vertex 6.76682 1.96033 2.7
    endloop
  endfacet
  facet normal -0.502949 0.864316 0
    outer loop
      vertex 6.49327 1.80115 2.7
      vertex 6.76682 1.96033 2.5
      vertex 6.49327 1.80115 2.5
    endloop
  endfacet
  facet normal -0.635049 0.772472 0
    outer loop
      vertex 6.49327 1.80115 2.5
      vertex 6.25797 1.60771 2.7
      vertex 6.49327 1.80115 2.7
    endloop
  endfacet
  facet normal -0.635049 0.772472 0
    outer loop
      vertex 6.25797 1.60771 2.7
      vertex 6.49327 1.80115 2.5
      vertex 6.25797 1.60771 2.5
    endloop
  endfacet
  facet normal -0.756306 0.654217 0
    outer loop
      vertex 6.06194 1.38109 2.5
      vertex 6.25797 1.60771 2.7
      vertex 6.25797 1.60771 2.5
    endloop
  endfacet
  facet normal -0.756306 0.654217 0
    outer loop
      vertex 6.25797 1.60771 2.7
      vertex 6.06194 1.38109 2.5
      vertex 6.06194 1.38109 2.7
    endloop
  endfacet
  facet normal -0.856231 0.516592 0
    outer loop
      vertex 5.90517 1.12125 2.5
      vertex 6.06194 1.38109 2.7
      vertex 6.06194 1.38109 2.5
    endloop
  endfacet
  facet normal -0.856231 0.516592 0
    outer loop
      vertex 6.06194 1.38109 2.7
      vertex 5.90517 1.12125 2.5
      vertex 5.90517 1.12125 2.7
    endloop
  endfacet
  facet normal -0.928159 0.372183 0
    outer loop
      vertex 5.78766 0.828201 2.5
      vertex 5.90517 1.12125 2.7
      vertex 5.90517 1.12125 2.5
    endloop
  endfacet
  facet normal -0.928159 0.372183 0
    outer loop
      vertex 5.90517 1.12125 2.7
      vertex 5.78766 0.828201 2.5
      vertex 5.78766 0.828201 2.7
    endloop
  endfacet
  facet normal -0.972441 0.233149 0
    outer loop
      vertex 5.70944 0.501953 2.5
      vertex 5.78766 0.828201 2.7
      vertex 5.78766 0.828201 2.5
    endloop
  endfacet
  facet normal -0.972441 0.233149 0
    outer loop
      vertex 5.78766 0.828201 2.7
      vertex 5.70944 0.501953 2.5
      vertex 5.70944 0.501953 2.7
    endloop
  endfacet
  facet normal -0.0477608 -0.998859 0
    outer loop
      vertex 5.70944 0.501953 2.5
      vertex 7.29897 0.425949 2.7
      vertex 5.70944 0.501953 2.7
    endloop
  endfacet
  facet normal -0.0477608 -0.998859 -0
    outer loop
      vertex 7.29897 0.425949 2.7
      vertex 5.70944 0.501953 2.5
      vertex 7.29897 0.425949 2.5
    endloop
  endfacet
  facet normal 0.988675 -0.150072 0
    outer loop
      vertex 7.29897 0.425949 2.7
      vertex 7.32445 0.593811 2.5
      vertex 7.32445 0.593811 2.7
    endloop
  endfacet
  facet normal 0.988675 -0.150072 0
    outer loop
      vertex 7.32445 0.593811 2.5
      vertex 7.29897 0.425949 2.7
      vertex 7.29897 0.425949 2.5
    endloop
  endfacet
  facet normal 0.969348 -0.245693 0
    outer loop
      vertex 7.32445 0.593811 2.7
      vertex 7.36188 0.741486 2.5
      vertex 7.36188 0.741486 2.7
    endloop
  endfacet
  facet normal 0.969348 -0.245693 0
    outer loop
      vertex 7.36188 0.741486 2.5
      vertex 7.32445 0.593811 2.7
      vertex 7.32445 0.593811 2.5
    endloop
  endfacet
  facet normal 0.932592 -0.360932 0
    outer loop
      vertex 7.36188 0.741486 2.7
      vertex 7.41122 0.868973 2.5
      vertex 7.41122 0.868973 2.7
    endloop
  endfacet
  facet normal 0.932592 -0.360932 0
    outer loop
      vertex 7.41122 0.868973 2.5
      vertex 7.36188 0.741486 2.7
      vertex 7.36188 0.741486 2.5
    endloop
  endfacet
  facet normal 0.868293 -0.496052 0
    outer loop
      vertex 7.41122 0.868973 2.7
      vertex 7.47252 0.976273 2.5
      vertex 7.47252 0.976273 2.7
    endloop
  endfacet
  facet normal 0.868293 -0.496052 0
    outer loop
      vertex 7.47252 0.976273 2.5
      vertex 7.41122 0.868973 2.7
      vertex 7.41122 0.868973 2.5
    endloop
  endfacet
  facet normal 0.765438 -0.64351 0
    outer loop
      vertex 7.47252 0.976273 2.7
      vertex 7.54576 1.06339 2.5
      vertex 7.54576 1.06339 2.7
    endloop
  endfacet
  facet normal 0.765438 -0.64351 0
    outer loop
      vertex 7.54576 1.06339 2.5
      vertex 7.47252 0.976273 2.7
      vertex 7.47252 0.976273 2.5
    endloop
  endfacet
  facet normal 0.618054 -0.786136 0
    outer loop
      vertex 7.54576 1.06339 2.5
      vertex 7.63397 1.13274 2.7
      vertex 7.54576 1.06339 2.7
    endloop
  endfacet
  facet normal 0.618054 -0.786136 0
    outer loop
      vertex 7.63397 1.13274 2.7
      vertex 7.54576 1.06339 2.5
      vertex 7.63397 1.13274 2.5
    endloop
  endfacet
  facet normal 0.452779 -0.891623 0
    outer loop
      vertex 7.63397 1.13274 2.5
      vertex 7.74019 1.18668 2.7
      vertex 7.63397 1.13274 2.7
    endloop
  endfacet
  facet normal 0.452779 -0.891623 0
    outer loop
      vertex 7.74019 1.18668 2.7
      vertex 7.63397 1.13274 2.5
      vertex 7.74019 1.18668 2.5
    endloop
  endfacet
  facet normal 0.296138 -0.955145 0
    outer loop
      vertex 7.74019 1.18668 2.5
      vertex 7.86443 1.2252 2.7
      vertex 7.74019 1.18668 2.7
    endloop
  endfacet
  facet normal 0.296138 -0.955145 0
    outer loop
      vertex 7.86443 1.2252 2.7
      vertex 7.74019 1.18668 2.5
      vertex 7.86443 1.2252 2.5
    endloop
  endfacet
  facet normal 0.160426 -0.987048 0
    outer loop
      vertex 7.86443 1.2252 2.5
      vertex 8.00668 1.24832 2.7
      vertex 7.86443 1.2252 2.7
    endloop
  endfacet
  facet normal 0.160426 -0.987048 0
    outer loop
      vertex 8.00668 1.24832 2.7
      vertex 7.86443 1.2252 2.5
      vertex 8.00668 1.24832 2.5
    endloop
  endfacet
  facet normal 0.0480478 -0.998845 0
    outer loop
      vertex 8.00668 1.24832 2.5
      vertex 8.16696 1.25603 2.7
      vertex 8.00668 1.24832 2.7
    endloop
  endfacet
  facet normal 0.0480478 -0.998845 0
    outer loop
      vertex 8.16696 1.25603 2.7
      vertex 8.00668 1.24832 2.5
      vertex 8.16696 1.25603 2.5
    endloop
  endfacet
  facet normal -0.0647753 -0.9979 0
    outer loop
      vertex 8.16696 1.25603 2.5
      vertex 8.33904 1.24486 2.7
      vertex 8.16696 1.25603 2.7
    endloop
  endfacet
  facet normal -0.0647753 -0.9979 -0
    outer loop
      vertex 8.33904 1.24486 2.7
      vertex 8.16696 1.25603 2.5
      vertex 8.33904 1.24486 2.5
    endloop
  endfacet
  facet normal -0.215922 -0.976411 0
    outer loop
      vertex 8.33904 1.24486 2.5
      vertex 8.49071 1.21132 2.7
      vertex 8.33904 1.24486 2.7
    endloop
  endfacet
  facet normal -0.215922 -0.976411 -0
    outer loop
      vertex 8.49071 1.21132 2.7
      vertex 8.33904 1.24486 2.5
      vertex 8.49071 1.21132 2.5
    endloop
  endfacet
  facet normal -0.391651 -0.920114 0
    outer loop
      vertex 8.49071 1.21132 2.5
      vertex 8.62199 1.15544 2.7
      vertex 8.49071 1.21132 2.7
    endloop
  endfacet
  facet normal -0.391651 -0.920114 -0
    outer loop
      vertex 8.62199 1.15544 2.7
      vertex 8.49071 1.21132 2.5
      vertex 8.62199 1.15544 2.5
    endloop
  endfacet
  facet normal -0.576628 -0.817007 0
    outer loop
      vertex 8.62199 1.15544 2.5
      vertex 8.73286 1.07719 2.7
      vertex 8.62199 1.15544 2.7
    endloop
  endfacet
  facet normal -0.576628 -0.817007 -0
    outer loop
      vertex 8.73286 1.07719 2.7
      vertex 8.62199 1.15544 2.5
      vertex 8.73286 1.07719 2.5
    endloop
  endfacet
  facet normal -0.743431 -0.668812 0
    outer loop
      vertex 8.82336 0.976593 2.5
      vertex 8.73286 1.07719 2.7
      vertex 8.73286 1.07719 2.5
    endloop
  endfacet
  facet normal -0.743431 -0.668812 0
    outer loop
      vertex 8.73286 1.07719 2.7
      vertex 8.82336 0.976593 2.5
      vertex 8.82336 0.976593 2.7
    endloop
  endfacet
  facet normal -0.863262 -0.504756 0
    outer loop
      vertex 8.89561 0.853027 2.5
      vertex 8.82336 0.976593 2.7
      vertex 8.82336 0.976593 2.5
    endloop
  endfacet
  facet normal -0.863262 -0.504756 0
    outer loop
      vertex 8.82336 0.976593 2.7
      vertex 8.89561 0.853027 2.5
      vertex 8.89561 0.853027 2.7
    endloop
  endfacet
  facet normal -0.934252 -0.356614 0
    outer loop
      vertex 8.95181 0.705795 2.5
      vertex 8.89561 0.853027 2.7
      vertex 8.89561 0.853027 2.5
    endloop
  endfacet
  facet normal -0.934252 -0.356614 0
    outer loop
      vertex 8.89561 0.853027 2.7
      vertex 8.95181 0.705795 2.5
      vertex 8.95181 0.705795 2.7
    endloop
  endfacet
  facet normal -0.97349 -0.228728 0
    outer loop
      vertex 8.99196 0.534912 2.5
      vertex 8.95181 0.705795 2.7
      vertex 8.95181 0.705795 2.5
    endloop
  endfacet
  facet normal -0.97349 -0.228728 0
    outer loop
      vertex 8.95181 0.705795 2.7
      vertex 8.99196 0.534912 2.5
      vertex 8.99196 0.534912 2.7
    endloop
  endfacet
  facet normal -0.99242 -0.122896 0
    outer loop
      vertex 9.01605 0.340378 2.5
      vertex 8.99196 0.534912 2.7
      vertex 8.99196 0.534912 2.5
    endloop
  endfacet
  facet normal -0.99242 -0.122896 0
    outer loop
      vertex 8.99196 0.534912 2.7
      vertex 9.01605 0.340378 2.5
      vertex 9.01605 0.340378 2.7
    endloop
  endfacet
  facet normal -0.999323 -0.0367786 0
    outer loop
      vertex 9.02408 0.122192 2.5
      vertex 9.01605 0.340378 2.7
      vertex 9.01605 0.340378 2.5
    endloop
  endfacet
  facet normal -0.999323 -0.0367786 0
    outer loop
      vertex 9.01605 0.340378 2.7
      vertex 9.02408 0.122192 2.5
      vertex 9.02408 0.122192 2.7
    endloop
  endfacet
  facet normal -1 0 0
    outer loop
      vertex 9.02408 -0.176193 2.5
      vertex 9.02408 0.122192 2.7
      vertex 9.02408 0.122192 2.5
    endloop
  endfacet
  facet normal -1 -0 0
    outer loop
      vertex 9.02408 0.122192 2.7
      vertex 9.02408 -0.176193 2.5
      vertex 9.02408 -0.176193 2.7
    endloop
  endfacet
  facet normal -0.0171516 0.999853 0
    outer loop
      vertex 9.02408 -0.176193 2.5
      vertex 7.76007 -0.197876 2.7
      vertex 9.02408 -0.176193 2.7
    endloop
  endfacet
  facet normal -0.0171516 0.999853 0
    outer loop
      vertex 7.76007 -0.197876 2.7
      vertex 9.02408 -0.176193 2.5
      vertex 7.76007 -0.197876 2.5
    endloop
  endfacet
  facet normal -0.0534377 0.998571 0
    outer loop
      vertex 7.76007 -0.197876 2.5
      vertex 7.33009 -0.220886 2.7
      vertex 7.76007 -0.197876 2.7
    endloop
  endfacet
  facet normal -0.0534377 0.998571 0
    outer loop
      vertex 7.33009 -0.220886 2.7
      vertex 7.76007 -0.197876 2.5
      vertex 7.33009 -0.220886 2.5
    endloop
  endfacet
  facet normal -0.153949 0.988079 0
    outer loop
      vertex 7.33009 -0.220886 2.5
      vertex 6.94286 -0.281219 2.7
      vertex 7.33009 -0.220886 2.7
    endloop
  endfacet
  facet normal -0.153949 0.988079 0
    outer loop
      vertex 6.94286 -0.281219 2.7
      vertex 7.33009 -0.220886 2.5
      vertex 6.94286 -0.281219 2.5
    endloop
  endfacet
  facet normal -0.272767 0.96208 0
    outer loop
      vertex 6.94286 -0.281219 2.5
      vertex 6.59836 -0.378891 2.7
      vertex 6.94286 -0.281219 2.7
    endloop
  endfacet
  facet normal -0.272767 0.96208 0
    outer loop
      vertex 6.59836 -0.378891 2.7
      vertex 6.94286 -0.281219 2.5
      vertex 6.59836 -0.378891 2.5
    endloop
  endfacet
  facet normal -0.408356 0.912823 0
    outer loop
      vertex 6.59836 -0.378891 2.5
      vertex 6.2966 -0.513885 2.7
      vertex 6.59836 -0.378891 2.7
    endloop
  endfacet
  facet normal -0.408356 0.912823 0
    outer loop
      vertex 6.2966 -0.513885 2.7
      vertex 6.59836 -0.378891 2.5
      vertex 6.2966 -0.513885 2.5
    endloop
  endfacet
  facet normal -0.553891 0.832589 0
    outer loop
      vertex 6.2966 -0.513885 2.5
      vertex 6.0376 -0.686188 2.7
      vertex 6.2966 -0.513885 2.7
    endloop
  endfacet
  facet normal -0.553891 0.832589 0
    outer loop
      vertex 6.0376 -0.686188 2.7
      vertex 6.2966 -0.513885 2.5
      vertex 6.0376 -0.686188 2.5
    endloop
  endfacet
  facet normal -0.697789 0.716303 0
    outer loop
      vertex 6.0376 -0.686188 2.5
      vertex 5.82376 -0.894501 2.7
      vertex 6.0376 -0.686188 2.7
    endloop
  endfacet
  facet normal -0.697789 0.716303 0
    outer loop
      vertex 5.82376 -0.894501 2.7
      vertex 6.0376 -0.686188 2.5
      vertex 5.82376 -0.894501 2.5
    endloop
  endfacet
  facet normal -0.825249 0.564769 0
    outer loop
      vertex 5.65744 -1.13753 2.5
      vertex 5.82376 -0.894501 2.7
      vertex 5.82376 -0.894501 2.5
    endloop
  endfacet
  facet normal -0.825249 0.564769 0
    outer loop
      vertex 5.82376 -0.894501 2.7
      vertex 5.65744 -1.13753 2.5
      vertex 5.65744 -1.13753 2.7
    endloop
  endfacet
  facet normal -0.919422 0.393272 0
    outer loop
      vertex 5.53864 -1.41527 2.5
      vertex 5.65744 -1.13753 2.7
      vertex 5.65744 -1.13753 2.5
    endloop
  endfacet
  facet normal -0.919422 0.393272 0
    outer loop
      vertex 5.65744 -1.13753 2.7
      vertex 5.53864 -1.41527 2.5
      vertex 5.53864 -1.41527 2.7
    endloop
  endfacet
  facet normal -0.974951 0.222418 0
    outer loop
      vertex 5.46736 -1.72772 2.5
      vertex 5.53864 -1.41527 2.7
      vertex 5.53864 -1.41527 2.5
    endloop
  endfacet
  facet normal -0.974951 0.222418 0
    outer loop
      vertex 5.53864 -1.41527 2.7
      vertex 5.46736 -1.72772 2.5
      vertex 5.46736 -1.72772 2.7
    endloop
  endfacet
  facet normal -0.997667 0.0682755 0
    outer loop
      vertex 5.4436 -2.07491 2.5
      vertex 5.46736 -1.72772 2.7
      vertex 5.46736 -1.72772 2.5
    endloop
  endfacet
  facet normal -0.997667 0.0682755 0
    outer loop
      vertex 5.46736 -1.72772 2.7
      vertex 5.4436 -2.07491 2.5
      vertex 5.4436 -2.07491 2.7
    endloop
  endfacet
  facet normal -0.998239 -0.0593158 0
    outer loop
      vertex 5.46269 -2.39618 2.5
      vertex 5.4436 -2.07491 2.7
      vertex 5.4436 -2.07491 2.5
    endloop
  endfacet
  facet normal -0.998239 -0.0593158 0
    outer loop
      vertex 5.4436 -2.07491 2.7
      vertex 5.46269 -2.39618 2.5
      vertex 5.46269 -2.39618 2.7
    endloop
  endfacet
  facet normal -0.981187 -0.193062 0
    outer loop
      vertex 5.51997 -2.68729 2.5
      vertex 5.46269 -2.39618 2.7
      vertex 5.46269 -2.39618 2.5
    endloop
  endfacet
  facet normal -0.981187 -0.193062 0
    outer loop
      vertex 5.46269 -2.39618 2.7
      vertex 5.51997 -2.68729 2.5
      vertex 5.51997 -2.68729 2.7
    endloop
  endfacet
  facet normal -0.939106 -0.343626 0
    outer loop
      vertex 5.61545 -2.94823 2.5
      vertex 5.51997 -2.68729 2.7
      vertex 5.51997 -2.68729 2.5
    endloop
  endfacet
  facet normal -0.939106 -0.343626 0
    outer loop
      vertex 5.51997 -2.68729 2.7
      vertex 5.61545 -2.94823 2.5
      vertex 5.61545 -2.94823 2.7
    endloop
  endfacet
  facet normal -0.865354 -0.501162 0
    outer loop
      vertex 5.74911 -3.17902 2.5
      vertex 5.61545 -2.94823 2.7
      vertex 5.61545 -2.94823 2.5
    endloop
  endfacet
  facet normal -0.865354 -0.501162 0
    outer loop
      vertex 5.61545 -2.94823 2.7
      vertex 5.74911 -3.17902 2.5
      vertex 5.74911 -3.17902 2.7
    endloop
  endfacet
  facet normal -0.759462 -0.650551 0
    outer loop
      vertex 5.92096 -3.37964 2.5
      vertex 5.74911 -3.17902 2.7
      vertex 5.74911 -3.17902 2.5
    endloop
  endfacet
  facet normal -0.759462 -0.650551 0
    outer loop
      vertex 5.74911 -3.17902 2.7
      vertex 5.92096 -3.37964 2.5
      vertex 5.92096 -3.37964 2.7
    endloop
  endfacet
  facet normal -0.629787 -0.776768 0
    outer loop
      vertex 5.92096 -3.37964 2.5
      vertex 6.12691 -3.54662 2.7
      vertex 5.92096 -3.37964 2.7
    endloop
  endfacet
  facet normal -0.629787 -0.776768 -0
    outer loop
      vertex 6.12691 -3.54662 2.7
      vertex 5.92096 -3.37964 2.5
      vertex 6.12691 -3.54662 2.5
    endloop
  endfacet
  facet normal -0.482278 -0.876018 0
    outer loop
      vertex 6.12691 -3.54662 2.5
      vertex 6.36279 -3.67648 2.7
      vertex 6.12691 -3.54662 2.7
    endloop
  endfacet
  facet normal -0.482278 -0.876018 -0
    outer loop
      vertex 6.36279 -3.67648 2.7
      vertex 6.12691 -3.54662 2.5
      vertex 6.36279 -3.67648 2.5
    endloop
  endfacet
  facet normal -0.329526 -0.944146 0
    outer loop
      vertex 6.36279 -3.67648 2.5
      vertex 6.62862 -3.76926 2.7
      vertex 6.36279 -3.67648 2.7
    endloop
  endfacet
  facet normal -0.329526 -0.944146 -0
    outer loop
      vertex 6.62862 -3.76926 2.7
      vertex 6.36279 -3.67648 2.5
      vertex 6.62862 -3.76926 2.5
    endloop
  endfacet
  facet normal -0.184947 -0.982749 0
    outer loop
      vertex 6.62862 -3.76926 2.5
      vertex 6.92438 -3.82492 2.7
      vertex 6.62862 -3.76926 2.7
    endloop
  endfacet
  facet normal -0.184947 -0.982749 -0
    outer loop
      vertex 6.92438 -3.82492 2.7
      vertex 6.62862 -3.76926 2.5
      vertex 6.92438 -3.82492 2.5
    endloop
  endfacet
  facet normal -0.0568927 -0.99838 0
    outer loop
      vertex 6.92438 -3.82492 2.5
      vertex 7.25008 -3.84348 2.7
      vertex 6.92438 -3.82492 2.7
    endloop
  endfacet
  facet normal -0.0568927 -0.99838 -0
    outer loop
      vertex 7.25008 -3.84348 2.7
      vertex 6.92438 -3.82492 2.5
      vertex 7.25008 -3.84348 2.5
    endloop
  endfacet
  facet normal 0.0938262 -0.995589 0
    outer loop
      vertex 7.25008 -3.84348 2.5
      vertex 7.74052 -3.79726 2.7
      vertex 7.25008 -3.84348 2.7
    endloop
  endfacet
  facet normal 0.0938262 -0.995589 0
    outer loop
      vertex 7.74052 -3.79726 2.7
      vertex 7.25008 -3.84348 2.5
      vertex 7.74052 -3.79726 2.5
    endloop
  endfacet
  facet normal 0.211731 0.977328 -0
    outer loop
      vertex 7.61542 -2.77205 2.5
      vertex 7.5027 -2.74763 2.7
      vertex 7.61542 -2.77205 2.7
    endloop
  endfacet
  facet normal 0.211731 0.977328 0
    outer loop
      vertex 7.5027 -2.74763 2.7
      vertex 7.61542 -2.77205 2.5
      vertex 7.5027 -2.74763 2.5
    endloop
  endfacet
  facet normal 0.368763 0.929523 -0
    outer loop
      vertex 7.5027 -2.74763 2.5
      vertex 7.40016 -2.70695 2.7
      vertex 7.5027 -2.74763 2.7
    endloop
  endfacet
  facet normal 0.368763 0.929523 0
    outer loop
      vertex 7.40016 -2.70695 2.7
      vertex 7.5027 -2.74763 2.5
      vertex 7.40016 -2.70695 2.5
    endloop
  endfacet
  facet normal 0.525043 0.851075 -0
    outer loop
      vertex 7.40016 -2.70695 2.5
      vertex 7.30783 -2.64999 2.7
      vertex 7.40016 -2.70695 2.7
    endloop
  endfacet
  facet normal 0.525043 0.851075 0
    outer loop
      vertex 7.30783 -2.64999 2.7
      vertex 7.40016 -2.70695 2.5
      vertex 7.30783 -2.64999 2.5
    endloop
  endfacet
  facet normal 0.665468 0.746426 -0
    outer loop
      vertex 7.30783 -2.64999 2.5
      vertex 7.22568 -2.57675 2.7
      vertex 7.30783 -2.64999 2.7
    endloop
  endfacet
  facet normal 0.665468 0.746426 0
    outer loop
      vertex 7.22568 -2.57675 2.7
      vertex 7.30783 -2.64999 2.5
      vertex 7.22568 -2.57675 2.5
    endloop
  endfacet
  facet normal 0.79208 0.610417 0
    outer loop
      vertex 7.22568 -2.57675 2.7
      vertex 7.15636 -2.4868 2.5
      vertex 7.15636 -2.4868 2.7
    endloop
  endfacet
  facet normal 0.79208 0.610417 0
    outer loop
      vertex 7.15636 -2.4868 2.5
      vertex 7.22568 -2.57675 2.7
      vertex 7.22568 -2.57675 2.5
    endloop
  endfacet
  facet normal 0.893206 0.449647 0
    outer loop
      vertex 7.15636 -2.4868 2.7
      vertex 7.10245 -2.37971 2.5
      vertex 7.10245 -2.37971 2.7
    endloop
  endfacet
  facet normal 0.893206 0.449647 0
    outer loop
      vertex 7.10245 -2.37971 2.5
      vertex 7.15636 -2.4868 2.7
      vertex 7.15636 -2.4868 2.5
    endloop
  endfacet
  facet normal 0.955152 0.296116 0
    outer loop
      vertex 7.10245 -2.37971 2.7
      vertex 7.06393 -2.25546 2.5
      vertex 7.06393 -2.25546 2.7
    endloop
  endfacet
  facet normal 0.955152 0.296116 0
    outer loop
      vertex 7.06393 -2.25546 2.5
      vertex 7.10245 -2.37971 2.7
      vertex 7.10245 -2.37971 2.5
    endloop
  endfacet
  facet normal 0.9869 0.16133 0
    outer loop
      vertex 7.06393 -2.25546 2.7
      vertex 7.04082 -2.11409 2.5
      vertex 7.04082 -2.11409 2.7
    endloop
  endfacet
  facet normal 0.9869 0.16133 0
    outer loop
      vertex 7.04082 -2.11409 2.5
      vertex 7.06393 -2.25546 2.7
      vertex 7.06393 -2.25546 2.5
    endloop
  endfacet
  facet normal 0.99882 0.0485739 0
    outer loop
      vertex 7.04082 -2.11409 2.7
      vertex 7.03311 -1.95555 2.5
      vertex 7.03311 -1.95555 2.7
    endloop
  endfacet
  facet normal 0.99882 0.0485739 0
    outer loop
      vertex 7.03311 -1.95555 2.5
      vertex 7.04082 -2.11409 2.7
      vertex 7.04082 -2.11409 2.5
    endloop
  endfacet
  facet normal 0.999303 -0.0373429 0
    outer loop
      vertex 7.03311 -1.95555 2.7
      vertex 7.03778 -1.83058 2.5
      vertex 7.03778 -1.83058 2.7
    endloop
  endfacet
  facet normal 0.999303 -0.0373429 0
    outer loop
      vertex 7.03778 -1.83058 2.5
      vertex 7.03311 -1.95555 2.7
      vertex 7.03311 -1.95555 2.5
    endloop
  endfacet
  facet normal 0.992605 -0.12139 0
    outer loop
      vertex 7.03778 -1.83058 2.7
      vertex 7.05179 -1.71602 2.5
      vertex 7.05179 -1.71602 2.7
    endloop
  endfacet
  facet normal 0.992605 -0.12139 0
    outer loop
      vertex 7.05179 -1.71602 2.5
      vertex 7.03778 -1.83058 2.7
      vertex 7.03778 -1.83058 2.5
    endloop
  endfacet
  facet normal 0.975853 -0.218428 0
    outer loop
      vertex 7.05179 -1.71602 2.7
      vertex 7.0751 -1.61188 2.5
      vertex 7.0751 -1.61188 2.7
    endloop
  endfacet
  facet normal 0.975853 -0.218428 0
    outer loop
      vertex 7.0751 -1.61188 2.5
      vertex 7.05179 -1.71602 2.7
      vertex 7.05179 -1.71602 2.5
    endloop
  endfacet
  facet normal 0.944272 -0.329165 0
    outer loop
      vertex 7.0751 -1.61188 2.7
      vertex 7.10777 -1.51816 2.5
      vertex 7.10777 -1.51816 2.7
    endloop
  endfacet
  facet normal 0.944272 -0.329165 0
    outer loop
      vertex 7.10777 -1.51816 2.5
      vertex 7.0751 -1.61188 2.7
      vertex 7.0751 -1.61188 2.5
    endloop
  endfacet
  facet normal 0.892987 -0.450083 0
    outer loop
      vertex 7.10777 -1.51816 2.7
      vertex 7.14977 -1.43483 2.5
      vertex 7.14977 -1.43483 2.7
    endloop
  endfacet
  facet normal 0.892987 -0.450083 0
    outer loop
      vertex 7.14977 -1.43483 2.5
      vertex 7.10777 -1.51816 2.7
      vertex 7.10777 -1.51816 2.5
    endloop
  endfacet
  facet normal 0.824532 -0.565816 0
    outer loop
      vertex 7.14977 -1.43483 2.7
      vertex 7.20064 -1.3607 2.5
      vertex 7.20064 -1.3607 2.7
    endloop
  endfacet
  facet normal 0.824532 -0.565816 0
    outer loop
      vertex 7.20064 -1.3607 2.5
      vertex 7.14977 -1.43483 2.7
      vertex 7.14977 -1.43483 2.5
    endloop
  endfacet
  facet normal 0.743977 -0.668206 0
    outer loop
      vertex 7.20064 -1.3607 2.7
      vertex 7.25999 -1.29462 2.5
      vertex 7.25999 -1.29462 2.7
    endloop
  endfacet
  facet normal 0.743977 -0.668206 0
    outer loop
      vertex 7.25999 -1.29462 2.5
      vertex 7.20064 -1.3607 2.7
      vertex 7.20064 -1.3607 2.5
    endloop
  endfacet
  facet normal 0.650321 -0.75966 0
    outer loop
      vertex 7.25999 -1.29462 2.5
      vertex 7.3278 -1.23657 2.7
      vertex 7.25999 -1.29462 2.7
    endloop
  endfacet
  facet normal 0.650321 -0.75966 0
    outer loop
      vertex 7.3278 -1.23657 2.7
      vertex 7.25999 -1.29462 2.5
      vertex 7.3278 -1.23657 2.5
    endloop
  endfacet
  facet normal 0.548256 -0.83631 0
    outer loop
      vertex 7.3278 -1.23657 2.5
      vertex 7.40407 -1.18657 2.7
      vertex 7.3278 -1.23657 2.7
    endloop
  endfacet
  facet normal 0.548256 -0.83631 0
    outer loop
      vertex 7.40407 -1.18657 2.7
      vertex 7.3278 -1.23657 2.5
      vertex 7.40407 -1.18657 2.5
    endloop
  endfacet
  facet normal 0.443953 -0.89605 0
    outer loop
      vertex 7.40407 -1.18657 2.5
      vertex 7.4888 -1.14459 2.7
      vertex 7.40407 -1.18657 2.7
    endloop
  endfacet
  facet normal 0.443953 -0.89605 0
    outer loop
      vertex 7.4888 -1.14459 2.7
      vertex 7.40407 -1.18657 2.5
      vertex 7.4888 -1.14459 2.5
    endloop
  endfacet
  facet normal 0.326896 -0.94506 0
    outer loop
      vertex 7.4888 -1.14459 2.5
      vertex 7.59013 -1.10954 2.7
      vertex 7.4888 -1.14459 2.7
    endloop
  endfacet
  facet normal 0.326896 -0.94506 0
    outer loop
      vertex 7.59013 -1.10954 2.7
      vertex 7.4888 -1.14459 2.5
      vertex 7.59013 -1.10954 2.5
    endloop
  endfacet
  facet normal 0.225571 -0.974227 0
    outer loop
      vertex 7.59013 -1.10954 2.5
      vertex 7.7162 -1.08035 2.7
      vertex 7.59013 -1.10954 2.7
    endloop
  endfacet
  facet normal 0.225571 -0.974227 0
    outer loop
      vertex 7.7162 -1.08035 2.7
      vertex 7.59013 -1.10954 2.5
      vertex 7.7162 -1.08035 2.5
    endloop
  endfacet
  facet normal 0.15287 -0.988246 0
    outer loop
      vertex 7.7162 -1.08035 2.5
      vertex 7.86702 -1.05702 2.7
      vertex 7.7162 -1.08035 2.7
    endloop
  endfacet
  facet normal 0.15287 -0.988246 0
    outer loop
      vertex 7.86702 -1.05702 2.7
      vertex 7.7162 -1.08035 2.5
      vertex 7.86702 -1.05702 2.5
    endloop
  endfacet
  facet normal 0.0990267 -0.995085 0
    outer loop
      vertex 7.86702 -1.05702 2.5
      vertex 8.04257 -1.03955 2.7
      vertex 7.86702 -1.05702 2.7
    endloop
  endfacet
  facet normal 0.0990267 -0.995085 0
    outer loop
      vertex 8.04257 -1.03955 2.7
      vertex 7.86702 -1.05702 2.5
      vertex 8.04257 -1.03955 2.5
    endloop
  endfacet
  facet normal 0.0578163 -0.998327 0
    outer loop
      vertex 8.04257 -1.03955 2.5
      vertex 8.24287 -1.02795 2.7
      vertex 8.04257 -1.03955 2.7
    endloop
  endfacet
  facet normal 0.0578163 -0.998327 0
    outer loop
      vertex 8.24287 -1.02795 2.7
      vertex 8.04257 -1.03955 2.5
      vertex 8.24287 -1.02795 2.5
    endloop
  endfacet
  facet normal 0.0139258 -0.999903 0
    outer loop
      vertex 8.24287 -1.02795 2.5
      vertex 9.02408 -1.01707 2.7
      vertex 8.24287 -1.02795 2.7
    endloop
  endfacet
  facet normal 0.0139258 -0.999903 0
    outer loop
      vertex 9.02408 -1.01707 2.7
      vertex 8.24287 -1.02795 2.5
      vertex 9.02408 -1.01707 2.5
    endloop
  endfacet
  facet normal -1 0 0
    outer loop
      vertex 9.02408 -1.31548 2.5
      vertex 9.02408 -1.01707 2.7
      vertex 9.02408 -1.01707 2.5
    endloop
  endfacet
  facet normal -1 -0 0
    outer loop
      vertex 9.02408 -1.01707 2.7
      vertex 9.02408 -1.31548 2.5
      vertex 9.02408 -1.31548 2.7
    endloop
  endfacet
  facet normal -0.999027 0.0441113 0
    outer loop
      vertex 9.01735 -1.4679 2.5
      vertex 9.02408 -1.31548 2.7
      vertex 9.02408 -1.31548 2.5
    endloop
  endfacet
  facet normal -0.999027 0.0441113 0
    outer loop
      vertex 9.02408 -1.31548 2.7
      vertex 9.01735 -1.4679 2.5
      vertex 9.01735 -1.4679 2.7
    endloop
  endfacet
  facet normal -0.990982 0.133995 0
    outer loop
      vertex 8.99718 -1.61707 2.5
      vertex 9.01735 -1.4679 2.7
      vertex 9.01735 -1.4679 2.5
    endloop
  endfacet
  facet normal -0.990982 0.133995 0
    outer loop
      vertex 9.01735 -1.4679 2.7
      vertex 8.99718 -1.61707 2.5
      vertex 8.99718 -1.61707 2.7
    endloop
  endfacet
  facet normal -0.974455 0.224581 0
    outer loop
      vertex 8.96355 -1.76299 2.5
      vertex 8.99718 -1.61707 2.7
      vertex 8.99718 -1.61707 2.5
    endloop
  endfacet
  facet normal -0.974455 0.224581 0
    outer loop
      vertex 8.99718 -1.61707 2.7
      vertex 8.96355 -1.76299 2.5
      vertex 8.96355 -1.76299 2.7
    endloop
  endfacet
  facet normal -0.949604 0.313451 0
    outer loop
      vertex 8.91646 -1.90565 2.5
      vertex 8.96355 -1.76299 2.7
      vertex 8.96355 -1.76299 2.5
    endloop
  endfacet
  facet normal -0.949604 0.313451 0
    outer loop
      vertex 8.96355 -1.76299 2.7
      vertex 8.91646 -1.90565 2.5
      vertex 8.91646 -1.90565 2.7
    endloop
  endfacet
  facet normal -0.917232 0.398353 0
    outer loop
      vertex 8.85591 -2.04507 2.5
      vertex 8.91646 -1.90565 2.7
      vertex 8.91646 -1.90565 2.5
    endloop
  endfacet
  facet normal -0.917232 0.398353 0
    outer loop
      vertex 8.91646 -1.90565 2.7
      vertex 8.85591 -2.04507 2.5
      vertex 8.85591 -2.04507 2.7
    endloop
  endfacet
  facet normal -0.876627 0.481171 0
    outer loop
      vertex 8.78355 -2.1769 2.5
      vertex 8.85591 -2.04507 2.7
      vertex 8.85591 -2.04507 2.5
    endloop
  endfacet
  facet normal -0.876627 0.481171 0
    outer loop
      vertex 8.85591 -2.04507 2.7
      vertex 8.78355 -2.1769 2.5
      vertex 8.78355 -2.1769 2.7
    endloop
  endfacet
  facet normal -0.823629 0.567129 0
    outer loop
      vertex 8.70099 -2.2968 2.5
      vertex 8.78355 -2.1769 2.7
      vertex 8.78355 -2.1769 2.5
    endloop
  endfacet
  facet normal -0.823629 0.567129 0
    outer loop
      vertex 8.78355 -2.1769 2.7
      vertex 8.70099 -2.2968 2.5
      vertex 8.70099 -2.2968 2.7
    endloop
  endfacet
  facet normal -0.758478 0.651699 0
    outer loop
      vertex 8.60822 -2.40477 2.5
      vertex 8.70099 -2.2968 2.7
      vertex 8.70099 -2.2968 2.5
    endloop
  endfacet
  facet normal -0.758478 0.651699 0
    outer loop
      vertex 8.70099 -2.2968 2.7
      vertex 8.60822 -2.40477 2.5
      vertex 8.60822 -2.40477 2.7
    endloop
  endfacet
  facet normal -0.68207 0.731287 0
    outer loop
      vertex 8.60822 -2.40477 2.5
      vertex 8.50525 -2.50081 2.7
      vertex 8.60822 -2.40477 2.7
    endloop
  endfacet
  facet normal -0.68207 0.731287 0
    outer loop
      vertex 8.50525 -2.50081 2.7
      vertex 8.60822 -2.40477 2.5
      vertex 8.50525 -2.50081 2.5
    endloop
  endfacet
  facet normal -0.596477 0.80263 0
    outer loop
      vertex 8.50525 -2.50081 2.5
      vertex 8.39207 -2.58492 2.7
      vertex 8.50525 -2.50081 2.7
    endloop
  endfacet
  facet normal -0.596477 0.80263 0
    outer loop
      vertex 8.39207 -2.58492 2.7
      vertex 8.50525 -2.50081 2.5
      vertex 8.39207 -2.58492 2.5
    endloop
  endfacet
  facet normal -0.503083 0.864238 0
    outer loop
      vertex 8.39207 -2.58492 2.5
      vertex 8.27132 -2.65521 2.7
      vertex 8.39207 -2.58492 2.7
    endloop
  endfacet
  facet normal -0.503083 0.864238 0
    outer loop
      vertex 8.27132 -2.65521 2.7
      vertex 8.39207 -2.58492 2.5
      vertex 8.27132 -2.65521 2.5
    endloop
  endfacet
  facet normal -0.398649 0.917104 0
    outer loop
      vertex 8.27132 -2.65521 2.5
      vertex 8.14555 -2.70988 2.7
      vertex 8.27132 -2.65521 2.7
    endloop
  endfacet
  facet normal -0.398649 0.917104 0
    outer loop
      vertex 8.14555 -2.70988 2.7
      vertex 8.27132 -2.65521 2.5
      vertex 8.14555 -2.70988 2.5
    endloop
  endfacet
  facet normal -0.286306 0.958138 0
    outer loop
      vertex 8.14555 -2.70988 2.5
      vertex 8.0148 -2.74895 2.7
      vertex 8.14555 -2.70988 2.7
    endloop
  endfacet
  facet normal -0.286306 0.958138 0
    outer loop
      vertex 8.0148 -2.74895 2.7
      vertex 8.14555 -2.70988 2.5
      vertex 8.0148 -2.74895 2.5
    endloop
  endfacet
  facet normal -0.170094 0.985428 0
    outer loop
      vertex 8.0148 -2.74895 2.5
      vertex 7.87906 -2.77238 2.7
      vertex 8.0148 -2.74895 2.7
    endloop
  endfacet
  facet normal -0.170094 0.985428 0
    outer loop
      vertex 7.87906 -2.77238 2.7
      vertex 8.0148 -2.74895 2.5
      vertex 7.87906 -2.77238 2.5
    endloop
  endfacet
  facet normal -0.0554739 0.99846 0
    outer loop
      vertex 7.87906 -2.77238 2.5
      vertex 7.73831 -2.7802 2.7
      vertex 7.87906 -2.77238 2.7
    endloop
  endfacet
  facet normal -0.0554739 0.99846 0
    outer loop
      vertex 7.73831 -2.7802 2.7
      vertex 7.87906 -2.77238 2.5
      vertex 7.73831 -2.7802 2.5
    endloop
  endfacet
  facet normal 0.0661741 0.997808 -0
    outer loop
      vertex 7.73831 -2.7802 2.5
      vertex 7.61542 -2.77205 2.7
      vertex 7.73831 -2.7802 2.7
    endloop
  endfacet
  facet normal 0.0661741 0.997808 0
    outer loop
      vertex 7.61542 -2.77205 2.7
      vertex 7.73831 -2.7802 2.5
      vertex 7.61542 -2.77205 2.5
    endloop
  endfacet
endsolid OpenSCAD_Model
