solid OpenSCAD_Model
  facet normal 1 0 0
    outer loop
      vertex 10 8.75 17.5
      vertex 10 5 17.5
      vertex 10 8.75 9.5
    endloop
  endfacet
  facet normal 1 0 0
    outer loop
      vertex 10 21.25 9.5
      vertex 10 25 17.5
      vertex 10 21.25 17.5
    endloop
  endfacet
  facet normal 1 0 0
    outer loop
      vertex 10 25 17.5
      vertex 10 21.25 9.5
      vertex 10 25 5.01
    endloop
  endfacet
  facet normal 1 -0 0
    outer loop
      vertex 10 8.75 9.5
      vertex 10 25 5.01
      vertex 10 21.25 9.5
    endloop
  endfacet
  facet normal 1 0 0
    outer loop
      vertex 10 8.75 9.5
      vertex 10 5 5.01
      vertex 10 25 5.01
    endloop
  endfacet
  facet normal 1 0 0
    outer loop
      vertex 10 5 5.01
      vertex 10 8.75 9.5
      vertex 10 5 17.5
    endloop
  endfacet
  facet normal -0 0 1
    outer loop
      vertex 0 25 17.5
      vertex 10 21.25 17.5
      vertex 10 25 17.5
    endloop
  endfacet
  facet normal 0 0 1
    outer loop
      vertex 10 21.25 17.5
      vertex 0 25 17.5
      vertex 0 21.25 17.5
    endloop
  endfacet
  facet normal -0 0 1
    outer loop
      vertex 0 8.75 17.5
      vertex 10 5 17.5
      vertex 10 8.75 17.5
    endloop
  endfacet
  facet normal 0 0 1
    outer loop
      vertex 10 5 17.5
      vertex 0 8.75 17.5
      vertex 0 5 17.5
    endloop
  endfacet
  facet normal -1 0 0
    outer loop
      vertex 0 25 5.01
      vertex 0 21.25 9.5
      vertex 0 25 17.5
    endloop
  endfacet
  facet normal -1 0 0
    outer loop
      vertex 0 25 5.01
      vertex 0 8.75 9.5
      vertex 0 21.25 9.5
    endloop
  endfacet
  facet normal -1 0 0
    outer loop
      vertex 0 5 5.01
      vertex 0 8.75 9.5
      vertex 0 25 5.01
    endloop
  endfacet
  facet normal -1 0 0
    outer loop
      vertex 0 5 17.5
      vertex 0 8.75 9.5
      vertex 0 5 5.01
    endloop
  endfacet
  facet normal -1 0 0
    outer loop
      vertex 0 8.75 9.5
      vertex 0 5 17.5
      vertex 0 8.75 17.5
    endloop
  endfacet
  facet normal -1 -0 0
    outer loop
      vertex 0 25 17.5
      vertex 0 21.25 9.5
      vertex 0 21.25 17.5
    endloop
  endfacet
  facet normal 0 1 -0
    outer loop
      vertex 10 25 5.01
      vertex 0 25 17.5
      vertex 10 25 17.5
    endloop
  endfacet
  facet normal 0 1 0
    outer loop
      vertex 0 25 17.5
      vertex 10 25 5.01
      vertex 0 25 5.01
    endloop
  endfacet
  facet normal 0 -1 0
    outer loop
      vertex 0 5 5.01
      vertex 10 5 17.5
      vertex 0 5 17.5
    endloop
  endfacet
  facet normal 0 -1 -0
    outer loop
      vertex 10 5 17.5
      vertex 0 5 5.01
      vertex 10 5 5.01
    endloop
  endfacet
  facet normal -0 0 1
    outer loop
      vertex 0 21.25 9.5
      vertex 10 8.75 9.5
      vertex 10 21.25 9.5
    endloop
  endfacet
  facet normal 0 0 1
    outer loop
      vertex 10 8.75 9.5
      vertex 0 21.25 9.5
      vertex 0 8.75 9.5
    endloop
  endfacet
  facet normal 0 -1 0
    outer loop
      vertex 0 21.25 9.5
      vertex 10 21.25 17.5
      vertex 0 21.25 17.5
    endloop
  endfacet
  facet normal 0 -1 -0
    outer loop
      vertex 10 21.25 17.5
      vertex 0 21.25 9.5
      vertex 10 21.25 9.5
    endloop
  endfacet
  facet normal 0 1 -0
    outer loop
      vertex 10 8.75 9.5
      vertex 0 8.75 17.5
      vertex 10 8.75 17.5
    endloop
  endfacet
  facet normal 0 1 0
    outer loop
      vertex 0 8.75 17.5
      vertex 10 8.75 9.5
      vertex 0 8.75 9.5
    endloop
  endfacet
  facet normal 1 0 0
    outer loop
      vertex 10 -21.25 17.5
      vertex 10 -25 17.5
      vertex 10 -21.25 9.5
    endloop
  endfacet
  facet normal 1 0 0
    outer loop
      vertex 10 -8.75 9.5
      vertex 10 -5 17.5
      vertex 10 -8.75 17.5
    endloop
  endfacet
  facet normal 1 0 0
    outer loop
      vertex 10 -5 17.5
      vertex 10 -8.75 9.5
      vertex 10 -5 5.01
    endloop
  endfacet
  facet normal 1 -0 0
    outer loop
      vertex 10 -21.25 9.5
      vertex 10 -5 5.01
      vertex 10 -8.75 9.5
    endloop
  endfacet
  facet normal 1 0 0
    outer loop
      vertex 10 -21.25 9.5
      vertex 10 -25 5.01
      vertex 10 -5 5.01
    endloop
  endfacet
  facet normal 1 0 0
    outer loop
      vertex 10 -25 5.01
      vertex 10 -21.25 9.5
      vertex 10 -25 17.5
    endloop
  endfacet
  facet normal -0 0 1
    outer loop
      vertex 0 -5 17.5
      vertex 10 -8.75 17.5
      vertex 10 -5 17.5
    endloop
  endfacet
  facet normal 0 0 1
    outer loop
      vertex 10 -8.75 17.5
      vertex 0 -5 17.5
      vertex 0 -8.75 17.5
    endloop
  endfacet
  facet normal -0 0 1
    outer loop
      vertex 0 -21.25 17.5
      vertex 10 -25 17.5
      vertex 10 -21.25 17.5
    endloop
  endfacet
  facet normal 0 0 1
    outer loop
      vertex 10 -25 17.5
      vertex 0 -21.25 17.5
      vertex 0 -25 17.5
    endloop
  endfacet
  facet normal -1 0 0
    outer loop
      vertex 0 -5 5.01
      vertex 0 -8.75 9.5
      vertex 0 -5 17.5
    endloop
  endfacet
  facet normal -1 0 0
    outer loop
      vertex 0 -5 5.01
      vertex 0 -21.25 9.5
      vertex 0 -8.75 9.5
    endloop
  endfacet
  facet normal -1 0 0
    outer loop
      vertex 0 -25 5.01
      vertex 0 -21.25 9.5
      vertex 0 -5 5.01
    endloop
  endfacet
  facet normal -1 0 0
    outer loop
      vertex 0 -25 17.5
      vertex 0 -21.25 9.5
      vertex 0 -25 5.01
    endloop
  endfacet
  facet normal -1 0 0
    outer loop
      vertex 0 -21.25 9.5
      vertex 0 -25 17.5
      vertex 0 -21.25 17.5
    endloop
  endfacet
  facet normal -1 -0 0
    outer loop
      vertex 0 -5 17.5
      vertex 0 -8.75 9.5
      vertex 0 -8.75 17.5
    endloop
  endfacet
  facet normal 0 1 -0
    outer loop
      vertex 10 -5 5.01
      vertex 0 -5 17.5
      vertex 10 -5 17.5
    endloop
  endfacet
  facet normal 0 1 0
    outer loop
      vertex 0 -5 17.5
      vertex 10 -5 5.01
      vertex 0 -5 5.01
    endloop
  endfacet
  facet normal 0 -1 0
    outer loop
      vertex 0 -25 5.01
      vertex 10 -25 17.5
      vertex 0 -25 17.5
    endloop
  endfacet
  facet normal 0 -1 -0
    outer loop
      vertex 10 -25 17.5
      vertex 0 -25 5.01
      vertex 10 -25 5.01
    endloop
  endfacet
  facet normal -0 0 1
    outer loop
      vertex 0 -8.75 9.5
      vertex 10 -21.25 9.5
      vertex 10 -8.75 9.5
    endloop
  endfacet
  facet normal 0 0 1
    outer loop
      vertex 10 -21.25 9.5
      vertex 0 -8.75 9.5
      vertex 0 -21.25 9.5
    endloop
  endfacet
  facet normal 0 -1 0
    outer loop
      vertex 0 -8.75 9.5
      vertex 10 -8.75 17.5
      vertex 0 -8.75 17.5
    endloop
  endfacet
  facet normal 0 -1 -0
    outer loop
      vertex 10 -8.75 17.5
      vertex 0 -8.75 9.5
      vertex 10 -8.75 9.5
    endloop
  endfacet
  facet normal 0 1 -0
    outer loop
      vertex 10 -21.25 9.5
      vertex 0 -21.25 17.5
      vertex 10 -21.25 17.5
    endloop
  endfacet
  facet normal 0 1 0
    outer loop
      vertex 0 -21.25 17.5
      vertex 10 -21.25 9.5
      vertex 0 -21.25 9.5
    endloop
  endfacet
  facet normal 0.422645 0.906295 -0
    outer loop
      vertex 28.5 39.5981 -5
      vertex 28.0261 39.8191 5.01
      vertex 28.5 39.5981 5.01
    endloop
  endfacet
  facet normal 0.422645 0.906295 0
    outer loop
      vertex 28.0261 39.8191 5.01
      vertex 28.5 39.5981 -5
      vertex 28.0261 39.8191 -5
    endloop
  endfacet
  facet normal 0.258698 -0.965958 0
    outer loop
      vertex 27.5209 -39.9544 -5
      vertex 28.0261 -39.8191 5.01
      vertex 27.5209 -39.9544 5.01
    endloop
  endfacet
  facet normal 0.258698 -0.965958 0
    outer loop
      vertex 28.0261 -39.8191 5.01
      vertex 27.5209 -39.9544 -5
      vertex 28.0261 -39.8191 -5
    endloop
  endfacet
  facet normal 0.99619 0.0872073 0
    outer loop
      vertex 30 37 5.01
      vertex 29.9544 37.5209 -5
      vertex 29.9544 37.5209 5.01
    endloop
  endfacet
  facet normal 0.99619 0.0872073 0
    outer loop
      vertex 29.9544 37.5209 -5
      vertex 30 37 5.01
      vertex 30 37 -5
    endloop
  endfacet
  facet normal 0.573616 0.819124 -0
    outer loop
      vertex 28.9284 39.2981 -5
      vertex 28.5 39.5981 5.01
      vertex 28.9284 39.2981 5.01
    endloop
  endfacet
  facet normal 0.573616 0.819124 0
    outer loop
      vertex 28.5 39.5981 5.01
      vertex 28.9284 39.2981 -5
      vertex 28.5 39.5981 -5
    endloop
  endfacet
  facet normal 0 -1 0
    outer loop
      vertex -27 -40 -5
      vertex 27 -40 5.01
      vertex -27 -40 5.01
    endloop
  endfacet
  facet normal 0 -1 -0
    outer loop
      vertex 27 -40 5.01
      vertex -27 -40 -5
      vertex 27 -40 -5
    endloop
  endfacet
  facet normal 0.965958 -0.258698 0
    outer loop
      vertex 29.8191 -38.0261 5.01
      vertex 29.9544 -37.5209 -5
      vertex 29.9544 -37.5209 5.01
    endloop
  endfacet
  facet normal 0.965958 -0.258698 0
    outer loop
      vertex 29.9544 -37.5209 -5
      vertex 29.8191 -38.0261 5.01
      vertex 29.8191 -38.0261 -5
    endloop
  endfacet
  facet normal -1 0 0
    outer loop
      vertex -30 -37 -5
      vertex -30 37 5.01
      vertex -30 37 -5
    endloop
  endfacet
  facet normal -1 -0 0
    outer loop
      vertex -30 37 5.01
      vertex -30 -37 -5
      vertex -30 -37 5.01
    endloop
  endfacet
  facet normal 1 -0 0
    outer loop
      vertex 30 -37 5.01
      vertex 30 37 -5
      vertex 30 37 5.01
    endloop
  endfacet
  facet normal 1 0 0
    outer loop
      vertex 30 37 -5
      vertex 30 -37 5.01
      vertex 30 -37 -5
    endloop
  endfacet
  facet normal 0 1 -0
    outer loop
      vertex 27 40 -5
      vertex -27 40 5.01
      vertex 27 40 5.01
    endloop
  endfacet
  facet normal 0 1 0
    outer loop
      vertex -27 40 5.01
      vertex 27 40 -5
      vertex -27 40 -5
    endloop
  endfacet
  facet normal 0 0 -1
    outer loop
      vertex 27 -40 -5
      vertex 30 -37 -5
      vertex 29.9544 -37.5209 -5
    endloop
  endfacet
  facet normal 0 0 -1
    outer loop
      vertex 30 -37 -5
      vertex -30 -37 -5
      vertex 30 37 -5
    endloop
  endfacet
  facet normal 0 0 -1
    outer loop
      vertex 27 -40 -5
      vertex 29.9544 -37.5209 -5
      vertex 29.8191 -38.0261 -5
    endloop
  endfacet
  facet normal -0 0 -1
    outer loop
      vertex 30 -37 -5
      vertex 27 -40 -5
      vertex -30 -37 -5
    endloop
  endfacet
  facet normal 0 0 -1
    outer loop
      vertex 27 -40 -5
      vertex 29.8191 -38.0261 -5
      vertex 29.5981 -38.5 -5
    endloop
  endfacet
  facet normal 0 0 -1
    outer loop
      vertex -30 37 -5
      vertex 30 37 -5
      vertex -30 -37 -5
    endloop
  endfacet
  facet normal 0 0 -1
    outer loop
      vertex 27 -40 -5
      vertex 29.5981 -38.5 -5
      vertex 29.2981 -38.9284 -5
    endloop
  endfacet
  facet normal 0 0 -1
    outer loop
      vertex 29.9544 37.5209 -5
      vertex 27 40 -5
      vertex 29.8191 38.0261 -5
    endloop
  endfacet
  facet normal 0 0 -1
    outer loop
      vertex 27 -40 -5
      vertex 29.2981 -38.9284 -5
      vertex 28.9284 -39.2981 -5
    endloop
  endfacet
  facet normal 0 0 -1
    outer loop
      vertex 29.8191 38.0261 -5
      vertex 27 40 -5
      vertex 29.5981 38.5 -5
    endloop
  endfacet
  facet normal 0 0 -1
    outer loop
      vertex 27 -40 -5
      vertex 28.9284 -39.2981 -5
      vertex 28.5 -39.5981 -5
    endloop
  endfacet
  facet normal 0 0 -1
    outer loop
      vertex 29.5981 38.5 -5
      vertex 27 40 -5
      vertex 29.2981 38.9284 -5
    endloop
  endfacet
  facet normal 0 0 -1
    outer loop
      vertex 27 -40 -5
      vertex 28.5 -39.5981 -5
      vertex 28.0261 -39.8191 -5
    endloop
  endfacet
  facet normal 0 0 -1
    outer loop
      vertex 29.2981 38.9284 -5
      vertex 27 40 -5
      vertex 28.9284 39.2981 -5
    endloop
  endfacet
  facet normal 0 0 -1
    outer loop
      vertex 27 -40 -5
      vertex 28.0261 -39.8191 -5
      vertex 27.5209 -39.9544 -5
    endloop
  endfacet
  facet normal 0 0 -1
    outer loop
      vertex 28.9284 39.2981 -5
      vertex 27 40 -5
      vertex 28.5 39.5981 -5
    endloop
  endfacet
  facet normal 0 0 -1
    outer loop
      vertex 28.5 39.5981 -5
      vertex 27 40 -5
      vertex 28.0261 39.8191 -5
    endloop
  endfacet
  facet normal 0 0 -1
    outer loop
      vertex 28.0261 39.8191 -5
      vertex 27 40 -5
      vertex 27.5209 39.9544 -5
    endloop
  endfacet
  facet normal 0 0 -1
    outer loop
      vertex -30 -37 -5
      vertex 27 -40 -5
      vertex -27 -40 -5
    endloop
  endfacet
  facet normal 0 -0 -1
    outer loop
      vertex 27 40 -5
      vertex 30 37 -5
      vertex -30 37 -5
    endloop
  endfacet
  facet normal 0 0 -1
    outer loop
      vertex -30 -37 -5
      vertex -27 -40 -5
      vertex -27.5209 -39.9544 -5
    endloop
  endfacet
  facet normal 0 0 -1
    outer loop
      vertex 30 37 -5
      vertex 27 40 -5
      vertex 29.9544 37.5209 -5
    endloop
  endfacet
  facet normal 0 0 -1
    outer loop
      vertex -30 -37 -5
      vertex -27.5209 -39.9544 -5
      vertex -28.0261 -39.8191 -5
    endloop
  endfacet
  facet normal -0 0 -1
    outer loop
      vertex 27 40 -5
      vertex -30 37 -5
      vertex -27 40 -5
    endloop
  endfacet
  facet normal 0 0 -1
    outer loop
      vertex -30 -37 -5
      vertex -28.0261 -39.8191 -5
      vertex -28.5 -39.5981 -5
    endloop
  endfacet
  facet normal 0 0 -1
    outer loop
      vertex -27 40 -5
      vertex -30 37 -5
      vertex -27.5209 39.9544 -5
    endloop
  endfacet
  facet normal 0 0 -1
    outer loop
      vertex -30 -37 -5
      vertex -28.5 -39.5981 -5
      vertex -28.9284 -39.2981 -5
    endloop
  endfacet
  facet normal 0 0 -1
    outer loop
      vertex -27.5209 39.9544 -5
      vertex -30 37 -5
      vertex -28.0261 39.8191 -5
    endloop
  endfacet
  facet normal 0 0 -1
    outer loop
      vertex -30 -37 -5
      vertex -28.9284 -39.2981 -5
      vertex -29.2981 -38.9284 -5
    endloop
  endfacet
  facet normal 0 0 -1
    outer loop
      vertex -28.0261 39.8191 -5
      vertex -30 37 -5
      vertex -28.5 39.5981 -5
    endloop
  endfacet
  facet normal 0 0 -1
    outer loop
      vertex -30 -37 -5
      vertex -29.2981 -38.9284 -5
      vertex -29.5981 -38.5 -5
    endloop
  endfacet
  facet normal 0 0 -1
    outer loop
      vertex -28.5 39.5981 -5
      vertex -30 37 -5
      vertex -28.9284 39.2981 -5
    endloop
  endfacet
  facet normal 0 0 -1
    outer loop
      vertex -30 -37 -5
      vertex -29.5981 -38.5 -5
      vertex -29.8191 -38.0261 -5
    endloop
  endfacet
  facet normal 0 0 -1
    outer loop
      vertex -28.9284 39.2981 -5
      vertex -30 37 -5
      vertex -29.2981 38.9284 -5
    endloop
  endfacet
  facet normal 0 0 -1
    outer loop
      vertex -30 -37 -5
      vertex -29.8191 -38.0261 -5
      vertex -29.9544 -37.5209 -5
    endloop
  endfacet
  facet normal 0 0 -1
    outer loop
      vertex -29.2981 38.9284 -5
      vertex -30 37 -5
      vertex -29.5981 38.5 -5
    endloop
  endfacet
  facet normal 0 0 -1
    outer loop
      vertex -29.5981 38.5 -5
      vertex -30 37 -5
      vertex -29.8191 38.0261 -5
    endloop
  endfacet
  facet normal 0 0 -1
    outer loop
      vertex -29.8191 38.0261 -5
      vertex -30 37 -5
      vertex -29.9544 37.5209 -5
    endloop
  endfacet
  facet normal -0.573616 -0.819124 0
    outer loop
      vertex -28.9284 -39.2981 -5
      vertex -28.5 -39.5981 5.01
      vertex -28.9284 -39.2981 5.01
    endloop
  endfacet
  facet normal -0.573616 -0.819124 -0
    outer loop
      vertex -28.5 -39.5981 5.01
      vertex -28.9284 -39.2981 -5
      vertex -28.5 -39.5981 -5
    endloop
  endfacet
  facet normal -0.258698 0.965958 0
    outer loop
      vertex -27.5209 39.9544 -5
      vertex -28.0261 39.8191 5.01
      vertex -27.5209 39.9544 5.01
    endloop
  endfacet
  facet normal -0.258698 0.965958 0
    outer loop
      vertex -28.0261 39.8191 5.01
      vertex -27.5209 39.9544 -5
      vertex -28.0261 39.8191 -5
    endloop
  endfacet
  facet normal -0.0872073 0.99619 0
    outer loop
      vertex -27 40 -5
      vertex -27.5209 39.9544 5.01
      vertex -27 40 5.01
    endloop
  endfacet
  facet normal -0.0872073 0.99619 0
    outer loop
      vertex -27.5209 39.9544 5.01
      vertex -27 40 -5
      vertex -27.5209 39.9544 -5
    endloop
  endfacet
  facet normal -0.906295 -0.422645 0
    outer loop
      vertex -29.5981 -38.5 -5
      vertex -29.8191 -38.0261 5.01
      vertex -29.8191 -38.0261 -5
    endloop
  endfacet
  facet normal -0.906295 -0.422645 0
    outer loop
      vertex -29.8191 -38.0261 5.01
      vertex -29.5981 -38.5 -5
      vertex -29.5981 -38.5 5.01
    endloop
  endfacet
  facet normal 0.422645 -0.906295 0
    outer loop
      vertex 28.0261 -39.8191 -5
      vertex 28.5 -39.5981 5.01
      vertex 28.0261 -39.8191 5.01
    endloop
  endfacet
  facet normal 0.422645 -0.906295 0
    outer loop
      vertex 28.5 -39.5981 5.01
      vertex 28.0261 -39.8191 -5
      vertex 28.5 -39.5981 -5
    endloop
  endfacet
  facet normal -0.707107 0.707107 0
    outer loop
      vertex -29.2981 38.9284 -5
      vertex -28.9284 39.2981 5.01
      vertex -28.9284 39.2981 -5
    endloop
  endfacet
  facet normal -0.707107 0.707107 0
    outer loop
      vertex -28.9284 39.2981 5.01
      vertex -29.2981 38.9284 -5
      vertex -29.2981 38.9284 5.01
    endloop
  endfacet
  facet normal -0.258698 -0.965958 0
    outer loop
      vertex -28.0261 -39.8191 -5
      vertex -27.5209 -39.9544 5.01
      vertex -28.0261 -39.8191 5.01
    endloop
  endfacet
  facet normal -0.258698 -0.965958 -0
    outer loop
      vertex -27.5209 -39.9544 5.01
      vertex -28.0261 -39.8191 -5
      vertex -27.5209 -39.9544 -5
    endloop
  endfacet
  facet normal 0.819124 -0.573616 0
    outer loop
      vertex 29.2981 -38.9284 5.01
      vertex 29.5981 -38.5 -5
      vertex 29.5981 -38.5 5.01
    endloop
  endfacet
  facet normal 0.819124 -0.573616 0
    outer loop
      vertex 29.5981 -38.5 -5
      vertex 29.2981 -38.9284 5.01
      vertex 29.2981 -38.9284 -5
    endloop
  endfacet
  facet normal 0.906295 0.422645 0
    outer loop
      vertex 29.8191 38.0261 5.01
      vertex 29.5981 38.5 -5
      vertex 29.5981 38.5 5.01
    endloop
  endfacet
  facet normal 0.906295 0.422645 0
    outer loop
      vertex 29.5981 38.5 -5
      vertex 29.8191 38.0261 5.01
      vertex 29.8191 38.0261 -5
    endloop
  endfacet
  facet normal 0.906295 -0.422645 0
    outer loop
      vertex 29.5981 -38.5 5.01
      vertex 29.8191 -38.0261 -5
      vertex 29.8191 -38.0261 5.01
    endloop
  endfacet
  facet normal 0.906295 -0.422645 0
    outer loop
      vertex 29.8191 -38.0261 -5
      vertex 29.5981 -38.5 5.01
      vertex 29.5981 -38.5 -5
    endloop
  endfacet
  facet normal -0.906295 0.422645 0
    outer loop
      vertex -29.8191 38.0261 -5
      vertex -29.5981 38.5 5.01
      vertex -29.5981 38.5 -5
    endloop
  endfacet
  facet normal -0.906295 0.422645 0
    outer loop
      vertex -29.5981 38.5 5.01
      vertex -29.8191 38.0261 -5
      vertex -29.8191 38.0261 5.01
    endloop
  endfacet
  facet normal 0.573616 -0.819124 0
    outer loop
      vertex 28.5 -39.5981 -5
      vertex 28.9284 -39.2981 5.01
      vertex 28.5 -39.5981 5.01
    endloop
  endfacet
  facet normal 0.573616 -0.819124 0
    outer loop
      vertex 28.9284 -39.2981 5.01
      vertex 28.5 -39.5981 -5
      vertex 28.9284 -39.2981 -5
    endloop
  endfacet
  facet normal 0.0872073 -0.99619 0
    outer loop
      vertex 27 -40 -5
      vertex 27.5209 -39.9544 5.01
      vertex 27 -40 5.01
    endloop
  endfacet
  facet normal 0.0872073 -0.99619 0
    outer loop
      vertex 27.5209 -39.9544 5.01
      vertex 27 -40 -5
      vertex 27.5209 -39.9544 -5
    endloop
  endfacet
  facet normal -0.0872073 -0.99619 0
    outer loop
      vertex -27.5209 -39.9544 -5
      vertex -27 -40 5.01
      vertex -27.5209 -39.9544 5.01
    endloop
  endfacet
  facet normal -0.0872073 -0.99619 -0
    outer loop
      vertex -27 -40 5.01
      vertex -27.5209 -39.9544 -5
      vertex -27 -40 -5
    endloop
  endfacet
  facet normal 0.0872073 0.99619 -0
    outer loop
      vertex 27.5209 39.9544 -5
      vertex 27 40 5.01
      vertex 27.5209 39.9544 5.01
    endloop
  endfacet
  facet normal 0.0872073 0.99619 0
    outer loop
      vertex 27 40 5.01
      vertex 27.5209 39.9544 -5
      vertex 27 40 -5
    endloop
  endfacet
  facet normal -0.573616 0.819124 0
    outer loop
      vertex -28.5 39.5981 -5
      vertex -28.9284 39.2981 5.01
      vertex -28.5 39.5981 5.01
    endloop
  endfacet
  facet normal -0.573616 0.819124 0
    outer loop
      vertex -28.9284 39.2981 5.01
      vertex -28.5 39.5981 -5
      vertex -28.9284 39.2981 -5
    endloop
  endfacet
  facet normal -0.965958 -0.258698 0
    outer loop
      vertex -29.8191 -38.0261 -5
      vertex -29.9544 -37.5209 5.01
      vertex -29.9544 -37.5209 -5
    endloop
  endfacet
  facet normal -0.965958 -0.258698 0
    outer loop
      vertex -29.9544 -37.5209 5.01
      vertex -29.8191 -38.0261 -5
      vertex -29.8191 -38.0261 5.01
    endloop
  endfacet
  facet normal -0.99619 0.0872073 0
    outer loop
      vertex -30 37 -5
      vertex -29.9544 37.5209 5.01
      vertex -29.9544 37.5209 -5
    endloop
  endfacet
  facet normal -0.99619 0.0872073 0
    outer loop
      vertex -29.9544 37.5209 5.01
      vertex -30 37 -5
      vertex -30 37 5.01
    endloop
  endfacet
  facet normal -0.422645 -0.906295 0
    outer loop
      vertex -28.5 -39.5981 -5
      vertex -28.0261 -39.8191 5.01
      vertex -28.5 -39.5981 5.01
    endloop
  endfacet
  facet normal -0.422645 -0.906295 -0
    outer loop
      vertex -28.0261 -39.8191 5.01
      vertex -28.5 -39.5981 -5
      vertex -28.0261 -39.8191 -5
    endloop
  endfacet
  facet normal 0.965958 0.258698 0
    outer loop
      vertex 29.9544 37.5209 5.01
      vertex 29.8191 38.0261 -5
      vertex 29.8191 38.0261 5.01
    endloop
  endfacet
  facet normal 0.965958 0.258698 0
    outer loop
      vertex 29.8191 38.0261 -5
      vertex 29.9544 37.5209 5.01
      vertex 29.9544 37.5209 -5
    endloop
  endfacet
  facet normal -0.99619 -0.0872073 0
    outer loop
      vertex -29.9544 -37.5209 -5
      vertex -30 -37 5.01
      vertex -30 -37 -5
    endloop
  endfacet
  facet normal -0.99619 -0.0872073 0
    outer loop
      vertex -30 -37 5.01
      vertex -29.9544 -37.5209 -5
      vertex -29.9544 -37.5209 5.01
    endloop
  endfacet
  facet normal -0.965958 0.258698 0
    outer loop
      vertex -29.9544 37.5209 -5
      vertex -29.8191 38.0261 5.01
      vertex -29.8191 38.0261 -5
    endloop
  endfacet
  facet normal -0.965958 0.258698 0
    outer loop
      vertex -29.8191 38.0261 5.01
      vertex -29.9544 37.5209 -5
      vertex -29.9544 37.5209 5.01
    endloop
  endfacet
  facet normal 0.99619 -0.0872073 0
    outer loop
      vertex 29.9544 -37.5209 5.01
      vertex 30 -37 -5
      vertex 30 -37 5.01
    endloop
  endfacet
  facet normal 0.99619 -0.0872073 0
    outer loop
      vertex 30 -37 -5
      vertex 29.9544 -37.5209 5.01
      vertex 29.9544 -37.5209 -5
    endloop
  endfacet
  facet normal 0.707107 -0.707107 0
    outer loop
      vertex 28.9284 -39.2981 5.01
      vertex 29.2981 -38.9284 -5
      vertex 29.2981 -38.9284 5.01
    endloop
  endfacet
  facet normal 0.707107 -0.707107 0
    outer loop
      vertex 29.2981 -38.9284 -5
      vertex 28.9284 -39.2981 5.01
      vertex 28.9284 -39.2981 -5
    endloop
  endfacet
  facet normal -0.819124 0.573616 0
    outer loop
      vertex -29.5981 38.5 -5
      vertex -29.2981 38.9284 5.01
      vertex -29.2981 38.9284 -5
    endloop
  endfacet
  facet normal -0.819124 0.573616 0
    outer loop
      vertex -29.2981 38.9284 5.01
      vertex -29.5981 38.5 -5
      vertex -29.5981 38.5 5.01
    endloop
  endfacet
  facet normal -0.422645 0.906295 0
    outer loop
      vertex -28.0261 39.8191 -5
      vertex -28.5 39.5981 5.01
      vertex -28.0261 39.8191 5.01
    endloop
  endfacet
  facet normal -0.422645 0.906295 0
    outer loop
      vertex -28.5 39.5981 5.01
      vertex -28.0261 39.8191 -5
      vertex -28.5 39.5981 -5
    endloop
  endfacet
  facet normal -0.819124 -0.573616 0
    outer loop
      vertex -29.2981 -38.9284 -5
      vertex -29.5981 -38.5 5.01
      vertex -29.5981 -38.5 -5
    endloop
  endfacet
  facet normal -0.819124 -0.573616 0
    outer loop
      vertex -29.5981 -38.5 5.01
      vertex -29.2981 -38.9284 -5
      vertex -29.2981 -38.9284 5.01
    endloop
  endfacet
  facet normal 0.258698 0.965958 -0
    outer loop
      vertex 28.0261 39.8191 -5
      vertex 27.5209 39.9544 5.01
      vertex 28.0261 39.8191 5.01
    endloop
  endfacet
  facet normal 0.258698 0.965958 0
    outer loop
      vertex 27.5209 39.9544 5.01
      vertex 28.0261 39.8191 -5
      vertex 27.5209 39.9544 -5
    endloop
  endfacet
  facet normal -0.707107 -0.707107 0
    outer loop
      vertex -28.9284 -39.2981 -5
      vertex -29.2981 -38.9284 5.01
      vertex -29.2981 -38.9284 -5
    endloop
  endfacet
  facet normal -0.707107 -0.707107 0
    outer loop
      vertex -29.2981 -38.9284 5.01
      vertex -28.9284 -39.2981 -5
      vertex -28.9284 -39.2981 5.01
    endloop
  endfacet
  facet normal 0.707107 0.707107 0
    outer loop
      vertex 29.2981 38.9284 5.01
      vertex 28.9284 39.2981 -5
      vertex 28.9284 39.2981 5.01
    endloop
  endfacet
  facet normal 0.707107 0.707107 0
    outer loop
      vertex 28.9284 39.2981 -5
      vertex 29.2981 38.9284 5.01
      vertex 29.2981 38.9284 -5
    endloop
  endfacet
  facet normal 0.819124 0.573616 0
    outer loop
      vertex 29.5981 38.5 5.01
      vertex 29.2981 38.9284 -5
      vertex 29.2981 38.9284 5.01
    endloop
  endfacet
  facet normal 0.819124 0.573616 0
    outer loop
      vertex 29.2981 38.9284 -5
      vertex 29.5981 38.5 5.01
      vertex 29.5981 38.5 -5
    endloop
  endfacet
  facet normal 0 0 1
    outer loop
      vertex -23.7161 -6.5076 5.01
      vertex -23.9424 -6.64972 5.01
      vertex -23.7161 -6.51984 5.01
    endloop
  endfacet
  facet normal -0 0 1
    outer loop
      vertex -24.4545 -6.51984 5.01
      vertex -23.9424 -6.64972 5.01
      vertex -23.7161 -6.5076 5.01
    endloop
  endfacet
  facet normal 0 0 1
    outer loop
      vertex -24.4545 -6.51984 5.01
      vertex -24.1428 -6.79524 5.01
      vertex -23.9424 -6.64972 5.01
    endloop
  endfacet
  facet normal 0 0 1
    outer loop
      vertex -24.4545 -6.51984 5.01
      vertex -24.3173 -6.95638 5.01
      vertex -24.1428 -6.79524 5.01
    endloop
  endfacet
  facet normal 0 0 1
    outer loop
      vertex -24.4545 -6.51984 5.01
      vertex -24.466 -7.13313 5.01
      vertex -24.3173 -6.95638 5.01
    endloop
  endfacet
  facet normal 0 0 1
    outer loop
      vertex -24.4545 -6.51984 5.01
      vertex -24.5887 -7.32552 5.01
      vertex -24.466 -7.13313 5.01
    endloop
  endfacet
  facet normal -0 0 1
    outer loop
      vertex -27.1949 -6.51984 5.01
      vertex -24.5887 -7.32552 5.01
      vertex -24.4545 -6.51984 5.01
    endloop
  endfacet
  facet normal 0 0 1
    outer loop
      vertex -24.5887 -7.32552 5.01
      vertex -27.1949 -6.51984 5.01
      vertex -24.6876 -7.53569 5.01
    endloop
  endfacet
  facet normal 0 0 1
    outer loop
      vertex -24.8301 -14.2611 5.01
      vertex -27.1949 -6.51984 5.01
      vertex -24.8634 -14.8345 5.01
    endloop
  endfacet
  facet normal 0 0 1
    outer loop
      vertex -24.8634 -14.8345 5.01
      vertex -27.1949 -6.51984 5.01
      vertex -24.8634 -21.0602 5.01
    endloop
  endfacet
  facet normal 0 0 1
    outer loop
      vertex -30 -37 5.01
      vertex -24.8634 -21.0602 5.01
      vertex -27.1949 -6.51984 5.01
    endloop
  endfacet
  facet normal 0 0 1
    outer loop
      vertex -27.1949 -6.51984 5.01
      vertex -24.8634 -8.5766 5.01
      vertex -24.8524 -8.28635 5.01
    endloop
  endfacet
  facet normal 0 0 1
    outer loop
      vertex -24.8634 -27.1655 5.01
      vertex -26.7371 -31.8044 5.01
      vertex -25.785 -31.8044 5.01
    endloop
  endfacet
  facet normal -0 0 1
    outer loop
      vertex -30 -37 5.01
      vertex -26.7371 -38.3286 5.01
      vertex -26.7371 -31.8044 5.01
    endloop
  endfacet
  facet normal 0 0 1
    outer loop
      vertex -24.6876 -7.53569 5.01
      vertex -27.1949 -6.51984 5.01
      vertex -24.7645 -7.76588 5.01
    endloop
  endfacet
  facet normal 0 0 1
    outer loop
      vertex -27.1949 -6.51984 5.01
      vertex -24.8195 -8.0161 5.01
      vertex -24.7645 -7.76588 5.01
    endloop
  endfacet
  facet normal 0 0 1
    outer loop
      vertex -27.1949 -6.51984 5.01
      vertex -24.8524 -8.28635 5.01
      vertex -24.8195 -8.0161 5.01
    endloop
  endfacet
  facet normal 0 0 1
    outer loop
      vertex -24.8634 -21.0602 5.01
      vertex -26.7371 -31.8044 5.01
      vertex -24.8634 -27.1655 5.01
    endloop
  endfacet
  facet normal 0 0 1
    outer loop
      vertex -24.8634 -21.0602 5.01
      vertex -30 -37 5.01
      vertex -26.7371 -31.8044 5.01
    endloop
  endfacet
  facet normal 0 0 1
    outer loop
      vertex -30 -37 5.01
      vertex -27.1949 -5.4213 5.01
      vertex -30 37 5.01
    endloop
  endfacet
  facet normal 0 0 1
    outer loop
      vertex -27.1949 -5.4213 5.01
      vertex -30 -37 5.01
      vertex -27.1949 -6.51984 5.01
    endloop
  endfacet
  facet normal 0 0 1
    outer loop
      vertex -30 37 5.01
      vertex -27.5209 39.9544 5.01
      vertex -28.0261 39.8191 5.01
    endloop
  endfacet
  facet normal -0 -0 1
    outer loop
      vertex -29.9544 -37.5209 5.01
      vertex -26.7371 -38.3286 5.01
      vertex -30 -37 5.01
    endloop
  endfacet
  facet normal 0 0 1
    outer loop
      vertex -30 37 5.01
      vertex -28.0261 39.8191 5.01
      vertex -28.5 39.5981 5.01
    endloop
  endfacet
  facet normal 0 0 1
    outer loop
      vertex -26.7371 -38.3286 5.01
      vertex -27.5209 -39.9544 5.01
      vertex -27 -40 5.01
    endloop
  endfacet
  facet normal 0 0 1
    outer loop
      vertex -30 37 5.01
      vertex -28.5 39.5981 5.01
      vertex -28.9284 39.2981 5.01
    endloop
  endfacet
  facet normal 0 0 1
    outer loop
      vertex -26.7371 -38.3286 5.01
      vertex -28.0261 -39.8191 5.01
      vertex -27.5209 -39.9544 5.01
    endloop
  endfacet
  facet normal 0 0 1
    outer loop
      vertex -30 37 5.01
      vertex -28.9284 39.2981 5.01
      vertex -29.2981 38.9284 5.01
    endloop
  endfacet
  facet normal 0 0 1
    outer loop
      vertex -26.7371 -38.3286 5.01
      vertex -28.5 -39.5981 5.01
      vertex -28.0261 -39.8191 5.01
    endloop
  endfacet
  facet normal 0 0 1
    outer loop
      vertex -30 37 5.01
      vertex -29.2981 38.9284 5.01
      vertex -29.5981 38.5 5.01
    endloop
  endfacet
  facet normal 0 0 1
    outer loop
      vertex -26.7371 -38.3286 5.01
      vertex -28.9284 -39.2981 5.01
      vertex -28.5 -39.5981 5.01
    endloop
  endfacet
  facet normal 0 0 1
    outer loop
      vertex -30 37 5.01
      vertex -29.5981 38.5 5.01
      vertex -29.8191 38.0261 5.01
    endloop
  endfacet
  facet normal 0 0 1
    outer loop
      vertex -26.7371 -38.3286 5.01
      vertex -29.2981 -38.9284 5.01
      vertex -28.9284 -39.2981 5.01
    endloop
  endfacet
  facet normal 0 0 1
    outer loop
      vertex -30 37 5.01
      vertex -29.8191 38.0261 5.01
      vertex -29.9544 37.5209 5.01
    endloop
  endfacet
  facet normal 0 0 1
    outer loop
      vertex -26.7371 -38.3286 5.01
      vertex -29.5981 -38.5 5.01
      vertex -29.2981 -38.9284 5.01
    endloop
  endfacet
  facet normal 0 0 1
    outer loop
      vertex -26.7371 -38.3286 5.01
      vertex -29.8191 -38.0261 5.01
      vertex -29.5981 -38.5 5.01
    endloop
  endfacet
  facet normal 0 0 1
    outer loop
      vertex -26.7371 -38.3286 5.01
      vertex -29.9544 -37.5209 5.01
      vertex -29.8191 -38.0261 5.01
    endloop
  endfacet
  facet normal 0 0 1
    outer loop
      vertex -20.1762 -19.6138 5.01
      vertex -18.8824 -21.0785 5.01
      vertex -18.8951 -20.8518 5.01
    endloop
  endfacet
  facet normal 0 0 1
    outer loop
      vertex -19.9263 -19.6624 5.01
      vertex -18.8951 -20.8518 5.01
      vertex -18.9332 -20.6405 5.01
    endloop
  endfacet
  facet normal 0 -0 1
    outer loop
      vertex -19.7983 -22.4791 5.01
      vertex -18.8824 -21.0785 5.01
      vertex -20.1762 -19.6138 5.01
    endloop
  endfacet
  facet normal 0 0 1
    outer loop
      vertex -19.9263 -19.6624 5.01
      vertex -18.9332 -20.6405 5.01
      vertex -18.9966 -20.4446 5.01
    endloop
  endfacet
  facet normal 0 0 1
    outer loop
      vertex -19.7036 -19.7353 5.01
      vertex -18.9966 -20.4446 5.01
      vertex -19.0855 -20.2641 5.01
    endloop
  endfacet
  facet normal 0 0 1
    outer loop
      vertex -18.8951 -20.8518 5.01
      vertex -19.9263 -19.6624 5.01
      vertex -20.1762 -19.6138 5.01
    endloop
  endfacet
  facet normal 0 0 1
    outer loop
      vertex -19.7036 -19.7353 5.01
      vertex -19.0855 -20.2641 5.01
      vertex -19.1997 -20.0989 5.01
    endloop
  endfacet
  facet normal 0 0 1
    outer loop
      vertex -18.8824 -21.0785 5.01
      vertex -19.7983 -22.4791 5.01
      vertex -18.9078 -21.3961 5.01
    endloop
  endfacet
  facet normal 0 0 1
    outer loop
      vertex -19.5083 -19.8324 5.01
      vertex -19.1997 -20.0989 5.01
      vertex -19.3404 -19.9536 5.01
    endloop
  endfacet
  facet normal 0 0 1
    outer loop
      vertex -19.1997 -20.0989 5.01
      vertex -19.5083 -19.8324 5.01
      vertex -19.7036 -19.7353 5.01
    endloop
  endfacet
  facet normal 0 0 1
    outer loop
      vertex -18.9966 -20.4446 5.01
      vertex -19.7036 -19.7353 5.01
      vertex -19.9263 -19.6624 5.01
    endloop
  endfacet
  facet normal 0 0 1
    outer loop
      vertex -18.9839 -21.68 5.01
      vertex -19.5171 -22.3297 5.01
      vertex -19.1109 -21.9303 5.01
    endloop
  endfacet
  facet normal 0 0 1
    outer loop
      vertex -19.1109 -21.9303 5.01
      vertex -19.5171 -22.3297 5.01
      vertex -19.2886 -22.1468 5.01
    endloop
  endfacet
  facet normal 0 0 1
    outer loop
      vertex -18.9078 -21.3961 5.01
      vertex -19.5171 -22.3297 5.01
      vertex -18.9839 -21.68 5.01
    endloop
  endfacet
  facet normal 0 0 1
    outer loop
      vertex -18.9078 -21.3961 5.01
      vertex -19.7983 -22.4791 5.01
      vertex -19.5171 -22.3297 5.01
    endloop
  endfacet
  facet normal 0 0 1
    outer loop
      vertex -19.7983 -22.4791 5.01
      vertex -20.1762 -19.6138 5.01
      vertex -20.1342 -22.5953 5.01
    endloop
  endfacet
  facet normal -0 0 1
    outer loop
      vertex -21.4457 -17.7946 5.01
      vertex -20.1031 -18.503 5.01
      vertex -20.8106 -17.765 5.01
    endloop
  endfacet
  facet normal 0 0 1
    outer loop
      vertex -20.1031 -18.503 5.01
      vertex -21.4457 -17.7946 5.01
      vertex -20.1762 -19.6138 5.01
    endloop
  endfacet
  facet normal 0 -0 1
    outer loop
      vertex -21.4702 -22.7447 5.01
      vertex -20.1762 -19.6138 5.01
      vertex -22.8067 -19.6687 5.01
    endloop
  endfacet
  facet normal 0 0 1
    outer loop
      vertex -20.1762 -19.6138 5.01
      vertex -20.5249 -22.6783 5.01
      vertex -20.1342 -22.5953 5.01
    endloop
  endfacet
  facet normal 0 0 1
    outer loop
      vertex -20.1762 -19.6138 5.01
      vertex -21.4457 -17.7946 5.01
      vertex -22.8067 -19.6687 5.01
    endloop
  endfacet
  facet normal 0 0 1
    outer loop
      vertex -20.1762 -19.6138 5.01
      vertex -20.9702 -22.7281 5.01
      vertex -20.5249 -22.6783 5.01
    endloop
  endfacet
  facet normal 0 0 1
    outer loop
      vertex -20.1762 -19.6138 5.01
      vertex -21.4702 -22.7447 5.01
      vertex -20.9702 -22.7281 5.01
    endloop
  endfacet
  facet normal 0 0 1
    outer loop
      vertex -21.4702 -22.7447 5.01
      vertex -22.8067 -19.6687 5.01
      vertex -21.9877 -22.729 5.01
    endloop
  endfacet
  facet normal 0 0 1
    outer loop
      vertex -22.8922 -18.5396 5.01
      vertex -21.4457 -17.7946 5.01
      vertex -22.6761 -17.6761 5.01
    endloop
  endfacet
  facet normal 0 0 1
    outer loop
      vertex -21.9877 -22.729 5.01
      vertex -22.8067 -19.6687 5.01
      vertex -22.4417 -22.6822 5.01
    endloop
  endfacet
  facet normal 0 0 1
    outer loop
      vertex -22.8067 -19.6687 5.01
      vertex -22.8323 -22.6041 5.01
      vertex -22.4417 -22.6822 5.01
    endloop
  endfacet
  facet normal 0 0 1
    outer loop
      vertex -24.0029 -21.0907 5.01
      vertex -22.8067 -19.6687 5.01
      vertex -23.0174 -19.7133 5.01
    endloop
  endfacet
  facet normal 0 0 1
    outer loop
      vertex -22.8067 -19.6687 5.01
      vertex -24.0029 -21.0907 5.01
      vertex -22.8323 -22.6041 5.01
    endloop
  endfacet
  facet normal 0 0 1
    outer loop
      vertex -23.99 -20.8461 5.01
      vertex -23.0174 -19.7133 5.01
      vertex -23.21 -19.779 5.01
    endloop
  endfacet
  facet normal 0 0 1
    outer loop
      vertex -23.9512 -20.6249 5.01
      vertex -23.21 -19.779 5.01
      vertex -23.3846 -19.8657 5.01
    endloop
  endfacet
  facet normal 0 0 1
    outer loop
      vertex -22.8323 -22.6041 5.01
      vertex -24.0029 -21.0907 5.01
      vertex -23.1594 -22.4947 5.01
    endloop
  endfacet
  facet normal 0 0 1
    outer loop
      vertex -23.9512 -20.6249 5.01
      vertex -23.3846 -19.8657 5.01
      vertex -23.541 -19.9733 5.01
    endloop
  endfacet
  facet normal -0 -0 1
    outer loop
      vertex -23.9797 -21.4205 5.01
      vertex -23.1594 -22.4947 5.01
      vertex -24.0029 -21.0907 5.01
    endloop
  endfacet
  facet normal 0 0 1
    outer loop
      vertex -23.9512 -20.6249 5.01
      vertex -23.541 -19.9733 5.01
      vertex -23.6795 -20.102 5.01
    endloop
  endfacet
  facet normal -0 -0 1
    outer loop
      vertex -23.9101 -21.7118 5.01
      vertex -23.1594 -22.4947 5.01
      vertex -23.9797 -21.4205 5.01
    endloop
  endfacet
  facet normal 0 0 1
    outer loop
      vertex -23.8865 -20.4272 5.01
      vertex -23.6795 -20.102 5.01
      vertex -23.7959 -20.2529 5.01
    endloop
  endfacet
  facet normal 0 0 1
    outer loop
      vertex -23.6795 -20.102 5.01
      vertex -23.8865 -20.4272 5.01
      vertex -23.9512 -20.6249 5.01
    endloop
  endfacet
  facet normal 0 0 1
    outer loop
      vertex -23.1594 -22.4947 5.01
      vertex -23.9101 -21.7118 5.01
      vertex -23.423 -22.3541 5.01
    endloop
  endfacet
  facet normal 0 0 1
    outer loop
      vertex -23.21 -19.779 5.01
      vertex -23.9512 -20.6249 5.01
      vertex -23.99 -20.8461 5.01
    endloop
  endfacet
  facet normal 0 0 1
    outer loop
      vertex -23.423 -22.3541 5.01
      vertex -23.9101 -21.7118 5.01
      vertex -23.6318 -22.1785 5.01
    endloop
  endfacet
  facet normal 0 0 1
    outer loop
      vertex -23.0174 -19.7133 5.01
      vertex -23.99 -20.8461 5.01
      vertex -24.0029 -21.0907 5.01
    endloop
  endfacet
  facet normal 0 0 1
    outer loop
      vertex -23.6318 -22.1785 5.01
      vertex -23.9101 -21.7118 5.01
      vertex -23.7942 -21.9644 5.01
    endloop
  endfacet
  facet normal 0 0 1
    outer loop
      vertex -23.6123 -29.2772 5.01
      vertex -23.7928 -29.3003 5.01
      vertex -23.6123 -29.2956 5.01
    endloop
  endfacet
  facet normal 0 0 1
    outer loop
      vertex -23.8698 -29.1211 5.01
      vertex -23.7928 -29.3003 5.01
      vertex -23.6123 -29.2772 5.01
    endloop
  endfacet
  facet normal 0 0 1
    outer loop
      vertex -23.8698 -29.1211 5.01
      vertex -23.9487 -29.3048 5.01
      vertex -23.7928 -29.3003 5.01
    endloop
  endfacet
  facet normal 0 0 1
    outer loop
      vertex -23.8698 -29.1211 5.01
      vertex -24.0799 -29.3091 5.01
      vertex -23.9487 -29.3048 5.01
    endloop
  endfacet
  facet normal 0 0 1
    outer loop
      vertex -24.0952 -28.9555 5.01
      vertex -24.0799 -29.3091 5.01
      vertex -23.8698 -29.1211 5.01
    endloop
  endfacet
  facet normal 0 0 1
    outer loop
      vertex -24.0952 -28.9555 5.01
      vertex -24.1864 -29.3131 5.01
      vertex -24.0799 -29.3091 5.01
    endloop
  endfacet
  facet normal 0 0 1
    outer loop
      vertex -24.0952 -28.9555 5.01
      vertex -24.2683 -29.3169 5.01
      vertex -24.1864 -29.3131 5.01
    endloop
  endfacet
  facet normal 0 0 1
    outer loop
      vertex -24.3363 -29.3204 5.01
      vertex -24.0952 -28.9555 5.01
      vertex -24.2887 -28.7803 5.01
    endloop
  endfacet
  facet normal 0 0 1
    outer loop
      vertex -24.0952 -28.9555 5.01
      vertex -24.3363 -29.3204 5.01
      vertex -24.2683 -29.3169 5.01
    endloop
  endfacet
  facet normal 0 0 1
    outer loop
      vertex -24.2887 -28.7803 5.01
      vertex -24.4012 -29.3237 5.01
      vertex -24.3363 -29.3204 5.01
    endloop
  endfacet
  facet normal 0 0 1
    outer loop
      vertex -24.6261 -29.3346 5.01
      vertex -24.2887 -28.7803 5.01
      vertex -24.4501 -28.5957 5.01
    endloop
  endfacet
  facet normal 0 0 1
    outer loop
      vertex -24.2887 -28.7803 5.01
      vertex -24.4628 -29.3268 5.01
      vertex -24.4012 -29.3237 5.01
    endloop
  endfacet
  facet normal 0 0 1
    outer loop
      vertex -24.2887 -28.7803 5.01
      vertex -24.5213 -29.3296 5.01
      vertex -24.4628 -29.3268 5.01
    endloop
  endfacet
  facet normal 0 0 1
    outer loop
      vertex -24.2887 -28.7803 5.01
      vertex -24.5766 -29.3322 5.01
      vertex -24.5213 -29.3296 5.01
    endloop
  endfacet
  facet normal 0 0 1
    outer loop
      vertex -24.7414 -29.3443 5.01
      vertex -24.4501 -28.5957 5.01
      vertex -24.5797 -28.4015 5.01
    endloop
  endfacet
  facet normal 0 0 1
    outer loop
      vertex -24.2887 -28.7803 5.01
      vertex -24.6261 -29.3346 5.01
      vertex -24.5766 -29.3322 5.01
    endloop
  endfacet
  facet normal 0 0 1
    outer loop
      vertex -24.4501 -28.5957 5.01
      vertex -24.6674 -29.3371 5.01
      vertex -24.6261 -29.3346 5.01
    endloop
  endfacet
  facet normal 0 0 1
    outer loop
      vertex -24.7414 -29.3443 5.01
      vertex -24.5797 -28.4015 5.01
      vertex -24.6818 -28.1929 5.01
    endloop
  endfacet
  facet normal 0 0 1
    outer loop
      vertex -24.4501 -28.5957 5.01
      vertex -24.7004 -29.3395 5.01
      vertex -24.6674 -29.3371 5.01
    endloop
  endfacet
  facet normal 0 0 1
    outer loop
      vertex -24.4501 -28.5957 5.01
      vertex -24.725 -29.3419 5.01
      vertex -24.7004 -29.3395 5.01
    endloop
  endfacet
  facet normal 0 0 1
    outer loop
      vertex -24.4501 -28.5957 5.01
      vertex -24.7414 -29.3443 5.01
      vertex -24.725 -29.3419 5.01
    endloop
  endfacet
  facet normal 0 0 1
    outer loop
      vertex -24.818 -27.7178 5.01
      vertex -24.7414 -29.3443 5.01
      vertex -24.7613 -27.965 5.01
    endloop
  endfacet
  facet normal 0 0 1
    outer loop
      vertex -24.7613 -27.965 5.01
      vertex -24.7414 -29.3443 5.01
      vertex -24.6818 -28.1929 5.01
    endloop
  endfacet
  facet normal 0 0 1
    outer loop
      vertex -20.9148 13.0987 5.01
      vertex -18.8519 12.6226 5.01
      vertex -18.8621 12.9391 5.01
    endloop
  endfacet
  facet normal 0 0 1
    outer loop
      vertex -18.8519 12.6226 5.01
      vertex -20.9148 13.0987 5.01
      vertex -18.8618 12.3238 5.01
    endloop
  endfacet
  facet normal 0 0 1
    outer loop
      vertex -20.8479 13.3247 5.01
      vertex -18.8621 12.9391 5.01
      vertex -18.8929 13.2198 5.01
    endloop
  endfacet
  facet normal 0 0 1
    outer loop
      vertex -21.1222 12.3114 5.01
      vertex -18.8618 12.3238 5.01
      vertex -20.9148 13.0987 5.01
    endloop
  endfacet
  facet normal 0 0 1
    outer loop
      vertex -20.7742 13.5244 5.01
      vertex -18.8929 13.2198 5.01
      vertex -18.9442 13.4645 5.01
    endloop
  endfacet
  facet normal 0 0 1
    outer loop
      vertex -18.8618 12.3238 5.01
      vertex -21.1222 12.3114 5.01
      vertex -18.8914 12.0523 5.01
    endloop
  endfacet
  facet normal 0 0 1
    outer loop
      vertex -20.6936 13.6977 5.01
      vertex -18.9442 13.4645 5.01
      vertex -19.0159 13.6734 5.01
    endloop
  endfacet
  facet normal 0 0 1
    outer loop
      vertex -18.8914 12.0523 5.01
      vertex -21.1222 12.3114 5.01
      vertex -18.9409 11.8082 5.01
    endloop
  endfacet
  facet normal 0 0 1
    outer loop
      vertex -19.6824 14.2184 5.01
      vertex -19.0159 13.6734 5.01
      vertex -19.1082 13.8463 5.01
    endloop
  endfacet
  facet normal 0 0 1
    outer loop
      vertex -18.9409 11.8082 5.01
      vertex -21.1222 12.3114 5.01
      vertex -19.0101 11.5914 5.01
    endloop
  endfacet
  facet normal 0 0 1
    outer loop
      vertex -19.6824 14.2184 5.01
      vertex -19.1082 13.8463 5.01
      vertex -19.221 13.9858 5.01
    endloop
  endfacet
  facet normal 0 0 1
    outer loop
      vertex -19.0101 11.5914 5.01
      vertex -21.1222 12.3114 5.01
      vertex -19.099 11.4019 5.01
    endloop
  endfacet
  facet normal 0 0 1
    outer loop
      vertex -19.5081 14.1719 5.01
      vertex -19.221 13.9858 5.01
      vertex -19.3543 14.0943 5.01
    endloop
  endfacet
  facet normal 0 0 1
    outer loop
      vertex -19.099 11.4019 5.01
      vertex -21.1222 12.3114 5.01
      vertex -19.2093 11.2381 5.01
    endloop
  endfacet
  facet normal 0 0 1
    outer loop
      vertex -19.221 13.9858 5.01
      vertex -19.5081 14.1719 5.01
      vertex -19.6824 14.2184 5.01
    endloop
  endfacet
  facet normal 0 0 1
    outer loop
      vertex -19.2093 11.2381 5.01
      vertex -21.1222 12.3114 5.01
      vertex -19.3422 11.0983 5.01
    endloop
  endfacet
  facet normal 0 0 1
    outer loop
      vertex -19.0159 13.6734 5.01
      vertex -19.6824 14.2184 5.01
      vertex -20.6062 13.8447 5.01
    endloop
  endfacet
  facet normal 0 0 1
    outer loop
      vertex -20.6062 13.8447 5.01
      vertex -19.6824 14.2184 5.01
      vertex -19.8772 14.2339 5.01
    endloop
  endfacet
  facet normal 0 0 1
    outer loop
      vertex -19.3422 11.0983 5.01
      vertex -21.1222 12.3114 5.01
      vertex -19.4978 10.9823 5.01
    endloop
  endfacet
  facet normal 0 0 1
    outer loop
      vertex -20.6062 13.8447 5.01
      vertex -19.8772 14.2339 5.01
      vertex -20.0276 14.2231 5.01
    endloop
  endfacet
  facet normal 0 0 1
    outer loop
      vertex -18.1378 -30.3453 5.01
      vertex -19.0899 -31.5542 5.01
      vertex -18.1378 -31.5542 5.01
    endloop
  endfacet
  facet normal 0 0 1
    outer loop
      vertex -19.0899 -31.5542 5.01
      vertex -22.0866 -32.1706 5.01
      vertex -19.0899 -37.1629 5.01
    endloop
  endfacet
  facet normal -0 0 1
    outer loop
      vertex -23.3315 -30.3453 5.01
      vertex -19.0899 -31.5542 5.01
      vertex -18.1378 -30.3453 5.01
    endloop
  endfacet
  facet normal 0 0 1
    outer loop
      vertex -19.0899 -31.5542 5.01
      vertex -23.3315 -30.3453 5.01
      vertex -22.0866 -32.1706 5.01
    endloop
  endfacet
  facet normal 0 0 1
    outer loop
      vertex -22.0866 -32.1706 5.01
      vertex -23.3315 -30.3453 5.01
      vertex -23.0264 -32.1706 5.01
    endloop
  endfacet
  facet normal -0 0 1
    outer loop
      vertex -23.757 -30.3468 5.01
      vertex -23.0264 -32.1706 5.01
      vertex -23.3315 -30.3453 5.01
    endloop
  endfacet
  facet normal -0 0 1
    outer loop
      vertex -24.1108 -30.3512 5.01
      vertex -23.0264 -32.1706 5.01
      vertex -23.757 -30.3468 5.01
    endloop
  endfacet
  facet normal -0 0 1
    outer loop
      vertex -24.3928 -30.3585 5.01
      vertex -23.0264 -32.1706 5.01
      vertex -24.1108 -30.3512 5.01
    endloop
  endfacet
  facet normal 0 0 1
    outer loop
      vertex -23.0264 -32.1706 5.01
      vertex -24.3928 -30.3585 5.01
      vertex -25.785 -31.8044 5.01
    endloop
  endfacet
  facet normal 0 0 1
    outer loop
      vertex -25.785 -31.8044 5.01
      vertex -24.3928 -30.3585 5.01
      vertex -24.603 -30.3687 5.01
    endloop
  endfacet
  facet normal 0 0 1
    outer loop
      vertex -25.785 -31.8044 5.01
      vertex -24.603 -30.3687 5.01
      vertex -24.7414 -30.3819 5.01
    endloop
  endfacet
  facet normal 0 0 1
    outer loop
      vertex -24.7414 -29.3443 5.01
      vertex -24.818 -27.7178 5.01
      vertex -25.785 -31.8044 5.01
    endloop
  endfacet
  facet normal 0 0 1
    outer loop
      vertex -25.785 -31.8044 5.01
      vertex -24.818 -27.7178 5.01
      vertex -24.8521 -27.4513 5.01
    endloop
  endfacet
  facet normal 0 0 1
    outer loop
      vertex -25.785 -31.8044 5.01
      vertex -24.8521 -27.4513 5.01
      vertex -24.8634 -27.1655 5.01
    endloop
  endfacet
  facet normal 0 0 1
    outer loop
      vertex -24.7414 -29.3443 5.01
      vertex -25.785 -31.8044 5.01
      vertex -24.7414 -30.3819 5.01
    endloop
  endfacet
  facet normal 0 0 1
    outer loop
      vertex -25.785 -37.1629 5.01
      vertex -23.0264 -32.1706 5.01
      vertex -25.785 -31.8044 5.01
    endloop
  endfacet
  facet normal 0 0 1
    outer loop
      vertex -23.0264 -32.1706 5.01
      vertex -25.785 -37.1629 5.01
      vertex -23.0264 -37.1629 5.01
    endloop
  endfacet
  facet normal 0 0 1
    outer loop
      vertex -18.1378 -26.1769 5.01
      vertex -21.9644 -29.2467 5.01
      vertex -18.1378 -29.2467 5.01
    endloop
  endfacet
  facet normal -0 0 1
    outer loop
      vertex -22.3245 -26.1769 5.01
      vertex -21.9644 -29.2467 5.01
      vertex -18.1378 -26.1769 5.01
    endloop
  endfacet
  facet normal 0 0 1
    outer loop
      vertex -22.3245 -26.1769 5.01
      vertex -22.3333 -29.2284 5.01
      vertex -21.9644 -29.2467 5.01
    endloop
  endfacet
  facet normal 0 0 1
    outer loop
      vertex -22.97 -29.0819 5.01
      vertex -22.3245 -26.1769 5.01
      vertex -22.574 -26.182 5.01
    endloop
  endfacet
  facet normal 0 0 1
    outer loop
      vertex -22.3245 -26.1769 5.01
      vertex -22.6685 -29.1734 5.01
      vertex -22.3333 -29.2284 5.01
    endloop
  endfacet
  facet normal 0 0 1
    outer loop
      vertex -23.9933 -27.8418 5.01
      vertex -22.574 -26.182 5.01
      vertex -22.8001 -26.1974 5.01
    endloop
  endfacet
  facet normal 0 0 1
    outer loop
      vertex -22.3245 -26.1769 5.01
      vertex -22.97 -29.0819 5.01
      vertex -22.6685 -29.1734 5.01
    endloop
  endfacet
  facet normal 0 0 1
    outer loop
      vertex -24.0151 -27.5379 5.01
      vertex -22.8001 -26.1974 5.01
      vertex -23.0027 -26.223 5.01
    endloop
  endfacet
  facet normal 0 0 1
    outer loop
      vertex -24.0087 -27.3311 5.01
      vertex -23.0027 -26.223 5.01
      vertex -23.1819 -26.2589 5.01
    endloop
  endfacet
  facet normal 0 0 1
    outer loop
      vertex -22.574 -26.182 5.01
      vertex -23.2378 -28.9537 5.01
      vertex -22.97 -29.0819 5.01
    endloop
  endfacet
  facet normal 0 0 1
    outer loop
      vertex -23.9897 -27.1453 5.01
      vertex -23.1819 -26.2589 5.01
      vertex -23.3376 -26.305 5.01
    endloop
  endfacet
  facet normal 0 0 1
    outer loop
      vertex -22.574 -26.182 5.01
      vertex -23.9933 -27.8418 5.01
      vertex -23.4719 -28.789 5.01
    endloop
  endfacet
  facet normal 0 0 1
    outer loop
      vertex -23.9579 -26.9806 5.01
      vertex -23.3376 -26.305 5.01
      vertex -23.4736 -26.3624 5.01
    endloop
  endfacet
  facet normal 0 0 1
    outer loop
      vertex -23.9135 -26.8368 5.01
      vertex -23.4736 -26.3624 5.01
      vertex -23.5935 -26.432 5.01
    endloop
  endfacet
  facet normal 0 0 1
    outer loop
      vertex -22.8001 -26.1974 5.01
      vertex -24.0151 -27.5379 5.01
      vertex -23.9933 -27.8418 5.01
    endloop
  endfacet
  facet normal 0 0 1
    outer loop
      vertex -23.9135 -26.8368 5.01
      vertex -23.5935 -26.432 5.01
      vertex -23.6972 -26.5138 5.01
    endloop
  endfacet
  facet normal 0 0 1
    outer loop
      vertex -23.9135 -26.8368 5.01
      vertex -23.6972 -26.5138 5.01
      vertex -23.7849 -26.6078 5.01
    endloop
  endfacet
  facet normal 0 0 1
    outer loop
      vertex -22.574 -26.182 5.01
      vertex -23.4719 -28.789 5.01
      vertex -23.2378 -28.9537 5.01
    endloop
  endfacet
  facet normal 0 0 1
    outer loop
      vertex -23.9135 -26.8368 5.01
      vertex -23.7849 -26.6078 5.01
      vertex -23.8564 -26.714 5.01
    endloop
  endfacet
  facet normal 0 0 1
    outer loop
      vertex -23.4736 -26.3624 5.01
      vertex -23.9135 -26.8368 5.01
      vertex -23.9579 -26.9806 5.01
    endloop
  endfacet
  facet normal 0 0 1
    outer loop
      vertex -23.0027 -26.223 5.01
      vertex -24.0087 -27.3311 5.01
      vertex -24.0151 -27.5379 5.01
    endloop
  endfacet
  facet normal 0 0 1
    outer loop
      vertex -23.3376 -26.305 5.01
      vertex -23.9579 -26.9806 5.01
      vertex -23.9897 -27.1453 5.01
    endloop
  endfacet
  facet normal 0 0 1
    outer loop
      vertex -23.1819 -26.2589 5.01
      vertex -23.9897 -27.1453 5.01
      vertex -24.0087 -27.3311 5.01
    endloop
  endfacet
  facet normal 0 0 1
    outer loop
      vertex -23.4719 -28.789 5.01
      vertex -23.9933 -27.8418 5.01
      vertex -23.6675 -28.5924 5.01
    endloop
  endfacet
  facet normal 0 0 1
    outer loop
      vertex -23.6675 -28.5924 5.01
      vertex -23.9933 -27.8418 5.01
      vertex -23.8195 -28.3691 5.01
    endloop
  endfacet
  facet normal 0 0 1
    outer loop
      vertex -23.8195 -28.3691 5.01
      vertex -23.9933 -27.8418 5.01
      vertex -23.9282 -28.1189 5.01
    endloop
  endfacet
  facet normal -0 0 1
    outer loop
      vertex -18.1559 -22.0513 5.01
      vertex -18.1378 -25.0722 5.01
      vertex -18.0508 -21.5759 5.01
    endloop
  endfacet
  facet normal -0 0 1
    outer loop
      vertex -18.3311 -22.4743 5.01
      vertex -18.1378 -25.0722 5.01
      vertex -18.1559 -22.0513 5.01
    endloop
  endfacet
  facet normal -0 0 1
    outer loop
      vertex -18.5763 -22.8447 5.01
      vertex -18.1378 -25.0722 5.01
      vertex -18.3311 -22.4743 5.01
    endloop
  endfacet
  facet normal -0 0 1
    outer loop
      vertex -18.8916 -23.1627 5.01
      vertex -18.1378 -25.0722 5.01
      vertex -18.5763 -22.8447 5.01
    endloop
  endfacet
  facet normal -0 0 1
    outer loop
      vertex -19.274 -23.4253 5.01
      vertex -18.1378 -25.0722 5.01
      vertex -18.8916 -23.1627 5.01
    endloop
  endfacet
  facet normal -0 0 1
    outer loop
      vertex -19.7206 -23.6295 5.01
      vertex -18.1378 -25.0722 5.01
      vertex -19.274 -23.4253 5.01
    endloop
  endfacet
  facet normal -0 0 1
    outer loop
      vertex -20.2314 -23.7753 5.01
      vertex -18.1378 -25.0722 5.01
      vertex -19.7206 -23.6295 5.01
    endloop
  endfacet
  facet normal -0 0 1
    outer loop
      vertex -20.8065 -23.8628 5.01
      vertex -18.1378 -25.0722 5.01
      vertex -20.2314 -23.7753 5.01
    endloop
  endfacet
  facet normal 0 0 1
    outer loop
      vertex -22.5382 -25.0722 5.01
      vertex -20.8065 -23.8628 5.01
      vertex -21.4457 -23.892 5.01
    endloop
  endfacet
  facet normal 0 0 1
    outer loop
      vertex -22.5382 -25.0722 5.01
      vertex -21.4457 -23.892 5.01
      vertex -22.0805 -23.8627 5.01
    endloop
  endfacet
  facet normal 0 0 1
    outer loop
      vertex -20.8065 -23.8628 5.01
      vertex -22.5382 -25.0722 5.01
      vertex -18.1378 -25.0722 5.01
    endloop
  endfacet
  facet normal 0 0 1
    outer loop
      vertex -22.6521 -23.7748 5.01
      vertex -22.5382 -25.0722 5.01
      vertex -22.0805 -23.8627 5.01
    endloop
  endfacet
  facet normal 0 0 1
    outer loop
      vertex -22.6521 -23.7748 5.01
      vertex -23.008 -25.0924 5.01
      vertex -22.5382 -25.0722 5.01
    endloop
  endfacet
  facet normal 0 0 1
    outer loop
      vertex -23.1605 -23.6284 5.01
      vertex -23.008 -25.0924 5.01
      vertex -22.6521 -23.7748 5.01
    endloop
  endfacet
  facet normal 0 0 1
    outer loop
      vertex -23.1605 -23.6284 5.01
      vertex -23.4214 -25.1528 5.01
      vertex -23.008 -25.0924 5.01
    endloop
  endfacet
  facet normal 0 0 1
    outer loop
      vertex -23.6057 -23.4233 5.01
      vertex -23.4214 -25.1528 5.01
      vertex -23.1605 -23.6284 5.01
    endloop
  endfacet
  facet normal 0 0 1
    outer loop
      vertex -23.6057 -23.4233 5.01
      vertex -23.7785 -25.2535 5.01
      vertex -23.4214 -25.1528 5.01
    endloop
  endfacet
  facet normal 0 0 1
    outer loop
      vertex -24.0791 -25.3945 5.01
      vertex -23.6057 -23.4233 5.01
      vertex -23.9876 -23.1597 5.01
    endloop
  endfacet
  facet normal 0 0 1
    outer loop
      vertex -23.6057 -23.4233 5.01
      vertex -24.0791 -25.3945 5.01
      vertex -23.7785 -25.2535 5.01
    endloop
  endfacet
  facet normal 0 0 1
    outer loop
      vertex -24.3233 -25.5758 5.01
      vertex -23.9876 -23.1597 5.01
      vertex -24.3029 -22.8413 5.01
    endloop
  endfacet
  facet normal 0 0 1
    outer loop
      vertex -23.9876 -23.1597 5.01
      vertex -24.3233 -25.5758 5.01
      vertex -24.0791 -25.3945 5.01
    endloop
  endfacet
  facet normal 0 0 1
    outer loop
      vertex -24.3029 -22.8413 5.01
      vertex -24.5178 -25.8005 5.01
      vertex -24.3233 -25.5758 5.01
    endloop
  endfacet
  facet normal 0 0 1
    outer loop
      vertex -24.5481 -22.4722 5.01
      vertex -24.5178 -25.8005 5.01
      vertex -24.3029 -22.8413 5.01
    endloop
  endfacet
  facet normal 0 0 1
    outer loop
      vertex -24.5481 -22.4722 5.01
      vertex -24.669 -26.0718 5.01
      vertex -24.5178 -25.8005 5.01
    endloop
  endfacet
  facet normal 0 0 1
    outer loop
      vertex -24.7233 -22.0523 5.01
      vertex -24.669 -26.0718 5.01
      vertex -24.5481 -22.4722 5.01
    endloop
  endfacet
  facet normal 0 0 1
    outer loop
      vertex -24.7233 -22.0523 5.01
      vertex -24.777 -26.3897 5.01
      vertex -24.669 -26.0718 5.01
    endloop
  endfacet
  facet normal 0 0 1
    outer loop
      vertex -24.8284 -21.5816 5.01
      vertex -24.777 -26.3897 5.01
      vertex -24.7233 -22.0523 5.01
    endloop
  endfacet
  facet normal 0 0 1
    outer loop
      vertex -24.8284 -21.5816 5.01
      vertex -24.8418 -26.7543 5.01
      vertex -24.777 -26.3897 5.01
    endloop
  endfacet
  facet normal 0 0 1
    outer loop
      vertex -24.8634 -21.0602 5.01
      vertex -24.8418 -26.7543 5.01
      vertex -24.8284 -21.5816 5.01
    endloop
  endfacet
  facet normal 0 0 1
    outer loop
      vertex -24.8418 -26.7543 5.01
      vertex -24.8634 -21.0602 5.01
      vertex -24.8634 -27.1655 5.01
    endloop
  endfacet
  facet normal -0 0 1
    outer loop
      vertex -18.2755 11.0114 5.01
      vertex 0 5 5.01
      vertex -18.1619 11.3464 5.01
    endloop
  endfacet
  facet normal 0 0 1
    outer loop
      vertex 0 5 5.01
      vertex -18.2755 11.0114 5.01
      vertex -18.1378 4.0126 5.01
    endloop
  endfacet
  facet normal -0 0 1
    outer loop
      vertex -18.4216 10.7214 5.01
      vertex -18.1378 4.0126 5.01
      vertex -18.2755 11.0114 5.01
    endloop
  endfacet
  facet normal -0 0 1
    outer loop
      vertex -18.6021 10.4728 5.01
      vertex -18.1378 4.0126 5.01
      vertex -18.4216 10.7214 5.01
    endloop
  endfacet
  facet normal -0 0 1
    outer loop
      vertex -18.819 10.2615 5.01
      vertex -18.1378 4.0126 5.01
      vertex -18.6021 10.4728 5.01
    endloop
  endfacet
  facet normal -0 0 1
    outer loop
      vertex -19.0723 10.0876 5.01
      vertex -18.1378 4.0126 5.01
      vertex -18.819 10.2615 5.01
    endloop
  endfacet
  facet normal -0 0 1
    outer loop
      vertex -19.362 9.951 5.01
      vertex -18.1378 4.0126 5.01
      vertex -19.0723 10.0876 5.01
    endloop
  endfacet
  facet normal -0 0 1
    outer loop
      vertex -19.688 9.85176 5.01
      vertex -18.1378 4.0126 5.01
      vertex -19.362 9.951 5.01
    endloop
  endfacet
  facet normal 0 0 1
    outer loop
      vertex -20.5119 13.9653 5.01
      vertex -20.0276 14.2231 5.01
      vertex -20.1663 14.1909 5.01
    endloop
  endfacet
  facet normal 0 0 1
    outer loop
      vertex -20.5119 13.9653 5.01
      vertex -20.1663 14.1909 5.01
      vertex -20.2932 14.1372 5.01
    endloop
  endfacet
  facet normal 0 0 1
    outer loop
      vertex -20.5119 13.9653 5.01
      vertex -20.2932 14.1372 5.01
      vertex -20.4084 14.062 5.01
    endloop
  endfacet
  facet normal 0 0 1
    outer loop
      vertex -20.0276 14.2231 5.01
      vertex -20.5119 13.9653 5.01
      vertex -20.6062 13.8447 5.01
    endloop
  endfacet
  facet normal 0 0 1
    outer loop
      vertex -18.8621 12.9391 5.01
      vertex -20.8479 13.3247 5.01
      vertex -20.9148 13.0987 5.01
    endloop
  endfacet
  facet normal 0 0 1
    outer loop
      vertex -19.0159 13.6734 5.01
      vertex -20.6062 13.8447 5.01
      vertex -20.6936 13.6977 5.01
    endloop
  endfacet
  facet normal 0 0 1
    outer loop
      vertex -18.9442 13.4645 5.01
      vertex -20.6936 13.6977 5.01
      vertex -20.7742 13.5244 5.01
    endloop
  endfacet
  facet normal 0 0 1
    outer loop
      vertex -18.8929 13.2198 5.01
      vertex -20.7742 13.5244 5.01
      vertex -20.8479 13.3247 5.01
    endloop
  endfacet
  facet normal 0 0 1
    outer loop
      vertex -19.6762 10.8903 5.01
      vertex -21.1222 12.3114 5.01
      vertex -19.8772 10.8222 5.01
    endloop
  endfacet
  facet normal 0 0 1
    outer loop
      vertex -19.4978 10.9823 5.01
      vertex -21.1222 12.3114 5.01
      vertex -19.6762 10.8903 5.01
    endloop
  endfacet
  facet normal -0 0 1
    outer loop
      vertex -21.2195 11.9548 5.01
      vertex -19.8772 10.8222 5.01
      vertex -21.1222 12.3114 5.01
    endloop
  endfacet
  facet normal -0 0 1
    outer loop
      vertex -21.3161 11.642 5.01
      vertex -19.8772 10.8222 5.01
      vertex -21.2195 11.9548 5.01
    endloop
  endfacet
  facet normal -0 0 1
    outer loop
      vertex -21.4119 11.3728 5.01
      vertex -19.8772 10.8222 5.01
      vertex -21.3161 11.642 5.01
    endloop
  endfacet
  facet normal -0 0 1
    outer loop
      vertex -21.507 11.1474 5.01
      vertex -19.8772 10.8222 5.01
      vertex -21.4119 11.3728 5.01
    endloop
  endfacet
  facet normal -0 0 1
    outer loop
      vertex -21.6013 10.9656 5.01
      vertex -19.8772 10.8222 5.01
      vertex -21.507 11.1474 5.01
    endloop
  endfacet
  facet normal 0 0 1
    outer loop
      vertex -21.6993 10.8127 5.01
      vertex -19.8772 10.8222 5.01
      vertex -21.6013 10.9656 5.01
    endloop
  endfacet
  facet normal 0 0 1
    outer loop
      vertex -19.8772 10.8222 5.01
      vertex -21.6993 10.8127 5.01
      vertex -19.688 9.85176 5.01
    endloop
  endfacet
  facet normal -0 0 1
    outer loop
      vertex -21.8054 10.6736 5.01
      vertex -19.688 9.85176 5.01
      vertex -21.6993 10.8127 5.01
    endloop
  endfacet
  facet normal -0 0 1
    outer loop
      vertex -21.9195 10.5485 5.01
      vertex -19.688 9.85176 5.01
      vertex -21.8054 10.6736 5.01
    endloop
  endfacet
  facet normal -0 0 1
    outer loop
      vertex -22.0417 10.4373 5.01
      vertex -19.688 9.85176 5.01
      vertex -21.9195 10.5485 5.01
    endloop
  endfacet
  facet normal -0 0 1
    outer loop
      vertex -22.172 10.34 5.01
      vertex -19.688 9.85176 5.01
      vertex -22.0417 10.4373 5.01
    endloop
  endfacet
  facet normal 0 0 1
    outer loop
      vertex -19.688 9.85176 5.01
      vertex -21.58 4.0126 5.01
      vertex -18.1378 4.0126 5.01
    endloop
  endfacet
  facet normal -0 0 1
    outer loop
      vertex -22.3124 10.2587 5.01
      vertex -19.688 9.85176 5.01
      vertex -22.172 10.34 5.01
    endloop
  endfacet
  facet normal -0 0 1
    outer loop
      vertex -22.465 10.1955 5.01
      vertex -19.688 9.85176 5.01
      vertex -22.3124 10.2587 5.01
    endloop
  endfacet
  facet normal 0 0 1
    outer loop
      vertex -19.688 9.85176 5.01
      vertex -23.7954 6.00223 5.01
      vertex -21.58 4.0126 5.01
    endloop
  endfacet
  facet normal 0 0 1
    outer loop
      vertex -21.58 4.0126 5.01
      vertex -23.7954 6.00223 5.01
      vertex -21.999 4.02701 5.01
    endloop
  endfacet
  facet normal 0 0 1
    outer loop
      vertex -19.688 9.85176 5.01
      vertex -22.465 10.1955 5.01
      vertex -23.7954 6.00223 5.01
    endloop
  endfacet
  facet normal 0 0 1
    outer loop
      vertex -23.7954 6.00223 5.01
      vertex -22.465 10.1955 5.01
      vertex -22.6297 10.1503 5.01
    endloop
  endfacet
  facet normal 0 0 1
    outer loop
      vertex -21.999 4.02701 5.01
      vertex -23.7954 6.00223 5.01
      vertex -22.3773 4.07022 5.01
    endloop
  endfacet
  facet normal 0 0 1
    outer loop
      vertex -23.7954 6.00223 5.01
      vertex -22.6297 10.1503 5.01
      vertex -22.8067 10.1232 5.01
    endloop
  endfacet
  facet normal 0 0 1
    outer loop
      vertex -23.7954 6.00223 5.01
      vertex -22.8067 10.1232 5.01
      vertex -22.9959 10.1142 5.01
    endloop
  endfacet
  facet normal 0 0 1
    outer loop
      vertex -22.3773 4.07022 5.01
      vertex -23.7954 6.00223 5.01
      vertex -22.7148 4.14223 5.01
    endloop
  endfacet
  facet normal -0 0 1
    outer loop
      vertex -23.8344 5.80299 5.01
      vertex -22.7148 4.14223 5.01
      vertex -23.7954 6.00223 5.01
    endloop
  endfacet
  facet normal 0 0 1
    outer loop
      vertex -23.7954 6.00223 5.01
      vertex -22.9959 10.1142 5.01
      vertex -23.34 10.14 5.01
    endloop
  endfacet
  facet normal -0 0 1
    outer loop
      vertex -23.8466 5.68581 5.01
      vertex -22.7148 4.14223 5.01
      vertex -23.8344 5.80299 5.01
    endloop
  endfacet
  facet normal 0 0 1
    outer loop
      vertex -22.7148 4.14223 5.01
      vertex -23.8466 5.68581 5.01
      vertex -23.0115 4.24306 5.01
    endloop
  endfacet
  facet normal 0 0 1
    outer loop
      vertex -23.7954 6.00223 5.01
      vertex -23.34 10.14 5.01
      vertex -23.6497 10.2172 5.01
    endloop
  endfacet
  facet normal 0 0 1
    outer loop
      vertex -23.0115 4.24306 5.01
      vertex -23.854 5.55693 5.01
      vertex -23.2674 4.3727 5.01
    endloop
  endfacet
  facet normal -0 0 1
    outer loop
      vertex -23.8564 5.41634 5.01
      vertex -23.2674 4.3727 5.01
      vertex -23.854 5.55693 5.01
    endloop
  endfacet
  facet normal 0 0 1
    outer loop
      vertex -24.8024 6.00223 5.01
      vertex -23.6497 10.2172 5.01
      vertex -23.9249 10.346 5.01
    endloop
  endfacet
  facet normal 0 0 1
    outer loop
      vertex -24.8024 6.00223 5.01
      vertex -23.9249 10.346 5.01
      vertex -24.1657 10.5263 5.01
    endloop
  endfacet
  facet normal 0 0 1
    outer loop
      vertex -24.8024 6.00223 5.01
      vertex -24.1657 10.5263 5.01
      vertex -24.3721 10.7581 5.01
    endloop
  endfacet
  facet normal 0 0 1
    outer loop
      vertex -24.8024 6.00223 5.01
      vertex -24.3721 10.7581 5.01
      vertex -24.5424 11.0392 5.01
    endloop
  endfacet
  facet normal 0 0 1
    outer loop
      vertex -24.8024 6.00223 5.01
      vertex -24.5424 11.0392 5.01
      vertex -24.6749 11.3674 5.01
    endloop
  endfacet
  facet normal 0 0 1
    outer loop
      vertex -24.8024 6.00223 5.01
      vertex -24.6749 11.3674 5.01
      vertex -24.7695 11.7428 5.01
    endloop
  endfacet
  facet normal 0 0 1
    outer loop
      vertex -23.6497 10.2172 5.01
      vertex -24.8024 6.00223 5.01
      vertex -23.7954 6.00223 5.01
    endloop
  endfacet
  facet normal 0 0 1
    outer loop
      vertex -24.7695 11.7428 5.01
      vertex -24.8244 5.91212 5.01
      vertex -24.8024 6.00223 5.01
    endloop
  endfacet
  facet normal 0 0 1
    outer loop
      vertex -24.8414 5.82251 5.01
      vertex -24.7695 11.7428 5.01
      vertex -24.8262 12.1653 5.01
    endloop
  endfacet
  facet normal 0 0 1
    outer loop
      vertex -24.7695 11.7428 5.01
      vertex -24.8414 5.82251 5.01
      vertex -24.8244 5.91212 5.01
    endloop
  endfacet
  facet normal 0 0 1
    outer loop
      vertex -27.1949 -5.4213 5.01
      vertex -24.8262 12.1653 5.01
      vertex -24.8451 12.6348 5.01
    endloop
  endfacet
  facet normal 0 0 1
    outer loop
      vertex -24.8262 12.1653 5.01
      vertex -24.8537 5.73338 5.01
      vertex -24.8414 5.82251 5.01
    endloop
  endfacet
  facet normal 0 0 1
    outer loop
      vertex -18.1378 28.9027 5.01
      vertex -21.58 24.3616 5.01
      vertex -18.1378 24.3616 5.01
    endloop
  endfacet
  facet normal -0 0 1
    outer loop
      vertex -23.7954 26.3513 5.01
      vertex -21.58 24.3616 5.01
      vertex -18.1378 28.9027 5.01
    endloop
  endfacet
  facet normal 0 0 1
    outer loop
      vertex -21.58 24.3616 5.01
      vertex -23.7954 26.3513 5.01
      vertex -21.999 24.3761 5.01
    endloop
  endfacet
  facet normal 0 0 1
    outer loop
      vertex -21.999 24.3761 5.01
      vertex -23.7954 26.3513 5.01
      vertex -22.3773 24.4193 5.01
    endloop
  endfacet
  facet normal 0 0 1
    outer loop
      vertex -22.3773 24.4193 5.01
      vertex -23.7954 26.3513 5.01
      vertex -22.7148 24.4913 5.01
    endloop
  endfacet
  facet normal -0 0 1
    outer loop
      vertex -23.8344 26.152 5.01
      vertex -22.7148 24.4913 5.01
      vertex -23.7954 26.3513 5.01
    endloop
  endfacet
  facet normal -0 0 1
    outer loop
      vertex -23.8466 26.0349 5.01
      vertex -22.7148 24.4913 5.01
      vertex -23.8344 26.152 5.01
    endloop
  endfacet
  facet normal 0 0 1
    outer loop
      vertex -22.7148 24.4913 5.01
      vertex -23.8466 26.0349 5.01
      vertex -23.0115 24.5921 5.01
    endloop
  endfacet
  facet normal 0 0 1
    outer loop
      vertex -23.0115 24.5921 5.01
      vertex -23.854 25.906 5.01
      vertex -23.2674 24.7217 5.01
    endloop
  endfacet
  facet normal -0 0 1
    outer loop
      vertex -23.8564 25.7654 5.01
      vertex -23.2674 24.7217 5.01
      vertex -23.854 25.906 5.01
    endloop
  endfacet
  facet normal -0 0 1
    outer loop
      vertex -24.7414 26.5042 5.01
      vertex -23.7954 26.3513 5.01
      vertex -18.1378 28.9027 5.01
    endloop
  endfacet
  facet normal 0 0 1
    outer loop
      vertex -23.7954 26.3513 5.01
      vertex -24.7414 26.5042 5.01
      vertex -24.8024 26.3513 5.01
    endloop
  endfacet
  facet normal 0 0 1
    outer loop
      vertex 0 -25 5.01
      vertex -18.0385 -20.6427 5.01
      vertex -18.0158 -21.048 5.01
    endloop
  endfacet
  facet normal -0 0 1
    outer loop
      vertex -18.1066 -20.2668 5.01
      vertex 0 -25 5.01
      vertex -18.0511 -15.4214 5.01
    endloop
  endfacet
  facet normal 0 0 1
    outer loop
      vertex 0 -25 5.01
      vertex -18.1066 -20.2668 5.01
      vertex -18.0385 -20.6427 5.01
    endloop
  endfacet
  facet normal -0 0 1
    outer loop
      vertex -18.1569 -15.915 5.01
      vertex -18.1066 -20.2668 5.01
      vertex -18.0511 -15.4214 5.01
    endloop
  endfacet
  facet normal 0 0 1
    outer loop
      vertex -18.1569 -15.915 5.01
      vertex -18.2201 -19.9201 5.01
      vertex -18.1066 -20.2668 5.01
    endloop
  endfacet
  facet normal -0 0 1
    outer loop
      vertex -18.3333 -16.352 5.01
      vertex -18.2201 -19.9201 5.01
      vertex -18.1569 -15.915 5.01
    endloop
  endfacet
  facet normal 0 0 1
    outer loop
      vertex -18.3333 -16.352 5.01
      vertex -18.379 -19.6028 5.01
      vertex -18.2201 -19.9201 5.01
    endloop
  endfacet
  facet normal -0 0 1
    outer loop
      vertex -18.5802 -16.7324 5.01
      vertex -18.379 -19.6028 5.01
      vertex -18.3333 -16.352 5.01
    endloop
  endfacet
  facet normal 0 0 1
    outer loop
      vertex -18.5802 -16.7324 5.01
      vertex -18.5833 -19.3147 5.01
      vertex -18.379 -19.6028 5.01
    endloop
  endfacet
  facet normal 0 0 1
    outer loop
      vertex -18.5802 -16.7324 5.01
      vertex -18.8257 -19.0635 5.01
      vertex -18.5833 -19.3147 5.01
    endloop
  endfacet
  facet normal -0 0 1
    outer loop
      vertex -18.8977 -17.0561 5.01
      vertex -18.8257 -19.0635 5.01
      vertex -18.5802 -16.7324 5.01
    endloop
  endfacet
  facet normal 0 0 1
    outer loop
      vertex -18.8977 -17.0561 5.01
      vertex -19.0989 -18.8567 5.01
      vertex -18.8257 -19.0635 5.01
    endloop
  endfacet
  facet normal -0 0 1
    outer loop
      vertex -19.2818 -17.3219 5.01
      vertex -19.0989 -18.8567 5.01
      vertex -18.8977 -17.0561 5.01
    endloop
  endfacet
  facet normal 0 0 1
    outer loop
      vertex -19.2818 -17.3219 5.01
      vertex -19.4029 -18.6944 5.01
      vertex -19.0989 -18.8567 5.01
    endloop
  endfacet
  facet normal -0 0 1
    outer loop
      vertex -19.7287 -17.5287 5.01
      vertex -19.4029 -18.6944 5.01
      vertex -19.2818 -17.3219 5.01
    endloop
  endfacet
  facet normal 0 0 1
    outer loop
      vertex -19.7287 -17.5287 5.01
      vertex -19.7376 -18.5765 5.01
      vertex -19.4029 -18.6944 5.01
    endloop
  endfacet
  facet normal 0 0 1
    outer loop
      vertex -19.7287 -17.5287 5.01
      vertex -20.1031 -18.503 5.01
      vertex -19.7376 -18.5765 5.01
    endloop
  endfacet
  facet normal -0 0 1
    outer loop
      vertex -20.8106 -17.765 5.01
      vertex -20.1031 -18.503 5.01
      vertex -20.2383 -17.6764 5.01
    endloop
  endfacet
  facet normal -0 0 1
    outer loop
      vertex -20.2383 -17.6764 5.01
      vertex -20.1031 -18.503 5.01
      vertex -19.7287 -17.5287 5.01
    endloop
  endfacet
  facet normal 0 0 1
    outer loop
      vertex -18.1515 -13.8195 5.01
      vertex 0 -5 5.01
      vertex -18.0495 -9.05055 5.01
    endloop
  endfacet
  facet normal 0 0 1
    outer loop
      vertex 0 -5 5.01
      vertex -18.0497 -14.3177 5.01
      vertex -18.0158 -14.8712 5.01
    endloop
  endfacet
  facet normal 0 0 1
    outer loop
      vertex -18.1515 -13.8195 5.01
      vertex -18.0495 -9.05055 5.01
      vertex -18.1505 -9.47154 5.01
    endloop
  endfacet
  facet normal 0 0 1
    outer loop
      vertex 0 -5 5.01
      vertex -18.1515 -13.8195 5.01
      vertex -18.0497 -14.3177 5.01
    endloop
  endfacet
  facet normal 0 0 1
    outer loop
      vertex -18.3212 -13.3764 5.01
      vertex -18.1505 -9.47154 5.01
      vertex -18.319 -9.83955 5.01
    endloop
  endfacet
  facet normal 0 0 1
    outer loop
      vertex -18.1505 -9.47154 5.01
      vertex -18.3212 -13.3764 5.01
      vertex -18.1515 -13.8195 5.01
    endloop
  endfacet
  facet normal 0 0 1
    outer loop
      vertex -18.5587 -12.9885 5.01
      vertex -18.319 -9.83955 5.01
      vertex -18.5548 -10.1546 5.01
    endloop
  endfacet
  facet normal 0 0 1
    outer loop
      vertex -18.319 -9.83955 5.01
      vertex -18.5587 -12.9885 5.01
      vertex -18.3212 -13.3764 5.01
    endloop
  endfacet
  facet normal 0 0 1
    outer loop
      vertex -18.8641 -12.6557 5.01
      vertex -18.5548 -10.1546 5.01
      vertex -18.858 -10.4167 5.01
    endloop
  endfacet
  facet normal 0 0 1
    outer loop
      vertex -18.5548 -10.1546 5.01
      vertex -18.8641 -12.6557 5.01
      vertex -18.5587 -12.9885 5.01
    endloop
  endfacet
  facet normal 0 0 1
    outer loop
      vertex -19.2388 -12.3811 5.01
      vertex -18.858 -10.4167 5.01
      vertex -19.2296 -10.6287 5.01
    endloop
  endfacet
  facet normal 0 0 1
    outer loop
      vertex -18.858 -10.4167 5.01
      vertex -19.2388 -12.3811 5.01
      vertex -18.8641 -12.6557 5.01
    endloop
  endfacet
  facet normal 0 0 1
    outer loop
      vertex -19.6844 -12.1674 5.01
      vertex -19.2296 -10.6287 5.01
      vertex -19.6704 -10.7936 5.01
    endloop
  endfacet
  facet normal 0 0 1
    outer loop
      vertex -19.2296 -10.6287 5.01
      vertex -19.6844 -12.1674 5.01
      vertex -19.2388 -12.3811 5.01
    endloop
  endfacet
  facet normal 0 0 1
    outer loop
      vertex -20.2007 -12.0149 5.01
      vertex -19.6704 -10.7936 5.01
      vertex -20.1807 -10.9114 5.01
    endloop
  endfacet
  facet normal 0 0 1
    outer loop
      vertex -19.6704 -10.7936 5.01
      vertex -20.2007 -12.0149 5.01
      vertex -19.6844 -12.1674 5.01
    endloop
  endfacet
  facet normal -0 0 1
    outer loop
      vertex -20.7602 -10.9821 5.01
      vertex -20.2007 -12.0149 5.01
      vertex -20.1807 -10.9114 5.01
    endloop
  endfacet
  facet normal 0 0 1
    outer loop
      vertex -20.7602 -10.9821 5.01
      vertex -20.7878 -11.9233 5.01
      vertex -20.2007 -12.0149 5.01
    endloop
  endfacet
  facet normal -0 0 1
    outer loop
      vertex -21.4091 -11.0056 5.01
      vertex -20.7878 -11.9233 5.01
      vertex -20.7602 -10.9821 5.01
    endloop
  endfacet
  facet normal 0 0 1
    outer loop
      vertex -21.4091 -11.0056 5.01
      vertex -21.4457 -11.8928 5.01
      vertex -20.7878 -11.9233 5.01
    endloop
  endfacet
  facet normal 0 0 1
    outer loop
      vertex -21.4091 -11.0056 5.01
      vertex -22.1096 -11.9214 5.01
      vertex -21.4457 -11.8928 5.01
    endloop
  endfacet
  facet normal 0 0 1
    outer loop
      vertex -22.6527 -10.9085 5.01
      vertex -22.1096 -11.9214 5.01
      vertex -21.4091 -11.0056 5.01
    endloop
  endfacet
  facet normal 0 0 1
    outer loop
      vertex -22.6527 -10.9085 5.01
      vertex -22.7 -12.0071 5.01
      vertex -22.1096 -11.9214 5.01
    endloop
  endfacet
  facet normal 0 0 1
    outer loop
      vertex -22.6527 -10.9085 5.01
      vertex -23.217 -12.1499 5.01
      vertex -22.7 -12.0071 5.01
    endloop
  endfacet
  facet normal 0 0 1
    outer loop
      vertex -23.6199 -10.617 5.01
      vertex -23.217 -12.1499 5.01
      vertex -22.6527 -10.9085 5.01
    endloop
  endfacet
  facet normal 0 0 1
    outer loop
      vertex -23.6199 -10.617 5.01
      vertex -23.6604 -12.3499 5.01
      vertex -23.217 -12.1499 5.01
    endloop
  endfacet
  facet normal 0 0 1
    outer loop
      vertex -23.6199 -10.617 5.01
      vertex -24.0304 -12.6069 5.01
      vertex -23.6604 -12.3499 5.01
    endloop
  endfacet
  facet normal 0 0 1
    outer loop
      vertex -24.3107 -10.1312 5.01
      vertex -24.0304 -12.6069 5.01
      vertex -23.6199 -10.617 5.01
    endloop
  endfacet
  facet normal 0 0 1
    outer loop
      vertex -24.3107 -10.1312 5.01
      vertex -24.3303 -12.9246 5.01
      vertex -24.0304 -12.6069 5.01
    endloop
  endfacet
  facet normal 0 0 1
    outer loop
      vertex -24.3107 -10.1312 5.01
      vertex -24.5635 -13.3061 5.01
      vertex -24.3303 -12.9246 5.01
    endloop
  endfacet
  facet normal 0 0 1
    outer loop
      vertex -24.7253 -9.45105 5.01
      vertex -24.5635 -13.3061 5.01
      vertex -24.3107 -10.1312 5.01
    endloop
  endfacet
  facet normal 0 0 1
    outer loop
      vertex -24.7253 -9.45105 5.01
      vertex -24.7301 -13.7516 5.01
      vertex -24.5635 -13.3061 5.01
    endloop
  endfacet
  facet normal 0 0 1
    outer loop
      vertex -27.1949 -6.51984 5.01
      vertex -24.7301 -13.7516 5.01
      vertex -24.7253 -9.45105 5.01
    endloop
  endfacet
  facet normal 0 0 1
    outer loop
      vertex -27.1949 -6.51984 5.01
      vertex -24.7253 -9.45105 5.01
      vertex -24.8634 -8.5766 5.01
    endloop
  endfacet
  facet normal 0 0 1
    outer loop
      vertex -24.7301 -13.7516 5.01
      vertex -27.1949 -6.51984 5.01
      vertex -24.8301 -14.2611 5.01
    endloop
  endfacet
  facet normal 0 0 1
    outer loop
      vertex 0 -5 5.01
      vertex -18.0268 -8.28842 5.01
      vertex -18.0158 -8.5766 5.01
    endloop
  endfacet
  facet normal 0 0 1
    outer loop
      vertex -18.1378 -5.38466 5.01
      vertex 0 -5 5.01
      vertex -18.0507 -1.77187 5.01
    endloop
  endfacet
  facet normal 0 0 1
    outer loop
      vertex -18.1378 -6.43442 5.01
      vertex 0 -5 5.01
      vertex -18.1378 -5.38466 5.01
    endloop
  endfacet
  facet normal 0 -0 1
    outer loop
      vertex -18.0597 -8.01953 5.01
      vertex 0 -5 5.01
      vertex -18.1378 -6.43442 5.01
    endloop
  endfacet
  facet normal 0 0 1
    outer loop
      vertex 0 -5 5.01
      vertex -18.0597 -8.01953 5.01
      vertex -18.0268 -8.28842 5.01
    endloop
  endfacet
  facet normal -0 0 1
    outer loop
      vertex -18.1554 -2.27393 5.01
      vertex -18.1378 -5.38466 5.01
      vertex -18.0507 -1.77187 5.01
    endloop
  endfacet
  facet normal -0 0 1
    outer loop
      vertex -18.33 -2.72006 5.01
      vertex -18.1378 -5.38466 5.01
      vertex -18.1554 -2.27393 5.01
    endloop
  endfacet
  facet normal -0 0 1
    outer loop
      vertex -18.5743 -3.11031 5.01
      vertex -18.1378 -5.38466 5.01
      vertex -18.33 -2.72006 5.01
    endloop
  endfacet
  facet normal -0 0 1
    outer loop
      vertex -18.8885 -3.44466 5.01
      vertex -18.1378 -5.38466 5.01
      vertex -18.5743 -3.11031 5.01
    endloop
  endfacet
  facet normal 0 0 1
    outer loop
      vertex -18.1378 -5.38466 5.01
      vertex -18.8885 -3.44466 5.01
      vertex -18.2977 -5.39786 5.01
    endloop
  endfacet
  facet normal 0 0 1
    outer loop
      vertex -18.2977 -5.39786 5.01
      vertex -18.8885 -3.44466 5.01
      vertex -18.5138 -5.40811 5.01
    endloop
  endfacet
  facet normal -0 0 1
    outer loop
      vertex -19.2715 -3.72038 5.01
      vertex -18.5138 -5.40811 5.01
      vertex -18.8885 -3.44466 5.01
    endloop
  endfacet
  facet normal 0 0 1
    outer loop
      vertex -18.5138 -5.40811 5.01
      vertex -19.2715 -3.72038 5.01
      vertex -18.786 -5.41544 5.01
    endloop
  endfacet
  facet normal 0 0 1
    outer loop
      vertex -18.786 -5.41544 5.01
      vertex -19.2715 -3.72038 5.01
      vertex -19.1143 -5.41983 5.01
    endloop
  endfacet
  facet normal -0 0 1
    outer loop
      vertex -19.7224 -3.93483 5.01
      vertex -19.1143 -5.41983 5.01
      vertex -19.2715 -3.72038 5.01
    endloop
  endfacet
  facet normal 0 0 1
    outer loop
      vertex -19.1143 -5.41983 5.01
      vertex -19.7224 -3.93483 5.01
      vertex -19.4988 -5.4213 5.01
    endloop
  endfacet
  facet normal -0 0 1
    outer loop
      vertex -20.2412 -4.08801 5.01
      vertex -19.4988 -5.4213 5.01
      vertex -19.7224 -3.93483 5.01
    endloop
  endfacet
  facet normal -0 0 1
    outer loop
      vertex -20.8278 -4.17992 5.01
      vertex -19.4988 -5.4213 5.01
      vertex -20.2412 -4.08801 5.01
    endloop
  endfacet
  facet normal -0 0 1
    outer loop
      vertex -21.4823 -4.21056 5.01
      vertex -19.4988 -5.4213 5.01
      vertex -20.8278 -4.17992 5.01
    endloop
  endfacet
  facet normal 0 0 1
    outer loop
      vertex -22.1061 -4.17992 5.01
      vertex -19.4988 -5.4213 5.01
      vertex -21.4823 -4.21056 5.01
    endloop
  endfacet
  facet normal 0 0 1
    outer loop
      vertex -22.6687 -4.08801 5.01
      vertex -19.4988 -5.4213 5.01
      vertex -22.1061 -4.17992 5.01
    endloop
  endfacet
  facet normal 0 0 1
    outer loop
      vertex -27.1949 -5.4213 5.01
      vertex -22.6687 -4.08801 5.01
      vertex -23.1704 -3.93483 5.01
    endloop
  endfacet
  facet normal 0 0 1
    outer loop
      vertex -22.6687 -4.08801 5.01
      vertex -27.1949 -5.4213 5.01
      vertex -19.4988 -5.4213 5.01
    endloop
  endfacet
  facet normal 0 0 1
    outer loop
      vertex -23.6111 -3.72038 5.01
      vertex -27.1949 -5.4213 5.01
      vertex -23.1704 -3.93483 5.01
    endloop
  endfacet
  facet normal 0 0 1
    outer loop
      vertex -23.9907 -3.44466 5.01
      vertex -27.1949 -5.4213 5.01
      vertex -23.6111 -3.72038 5.01
    endloop
  endfacet
  facet normal 0 0 1
    outer loop
      vertex -24.3049 -3.11203 5.01
      vertex -27.1949 -5.4213 5.01
      vertex -23.9907 -3.44466 5.01
    endloop
  endfacet
  facet normal 0 0 1
    outer loop
      vertex -24.5492 -2.72691 5.01
      vertex -27.1949 -5.4213 5.01
      vertex -24.3049 -3.11203 5.01
    endloop
  endfacet
  facet normal 0 0 1
    outer loop
      vertex -24.7238 -2.28931 5.01
      vertex -27.1949 -5.4213 5.01
      vertex -24.5492 -2.72691 5.01
    endloop
  endfacet
  facet normal 0 0 1
    outer loop
      vertex -24.8285 -1.79922 5.01
      vertex -27.1949 -5.4213 5.01
      vertex -24.7238 -2.28931 5.01
    endloop
  endfacet
  facet normal 0 0 1
    outer loop
      vertex -24.8634 -1.25667 5.01
      vertex -27.1949 -5.4213 5.01
      vertex -24.8285 -1.79922 5.01
    endloop
  endfacet
  facet normal 0 0 1
    outer loop
      vertex -24.723 -0.208633 5.01
      vertex -27.1949 -5.4213 5.01
      vertex -24.8634 -1.25667 5.01
    endloop
  endfacet
  facet normal 0 0 1
    outer loop
      vertex -24.8451 12.6348 5.01
      vertex -30 37 5.01
      vertex -27.1949 -5.4213 5.01
    endloop
  endfacet
  facet normal 0 0 1
    outer loop
      vertex -24.7414 23.2265 5.01
      vertex -30 37 5.01
      vertex -24.8634 19.0924 5.01
    endloop
  endfacet
  facet normal -0 0 1
    outer loop
      vertex -18.0807 11.7267 5.01
      vertex 0 5 5.01
      vertex -18.032 12.152 5.01
    endloop
  endfacet
  facet normal 0 0 1
    outer loop
      vertex -18.1378 2.91397 5.01
      vertex 0 5 5.01
      vertex -18.1378 4.0126 5.01
    endloop
  endfacet
  facet normal -0 0 1
    outer loop
      vertex -18.1619 11.3464 5.01
      vertex 0 5 5.01
      vertex -18.0807 11.7267 5.01
    endloop
  endfacet
  facet normal 0 -0 1
    outer loop
      vertex -18.0783 -0.434448 5.01
      vertex 0 5 5.01
      vertex -18.1378 2.91397 5.01
    endloop
  endfacet
  facet normal 0 0 1
    outer loop
      vertex 0 5 5.01
      vertex -18.0783 -0.434448 5.01
      vertex -18.0158 -1.21391 5.01
    endloop
  endfacet
  facet normal 0 0 1
    outer loop
      vertex -18.1378 2.91397 5.01
      vertex -18.2658 0.224426 5.01
      vertex -18.0783 -0.434448 5.01
    endloop
  endfacet
  facet normal 0 0 1
    outer loop
      vertex -18.1378 2.91397 5.01
      vertex -18.5782 0.762711 5.01
      vertex -18.2658 0.224426 5.01
    endloop
  endfacet
  facet normal 0 0 1
    outer loop
      vertex -18.1378 2.91397 5.01
      vertex -19.0157 1.1804 5.01
      vertex -18.5782 0.762711 5.01
    endloop
  endfacet
  facet normal 0 0 1
    outer loop
      vertex -18.1378 2.91397 5.01
      vertex -19.5782 1.47751 5.01
      vertex -19.0157 1.1804 5.01
    endloop
  endfacet
  facet normal 0 0 1
    outer loop
      vertex -19.8528 0.51326 5.01
      vertex -20.3826 -2.98193 5.01
      vertex -20.0322 -2.88795 5.01
    endloop
  endfacet
  facet normal 0 0 1
    outer loop
      vertex -19.8528 0.51326 5.01
      vertex -20.7744 -3.03833 5.01
      vertex -20.3826 -2.98193 5.01
    endloop
  endfacet
  facet normal 0 0 1
    outer loop
      vertex -21.2077 -3.05711 5.01
      vertex -19.8528 0.51326 5.01
      vertex -21.2077 1.65454 5.01
    endloop
  endfacet
  facet normal 0 0 1
    outer loop
      vertex -19.5782 1.47751 5.01
      vertex -21.2077 1.65454 5.01
      vertex -19.8528 0.51326 5.01
    endloop
  endfacet
  facet normal 0 0 1
    outer loop
      vertex -18.1378 2.91397 5.01
      vertex -21.2077 1.65454 5.01
      vertex -19.5782 1.47751 5.01
    endloop
  endfacet
  facet normal -0 0 1
    outer loop
      vertex -23.2034 2.91397 5.01
      vertex -21.2077 1.65454 5.01
      vertex -18.1378 2.91397 5.01
    endloop
  endfacet
  facet normal 0 0 1
    outer loop
      vertex -21.2077 1.65454 5.01
      vertex -23.2034 2.91397 5.01
      vertex -21.3542 1.65454 5.01
    endloop
  endfacet
  facet normal 0 0 1
    outer loop
      vertex -21.3542 1.65454 5.01
      vertex -23.2034 2.91397 5.01
      vertex -22.6175 1.5381 5.01
    endloop
  endfacet
  facet normal -0 0 1
    outer loop
      vertex -23.4875 2.91251 5.01
      vertex -22.6175 1.5381 5.01
      vertex -23.2034 2.91397 5.01
    endloop
  endfacet
  facet normal 0 0 1
    outer loop
      vertex -23.4875 2.91251 5.01
      vertex -23.6001 1.18875 5.01
      vertex -22.6175 1.5381 5.01
    endloop
  endfacet
  facet normal -0 0 1
    outer loop
      vertex -23.7834 2.90813 5.01
      vertex -23.6001 1.18875 5.01
      vertex -23.4875 2.91251 5.01
    endloop
  endfacet
  facet normal -0 0 1
    outer loop
      vertex -24.091 2.90082 5.01
      vertex -23.6001 1.18875 5.01
      vertex -23.7834 2.90813 5.01
    endloop
  endfacet
  facet normal -0 0 1
    outer loop
      vertex -24.4103 2.89058 5.01
      vertex -23.6001 1.18875 5.01
      vertex -24.091 2.90082 5.01
    endloop
  endfacet
  facet normal -0 0 1
    outer loop
      vertex -24.7414 2.87743 5.01
      vertex -23.6001 1.18875 5.01
      vertex -24.4103 2.89058 5.01
    endloop
  endfacet
  facet normal 0 0 1
    outer loop
      vertex -23.6001 1.18875 5.01
      vertex -24.7414 2.87743 5.01
      vertex -24.3019 0.606506 5.01
    endloop
  endfacet
  facet normal 0 0 1
    outer loop
      vertex -24.3019 0.606506 5.01
      vertex -24.7414 2.87743 5.01
      vertex -24.723 -0.208633 5.01
    endloop
  endfacet
  facet normal 0 0 1
    outer loop
      vertex -24.851 5.31886 5.01
      vertex -24.7414 3.91495 5.01
      vertex -24.8136 5.10353 5.01
    endloop
  endfacet
  facet normal 0 0 1
    outer loop
      vertex -24.7414 3.91495 5.01
      vertex -24.851 5.31886 5.01
      vertex -24.7414 2.87743 5.01
    endloop
  endfacet
  facet normal 0 0 1
    outer loop
      vertex -27.1949 -5.4213 5.01
      vertex -24.7414 2.87743 5.01
      vertex -24.851 5.31886 5.01
    endloop
  endfacet
  facet normal 0 0 1
    outer loop
      vertex -27.1949 -5.4213 5.01
      vertex -24.851 5.31886 5.01
      vertex -24.8634 5.55664 5.01
    endloop
  endfacet
  facet normal 0 0 1
    outer loop
      vertex -27.1949 -5.4213 5.01
      vertex -24.723 -0.208633 5.01
      vertex -24.7414 2.87743 5.01
    endloop
  endfacet
  facet normal 0 0 1
    outer loop
      vertex 0 5 5.01
      vertex -18.036 13.1078 5.01
      vertex -18.0158 12.6226 5.01
    endloop
  endfacet
  facet normal 0 0 1
    outer loop
      vertex -18.0968 13.5478 5.01
      vertex 0 25 5.01
      vertex -18.0507 18.5772 5.01
    endloop
  endfacet
  facet normal 0 0 1
    outer loop
      vertex 0 25 5.01
      vertex -18.0968 13.5478 5.01
      vertex -18.036 13.1078 5.01
    endloop
  endfacet
  facet normal -0 0 1
    outer loop
      vertex -18.1554 18.0751 5.01
      vertex -18.0968 13.5478 5.01
      vertex -18.0507 18.5772 5.01
    endloop
  endfacet
  facet normal 0 0 1
    outer loop
      vertex -18.1554 18.0751 5.01
      vertex -18.1981 13.9427 5.01
      vertex -18.0968 13.5478 5.01
    endloop
  endfacet
  facet normal -0 0 1
    outer loop
      vertex -18.33 17.629 5.01
      vertex -18.1981 13.9427 5.01
      vertex -18.1554 18.0751 5.01
    endloop
  endfacet
  facet normal 0 0 1
    outer loop
      vertex -18.33 17.629 5.01
      vertex -18.34 14.2924 5.01
      vertex -18.1981 13.9427 5.01
    endloop
  endfacet
  facet normal 0 0 1
    outer loop
      vertex -18.33 17.629 5.01
      vertex -18.5223 14.5969 5.01
      vertex -18.34 14.2924 5.01
    endloop
  endfacet
  facet normal -0 0 1
    outer loop
      vertex -18.5743 17.2387 5.01
      vertex -18.5223 14.5969 5.01
      vertex -18.33 17.629 5.01
    endloop
  endfacet
  facet normal 0 0 1
    outer loop
      vertex -18.5743 17.2387 5.01
      vertex -18.742 14.8507 5.01
      vertex -18.5223 14.5969 5.01
    endloop
  endfacet
  facet normal -0 0 1
    outer loop
      vertex -18.8885 16.9044 5.01
      vertex -18.742 14.8507 5.01
      vertex -18.5743 17.2387 5.01
    endloop
  endfacet
  facet normal 0 0 1
    outer loop
      vertex -18.8885 16.9044 5.01
      vertex -18.9959 15.0481 5.01
      vertex -18.742 14.8507 5.01
    endloop
  endfacet
  facet normal -0 0 1
    outer loop
      vertex -19.2715 16.6286 5.01
      vertex -18.9959 15.0481 5.01
      vertex -18.8885 16.9044 5.01
    endloop
  endfacet
  facet normal 0 0 1
    outer loop
      vertex -19.2715 16.6286 5.01
      vertex -19.284 15.1891 5.01
      vertex -18.9959 15.0481 5.01
    endloop
  endfacet
  facet normal -0 0 1
    outer loop
      vertex -19.7224 16.4142 5.01
      vertex -19.284 15.1891 5.01
      vertex -19.2715 16.6286 5.01
    endloop
  endfacet
  facet normal 0 0 1
    outer loop
      vertex -19.284 15.1891 5.01
      vertex -19.7224 16.4142 5.01
      vertex -19.6062 15.2737 5.01
    endloop
  endfacet
  facet normal 0 0 1
    outer loop
      vertex -19.7224 16.4142 5.01
      vertex -19.9627 15.3019 5.01
      vertex -19.6062 15.2737 5.01
    endloop
  endfacet
  facet normal -0 0 1
    outer loop
      vertex -20.2412 16.261 5.01
      vertex -19.9627 15.3019 5.01
      vertex -19.7224 16.4142 5.01
    endloop
  endfacet
  facet normal 0 0 1
    outer loop
      vertex -19.9627 15.3019 5.01
      vertex -20.2412 16.261 5.01
      vertex -20.1107 15.297 5.01
    endloop
  endfacet
  facet normal 0 0 1
    outer loop
      vertex -20.2412 16.261 5.01
      vertex -20.2522 15.2823 5.01
      vertex -20.1107 15.297 5.01
    endloop
  endfacet
  facet normal 0 0 1
    outer loop
      vertex -20.2412 16.261 5.01
      vertex -20.387 15.2579 5.01
      vertex -20.2522 15.2823 5.01
    endloop
  endfacet
  facet normal -0 0 1
    outer loop
      vertex -20.8278 16.1691 5.01
      vertex -20.387 15.2579 5.01
      vertex -20.2412 16.261 5.01
    endloop
  endfacet
  facet normal 0 0 1
    outer loop
      vertex -20.387 15.2579 5.01
      vertex -20.8278 16.1691 5.01
      vertex -20.5153 15.2237 5.01
    endloop
  endfacet
  facet normal 0 0 1
    outer loop
      vertex -20.5153 15.2237 5.01
      vertex -20.8278 16.1691 5.01
      vertex -20.637 15.1798 5.01
    endloop
  endfacet
  facet normal 0 0 1
    outer loop
      vertex -20.637 15.1798 5.01
      vertex -20.8278 16.1691 5.01
      vertex -20.7526 15.1269 5.01
    endloop
  endfacet
  facet normal 0 0 1
    outer loop
      vertex -20.8278 16.1691 5.01
      vertex -20.8626 15.066 5.01
      vertex -20.7526 15.1269 5.01
    endloop
  endfacet
  facet normal -0 0 1
    outer loop
      vertex -21.4823 16.1385 5.01
      vertex -20.8626 15.066 5.01
      vertex -20.8278 16.1691 5.01
    endloop
  endfacet
  facet normal 0 0 1
    outer loop
      vertex -20.8626 15.066 5.01
      vertex -21.4823 16.1385 5.01
      vertex -20.967 14.9971 5.01
    endloop
  endfacet
  facet normal 0 0 1
    outer loop
      vertex -20.967 14.9971 5.01
      vertex -21.4823 16.1385 5.01
      vertex -21.0657 14.92 5.01
    endloop
  endfacet
  facet normal 0 0 1
    outer loop
      vertex -21.0657 14.92 5.01
      vertex -21.4823 16.1385 5.01
      vertex -21.1588 14.835 5.01
    endloop
  endfacet
  facet normal 0 0 1
    outer loop
      vertex -21.1588 14.835 5.01
      vertex -21.4823 16.1385 5.01
      vertex -21.2476 14.7394 5.01
    endloop
  endfacet
  facet normal 0 0 1
    outer loop
      vertex -22.1061 16.1691 5.01
      vertex -21.2476 14.7394 5.01
      vertex -21.4823 16.1385 5.01
    endloop
  endfacet
  facet normal 0 0 1
    outer loop
      vertex -21.2476 14.7394 5.01
      vertex -22.1061 16.1691 5.01
      vertex -21.3331 14.6309 5.01
    endloop
  endfacet
  facet normal -0 0 1
    outer loop
      vertex -23.2278 15.1859 5.01
      vertex -21.3331 14.6309 5.01
      vertex -22.1061 16.1691 5.01
    endloop
  endfacet
  facet normal 0 0 1
    outer loop
      vertex -21.3331 14.6309 5.01
      vertex -23.2278 15.1859 5.01
      vertex -21.4155 14.5094 5.01
    endloop
  endfacet
  facet normal 0 0 1
    outer loop
      vertex -21.4155 14.5094 5.01
      vertex -23.2278 15.1859 5.01
      vertex -21.4948 14.3751 5.01
    endloop
  endfacet
  facet normal 0 -0 1
    outer loop
      vertex -23.1057 14.1972 5.01
      vertex -21.4948 14.3751 5.01
      vertex -23.2278 15.1859 5.01
    endloop
  endfacet
  facet normal 0 0 1
    outer loop
      vertex -21.4948 14.3751 5.01
      vertex -23.1057 14.1972 5.01
      vertex -21.5708 14.2277 5.01
    endloop
  endfacet
  facet normal 0 0 1
    outer loop
      vertex -21.5708 14.2277 5.01
      vertex -23.1057 14.1972 5.01
      vertex -21.6466 14.0544 5.01
    endloop
  endfacet
  facet normal 0 0 1
    outer loop
      vertex -21.8063 13.5906 5.01
      vertex -23.1057 14.1972 5.01
      vertex -21.8901 13.3001 5.01
    endloop
  endfacet
  facet normal 0 0 1
    outer loop
      vertex -21.8901 13.3001 5.01
      vertex -23.1057 14.1972 5.01
      vertex -21.9767 12.9705 5.01
    endloop
  endfacet
  facet normal 0 0 1
    outer loop
      vertex -21.6466 14.0544 5.01
      vertex -23.1057 14.1972 5.01
      vertex -21.7251 13.842 5.01
    endloop
  endfacet
  facet normal -0 0 1
    outer loop
      vertex -23.7801 13.7059 5.01
      vertex -21.9767 12.9705 5.01
      vertex -23.1057 14.1972 5.01
    endloop
  endfacet
  facet normal -0 0 1
    outer loop
      vertex -23.8647 13.5352 5.01
      vertex -21.9767 12.9705 5.01
      vertex -23.7801 13.7059 5.01
    endloop
  endfacet
  facet normal 0 0 1
    outer loop
      vertex -21.9767 12.9705 5.01
      vertex -23.9305 13.3427 5.01
      vertex -22.0631 12.6273 5.01
    endloop
  endfacet
  facet normal -0 0 1
    outer loop
      vertex -23.9775 13.1284 5.01
      vertex -22.0631 12.6273 5.01
      vertex -23.9305 13.3427 5.01
    endloop
  endfacet
  facet normal 0 0 1
    outer loop
      vertex -22.0631 12.6273 5.01
      vertex -24.0057 12.8925 5.01
      vertex -22.1417 12.3348 5.01
    endloop
  endfacet
  facet normal -0 0 1
    outer loop
      vertex -24.0151 12.6348 5.01
      vertex -22.1417 12.3348 5.01
      vertex -24.0057 12.8925 5.01
    endloop
  endfacet
  facet normal 0 0 1
    outer loop
      vertex -22.1417 12.3348 5.01
      vertex -24.006 12.3526 5.01
      vertex -22.2125 12.0931 5.01
    endloop
  endfacet
  facet normal -0 -0 1
    outer loop
      vertex -23.9789 12.1017 5.01
      vertex -22.2125 12.0931 5.01
      vertex -24.006 12.3526 5.01
    endloop
  endfacet
  facet normal 0 0 1
    outer loop
      vertex -22.2125 12.0931 5.01
      vertex -23.9789 12.1017 5.01
      vertex -22.2755 11.9022 5.01
    endloop
  endfacet
  facet normal 0 0 1
    outer loop
      vertex -23.2278 15.1859 5.01
      vertex -22.1061 16.1691 5.01
      vertex -22.6687 16.261 5.01
    endloop
  endfacet
  facet normal 0 0 1
    outer loop
      vertex -22.2755 11.9022 5.01
      vertex -23.9338 11.8819 5.01
      vertex -22.3306 11.762 5.01
    endloop
  endfacet
  facet normal 0 0 1
    outer loop
      vertex -22.3306 11.762 5.01
      vertex -23.9338 11.8819 5.01
      vertex -22.3841 11.6529 5.01
    endloop
  endfacet
  facet normal -0 -0 1
    outer loop
      vertex -23.8706 11.6935 5.01
      vertex -22.3841 11.6529 5.01
      vertex -23.9338 11.8819 5.01
    endloop
  endfacet
  facet normal 0 0 1
    outer loop
      vertex -22.3841 11.6529 5.01
      vertex -23.8706 11.6935 5.01
      vertex -22.442 11.555 5.01
    endloop
  endfacet
  facet normal 0 -0 1
    outer loop
      vertex -23.1057 11.1822 5.01
      vertex -22.442 11.555 5.01
      vertex -23.8706 11.6935 5.01
    endloop
  endfacet
  facet normal 0 0 1
    outer loop
      vertex -23.2278 15.1859 5.01
      vertex -22.6687 16.261 5.01
      vertex -23.1704 16.4142 5.01
    endloop
  endfacet
  facet normal 0 0 1
    outer loop
      vertex -21.7251 13.842 5.01
      vertex -23.1057 14.1972 5.01
      vertex -21.8063 13.5906 5.01
    endloop
  endfacet
  facet normal 0 0 1
    outer loop
      vertex -23.1704 16.4142 5.01
      vertex -23.5486 15.0986 5.01
      vertex -23.2278 15.1859 5.01
    endloop
  endfacet
  facet normal 0 0 1
    outer loop
      vertex -23.6111 16.6286 5.01
      vertex -23.5486 15.0986 5.01
      vertex -23.1704 16.4142 5.01
    endloop
  endfacet
  facet normal 0 0 1
    outer loop
      vertex -23.6111 16.6286 5.01
      vertex -23.8323 14.9735 5.01
      vertex -23.5486 15.0986 5.01
    endloop
  endfacet
  facet normal 0 0 1
    outer loop
      vertex -23.9907 16.9044 5.01
      vertex -23.8323 14.9735 5.01
      vertex -23.6111 16.6286 5.01
    endloop
  endfacet
  facet normal 0 0 1
    outer loop
      vertex -23.9907 16.9044 5.01
      vertex -24.0789 14.8106 5.01
      vertex -23.8323 14.9735 5.01
    endloop
  endfacet
  facet normal 0 0 1
    outer loop
      vertex -23.9907 16.9044 5.01
      vertex -24.2883 14.6098 5.01
      vertex -24.0789 14.8106 5.01
    endloop
  endfacet
  facet normal 0 0 1
    outer loop
      vertex -24.3049 17.237 5.01
      vertex -24.2883 14.6098 5.01
      vertex -23.9907 16.9044 5.01
    endloop
  endfacet
  facet normal 0 0 1
    outer loop
      vertex -24.3049 17.237 5.01
      vertex -24.4607 14.3711 5.01
      vertex -24.2883 14.6098 5.01
    endloop
  endfacet
  facet normal 0 0 1
    outer loop
      vertex -24.5492 17.6221 5.01
      vertex -24.4607 14.3711 5.01
      vertex -24.3049 17.237 5.01
    endloop
  endfacet
  facet normal 0 0 1
    outer loop
      vertex -24.5492 17.6221 5.01
      vertex -24.5991 14.0956 5.01
      vertex -24.4607 14.3711 5.01
    endloop
  endfacet
  facet normal 0 0 1
    outer loop
      vertex -24.7238 18.0597 5.01
      vertex -24.5991 14.0956 5.01
      vertex -24.5492 17.6221 5.01
    endloop
  endfacet
  facet normal 0 0 1
    outer loop
      vertex -24.5991 14.0956 5.01
      vertex -24.7238 18.0597 5.01
      vertex -24.7067 13.7843 5.01
    endloop
  endfacet
  facet normal 0 0 1
    outer loop
      vertex -24.7238 18.0597 5.01
      vertex -24.7836 13.437 5.01
      vertex -24.7067 13.7843 5.01
    endloop
  endfacet
  facet normal 0 0 1
    outer loop
      vertex -24.8285 18.5498 5.01
      vertex -24.7836 13.437 5.01
      vertex -24.7238 18.0597 5.01
    endloop
  endfacet
  facet normal 0 0 1
    outer loop
      vertex -24.8285 18.5498 5.01
      vertex -24.8298 13.0539 5.01
      vertex -24.7836 13.437 5.01
    endloop
  endfacet
  facet normal 0 0 1
    outer loop
      vertex -24.8634 19.0924 5.01
      vertex -24.8298 13.0539 5.01
      vertex -24.8285 18.5498 5.01
    endloop
  endfacet
  facet normal 0 0 1
    outer loop
      vertex -24.8262 12.1653 5.01
      vertex -24.861 5.64476 5.01
      vertex -24.8537 5.73338 5.01
    endloop
  endfacet
  facet normal 0 0 1
    outer loop
      vertex -30 37 5.01
      vertex -24.8298 13.0539 5.01
      vertex -24.8634 19.0924 5.01
    endloop
  endfacet
  facet normal 0 0 1
    outer loop
      vertex -24.861 25.9938 5.01
      vertex -30 37 5.01
      vertex -24.8634 25.9057 5.01
    endloop
  endfacet
  facet normal 0 0 1
    outer loop
      vertex -24.8298 13.0539 5.01
      vertex -30 37 5.01
      vertex -24.8451 12.6348 5.01
    endloop
  endfacet
  facet normal -0 0 1
    outer loop
      vertex -18.1569 34.9694 5.01
      vertex 0 25 5.01
      vertex -18.0511 35.463 5.01
    endloop
  endfacet
  facet normal -0 0 1
    outer loop
      vertex -18.1378 28.9027 5.01
      vertex 0 25 5.01
      vertex -18.1378 30.2027 5.01
    endloop
  endfacet
  facet normal 0 0 1
    outer loop
      vertex -18.1378 24.3616 5.01
      vertex 0 25 5.01
      vertex -18.1378 28.9027 5.01
    endloop
  endfacet
  facet normal 0 0 1
    outer loop
      vertex 0 25 5.01
      vertex -18.1569 34.9694 5.01
      vertex -18.1378 30.2027 5.01
    endloop
  endfacet
  facet normal -0 0 1
    outer loop
      vertex -18.3333 34.5324 5.01
      vertex -18.1378 30.2027 5.01
      vertex -18.1569 34.9694 5.01
    endloop
  endfacet
  facet normal -0 0 1
    outer loop
      vertex -18.5802 34.1521 5.01
      vertex -18.1378 30.2027 5.01
      vertex -18.3333 34.5324 5.01
    endloop
  endfacet
  facet normal -0 0 1
    outer loop
      vertex -18.8977 33.8283 5.01
      vertex -18.1378 30.2027 5.01
      vertex -18.5802 34.1521 5.01
    endloop
  endfacet
  facet normal -0 0 1
    outer loop
      vertex -19.2818 33.5625 5.01
      vertex -18.1378 30.2027 5.01
      vertex -18.8977 33.8283 5.01
    endloop
  endfacet
  facet normal -0 0 1
    outer loop
      vertex -19.7287 33.3557 5.01
      vertex -18.1378 30.2027 5.01
      vertex -19.2818 33.5625 5.01
    endloop
  endfacet
  facet normal -0 0 1
    outer loop
      vertex -20.2383 33.208 5.01
      vertex -18.1378 30.2027 5.01
      vertex -19.7287 33.3557 5.01
    endloop
  endfacet
  facet normal -0 0 1
    outer loop
      vertex -20.8106 33.1194 5.01
      vertex -18.1378 30.2027 5.01
      vertex -20.2383 33.208 5.01
    endloop
  endfacet
  facet normal -0 0 1
    outer loop
      vertex -21.4457 33.0899 5.01
      vertex -18.1378 30.2027 5.01
      vertex -20.8106 33.1194 5.01
    endloop
  endfacet
  facet normal 0 0 1
    outer loop
      vertex -22.6761 33.2083 5.01
      vertex -18.1378 30.2027 5.01
      vertex -21.4457 33.0899 5.01
    endloop
  endfacet
  facet normal 0 0 1
    outer loop
      vertex -24.7414 32.6683 5.01
      vertex -22.6761 33.2083 5.01
      vertex -23.633 33.5635 5.01
    endloop
  endfacet
  facet normal 0 0 1
    outer loop
      vertex -22.6761 33.2083 5.01
      vertex -24.7414 32.6683 5.01
      vertex -18.1378 30.2027 5.01
    endloop
  endfacet
  facet normal 0 0 1
    outer loop
      vertex -24.3166 34.1555 5.01
      vertex -24.7414 32.6683 5.01
      vertex -23.633 33.5635 5.01
    endloop
  endfacet
  facet normal 0 0 1
    outer loop
      vertex -24.7267 34.9843 5.01
      vertex -24.7414 32.6683 5.01
      vertex -24.3166 34.1555 5.01
    endloop
  endfacet
  facet normal 0 0 1
    outer loop
      vertex -24.8634 36.0499 5.01
      vertex -30 37 5.01
      vertex -24.7267 34.9843 5.01
    endloop
  endfacet
  facet normal 0 0 1
    outer loop
      vertex -24.7267 34.9843 5.01
      vertex -30 37 5.01
      vertex -24.7414 32.6683 5.01
    endloop
  endfacet
  facet normal 0 0 1
    outer loop
      vertex -24.7414 27.676 5.01
      vertex -24.8024 26.3513 5.01
      vertex -24.7414 26.5042 5.01
    endloop
  endfacet
  facet normal 0 0 1
    outer loop
      vertex -24.8301 36.6233 5.01
      vertex -30 37 5.01
      vertex -24.8634 36.0499 5.01
    endloop
  endfacet
  facet normal 0 0 1
    outer loop
      vertex -24.7414 32.6683 5.01
      vertex -30 37 5.01
      vertex -24.7414 31.5026 5.01
    endloop
  endfacet
  facet normal 0 0 1
    outer loop
      vertex -24.7414 27.676 5.01
      vertex -24.8244 26.2612 5.01
      vertex -24.8024 26.3513 5.01
    endloop
  endfacet
  facet normal 0 0 1
    outer loop
      vertex -24.7414 27.676 5.01
      vertex -24.8414 26.1716 5.01
      vertex -24.8244 26.2612 5.01
    endloop
  endfacet
  facet normal 0 0 1
    outer loop
      vertex -24.7414 27.676 5.01
      vertex -24.8537 26.0824 5.01
      vertex -24.8414 26.1716 5.01
    endloop
  endfacet
  facet normal -0 0 1
    outer loop
      vertex -30 37 5.01
      vertex -24.8301 36.6233 5.01
      vertex -27.5209 39.9544 5.01
    endloop
  endfacet
  facet normal 0 0 1
    outer loop
      vertex -24.7414 31.5026 5.01
      vertex -30 37 5.01
      vertex -24.7414 27.676 5.01
    endloop
  endfacet
  facet normal -0 0 1
    outer loop
      vertex 0 5 5.01
      vertex 10 -5 5.01
      vertex 10 5 5.01
    endloop
  endfacet
  facet normal 0 0 1
    outer loop
      vertex 10 -5 5.01
      vertex 0 5 5.01
      vertex 0 -5 5.01
    endloop
  endfacet
  facet normal 0 0 1
    outer loop
      vertex 27 40 5.01
      vertex 30 37 5.01
      vertex 29.9544 37.5209 5.01
    endloop
  endfacet
  facet normal 0 0 1
    outer loop
      vertex 30 37 5.01
      vertex 10 5 5.01
      vertex 30 -37 5.01
    endloop
  endfacet
  facet normal 0 0 1
    outer loop
      vertex 27 40 5.01
      vertex 29.9544 37.5209 5.01
      vertex 29.8191 38.0261 5.01
    endloop
  endfacet
  facet normal -0 0 1
    outer loop
      vertex 10 -5 5.01
      vertex 30 -37 5.01
      vertex 10 5 5.01
    endloop
  endfacet
  facet normal 0 0 1
    outer loop
      vertex 27 40 5.01
      vertex 29.8191 38.0261 5.01
      vertex 29.5981 38.5 5.01
    endloop
  endfacet
  facet normal -0 0 1
    outer loop
      vertex 10 -25 5.01
      vertex 30 -37 5.01
      vertex 10 -5 5.01
    endloop
  endfacet
  facet normal 0 0 1
    outer loop
      vertex 27 40 5.01
      vertex 29.5981 38.5 5.01
      vertex 29.2981 38.9284 5.01
    endloop
  endfacet
  facet normal 0 -0 1
    outer loop
      vertex 27 -40 5.01
      vertex 30 -37 5.01
      vertex 10 -25 5.01
    endloop
  endfacet
  facet normal 0 0 1
    outer loop
      vertex 27 40 5.01
      vertex 29.2981 38.9284 5.01
      vertex 28.9284 39.2981 5.01
    endloop
  endfacet
  facet normal 0 0 1
    outer loop
      vertex 30 -37 5.01
      vertex 27 -40 5.01
      vertex 29.9544 -37.5209 5.01
    endloop
  endfacet
  facet normal 0 0 1
    outer loop
      vertex 27 40 5.01
      vertex 28.9284 39.2981 5.01
      vertex 28.5 39.5981 5.01
    endloop
  endfacet
  facet normal 0 0 1
    outer loop
      vertex 29.9544 -37.5209 5.01
      vertex 27 -40 5.01
      vertex 29.8191 -38.0261 5.01
    endloop
  endfacet
  facet normal 0 0 1
    outer loop
      vertex 27 40 5.01
      vertex 28.5 39.5981 5.01
      vertex 28.0261 39.8191 5.01
    endloop
  endfacet
  facet normal 0 0 1
    outer loop
      vertex 29.8191 -38.0261 5.01
      vertex 27 -40 5.01
      vertex 29.5981 -38.5 5.01
    endloop
  endfacet
  facet normal 0 0 1
    outer loop
      vertex 27 40 5.01
      vertex 28.0261 39.8191 5.01
      vertex 27.5209 39.9544 5.01
    endloop
  endfacet
  facet normal 0 0 1
    outer loop
      vertex 29.5981 -38.5 5.01
      vertex 27 -40 5.01
      vertex 29.2981 -38.9284 5.01
    endloop
  endfacet
  facet normal 0 0 1
    outer loop
      vertex 30 37 5.01
      vertex 27 40 5.01
      vertex 10 25 5.01
    endloop
  endfacet
  facet normal 0 0 1
    outer loop
      vertex 29.2981 -38.9284 5.01
      vertex 27 -40 5.01
      vertex 28.9284 -39.2981 5.01
    endloop
  endfacet
  facet normal 0 0 1
    outer loop
      vertex 30 37 5.01
      vertex 10 25 5.01
      vertex 10 5 5.01
    endloop
  endfacet
  facet normal 0 0 1
    outer loop
      vertex 27 40 5.01
      vertex 0 25 5.01
      vertex 10 25 5.01
    endloop
  endfacet
  facet normal -0 0 1
    outer loop
      vertex -18.036 13.1078 5.01
      vertex 0 5 5.01
      vertex 0 25 5.01
    endloop
  endfacet
  facet normal -0 0 1
    outer loop
      vertex -18.032 12.152 5.01
      vertex 0 5 5.01
      vertex -18.0158 12.6226 5.01
    endloop
  endfacet
  facet normal -0 0 1
    outer loop
      vertex -18.0511 35.463 5.01
      vertex 0 25 5.01
      vertex -18.0158 36.0133 5.01
    endloop
  endfacet
  facet normal -0 0 1
    outer loop
      vertex -18.3212 37.508 5.01
      vertex 0 25 5.01
      vertex 27 40 5.01
    endloop
  endfacet
  facet normal 0 0 1
    outer loop
      vertex 0 25 5.01
      vertex -18.0497 36.5667 5.01
      vertex -18.0158 36.0133 5.01
    endloop
  endfacet
  facet normal 0 0 1
    outer loop
      vertex 0 25 5.01
      vertex -18.1515 37.0649 5.01
      vertex -18.0497 36.5667 5.01
    endloop
  endfacet
  facet normal 0 0 1
    outer loop
      vertex 0 25 5.01
      vertex -18.3212 37.508 5.01
      vertex -18.1515 37.0649 5.01
    endloop
  endfacet
  facet normal 0 0 1
    outer loop
      vertex 27 40 5.01
      vertex -18.5587 37.896 5.01
      vertex -18.3212 37.508 5.01
    endloop
  endfacet
  facet normal 0 0 1
    outer loop
      vertex 27 40 5.01
      vertex -18.8641 38.2287 5.01
      vertex -18.5587 37.896 5.01
    endloop
  endfacet
  facet normal 0 0 1
    outer loop
      vertex 27 40 5.01
      vertex -19.2388 38.5034 5.01
      vertex -18.8641 38.2287 5.01
    endloop
  endfacet
  facet normal 0 0 1
    outer loop
      vertex 27 40 5.01
      vertex -19.6844 38.717 5.01
      vertex -19.2388 38.5034 5.01
    endloop
  endfacet
  facet normal 0 0 1
    outer loop
      vertex 27 40 5.01
      vertex -20.2007 38.8696 5.01
      vertex -19.6844 38.717 5.01
    endloop
  endfacet
  facet normal 0 0 1
    outer loop
      vertex 27 40 5.01
      vertex -20.7878 38.9611 5.01
      vertex -20.2007 38.8696 5.01
    endloop
  endfacet
  facet normal -0 0 1
    outer loop
      vertex -27 40 5.01
      vertex -20.7878 38.9611 5.01
      vertex 27 40 5.01
    endloop
  endfacet
  facet normal 0 0 1
    outer loop
      vertex -24.7414 27.676 5.01
      vertex -30 37 5.01
      vertex -24.8537 26.0824 5.01
    endloop
  endfacet
  facet normal 0 0 1
    outer loop
      vertex -24.8537 26.0824 5.01
      vertex -30 37 5.01
      vertex -24.861 25.9938 5.01
    endloop
  endfacet
  facet normal 0 0 1
    outer loop
      vertex -24.8262 12.1653 5.01
      vertex -27.1949 -5.4213 5.01
      vertex -24.861 5.64476 5.01
    endloop
  endfacet
  facet normal 0 0 1
    outer loop
      vertex -24.861 5.64476 5.01
      vertex -27.1949 -5.4213 5.01
      vertex -24.8634 5.55664 5.01
    endloop
  endfacet
  facet normal 0 0 1
    outer loop
      vertex -24.7301 37.1328 5.01
      vertex -27.5209 39.9544 5.01
      vertex -24.8301 36.6233 5.01
    endloop
  endfacet
  facet normal -0 0 1
    outer loop
      vertex -27.5209 39.9544 5.01
      vertex -24.7301 37.1328 5.01
      vertex -27 40 5.01
    endloop
  endfacet
  facet normal 0 0 1
    outer loop
      vertex -24.5635 37.5783 5.01
      vertex -27 40 5.01
      vertex -24.7301 37.1328 5.01
    endloop
  endfacet
  facet normal 0 0 1
    outer loop
      vertex -24.3303 37.9599 5.01
      vertex -27 40 5.01
      vertex -24.5635 37.5783 5.01
    endloop
  endfacet
  facet normal 0 0 1
    outer loop
      vertex -24.0304 38.2775 5.01
      vertex -27 40 5.01
      vertex -24.3303 37.9599 5.01
    endloop
  endfacet
  facet normal 0 0 1
    outer loop
      vertex -23.6604 38.5346 5.01
      vertex -27 40 5.01
      vertex -24.0304 38.2775 5.01
    endloop
  endfacet
  facet normal 0 0 1
    outer loop
      vertex -23.217 38.7345 5.01
      vertex -27 40 5.01
      vertex -23.6604 38.5346 5.01
    endloop
  endfacet
  facet normal 0 0 1
    outer loop
      vertex -22.7 38.8774 5.01
      vertex -27 40 5.01
      vertex -23.217 38.7345 5.01
    endloop
  endfacet
  facet normal 0 0 1
    outer loop
      vertex -22.1096 38.9631 5.01
      vertex -27 40 5.01
      vertex -22.7 38.8774 5.01
    endloop
  endfacet
  facet normal 0 0 1
    outer loop
      vertex -21.4457 38.9916 5.01
      vertex -27 40 5.01
      vertex -22.1096 38.9631 5.01
    endloop
  endfacet
  facet normal 0 0 1
    outer loop
      vertex -20.7878 38.9611 5.01
      vertex -27 40 5.01
      vertex -21.4457 38.9916 5.01
    endloop
  endfacet
  facet normal 0 0 1
    outer loop
      vertex 28.9284 -39.2981 5.01
      vertex 27 -40 5.01
      vertex 28.5 -39.5981 5.01
    endloop
  endfacet
  facet normal 0 0 1
    outer loop
      vertex 28.5 -39.5981 5.01
      vertex 27 -40 5.01
      vertex 28.0261 -39.8191 5.01
    endloop
  endfacet
  facet normal 0 0 1
    outer loop
      vertex 28.0261 -39.8191 5.01
      vertex 27 -40 5.01
      vertex 27.5209 -39.9544 5.01
    endloop
  endfacet
  facet normal -0 0 1
    outer loop
      vertex 0 -25 5.01
      vertex 27 -40 5.01
      vertex 10 -25 5.01
    endloop
  endfacet
  facet normal 0 0 1
    outer loop
      vertex -18.0507 18.5772 5.01
      vertex 0 25 5.01
      vertex -18.0158 19.1351 5.01
    endloop
  endfacet
  facet normal 0 0 1
    outer loop
      vertex 0 5 5.01
      vertex -18.0158 -1.21391 5.01
      vertex 0 -5 5.01
    endloop
  endfacet
  facet normal -0 0 1
    outer loop
      vertex -18.0507 -1.77187 5.01
      vertex 0 -5 5.01
      vertex -18.0158 -1.21391 5.01
    endloop
  endfacet
  facet normal 0 0 1
    outer loop
      vertex -18.0495 -9.05055 5.01
      vertex 0 -5 5.01
      vertex -18.0158 -8.5766 5.01
    endloop
  endfacet
  facet normal 0 0 1
    outer loop
      vertex 0 -5 5.01
      vertex -18.0158 -14.8712 5.01
      vertex 0 -25 5.01
    endloop
  endfacet
  facet normal -0 0 1
    outer loop
      vertex -18.0511 -15.4214 5.01
      vertex 0 -25 5.01
      vertex -18.0158 -14.8712 5.01
    endloop
  endfacet
  facet normal -0 0 1
    outer loop
      vertex -18.0508 -21.5759 5.01
      vertex 0 -25 5.01
      vertex -18.0158 -21.048 5.01
    endloop
  endfacet
  facet normal 0 0 1
    outer loop
      vertex -18.1378 -25.0722 5.01
      vertex 0 -25 5.01
      vertex -18.0508 -21.5759 5.01
    endloop
  endfacet
  facet normal 0 0 1
    outer loop
      vertex -18.1378 -26.1769 5.01
      vertex 0 -25 5.01
      vertex -18.1378 -25.0722 5.01
    endloop
  endfacet
  facet normal 0 0 1
    outer loop
      vertex -18.1378 -29.2467 5.01
      vertex 0 -25 5.01
      vertex -18.1378 -26.1769 5.01
    endloop
  endfacet
  facet normal 0 0 1
    outer loop
      vertex -18.1378 -30.3453 5.01
      vertex 0 -25 5.01
      vertex -18.1378 -29.2467 5.01
    endloop
  endfacet
  facet normal 0 0 1
    outer loop
      vertex -18.1378 -31.5542 5.01
      vertex 0 -25 5.01
      vertex -18.1378 -30.3453 5.01
    endloop
  endfacet
  facet normal 0 0 1
    outer loop
      vertex -18.1378 -38.3286 5.01
      vertex 0 -25 5.01
      vertex -18.1378 -31.5542 5.01
    endloop
  endfacet
  facet normal 0 0 1
    outer loop
      vertex 0 -25 5.01
      vertex -18.1378 -38.3286 5.01
      vertex 27 -40 5.01
    endloop
  endfacet
  facet normal 0 0 1
    outer loop
      vertex -27 -40 5.01
      vertex -18.1378 -38.3286 5.01
      vertex -26.7371 -38.3286 5.01
    endloop
  endfacet
  facet normal 0 0 1
    outer loop
      vertex -18.1378 -38.3286 5.01
      vertex -27 -40 5.01
      vertex 27 -40 5.01
    endloop
  endfacet
  facet normal 0 0 1
    outer loop
      vertex -18.1378 23.263 5.01
      vertex 0 25 5.01
      vertex -18.1378 24.3616 5.01
    endloop
  endfacet
  facet normal 0 -0 1
    outer loop
      vertex -18.0783 19.9146 5.01
      vertex 0 25 5.01
      vertex -18.1378 23.263 5.01
    endloop
  endfacet
  facet normal 0 0 1
    outer loop
      vertex 0 25 5.01
      vertex -18.0783 19.9146 5.01
      vertex -18.0158 19.1351 5.01
    endloop
  endfacet
  facet normal 0 0 1
    outer loop
      vertex -18.1378 23.263 5.01
      vertex -18.2658 20.5735 5.01
      vertex -18.0783 19.9146 5.01
    endloop
  endfacet
  facet normal 0 0 1
    outer loop
      vertex -18.1378 23.263 5.01
      vertex -18.5782 21.1118 5.01
      vertex -18.2658 20.5735 5.01
    endloop
  endfacet
  facet normal 0 0 1
    outer loop
      vertex -18.1378 23.263 5.01
      vertex -19.0157 21.5295 5.01
      vertex -18.5782 21.1118 5.01
    endloop
  endfacet
  facet normal 0 0 1
    outer loop
      vertex -18.1378 23.263 5.01
      vertex -19.5782 21.8266 5.01
      vertex -19.0157 21.5295 5.01
    endloop
  endfacet
  facet normal 0 0 1
    outer loop
      vertex -19.8528 20.8623 5.01
      vertex -20.3826 17.3671 5.01
      vertex -20.0322 17.4611 5.01
    endloop
  endfacet
  facet normal 0 0 1
    outer loop
      vertex -19.8528 20.8623 5.01
      vertex -20.7744 17.3107 5.01
      vertex -20.3826 17.3671 5.01
    endloop
  endfacet
  facet normal 0 0 1
    outer loop
      vertex -21.2077 17.2919 5.01
      vertex -19.8528 20.8623 5.01
      vertex -21.2077 22.0036 5.01
    endloop
  endfacet
  facet normal 0 0 1
    outer loop
      vertex -19.5782 21.8266 5.01
      vertex -21.2077 22.0036 5.01
      vertex -19.8528 20.8623 5.01
    endloop
  endfacet
  facet normal 0 0 1
    outer loop
      vertex -18.1378 23.263 5.01
      vertex -21.2077 22.0036 5.01
      vertex -19.5782 21.8266 5.01
    endloop
  endfacet
  facet normal -0 0 1
    outer loop
      vertex -23.2034 23.263 5.01
      vertex -21.2077 22.0036 5.01
      vertex -18.1378 23.263 5.01
    endloop
  endfacet
  facet normal 0 0 1
    outer loop
      vertex -21.2077 22.0036 5.01
      vertex -23.2034 23.263 5.01
      vertex -21.3542 22.0036 5.01
    endloop
  endfacet
  facet normal 0 0 1
    outer loop
      vertex -21.3542 22.0036 5.01
      vertex -23.2034 23.263 5.01
      vertex -22.6175 21.8871 5.01
    endloop
  endfacet
  facet normal -0 0 1
    outer loop
      vertex -23.4875 23.2616 5.01
      vertex -22.6175 21.8871 5.01
      vertex -23.2034 23.263 5.01
    endloop
  endfacet
  facet normal 0 0 1
    outer loop
      vertex -23.4875 23.2616 5.01
      vertex -23.6001 21.5378 5.01
      vertex -22.6175 21.8871 5.01
    endloop
  endfacet
  facet normal -0 0 1
    outer loop
      vertex -23.7834 23.2572 5.01
      vertex -23.6001 21.5378 5.01
      vertex -23.4875 23.2616 5.01
    endloop
  endfacet
  facet normal -0 0 1
    outer loop
      vertex -24.091 23.2499 5.01
      vertex -23.6001 21.5378 5.01
      vertex -23.7834 23.2572 5.01
    endloop
  endfacet
  facet normal -0 0 1
    outer loop
      vertex -24.4103 23.2396 5.01
      vertex -23.6001 21.5378 5.01
      vertex -24.091 23.2499 5.01
    endloop
  endfacet
  facet normal -0 0 1
    outer loop
      vertex -24.7414 23.2265 5.01
      vertex -23.6001 21.5378 5.01
      vertex -24.4103 23.2396 5.01
    endloop
  endfacet
  facet normal 0 0 1
    outer loop
      vertex -23.6001 21.5378 5.01
      vertex -24.7414 23.2265 5.01
      vertex -24.3019 20.9556 5.01
    endloop
  endfacet
  facet normal 0 0 1
    outer loop
      vertex -24.3019 20.9556 5.01
      vertex -24.7414 23.2265 5.01
      vertex -24.723 20.1404 5.01
    endloop
  endfacet
  facet normal 0 0 1
    outer loop
      vertex -24.851 25.6679 5.01
      vertex -24.7414 24.264 5.01
      vertex -24.8136 25.4526 5.01
    endloop
  endfacet
  facet normal 0 0 1
    outer loop
      vertex -24.7414 24.264 5.01
      vertex -24.851 25.6679 5.01
      vertex -24.7414 23.2265 5.01
    endloop
  endfacet
  facet normal 0 0 1
    outer loop
      vertex -30 37 5.01
      vertex -24.7414 23.2265 5.01
      vertex -24.851 25.6679 5.01
    endloop
  endfacet
  facet normal 0 0 1
    outer loop
      vertex -30 37 5.01
      vertex -24.851 25.6679 5.01
      vertex -24.8634 25.9057 5.01
    endloop
  endfacet
  facet normal 0 0 1
    outer loop
      vertex -24.7414 23.2265 5.01
      vertex -24.8634 19.0924 5.01
      vertex -24.723 20.1404 5.01
    endloop
  endfacet
  facet normal 0 0 1
    outer loop
      vertex -18.0597 -8.01953 5.01
      vertex -18.1378 -6.43442 5.01
      vertex -18.1146 -7.76993 5.01
    endloop
  endfacet
  facet normal 0 0 1
    outer loop
      vertex -18.4146 -7.13509 5.01
      vertex -18.1378 -6.43442 5.01
      vertex -18.1871 -6.44186 5.01
    endloop
  endfacet
  facet normal 0 0 1
    outer loop
      vertex -18.1378 -6.43442 5.01
      vertex -18.1915 -7.5396 5.01
      vertex -18.1146 -7.76993 5.01
    endloop
  endfacet
  facet normal 0 0 1
    outer loop
      vertex -18.4146 -7.13509 5.01
      vertex -18.1871 -6.44186 5.01
      vertex -18.257 -6.44954 5.01
    endloop
  endfacet
  facet normal 0 0 1
    outer loop
      vertex -18.1378 -6.43442 5.01
      vertex -18.2904 -7.32858 5.01
      vertex -18.1915 -7.5396 5.01
    endloop
  endfacet
  facet normal 0 0 1
    outer loop
      vertex -18.5677 -6.95747 5.01
      vertex -18.257 -6.44954 5.01
      vertex -18.3473 -6.45749 5.01
    endloop
  endfacet
  facet normal 0 0 1
    outer loop
      vertex -18.1378 -6.43442 5.01
      vertex -18.4146 -7.13509 5.01
      vertex -18.2904 -7.32858 5.01
    endloop
  endfacet
  facet normal 0 0 1
    outer loop
      vertex -18.5677 -6.95747 5.01
      vertex -18.3473 -6.45749 5.01
      vertex -18.4581 -6.46567 5.01
    endloop
  endfacet
  facet normal 0 0 1
    outer loop
      vertex -18.257 -6.44954 5.01
      vertex -18.5677 -6.95747 5.01
      vertex -18.4146 -7.13509 5.01
    endloop
  endfacet
  facet normal -0 0 1
    outer loop
      vertex -18.5894 -6.47412 5.01
      vertex -18.5677 -6.95747 5.01
      vertex -18.4581 -6.46567 5.01
    endloop
  endfacet
  facet normal 0 0 1
    outer loop
      vertex -18.7496 -6.79573 5.01
      vertex -18.5894 -6.47412 5.01
      vertex -18.7271 -6.4818 5.01
    endloop
  endfacet
  facet normal 0 0 1
    outer loop
      vertex -18.5894 -6.47412 5.01
      vertex -18.7496 -6.79573 5.01
      vertex -18.5677 -6.95747 5.01
    endloop
  endfacet
  facet normal -0 0 1
    outer loop
      vertex -18.857 -6.48776 5.01
      vertex -18.7496 -6.79573 5.01
      vertex -18.7271 -6.4818 5.01
    endloop
  endfacet
  facet normal 0 0 1
    outer loop
      vertex -18.857 -6.48776 5.01
      vertex -18.9603 -6.64984 5.01
      vertex -18.7496 -6.79573 5.01
    endloop
  endfacet
  facet normal -0 0 1
    outer loop
      vertex -18.979 -6.49203 5.01
      vertex -18.9603 -6.64984 5.01
      vertex -18.857 -6.48776 5.01
    endloop
  endfacet
  facet normal -0 0 1
    outer loop
      vertex -19.0933 -6.4946 5.01
      vertex -18.9603 -6.64984 5.01
      vertex -18.979 -6.49203 5.01
    endloop
  endfacet
  facet normal 0 0 1
    outer loop
      vertex -19.1997 -6.51984 5.01
      vertex -19.0933 -6.4946 5.01
      vertex -19.1997 -6.49545 5.01
    endloop
  endfacet
  facet normal 0 0 1
    outer loop
      vertex -19.0933 -6.4946 5.01
      vertex -19.1997 -6.51984 5.01
      vertex -18.9603 -6.64984 5.01
    endloop
  endfacet
  facet normal 0 0 1
    outer loop
      vertex -20.0322 17.4611 5.01
      vertex -18.8396 19.1351 5.01
      vertex -18.8511 19.4094 5.01
    endloop
  endfacet
  facet normal 0 0 1
    outer loop
      vertex -19.8528 20.8623 5.01
      vertex -18.8511 19.4094 5.01
      vertex -18.8855 19.6609 5.01
    endloop
  endfacet
  facet normal 0 0 1
    outer loop
      vertex -18.8396 19.1351 5.01
      vertex -20.0322 17.4611 5.01
      vertex -18.8643 18.7911 5.01
    endloop
  endfacet
  facet normal 0 0 1
    outer loop
      vertex -19.8528 20.8623 5.01
      vertex -18.8855 19.6609 5.01
      vertex -18.9429 19.8898 5.01
    endloop
  endfacet
  facet normal 0 0 1
    outer loop
      vertex -19.8528 20.8623 5.01
      vertex -18.9429 19.8898 5.01
      vertex -19.0232 20.0959 5.01
    endloop
  endfacet
  facet normal 0 -0 1
    outer loop
      vertex -19.7234 17.5927 5.01
      vertex -18.8643 18.7911 5.01
      vertex -20.0322 17.4611 5.01
    endloop
  endfacet
  facet normal 0 0 1
    outer loop
      vertex -19.8528 20.8623 5.01
      vertex -19.0232 20.0959 5.01
      vertex -19.1265 20.2794 5.01
    endloop
  endfacet
  facet normal 0 -0 1
    outer loop
      vertex -19.4561 17.7618 5.01
      vertex -18.9383 18.4818 5.01
      vertex -19.7234 17.5927 5.01
    endloop
  endfacet
  facet normal 0 0 1
    outer loop
      vertex -19.8528 20.8623 5.01
      vertex -19.1265 20.2794 5.01
      vertex -19.2473 20.4404 5.01
    endloop
  endfacet
  facet normal 0 0 1
    outer loop
      vertex -19.8528 20.8623 5.01
      vertex -19.2473 20.4404 5.01
      vertex -19.3804 20.5792 5.01
    endloop
  endfacet
  facet normal 0 0 1
    outer loop
      vertex -18.8511 19.4094 5.01
      vertex -19.8528 20.8623 5.01
      vertex -20.0322 17.4611 5.01
    endloop
  endfacet
  facet normal 0 0 1
    outer loop
      vertex -19.8528 20.8623 5.01
      vertex -19.3804 20.5792 5.01
      vertex -19.5257 20.6958 5.01
    endloop
  endfacet
  facet normal 0 0 1
    outer loop
      vertex -19.8528 20.8623 5.01
      vertex -19.5257 20.6958 5.01
      vertex -19.6831 20.7901 5.01
    endloop
  endfacet
  facet normal 0 0 1
    outer loop
      vertex -18.9383 18.4818 5.01
      vertex -19.4561 17.7618 5.01
      vertex -19.0616 18.2071 5.01
    endloop
  endfacet
  facet normal 0 0 1
    outer loop
      vertex -19.0616 18.2071 5.01
      vertex -19.4561 17.7618 5.01
      vertex -19.2341 17.9671 5.01
    endloop
  endfacet
  facet normal 0 0 1
    outer loop
      vertex -18.8643 18.7911 5.01
      vertex -19.7234 17.5927 5.01
      vertex -18.9383 18.4818 5.01
    endloop
  endfacet
  facet normal 0 0 1
    outer loop
      vertex -20.0322 -2.88795 5.01
      vertex -18.8396 -1.21391 5.01
      vertex -18.8511 -0.939651 5.01
    endloop
  endfacet
  facet normal 0 0 1
    outer loop
      vertex -19.8528 0.51326 5.01
      vertex -18.8511 -0.939651 5.01
      vertex -18.8855 -0.688095 5.01
    endloop
  endfacet
  facet normal 0 0 1
    outer loop
      vertex -18.8396 -1.21391 5.01
      vertex -20.0322 -2.88795 5.01
      vertex -18.8643 -1.55792 5.01
    endloop
  endfacet
  facet normal 0 0 1
    outer loop
      vertex -19.8528 0.51326 5.01
      vertex -18.8855 -0.688095 5.01
      vertex -18.9429 -0.459244 5.01
    endloop
  endfacet
  facet normal 0 0 1
    outer loop
      vertex -19.8528 0.51326 5.01
      vertex -18.9429 -0.459244 5.01
      vertex -19.0232 -0.253098 5.01
    endloop
  endfacet
  facet normal 0 -0 1
    outer loop
      vertex -19.7234 -2.75639 5.01
      vertex -18.8643 -1.55792 5.01
      vertex -20.0322 -2.88795 5.01
    endloop
  endfacet
  facet normal 0 0 1
    outer loop
      vertex -19.8528 0.51326 5.01
      vertex -19.0232 -0.253098 5.01
      vertex -19.1265 -0.0696564 5.01
    endloop
  endfacet
  facet normal 0 -0 1
    outer loop
      vertex -19.4561 -2.58723 5.01
      vertex -18.9383 -1.86725 5.01
      vertex -19.7234 -2.75639 5.01
    endloop
  endfacet
  facet normal 0 0 1
    outer loop
      vertex -19.8528 0.51326 5.01
      vertex -19.1265 -0.0696564 5.01
      vertex -19.2473 0.0913391 5.01
    endloop
  endfacet
  facet normal 0 0 1
    outer loop
      vertex -19.8528 0.51326 5.01
      vertex -19.2473 0.0913391 5.01
      vertex -19.3804 0.230133 5.01
    endloop
  endfacet
  facet normal 0 0 1
    outer loop
      vertex -18.8511 -0.939651 5.01
      vertex -19.8528 0.51326 5.01
      vertex -20.0322 -2.88795 5.01
    endloop
  endfacet
  facet normal 0 0 1
    outer loop
      vertex -19.8528 0.51326 5.01
      vertex -19.3804 0.230133 5.01
      vertex -19.5257 0.346725 5.01
    endloop
  endfacet
  facet normal 0 0 1
    outer loop
      vertex -19.8528 0.51326 5.01
      vertex -19.5257 0.346725 5.01
      vertex -19.6831 0.441086 5.01
    endloop
  endfacet
  facet normal 0 0 1
    outer loop
      vertex -18.9383 -1.86725 5.01
      vertex -19.4561 -2.58723 5.01
      vertex -19.0616 -2.14191 5.01
    endloop
  endfacet
  facet normal 0 0 1
    outer loop
      vertex -19.0616 -2.14191 5.01
      vertex -19.4561 -2.58723 5.01
      vertex -19.2341 -2.3819 5.01
    endloop
  endfacet
  facet normal 0 0 1
    outer loop
      vertex -18.8643 -1.55792 5.01
      vertex -19.7234 -2.75639 5.01
      vertex -18.9383 -1.86725 5.01
    endloop
  endfacet
  facet normal 0 0 1
    outer loop
      vertex -23.3926 24.3372 5.01
      vertex -23.5188 24.3108 5.01
      vertex -23.3926 24.3128 5.01
    endloop
  endfacet
  facet normal 0 0 1
    outer loop
      vertex -23.7105 24.4453 5.01
      vertex -23.5188 24.3108 5.01
      vertex -23.3926 24.3372 5.01
    endloop
  endfacet
  facet normal 0 0 1
    outer loop
      vertex -23.7105 24.4453 5.01
      vertex -23.7168 24.305 5.01
      vertex -23.5188 24.3108 5.01
    endloop
  endfacet
  facet normal 0 0 1
    outer loop
      vertex -23.9866 24.2952 5.01
      vertex -23.7105 24.4453 5.01
      vertex -23.9854 24.5598 5.01
    endloop
  endfacet
  facet normal 0 0 1
    outer loop
      vertex -23.7105 24.4453 5.01
      vertex -23.9866 24.2952 5.01
      vertex -23.7168 24.305 5.01
    endloop
  endfacet
  facet normal 0 0 1
    outer loop
      vertex -24.3281 24.2816 5.01
      vertex -23.9854 24.5598 5.01
      vertex -24.2173 24.6806 5.01
    endloop
  endfacet
  facet normal 0 0 1
    outer loop
      vertex -23.9854 24.5598 5.01
      vertex -24.3281 24.2816 5.01
      vertex -23.9866 24.2952 5.01
    endloop
  endfacet
  facet normal 0 0 1
    outer loop
      vertex -24.4062 24.8078 5.01
      vertex -24.3281 24.2816 5.01
      vertex -24.2173 24.6806 5.01
    endloop
  endfacet
  facet normal 0 0 1
    outer loop
      vertex -24.7414 24.264 5.01
      vertex -24.4062 24.8078 5.01
      vertex -24.5522 24.9413 5.01
    endloop
  endfacet
  facet normal 0 0 1
    outer loop
      vertex -24.7414 24.264 5.01
      vertex -24.5522 24.9413 5.01
      vertex -24.6642 25.0893 5.01
    endloop
  endfacet
  facet normal 0 0 1
    outer loop
      vertex -24.4062 24.8078 5.01
      vertex -24.7414 24.264 5.01
      vertex -24.3281 24.2816 5.01
    endloop
  endfacet
  facet normal 0 0 1
    outer loop
      vertex -24.8136 25.4526 5.01
      vertex -24.7414 24.264 5.01
      vertex -24.7514 25.2597 5.01
    endloop
  endfacet
  facet normal 0 0 1
    outer loop
      vertex -24.7514 25.2597 5.01
      vertex -24.7414 24.264 5.01
      vertex -24.6642 25.0893 5.01
    endloop
  endfacet
  facet normal 0 0 1
    outer loop
      vertex -21.4457 -17.7946 5.01
      vertex -22.8922 -18.5396 5.01
      vertex -22.8067 -19.6687 5.01
    endloop
  endfacet
  facet normal 0 0 1
    outer loop
      vertex -22.6761 -17.6761 5.01
      vertex -23.2449 -18.6278 5.01
      vertex -22.8922 -18.5396 5.01
    endloop
  endfacet
  facet normal 0 0 1
    outer loop
      vertex -23.633 -17.321 5.01
      vertex -23.2449 -18.6278 5.01
      vertex -22.6761 -17.6761 5.01
    endloop
  endfacet
  facet normal 0 0 1
    outer loop
      vertex -23.2449 -18.6278 5.01
      vertex -23.633 -17.321 5.01
      vertex -23.5659 -18.7559 5.01
    endloop
  endfacet
  facet normal 0 0 1
    outer loop
      vertex -23.633 -17.321 5.01
      vertex -23.8552 -18.9237 5.01
      vertex -23.5659 -18.7559 5.01
    endloop
  endfacet
  facet normal 0 0 1
    outer loop
      vertex -24.3166 -16.7289 5.01
      vertex -23.8552 -18.9237 5.01
      vertex -23.633 -17.321 5.01
    endloop
  endfacet
  facet normal 0 0 1
    outer loop
      vertex -23.8552 -18.9237 5.01
      vertex -24.3166 -16.7289 5.01
      vertex -24.1127 -19.1313 5.01
    endloop
  endfacet
  facet normal 0 0 1
    outer loop
      vertex -24.3166 -16.7289 5.01
      vertex -24.3385 -19.3788 5.01
      vertex -24.1127 -19.1313 5.01
    endloop
  endfacet
  facet normal 0 0 1
    outer loop
      vertex -24.3166 -16.7289 5.01
      vertex -24.5275 -19.6599 5.01
      vertex -24.3385 -19.3788 5.01
    endloop
  endfacet
  facet normal 0 0 1
    outer loop
      vertex -24.7267 -15.9001 5.01
      vertex -24.5275 -19.6599 5.01
      vertex -24.3166 -16.7289 5.01
    endloop
  endfacet
  facet normal 0 0 1
    outer loop
      vertex -24.5275 -19.6599 5.01
      vertex -24.7267 -15.9001 5.01
      vertex -24.6745 -19.9686 5.01
    endloop
  endfacet
  facet normal 0 0 1
    outer loop
      vertex -24.7267 -15.9001 5.01
      vertex -24.7794 -20.3048 5.01
      vertex -24.6745 -19.9686 5.01
    endloop
  endfacet
  facet normal 0 0 1
    outer loop
      vertex -24.7267 -15.9001 5.01
      vertex -24.8424 -20.6687 5.01
      vertex -24.7794 -20.3048 5.01
    endloop
  endfacet
  facet normal 0 0 1
    outer loop
      vertex -24.8634 -14.8345 5.01
      vertex -24.8424 -20.6687 5.01
      vertex -24.7267 -15.9001 5.01
    endloop
  endfacet
  facet normal 0 0 1
    outer loop
      vertex -24.8424 -20.6687 5.01
      vertex -24.8634 -14.8345 5.01
      vertex -24.8634 -21.0602 5.01
    endloop
  endfacet
  facet normal 0 0 1
    outer loop
      vertex -19.8528 20.8623 5.01
      vertex -21.2077 17.2919 5.01
      vertex -20.7744 17.3107 5.01
    endloop
  endfacet
  facet normal 0 0 1
    outer loop
      vertex -19.8528 0.51326 5.01
      vertex -21.2077 -3.05711 5.01
      vertex -20.7744 -3.03833 5.01
    endloop
  endfacet
  facet normal 0 0 1
    outer loop
      vertex -19.0899 -37.1629 5.01
      vertex -22.0866 -32.1706 5.01
      vertex -22.0866 -37.1629 5.01
    endloop
  endfacet
  facet normal 0 0 1
    outer loop
      vertex -22.442 11.555 5.01
      vertex -23.1057 11.1822 5.01
      vertex -22.5042 11.4683 5.01
    endloop
  endfacet
  facet normal 0 0 1
    outer loop
      vertex -23.7801 13.7059 5.01
      vertex -23.1057 14.1972 5.01
      vertex -23.2733 14.1483 5.01
    endloop
  endfacet
  facet normal 0 0 1
    outer loop
      vertex -22.5042 11.4683 5.01
      vertex -23.1057 11.1822 5.01
      vertex -22.5708 11.3929 5.01
    endloop
  endfacet
  facet normal 0 0 1
    outer loop
      vertex -23.6779 13.8535 5.01
      vertex -23.2733 14.1483 5.01
      vertex -23.4246 14.0747 5.01
    endloop
  endfacet
  facet normal 0 -0 1
    outer loop
      vertex -22.8968 11.2057 5.01
      vertex -22.5708 11.3929 5.01
      vertex -22.9973 11.1881 5.01
    endloop
  endfacet
  facet normal 0 0 1
    outer loop
      vertex -23.6779 13.8535 5.01
      vertex -23.4246 14.0747 5.01
      vertex -23.5594 13.9764 5.01
    endloop
  endfacet
  facet normal 0 0 1
    outer loop
      vertex -22.6419 11.3287 5.01
      vertex -22.8968 11.2057 5.01
      vertex -22.719 11.276 5.01
    endloop
  endfacet
  facet normal 0 0 1
    outer loop
      vertex -23.2733 14.1483 5.01
      vertex -23.6779 13.8535 5.01
      vertex -23.7801 13.7059 5.01
    endloop
  endfacet
  facet normal 0 0 1
    outer loop
      vertex -22.719 11.276 5.01
      vertex -22.8968 11.2057 5.01
      vertex -22.804 11.235 5.01
    endloop
  endfacet
  facet normal -0 0 1
    outer loop
      vertex -23.9305 13.3427 5.01
      vertex -21.9767 12.9705 5.01
      vertex -23.8647 13.5352 5.01
    endloop
  endfacet
  facet normal 0 0 1
    outer loop
      vertex -22.5708 11.3929 5.01
      vertex -22.8968 11.2057 5.01
      vertex -22.6419 11.3287 5.01
    endloop
  endfacet
  facet normal -0 0 1
    outer loop
      vertex -24.0057 12.8925 5.01
      vertex -22.0631 12.6273 5.01
      vertex -23.9775 13.1284 5.01
    endloop
  endfacet
  facet normal 0 0 1
    outer loop
      vertex -23.1057 11.1822 5.01
      vertex -23.8706 11.6935 5.01
      vertex -23.2795 11.1964 5.01
    endloop
  endfacet
  facet normal -0 -0 1
    outer loop
      vertex -24.006 12.3526 5.01
      vertex -22.1417 12.3348 5.01
      vertex -24.0151 12.6348 5.01
    endloop
  endfacet
  facet normal -0 -0 1
    outer loop
      vertex -23.7893 11.5362 5.01
      vertex -23.2795 11.1964 5.01
      vertex -23.8706 11.6935 5.01
    endloop
  endfacet
  facet normal 0 -0 1
    outer loop
      vertex -23.9338 11.8819 5.01
      vertex -22.2755 11.9022 5.01
      vertex -23.9789 12.1017 5.01
    endloop
  endfacet
  facet normal 0 -0 1
    outer loop
      vertex -22.9973 11.1881 5.01
      vertex -22.5708 11.3929 5.01
      vertex -23.1057 11.1822 5.01
    endloop
  endfacet
  facet normal 0 0 1
    outer loop
      vertex -23.2795 11.1964 5.01
      vertex -23.7893 11.5362 5.01
      vertex -23.4348 11.2389 5.01
    endloop
  endfacet
  facet normal 0 0 1
    outer loop
      vertex -23.4348 11.2389 5.01
      vertex -23.6897 11.4088 5.01
      vertex -23.5715 11.3097 5.01
    endloop
  endfacet
  facet normal -0 -0 1
    outer loop
      vertex -23.6897 11.4088 5.01
      vertex -23.4348 11.2389 5.01
      vertex -23.7893 11.5362 5.01
    endloop
  endfacet
  facet normal 0 0 1
    outer loop
      vertex -23.8344 26.152 5.01
      vertex -23.7954 26.3513 5.01
      vertex -23.8174 26.2575 5.01
    endloop
  endfacet
  facet normal 0 0 1
    outer loop
      vertex -23.2674 24.7217 5.01
      vertex -23.8564 25.7654 5.01
      vertex -23.4795 24.8787 5.01
    endloop
  endfacet
  facet normal -0 0 1
    outer loop
      vertex -23.854 25.906 5.01
      vertex -23.0115 24.5921 5.01
      vertex -23.8466 26.0349 5.01
    endloop
  endfacet
  facet normal -0 -0 1
    outer loop
      vertex -23.8328 25.5049 5.01
      vertex -23.4795 24.8787 5.01
      vertex -23.8564 25.7654 5.01
    endloop
  endfacet
  facet normal 0 0 1
    outer loop
      vertex -23.4795 24.8787 5.01
      vertex -23.8328 25.5049 5.01
      vertex -23.6444 25.0616 5.01
    endloop
  endfacet
  facet normal 0 0 1
    outer loop
      vertex -23.6444 25.0616 5.01
      vertex -23.8328 25.5049 5.01
      vertex -23.7622 25.2703 5.01
    endloop
  endfacet
  facet normal 0 0 1
    outer loop
      vertex -23.8344 5.80299 5.01
      vertex -23.7954 6.00223 5.01
      vertex -23.8174 5.90846 5.01
    endloop
  endfacet
  facet normal 0 0 1
    outer loop
      vertex -23.2674 4.3727 5.01
      vertex -23.8564 5.41634 5.01
      vertex -23.4795 4.52966 5.01
    endloop
  endfacet
  facet normal -0 0 1
    outer loop
      vertex -23.854 5.55693 5.01
      vertex -23.0115 4.24306 5.01
      vertex -23.8466 5.68581 5.01
    endloop
  endfacet
  facet normal -0 -0 1
    outer loop
      vertex -23.8328 5.15585 5.01
      vertex -23.4795 4.52966 5.01
      vertex -23.8564 5.41634 5.01
    endloop
  endfacet
  facet normal 0 0 1
    outer loop
      vertex -23.4795 4.52966 5.01
      vertex -23.8328 5.15585 5.01
      vertex -23.6444 4.71251 5.01
    endloop
  endfacet
  facet normal 0 0 1
    outer loop
      vertex -23.6444 4.71251 5.01
      vertex -23.8328 5.15585 5.01
      vertex -23.7622 4.92125 5.01
    endloop
  endfacet
  facet normal 0 0 1
    outer loop
      vertex -19.7125 29.7633 5.01
      vertex -19.441 29.4234 5.01
      vertex -18.9984 29.5496 5.01
    endloop
  endfacet
  facet normal 0 0 1
    outer loop
      vertex -19.7125 29.7633 5.01
      vertex -19.8069 29.3182 5.01
      vertex -19.441 29.4234 5.01
    endloop
  endfacet
  facet normal 0 0 1
    outer loop
      vertex -19.7125 29.7633 5.01
      vertex -20.0962 29.234 5.01
      vertex -19.8069 29.3182 5.01
    endloop
  endfacet
  facet normal 0 0 1
    outer loop
      vertex -20.4326 30.0012 5.01
      vertex -20.0962 29.234 5.01
      vertex -19.7125 29.7633 5.01
    endloop
  endfacet
  facet normal 0 0 1
    outer loop
      vertex -20.0962 29.234 5.01
      vertex -20.4326 30.0012 5.01
      vertex -20.3088 29.1707 5.01
    endloop
  endfacet
  facet normal 0 0 1
    outer loop
      vertex -20.4326 30.0012 5.01
      vertex -20.4448 29.1285 5.01
      vertex -20.3088 29.1707 5.01
    endloop
  endfacet
  facet normal 0 0 1
    outer loop
      vertex -24.7414 31.5026 5.01
      vertex -20.4448 29.1285 5.01
      vertex -20.4326 30.0012 5.01
    endloop
  endfacet
  facet normal 0 0 1
    outer loop
      vertex -20.4448 29.1285 5.01
      vertex -24.7414 31.5026 5.01
      vertex -24.7414 27.676 5.01
    endloop
  endfacet
  facet normal 0 0 1
    outer loop
      vertex -23.3926 3.98811 5.01
      vertex -23.5188 3.96178 5.01
      vertex -23.3926 3.96373 5.01
    endloop
  endfacet
  facet normal 0 0 1
    outer loop
      vertex -23.7105 4.09627 5.01
      vertex -23.5188 3.96178 5.01
      vertex -23.3926 3.98811 5.01
    endloop
  endfacet
  facet normal 0 0 1
    outer loop
      vertex -23.7105 4.09627 5.01
      vertex -23.7168 3.95593 5.01
      vertex -23.5188 3.96178 5.01
    endloop
  endfacet
  facet normal 0 0 1
    outer loop
      vertex -23.9866 3.94617 5.01
      vertex -23.7105 4.09627 5.01
      vertex -23.9854 4.21075 5.01
    endloop
  endfacet
  facet normal 0 0 1
    outer loop
      vertex -23.7105 4.09627 5.01
      vertex -23.9866 3.94617 5.01
      vertex -23.7168 3.95593 5.01
    endloop
  endfacet
  facet normal 0 0 1
    outer loop
      vertex -24.3281 3.93251 5.01
      vertex -23.9854 4.21075 5.01
      vertex -24.2173 4.33159 5.01
    endloop
  endfacet
  facet normal 0 0 1
    outer loop
      vertex -23.9854 4.21075 5.01
      vertex -24.3281 3.93251 5.01
      vertex -23.9866 3.94617 5.01
    endloop
  endfacet
  facet normal 0 0 1
    outer loop
      vertex -24.4062 4.45877 5.01
      vertex -24.3281 3.93251 5.01
      vertex -24.2173 4.33159 5.01
    endloop
  endfacet
  facet normal 0 0 1
    outer loop
      vertex -24.7414 3.91495 5.01
      vertex -24.4062 4.45877 5.01
      vertex -24.5522 4.59229 5.01
    endloop
  endfacet
  facet normal 0 0 1
    outer loop
      vertex -24.7414 3.91495 5.01
      vertex -24.5522 4.59229 5.01
      vertex -24.6642 4.74025 5.01
    endloop
  endfacet
  facet normal 0 0 1
    outer loop
      vertex -24.4062 4.45877 5.01
      vertex -24.7414 3.91495 5.01
      vertex -24.3281 3.93251 5.01
    endloop
  endfacet
  facet normal 0 0 1
    outer loop
      vertex -24.8136 5.10353 5.01
      vertex -24.7414 3.91495 5.01
      vertex -24.7514 4.91066 5.01
    endloop
  endfacet
  facet normal 0 0 1
    outer loop
      vertex -24.7514 4.91066 5.01
      vertex -24.7414 3.91495 5.01
      vertex -24.6642 4.74025 5.01
    endloop
  endfacet
  facet normal 0 0 1
    outer loop
      vertex -20.0666 -9.72034 5.01
      vertex -18.8641 -8.29581 5.01
      vertex -18.89 -7.94281 5.01
    endloop
  endfacet
  facet normal 0 0 1
    outer loop
      vertex -18.8641 -8.29581 5.01
      vertex -19.7329 -9.6178 5.01
      vertex -18.888 -8.60707 5.01
    endloop
  endfacet
  facet normal 0 0 1
    outer loop
      vertex -19.7984 -6.78935 5.01
      vertex -18.89 -7.94281 5.01
      vertex -18.9676 -7.63083 5.01
    endloop
  endfacet
  facet normal 0 -0 1
    outer loop
      vertex -19.4622 -9.48596 5.01
      vertex -18.888 -8.60707 5.01
      vertex -19.7329 -9.6178 5.01
    endloop
  endfacet
  facet normal 0 0 1
    outer loop
      vertex -19.511 -6.94095 5.01
      vertex -18.9676 -7.63083 5.01
      vertex -19.097 -7.35986 5.01
    endloop
  endfacet
  facet normal 0 0 1
    outer loop
      vertex -18.888 -8.60707 5.01
      vertex -19.4622 -9.48596 5.01
      vertex -18.9598 -8.88173 5.01
    endloop
  endfacet
  facet normal 0 0 1
    outer loop
      vertex -19.511 -6.94095 5.01
      vertex -19.097 -7.35986 5.01
      vertex -19.2782 -7.1299 5.01
    endloop
  endfacet
  facet normal 0 0 1
    outer loop
      vertex -19.0794 -9.11977 5.01
      vertex -19.4622 -9.48596 5.01
      vertex -19.2469 -9.32117 5.01
    endloop
  endfacet
  facet normal 0 0 1
    outer loop
      vertex -19.7984 -6.78935 5.01
      vertex -18.9676 -7.63083 5.01
      vertex -19.511 -6.94095 5.01
    endloop
  endfacet
  facet normal 0 0 1
    outer loop
      vertex -18.9598 -8.88173 5.01
      vertex -19.4622 -9.48596 5.01
      vertex -19.0794 -9.11977 5.01
    endloop
  endfacet
  facet normal 0 0 1
    outer loop
      vertex -18.89 -7.94281 5.01
      vertex -19.7984 -6.78935 5.01
      vertex -20.0666 -9.72034 5.01
    endloop
  endfacet
  facet normal 0 0 1
    outer loop
      vertex -18.8641 -8.29581 5.01
      vertex -20.0666 -9.72034 5.01
      vertex -19.7329 -9.6178 5.01
    endloop
  endfacet
  facet normal 0 0 1
    outer loop
      vertex -20.1428 -6.67143 5.01
      vertex -20.0666 -9.72034 5.01
      vertex -19.7984 -6.78935 5.01
    endloop
  endfacet
  facet normal 0 0 1
    outer loop
      vertex -20.1428 -6.67143 5.01
      vertex -20.4633 -9.79358 5.01
      vertex -20.0666 -9.72034 5.01
    endloop
  endfacet
  facet normal 0 0 1
    outer loop
      vertex -20.5444 -6.58722 5.01
      vertex -20.4633 -9.79358 5.01
      vertex -20.1428 -6.67143 5.01
    endloop
  endfacet
  facet normal 0 0 1
    outer loop
      vertex -20.5444 -6.58722 5.01
      vertex -20.923 -9.83752 5.01
      vertex -20.4633 -9.79358 5.01
    endloop
  endfacet
  facet normal 0 0 1
    outer loop
      vertex -21.0031 -6.53668 5.01
      vertex -20.923 -9.83752 5.01
      vertex -20.5444 -6.58722 5.01
    endloop
  endfacet
  facet normal 0 0 1
    outer loop
      vertex -21.0031 -6.53668 5.01
      vertex -21.4457 -9.85217 5.01
      vertex -20.923 -9.83752 5.01
    endloop
  endfacet
  facet normal 0 0 1
    outer loop
      vertex -21.5189 -6.51984 5.01
      vertex -21.4457 -9.85217 5.01
      vertex -21.0031 -6.53668 5.01
    endloop
  endfacet
  facet normal 0 0 1
    outer loop
      vertex -21.5189 -6.51984 5.01
      vertex -21.9668 -9.8374 5.01
      vertex -21.4457 -9.85217 5.01
    endloop
  endfacet
  facet normal -0 0 1
    outer loop
      vertex -22.0157 -6.53668 5.01
      vertex -21.9668 -9.8374 5.01
      vertex -21.5189 -6.51984 5.01
    endloop
  endfacet
  facet normal 0 0 1
    outer loop
      vertex -22.0157 -6.53668 5.01
      vertex -22.4266 -9.79309 5.01
      vertex -21.9668 -9.8374 5.01
    endloop
  endfacet
  facet normal -0 0 1
    outer loop
      vertex -22.4564 -6.58722 5.01
      vertex -22.4266 -9.79309 5.01
      vertex -22.0157 -6.53668 5.01
    endloop
  endfacet
  facet normal -0 0 1
    outer loop
      vertex -22.8409 -6.67143 5.01
      vertex -22.4266 -9.79309 5.01
      vertex -22.4564 -6.58722 5.01
    endloop
  endfacet
  facet normal 0 0 1
    outer loop
      vertex -22.4266 -9.79309 5.01
      vertex -22.8409 -6.67143 5.01
      vertex -22.8251 -9.71924 5.01
    endloop
  endfacet
  facet normal -0 0 1
    outer loop
      vertex -23.1692 -6.78935 5.01
      vertex -22.8251 -9.71924 5.01
      vertex -22.8409 -6.67143 5.01
    endloop
  endfacet
  facet normal -0 0 1
    outer loop
      vertex -24.0273 -7.93503 5.01
      vertex -22.8251 -9.71924 5.01
      vertex -23.1692 -6.78935 5.01
    endloop
  endfacet
  facet normal -0 0 1
    outer loop
      vertex -24.0517 -8.28366 5.01
      vertex -22.8251 -9.71924 5.01
      vertex -24.0273 -7.93503 5.01
    endloop
  endfacet
  facet normal 0 0 1
    outer loop
      vertex -23.9541 -7.62645 5.01
      vertex -23.1692 -6.78935 5.01
      vertex -23.4414 -6.94095 5.01
    endloop
  endfacet
  facet normal -0 -0 1
    outer loop
      vertex -24.0272 -8.59721 5.01
      vertex -23.1624 -9.61584 5.01
      vertex -24.0517 -8.28366 5.01
    endloop
  endfacet
  facet normal 0 0 1
    outer loop
      vertex -23.9541 -7.62645 5.01
      vertex -23.4414 -6.94095 5.01
      vertex -23.6611 -7.12941 5.01
    endloop
  endfacet
  facet normal 0 0 1
    outer loop
      vertex -23.1624 -9.61584 5.01
      vertex -24.0272 -8.59721 5.01
      vertex -23.4384 -9.48291 5.01
    endloop
  endfacet
  facet normal 0 0 1
    outer loop
      vertex -23.9541 -7.62645 5.01
      vertex -23.6611 -7.12941 5.01
      vertex -23.832 -7.35791 5.01
    endloop
  endfacet
  facet normal -0 -0 1
    outer loop
      vertex -23.9536 -8.87393 5.01
      vertex -23.4384 -9.48291 5.01
      vertex -24.0272 -8.59721 5.01
    endloop
  endfacet
  facet normal 0 0 1
    outer loop
      vertex -23.1692 -6.78935 5.01
      vertex -23.9541 -7.62645 5.01
      vertex -24.0273 -7.93503 5.01
    endloop
  endfacet
  facet normal 0 0 1
    outer loop
      vertex -22.8251 -9.71924 5.01
      vertex -24.0517 -8.28366 5.01
      vertex -23.1624 -9.61584 5.01
    endloop
  endfacet
  facet normal 0 0 1
    outer loop
      vertex -23.4384 -9.48291 5.01
      vertex -23.9536 -8.87393 5.01
      vertex -23.6592 -9.31677 5.01
    endloop
  endfacet
  facet normal 0 0 1
    outer loop
      vertex -23.6592 -9.31677 5.01
      vertex -23.9536 -8.87393 5.01
      vertex -23.8309 -9.11377 5.01
    endloop
  endfacet
  facet normal 0 0 1
    outer loop
      vertex -20.0842 37.6854 5.01
      vertex -18.8275 36.001 5.01
      vertex -18.8529 36.3739 5.01
    endloop
  endfacet
  facet normal 0 0 1
    outer loop
      vertex -19.7446 37.5666 5.01
      vertex -18.8529 36.3739 5.01
      vertex -18.929 36.7017 5.01
    endloop
  endfacet
  facet normal 0 0 1
    outer loop
      vertex -18.8275 36.001 5.01
      vertex -20.0842 37.6854 5.01
      vertex -20.1125 34.396 5.01
    endloop
  endfacet
  facet normal 0 0 1
    outer loop
      vertex -19.4622 37.4139 5.01
      vertex -18.929 36.7017 5.01
      vertex -19.056 36.9843 5.01
    endloop
  endfacet
  facet normal 0 0 1
    outer loop
      vertex -18.8529 36.3739 5.01
      vertex -19.7446 37.5666 5.01
      vertex -20.0842 37.6854 5.01
    endloop
  endfacet
  facet normal 0 0 1
    outer loop
      vertex -19.4622 37.4139 5.01
      vertex -19.056 36.9843 5.01
      vertex -19.2337 37.2217 5.01
    endloop
  endfacet
  facet normal 0 -0 1
    outer loop
      vertex -19.4836 34.6675 5.01
      vertex -18.8537 35.6567 5.01
      vertex -19.772 34.5148 5.01
    endloop
  endfacet
  facet normal 0 0 1
    outer loop
      vertex -18.929 36.7017 5.01
      vertex -19.4622 37.4139 5.01
      vertex -19.7446 37.5666 5.01
    endloop
  endfacet
  facet normal 0 0 1
    outer loop
      vertex -19.0637 35.0845 5.01
      vertex -19.4836 34.6675 5.01
      vertex -19.2474 34.8566 5.01
    endloop
  endfacet
  facet normal 0 0 1
    outer loop
      vertex -18.8537 35.6567 5.01
      vertex -19.4836 34.6675 5.01
      vertex -18.9325 35.3512 5.01
    endloop
  endfacet
  facet normal 0 0 1
    outer loop
      vertex -18.9325 35.3512 5.01
      vertex -19.4836 34.6675 5.01
      vertex -19.0637 35.0845 5.01
    endloop
  endfacet
  facet normal 0 0 1
    outer loop
      vertex -18.8275 36.001 5.01
      vertex -19.772 34.5148 5.01
      vertex -18.8537 35.6567 5.01
    endloop
  endfacet
  facet normal 0 0 1
    outer loop
      vertex -18.8275 36.001 5.01
      vertex -20.1125 34.396 5.01
      vertex -19.772 34.5148 5.01
    endloop
  endfacet
  facet normal 0 0 1
    outer loop
      vertex -20.4809 37.7702 5.01
      vertex -20.1125 34.396 5.01
      vertex -20.0842 37.6854 5.01
    endloop
  endfacet
  facet normal 0 0 1
    outer loop
      vertex -20.4809 37.7702 5.01
      vertex -20.5049 34.3112 5.01
      vertex -20.1125 34.396 5.01
    endloop
  endfacet
  facet normal 0 0 1
    outer loop
      vertex -20.9347 37.8211 5.01
      vertex -20.5049 34.3112 5.01
      vertex -20.4809 37.7702 5.01
    endloop
  endfacet
  facet normal 0 0 1
    outer loop
      vertex -20.9347 37.8211 5.01
      vertex -20.9493 34.2603 5.01
      vertex -20.5049 34.3112 5.01
    endloop
  endfacet
  facet normal 0 0 1
    outer loop
      vertex -21.4457 37.8381 5.01
      vertex -20.9493 34.2603 5.01
      vertex -20.9347 37.8211 5.01
    endloop
  endfacet
  facet normal 0 0 1
    outer loop
      vertex -21.4457 37.8381 5.01
      vertex -21.4457 34.2433 5.01
      vertex -20.9493 34.2603 5.01
    endloop
  endfacet
  facet normal 0 0 1
    outer loop
      vertex -21.4457 37.8381 5.01
      vertex -21.9543 34.2605 5.01
      vertex -21.4457 34.2433 5.01
    endloop
  endfacet
  facet normal -0 0 1
    outer loop
      vertex -21.9626 37.8219 5.01
      vertex -21.9543 34.2605 5.01
      vertex -21.4457 37.8381 5.01
    endloop
  endfacet
  facet normal 0 0 1
    outer loop
      vertex -21.9626 37.8219 5.01
      vertex -22.4061 34.3122 5.01
      vertex -21.9543 34.2605 5.01
    endloop
  endfacet
  facet normal -0 0 1
    outer loop
      vertex -22.4197 37.7732 5.01
      vertex -22.4061 34.3122 5.01
      vertex -21.9626 37.8219 5.01
    endloop
  endfacet
  facet normal 0 0 1
    outer loop
      vertex -22.4197 37.7732 5.01
      vertex -22.8009 34.3982 5.01
      vertex -22.4061 34.3122 5.01
    endloop
  endfacet
  facet normal -0 0 1
    outer loop
      vertex -22.817 37.692 5.01
      vertex -22.8009 34.3982 5.01
      vertex -22.4197 37.7732 5.01
    endloop
  endfacet
  facet normal -0 0 1
    outer loop
      vertex -24.0517 36.0682 5.01
      vertex -22.8009 34.3982 5.01
      vertex -22.817 37.692 5.01
    endloop
  endfacet
  facet normal 0 0 1
    outer loop
      vertex -24.0269 36.4294 5.01
      vertex -22.817 37.692 5.01
      vertex -23.1545 37.5783 5.01
    endloop
  endfacet
  facet normal -0 -0 1
    outer loop
      vertex -24.0264 35.7038 5.01
      vertex -22.8009 34.3982 5.01
      vertex -24.0517 36.0682 5.01
    endloop
  endfacet
  facet normal 0 0 1
    outer loop
      vertex -23.9526 36.7464 5.01
      vertex -23.1545 37.5783 5.01
      vertex -23.4322 37.4322 5.01
    endloop
  endfacet
  facet normal 0 0 1
    outer loop
      vertex -22.8009 34.3982 5.01
      vertex -24.0264 35.7038 5.01
      vertex -23.1389 34.5187 5.01
    endloop
  endfacet
  facet normal 0 0 1
    outer loop
      vertex -23.9526 36.7464 5.01
      vertex -23.4322 37.4322 5.01
      vertex -23.6552 37.2478 5.01
    endloop
  endfacet
  facet normal -0 -0 1
    outer loop
      vertex -23.9506 35.3822 5.01
      vertex -23.1389 34.5187 5.01
      vertex -24.0264 35.7038 5.01
    endloop
  endfacet
  facet normal 0 0 1
    outer loop
      vertex -23.9526 36.7464 5.01
      vertex -23.6552 37.2478 5.01
      vertex -23.8287 37.0192 5.01
    endloop
  endfacet
  facet normal 0 0 1
    outer loop
      vertex -23.1389 34.5187 5.01
      vertex -23.9506 35.3822 5.01
      vertex -23.42 34.6736 5.01
    endloop
  endfacet
  facet normal 0 0 1
    outer loop
      vertex -23.1545 37.5783 5.01
      vertex -23.9526 36.7464 5.01
      vertex -24.0269 36.4294 5.01
    endloop
  endfacet
  facet normal 0 0 1
    outer loop
      vertex -23.42 34.6736 5.01
      vertex -23.9506 35.3822 5.01
      vertex -23.6474 34.8671 5.01
    endloop
  endfacet
  facet normal 0 0 1
    outer loop
      vertex -22.817 37.692 5.01
      vertex -24.0269 36.4294 5.01
      vertex -24.0517 36.0682 5.01
    endloop
  endfacet
  facet normal 0 0 1
    outer loop
      vertex -23.6474 34.8671 5.01
      vertex -23.9506 35.3822 5.01
      vertex -23.8243 35.1033 5.01
    endloop
  endfacet
  facet normal -0 0 1
    outer loop
      vertex -22.4448 20.8178 5.01
      vertex -22.0499 17.3042 5.01
      vertex -22.0499 20.8683 5.01
    endloop
  endfacet
  facet normal 0 0 1
    outer loop
      vertex -22.0499 17.3042 5.01
      vertex -22.4448 20.8178 5.01
      vertex -22.4075 17.336 5.01
    endloop
  endfacet
  facet normal 0 0 1
    outer loop
      vertex -22.4448 20.8178 5.01
      vertex -22.733 17.4023 5.01
      vertex -22.4075 17.336 5.01
    endloop
  endfacet
  facet normal -0 0 1
    outer loop
      vertex -22.7945 20.7394 5.01
      vertex -22.733 17.4023 5.01
      vertex -22.4448 20.8178 5.01
    endloop
  endfacet
  facet normal 0 0 1
    outer loop
      vertex -22.7945 20.7394 5.01
      vertex -23.0265 17.503 5.01
      vertex -22.733 17.4023 5.01
    endloop
  endfacet
  facet normal 0 0 1
    outer loop
      vertex -24.0517 19.0741 5.01
      vertex -22.7945 20.7394 5.01
      vertex -23.099 20.6332 5.01
    endloop
  endfacet
  facet normal 0 0 1
    outer loop
      vertex -22.7945 20.7394 5.01
      vertex -24.0517 19.0741 5.01
      vertex -23.0265 17.503 5.01
    endloop
  endfacet
  facet normal 0 0 1
    outer loop
      vertex -23.9751 19.6717 5.01
      vertex -23.099 20.6332 5.01
      vertex -23.3584 20.4992 5.01
    endloop
  endfacet
  facet normal 0 0 1
    outer loop
      vertex -23.0265 17.503 5.01
      vertex -24.0517 19.0741 5.01
      vertex -23.2881 17.6381 5.01
    endloop
  endfacet
  facet normal 0 0 1
    outer loop
      vertex -23.9751 19.6717 5.01
      vertex -23.3584 20.4992 5.01
      vertex -23.5726 20.3373 5.01
    endloop
  endfacet
  facet normal -0 -0 1
    outer loop
      vertex -24.0303 18.7676 5.01
      vertex -23.2881 17.6381 5.01
      vertex -24.0517 19.0741 5.01
    endloop
  endfacet
  facet normal 0 0 1
    outer loop
      vertex -23.9751 19.6717 5.01
      vertex -23.5726 20.3373 5.01
      vertex -23.7451 20.1462 5.01
    endloop
  endfacet
  facet normal 0 0 1
    outer loop
      vertex -23.2881 17.6381 5.01
      vertex -24.0303 18.7676 5.01
      vertex -23.5176 17.8076 5.01
    endloop
  endfacet
  facet normal 0 0 1
    outer loop
      vertex -23.9751 19.6717 5.01
      vertex -23.7451 20.1462 5.01
      vertex -23.8792 19.9243 5.01
    endloop
  endfacet
  facet normal 0 0 1
    outer loop
      vertex -23.5176 17.8076 5.01
      vertex -24.0303 18.7676 5.01
      vertex -23.7099 18.0077 5.01
    endloop
  endfacet
  facet normal 0 0 1
    outer loop
      vertex -23.099 20.6332 5.01
      vertex -23.9751 19.6717 5.01
      vertex -24.0325 19.3883 5.01
    endloop
  endfacet
  facet normal 0 0 1
    outer loop
      vertex -23.099 20.6332 5.01
      vertex -24.0325 19.3883 5.01
      vertex -24.0517 19.0741 5.01
    endloop
  endfacet
  facet normal -0 -0 1
    outer loop
      vertex -23.9663 18.4877 5.01
      vertex -23.7099 18.0077 5.01
      vertex -24.0303 18.7676 5.01
    endloop
  endfacet
  facet normal 0 0 1
    outer loop
      vertex -23.7099 18.0077 5.01
      vertex -23.9663 18.4877 5.01
      vertex -23.8594 18.2344 5.01
    endloop
  endfacet
  facet normal 0 0 1
    outer loop
      vertex -20.0842 -13.199 5.01
      vertex -18.8275 -14.8834 5.01
      vertex -18.8529 -14.5105 5.01
    endloop
  endfacet
  facet normal 0 0 1
    outer loop
      vertex -19.7446 -13.3178 5.01
      vertex -18.8529 -14.5105 5.01
      vertex -18.929 -14.1828 5.01
    endloop
  endfacet
  facet normal 0 0 1
    outer loop
      vertex -18.8275 -14.8834 5.01
      vertex -20.0842 -13.199 5.01
      vertex -20.1125 -16.4884 5.01
    endloop
  endfacet
  facet normal 0 0 1
    outer loop
      vertex -19.4622 -13.4705 5.01
      vertex -18.929 -14.1828 5.01
      vertex -19.056 -13.9002 5.01
    endloop
  endfacet
  facet normal 0 0 1
    outer loop
      vertex -18.8529 -14.5105 5.01
      vertex -19.7446 -13.3178 5.01
      vertex -20.0842 -13.199 5.01
    endloop
  endfacet
  facet normal 0 0 1
    outer loop
      vertex -19.4622 -13.4705 5.01
      vertex -19.056 -13.9002 5.01
      vertex -19.2337 -13.6628 5.01
    endloop
  endfacet
  facet normal 0 -0 1
    outer loop
      vertex -19.4836 -16.2169 5.01
      vertex -18.8537 -15.2278 5.01
      vertex -19.772 -16.3696 5.01
    endloop
  endfacet
  facet normal 0 0 1
    outer loop
      vertex -18.929 -14.1828 5.01
      vertex -19.4622 -13.4705 5.01
      vertex -19.7446 -13.3178 5.01
    endloop
  endfacet
  facet normal 0 0 1
    outer loop
      vertex -19.0637 -15.8 5.01
      vertex -19.4836 -16.2169 5.01
      vertex -19.2474 -16.0279 5.01
    endloop
  endfacet
  facet normal 0 0 1
    outer loop
      vertex -18.8537 -15.2278 5.01
      vertex -19.4836 -16.2169 5.01
      vertex -18.9325 -15.5333 5.01
    endloop
  endfacet
  facet normal 0 0 1
    outer loop
      vertex -18.9325 -15.5333 5.01
      vertex -19.4836 -16.2169 5.01
      vertex -19.0637 -15.8 5.01
    endloop
  endfacet
  facet normal 0 0 1
    outer loop
      vertex -18.8275 -14.8834 5.01
      vertex -19.772 -16.3696 5.01
      vertex -18.8537 -15.2278 5.01
    endloop
  endfacet
  facet normal 0 0 1
    outer loop
      vertex -18.8275 -14.8834 5.01
      vertex -20.1125 -16.4884 5.01
      vertex -19.772 -16.3696 5.01
    endloop
  endfacet
  facet normal 0 0 1
    outer loop
      vertex -20.4809 -13.1142 5.01
      vertex -20.1125 -16.4884 5.01
      vertex -20.0842 -13.199 5.01
    endloop
  endfacet
  facet normal 0 0 1
    outer loop
      vertex -20.4809 -13.1142 5.01
      vertex -20.5049 -16.5732 5.01
      vertex -20.1125 -16.4884 5.01
    endloop
  endfacet
  facet normal 0 0 1
    outer loop
      vertex -20.9347 -13.0633 5.01
      vertex -20.5049 -16.5732 5.01
      vertex -20.4809 -13.1142 5.01
    endloop
  endfacet
  facet normal 0 0 1
    outer loop
      vertex -20.9347 -13.0633 5.01
      vertex -20.9493 -16.6241 5.01
      vertex -20.5049 -16.5732 5.01
    endloop
  endfacet
  facet normal 0 0 1
    outer loop
      vertex -21.4457 -13.0463 5.01
      vertex -20.9493 -16.6241 5.01
      vertex -20.9347 -13.0633 5.01
    endloop
  endfacet
  facet normal 0 0 1
    outer loop
      vertex -21.4457 -13.0463 5.01
      vertex -21.4457 -16.6411 5.01
      vertex -20.9493 -16.6241 5.01
    endloop
  endfacet
  facet normal 0 0 1
    outer loop
      vertex -21.4457 -13.0463 5.01
      vertex -21.9543 -16.6239 5.01
      vertex -21.4457 -16.6411 5.01
    endloop
  endfacet
  facet normal -0 0 1
    outer loop
      vertex -21.9626 -13.0626 5.01
      vertex -21.9543 -16.6239 5.01
      vertex -21.4457 -13.0463 5.01
    endloop
  endfacet
  facet normal 0 0 1
    outer loop
      vertex -21.9626 -13.0626 5.01
      vertex -22.4061 -16.5723 5.01
      vertex -21.9543 -16.6239 5.01
    endloop
  endfacet
  facet normal -0 0 1
    outer loop
      vertex -22.4197 -13.1113 5.01
      vertex -22.4061 -16.5723 5.01
      vertex -21.9626 -13.0626 5.01
    endloop
  endfacet
  facet normal 0 0 1
    outer loop
      vertex -22.4197 -13.1113 5.01
      vertex -22.8009 -16.4862 5.01
      vertex -22.4061 -16.5723 5.01
    endloop
  endfacet
  facet normal -0 0 1
    outer loop
      vertex -22.817 -13.1925 5.01
      vertex -22.8009 -16.4862 5.01
      vertex -22.4197 -13.1113 5.01
    endloop
  endfacet
  facet normal -0 0 1
    outer loop
      vertex -24.0517 -14.8163 5.01
      vertex -22.8009 -16.4862 5.01
      vertex -22.817 -13.1925 5.01
    endloop
  endfacet
  facet normal 0 0 1
    outer loop
      vertex -24.0269 -14.4551 5.01
      vertex -22.817 -13.1925 5.01
      vertex -23.1545 -13.3061 5.01
    endloop
  endfacet
  facet normal -0 -0 1
    outer loop
      vertex -24.0264 -15.1806 5.01
      vertex -22.8009 -16.4862 5.01
      vertex -24.0517 -14.8163 5.01
    endloop
  endfacet
  facet normal 0 0 1
    outer loop
      vertex -23.9526 -14.1381 5.01
      vertex -23.1545 -13.3061 5.01
      vertex -23.4322 -13.4522 5.01
    endloop
  endfacet
  facet normal 0 0 1
    outer loop
      vertex -22.8009 -16.4862 5.01
      vertex -24.0264 -15.1806 5.01
      vertex -23.1389 -16.3657 5.01
    endloop
  endfacet
  facet normal 0 0 1
    outer loop
      vertex -23.9526 -14.1381 5.01
      vertex -23.4322 -13.4522 5.01
      vertex -23.6552 -13.6367 5.01
    endloop
  endfacet
  facet normal -0 -0 1
    outer loop
      vertex -23.9506 -15.5022 5.01
      vertex -23.1389 -16.3657 5.01
      vertex -24.0264 -15.1806 5.01
    endloop
  endfacet
  facet normal 0 0 1
    outer loop
      vertex -23.9526 -14.1381 5.01
      vertex -23.6552 -13.6367 5.01
      vertex -23.8287 -13.8653 5.01
    endloop
  endfacet
  facet normal 0 0 1
    outer loop
      vertex -23.1389 -16.3657 5.01
      vertex -23.9506 -15.5022 5.01
      vertex -23.42 -16.2108 5.01
    endloop
  endfacet
  facet normal 0 0 1
    outer loop
      vertex -23.1545 -13.3061 5.01
      vertex -23.9526 -14.1381 5.01
      vertex -24.0269 -14.4551 5.01
    endloop
  endfacet
  facet normal 0 0 1
    outer loop
      vertex -23.42 -16.2108 5.01
      vertex -23.9506 -15.5022 5.01
      vertex -23.6474 -16.0173 5.01
    endloop
  endfacet
  facet normal 0 0 1
    outer loop
      vertex -22.817 -13.1925 5.01
      vertex -24.0269 -14.4551 5.01
      vertex -24.0517 -14.8163 5.01
    endloop
  endfacet
  facet normal 0 0 1
    outer loop
      vertex -23.6474 -16.0173 5.01
      vertex -23.9506 -15.5022 5.01
      vertex -23.8243 -15.7812 5.01
    endloop
  endfacet
  facet normal -0 0 1
    outer loop
      vertex -22.4448 0.46875 5.01
      vertex -22.0499 -3.04488 5.01
      vertex -22.0499 0.519287 5.01
    endloop
  endfacet
  facet normal 0 0 1
    outer loop
      vertex -22.0499 -3.04488 5.01
      vertex -22.4448 0.46875 5.01
      vertex -22.4075 -3.01302 5.01
    endloop
  endfacet
  facet normal 0 0 1
    outer loop
      vertex -22.4448 0.46875 5.01
      vertex -22.733 -2.94675 5.01
      vertex -22.4075 -3.01302 5.01
    endloop
  endfacet
  facet normal -0 0 1
    outer loop
      vertex -22.7945 0.390396 5.01
      vertex -22.733 -2.94675 5.01
      vertex -22.4448 0.46875 5.01
    endloop
  endfacet
  facet normal 0 0 1
    outer loop
      vertex -22.7945 0.390396 5.01
      vertex -23.0265 -2.84605 5.01
      vertex -22.733 -2.94675 5.01
    endloop
  endfacet
  facet normal 0 0 1
    outer loop
      vertex -24.0517 -1.27493 5.01
      vertex -22.7945 0.390396 5.01
      vertex -23.099 0.284195 5.01
    endloop
  endfacet
  facet normal 0 0 1
    outer loop
      vertex -22.7945 0.390396 5.01
      vertex -24.0517 -1.27493 5.01
      vertex -23.0265 -2.84605 5.01
    endloop
  endfacet
  facet normal 0 0 1
    outer loop
      vertex -23.9751 -0.677368 5.01
      vertex -23.099 0.284195 5.01
      vertex -23.3584 0.150162 5.01
    endloop
  endfacet
  facet normal 0 0 1
    outer loop
      vertex -23.0265 -2.84605 5.01
      vertex -24.0517 -1.27493 5.01
      vertex -23.2881 -2.71094 5.01
    endloop
  endfacet
  facet normal 0 0 1
    outer loop
      vertex -23.9751 -0.677368 5.01
      vertex -23.3584 0.150162 5.01
      vertex -23.5726 -0.0117035 5.01
    endloop
  endfacet
  facet normal -0 -0 1
    outer loop
      vertex -24.0303 -1.58145 5.01
      vertex -23.2881 -2.71094 5.01
      vertex -24.0517 -1.27493 5.01
    endloop
  endfacet
  facet normal 0 0 1
    outer loop
      vertex -23.9751 -0.677368 5.01
      vertex -23.5726 -0.0117035 5.01
      vertex -23.7451 -0.202835 5.01
    endloop
  endfacet
  facet normal 0 0 1
    outer loop
      vertex -23.2881 -2.71094 5.01
      vertex -24.0303 -1.58145 5.01
      vertex -23.5176 -2.54141 5.01
    endloop
  endfacet
  facet normal 0 0 1
    outer loop
      vertex -23.9751 -0.677368 5.01
      vertex -23.7451 -0.202835 5.01
      vertex -23.8792 -0.424713 5.01
    endloop
  endfacet
  facet normal 0 0 1
    outer loop
      vertex -23.5176 -2.54141 5.01
      vertex -24.0303 -1.58145 5.01
      vertex -23.7099 -2.34134 5.01
    endloop
  endfacet
  facet normal 0 0 1
    outer loop
      vertex -23.099 0.284195 5.01
      vertex -23.9751 -0.677368 5.01
      vertex -24.0325 -0.96077 5.01
    endloop
  endfacet
  facet normal 0 0 1
    outer loop
      vertex -23.099 0.284195 5.01
      vertex -24.0325 -0.96077 5.01
      vertex -24.0517 -1.27493 5.01
    endloop
  endfacet
  facet normal -0 -0 1
    outer loop
      vertex -23.9663 -1.86136 5.01
      vertex -23.7099 -2.34134 5.01
      vertex -24.0303 -1.58145 5.01
    endloop
  endfacet
  facet normal 0 0 1
    outer loop
      vertex -23.7099 -2.34134 5.01
      vertex -23.9663 -1.86136 5.01
      vertex -23.8594 -2.11465 5.01
    endloop
  endfacet
  facet normal -0 0 1
    outer loop
      vertex -18.2977 -5.39786 3.5
      vertex -18.1378 -6.43442 3.5
      vertex -18.1378 -5.38466 3.5
    endloop
  endfacet
  facet normal 0 0 1
    outer loop
      vertex -18.1378 -6.43442 3.5
      vertex -18.2977 -5.39786 3.5
      vertex -18.1871 -6.44186 3.5
    endloop
  endfacet
  facet normal 0 0 1
    outer loop
      vertex -18.1871 -6.44186 3.5
      vertex -18.2977 -5.39786 3.5
      vertex -18.257 -6.44954 3.5
    endloop
  endfacet
  facet normal 0 0 1
    outer loop
      vertex -18.2977 -5.39786 3.5
      vertex -18.3473 -6.45749 3.5
      vertex -18.257 -6.44954 3.5
    endloop
  endfacet
  facet normal -0 0 1
    outer loop
      vertex -18.5138 -5.40811 3.5
      vertex -18.3473 -6.45749 3.5
      vertex -18.2977 -5.39786 3.5
    endloop
  endfacet
  facet normal 0 0 1
    outer loop
      vertex -18.3473 -6.45749 3.5
      vertex -18.5138 -5.40811 3.5
      vertex -18.4581 -6.46567 3.5
    endloop
  endfacet
  facet normal 0 0 1
    outer loop
      vertex -18.5138 -5.40811 3.5
      vertex -18.5894 -6.47412 3.5
      vertex -18.4581 -6.46567 3.5
    endloop
  endfacet
  facet normal -0 0 1
    outer loop
      vertex -18.786 -5.41544 3.5
      vertex -18.5894 -6.47412 3.5
      vertex -18.5138 -5.40811 3.5
    endloop
  endfacet
  facet normal 0 0 1
    outer loop
      vertex -18.5894 -6.47412 3.5
      vertex -18.786 -5.41544 3.5
      vertex -18.7271 -6.4818 3.5
    endloop
  endfacet
  facet normal 0 0 1
    outer loop
      vertex -18.786 -5.41544 3.5
      vertex -18.857 -6.48776 3.5
      vertex -18.7271 -6.4818 3.5
    endloop
  endfacet
  facet normal 0 0 1
    outer loop
      vertex -18.786 -5.41544 3.5
      vertex -18.979 -6.49203 3.5
      vertex -18.857 -6.48776 3.5
    endloop
  endfacet
  facet normal -0 0 1
    outer loop
      vertex -19.1143 -5.41983 3.5
      vertex -18.979 -6.49203 3.5
      vertex -18.786 -5.41544 3.5
    endloop
  endfacet
  facet normal 0 0 1
    outer loop
      vertex -18.979 -6.49203 3.5
      vertex -19.1143 -5.41983 3.5
      vertex -19.0933 -6.4946 3.5
    endloop
  endfacet
  facet normal 0 0 1
    outer loop
      vertex -19.1143 -5.41983 3.5
      vertex -19.1997 -6.49545 3.5
      vertex -19.0933 -6.4946 3.5
    endloop
  endfacet
  facet normal 0 0 1
    outer loop
      vertex -19.7984 -6.78935 3.5
      vertex -19.1997 -6.51984 3.5
      vertex -19.1997 -6.49545 3.5
    endloop
  endfacet
  facet normal -0 0 1
    outer loop
      vertex -19.4988 -5.4213 3.5
      vertex -19.1997 -6.49545 3.5
      vertex -19.1143 -5.41983 3.5
    endloop
  endfacet
  facet normal 0 0 1
    outer loop
      vertex -20.1428 -6.67143 3.5
      vertex -19.1997 -6.49545 3.5
      vertex -19.4988 -5.4213 3.5
    endloop
  endfacet
  facet normal 0 0 1
    outer loop
      vertex -19.1997 -6.51984 3.5
      vertex -19.511 -6.94095 3.5
      vertex -19.2782 -7.1299 3.5
    endloop
  endfacet
  facet normal 0 0 1
    outer loop
      vertex -19.1997 -6.51984 3.5
      vertex -19.7984 -6.78935 3.5
      vertex -19.511 -6.94095 3.5
    endloop
  endfacet
  facet normal 0 0 1
    outer loop
      vertex -19.1997 -6.49545 3.5
      vertex -20.1428 -6.67143 3.5
      vertex -19.7984 -6.78935 3.5
    endloop
  endfacet
  facet normal 0 0 1
    outer loop
      vertex -19.4988 -5.4213 3.5
      vertex -20.5444 -6.58722 3.5
      vertex -20.1428 -6.67143 3.5
    endloop
  endfacet
  facet normal 0 0 1
    outer loop
      vertex -19.4988 -5.4213 3.5
      vertex -21.0031 -6.53668 3.5
      vertex -20.5444 -6.58722 3.5
    endloop
  endfacet
  facet normal 0 0 1
    outer loop
      vertex -19.4988 -5.4213 3.5
      vertex -21.5189 -6.51984 3.5
      vertex -21.0031 -6.53668 3.5
    endloop
  endfacet
  facet normal 0 0 1
    outer loop
      vertex -19.4988 -5.4213 3.5
      vertex -22.0157 -6.53668 3.5
      vertex -21.5189 -6.51984 3.5
    endloop
  endfacet
  facet normal -0 0 1
    outer loop
      vertex -23.7161 -6.5076 3.5
      vertex -22.0157 -6.53668 3.5
      vertex -19.4988 -5.4213 3.5
    endloop
  endfacet
  facet normal 0 0 1
    outer loop
      vertex -22.0157 -6.53668 3.5
      vertex -23.7161 -6.5076 3.5
      vertex -22.4564 -6.58722 3.5
    endloop
  endfacet
  facet normal 0 0 1
    outer loop
      vertex -22.4564 -6.58722 3.5
      vertex -23.7161 -6.5076 3.5
      vertex -22.8409 -6.67143 3.5
    endloop
  endfacet
  facet normal 0 0 1
    outer loop
      vertex -23.1692 -6.78935 3.5
      vertex -23.7161 -6.51984 3.5
      vertex -23.4414 -6.94095 3.5
    endloop
  endfacet
  facet normal -0 0 1
    outer loop
      vertex -23.7161 -6.51984 3.5
      vertex -23.1692 -6.78935 3.5
      vertex -23.7161 -6.5076 3.5
    endloop
  endfacet
  facet normal 0 0 1
    outer loop
      vertex -22.8409 -6.67143 3.5
      vertex -23.7161 -6.5076 3.5
      vertex -23.1692 -6.78935 3.5
    endloop
  endfacet
  facet normal -0 0 1
    outer loop
      vertex -27.1949 -5.4213 3.5
      vertex -23.7161 -6.5076 3.5
      vertex -19.4988 -5.4213 3.5
    endloop
  endfacet
  facet normal 0 0 1
    outer loop
      vertex -23.7161 -6.5076 3.5
      vertex -27.1949 -5.4213 3.5
      vertex -24.4545 -6.51984 3.5
    endloop
  endfacet
  facet normal 0 0 1
    outer loop
      vertex -24.4545 -6.51984 3.5
      vertex -27.1949 -5.4213 3.5
      vertex -27.1949 -6.51984 3.5
    endloop
  endfacet
  facet normal -0 0 1
    outer loop
      vertex -18.8641 -8.29581 3.5
      vertex -18.0158 -8.5766 3.5
      vertex -18.0268 -8.28842 3.5
    endloop
  endfacet
  facet normal 0 0 1
    outer loop
      vertex -18.8641 -8.29581 3.5
      vertex -18.0268 -8.28842 3.5
      vertex -18.0597 -8.01953 3.5
    endloop
  endfacet
  facet normal -0 0 1
    outer loop
      vertex -18.89 -7.94281 3.5
      vertex -18.0597 -8.01953 3.5
      vertex -18.1146 -7.76993 3.5
    endloop
  endfacet
  facet normal 0 0 1
    outer loop
      vertex -18.0158 -8.5766 3.5
      vertex -18.8641 -8.29581 3.5
      vertex -18.888 -8.60707 3.5
    endloop
  endfacet
  facet normal 0 0 1
    outer loop
      vertex -18.89 -7.94281 3.5
      vertex -18.1146 -7.76993 3.5
      vertex -18.1915 -7.5396 3.5
    endloop
  endfacet
  facet normal 0 0 1
    outer loop
      vertex -18.9676 -7.63083 3.5
      vertex -18.1915 -7.5396 3.5
      vertex -18.2904 -7.32858 3.5
    endloop
  endfacet
  facet normal 0 0 1
    outer loop
      vertex -18.0158 -8.5766 3.5
      vertex -18.888 -8.60707 3.5
      vertex -18.0495 -9.05055 3.5
    endloop
  endfacet
  facet normal 0 0 1
    outer loop
      vertex -18.9676 -7.63083 3.5
      vertex -18.2904 -7.32858 3.5
      vertex -18.4146 -7.13509 3.5
    endloop
  endfacet
  facet normal -0 0 1
    outer loop
      vertex -18.9598 -8.88173 3.5
      vertex -18.0495 -9.05055 3.5
      vertex -18.888 -8.60707 3.5
    endloop
  endfacet
  facet normal 0 0 1
    outer loop
      vertex -19.097 -7.35986 3.5
      vertex -18.4146 -7.13509 3.5
      vertex -18.5677 -6.95747 3.5
    endloop
  endfacet
  facet normal 0 0 1
    outer loop
      vertex -19.097 -7.35986 3.5
      vertex -18.5677 -6.95747 3.5
      vertex -18.7496 -6.79573 3.5
    endloop
  endfacet
  facet normal 0 0 1
    outer loop
      vertex -18.0495 -9.05055 3.5
      vertex -18.9598 -8.88173 3.5
      vertex -18.1505 -9.47154 3.5
    endloop
  endfacet
  facet normal -0 0 1
    outer loop
      vertex -19.0794 -9.11977 3.5
      vertex -18.1505 -9.47154 3.5
      vertex -18.9598 -8.88173 3.5
    endloop
  endfacet
  facet normal 0 0 1
    outer loop
      vertex -18.0597 -8.01953 3.5
      vertex -18.89 -7.94281 3.5
      vertex -18.8641 -8.29581 3.5
    endloop
  endfacet
  facet normal 0 0 1
    outer loop
      vertex -19.2782 -7.1299 3.5
      vertex -18.7496 -6.79573 3.5
      vertex -18.9603 -6.64984 3.5
    endloop
  endfacet
  facet normal 0 0 1
    outer loop
      vertex -18.1915 -7.5396 3.5
      vertex -18.9676 -7.63083 3.5
      vertex -18.89 -7.94281 3.5
    endloop
  endfacet
  facet normal 0 0 1
    outer loop
      vertex -18.4146 -7.13509 3.5
      vertex -19.097 -7.35986 3.5
      vertex -18.9676 -7.63083 3.5
    endloop
  endfacet
  facet normal 0 0 1
    outer loop
      vertex -19.2782 -7.1299 3.5
      vertex -18.9603 -6.64984 3.5
      vertex -19.1997 -6.51984 3.5
    endloop
  endfacet
  facet normal 0 0 1
    outer loop
      vertex -18.7496 -6.79573 3.5
      vertex -19.2782 -7.1299 3.5
      vertex -19.097 -7.35986 3.5
    endloop
  endfacet
  facet normal 0 0 1
    outer loop
      vertex -18.1505 -9.47154 3.5
      vertex -19.0794 -9.11977 3.5
      vertex -18.319 -9.83955 3.5
    endloop
  endfacet
  facet normal -0 0 1
    outer loop
      vertex -19.2469 -9.32117 3.5
      vertex -18.319 -9.83955 3.5
      vertex -19.0794 -9.11977 3.5
    endloop
  endfacet
  facet normal 0 0 1
    outer loop
      vertex -18.319 -9.83955 3.5
      vertex -19.2469 -9.32117 3.5
      vertex -18.5548 -10.1546 3.5
    endloop
  endfacet
  facet normal -0 0 1
    outer loop
      vertex -19.4622 -9.48596 3.5
      vertex -18.5548 -10.1546 3.5
      vertex -19.2469 -9.32117 3.5
    endloop
  endfacet
  facet normal 0 0 1
    outer loop
      vertex -18.5548 -10.1546 3.5
      vertex -19.4622 -9.48596 3.5
      vertex -18.858 -10.4167 3.5
    endloop
  endfacet
  facet normal 0 0 1
    outer loop
      vertex -18.858 -10.4167 3.5
      vertex -19.4622 -9.48596 3.5
      vertex -19.2296 -10.6287 3.5
    endloop
  endfacet
  facet normal -0 0 1
    outer loop
      vertex -19.7329 -9.6178 3.5
      vertex -19.2296 -10.6287 3.5
      vertex -19.4622 -9.48596 3.5
    endloop
  endfacet
  facet normal 0 0 1
    outer loop
      vertex -19.2296 -10.6287 3.5
      vertex -19.7329 -9.6178 3.5
      vertex -19.6704 -10.7936 3.5
    endloop
  endfacet
  facet normal -0 0 1
    outer loop
      vertex -20.0666 -9.72034 3.5
      vertex -19.6704 -10.7936 3.5
      vertex -19.7329 -9.6178 3.5
    endloop
  endfacet
  facet normal 0 0 1
    outer loop
      vertex -20.0666 -9.72034 3.5
      vertex -20.1807 -10.9114 3.5
      vertex -19.6704 -10.7936 3.5
    endloop
  endfacet
  facet normal -0 0 1
    outer loop
      vertex -20.4633 -9.79358 3.5
      vertex -20.1807 -10.9114 3.5
      vertex -20.0666 -9.72034 3.5
    endloop
  endfacet
  facet normal 0 0 1
    outer loop
      vertex -20.4633 -9.79358 3.5
      vertex -20.7602 -10.9821 3.5
      vertex -20.1807 -10.9114 3.5
    endloop
  endfacet
  facet normal -0 0 1
    outer loop
      vertex -20.923 -9.83752 3.5
      vertex -20.7602 -10.9821 3.5
      vertex -20.4633 -9.79358 3.5
    endloop
  endfacet
  facet normal 0 0 1
    outer loop
      vertex -20.923 -9.83752 3.5
      vertex -21.4091 -11.0056 3.5
      vertex -20.7602 -10.9821 3.5
    endloop
  endfacet
  facet normal -0 0 1
    outer loop
      vertex -21.4457 -9.85217 3.5
      vertex -21.4091 -11.0056 3.5
      vertex -20.923 -9.83752 3.5
    endloop
  endfacet
  facet normal 0 0 1
    outer loop
      vertex -21.9668 -9.8374 3.5
      vertex -21.4091 -11.0056 3.5
      vertex -21.4457 -9.85217 3.5
    endloop
  endfacet
  facet normal 0 0 1
    outer loop
      vertex -22.6527 -10.9085 3.5
      vertex -21.9668 -9.8374 3.5
      vertex -22.4266 -9.79309 3.5
    endloop
  endfacet
  facet normal 0 0 1
    outer loop
      vertex -21.9668 -9.8374 3.5
      vertex -22.6527 -10.9085 3.5
      vertex -21.4091 -11.0056 3.5
    endloop
  endfacet
  facet normal 0 0 1
    outer loop
      vertex -22.8251 -9.71924 3.5
      vertex -22.6527 -10.9085 3.5
      vertex -22.4266 -9.79309 3.5
    endloop
  endfacet
  facet normal 0 0 1
    outer loop
      vertex -23.6199 -10.617 3.5
      vertex -22.8251 -9.71924 3.5
      vertex -23.1624 -9.61584 3.5
    endloop
  endfacet
  facet normal 0 0 1
    outer loop
      vertex -23.6199 -10.617 3.5
      vertex -23.1624 -9.61584 3.5
      vertex -23.4384 -9.48291 3.5
    endloop
  endfacet
  facet normal 0 0 1
    outer loop
      vertex -22.8251 -9.71924 3.5
      vertex -23.6199 -10.617 3.5
      vertex -22.6527 -10.9085 3.5
    endloop
  endfacet
  facet normal 0 0 1
    outer loop
      vertex -24.3107 -10.1312 3.5
      vertex -23.4384 -9.48291 3.5
      vertex -23.6592 -9.31677 3.5
    endloop
  endfacet
  facet normal 0 0 1
    outer loop
      vertex -24.3107 -10.1312 3.5
      vertex -23.6592 -9.31677 3.5
      vertex -23.8309 -9.11377 3.5
    endloop
  endfacet
  facet normal 0 0 1
    outer loop
      vertex -24.7253 -9.45105 3.5
      vertex -23.8309 -9.11377 3.5
      vertex -23.9536 -8.87393 3.5
    endloop
  endfacet
  facet normal 0 0 1
    outer loop
      vertex -24.8634 -8.5766 3.5
      vertex -23.9536 -8.87393 3.5
      vertex -24.0272 -8.59721 3.5
    endloop
  endfacet
  facet normal 0 0 1
    outer loop
      vertex -23.4384 -9.48291 3.5
      vertex -24.3107 -10.1312 3.5
      vertex -23.6199 -10.617 3.5
    endloop
  endfacet
  facet normal -0 0 1
    outer loop
      vertex -24.8634 -8.5766 3.5
      vertex -24.0272 -8.59721 3.5
      vertex -24.0517 -8.28366 3.5
    endloop
  endfacet
  facet normal -0 0 1
    outer loop
      vertex -24.5887 -7.32552 3.5
      vertex -23.9541 -7.62645 3.5
      vertex -24.466 -7.13313 3.5
    endloop
  endfacet
  facet normal -0 0 1
    outer loop
      vertex -24.6876 -7.53569 3.5
      vertex -23.9541 -7.62645 3.5
      vertex -24.5887 -7.32552 3.5
    endloop
  endfacet
  facet normal 0 0 1
    outer loop
      vertex -23.9541 -7.62645 3.5
      vertex -24.6876 -7.53569 3.5
      vertex -24.0273 -7.93503 3.5
    endloop
  endfacet
  facet normal -0 0 1
    outer loop
      vertex -24.7645 -7.76588 3.5
      vertex -24.0273 -7.93503 3.5
      vertex -24.6876 -7.53569 3.5
    endloop
  endfacet
  facet normal 0 0 1
    outer loop
      vertex -24.8195 -8.0161 3.5
      vertex -24.0273 -7.93503 3.5
      vertex -24.7645 -7.76588 3.5
    endloop
  endfacet
  facet normal 0 0 1
    outer loop
      vertex -24.0517 -8.28366 3.5
      vertex -24.8524 -8.28635 3.5
      vertex -24.8634 -8.5766 3.5
    endloop
  endfacet
  facet normal 0 0 1
    outer loop
      vertex -24.0273 -7.93503 3.5
      vertex -24.8195 -8.0161 3.5
      vertex -24.0517 -8.28366 3.5
    endloop
  endfacet
  facet normal 0 0 1
    outer loop
      vertex -24.0517 -8.28366 3.5
      vertex -24.8195 -8.0161 3.5
      vertex -24.8524 -8.28635 3.5
    endloop
  endfacet
  facet normal 0 0 1
    outer loop
      vertex -23.9536 -8.87393 3.5
      vertex -24.8634 -8.5766 3.5
      vertex -24.7253 -9.45105 3.5
    endloop
  endfacet
  facet normal 0 0 1
    outer loop
      vertex -23.8309 -9.11377 3.5
      vertex -24.7253 -9.45105 3.5
      vertex -24.3107 -10.1312 3.5
    endloop
  endfacet
  facet normal -0 0 1
    outer loop
      vertex -23.9424 -6.64972 3.5
      vertex -23.4414 -6.94095 3.5
      vertex -23.7161 -6.51984 3.5
    endloop
  endfacet
  facet normal 0 0 1
    outer loop
      vertex -23.4414 -6.94095 3.5
      vertex -23.9424 -6.64972 3.5
      vertex -23.6611 -7.12941 3.5
    endloop
  endfacet
  facet normal -0 0 1
    outer loop
      vertex -24.1428 -6.79524 3.5
      vertex -23.6611 -7.12941 3.5
      vertex -23.9424 -6.64972 3.5
    endloop
  endfacet
  facet normal 0 0 1
    outer loop
      vertex -23.6611 -7.12941 3.5
      vertex -24.1428 -6.79524 3.5
      vertex -23.832 -7.35791 3.5
    endloop
  endfacet
  facet normal -0 0 1
    outer loop
      vertex -24.3173 -6.95638 3.5
      vertex -23.832 -7.35791 3.5
      vertex -24.1428 -6.79524 3.5
    endloop
  endfacet
  facet normal -0 0 1
    outer loop
      vertex -24.466 -7.13313 3.5
      vertex -23.832 -7.35791 3.5
      vertex -24.3173 -6.95638 3.5
    endloop
  endfacet
  facet normal 0 0 1
    outer loop
      vertex -23.832 -7.35791 3.5
      vertex -24.466 -7.13313 3.5
      vertex -23.9541 -7.62645 3.5
    endloop
  endfacet
  facet normal 0 0 1
    outer loop
      vertex -18.1378 -25.0722 3.5
      vertex -22.3245 -26.1769 3.5
      vertex -18.1378 -26.1769 3.5
    endloop
  endfacet
  facet normal -0 0 1
    outer loop
      vertex -22.5382 -25.0722 3.5
      vertex -22.3245 -26.1769 3.5
      vertex -18.1378 -25.0722 3.5
    endloop
  endfacet
  facet normal 0 0 1
    outer loop
      vertex -22.5382 -25.0722 3.5
      vertex -22.574 -26.182 3.5
      vertex -22.3245 -26.1769 3.5
    endloop
  endfacet
  facet normal 0 0 1
    outer loop
      vertex -22.5382 -25.0722 3.5
      vertex -22.8001 -26.1974 3.5
      vertex -22.574 -26.182 3.5
    endloop
  endfacet
  facet normal -0 0 1
    outer loop
      vertex -23.008 -25.0924 3.5
      vertex -22.8001 -26.1974 3.5
      vertex -22.5382 -25.0722 3.5
    endloop
  endfacet
  facet normal 0 0 1
    outer loop
      vertex -22.8001 -26.1974 3.5
      vertex -23.008 -25.0924 3.5
      vertex -23.0027 -26.223 3.5
    endloop
  endfacet
  facet normal -0 0 1
    outer loop
      vertex -23.4214 -25.1528 3.5
      vertex -23.0027 -26.223 3.5
      vertex -23.008 -25.0924 3.5
    endloop
  endfacet
  facet normal 0 0 1
    outer loop
      vertex -23.0027 -26.223 3.5
      vertex -23.4214 -25.1528 3.5
      vertex -23.1819 -26.2589 3.5
    endloop
  endfacet
  facet normal 0 0 1
    outer loop
      vertex -23.1819 -26.2589 3.5
      vertex -23.4214 -25.1528 3.5
      vertex -23.3376 -26.305 3.5
    endloop
  endfacet
  facet normal -0 0 1
    outer loop
      vertex -23.7785 -25.2535 3.5
      vertex -23.3376 -26.305 3.5
      vertex -23.4214 -25.1528 3.5
    endloop
  endfacet
  facet normal 0 0 1
    outer loop
      vertex -23.3376 -26.305 3.5
      vertex -23.7785 -25.2535 3.5
      vertex -23.4736 -26.3624 3.5
    endloop
  endfacet
  facet normal -0 0 1
    outer loop
      vertex -24.0791 -25.3945 3.5
      vertex -23.4736 -26.3624 3.5
      vertex -23.7785 -25.2535 3.5
    endloop
  endfacet
  facet normal 0 0 1
    outer loop
      vertex -23.4736 -26.3624 3.5
      vertex -24.0791 -25.3945 3.5
      vertex -23.5935 -26.432 3.5
    endloop
  endfacet
  facet normal -0 0 1
    outer loop
      vertex -24.3233 -25.5758 3.5
      vertex -23.5935 -26.432 3.5
      vertex -24.0791 -25.3945 3.5
    endloop
  endfacet
  facet normal 0 0 1
    outer loop
      vertex -23.5935 -26.432 3.5
      vertex -24.3233 -25.5758 3.5
      vertex -23.6972 -26.5138 3.5
    endloop
  endfacet
  facet normal -0 0 1
    outer loop
      vertex -24.5178 -25.8005 3.5
      vertex -23.6972 -26.5138 3.5
      vertex -24.3233 -25.5758 3.5
    endloop
  endfacet
  facet normal 0 0 1
    outer loop
      vertex -23.6972 -26.5138 3.5
      vertex -24.5178 -25.8005 3.5
      vertex -23.7849 -26.6078 3.5
    endloop
  endfacet
  facet normal -0 0 1
    outer loop
      vertex -24.669 -26.0718 3.5
      vertex -23.7849 -26.6078 3.5
      vertex -24.5178 -25.8005 3.5
    endloop
  endfacet
  facet normal 0 0 1
    outer loop
      vertex -23.8564 -26.714 3.5
      vertex -24.777 -26.3897 3.5
      vertex -23.9135 -26.8368 3.5
    endloop
  endfacet
  facet normal -0 0 1
    outer loop
      vertex -24.777 -26.3897 3.5
      vertex -23.8564 -26.714 3.5
      vertex -24.669 -26.0718 3.5
    endloop
  endfacet
  facet normal 0 0 1
    outer loop
      vertex -23.7849 -26.6078 3.5
      vertex -24.669 -26.0718 3.5
      vertex -23.8564 -26.714 3.5
    endloop
  endfacet
  facet normal 0 0 1
    outer loop
      vertex -23.8698 -29.1211 3.5
      vertex -23.4719 -28.789 3.5
      vertex -23.6675 -28.5924 3.5
    endloop
  endfacet
  facet normal 0 0 1
    outer loop
      vertex -24.0952 -28.9555 3.5
      vertex -23.6675 -28.5924 3.5
      vertex -23.8195 -28.3691 3.5
    endloop
  endfacet
  facet normal 0 0 1
    outer loop
      vertex -23.4719 -28.789 3.5
      vertex -23.8698 -29.1211 3.5
      vertex -23.6123 -29.2772 3.5
    endloop
  endfacet
  facet normal 0 0 1
    outer loop
      vertex -24.4501 -28.5957 3.5
      vertex -23.8195 -28.3691 3.5
      vertex -23.9282 -28.1189 3.5
    endloop
  endfacet
  facet normal 0 0 1
    outer loop
      vertex -24.6818 -28.1929 3.5
      vertex -23.9282 -28.1189 3.5
      vertex -23.9933 -27.8418 3.5
    endloop
  endfacet
  facet normal 0 0 1
    outer loop
      vertex -23.6675 -28.5924 3.5
      vertex -24.0952 -28.9555 3.5
      vertex -23.8698 -29.1211 3.5
    endloop
  endfacet
  facet normal -0 0 1
    outer loop
      vertex -24.818 -27.7178 3.5
      vertex -23.9933 -27.8418 3.5
      vertex -24.0151 -27.5379 3.5
    endloop
  endfacet
  facet normal -0 0 1
    outer loop
      vertex -24.8418 -26.7543 3.5
      vertex -23.9135 -26.8368 3.5
      vertex -24.777 -26.3897 3.5
    endloop
  endfacet
  facet normal 0 0 1
    outer loop
      vertex -24.0087 -27.3311 3.5
      vertex -24.8521 -27.4513 3.5
      vertex -24.0151 -27.5379 3.5
    endloop
  endfacet
  facet normal 0 0 1
    outer loop
      vertex -23.9135 -26.8368 3.5
      vertex -24.8418 -26.7543 3.5
      vertex -23.9579 -26.9806 3.5
    endloop
  endfacet
  facet normal 0 -0 1
    outer loop
      vertex -24.818 -27.7178 3.5
      vertex -24.0151 -27.5379 3.5
      vertex -24.8521 -27.4513 3.5
    endloop
  endfacet
  facet normal 0 0 1
    outer loop
      vertex -23.9579 -26.9806 3.5
      vertex -24.8418 -26.7543 3.5
      vertex -23.9897 -27.1453 3.5
    endloop
  endfacet
  facet normal 0 0 1
    outer loop
      vertex -23.9933 -27.8418 3.5
      vertex -24.818 -27.7178 3.5
      vertex -24.7613 -27.965 3.5
    endloop
  endfacet
  facet normal 0 0 1
    outer loop
      vertex -24.8634 -27.1655 3.5
      vertex -23.9897 -27.1453 3.5
      vertex -24.8418 -26.7543 3.5
    endloop
  endfacet
  facet normal 0 0 1
    outer loop
      vertex -23.8195 -28.3691 3.5
      vertex -24.2887 -28.7803 3.5
      vertex -24.0952 -28.9555 3.5
    endloop
  endfacet
  facet normal 0 0 1
    outer loop
      vertex -23.9933 -27.8418 3.5
      vertex -24.7613 -27.965 3.5
      vertex -24.6818 -28.1929 3.5
    endloop
  endfacet
  facet normal 0 0 1
    outer loop
      vertex -23.9897 -27.1453 3.5
      vertex -24.8634 -27.1655 3.5
      vertex -24.0087 -27.3311 3.5
    endloop
  endfacet
  facet normal 0 0 1
    outer loop
      vertex -23.8195 -28.3691 3.5
      vertex -24.4501 -28.5957 3.5
      vertex -24.2887 -28.7803 3.5
    endloop
  endfacet
  facet normal 0 -0 1
    outer loop
      vertex -24.8521 -27.4513 3.5
      vertex -24.0087 -27.3311 3.5
      vertex -24.8634 -27.1655 3.5
    endloop
  endfacet
  facet normal 0 0 1
    outer loop
      vertex -23.9282 -28.1189 3.5
      vertex -24.6818 -28.1929 3.5
      vertex -24.5797 -28.4015 3.5
    endloop
  endfacet
  facet normal 0 0 1
    outer loop
      vertex -23.9282 -28.1189 3.5
      vertex -24.5797 -28.4015 3.5
      vertex -24.4501 -28.5957 3.5
    endloop
  endfacet
  facet normal -0 0 1
    outer loop
      vertex -21.9644 -29.2467 3.5
      vertex -18.1378 -30.3453 3.5
      vertex -18.1378 -29.2467 3.5
    endloop
  endfacet
  facet normal 0 0 1
    outer loop
      vertex -23.3315 -30.3453 3.5
      vertex -21.9644 -29.2467 3.5
      vertex -22.3333 -29.2284 3.5
    endloop
  endfacet
  facet normal 0 0 1
    outer loop
      vertex -23.3315 -30.3453 3.5
      vertex -22.3333 -29.2284 3.5
      vertex -22.6685 -29.1734 3.5
    endloop
  endfacet
  facet normal 0 0 1
    outer loop
      vertex -21.9644 -29.2467 3.5
      vertex -23.3315 -30.3453 3.5
      vertex -18.1378 -30.3453 3.5
    endloop
  endfacet
  facet normal 0 0 1
    outer loop
      vertex -22.97 -29.0819 3.5
      vertex -23.3315 -30.3453 3.5
      vertex -22.6685 -29.1734 3.5
    endloop
  endfacet
  facet normal 0 0 1
    outer loop
      vertex -23.6123 -29.2956 3.5
      vertex -22.97 -29.0819 3.5
      vertex -23.2378 -28.9537 3.5
    endloop
  endfacet
  facet normal 0 0 1
    outer loop
      vertex -23.6123 -29.2772 3.5
      vertex -23.2378 -28.9537 3.5
      vertex -23.4719 -28.789 3.5
    endloop
  endfacet
  facet normal 0 0 1
    outer loop
      vertex -23.2378 -28.9537 3.5
      vertex -23.6123 -29.2772 3.5
      vertex -23.6123 -29.2956 3.5
    endloop
  endfacet
  facet normal 0 0 1
    outer loop
      vertex -22.97 -29.0819 3.5
      vertex -23.6123 -29.2956 3.5
      vertex -23.3315 -30.3453 3.5
    endloop
  endfacet
  facet normal 0 0 1
    outer loop
      vertex -23.6123 -29.2956 3.5
      vertex -23.757 -30.3468 3.5
      vertex -23.3315 -30.3453 3.5
    endloop
  endfacet
  facet normal -0 0 1
    outer loop
      vertex -23.7928 -29.3003 3.5
      vertex -23.757 -30.3468 3.5
      vertex -23.6123 -29.2956 3.5
    endloop
  endfacet
  facet normal -0 0 1
    outer loop
      vertex -23.9487 -29.3048 3.5
      vertex -23.757 -30.3468 3.5
      vertex -23.7928 -29.3003 3.5
    endloop
  endfacet
  facet normal 0 0 1
    outer loop
      vertex -24.1108 -30.3512 3.5
      vertex -23.9487 -29.3048 3.5
      vertex -24.0799 -29.3091 3.5
    endloop
  endfacet
  facet normal 0 0 1
    outer loop
      vertex -23.9487 -29.3048 3.5
      vertex -24.1108 -30.3512 3.5
      vertex -23.757 -30.3468 3.5
    endloop
  endfacet
  facet normal -0 0 1
    outer loop
      vertex -24.1864 -29.3131 3.5
      vertex -24.1108 -30.3512 3.5
      vertex -24.0799 -29.3091 3.5
    endloop
  endfacet
  facet normal -0 0 1
    outer loop
      vertex -24.2683 -29.3169 3.5
      vertex -24.1108 -30.3512 3.5
      vertex -24.1864 -29.3131 3.5
    endloop
  endfacet
  facet normal 0 0 1
    outer loop
      vertex -24.3928 -30.3585 3.5
      vertex -24.2683 -29.3169 3.5
      vertex -24.3363 -29.3204 3.5
    endloop
  endfacet
  facet normal 0 0 1
    outer loop
      vertex -24.2683 -29.3169 3.5
      vertex -24.3928 -30.3585 3.5
      vertex -24.1108 -30.3512 3.5
    endloop
  endfacet
  facet normal -0 0 1
    outer loop
      vertex -24.4012 -29.3237 3.5
      vertex -24.3928 -30.3585 3.5
      vertex -24.3363 -29.3204 3.5
    endloop
  endfacet
  facet normal -0 0 1
    outer loop
      vertex -24.4628 -29.3268 3.5
      vertex -24.3928 -30.3585 3.5
      vertex -24.4012 -29.3237 3.5
    endloop
  endfacet
  facet normal -0 0 1
    outer loop
      vertex -24.5213 -29.3296 3.5
      vertex -24.3928 -30.3585 3.5
      vertex -24.4628 -29.3268 3.5
    endloop
  endfacet
  facet normal -0 0 1
    outer loop
      vertex -24.5766 -29.3322 3.5
      vertex -24.3928 -30.3585 3.5
      vertex -24.5213 -29.3296 3.5
    endloop
  endfacet
  facet normal 0 0 1
    outer loop
      vertex -24.5766 -29.3322 3.5
      vertex -24.603 -30.3687 3.5
      vertex -24.3928 -30.3585 3.5
    endloop
  endfacet
  facet normal -0 0 1
    outer loop
      vertex -24.6261 -29.3346 3.5
      vertex -24.603 -30.3687 3.5
      vertex -24.5766 -29.3322 3.5
    endloop
  endfacet
  facet normal -0 0 1
    outer loop
      vertex -24.6674 -29.3371 3.5
      vertex -24.603 -30.3687 3.5
      vertex -24.6261 -29.3346 3.5
    endloop
  endfacet
  facet normal -0 0 1
    outer loop
      vertex -24.7004 -29.3395 3.5
      vertex -24.603 -30.3687 3.5
      vertex -24.6674 -29.3371 3.5
    endloop
  endfacet
  facet normal -0 0 1
    outer loop
      vertex -24.725 -29.3419 3.5
      vertex -24.603 -30.3687 3.5
      vertex -24.7004 -29.3395 3.5
    endloop
  endfacet
  facet normal -0 0 1
    outer loop
      vertex -24.7414 -29.3443 3.5
      vertex -24.603 -30.3687 3.5
      vertex -24.725 -29.3419 3.5
    endloop
  endfacet
  facet normal 0 0 1
    outer loop
      vertex -24.603 -30.3687 3.5
      vertex -24.7414 -29.3443 3.5
      vertex -24.7414 -30.3819 3.5
    endloop
  endfacet
  facet normal 0 0 1
    outer loop
      vertex -25.785 -31.8044 3.5
      vertex -26.7371 -31.8044 3.5
      vertex -25.785 -37.1629 3.5
    endloop
  endfacet
  facet normal 0 0 1
    outer loop
      vertex -22.0866 -32.1706 3.5
      vertex -23.0264 -32.1706 3.5
      vertex -22.0866 -37.1629 3.5
    endloop
  endfacet
  facet normal 0 0 1
    outer loop
      vertex -19.0899 -37.1629 3.5
      vertex -18.1378 -31.5542 3.5
      vertex -19.0899 -31.5542 3.5
    endloop
  endfacet
  facet normal 0 0 1
    outer loop
      vertex -18.1378 -31.5542 3.5
      vertex -19.0899 -37.1629 3.5
      vertex -18.1378 -38.3286 3.5
    endloop
  endfacet
  facet normal -0 0 1
    outer loop
      vertex -22.0866 -37.1629 3.5
      vertex -18.1378 -38.3286 3.5
      vertex -19.0899 -37.1629 3.5
    endloop
  endfacet
  facet normal 0 0 1
    outer loop
      vertex -23.0264 -37.1629 3.5
      vertex -22.0866 -37.1629 3.5
      vertex -23.0264 -32.1706 3.5
    endloop
  endfacet
  facet normal 0 0 1
    outer loop
      vertex -26.7371 -38.3286 3.5
      vertex -22.0866 -37.1629 3.5
      vertex -23.0264 -37.1629 3.5
    endloop
  endfacet
  facet normal 0 0 1
    outer loop
      vertex -26.7371 -38.3286 3.5
      vertex -23.0264 -37.1629 3.5
      vertex -25.785 -37.1629 3.5
    endloop
  endfacet
  facet normal 0 0 1
    outer loop
      vertex -22.0866 -37.1629 3.5
      vertex -26.7371 -38.3286 3.5
      vertex -18.1378 -38.3286 3.5
    endloop
  endfacet
  facet normal 0 0 1
    outer loop
      vertex -26.7371 -38.3286 3.5
      vertex -25.785 -37.1629 3.5
      vertex -26.7371 -31.8044 3.5
    endloop
  endfacet
  facet normal -0 0 1
    outer loop
      vertex -18.8529 36.3739 3.5
      vertex -18.0158 36.0133 3.5
      vertex -18.0497 36.5667 3.5
    endloop
  endfacet
  facet normal -0 0 1
    outer loop
      vertex -18.929 36.7017 3.5
      vertex -18.0497 36.5667 3.5
      vertex -18.1515 37.0649 3.5
    endloop
  endfacet
  facet normal 0 0 1
    outer loop
      vertex -18.0158 36.0133 3.5
      vertex -18.8529 36.3739 3.5
      vertex -18.8275 36.001 3.5
    endloop
  endfacet
  facet normal 0 0 1
    outer loop
      vertex -19.056 36.9843 3.5
      vertex -18.1515 37.0649 3.5
      vertex -18.3212 37.508 3.5
    endloop
  endfacet
  facet normal 0 0 1
    outer loop
      vertex -18.0158 36.0133 3.5
      vertex -18.8537 35.6567 3.5
      vertex -18.0511 35.463 3.5
    endloop
  endfacet
  facet normal 0 0 1
    outer loop
      vertex -19.2337 37.2217 3.5
      vertex -18.3212 37.508 3.5
      vertex -18.5587 37.896 3.5
    endloop
  endfacet
  facet normal 0 0 1
    outer loop
      vertex -18.9325 35.3512 3.5
      vertex -18.0511 35.463 3.5
      vertex -18.8537 35.6567 3.5
    endloop
  endfacet
  facet normal 0 0 1
    outer loop
      vertex -18.0511 35.463 3.5
      vertex -18.9325 35.3512 3.5
      vertex -18.1569 34.9694 3.5
    endloop
  endfacet
  facet normal 0 0 1
    outer loop
      vertex -18.8537 35.6567 3.5
      vertex -18.0158 36.0133 3.5
      vertex -18.8275 36.001 3.5
    endloop
  endfacet
  facet normal 0 0 1
    outer loop
      vertex -19.4622 37.4139 3.5
      vertex -18.5587 37.896 3.5
      vertex -18.8641 38.2287 3.5
    endloop
  endfacet
  facet normal 0 0 1
    outer loop
      vertex -18.0497 36.5667 3.5
      vertex -18.929 36.7017 3.5
      vertex -18.8529 36.3739 3.5
    endloop
  endfacet
  facet normal 0 0 1
    outer loop
      vertex -18.1515 37.0649 3.5
      vertex -19.056 36.9843 3.5
      vertex -18.929 36.7017 3.5
    endloop
  endfacet
  facet normal 0 0 1
    outer loop
      vertex -18.3212 37.508 3.5
      vertex -19.2337 37.2217 3.5
      vertex -19.056 36.9843 3.5
    endloop
  endfacet
  facet normal 0 0 1
    outer loop
      vertex -19.4622 37.4139 3.5
      vertex -18.8641 38.2287 3.5
      vertex -19.2388 38.5034 3.5
    endloop
  endfacet
  facet normal 0 0 1
    outer loop
      vertex -18.5587 37.896 3.5
      vertex -19.4622 37.4139 3.5
      vertex -19.2337 37.2217 3.5
    endloop
  endfacet
  facet normal 0 0 1
    outer loop
      vertex -19.7446 37.5666 3.5
      vertex -19.2388 38.5034 3.5
      vertex -19.6844 38.717 3.5
    endloop
  endfacet
  facet normal 0 0 1
    outer loop
      vertex -19.2388 38.5034 3.5
      vertex -19.7446 37.5666 3.5
      vertex -19.4622 37.4139 3.5
    endloop
  endfacet
  facet normal 0 0 1
    outer loop
      vertex -19.6844 38.717 3.5
      vertex -20.0842 37.6854 3.5
      vertex -19.7446 37.5666 3.5
    endloop
  endfacet
  facet normal 0 0 1
    outer loop
      vertex -20.2007 38.8696 3.5
      vertex -20.0842 37.6854 3.5
      vertex -19.6844 38.717 3.5
    endloop
  endfacet
  facet normal 0 0 1
    outer loop
      vertex -20.2007 38.8696 3.5
      vertex -20.4809 37.7702 3.5
      vertex -20.0842 37.6854 3.5
    endloop
  endfacet
  facet normal 0 0 1
    outer loop
      vertex -20.7878 38.9611 3.5
      vertex -20.4809 37.7702 3.5
      vertex -20.2007 38.8696 3.5
    endloop
  endfacet
  facet normal 0 0 1
    outer loop
      vertex -20.7878 38.9611 3.5
      vertex -20.9347 37.8211 3.5
      vertex -20.4809 37.7702 3.5
    endloop
  endfacet
  facet normal 0 0 1
    outer loop
      vertex -21.4457 38.9916 3.5
      vertex -20.9347 37.8211 3.5
      vertex -20.7878 38.9611 3.5
    endloop
  endfacet
  facet normal 0 0 1
    outer loop
      vertex -21.4457 38.9916 3.5
      vertex -21.4457 37.8381 3.5
      vertex -20.9347 37.8211 3.5
    endloop
  endfacet
  facet normal 0 0 1
    outer loop
      vertex -21.4457 38.9916 3.5
      vertex -21.9626 37.8219 3.5
      vertex -21.4457 37.8381 3.5
    endloop
  endfacet
  facet normal -0 0 1
    outer loop
      vertex -22.1096 38.9631 3.5
      vertex -21.9626 37.8219 3.5
      vertex -21.4457 38.9916 3.5
    endloop
  endfacet
  facet normal 0 0 1
    outer loop
      vertex -22.1096 38.9631 3.5
      vertex -22.4197 37.7732 3.5
      vertex -21.9626 37.8219 3.5
    endloop
  endfacet
  facet normal -0 0 1
    outer loop
      vertex -22.7 38.8774 3.5
      vertex -22.4197 37.7732 3.5
      vertex -22.1096 38.9631 3.5
    endloop
  endfacet
  facet normal 0 0 1
    outer loop
      vertex -22.7 38.8774 3.5
      vertex -22.817 37.692 3.5
      vertex -22.4197 37.7732 3.5
    endloop
  endfacet
  facet normal -0 0 1
    outer loop
      vertex -23.217 38.7345 3.5
      vertex -22.817 37.692 3.5
      vertex -22.7 38.8774 3.5
    endloop
  endfacet
  facet normal 0 0 1
    outer loop
      vertex -22.817 37.692 3.5
      vertex -23.217 38.7345 3.5
      vertex -23.1545 37.5783 3.5
    endloop
  endfacet
  facet normal -0 0 1
    outer loop
      vertex -23.6604 38.5346 3.5
      vertex -23.1545 37.5783 3.5
      vertex -23.217 38.7345 3.5
    endloop
  endfacet
  facet normal 0 0 1
    outer loop
      vertex -23.1545 37.5783 3.5
      vertex -23.6604 38.5346 3.5
      vertex -23.4322 37.4322 3.5
    endloop
  endfacet
  facet normal -0 0 1
    outer loop
      vertex -24.0304 38.2775 3.5
      vertex -23.4322 37.4322 3.5
      vertex -23.6604 38.5346 3.5
    endloop
  endfacet
  facet normal -0 0 1
    outer loop
      vertex -24.3303 37.9599 3.5
      vertex -23.4322 37.4322 3.5
      vertex -24.0304 38.2775 3.5
    endloop
  endfacet
  facet normal 0 0 1
    outer loop
      vertex -23.4322 37.4322 3.5
      vertex -24.3303 37.9599 3.5
      vertex -23.6552 37.2478 3.5
    endloop
  endfacet
  facet normal -0 0 1
    outer loop
      vertex -24.5635 37.5783 3.5
      vertex -23.6552 37.2478 3.5
      vertex -24.3303 37.9599 3.5
    endloop
  endfacet
  facet normal 0 0 1
    outer loop
      vertex -23.6552 37.2478 3.5
      vertex -24.5635 37.5783 3.5
      vertex -23.8287 37.0192 3.5
    endloop
  endfacet
  facet normal -0 0 1
    outer loop
      vertex -24.7301 37.1328 3.5
      vertex -23.8287 37.0192 3.5
      vertex -24.5635 37.5783 3.5
    endloop
  endfacet
  facet normal 0 0 1
    outer loop
      vertex -23.8287 37.0192 3.5
      vertex -24.7301 37.1328 3.5
      vertex -23.9526 36.7464 3.5
    endloop
  endfacet
  facet normal 0 0 1
    outer loop
      vertex -24.8301 36.6233 3.5
      vertex -23.9526 36.7464 3.5
      vertex -24.7301 37.1328 3.5
    endloop
  endfacet
  facet normal 0 0 1
    outer loop
      vertex -23.9526 36.7464 3.5
      vertex -24.8301 36.6233 3.5
      vertex -24.0269 36.4294 3.5
    endloop
  endfacet
  facet normal 0 -0 1
    outer loop
      vertex -24.7267 34.9843 3.5
      vertex -24.0517 36.0682 3.5
      vertex -24.8634 36.0499 3.5
    endloop
  endfacet
  facet normal 0 0 1
    outer loop
      vertex -24.8634 36.0499 3.5
      vertex -24.0269 36.4294 3.5
      vertex -24.8301 36.6233 3.5
    endloop
  endfacet
  facet normal 0 0 1
    outer loop
      vertex -24.0269 36.4294 3.5
      vertex -24.8634 36.0499 3.5
      vertex -24.0517 36.0682 3.5
    endloop
  endfacet
  facet normal 0 0 1
    outer loop
      vertex -24.0517 36.0682 3.5
      vertex -24.7267 34.9843 3.5
      vertex -24.3166 34.1555 3.5
    endloop
  endfacet
  facet normal -0 0 1
    outer loop
      vertex -19.0637 35.0845 3.5
      vertex -18.1569 34.9694 3.5
      vertex -18.9325 35.3512 3.5
    endloop
  endfacet
  facet normal 0 0 1
    outer loop
      vertex -18.1569 34.9694 3.5
      vertex -19.0637 35.0845 3.5
      vertex -18.3333 34.5324 3.5
    endloop
  endfacet
  facet normal -0 0 1
    outer loop
      vertex -19.2474 34.8566 3.5
      vertex -18.3333 34.5324 3.5
      vertex -19.0637 35.0845 3.5
    endloop
  endfacet
  facet normal 0 0 1
    outer loop
      vertex -18.3333 34.5324 3.5
      vertex -19.2474 34.8566 3.5
      vertex -18.5802 34.1521 3.5
    endloop
  endfacet
  facet normal -0 0 1
    outer loop
      vertex -19.4836 34.6675 3.5
      vertex -18.5802 34.1521 3.5
      vertex -19.2474 34.8566 3.5
    endloop
  endfacet
  facet normal 0 0 1
    outer loop
      vertex -18.5802 34.1521 3.5
      vertex -19.4836 34.6675 3.5
      vertex -18.8977 33.8283 3.5
    endloop
  endfacet
  facet normal 0 0 1
    outer loop
      vertex -18.8977 33.8283 3.5
      vertex -19.4836 34.6675 3.5
      vertex -19.2818 33.5625 3.5
    endloop
  endfacet
  facet normal -0 0 1
    outer loop
      vertex -19.772 34.5148 3.5
      vertex -19.2818 33.5625 3.5
      vertex -19.4836 34.6675 3.5
    endloop
  endfacet
  facet normal 0 0 1
    outer loop
      vertex -19.2818 33.5625 3.5
      vertex -19.772 34.5148 3.5
      vertex -19.7287 33.3557 3.5
    endloop
  endfacet
  facet normal -0 0 1
    outer loop
      vertex -20.1125 34.396 3.5
      vertex -19.7287 33.3557 3.5
      vertex -19.772 34.5148 3.5
    endloop
  endfacet
  facet normal 0 0 1
    outer loop
      vertex -20.1125 34.396 3.5
      vertex -20.2383 33.208 3.5
      vertex -19.7287 33.3557 3.5
    endloop
  endfacet
  facet normal -0 0 1
    outer loop
      vertex -20.5049 34.3112 3.5
      vertex -20.2383 33.208 3.5
      vertex -20.1125 34.396 3.5
    endloop
  endfacet
  facet normal 0 0 1
    outer loop
      vertex -20.5049 34.3112 3.5
      vertex -20.8106 33.1194 3.5
      vertex -20.2383 33.208 3.5
    endloop
  endfacet
  facet normal -0 0 1
    outer loop
      vertex -20.9493 34.2603 3.5
      vertex -20.8106 33.1194 3.5
      vertex -20.5049 34.3112 3.5
    endloop
  endfacet
  facet normal 0 0 1
    outer loop
      vertex -21.4457 33.0899 3.5
      vertex -20.9493 34.2603 3.5
      vertex -21.4457 34.2433 3.5
    endloop
  endfacet
  facet normal 0 0 1
    outer loop
      vertex -20.9493 34.2603 3.5
      vertex -21.4457 33.0899 3.5
      vertex -20.8106 33.1194 3.5
    endloop
  endfacet
  facet normal 0 0 1
    outer loop
      vertex -21.9543 34.2605 3.5
      vertex -21.4457 33.0899 3.5
      vertex -21.4457 34.2433 3.5
    endloop
  endfacet
  facet normal 0 0 1
    outer loop
      vertex -22.6761 33.2083 3.5
      vertex -21.9543 34.2605 3.5
      vertex -22.4061 34.3122 3.5
    endloop
  endfacet
  facet normal 0 0 1
    outer loop
      vertex -21.9543 34.2605 3.5
      vertex -22.6761 33.2083 3.5
      vertex -21.4457 33.0899 3.5
    endloop
  endfacet
  facet normal 0 0 1
    outer loop
      vertex -22.8009 34.3982 3.5
      vertex -22.6761 33.2083 3.5
      vertex -22.4061 34.3122 3.5
    endloop
  endfacet
  facet normal 0 0 1
    outer loop
      vertex -23.633 33.5635 3.5
      vertex -22.8009 34.3982 3.5
      vertex -23.1389 34.5187 3.5
    endloop
  endfacet
  facet normal 0 0 1
    outer loop
      vertex -23.633 33.5635 3.5
      vertex -23.1389 34.5187 3.5
      vertex -23.42 34.6736 3.5
    endloop
  endfacet
  facet normal 0 0 1
    outer loop
      vertex -22.8009 34.3982 3.5
      vertex -23.633 33.5635 3.5
      vertex -22.6761 33.2083 3.5
    endloop
  endfacet
  facet normal 0 0 1
    outer loop
      vertex -24.3166 34.1555 3.5
      vertex -23.42 34.6736 3.5
      vertex -23.6474 34.8671 3.5
    endloop
  endfacet
  facet normal 0 0 1
    outer loop
      vertex -24.3166 34.1555 3.5
      vertex -23.6474 34.8671 3.5
      vertex -23.8243 35.1033 3.5
    endloop
  endfacet
  facet normal 0 0 1
    outer loop
      vertex -24.3166 34.1555 3.5
      vertex -23.8243 35.1033 3.5
      vertex -23.9506 35.3822 3.5
    endloop
  endfacet
  facet normal 0 0 1
    outer loop
      vertex -24.3166 34.1555 3.5
      vertex -23.9506 35.3822 3.5
      vertex -24.0264 35.7038 3.5
    endloop
  endfacet
  facet normal 0 0 1
    outer loop
      vertex -23.42 34.6736 3.5
      vertex -24.3166 34.1555 3.5
      vertex -23.633 33.5635 3.5
    endloop
  endfacet
  facet normal 0 0 1
    outer loop
      vertex -24.3166 34.1555 3.5
      vertex -24.0264 35.7038 3.5
      vertex -24.0517 36.0682 3.5
    endloop
  endfacet
  facet normal -0 0 1
    outer loop
      vertex -24.8634 25.9057 3.5
      vertex -23.8564 25.7654 3.5
      vertex -23.854 25.906 3.5
    endloop
  endfacet
  facet normal -0 0 1
    outer loop
      vertex -24.861 25.9938 3.5
      vertex -23.854 25.906 3.5
      vertex -23.8466 26.0349 3.5
    endloop
  endfacet
  facet normal 0 0 1
    outer loop
      vertex -23.8564 25.7654 3.5
      vertex -24.2173 24.6806 3.5
      vertex -23.9854 24.5598 3.5
    endloop
  endfacet
  facet normal 0 0 1
    outer loop
      vertex -24.8244 26.2612 3.5
      vertex -23.8466 26.0349 3.5
      vertex -23.8344 26.152 3.5
    endloop
  endfacet
  facet normal 0 0 1
    outer loop
      vertex -24.8024 26.3513 3.5
      vertex -23.8344 26.152 3.5
      vertex -23.8174 26.2575 3.5
    endloop
  endfacet
  facet normal -0 0 1
    outer loop
      vertex -24.8024 26.3513 3.5
      vertex -23.8174 26.2575 3.5
      vertex -23.7954 26.3513 3.5
    endloop
  endfacet
  facet normal 0 0 1
    outer loop
      vertex -23.8564 25.7654 3.5
      vertex -24.4062 24.8078 3.5
      vertex -24.2173 24.6806 3.5
    endloop
  endfacet
  facet normal 0 0 1
    outer loop
      vertex -23.8564 25.7654 3.5
      vertex -24.5522 24.9413 3.5
      vertex -24.4062 24.8078 3.5
    endloop
  endfacet
  facet normal 0 0 1
    outer loop
      vertex -23.8564 25.7654 3.5
      vertex -24.6642 25.0893 3.5
      vertex -24.5522 24.9413 3.5
    endloop
  endfacet
  facet normal 0 0 1
    outer loop
      vertex -23.8564 25.7654 3.5
      vertex -24.7514 25.2597 3.5
      vertex -24.6642 25.0893 3.5
    endloop
  endfacet
  facet normal 0 0 1
    outer loop
      vertex -23.8344 26.152 3.5
      vertex -24.8024 26.3513 3.5
      vertex -24.8244 26.2612 3.5
    endloop
  endfacet
  facet normal 0 0 1
    outer loop
      vertex -23.8466 26.0349 3.5
      vertex -24.8244 26.2612 3.5
      vertex -24.8414 26.1716 3.5
    endloop
  endfacet
  facet normal 0 0 1
    outer loop
      vertex -23.8564 25.7654 3.5
      vertex -24.851 25.6679 3.5
      vertex -24.8136 25.4526 3.5
    endloop
  endfacet
  facet normal 0 0 1
    outer loop
      vertex -23.8466 26.0349 3.5
      vertex -24.8414 26.1716 3.5
      vertex -24.8537 26.0824 3.5
    endloop
  endfacet
  facet normal 0 0 1
    outer loop
      vertex -23.8564 25.7654 3.5
      vertex -24.8136 25.4526 3.5
      vertex -24.7514 25.2597 3.5
    endloop
  endfacet
  facet normal 0 0 1
    outer loop
      vertex -23.8466 26.0349 3.5
      vertex -24.8537 26.0824 3.5
      vertex -24.861 25.9938 3.5
    endloop
  endfacet
  facet normal 0 0 1
    outer loop
      vertex -23.854 25.906 3.5
      vertex -24.861 25.9938 3.5
      vertex -24.8634 25.9057 3.5
    endloop
  endfacet
  facet normal 0 0 1
    outer loop
      vertex -23.8564 25.7654 3.5
      vertex -24.8634 25.9057 3.5
      vertex -24.851 25.6679 3.5
    endloop
  endfacet
  facet normal 0 0 1
    outer loop
      vertex -23.7105 24.4453 3.5
      vertex -23.2674 24.7217 3.5
      vertex -23.4795 24.8787 3.5
    endloop
  endfacet
  facet normal 0 0 1
    outer loop
      vertex -23.9854 24.5598 3.5
      vertex -23.4795 24.8787 3.5
      vertex -23.6444 25.0616 3.5
    endloop
  endfacet
  facet normal 0 0 1
    outer loop
      vertex -23.2674 24.7217 3.5
      vertex -23.7105 24.4453 3.5
      vertex -23.3926 24.3372 3.5
    endloop
  endfacet
  facet normal 0 0 1
    outer loop
      vertex -23.9854 24.5598 3.5
      vertex -23.6444 25.0616 3.5
      vertex -23.7622 25.2703 3.5
    endloop
  endfacet
  facet normal 0 0 1
    outer loop
      vertex -23.9854 24.5598 3.5
      vertex -23.7622 25.2703 3.5
      vertex -23.8328 25.5049 3.5
    endloop
  endfacet
  facet normal 0 0 1
    outer loop
      vertex -23.4795 24.8787 3.5
      vertex -23.9854 24.5598 3.5
      vertex -23.7105 24.4453 3.5
    endloop
  endfacet
  facet normal 0 0 1
    outer loop
      vertex -23.9854 24.5598 3.5
      vertex -23.8328 25.5049 3.5
      vertex -23.8564 25.7654 3.5
    endloop
  endfacet
  facet normal -0 0 1
    outer loop
      vertex -21.58 24.3616 3.5
      vertex -18.1378 23.263 3.5
      vertex -18.1378 24.3616 3.5
    endloop
  endfacet
  facet normal 0 0 1
    outer loop
      vertex -23.2034 23.263 3.5
      vertex -21.58 24.3616 3.5
      vertex -21.999 24.3761 3.5
    endloop
  endfacet
  facet normal 0 0 1
    outer loop
      vertex -23.2034 23.263 3.5
      vertex -21.999 24.3761 3.5
      vertex -22.3773 24.4193 3.5
    endloop
  endfacet
  facet normal 0 0 1
    outer loop
      vertex -23.2034 23.263 3.5
      vertex -22.3773 24.4193 3.5
      vertex -22.7148 24.4913 3.5
    endloop
  endfacet
  facet normal 0 0 1
    outer loop
      vertex -21.58 24.3616 3.5
      vertex -23.2034 23.263 3.5
      vertex -18.1378 23.263 3.5
    endloop
  endfacet
  facet normal 0 0 1
    outer loop
      vertex -23.3926 24.3128 3.5
      vertex -22.7148 24.4913 3.5
      vertex -23.0115 24.5921 3.5
    endloop
  endfacet
  facet normal 0 0 1
    outer loop
      vertex -23.3926 24.3372 3.5
      vertex -23.0115 24.5921 3.5
      vertex -23.2674 24.7217 3.5
    endloop
  endfacet
  facet normal 0 0 1
    outer loop
      vertex -23.0115 24.5921 3.5
      vertex -23.3926 24.3372 3.5
      vertex -23.3926 24.3128 3.5
    endloop
  endfacet
  facet normal 0 0 1
    outer loop
      vertex -22.7148 24.4913 3.5
      vertex -23.3926 24.3128 3.5
      vertex -23.2034 23.263 3.5
    endloop
  endfacet
  facet normal 0 0 1
    outer loop
      vertex -23.3926 24.3128 3.5
      vertex -23.4875 23.2616 3.5
      vertex -23.2034 23.263 3.5
    endloop
  endfacet
  facet normal -0 0 1
    outer loop
      vertex -23.5188 24.3108 3.5
      vertex -23.4875 23.2616 3.5
      vertex -23.3926 24.3128 3.5
    endloop
  endfacet
  facet normal -0 0 1
    outer loop
      vertex -23.7168 24.305 3.5
      vertex -23.4875 23.2616 3.5
      vertex -23.5188 24.3108 3.5
    endloop
  endfacet
  facet normal 0 0 1
    outer loop
      vertex -23.7168 24.305 3.5
      vertex -23.7834 23.2572 3.5
      vertex -23.4875 23.2616 3.5
    endloop
  endfacet
  facet normal -0 0 1
    outer loop
      vertex -23.9866 24.2952 3.5
      vertex -23.7834 23.2572 3.5
      vertex -23.7168 24.305 3.5
    endloop
  endfacet
  facet normal 0 0 1
    outer loop
      vertex -23.9866 24.2952 3.5
      vertex -24.091 23.2499 3.5
      vertex -23.7834 23.2572 3.5
    endloop
  endfacet
  facet normal -0 0 1
    outer loop
      vertex -24.3281 24.2816 3.5
      vertex -24.091 23.2499 3.5
      vertex -23.9866 24.2952 3.5
    endloop
  endfacet
  facet normal 0 0 1
    outer loop
      vertex -24.3281 24.2816 3.5
      vertex -24.4103 23.2396 3.5
      vertex -24.091 23.2499 3.5
    endloop
  endfacet
  facet normal -0 0 1
    outer loop
      vertex -24.7414 24.264 3.5
      vertex -24.4103 23.2396 3.5
      vertex -24.3281 24.2816 3.5
    endloop
  endfacet
  facet normal 0 0 1
    outer loop
      vertex -24.4103 23.2396 3.5
      vertex -24.7414 24.264 3.5
      vertex -24.7414 23.2265 3.5
    endloop
  endfacet
  facet normal -0 0 1
    outer loop
      vertex -23.2449 -18.6278 3.5
      vertex -22.8067 -19.6687 3.5
      vertex -22.8922 -18.5396 3.5
    endloop
  endfacet
  facet normal 0 0 1
    outer loop
      vertex -22.8067 -19.6687 3.5
      vertex -23.2449 -18.6278 3.5
      vertex -23.0174 -19.7133 3.5
    endloop
  endfacet
  facet normal -0 0 1
    outer loop
      vertex -23.5659 -18.7559 3.5
      vertex -23.0174 -19.7133 3.5
      vertex -23.2449 -18.6278 3.5
    endloop
  endfacet
  facet normal 0 0 1
    outer loop
      vertex -23.0174 -19.7133 3.5
      vertex -23.5659 -18.7559 3.5
      vertex -23.21 -19.779 3.5
    endloop
  endfacet
  facet normal -0 0 1
    outer loop
      vertex -23.8552 -18.9237 3.5
      vertex -23.21 -19.779 3.5
      vertex -23.5659 -18.7559 3.5
    endloop
  endfacet
  facet normal 0 0 1
    outer loop
      vertex -23.21 -19.779 3.5
      vertex -23.8552 -18.9237 3.5
      vertex -23.3846 -19.8657 3.5
    endloop
  endfacet
  facet normal -0 0 1
    outer loop
      vertex -24.1127 -19.1313 3.5
      vertex -23.3846 -19.8657 3.5
      vertex -23.8552 -18.9237 3.5
    endloop
  endfacet
  facet normal 0 0 1
    outer loop
      vertex -23.3846 -19.8657 3.5
      vertex -24.1127 -19.1313 3.5
      vertex -23.541 -19.9733 3.5
    endloop
  endfacet
  facet normal -0 0 1
    outer loop
      vertex -24.3385 -19.3788 3.5
      vertex -23.541 -19.9733 3.5
      vertex -24.1127 -19.1313 3.5
    endloop
  endfacet
  facet normal 0 0 1
    outer loop
      vertex -23.541 -19.9733 3.5
      vertex -24.3385 -19.3788 3.5
      vertex -23.6795 -20.102 3.5
    endloop
  endfacet
  facet normal -0 0 1
    outer loop
      vertex -24.5275 -19.6599 3.5
      vertex -23.6795 -20.102 3.5
      vertex -24.3385 -19.3788 3.5
    endloop
  endfacet
  facet normal 0 0 1
    outer loop
      vertex -23.6795 -20.102 3.5
      vertex -24.5275 -19.6599 3.5
      vertex -23.7959 -20.2529 3.5
    endloop
  endfacet
  facet normal 0 0 1
    outer loop
      vertex -23.7959 -20.2529 3.5
      vertex -24.6745 -19.9686 3.5
      vertex -23.8865 -20.4272 3.5
    endloop
  endfacet
  facet normal -0 0 1
    outer loop
      vertex -24.6745 -19.9686 3.5
      vertex -23.7959 -20.2529 3.5
      vertex -24.5275 -19.6599 3.5
    endloop
  endfacet
  facet normal 0 0 1
    outer loop
      vertex -18.0158 -21.048 3.5
      vertex -18.8951 -20.8518 3.5
      vertex -18.8824 -21.0785 3.5
    endloop
  endfacet
  facet normal 0 0 1
    outer loop
      vertex -18.5833 -19.3147 3.5
      vertex -18.9332 -20.6405 3.5
      vertex -18.8951 -20.8518 3.5
    endloop
  endfacet
  facet normal 0 0 1
    outer loop
      vertex -18.5833 -19.3147 3.5
      vertex -18.9966 -20.4446 3.5
      vertex -18.9332 -20.6405 3.5
    endloop
  endfacet
  facet normal 0 0 1
    outer loop
      vertex -18.5833 -19.3147 3.5
      vertex -19.0855 -20.2641 3.5
      vertex -18.9966 -20.4446 3.5
    endloop
  endfacet
  facet normal 0 0 1
    outer loop
      vertex -19.5083 -19.8324 3.5
      vertex -18.8257 -19.0635 3.5
      vertex -19.0989 -18.8567 3.5
    endloop
  endfacet
  facet normal 0 0 1
    outer loop
      vertex -18.5833 -19.3147 3.5
      vertex -19.1997 -20.0989 3.5
      vertex -19.0855 -20.2641 3.5
    endloop
  endfacet
  facet normal 0 0 1
    outer loop
      vertex -18.5833 -19.3147 3.5
      vertex -19.3404 -19.9536 3.5
      vertex -19.1997 -20.0989 3.5
    endloop
  endfacet
  facet normal 0 0 1
    outer loop
      vertex -19.7036 -19.7353 3.5
      vertex -19.0989 -18.8567 3.5
      vertex -19.4029 -18.6944 3.5
    endloop
  endfacet
  facet normal 0 0 1
    outer loop
      vertex -18.8257 -19.0635 3.5
      vertex -19.5083 -19.8324 3.5
      vertex -19.3404 -19.9536 3.5
    endloop
  endfacet
  facet normal 0 0 1
    outer loop
      vertex -19.0989 -18.8567 3.5
      vertex -19.7036 -19.7353 3.5
      vertex -19.5083 -19.8324 3.5
    endloop
  endfacet
  facet normal 0 0 1
    outer loop
      vertex -19.9263 -19.6624 3.5
      vertex -19.4029 -18.6944 3.5
      vertex -19.7376 -18.5765 3.5
    endloop
  endfacet
  facet normal 0 0 1
    outer loop
      vertex -19.4029 -18.6944 3.5
      vertex -19.9263 -19.6624 3.5
      vertex -19.7036 -19.7353 3.5
    endloop
  endfacet
  facet normal 0 0 1
    outer loop
      vertex -20.1762 -19.6138 3.5
      vertex -19.7376 -18.5765 3.5
      vertex -20.1031 -18.503 3.5
    endloop
  endfacet
  facet normal 0 0 1
    outer loop
      vertex -19.7376 -18.5765 3.5
      vertex -20.1762 -19.6138 3.5
      vertex -19.9263 -19.6624 3.5
    endloop
  endfacet
  facet normal -0 0 1
    outer loop
      vertex -18.8951 -20.8518 3.5
      vertex -18.0158 -21.048 3.5
      vertex -18.0385 -20.6427 3.5
    endloop
  endfacet
  facet normal 0 0 1
    outer loop
      vertex -18.8951 -20.8518 3.5
      vertex -18.0385 -20.6427 3.5
      vertex -18.1066 -20.2668 3.5
    endloop
  endfacet
  facet normal 0 0 1
    outer loop
      vertex -18.9078 -21.3961 3.5
      vertex -18.0158 -21.048 3.5
      vertex -18.8824 -21.0785 3.5
    endloop
  endfacet
  facet normal 0 0 1
    outer loop
      vertex -18.8951 -20.8518 3.5
      vertex -18.1066 -20.2668 3.5
      vertex -18.2201 -19.9201 3.5
    endloop
  endfacet
  facet normal 0 0 1
    outer loop
      vertex -18.0158 -21.048 3.5
      vertex -18.9078 -21.3961 3.5
      vertex -18.0508 -21.5759 3.5
    endloop
  endfacet
  facet normal 0 0 1
    outer loop
      vertex -18.8951 -20.8518 3.5
      vertex -18.2201 -19.9201 3.5
      vertex -18.379 -19.6028 3.5
    endloop
  endfacet
  facet normal 0 0 1
    outer loop
      vertex -18.9839 -21.68 3.5
      vertex -18.0508 -21.5759 3.5
      vertex -18.9078 -21.3961 3.5
    endloop
  endfacet
  facet normal 0 0 1
    outer loop
      vertex -18.8951 -20.8518 3.5
      vertex -18.379 -19.6028 3.5
      vertex -18.5833 -19.3147 3.5
    endloop
  endfacet
  facet normal 0 0 1
    outer loop
      vertex -19.3404 -19.9536 3.5
      vertex -18.5833 -19.3147 3.5
      vertex -18.8257 -19.0635 3.5
    endloop
  endfacet
  facet normal 0 0 1
    outer loop
      vertex -18.0508 -21.5759 3.5
      vertex -18.9839 -21.68 3.5
      vertex -18.1559 -22.0513 3.5
    endloop
  endfacet
  facet normal -0 0 1
    outer loop
      vertex -19.1109 -21.9303 3.5
      vertex -18.1559 -22.0513 3.5
      vertex -18.9839 -21.68 3.5
    endloop
  endfacet
  facet normal 0 0 1
    outer loop
      vertex -18.1559 -22.0513 3.5
      vertex -19.1109 -21.9303 3.5
      vertex -18.3311 -22.4743 3.5
    endloop
  endfacet
  facet normal -0 0 1
    outer loop
      vertex -19.2886 -22.1468 3.5
      vertex -18.3311 -22.4743 3.5
      vertex -19.1109 -21.9303 3.5
    endloop
  endfacet
  facet normal 0 0 1
    outer loop
      vertex -18.3311 -22.4743 3.5
      vertex -19.2886 -22.1468 3.5
      vertex -18.5763 -22.8447 3.5
    endloop
  endfacet
  facet normal -0 0 1
    outer loop
      vertex -19.5171 -22.3297 3.5
      vertex -18.5763 -22.8447 3.5
      vertex -19.2886 -22.1468 3.5
    endloop
  endfacet
  facet normal 0 0 1
    outer loop
      vertex -18.5763 -22.8447 3.5
      vertex -19.5171 -22.3297 3.5
      vertex -18.8916 -23.1627 3.5
    endloop
  endfacet
  facet normal 0 0 1
    outer loop
      vertex -18.8916 -23.1627 3.5
      vertex -19.5171 -22.3297 3.5
      vertex -19.274 -23.4253 3.5
    endloop
  endfacet
  facet normal -0 0 1
    outer loop
      vertex -19.7983 -22.4791 3.5
      vertex -19.274 -23.4253 3.5
      vertex -19.5171 -22.3297 3.5
    endloop
  endfacet
  facet normal 0 0 1
    outer loop
      vertex -19.274 -23.4253 3.5
      vertex -19.7983 -22.4791 3.5
      vertex -19.7206 -23.6295 3.5
    endloop
  endfacet
  facet normal -0 0 1
    outer loop
      vertex -20.1342 -22.5953 3.5
      vertex -19.7206 -23.6295 3.5
      vertex -19.7983 -22.4791 3.5
    endloop
  endfacet
  facet normal 0 0 1
    outer loop
      vertex -20.1342 -22.5953 3.5
      vertex -20.2314 -23.7753 3.5
      vertex -19.7206 -23.6295 3.5
    endloop
  endfacet
  facet normal -0 0 1
    outer loop
      vertex -20.5249 -22.6783 3.5
      vertex -20.2314 -23.7753 3.5
      vertex -20.1342 -22.5953 3.5
    endloop
  endfacet
  facet normal 0 0 1
    outer loop
      vertex -20.5249 -22.6783 3.5
      vertex -20.8065 -23.8628 3.5
      vertex -20.2314 -23.7753 3.5
    endloop
  endfacet
  facet normal -0 0 1
    outer loop
      vertex -20.9702 -22.7281 3.5
      vertex -20.8065 -23.8628 3.5
      vertex -20.5249 -22.6783 3.5
    endloop
  endfacet
  facet normal 0 0 1
    outer loop
      vertex -20.9702 -22.7281 3.5
      vertex -21.4457 -23.892 3.5
      vertex -20.8065 -23.8628 3.5
    endloop
  endfacet
  facet normal -0 0 1
    outer loop
      vertex -21.4702 -22.7447 3.5
      vertex -21.4457 -23.892 3.5
      vertex -20.9702 -22.7281 3.5
    endloop
  endfacet
  facet normal 0 0 1
    outer loop
      vertex -22.0805 -23.8627 3.5
      vertex -21.4702 -22.7447 3.5
      vertex -21.9877 -22.729 3.5
    endloop
  endfacet
  facet normal 0 0 1
    outer loop
      vertex -21.4702 -22.7447 3.5
      vertex -22.0805 -23.8627 3.5
      vertex -21.4457 -23.892 3.5
    endloop
  endfacet
  facet normal 0 0 1
    outer loop
      vertex -22.4417 -22.6822 3.5
      vertex -22.0805 -23.8627 3.5
      vertex -21.9877 -22.729 3.5
    endloop
  endfacet
  facet normal 0 0 1
    outer loop
      vertex -22.4417 -22.6822 3.5
      vertex -22.6521 -23.7748 3.5
      vertex -22.0805 -23.8627 3.5
    endloop
  endfacet
  facet normal 0 0 1
    outer loop
      vertex -22.8323 -22.6041 3.5
      vertex -22.6521 -23.7748 3.5
      vertex -22.4417 -22.6822 3.5
    endloop
  endfacet
  facet normal 0 0 1
    outer loop
      vertex -23.1605 -23.6284 3.5
      vertex -22.8323 -22.6041 3.5
      vertex -23.1594 -22.4947 3.5
    endloop
  endfacet
  facet normal 0 0 1
    outer loop
      vertex -22.8323 -22.6041 3.5
      vertex -23.1605 -23.6284 3.5
      vertex -22.6521 -23.7748 3.5
    endloop
  endfacet
  facet normal 0 0 1
    outer loop
      vertex -23.9876 -23.1597 3.5
      vertex -23.1594 -22.4947 3.5
      vertex -23.423 -22.3541 3.5
    endloop
  endfacet
  facet normal 0 0 1
    outer loop
      vertex -23.1594 -22.4947 3.5
      vertex -23.6057 -23.4233 3.5
      vertex -23.1605 -23.6284 3.5
    endloop
  endfacet
  facet normal 0 0 1
    outer loop
      vertex -24.3029 -22.8413 3.5
      vertex -23.423 -22.3541 3.5
      vertex -23.6318 -22.1785 3.5
    endloop
  endfacet
  facet normal 0 0 1
    outer loop
      vertex -24.5481 -22.4722 3.5
      vertex -23.6318 -22.1785 3.5
      vertex -23.7942 -21.9644 3.5
    endloop
  endfacet
  facet normal 0 0 1
    outer loop
      vertex -24.7233 -22.0523 3.5
      vertex -23.7942 -21.9644 3.5
      vertex -23.9101 -21.7118 3.5
    endloop
  endfacet
  facet normal -0 0 1
    outer loop
      vertex -24.8284 -21.5816 3.5
      vertex -23.9101 -21.7118 3.5
      vertex -23.9797 -21.4205 3.5
    endloop
  endfacet
  facet normal 0 0 1
    outer loop
      vertex -23.1594 -22.4947 3.5
      vertex -23.9876 -23.1597 3.5
      vertex -23.6057 -23.4233 3.5
    endloop
  endfacet
  facet normal 0 0 1
    outer loop
      vertex -24.8634 -21.0602 3.5
      vertex -23.9797 -21.4205 3.5
      vertex -24.0029 -21.0907 3.5
    endloop
  endfacet
  facet normal -0 0 1
    outer loop
      vertex -24.7794 -20.3048 3.5
      vertex -23.8865 -20.4272 3.5
      vertex -24.6745 -19.9686 3.5
    endloop
  endfacet
  facet normal 0 0 1
    outer loop
      vertex -23.9797 -21.4205 3.5
      vertex -24.8634 -21.0602 3.5
      vertex -24.8284 -21.5816 3.5
    endloop
  endfacet
  facet normal 0 0 1
    outer loop
      vertex -23.8865 -20.4272 3.5
      vertex -24.7794 -20.3048 3.5
      vertex -23.9512 -20.6249 3.5
    endloop
  endfacet
  facet normal 0 0 1
    outer loop
      vertex -24.8424 -20.6687 3.5
      vertex -23.9512 -20.6249 3.5
      vertex -24.7794 -20.3048 3.5
    endloop
  endfacet
  facet normal 0 0 1
    outer loop
      vertex -23.9101 -21.7118 3.5
      vertex -24.8284 -21.5816 3.5
      vertex -24.7233 -22.0523 3.5
    endloop
  endfacet
  facet normal 0 0 1
    outer loop
      vertex -23.9512 -20.6249 3.5
      vertex -24.8424 -20.6687 3.5
      vertex -23.99 -20.8461 3.5
    endloop
  endfacet
  facet normal 0 0 1
    outer loop
      vertex -23.7942 -21.9644 3.5
      vertex -24.7233 -22.0523 3.5
      vertex -24.5481 -22.4722 3.5
    endloop
  endfacet
  facet normal 0 0 1
    outer loop
      vertex -24.8634 -21.0602 3.5
      vertex -23.99 -20.8461 3.5
      vertex -24.8424 -20.6687 3.5
    endloop
  endfacet
  facet normal 0 0 1
    outer loop
      vertex -23.6318 -22.1785 3.5
      vertex -24.5481 -22.4722 3.5
      vertex -24.3029 -22.8413 3.5
    endloop
  endfacet
  facet normal 0 0 1
    outer loop
      vertex -23.99 -20.8461 3.5
      vertex -24.8634 -21.0602 3.5
      vertex -24.0029 -21.0907 3.5
    endloop
  endfacet
  facet normal 0 0 1
    outer loop
      vertex -23.423 -22.3541 3.5
      vertex -24.3029 -22.8413 3.5
      vertex -23.9876 -23.1597 3.5
    endloop
  endfacet
  facet normal -0 0 1
    outer loop
      vertex -24.8634 5.55664 3.5
      vertex -23.8564 5.41634 3.5
      vertex -23.854 5.55693 3.5
    endloop
  endfacet
  facet normal -0 0 1
    outer loop
      vertex -24.861 5.64476 3.5
      vertex -23.854 5.55693 3.5
      vertex -23.8466 5.68581 3.5
    endloop
  endfacet
  facet normal 0 0 1
    outer loop
      vertex -23.8564 5.41634 3.5
      vertex -24.2173 4.33159 3.5
      vertex -23.9854 4.21075 3.5
    endloop
  endfacet
  facet normal 0 0 1
    outer loop
      vertex -24.8244 5.91212 3.5
      vertex -23.8466 5.68581 3.5
      vertex -23.8344 5.80299 3.5
    endloop
  endfacet
  facet normal 0 0 1
    outer loop
      vertex -24.8024 6.00223 3.5
      vertex -23.8344 5.80299 3.5
      vertex -23.8174 5.90846 3.5
    endloop
  endfacet
  facet normal -0 0 1
    outer loop
      vertex -24.8024 6.00223 3.5
      vertex -23.8174 5.90846 3.5
      vertex -23.7954 6.00223 3.5
    endloop
  endfacet
  facet normal 0 0 1
    outer loop
      vertex -23.8564 5.41634 3.5
      vertex -24.4062 4.45877 3.5
      vertex -24.2173 4.33159 3.5
    endloop
  endfacet
  facet normal 0 0 1
    outer loop
      vertex -23.8564 5.41634 3.5
      vertex -24.5522 4.59229 3.5
      vertex -24.4062 4.45877 3.5
    endloop
  endfacet
  facet normal 0 0 1
    outer loop
      vertex -23.8564 5.41634 3.5
      vertex -24.6642 4.74025 3.5
      vertex -24.5522 4.59229 3.5
    endloop
  endfacet
  facet normal 0 0 1
    outer loop
      vertex -23.8564 5.41634 3.5
      vertex -24.7514 4.91066 3.5
      vertex -24.6642 4.74025 3.5
    endloop
  endfacet
  facet normal 0 0 1
    outer loop
      vertex -23.8344 5.80299 3.5
      vertex -24.8024 6.00223 3.5
      vertex -24.8244 5.91212 3.5
    endloop
  endfacet
  facet normal 0 0 1
    outer loop
      vertex -23.8466 5.68581 3.5
      vertex -24.8244 5.91212 3.5
      vertex -24.8414 5.82251 3.5
    endloop
  endfacet
  facet normal 0 0 1
    outer loop
      vertex -23.8564 5.41634 3.5
      vertex -24.851 5.31886 3.5
      vertex -24.8136 5.10353 3.5
    endloop
  endfacet
  facet normal 0 0 1
    outer loop
      vertex -23.8466 5.68581 3.5
      vertex -24.8414 5.82251 3.5
      vertex -24.8537 5.73338 3.5
    endloop
  endfacet
  facet normal 0 0 1
    outer loop
      vertex -23.8564 5.41634 3.5
      vertex -24.8136 5.10353 3.5
      vertex -24.7514 4.91066 3.5
    endloop
  endfacet
  facet normal 0 0 1
    outer loop
      vertex -23.8466 5.68581 3.5
      vertex -24.8537 5.73338 3.5
      vertex -24.861 5.64476 3.5
    endloop
  endfacet
  facet normal 0 0 1
    outer loop
      vertex -23.854 5.55693 3.5
      vertex -24.861 5.64476 3.5
      vertex -24.8634 5.55664 3.5
    endloop
  endfacet
  facet normal 0 0 1
    outer loop
      vertex -23.8564 5.41634 3.5
      vertex -24.8634 5.55664 3.5
      vertex -24.851 5.31886 3.5
    endloop
  endfacet
  facet normal 0 0 1
    outer loop
      vertex -23.7105 4.09627 3.5
      vertex -23.2674 4.3727 3.5
      vertex -23.4795 4.52966 3.5
    endloop
  endfacet
  facet normal 0 0 1
    outer loop
      vertex -23.9854 4.21075 3.5
      vertex -23.4795 4.52966 3.5
      vertex -23.6444 4.71251 3.5
    endloop
  endfacet
  facet normal 0 0 1
    outer loop
      vertex -23.2674 4.3727 3.5
      vertex -23.7105 4.09627 3.5
      vertex -23.3926 3.98811 3.5
    endloop
  endfacet
  facet normal 0 0 1
    outer loop
      vertex -23.9854 4.21075 3.5
      vertex -23.6444 4.71251 3.5
      vertex -23.7622 4.92125 3.5
    endloop
  endfacet
  facet normal 0 0 1
    outer loop
      vertex -23.9854 4.21075 3.5
      vertex -23.7622 4.92125 3.5
      vertex -23.8328 5.15585 3.5
    endloop
  endfacet
  facet normal 0 0 1
    outer loop
      vertex -23.4795 4.52966 3.5
      vertex -23.9854 4.21075 3.5
      vertex -23.7105 4.09627 3.5
    endloop
  endfacet
  facet normal 0 0 1
    outer loop
      vertex -23.9854 4.21075 3.5
      vertex -23.8328 5.15585 3.5
      vertex -23.8564 5.41634 3.5
    endloop
  endfacet
  facet normal -0 0 1
    outer loop
      vertex -21.58 4.0126 3.5
      vertex -18.1378 2.91397 3.5
      vertex -18.1378 4.0126 3.5
    endloop
  endfacet
  facet normal 0 0 1
    outer loop
      vertex -23.2034 2.91397 3.5
      vertex -21.58 4.0126 3.5
      vertex -21.999 4.02701 3.5
    endloop
  endfacet
  facet normal 0 0 1
    outer loop
      vertex -23.2034 2.91397 3.5
      vertex -21.999 4.02701 3.5
      vertex -22.3773 4.07022 3.5
    endloop
  endfacet
  facet normal 0 0 1
    outer loop
      vertex -23.2034 2.91397 3.5
      vertex -22.3773 4.07022 3.5
      vertex -22.7148 4.14223 3.5
    endloop
  endfacet
  facet normal 0 0 1
    outer loop
      vertex -21.58 4.0126 3.5
      vertex -23.2034 2.91397 3.5
      vertex -18.1378 2.91397 3.5
    endloop
  endfacet
  facet normal 0 0 1
    outer loop
      vertex -23.3926 3.96373 3.5
      vertex -22.7148 4.14223 3.5
      vertex -23.0115 4.24306 3.5
    endloop
  endfacet
  facet normal 0 0 1
    outer loop
      vertex -23.3926 3.98811 3.5
      vertex -23.0115 4.24306 3.5
      vertex -23.2674 4.3727 3.5
    endloop
  endfacet
  facet normal 0 0 1
    outer loop
      vertex -23.0115 4.24306 3.5
      vertex -23.3926 3.98811 3.5
      vertex -23.3926 3.96373 3.5
    endloop
  endfacet
  facet normal 0 0 1
    outer loop
      vertex -22.7148 4.14223 3.5
      vertex -23.3926 3.96373 3.5
      vertex -23.2034 2.91397 3.5
    endloop
  endfacet
  facet normal 0 0 1
    outer loop
      vertex -23.3926 3.96373 3.5
      vertex -23.4875 2.91251 3.5
      vertex -23.2034 2.91397 3.5
    endloop
  endfacet
  facet normal -0 0 1
    outer loop
      vertex -23.5188 3.96178 3.5
      vertex -23.4875 2.91251 3.5
      vertex -23.3926 3.96373 3.5
    endloop
  endfacet
  facet normal -0 0 1
    outer loop
      vertex -23.7168 3.95593 3.5
      vertex -23.4875 2.91251 3.5
      vertex -23.5188 3.96178 3.5
    endloop
  endfacet
  facet normal 0 0 1
    outer loop
      vertex -23.7168 3.95593 3.5
      vertex -23.7834 2.90813 3.5
      vertex -23.4875 2.91251 3.5
    endloop
  endfacet
  facet normal -0 0 1
    outer loop
      vertex -23.9866 3.94617 3.5
      vertex -23.7834 2.90813 3.5
      vertex -23.7168 3.95593 3.5
    endloop
  endfacet
  facet normal 0 0 1
    outer loop
      vertex -23.9866 3.94617 3.5
      vertex -24.091 2.90082 3.5
      vertex -23.7834 2.90813 3.5
    endloop
  endfacet
  facet normal -0 0 1
    outer loop
      vertex -24.3281 3.93251 3.5
      vertex -24.091 2.90082 3.5
      vertex -23.9866 3.94617 3.5
    endloop
  endfacet
  facet normal 0 0 1
    outer loop
      vertex -24.3281 3.93251 3.5
      vertex -24.4103 2.89058 3.5
      vertex -24.091 2.90082 3.5
    endloop
  endfacet
  facet normal -0 0 1
    outer loop
      vertex -24.7414 3.91495 3.5
      vertex -24.4103 2.89058 3.5
      vertex -24.3281 3.93251 3.5
    endloop
  endfacet
  facet normal 0 0 1
    outer loop
      vertex -24.4103 2.89058 3.5
      vertex -24.7414 3.91495 3.5
      vertex -24.7414 2.87743 3.5
    endloop
  endfacet
  facet normal 0 0 1
    outer loop
      vertex -22.0499 20.8683 3.5
      vertex -21.2077 22.0036 3.5
      vertex -21.3542 22.0036 3.5
    endloop
  endfacet
  facet normal 0 0 1
    outer loop
      vertex -18.0158 19.1351 3.5
      vertex -18.8511 19.4094 3.5
      vertex -18.8396 19.1351 3.5
    endloop
  endfacet
  facet normal 0 0 1
    outer loop
      vertex -18.2658 20.5735 3.5
      vertex -18.8855 19.6609 3.5
      vertex -18.8511 19.4094 3.5
    endloop
  endfacet
  facet normal 0 0 1
    outer loop
      vertex -18.2658 20.5735 3.5
      vertex -18.9429 19.8898 3.5
      vertex -18.8855 19.6609 3.5
    endloop
  endfacet
  facet normal 0 0 1
    outer loop
      vertex -19.3804 20.5792 3.5
      vertex -18.5782 21.1118 3.5
      vertex -19.0157 21.5295 3.5
    endloop
  endfacet
  facet normal 0 0 1
    outer loop
      vertex -18.2658 20.5735 3.5
      vertex -19.0232 20.0959 3.5
      vertex -18.9429 19.8898 3.5
    endloop
  endfacet
  facet normal 0 0 1
    outer loop
      vertex -18.2658 20.5735 3.5
      vertex -19.1265 20.2794 3.5
      vertex -19.0232 20.0959 3.5
    endloop
  endfacet
  facet normal 0 0 1
    outer loop
      vertex -18.5782 21.1118 3.5
      vertex -19.2473 20.4404 3.5
      vertex -19.1265 20.2794 3.5
    endloop
  endfacet
  facet normal 0 0 1
    outer loop
      vertex -18.5782 21.1118 3.5
      vertex -19.3804 20.5792 3.5
      vertex -19.2473 20.4404 3.5
    endloop
  endfacet
  facet normal 0 0 1
    outer loop
      vertex -19.0157 21.5295 3.5
      vertex -19.5257 20.6958 3.5
      vertex -19.3804 20.5792 3.5
    endloop
  endfacet
  facet normal 0 0 1
    outer loop
      vertex -19.6831 20.7901 3.5
      vertex -19.0157 21.5295 3.5
      vertex -19.5782 21.8266 3.5
    endloop
  endfacet
  facet normal 0 0 1
    outer loop
      vertex -19.0157 21.5295 3.5
      vertex -19.6831 20.7901 3.5
      vertex -19.5257 20.6958 3.5
    endloop
  endfacet
  facet normal 0 -0 1
    outer loop
      vertex -19.6831 20.7901 3.5
      vertex -19.5782 21.8266 3.5
      vertex -19.8528 20.8623 3.5
    endloop
  endfacet
  facet normal -0 0 1
    outer loop
      vertex -18.8511 19.4094 3.5
      vertex -18.0158 19.1351 3.5
      vertex -18.0783 19.9146 3.5
    endloop
  endfacet
  facet normal 0 0 1
    outer loop
      vertex -18.8643 18.7911 3.5
      vertex -18.0158 19.1351 3.5
      vertex -18.8396 19.1351 3.5
    endloop
  endfacet
  facet normal 0 0 1
    outer loop
      vertex -18.8511 19.4094 3.5
      vertex -18.0783 19.9146 3.5
      vertex -18.2658 20.5735 3.5
    endloop
  endfacet
  facet normal 0 0 1
    outer loop
      vertex -18.0158 19.1351 3.5
      vertex -18.8643 18.7911 3.5
      vertex -18.0507 18.5772 3.5
    endloop
  endfacet
  facet normal 0 0 1
    outer loop
      vertex -18.9383 18.4818 3.5
      vertex -18.0507 18.5772 3.5
      vertex -18.8643 18.7911 3.5
    endloop
  endfacet
  facet normal 0 0 1
    outer loop
      vertex -19.1265 20.2794 3.5
      vertex -18.2658 20.5735 3.5
      vertex -18.5782 21.1118 3.5
    endloop
  endfacet
  facet normal 0 0 1
    outer loop
      vertex -18.0507 18.5772 3.5
      vertex -18.9383 18.4818 3.5
      vertex -18.1554 18.0751 3.5
    endloop
  endfacet
  facet normal -0 0 1
    outer loop
      vertex -19.0616 18.2071 3.5
      vertex -18.1554 18.0751 3.5
      vertex -18.9383 18.4818 3.5
    endloop
  endfacet
  facet normal 0 0 1
    outer loop
      vertex -18.1554 18.0751 3.5
      vertex -19.0616 18.2071 3.5
      vertex -18.33 17.629 3.5
    endloop
  endfacet
  facet normal -0 0 1
    outer loop
      vertex -19.2341 17.9671 3.5
      vertex -18.33 17.629 3.5
      vertex -19.0616 18.2071 3.5
    endloop
  endfacet
  facet normal 0 0 1
    outer loop
      vertex -18.33 17.629 3.5
      vertex -19.2341 17.9671 3.5
      vertex -18.5743 17.2387 3.5
    endloop
  endfacet
  facet normal -0 0 1
    outer loop
      vertex -19.4561 17.7618 3.5
      vertex -18.5743 17.2387 3.5
      vertex -19.2341 17.9671 3.5
    endloop
  endfacet
  facet normal 0 0 1
    outer loop
      vertex -18.5743 17.2387 3.5
      vertex -19.4561 17.7618 3.5
      vertex -18.8885 16.9044 3.5
    endloop
  endfacet
  facet normal -0 0 1
    outer loop
      vertex -19.7234 17.5927 3.5
      vertex -18.8885 16.9044 3.5
      vertex -19.4561 17.7618 3.5
    endloop
  endfacet
  facet normal 0 0 1
    outer loop
      vertex -18.8885 16.9044 3.5
      vertex -19.7234 17.5927 3.5
      vertex -19.2715 16.6286 3.5
    endloop
  endfacet
  facet normal -0 0 1
    outer loop
      vertex -20.0322 17.4611 3.5
      vertex -19.2715 16.6286 3.5
      vertex -19.7234 17.5927 3.5
    endloop
  endfacet
  facet normal 0 0 1
    outer loop
      vertex -19.2715 16.6286 3.5
      vertex -20.0322 17.4611 3.5
      vertex -19.7224 16.4142 3.5
    endloop
  endfacet
  facet normal -0 0 1
    outer loop
      vertex -20.3826 17.3671 3.5
      vertex -19.7224 16.4142 3.5
      vertex -20.0322 17.4611 3.5
    endloop
  endfacet
  facet normal 0 0 1
    outer loop
      vertex -19.7224 16.4142 3.5
      vertex -20.3826 17.3671 3.5
      vertex -20.2412 16.261 3.5
    endloop
  endfacet
  facet normal -0 0 1
    outer loop
      vertex -20.7744 17.3107 3.5
      vertex -20.2412 16.261 3.5
      vertex -20.3826 17.3671 3.5
    endloop
  endfacet
  facet normal 0 0 1
    outer loop
      vertex -20.7744 17.3107 3.5
      vertex -20.8278 16.1691 3.5
      vertex -20.2412 16.261 3.5
    endloop
  endfacet
  facet normal -0 0 1
    outer loop
      vertex -21.2077 17.2919 3.5
      vertex -20.8278 16.1691 3.5
      vertex -20.7744 17.3107 3.5
    endloop
  endfacet
  facet normal 0 0 1
    outer loop
      vertex -21.2077 17.2919 3.5
      vertex -21.4823 16.1385 3.5
      vertex -20.8278 16.1691 3.5
    endloop
  endfacet
  facet normal 0 0 1
    outer loop
      vertex -21.2077 22.0036 3.5
      vertex -22.0499 20.8683 3.5
      vertex -21.2077 17.2919 3.5
    endloop
  endfacet
  facet normal 0 0 1
    outer loop
      vertex -21.2077 17.2919 3.5
      vertex -22.0499 20.8683 3.5
      vertex -22.0499 17.3042 3.5
    endloop
  endfacet
  facet normal -0 0 1
    outer loop
      vertex -22.6175 21.8871 3.5
      vertex -22.0499 20.8683 3.5
      vertex -21.3542 22.0036 3.5
    endloop
  endfacet
  facet normal 0 0 1
    outer loop
      vertex -22.0499 20.8683 3.5
      vertex -22.6175 21.8871 3.5
      vertex -22.4448 20.8178 3.5
    endloop
  endfacet
  facet normal 0 0 1
    outer loop
      vertex -22.6175 21.8871 3.5
      vertex -22.7945 20.7394 3.5
      vertex -22.4448 20.8178 3.5
    endloop
  endfacet
  facet normal -0 0 1
    outer loop
      vertex -23.6001 21.5378 3.5
      vertex -22.7945 20.7394 3.5
      vertex -22.6175 21.8871 3.5
    endloop
  endfacet
  facet normal 0 0 1
    outer loop
      vertex -22.7945 20.7394 3.5
      vertex -23.6001 21.5378 3.5
      vertex -23.099 20.6332 3.5
    endloop
  endfacet
  facet normal 0 0 1
    outer loop
      vertex -23.099 20.6332 3.5
      vertex -23.6001 21.5378 3.5
      vertex -23.3584 20.4992 3.5
    endloop
  endfacet
  facet normal -0 0 1
    outer loop
      vertex -24.3019 20.9556 3.5
      vertex -23.3584 20.4992 3.5
      vertex -23.6001 21.5378 3.5
    endloop
  endfacet
  facet normal 0 0 1
    outer loop
      vertex -23.3584 20.4992 3.5
      vertex -24.3019 20.9556 3.5
      vertex -23.5726 20.3373 3.5
    endloop
  endfacet
  facet normal 0 0 1
    outer loop
      vertex -23.5726 20.3373 3.5
      vertex -24.3019 20.9556 3.5
      vertex -23.7451 20.1462 3.5
    endloop
  endfacet
  facet normal 0 0 1
    outer loop
      vertex -24.723 20.1404 3.5
      vertex -23.7451 20.1462 3.5
      vertex -24.3019 20.9556 3.5
    endloop
  endfacet
  facet normal 0 0 1
    outer loop
      vertex -23.7451 20.1462 3.5
      vertex -24.723 20.1404 3.5
      vertex -23.8792 19.9243 3.5
    endloop
  endfacet
  facet normal 0 0 1
    outer loop
      vertex -23.9751 19.6717 3.5
      vertex -24.723 20.1404 3.5
      vertex -24.0325 19.3883 3.5
    endloop
  endfacet
  facet normal 0 0 1
    outer loop
      vertex -23.8792 19.9243 3.5
      vertex -24.723 20.1404 3.5
      vertex -23.9751 19.6717 3.5
    endloop
  endfacet
  facet normal 0 0 1
    outer loop
      vertex -21.2077 17.2919 3.5
      vertex -22.0499 17.3042 3.5
      vertex -21.4823 16.1385 3.5
    endloop
  endfacet
  facet normal 0 0 1
    outer loop
      vertex -22.0499 17.3042 3.5
      vertex -22.1061 16.1691 3.5
      vertex -21.4823 16.1385 3.5
    endloop
  endfacet
  facet normal 0 0 1
    outer loop
      vertex -22.4075 17.336 3.5
      vertex -22.1061 16.1691 3.5
      vertex -22.0499 17.3042 3.5
    endloop
  endfacet
  facet normal 0 0 1
    outer loop
      vertex -22.4075 17.336 3.5
      vertex -22.6687 16.261 3.5
      vertex -22.1061 16.1691 3.5
    endloop
  endfacet
  facet normal 0 0 1
    outer loop
      vertex -22.733 17.4023 3.5
      vertex -22.6687 16.261 3.5
      vertex -22.4075 17.336 3.5
    endloop
  endfacet
  facet normal 0 0 1
    outer loop
      vertex -23.1704 16.4142 3.5
      vertex -22.733 17.4023 3.5
      vertex -23.0265 17.503 3.5
    endloop
  endfacet
  facet normal 0 0 1
    outer loop
      vertex -22.733 17.4023 3.5
      vertex -23.1704 16.4142 3.5
      vertex -22.6687 16.261 3.5
    endloop
  endfacet
  facet normal 0 0 1
    outer loop
      vertex -23.6111 16.6286 3.5
      vertex -23.0265 17.503 3.5
      vertex -23.2881 17.6381 3.5
    endloop
  endfacet
  facet normal 0 0 1
    outer loop
      vertex -23.9907 16.9044 3.5
      vertex -23.2881 17.6381 3.5
      vertex -23.5176 17.8076 3.5
    endloop
  endfacet
  facet normal 0 0 1
    outer loop
      vertex -23.0265 17.503 3.5
      vertex -23.6111 16.6286 3.5
      vertex -23.1704 16.4142 3.5
    endloop
  endfacet
  facet normal 0 0 1
    outer loop
      vertex -24.3049 17.237 3.5
      vertex -23.5176 17.8076 3.5
      vertex -23.7099 18.0077 3.5
    endloop
  endfacet
  facet normal 0 0 1
    outer loop
      vertex -24.5492 17.6221 3.5
      vertex -23.7099 18.0077 3.5
      vertex -23.8594 18.2344 3.5
    endloop
  endfacet
  facet normal 0 0 1
    outer loop
      vertex -24.7238 18.0597 3.5
      vertex -23.8594 18.2344 3.5
      vertex -23.9663 18.4877 3.5
    endloop
  endfacet
  facet normal 0 0 1
    outer loop
      vertex -23.2881 17.6381 3.5
      vertex -23.9907 16.9044 3.5
      vertex -23.6111 16.6286 3.5
    endloop
  endfacet
  facet normal -0 0 1
    outer loop
      vertex -24.8285 18.5498 3.5
      vertex -23.9663 18.4877 3.5
      vertex -24.0303 18.7676 3.5
    endloop
  endfacet
  facet normal 0 0 1
    outer loop
      vertex -24.8634 19.0924 3.5
      vertex -24.0303 18.7676 3.5
      vertex -24.0517 19.0741 3.5
    endloop
  endfacet
  facet normal 0 0 1
    outer loop
      vertex -24.8634 19.0924 3.5
      vertex -24.0325 19.3883 3.5
      vertex -24.723 20.1404 3.5
    endloop
  endfacet
  facet normal 0 0 1
    outer loop
      vertex -24.0303 18.7676 3.5
      vertex -24.8634 19.0924 3.5
      vertex -24.8285 18.5498 3.5
    endloop
  endfacet
  facet normal 0 0 1
    outer loop
      vertex -23.9663 18.4877 3.5
      vertex -24.8285 18.5498 3.5
      vertex -24.7238 18.0597 3.5
    endloop
  endfacet
  facet normal 0 0 1
    outer loop
      vertex -24.0325 19.3883 3.5
      vertex -24.8634 19.0924 3.5
      vertex -24.0517 19.0741 3.5
    endloop
  endfacet
  facet normal 0 0 1
    outer loop
      vertex -23.8594 18.2344 3.5
      vertex -24.7238 18.0597 3.5
      vertex -24.5492 17.6221 3.5
    endloop
  endfacet
  facet normal 0 0 1
    outer loop
      vertex -23.5176 17.8076 3.5
      vertex -24.3049 17.237 3.5
      vertex -23.9907 16.9044 3.5
    endloop
  endfacet
  facet normal 0 0 1
    outer loop
      vertex -23.7099 18.0077 3.5
      vertex -24.5492 17.6221 3.5
      vertex -24.3049 17.237 3.5
    endloop
  endfacet
  facet normal -0 0 1
    outer loop
      vertex -18.8529 -14.5105 3.5
      vertex -18.0158 -14.8712 3.5
      vertex -18.0497 -14.3177 3.5
    endloop
  endfacet
  facet normal -0 0 1
    outer loop
      vertex -18.929 -14.1828 3.5
      vertex -18.0497 -14.3177 3.5
      vertex -18.1515 -13.8195 3.5
    endloop
  endfacet
  facet normal 0 0 1
    outer loop
      vertex -18.0158 -14.8712 3.5
      vertex -18.8529 -14.5105 3.5
      vertex -18.8275 -14.8834 3.5
    endloop
  endfacet
  facet normal 0 0 1
    outer loop
      vertex -19.056 -13.9002 3.5
      vertex -18.1515 -13.8195 3.5
      vertex -18.3212 -13.3764 3.5
    endloop
  endfacet
  facet normal 0 0 1
    outer loop
      vertex -18.0158 -14.8712 3.5
      vertex -18.8537 -15.2278 3.5
      vertex -18.0511 -15.4214 3.5
    endloop
  endfacet
  facet normal 0 0 1
    outer loop
      vertex -19.2337 -13.6628 3.5
      vertex -18.3212 -13.3764 3.5
      vertex -18.5587 -12.9885 3.5
    endloop
  endfacet
  facet normal 0 0 1
    outer loop
      vertex -18.9325 -15.5333 3.5
      vertex -18.0511 -15.4214 3.5
      vertex -18.8537 -15.2278 3.5
    endloop
  endfacet
  facet normal 0 0 1
    outer loop
      vertex -18.0511 -15.4214 3.5
      vertex -18.9325 -15.5333 3.5
      vertex -18.1569 -15.915 3.5
    endloop
  endfacet
  facet normal 0 0 1
    outer loop
      vertex -18.8537 -15.2278 3.5
      vertex -18.0158 -14.8712 3.5
      vertex -18.8275 -14.8834 3.5
    endloop
  endfacet
  facet normal 0 0 1
    outer loop
      vertex -19.4622 -13.4705 3.5
      vertex -18.5587 -12.9885 3.5
      vertex -18.8641 -12.6557 3.5
    endloop
  endfacet
  facet normal 0 0 1
    outer loop
      vertex -18.0497 -14.3177 3.5
      vertex -18.929 -14.1828 3.5
      vertex -18.8529 -14.5105 3.5
    endloop
  endfacet
  facet normal 0 0 1
    outer loop
      vertex -18.1515 -13.8195 3.5
      vertex -19.056 -13.9002 3.5
      vertex -18.929 -14.1828 3.5
    endloop
  endfacet
  facet normal 0 0 1
    outer loop
      vertex -18.3212 -13.3764 3.5
      vertex -19.2337 -13.6628 3.5
      vertex -19.056 -13.9002 3.5
    endloop
  endfacet
  facet normal 0 0 1
    outer loop
      vertex -19.4622 -13.4705 3.5
      vertex -18.8641 -12.6557 3.5
      vertex -19.2388 -12.3811 3.5
    endloop
  endfacet
  facet normal 0 0 1
    outer loop
      vertex -18.5587 -12.9885 3.5
      vertex -19.4622 -13.4705 3.5
      vertex -19.2337 -13.6628 3.5
    endloop
  endfacet
  facet normal 0 0 1
    outer loop
      vertex -19.7446 -13.3178 3.5
      vertex -19.2388 -12.3811 3.5
      vertex -19.6844 -12.1674 3.5
    endloop
  endfacet
  facet normal 0 0 1
    outer loop
      vertex -19.2388 -12.3811 3.5
      vertex -19.7446 -13.3178 3.5
      vertex -19.4622 -13.4705 3.5
    endloop
  endfacet
  facet normal 0 0 1
    outer loop
      vertex -19.6844 -12.1674 3.5
      vertex -20.0842 -13.199 3.5
      vertex -19.7446 -13.3178 3.5
    endloop
  endfacet
  facet normal 0 0 1
    outer loop
      vertex -20.2007 -12.0149 3.5
      vertex -20.0842 -13.199 3.5
      vertex -19.6844 -12.1674 3.5
    endloop
  endfacet
  facet normal 0 0 1
    outer loop
      vertex -20.2007 -12.0149 3.5
      vertex -20.4809 -13.1142 3.5
      vertex -20.0842 -13.199 3.5
    endloop
  endfacet
  facet normal 0 0 1
    outer loop
      vertex -20.7878 -11.9233 3.5
      vertex -20.4809 -13.1142 3.5
      vertex -20.2007 -12.0149 3.5
    endloop
  endfacet
  facet normal 0 0 1
    outer loop
      vertex -20.7878 -11.9233 3.5
      vertex -20.9347 -13.0633 3.5
      vertex -20.4809 -13.1142 3.5
    endloop
  endfacet
  facet normal 0 0 1
    outer loop
      vertex -21.4457 -11.8928 3.5
      vertex -20.9347 -13.0633 3.5
      vertex -20.7878 -11.9233 3.5
    endloop
  endfacet
  facet normal 0 0 1
    outer loop
      vertex -21.4457 -11.8928 3.5
      vertex -21.4457 -13.0463 3.5
      vertex -20.9347 -13.0633 3.5
    endloop
  endfacet
  facet normal 0 0 1
    outer loop
      vertex -21.4457 -11.8928 3.5
      vertex -21.9626 -13.0626 3.5
      vertex -21.4457 -13.0463 3.5
    endloop
  endfacet
  facet normal -0 0 1
    outer loop
      vertex -22.1096 -11.9214 3.5
      vertex -21.9626 -13.0626 3.5
      vertex -21.4457 -11.8928 3.5
    endloop
  endfacet
  facet normal 0 0 1
    outer loop
      vertex -22.1096 -11.9214 3.5
      vertex -22.4197 -13.1113 3.5
      vertex -21.9626 -13.0626 3.5
    endloop
  endfacet
  facet normal -0 0 1
    outer loop
      vertex -22.7 -12.0071 3.5
      vertex -22.4197 -13.1113 3.5
      vertex -22.1096 -11.9214 3.5
    endloop
  endfacet
  facet normal 0 0 1
    outer loop
      vertex -22.7 -12.0071 3.5
      vertex -22.817 -13.1925 3.5
      vertex -22.4197 -13.1113 3.5
    endloop
  endfacet
  facet normal -0 0 1
    outer loop
      vertex -23.217 -12.1499 3.5
      vertex -22.817 -13.1925 3.5
      vertex -22.7 -12.0071 3.5
    endloop
  endfacet
  facet normal 0 0 1
    outer loop
      vertex -22.817 -13.1925 3.5
      vertex -23.217 -12.1499 3.5
      vertex -23.1545 -13.3061 3.5
    endloop
  endfacet
  facet normal -0 0 1
    outer loop
      vertex -23.6604 -12.3499 3.5
      vertex -23.1545 -13.3061 3.5
      vertex -23.217 -12.1499 3.5
    endloop
  endfacet
  facet normal 0 0 1
    outer loop
      vertex -23.1545 -13.3061 3.5
      vertex -23.6604 -12.3499 3.5
      vertex -23.4322 -13.4522 3.5
    endloop
  endfacet
  facet normal -0 0 1
    outer loop
      vertex -24.0304 -12.6069 3.5
      vertex -23.4322 -13.4522 3.5
      vertex -23.6604 -12.3499 3.5
    endloop
  endfacet
  facet normal -0 0 1
    outer loop
      vertex -24.3303 -12.9246 3.5
      vertex -23.4322 -13.4522 3.5
      vertex -24.0304 -12.6069 3.5
    endloop
  endfacet
  facet normal 0 0 1
    outer loop
      vertex -23.4322 -13.4522 3.5
      vertex -24.3303 -12.9246 3.5
      vertex -23.6552 -13.6367 3.5
    endloop
  endfacet
  facet normal -0 0 1
    outer loop
      vertex -24.5635 -13.3061 3.5
      vertex -23.6552 -13.6367 3.5
      vertex -24.3303 -12.9246 3.5
    endloop
  endfacet
  facet normal 0 0 1
    outer loop
      vertex -23.6552 -13.6367 3.5
      vertex -24.5635 -13.3061 3.5
      vertex -23.8287 -13.8653 3.5
    endloop
  endfacet
  facet normal -0 0 1
    outer loop
      vertex -24.7301 -13.7516 3.5
      vertex -23.8287 -13.8653 3.5
      vertex -24.5635 -13.3061 3.5
    endloop
  endfacet
  facet normal 0 0 1
    outer loop
      vertex -23.8287 -13.8653 3.5
      vertex -24.7301 -13.7516 3.5
      vertex -23.9526 -14.1381 3.5
    endloop
  endfacet
  facet normal 0 0 1
    outer loop
      vertex -24.8301 -14.2611 3.5
      vertex -23.9526 -14.1381 3.5
      vertex -24.7301 -13.7516 3.5
    endloop
  endfacet
  facet normal 0 0 1
    outer loop
      vertex -23.9526 -14.1381 3.5
      vertex -24.8301 -14.2611 3.5
      vertex -24.0269 -14.4551 3.5
    endloop
  endfacet
  facet normal 0 -0 1
    outer loop
      vertex -24.7267 -15.9001 3.5
      vertex -24.0517 -14.8163 3.5
      vertex -24.8634 -14.8345 3.5
    endloop
  endfacet
  facet normal 0 0 1
    outer loop
      vertex -24.8634 -14.8345 3.5
      vertex -24.0269 -14.4551 3.5
      vertex -24.8301 -14.2611 3.5
    endloop
  endfacet
  facet normal 0 0 1
    outer loop
      vertex -24.0269 -14.4551 3.5
      vertex -24.8634 -14.8345 3.5
      vertex -24.0517 -14.8163 3.5
    endloop
  endfacet
  facet normal 0 0 1
    outer loop
      vertex -24.0517 -14.8163 3.5
      vertex -24.7267 -15.9001 3.5
      vertex -24.3166 -16.7289 3.5
    endloop
  endfacet
  facet normal -0 0 1
    outer loop
      vertex -19.0637 -15.8 3.5
      vertex -18.1569 -15.915 3.5
      vertex -18.9325 -15.5333 3.5
    endloop
  endfacet
  facet normal 0 0 1
    outer loop
      vertex -18.1569 -15.915 3.5
      vertex -19.0637 -15.8 3.5
      vertex -18.3333 -16.352 3.5
    endloop
  endfacet
  facet normal -0 0 1
    outer loop
      vertex -19.2474 -16.0279 3.5
      vertex -18.3333 -16.352 3.5
      vertex -19.0637 -15.8 3.5
    endloop
  endfacet
  facet normal 0 0 1
    outer loop
      vertex -18.3333 -16.352 3.5
      vertex -19.2474 -16.0279 3.5
      vertex -18.5802 -16.7324 3.5
    endloop
  endfacet
  facet normal -0 0 1
    outer loop
      vertex -19.4836 -16.2169 3.5
      vertex -18.5802 -16.7324 3.5
      vertex -19.2474 -16.0279 3.5
    endloop
  endfacet
  facet normal 0 0 1
    outer loop
      vertex -18.5802 -16.7324 3.5
      vertex -19.4836 -16.2169 3.5
      vertex -18.8977 -17.0561 3.5
    endloop
  endfacet
  facet normal 0 0 1
    outer loop
      vertex -18.8977 -17.0561 3.5
      vertex -19.4836 -16.2169 3.5
      vertex -19.2818 -17.3219 3.5
    endloop
  endfacet
  facet normal -0 0 1
    outer loop
      vertex -19.772 -16.3696 3.5
      vertex -19.2818 -17.3219 3.5
      vertex -19.4836 -16.2169 3.5
    endloop
  endfacet
  facet normal 0 0 1
    outer loop
      vertex -19.2818 -17.3219 3.5
      vertex -19.772 -16.3696 3.5
      vertex -19.7287 -17.5287 3.5
    endloop
  endfacet
  facet normal -0 0 1
    outer loop
      vertex -20.1125 -16.4884 3.5
      vertex -19.7287 -17.5287 3.5
      vertex -19.772 -16.3696 3.5
    endloop
  endfacet
  facet normal 0 0 1
    outer loop
      vertex -20.1125 -16.4884 3.5
      vertex -20.2383 -17.6764 3.5
      vertex -19.7287 -17.5287 3.5
    endloop
  endfacet
  facet normal -0 0 1
    outer loop
      vertex -20.5049 -16.5732 3.5
      vertex -20.2383 -17.6764 3.5
      vertex -20.1125 -16.4884 3.5
    endloop
  endfacet
  facet normal 0 0 1
    outer loop
      vertex -20.5049 -16.5732 3.5
      vertex -20.8106 -17.765 3.5
      vertex -20.2383 -17.6764 3.5
    endloop
  endfacet
  facet normal -0 0 1
    outer loop
      vertex -20.9493 -16.6241 3.5
      vertex -20.8106 -17.765 3.5
      vertex -20.5049 -16.5732 3.5
    endloop
  endfacet
  facet normal 0 0 1
    outer loop
      vertex -21.4457 -17.7946 3.5
      vertex -20.9493 -16.6241 3.5
      vertex -21.4457 -16.6411 3.5
    endloop
  endfacet
  facet normal 0 0 1
    outer loop
      vertex -20.9493 -16.6241 3.5
      vertex -21.4457 -17.7946 3.5
      vertex -20.8106 -17.765 3.5
    endloop
  endfacet
  facet normal 0 0 1
    outer loop
      vertex -21.9543 -16.6239 3.5
      vertex -21.4457 -17.7946 3.5
      vertex -21.4457 -16.6411 3.5
    endloop
  endfacet
  facet normal 0 0 1
    outer loop
      vertex -22.6761 -17.6761 3.5
      vertex -21.9543 -16.6239 3.5
      vertex -22.4061 -16.5723 3.5
    endloop
  endfacet
  facet normal 0 0 1
    outer loop
      vertex -21.9543 -16.6239 3.5
      vertex -22.6761 -17.6761 3.5
      vertex -21.4457 -17.7946 3.5
    endloop
  endfacet
  facet normal 0 0 1
    outer loop
      vertex -22.8009 -16.4862 3.5
      vertex -22.6761 -17.6761 3.5
      vertex -22.4061 -16.5723 3.5
    endloop
  endfacet
  facet normal 0 0 1
    outer loop
      vertex -23.633 -17.321 3.5
      vertex -22.8009 -16.4862 3.5
      vertex -23.1389 -16.3657 3.5
    endloop
  endfacet
  facet normal 0 0 1
    outer loop
      vertex -23.633 -17.321 3.5
      vertex -23.1389 -16.3657 3.5
      vertex -23.42 -16.2108 3.5
    endloop
  endfacet
  facet normal 0 0 1
    outer loop
      vertex -22.8009 -16.4862 3.5
      vertex -23.633 -17.321 3.5
      vertex -22.6761 -17.6761 3.5
    endloop
  endfacet
  facet normal 0 0 1
    outer loop
      vertex -24.3166 -16.7289 3.5
      vertex -23.42 -16.2108 3.5
      vertex -23.6474 -16.0173 3.5
    endloop
  endfacet
  facet normal 0 0 1
    outer loop
      vertex -24.3166 -16.7289 3.5
      vertex -23.6474 -16.0173 3.5
      vertex -23.8243 -15.7812 3.5
    endloop
  endfacet
  facet normal 0 0 1
    outer loop
      vertex -24.3166 -16.7289 3.5
      vertex -23.8243 -15.7812 3.5
      vertex -23.9506 -15.5022 3.5
    endloop
  endfacet
  facet normal 0 0 1
    outer loop
      vertex -24.3166 -16.7289 3.5
      vertex -23.9506 -15.5022 3.5
      vertex -24.0264 -15.1806 3.5
    endloop
  endfacet
  facet normal 0 0 1
    outer loop
      vertex -23.42 -16.2108 3.5
      vertex -24.3166 -16.7289 3.5
      vertex -23.633 -17.321 3.5
    endloop
  endfacet
  facet normal 0 0 1
    outer loop
      vertex -24.3166 -16.7289 3.5
      vertex -24.0264 -15.1806 3.5
      vertex -24.0517 -14.8163 3.5
    endloop
  endfacet
  facet normal 0 0 1
    outer loop
      vertex -22.0499 0.519287 3.5
      vertex -21.2077 1.65454 3.5
      vertex -21.3542 1.65454 3.5
    endloop
  endfacet
  facet normal 0 0 1
    outer loop
      vertex -18.0158 -1.21391 3.5
      vertex -18.8511 -0.939651 3.5
      vertex -18.8396 -1.21391 3.5
    endloop
  endfacet
  facet normal 0 0 1
    outer loop
      vertex -18.2658 0.224426 3.5
      vertex -18.8855 -0.688095 3.5
      vertex -18.8511 -0.939651 3.5
    endloop
  endfacet
  facet normal 0 0 1
    outer loop
      vertex -18.2658 0.224426 3.5
      vertex -18.9429 -0.459244 3.5
      vertex -18.8855 -0.688095 3.5
    endloop
  endfacet
  facet normal 0 0 1
    outer loop
      vertex -19.3804 0.230133 3.5
      vertex -18.5782 0.762711 3.5
      vertex -19.0157 1.1804 3.5
    endloop
  endfacet
  facet normal 0 0 1
    outer loop
      vertex -18.2658 0.224426 3.5
      vertex -19.0232 -0.253098 3.5
      vertex -18.9429 -0.459244 3.5
    endloop
  endfacet
  facet normal 0 0 1
    outer loop
      vertex -18.2658 0.224426 3.5
      vertex -19.1265 -0.0696564 3.5
      vertex -19.0232 -0.253098 3.5
    endloop
  endfacet
  facet normal 0 0 1
    outer loop
      vertex -18.5782 0.762711 3.5
      vertex -19.2473 0.0913391 3.5
      vertex -19.1265 -0.0696564 3.5
    endloop
  endfacet
  facet normal 0 0 1
    outer loop
      vertex -18.5782 0.762711 3.5
      vertex -19.3804 0.230133 3.5
      vertex -19.2473 0.0913391 3.5
    endloop
  endfacet
  facet normal 0 0 1
    outer loop
      vertex -19.0157 1.1804 3.5
      vertex -19.5257 0.346725 3.5
      vertex -19.3804 0.230133 3.5
    endloop
  endfacet
  facet normal 0 0 1
    outer loop
      vertex -19.6831 0.441086 3.5
      vertex -19.0157 1.1804 3.5
      vertex -19.5782 1.47751 3.5
    endloop
  endfacet
  facet normal 0 0 1
    outer loop
      vertex -19.0157 1.1804 3.5
      vertex -19.6831 0.441086 3.5
      vertex -19.5257 0.346725 3.5
    endloop
  endfacet
  facet normal 0 -0 1
    outer loop
      vertex -19.6831 0.441086 3.5
      vertex -19.5782 1.47751 3.5
      vertex -19.8528 0.51326 3.5
    endloop
  endfacet
  facet normal -0 0 1
    outer loop
      vertex -18.8511 -0.939651 3.5
      vertex -18.0158 -1.21391 3.5
      vertex -18.0783 -0.434448 3.5
    endloop
  endfacet
  facet normal 0 0 1
    outer loop
      vertex -18.8643 -1.55792 3.5
      vertex -18.0158 -1.21391 3.5
      vertex -18.8396 -1.21391 3.5
    endloop
  endfacet
  facet normal 0 0 1
    outer loop
      vertex -18.8511 -0.939651 3.5
      vertex -18.0783 -0.434448 3.5
      vertex -18.2658 0.224426 3.5
    endloop
  endfacet
  facet normal 0 0 1
    outer loop
      vertex -18.0158 -1.21391 3.5
      vertex -18.8643 -1.55792 3.5
      vertex -18.0507 -1.77187 3.5
    endloop
  endfacet
  facet normal 0 0 1
    outer loop
      vertex -18.9383 -1.86725 3.5
      vertex -18.0507 -1.77187 3.5
      vertex -18.8643 -1.55792 3.5
    endloop
  endfacet
  facet normal 0 0 1
    outer loop
      vertex -19.1265 -0.0696564 3.5
      vertex -18.2658 0.224426 3.5
      vertex -18.5782 0.762711 3.5
    endloop
  endfacet
  facet normal 0 0 1
    outer loop
      vertex -18.0507 -1.77187 3.5
      vertex -18.9383 -1.86725 3.5
      vertex -18.1554 -2.27393 3.5
    endloop
  endfacet
  facet normal -0 0 1
    outer loop
      vertex -19.0616 -2.14191 3.5
      vertex -18.1554 -2.27393 3.5
      vertex -18.9383 -1.86725 3.5
    endloop
  endfacet
  facet normal 0 0 1
    outer loop
      vertex -18.1554 -2.27393 3.5
      vertex -19.0616 -2.14191 3.5
      vertex -18.33 -2.72006 3.5
    endloop
  endfacet
  facet normal -0 0 1
    outer loop
      vertex -19.2341 -2.3819 3.5
      vertex -18.33 -2.72006 3.5
      vertex -19.0616 -2.14191 3.5
    endloop
  endfacet
  facet normal 0 0 1
    outer loop
      vertex -18.33 -2.72006 3.5
      vertex -19.2341 -2.3819 3.5
      vertex -18.5743 -3.11031 3.5
    endloop
  endfacet
  facet normal -0 0 1
    outer loop
      vertex -19.4561 -2.58723 3.5
      vertex -18.5743 -3.11031 3.5
      vertex -19.2341 -2.3819 3.5
    endloop
  endfacet
  facet normal 0 0 1
    outer loop
      vertex -18.5743 -3.11031 3.5
      vertex -19.4561 -2.58723 3.5
      vertex -18.8885 -3.44466 3.5
    endloop
  endfacet
  facet normal -0 0 1
    outer loop
      vertex -19.7234 -2.75639 3.5
      vertex -18.8885 -3.44466 3.5
      vertex -19.4561 -2.58723 3.5
    endloop
  endfacet
  facet normal 0 0 1
    outer loop
      vertex -18.8885 -3.44466 3.5
      vertex -19.7234 -2.75639 3.5
      vertex -19.2715 -3.72038 3.5
    endloop
  endfacet
  facet normal -0 0 1
    outer loop
      vertex -20.0322 -2.88795 3.5
      vertex -19.2715 -3.72038 3.5
      vertex -19.7234 -2.75639 3.5
    endloop
  endfacet
  facet normal 0 0 1
    outer loop
      vertex -19.2715 -3.72038 3.5
      vertex -20.0322 -2.88795 3.5
      vertex -19.7224 -3.93483 3.5
    endloop
  endfacet
  facet normal -0 0 1
    outer loop
      vertex -20.3826 -2.98193 3.5
      vertex -19.7224 -3.93483 3.5
      vertex -20.0322 -2.88795 3.5
    endloop
  endfacet
  facet normal 0 0 1
    outer loop
      vertex -19.7224 -3.93483 3.5
      vertex -20.3826 -2.98193 3.5
      vertex -20.2412 -4.08801 3.5
    endloop
  endfacet
  facet normal -0 0 1
    outer loop
      vertex -20.7744 -3.03833 3.5
      vertex -20.2412 -4.08801 3.5
      vertex -20.3826 -2.98193 3.5
    endloop
  endfacet
  facet normal 0 0 1
    outer loop
      vertex -20.7744 -3.03833 3.5
      vertex -20.8278 -4.17992 3.5
      vertex -20.2412 -4.08801 3.5
    endloop
  endfacet
  facet normal -0 0 1
    outer loop
      vertex -21.2077 -3.05711 3.5
      vertex -20.8278 -4.17992 3.5
      vertex -20.7744 -3.03833 3.5
    endloop
  endfacet
  facet normal 0 0 1
    outer loop
      vertex -21.2077 -3.05711 3.5
      vertex -21.4823 -4.21056 3.5
      vertex -20.8278 -4.17992 3.5
    endloop
  endfacet
  facet normal 0 0 1
    outer loop
      vertex -21.2077 1.65454 3.5
      vertex -22.0499 0.519287 3.5
      vertex -21.2077 -3.05711 3.5
    endloop
  endfacet
  facet normal 0 0 1
    outer loop
      vertex -21.2077 -3.05711 3.5
      vertex -22.0499 0.519287 3.5
      vertex -22.0499 -3.04488 3.5
    endloop
  endfacet
  facet normal -0 0 1
    outer loop
      vertex -22.6175 1.5381 3.5
      vertex -22.0499 0.519287 3.5
      vertex -21.3542 1.65454 3.5
    endloop
  endfacet
  facet normal 0 0 1
    outer loop
      vertex -22.0499 0.519287 3.5
      vertex -22.6175 1.5381 3.5
      vertex -22.4448 0.46875 3.5
    endloop
  endfacet
  facet normal 0 0 1
    outer loop
      vertex -22.6175 1.5381 3.5
      vertex -22.7945 0.390396 3.5
      vertex -22.4448 0.46875 3.5
    endloop
  endfacet
  facet normal -0 0 1
    outer loop
      vertex -23.6001 1.18875 3.5
      vertex -22.7945 0.390396 3.5
      vertex -22.6175 1.5381 3.5
    endloop
  endfacet
  facet normal 0 0 1
    outer loop
      vertex -22.7945 0.390396 3.5
      vertex -23.6001 1.18875 3.5
      vertex -23.099 0.284195 3.5
    endloop
  endfacet
  facet normal 0 0 1
    outer loop
      vertex -23.099 0.284195 3.5
      vertex -23.6001 1.18875 3.5
      vertex -23.3584 0.150162 3.5
    endloop
  endfacet
  facet normal -0 0 1
    outer loop
      vertex -24.3019 0.606506 3.5
      vertex -23.3584 0.150162 3.5
      vertex -23.6001 1.18875 3.5
    endloop
  endfacet
  facet normal 0 0 1
    outer loop
      vertex -23.3584 0.150162 3.5
      vertex -24.3019 0.606506 3.5
      vertex -23.5726 -0.0117035 3.5
    endloop
  endfacet
  facet normal 0 0 1
    outer loop
      vertex -23.5726 -0.0117035 3.5
      vertex -24.3019 0.606506 3.5
      vertex -23.7451 -0.202835 3.5
    endloop
  endfacet
  facet normal 0 0 1
    outer loop
      vertex -24.723 -0.208633 3.5
      vertex -23.7451 -0.202835 3.5
      vertex -24.3019 0.606506 3.5
    endloop
  endfacet
  facet normal 0 0 1
    outer loop
      vertex -23.7451 -0.202835 3.5
      vertex -24.723 -0.208633 3.5
      vertex -23.8792 -0.424713 3.5
    endloop
  endfacet
  facet normal 0 0 1
    outer loop
      vertex -23.9751 -0.677368 3.5
      vertex -24.723 -0.208633 3.5
      vertex -24.0325 -0.96077 3.5
    endloop
  endfacet
  facet normal 0 0 1
    outer loop
      vertex -23.8792 -0.424713 3.5
      vertex -24.723 -0.208633 3.5
      vertex -23.9751 -0.677368 3.5
    endloop
  endfacet
  facet normal 0 0 1
    outer loop
      vertex -21.2077 -3.05711 3.5
      vertex -22.0499 -3.04488 3.5
      vertex -21.4823 -4.21056 3.5
    endloop
  endfacet
  facet normal 0 0 1
    outer loop
      vertex -22.0499 -3.04488 3.5
      vertex -22.1061 -4.17992 3.5
      vertex -21.4823 -4.21056 3.5
    endloop
  endfacet
  facet normal 0 0 1
    outer loop
      vertex -22.4075 -3.01302 3.5
      vertex -22.1061 -4.17992 3.5
      vertex -22.0499 -3.04488 3.5
    endloop
  endfacet
  facet normal 0 0 1
    outer loop
      vertex -22.4075 -3.01302 3.5
      vertex -22.6687 -4.08801 3.5
      vertex -22.1061 -4.17992 3.5
    endloop
  endfacet
  facet normal 0 0 1
    outer loop
      vertex -22.733 -2.94675 3.5
      vertex -22.6687 -4.08801 3.5
      vertex -22.4075 -3.01302 3.5
    endloop
  endfacet
  facet normal 0 0 1
    outer loop
      vertex -23.1704 -3.93483 3.5
      vertex -22.733 -2.94675 3.5
      vertex -23.0265 -2.84605 3.5
    endloop
  endfacet
  facet normal 0 0 1
    outer loop
      vertex -22.733 -2.94675 3.5
      vertex -23.1704 -3.93483 3.5
      vertex -22.6687 -4.08801 3.5
    endloop
  endfacet
  facet normal 0 0 1
    outer loop
      vertex -23.6111 -3.72038 3.5
      vertex -23.0265 -2.84605 3.5
      vertex -23.2881 -2.71094 3.5
    endloop
  endfacet
  facet normal 0 0 1
    outer loop
      vertex -23.9907 -3.44466 3.5
      vertex -23.2881 -2.71094 3.5
      vertex -23.5176 -2.54141 3.5
    endloop
  endfacet
  facet normal 0 0 1
    outer loop
      vertex -23.0265 -2.84605 3.5
      vertex -23.6111 -3.72038 3.5
      vertex -23.1704 -3.93483 3.5
    endloop
  endfacet
  facet normal 0 0 1
    outer loop
      vertex -24.3049 -3.11203 3.5
      vertex -23.5176 -2.54141 3.5
      vertex -23.7099 -2.34134 3.5
    endloop
  endfacet
  facet normal 0 0 1
    outer loop
      vertex -24.5492 -2.72691 3.5
      vertex -23.7099 -2.34134 3.5
      vertex -23.8594 -2.11465 3.5
    endloop
  endfacet
  facet normal 0 0 1
    outer loop
      vertex -24.7238 -2.28931 3.5
      vertex -23.8594 -2.11465 3.5
      vertex -23.9663 -1.86136 3.5
    endloop
  endfacet
  facet normal 0 0 1
    outer loop
      vertex -23.2881 -2.71094 3.5
      vertex -23.9907 -3.44466 3.5
      vertex -23.6111 -3.72038 3.5
    endloop
  endfacet
  facet normal -0 0 1
    outer loop
      vertex -24.8285 -1.79922 3.5
      vertex -23.9663 -1.86136 3.5
      vertex -24.0303 -1.58145 3.5
    endloop
  endfacet
  facet normal 0 0 1
    outer loop
      vertex -24.8634 -1.25667 3.5
      vertex -24.0303 -1.58145 3.5
      vertex -24.0517 -1.27493 3.5
    endloop
  endfacet
  facet normal 0 0 1
    outer loop
      vertex -24.8634 -1.25667 3.5
      vertex -24.0325 -0.96077 3.5
      vertex -24.723 -0.208633 3.5
    endloop
  endfacet
  facet normal 0 0 1
    outer loop
      vertex -24.0303 -1.58145 3.5
      vertex -24.8634 -1.25667 3.5
      vertex -24.8285 -1.79922 3.5
    endloop
  endfacet
  facet normal 0 0 1
    outer loop
      vertex -23.9663 -1.86136 3.5
      vertex -24.8285 -1.79922 3.5
      vertex -24.7238 -2.28931 3.5
    endloop
  endfacet
  facet normal 0 0 1
    outer loop
      vertex -24.0325 -0.96077 3.5
      vertex -24.8634 -1.25667 3.5
      vertex -24.0517 -1.27493 3.5
    endloop
  endfacet
  facet normal 0 0 1
    outer loop
      vertex -23.8594 -2.11465 3.5
      vertex -24.7238 -2.28931 3.5
      vertex -24.5492 -2.72691 3.5
    endloop
  endfacet
  facet normal 0 0 1
    outer loop
      vertex -23.5176 -2.54141 3.5
      vertex -24.3049 -3.11203 3.5
      vertex -23.9907 -3.44466 3.5
    endloop
  endfacet
  facet normal 0 0 1
    outer loop
      vertex -23.7099 -2.34134 3.5
      vertex -24.5492 -2.72691 3.5
      vertex -24.3049 -3.11203 3.5
    endloop
  endfacet
  facet normal -0 0 1
    outer loop
      vertex -23.5486 15.0986 3.5
      vertex -23.1057 14.1972 3.5
      vertex -23.2278 15.1859 3.5
    endloop
  endfacet
  facet normal 0 0 1
    outer loop
      vertex -23.1057 14.1972 3.5
      vertex -23.5486 15.0986 3.5
      vertex -23.2733 14.1483 3.5
    endloop
  endfacet
  facet normal -0 0 1
    outer loop
      vertex -23.8323 14.9735 3.5
      vertex -23.2733 14.1483 3.5
      vertex -23.5486 15.0986 3.5
    endloop
  endfacet
  facet normal 0 0 1
    outer loop
      vertex -23.2733 14.1483 3.5
      vertex -23.8323 14.9735 3.5
      vertex -23.4246 14.0747 3.5
    endloop
  endfacet
  facet normal -0 0 1
    outer loop
      vertex -24.0789 14.8106 3.5
      vertex -23.4246 14.0747 3.5
      vertex -23.8323 14.9735 3.5
    endloop
  endfacet
  facet normal 0 0 1
    outer loop
      vertex -23.4246 14.0747 3.5
      vertex -24.0789 14.8106 3.5
      vertex -23.5594 13.9764 3.5
    endloop
  endfacet
  facet normal -0 0 1
    outer loop
      vertex -24.2883 14.6098 3.5
      vertex -23.5594 13.9764 3.5
      vertex -24.0789 14.8106 3.5
    endloop
  endfacet
  facet normal 0 0 1
    outer loop
      vertex -23.5594 13.9764 3.5
      vertex -24.2883 14.6098 3.5
      vertex -23.6779 13.8535 3.5
    endloop
  endfacet
  facet normal -0 0 1
    outer loop
      vertex -24.4607 14.3711 3.5
      vertex -23.6779 13.8535 3.5
      vertex -24.2883 14.6098 3.5
    endloop
  endfacet
  facet normal 0 0 1
    outer loop
      vertex -23.6779 13.8535 3.5
      vertex -24.4607 14.3711 3.5
      vertex -23.7801 13.7059 3.5
    endloop
  endfacet
  facet normal -0 0 1
    outer loop
      vertex -24.5991 14.0956 3.5
      vertex -23.7801 13.7059 3.5
      vertex -24.4607 14.3711 3.5
    endloop
  endfacet
  facet normal -0 0 1
    outer loop
      vertex -24.7067 13.7843 3.5
      vertex -23.8647 13.5352 3.5
      vertex -24.5991 14.0956 3.5
    endloop
  endfacet
  facet normal 0 0 1
    outer loop
      vertex -23.7801 13.7059 3.5
      vertex -24.5991 14.0956 3.5
      vertex -23.8647 13.5352 3.5
    endloop
  endfacet
  facet normal -0 0 1
    outer loop
      vertex -18.8621 12.9391 3.5
      vertex -18.0158 12.6226 3.5
      vertex -18.036 13.1078 3.5
    endloop
  endfacet
  facet normal 0 0 1
    outer loop
      vertex -18.8618 12.3238 3.5
      vertex -18.0158 12.6226 3.5
      vertex -18.8519 12.6226 3.5
    endloop
  endfacet
  facet normal -0 0 1
    outer loop
      vertex -18.8929 13.2198 3.5
      vertex -18.036 13.1078 3.5
      vertex -18.0968 13.5478 3.5
    endloop
  endfacet
  facet normal 0 0 1
    outer loop
      vertex -18.0158 12.6226 3.5
      vertex -18.8618 12.3238 3.5
      vertex -18.032 12.152 3.5
    endloop
  endfacet
  facet normal 0 0 1
    outer loop
      vertex -18.9442 13.4645 3.5
      vertex -18.0968 13.5478 3.5
      vertex -18.1981 13.9427 3.5
    endloop
  endfacet
  facet normal 0 0 1
    outer loop
      vertex -18.8914 12.0523 3.5
      vertex -18.032 12.152 3.5
      vertex -18.8618 12.3238 3.5
    endloop
  endfacet
  facet normal 0 0 1
    outer loop
      vertex -19.0159 13.6734 3.5
      vertex -18.1981 13.9427 3.5
      vertex -18.34 14.2924 3.5
    endloop
  endfacet
  facet normal 0 0 1
    outer loop
      vertex -18.032 12.152 3.5
      vertex -18.8914 12.0523 3.5
      vertex -18.0807 11.7267 3.5
    endloop
  endfacet
  facet normal 0 0 1
    outer loop
      vertex -19.221 13.9858 3.5
      vertex -18.34 14.2924 3.5
      vertex -18.5223 14.5969 3.5
    endloop
  endfacet
  facet normal -0 0 1
    outer loop
      vertex -18.9409 11.8082 3.5
      vertex -18.0807 11.7267 3.5
      vertex -18.8914 12.0523 3.5
    endloop
  endfacet
  facet normal 0 0 1
    outer loop
      vertex -19.221 13.9858 3.5
      vertex -18.5223 14.5969 3.5
      vertex -18.742 14.8507 3.5
    endloop
  endfacet
  facet normal 0 0 1
    outer loop
      vertex -18.0807 11.7267 3.5
      vertex -18.9409 11.8082 3.5
      vertex -18.1619 11.3464 3.5
    endloop
  endfacet
  facet normal -0 0 1
    outer loop
      vertex -19.0101 11.5914 3.5
      vertex -18.1619 11.3464 3.5
      vertex -18.9409 11.8082 3.5
    endloop
  endfacet
  facet normal 0 0 1
    outer loop
      vertex -18.0158 12.6226 3.5
      vertex -18.8621 12.9391 3.5
      vertex -18.8519 12.6226 3.5
    endloop
  endfacet
  facet normal 0 0 1
    outer loop
      vertex -18.036 13.1078 3.5
      vertex -18.8929 13.2198 3.5
      vertex -18.8621 12.9391 3.5
    endloop
  endfacet
  facet normal 0 0 1
    outer loop
      vertex -18.0968 13.5478 3.5
      vertex -18.9442 13.4645 3.5
      vertex -18.8929 13.2198 3.5
    endloop
  endfacet
  facet normal 0 0 1
    outer loop
      vertex -19.3543 14.0943 3.5
      vertex -18.742 14.8507 3.5
      vertex -18.9959 15.0481 3.5
    endloop
  endfacet
  facet normal 0 0 1
    outer loop
      vertex -18.1981 13.9427 3.5
      vertex -19.0159 13.6734 3.5
      vertex -18.9442 13.4645 3.5
    endloop
  endfacet
  facet normal 0 0 1
    outer loop
      vertex -18.34 14.2924 3.5
      vertex -19.1082 13.8463 3.5
      vertex -19.0159 13.6734 3.5
    endloop
  endfacet
  facet normal 0 0 1
    outer loop
      vertex -18.34 14.2924 3.5
      vertex -19.221 13.9858 3.5
      vertex -19.1082 13.8463 3.5
    endloop
  endfacet
  facet normal 0 0 1
    outer loop
      vertex -19.5081 14.1719 3.5
      vertex -18.9959 15.0481 3.5
      vertex -19.284 15.1891 3.5
    endloop
  endfacet
  facet normal 0 0 1
    outer loop
      vertex -18.742 14.8507 3.5
      vertex -19.3543 14.0943 3.5
      vertex -19.221 13.9858 3.5
    endloop
  endfacet
  facet normal 0 0 1
    outer loop
      vertex -18.9959 15.0481 3.5
      vertex -19.5081 14.1719 3.5
      vertex -19.3543 14.0943 3.5
    endloop
  endfacet
  facet normal 0 0 1
    outer loop
      vertex -19.6824 14.2184 3.5
      vertex -19.284 15.1891 3.5
      vertex -19.6062 15.2737 3.5
    endloop
  endfacet
  facet normal 0 0 1
    outer loop
      vertex -19.284 15.1891 3.5
      vertex -19.6824 14.2184 3.5
      vertex -19.5081 14.1719 3.5
    endloop
  endfacet
  facet normal 0 0 1
    outer loop
      vertex -19.6062 15.2737 3.5
      vertex -19.8772 14.2339 3.5
      vertex -19.6824 14.2184 3.5
    endloop
  endfacet
  facet normal 0 0 1
    outer loop
      vertex -19.9627 15.3019 3.5
      vertex -19.8772 14.2339 3.5
      vertex -19.6062 15.2737 3.5
    endloop
  endfacet
  facet normal 0 0 1
    outer loop
      vertex -19.9627 15.3019 3.5
      vertex -20.0276 14.2231 3.5
      vertex -19.8772 14.2339 3.5
    endloop
  endfacet
  facet normal -0 0 1
    outer loop
      vertex -20.1107 15.297 3.5
      vertex -20.0276 14.2231 3.5
      vertex -19.9627 15.3019 3.5
    endloop
  endfacet
  facet normal -0 0 1
    outer loop
      vertex -20.2522 15.2823 3.5
      vertex -20.0276 14.2231 3.5
      vertex -20.1107 15.297 3.5
    endloop
  endfacet
  facet normal 0 0 1
    outer loop
      vertex -20.0276 14.2231 3.5
      vertex -20.2522 15.2823 3.5
      vertex -20.1663 14.1909 3.5
    endloop
  endfacet
  facet normal -0 0 1
    outer loop
      vertex -20.387 15.2579 3.5
      vertex -20.1663 14.1909 3.5
      vertex -20.2522 15.2823 3.5
    endloop
  endfacet
  facet normal -0 0 1
    outer loop
      vertex -20.5153 15.2237 3.5
      vertex -20.1663 14.1909 3.5
      vertex -20.387 15.2579 3.5
    endloop
  endfacet
  facet normal -0 0 1
    outer loop
      vertex -20.637 15.1798 3.5
      vertex -20.1663 14.1909 3.5
      vertex -20.5153 15.2237 3.5
    endloop
  endfacet
  facet normal 0 0 1
    outer loop
      vertex -20.1663 14.1909 3.5
      vertex -20.637 15.1798 3.5
      vertex -20.2932 14.1372 3.5
    endloop
  endfacet
  facet normal -0 0 1
    outer loop
      vertex -20.7526 15.1269 3.5
      vertex -20.2932 14.1372 3.5
      vertex -20.637 15.1798 3.5
    endloop
  endfacet
  facet normal -0 0 1
    outer loop
      vertex -20.8626 15.066 3.5
      vertex -20.2932 14.1372 3.5
      vertex -20.7526 15.1269 3.5
    endloop
  endfacet
  facet normal -0 0 1
    outer loop
      vertex -20.967 14.9971 3.5
      vertex -20.2932 14.1372 3.5
      vertex -20.8626 15.066 3.5
    endloop
  endfacet
  facet normal 0 0 1
    outer loop
      vertex -20.2932 14.1372 3.5
      vertex -20.967 14.9971 3.5
      vertex -20.4084 14.062 3.5
    endloop
  endfacet
  facet normal -0 0 1
    outer loop
      vertex -21.0657 14.92 3.5
      vertex -20.4084 14.062 3.5
      vertex -20.967 14.9971 3.5
    endloop
  endfacet
  facet normal -0 0 1
    outer loop
      vertex -21.1588 14.835 3.5
      vertex -20.4084 14.062 3.5
      vertex -21.0657 14.92 3.5
    endloop
  endfacet
  facet normal -0 0 1
    outer loop
      vertex -21.2476 14.7394 3.5
      vertex -20.4084 14.062 3.5
      vertex -21.1588 14.835 3.5
    endloop
  endfacet
  facet normal 0 0 1
    outer loop
      vertex -20.4084 14.062 3.5
      vertex -21.2476 14.7394 3.5
      vertex -20.5119 13.9653 3.5
    endloop
  endfacet
  facet normal -0 0 1
    outer loop
      vertex -21.3331 14.6309 3.5
      vertex -20.5119 13.9653 3.5
      vertex -21.2476 14.7394 3.5
    endloop
  endfacet
  facet normal -0 0 1
    outer loop
      vertex -21.4155 14.5094 3.5
      vertex -20.5119 13.9653 3.5
      vertex -21.3331 14.6309 3.5
    endloop
  endfacet
  facet normal 0 0 1
    outer loop
      vertex -20.5119 13.9653 3.5
      vertex -21.4155 14.5094 3.5
      vertex -20.6062 13.8447 3.5
    endloop
  endfacet
  facet normal -0 0 1
    outer loop
      vertex -21.4948 14.3751 3.5
      vertex -20.6062 13.8447 3.5
      vertex -21.4155 14.5094 3.5
    endloop
  endfacet
  facet normal -0 0 1
    outer loop
      vertex -21.5708 14.2277 3.5
      vertex -20.6062 13.8447 3.5
      vertex -21.4948 14.3751 3.5
    endloop
  endfacet
  facet normal 0 0 1
    outer loop
      vertex -20.6936 13.6977 3.5
      vertex -21.6466 14.0544 3.5
      vertex -20.7742 13.5244 3.5
    endloop
  endfacet
  facet normal 0 0 1
    outer loop
      vertex -20.6062 13.8447 3.5
      vertex -21.5708 14.2277 3.5
      vertex -20.6936 13.6977 3.5
    endloop
  endfacet
  facet normal 0 0 1
    outer loop
      vertex -20.7742 13.5244 3.5
      vertex -21.7251 13.842 3.5
      vertex -20.8479 13.3247 3.5
    endloop
  endfacet
  facet normal -0 0 1
    outer loop
      vertex -21.6466 14.0544 3.5
      vertex -20.6936 13.6977 3.5
      vertex -21.5708 14.2277 3.5
    endloop
  endfacet
  facet normal -0 0 1
    outer loop
      vertex -21.8063 13.5906 3.5
      vertex -20.8479 13.3247 3.5
      vertex -21.7251 13.842 3.5
    endloop
  endfacet
  facet normal -0 0 1
    outer loop
      vertex -21.7251 13.842 3.5
      vertex -20.7742 13.5244 3.5
      vertex -21.6466 14.0544 3.5
    endloop
  endfacet
  facet normal -0 0 1
    outer loop
      vertex -21.8901 13.3001 3.5
      vertex -20.9148 13.0987 3.5
      vertex -21.8063 13.5906 3.5
    endloop
  endfacet
  facet normal 0 0 1
    outer loop
      vertex -21.9767 12.9705 3.5
      vertex -20.9148 13.0987 3.5
      vertex -21.8901 13.3001 3.5
    endloop
  endfacet
  facet normal 0 0 1
    outer loop
      vertex -20.8479 13.3247 3.5
      vertex -21.8063 13.5906 3.5
      vertex -20.9148 13.0987 3.5
    endloop
  endfacet
  facet normal 0 0 1
    outer loop
      vertex -20.9148 13.0987 3.5
      vertex -21.9767 12.9705 3.5
      vertex -21.1222 12.3114 3.5
    endloop
  endfacet
  facet normal -0 0 1
    outer loop
      vertex -22.0631 12.6273 3.5
      vertex -21.1222 12.3114 3.5
      vertex -21.9767 12.9705 3.5
    endloop
  endfacet
  facet normal -0 0 1
    outer loop
      vertex -22.1417 12.3348 3.5
      vertex -21.1222 12.3114 3.5
      vertex -22.0631 12.6273 3.5
    endloop
  endfacet
  facet normal 0 0 1
    outer loop
      vertex -21.1222 12.3114 3.5
      vertex -22.1417 12.3348 3.5
      vertex -21.2195 11.9548 3.5
    endloop
  endfacet
  facet normal -0 0 1
    outer loop
      vertex -22.2125 12.0931 3.5
      vertex -21.2195 11.9548 3.5
      vertex -22.1417 12.3348 3.5
    endloop
  endfacet
  facet normal 0 0 1
    outer loop
      vertex -21.2195 11.9548 3.5
      vertex -22.2125 12.0931 3.5
      vertex -21.3161 11.642 3.5
    endloop
  endfacet
  facet normal -0 0 1
    outer loop
      vertex -22.2755 11.9022 3.5
      vertex -21.3161 11.642 3.5
      vertex -22.2125 12.0931 3.5
    endloop
  endfacet
  facet normal 0 0 1
    outer loop
      vertex -21.3161 11.642 3.5
      vertex -22.2755 11.9022 3.5
      vertex -21.4119 11.3728 3.5
    endloop
  endfacet
  facet normal -0 0 1
    outer loop
      vertex -22.3306 11.762 3.5
      vertex -21.4119 11.3728 3.5
      vertex -22.2755 11.9022 3.5
    endloop
  endfacet
  facet normal -0 0 1
    outer loop
      vertex -22.3841 11.6529 3.5
      vertex -21.4119 11.3728 3.5
      vertex -22.3306 11.762 3.5
    endloop
  endfacet
  facet normal 0 0 1
    outer loop
      vertex -21.4119 11.3728 3.5
      vertex -22.3841 11.6529 3.5
      vertex -21.507 11.1474 3.5
    endloop
  endfacet
  facet normal -0 0 1
    outer loop
      vertex -22.442 11.555 3.5
      vertex -21.507 11.1474 3.5
      vertex -22.3841 11.6529 3.5
    endloop
  endfacet
  facet normal 0 0 1
    outer loop
      vertex -21.507 11.1474 3.5
      vertex -22.442 11.555 3.5
      vertex -21.6013 10.9656 3.5
    endloop
  endfacet
  facet normal -0 0 1
    outer loop
      vertex -22.5042 11.4683 3.5
      vertex -21.6013 10.9656 3.5
      vertex -22.442 11.555 3.5
    endloop
  endfacet
  facet normal 0 0 1
    outer loop
      vertex -21.6013 10.9656 3.5
      vertex -22.5042 11.4683 3.5
      vertex -21.6993 10.8127 3.5
    endloop
  endfacet
  facet normal -0 0 1
    outer loop
      vertex -22.5708 11.3929 3.5
      vertex -21.6993 10.8127 3.5
      vertex -22.5042 11.4683 3.5
    endloop
  endfacet
  facet normal 0 0 1
    outer loop
      vertex -21.6993 10.8127 3.5
      vertex -22.5708 11.3929 3.5
      vertex -21.8054 10.6736 3.5
    endloop
  endfacet
  facet normal 0 0 1
    outer loop
      vertex -21.8054 10.6736 3.5
      vertex -22.5708 11.3929 3.5
      vertex -21.9195 10.5485 3.5
    endloop
  endfacet
  facet normal -0 0 1
    outer loop
      vertex -22.6419 11.3287 3.5
      vertex -21.9195 10.5485 3.5
      vertex -22.5708 11.3929 3.5
    endloop
  endfacet
  facet normal 0 0 1
    outer loop
      vertex -21.9195 10.5485 3.5
      vertex -22.6419 11.3287 3.5
      vertex -22.0417 10.4373 3.5
    endloop
  endfacet
  facet normal -0 0 1
    outer loop
      vertex -22.719 11.276 3.5
      vertex -22.0417 10.4373 3.5
      vertex -22.6419 11.3287 3.5
    endloop
  endfacet
  facet normal 0 0 1
    outer loop
      vertex -22.0417 10.4373 3.5
      vertex -22.719 11.276 3.5
      vertex -22.172 10.34 3.5
    endloop
  endfacet
  facet normal 0 0 1
    outer loop
      vertex -22.172 10.34 3.5
      vertex -22.719 11.276 3.5
      vertex -22.3124 10.2587 3.5
    endloop
  endfacet
  facet normal -0 0 1
    outer loop
      vertex -22.804 11.235 3.5
      vertex -22.3124 10.2587 3.5
      vertex -22.719 11.276 3.5
    endloop
  endfacet
  facet normal 0 0 1
    outer loop
      vertex -22.3124 10.2587 3.5
      vertex -22.804 11.235 3.5
      vertex -22.465 10.1955 3.5
    endloop
  endfacet
  facet normal -0 0 1
    outer loop
      vertex -22.8968 11.2057 3.5
      vertex -22.465 10.1955 3.5
      vertex -22.804 11.235 3.5
    endloop
  endfacet
  facet normal 0 0 1
    outer loop
      vertex -22.465 10.1955 3.5
      vertex -22.8968 11.2057 3.5
      vertex -22.6297 10.1503 3.5
    endloop
  endfacet
  facet normal 0 0 1
    outer loop
      vertex -22.6297 10.1503 3.5
      vertex -22.8968 11.2057 3.5
      vertex -22.8067 10.1232 3.5
    endloop
  endfacet
  facet normal -0 0 1
    outer loop
      vertex -22.9973 11.1881 3.5
      vertex -22.8067 10.1232 3.5
      vertex -22.8968 11.2057 3.5
    endloop
  endfacet
  facet normal 0 0 1
    outer loop
      vertex -22.8067 10.1232 3.5
      vertex -22.9973 11.1881 3.5
      vertex -22.9959 10.1142 3.5
    endloop
  endfacet
  facet normal -0 0 1
    outer loop
      vertex -23.1057 11.1822 3.5
      vertex -22.9959 10.1142 3.5
      vertex -22.9973 11.1881 3.5
    endloop
  endfacet
  facet normal 0 0 1
    outer loop
      vertex -23.34 10.14 3.5
      vertex -23.1057 11.1822 3.5
      vertex -23.2795 11.1964 3.5
    endloop
  endfacet
  facet normal 0 0 1
    outer loop
      vertex -23.1057 11.1822 3.5
      vertex -23.34 10.14 3.5
      vertex -22.9959 10.1142 3.5
    endloop
  endfacet
  facet normal 0 0 1
    outer loop
      vertex -23.6497 10.2172 3.5
      vertex -23.2795 11.1964 3.5
      vertex -23.4348 11.2389 3.5
    endloop
  endfacet
  facet normal 0 0 1
    outer loop
      vertex -23.9249 10.346 3.5
      vertex -23.4348 11.2389 3.5
      vertex -23.5715 11.3097 3.5
    endloop
  endfacet
  facet normal 0 0 1
    outer loop
      vertex -23.2795 11.1964 3.5
      vertex -23.6497 10.2172 3.5
      vertex -23.34 10.14 3.5
    endloop
  endfacet
  facet normal 0 0 1
    outer loop
      vertex -24.3721 10.7581 3.5
      vertex -23.5715 11.3097 3.5
      vertex -23.6897 11.4088 3.5
    endloop
  endfacet
  facet normal 0 0 1
    outer loop
      vertex -24.5424 11.0392 3.5
      vertex -23.6897 11.4088 3.5
      vertex -23.7893 11.5362 3.5
    endloop
  endfacet
  facet normal 0 0 1
    outer loop
      vertex -24.6749 11.3674 3.5
      vertex -23.7893 11.5362 3.5
      vertex -23.8706 11.6935 3.5
    endloop
  endfacet
  facet normal 0 0 1
    outer loop
      vertex -23.4348 11.2389 3.5
      vertex -23.9249 10.346 3.5
      vertex -23.6497 10.2172 3.5
    endloop
  endfacet
  facet normal 0 0 1
    outer loop
      vertex -24.6749 11.3674 3.5
      vertex -23.8706 11.6935 3.5
      vertex -23.9338 11.8819 3.5
    endloop
  endfacet
  facet normal 0 0 1
    outer loop
      vertex -24.7695 11.7428 3.5
      vertex -23.9338 11.8819 3.5
      vertex -23.9789 12.1017 3.5
    endloop
  endfacet
  facet normal -0 0 1
    outer loop
      vertex -24.8262 12.1653 3.5
      vertex -23.9789 12.1017 3.5
      vertex -24.006 12.3526 3.5
    endloop
  endfacet
  facet normal 0 0 1
    outer loop
      vertex -23.5715 11.3097 3.5
      vertex -24.1657 10.5263 3.5
      vertex -23.9249 10.346 3.5
    endloop
  endfacet
  facet normal -0 0 1
    outer loop
      vertex -24.8451 12.6348 3.5
      vertex -24.006 12.3526 3.5
      vertex -24.0151 12.6348 3.5
    endloop
  endfacet
  facet normal 0 0 1
    outer loop
      vertex -23.8647 13.5352 3.5
      vertex -24.7067 13.7843 3.5
      vertex -23.9305 13.3427 3.5
    endloop
  endfacet
  facet normal -0 0 1
    outer loop
      vertex -24.7836 13.437 3.5
      vertex -23.9305 13.3427 3.5
      vertex -24.7067 13.7843 3.5
    endloop
  endfacet
  facet normal 0 0 1
    outer loop
      vertex -24.006 12.3526 3.5
      vertex -24.8451 12.6348 3.5
      vertex -24.8262 12.1653 3.5
    endloop
  endfacet
  facet normal 0 0 1
    outer loop
      vertex -23.9305 13.3427 3.5
      vertex -24.7836 13.437 3.5
      vertex -23.9775 13.1284 3.5
    endloop
  endfacet
  facet normal 0 0 1
    outer loop
      vertex -23.9789 12.1017 3.5
      vertex -24.8262 12.1653 3.5
      vertex -24.7695 11.7428 3.5
    endloop
  endfacet
  facet normal 0 0 1
    outer loop
      vertex -24.8298 13.0539 3.5
      vertex -23.9775 13.1284 3.5
      vertex -24.7836 13.437 3.5
    endloop
  endfacet
  facet normal 0 0 1
    outer loop
      vertex -23.9338 11.8819 3.5
      vertex -24.7695 11.7428 3.5
      vertex -24.6749 11.3674 3.5
    endloop
  endfacet
  facet normal 0 0 1
    outer loop
      vertex -23.9775 13.1284 3.5
      vertex -24.8298 13.0539 3.5
      vertex -24.0057 12.8925 3.5
    endloop
  endfacet
  facet normal 0 0 1
    outer loop
      vertex -23.7893 11.5362 3.5
      vertex -24.6749 11.3674 3.5
      vertex -24.5424 11.0392 3.5
    endloop
  endfacet
  facet normal 0 0 1
    outer loop
      vertex -24.8451 12.6348 3.5
      vertex -24.0057 12.8925 3.5
      vertex -24.8298 13.0539 3.5
    endloop
  endfacet
  facet normal 0 0 1
    outer loop
      vertex -23.5715 11.3097 3.5
      vertex -24.3721 10.7581 3.5
      vertex -24.1657 10.5263 3.5
    endloop
  endfacet
  facet normal 0 0 1
    outer loop
      vertex -24.0057 12.8925 3.5
      vertex -24.8451 12.6348 3.5
      vertex -24.0151 12.6348 3.5
    endloop
  endfacet
  facet normal 0 0 1
    outer loop
      vertex -23.6897 11.4088 3.5
      vertex -24.5424 11.0392 3.5
      vertex -24.3721 10.7581 3.5
    endloop
  endfacet
  facet normal 0 0 1
    outer loop
      vertex -18.1619 11.3464 3.5
      vertex -19.0101 11.5914 3.5
      vertex -18.2755 11.0114 3.5
    endloop
  endfacet
  facet normal -0 0 1
    outer loop
      vertex -19.099 11.4019 3.5
      vertex -18.2755 11.0114 3.5
      vertex -19.0101 11.5914 3.5
    endloop
  endfacet
  facet normal 0 0 1
    outer loop
      vertex -18.2755 11.0114 3.5
      vertex -19.099 11.4019 3.5
      vertex -18.4216 10.7214 3.5
    endloop
  endfacet
  facet normal -0 0 1
    outer loop
      vertex -19.2093 11.2381 3.5
      vertex -18.4216 10.7214 3.5
      vertex -19.099 11.4019 3.5
    endloop
  endfacet
  facet normal 0 0 1
    outer loop
      vertex -18.4216 10.7214 3.5
      vertex -19.2093 11.2381 3.5
      vertex -18.6021 10.4728 3.5
    endloop
  endfacet
  facet normal -0 0 1
    outer loop
      vertex -19.3422 11.0983 3.5
      vertex -18.6021 10.4728 3.5
      vertex -19.2093 11.2381 3.5
    endloop
  endfacet
  facet normal 0 0 1
    outer loop
      vertex -18.6021 10.4728 3.5
      vertex -19.3422 11.0983 3.5
      vertex -18.819 10.2615 3.5
    endloop
  endfacet
  facet normal -0 0 1
    outer loop
      vertex -19.4978 10.9823 3.5
      vertex -18.819 10.2615 3.5
      vertex -19.3422 11.0983 3.5
    endloop
  endfacet
  facet normal 0 0 1
    outer loop
      vertex -18.819 10.2615 3.5
      vertex -19.4978 10.9823 3.5
      vertex -19.0723 10.0876 3.5
    endloop
  endfacet
  facet normal -0 0 1
    outer loop
      vertex -19.6762 10.8903 3.5
      vertex -19.0723 10.0876 3.5
      vertex -19.4978 10.9823 3.5
    endloop
  endfacet
  facet normal 0 0 1
    outer loop
      vertex -19.0723 10.0876 3.5
      vertex -19.6762 10.8903 3.5
      vertex -19.362 9.951 3.5
    endloop
  endfacet
  facet normal -0 0 1
    outer loop
      vertex -19.8772 10.8222 3.5
      vertex -19.362 9.951 3.5
      vertex -19.6762 10.8903 3.5
    endloop
  endfacet
  facet normal 0 0 1
    outer loop
      vertex -19.362 9.951 3.5
      vertex -19.8772 10.8222 3.5
      vertex -19.688 9.85176 3.5
    endloop
  endfacet
  facet normal 0 0 1
    outer loop
      vertex -18.1378 30.2027 3.5
      vertex -18.9984 29.5496 3.5
      vertex -18.1378 28.9027 3.5
    endloop
  endfacet
  facet normal 0 0 1
    outer loop
      vertex -18.1378 30.2027 3.5
      vertex -19.7125 29.7633 3.5
      vertex -18.9984 29.5496 3.5
    endloop
  endfacet
  facet normal 0 0 1
    outer loop
      vertex -18.1378 30.2027 3.5
      vertex -20.4326 30.0012 3.5
      vertex -19.7125 29.7633 3.5
    endloop
  endfacet
  facet normal 0 0 1
    outer loop
      vertex -24.7414 32.6683 3.5
      vertex -20.4326 30.0012 3.5
      vertex -18.1378 30.2027 3.5
    endloop
  endfacet
  facet normal 0 0 1
    outer loop
      vertex -20.4326 30.0012 3.5
      vertex -24.7414 32.6683 3.5
      vertex -24.7414 31.5026 3.5
    endloop
  endfacet
  facet normal -0 0 1
    outer loop
      vertex -19.441 29.4234 3.5
      vertex -18.1378 28.9027 3.5
      vertex -18.9984 29.5496 3.5
    endloop
  endfacet
  facet normal -0 0 1
    outer loop
      vertex -19.8069 29.3182 3.5
      vertex -18.1378 28.9027 3.5
      vertex -19.441 29.4234 3.5
    endloop
  endfacet
  facet normal -0 0 1
    outer loop
      vertex -20.0962 29.234 3.5
      vertex -18.1378 28.9027 3.5
      vertex -19.8069 29.3182 3.5
    endloop
  endfacet
  facet normal -0 0 1
    outer loop
      vertex -20.3088 29.1707 3.5
      vertex -18.1378 28.9027 3.5
      vertex -20.0962 29.234 3.5
    endloop
  endfacet
  facet normal -0 0 1
    outer loop
      vertex -20.4448 29.1285 3.5
      vertex -18.1378 28.9027 3.5
      vertex -20.3088 29.1707 3.5
    endloop
  endfacet
  facet normal 0 0 1
    outer loop
      vertex -24.7414 26.5042 3.5
      vertex -20.4448 29.1285 3.5
      vertex -24.7414 27.676 3.5
    endloop
  endfacet
  facet normal 0 0 1
    outer loop
      vertex -20.4448 29.1285 3.5
      vertex -24.7414 26.5042 3.5
      vertex -18.1378 28.9027 3.5
    endloop
  endfacet
  facet normal -0.992598 -0.121449 0
    outer loop
      vertex -18.0268 -8.28842 3.5
      vertex -18.0597 -8.01953 5.01
      vertex -18.0597 -8.01953 3.5
    endloop
  endfacet
  facet normal -0.992598 -0.121449 0
    outer loop
      vertex -18.0597 -8.01953 5.01
      vertex -18.0268 -8.28842 3.5
      vertex -18.0268 -8.28842 5.01
    endloop
  endfacet
  facet normal -0.976654 -0.214817 0
    outer loop
      vertex -18.0597 -8.01953 3.5
      vertex -18.1146 -7.76993 5.01
      vertex -18.1146 -7.76993 3.5
    endloop
  endfacet
  facet normal -0.976654 -0.214817 0
    outer loop
      vertex -18.1146 -7.76993 5.01
      vertex -18.0597 -8.01953 3.5
      vertex -18.0597 -8.01953 5.01
    endloop
  endfacet
  facet normal -0.948531 -0.316685 0
    outer loop
      vertex -18.1146 -7.76993 3.5
      vertex -18.1915 -7.5396 5.01
      vertex -18.1915 -7.5396 3.5
    endloop
  endfacet
  facet normal -0.948531 -0.316685 0
    outer loop
      vertex -18.1915 -7.5396 5.01
      vertex -18.1146 -7.76993 3.5
      vertex -18.1146 -7.76993 5.01
    endloop
  endfacet
  facet normal -0.905485 -0.424379 0
    outer loop
      vertex -18.1915 -7.5396 3.5
      vertex -18.2904 -7.32858 5.01
      vertex -18.2904 -7.32858 3.5
    endloop
  endfacet
  facet normal -0.905485 -0.424379 0
    outer loop
      vertex -18.2904 -7.32858 5.01
      vertex -18.1915 -7.5396 3.5
      vertex -18.1915 -7.5396 5.01
    endloop
  endfacet
  facet normal -0.841547 -0.540184 0
    outer loop
      vertex -18.2904 -7.32858 3.5
      vertex -18.4146 -7.13509 5.01
      vertex -18.4146 -7.13509 3.5
    endloop
  endfacet
  facet normal -0.841547 -0.540184 0
    outer loop
      vertex -18.4146 -7.13509 5.01
      vertex -18.2904 -7.32858 3.5
      vertex -18.2904 -7.32858 5.01
    endloop
  endfacet
  facet normal -0.757454 -0.652889 0
    outer loop
      vertex -18.4146 -7.13509 3.5
      vertex -18.5677 -6.95747 5.01
      vertex -18.5677 -6.95747 3.5
    endloop
  endfacet
  facet normal -0.757454 -0.652889 0
    outer loop
      vertex -18.5677 -6.95747 5.01
      vertex -18.4146 -7.13509 3.5
      vertex -18.4146 -7.13509 5.01
    endloop
  endfacet
  facet normal -0.664481 -0.747305 0
    outer loop
      vertex -18.7496 -6.79573 3.5
      vertex -18.5677 -6.95747 5.01
      vertex -18.7496 -6.79573 5.01
    endloop
  endfacet
  facet normal -0.664481 -0.747305 -0
    outer loop
      vertex -18.5677 -6.95747 5.01
      vertex -18.7496 -6.79573 3.5
      vertex -18.5677 -6.95747 3.5
    endloop
  endfacet
  facet normal -0.569265 -0.822154 0
    outer loop
      vertex -18.9603 -6.64984 3.5
      vertex -18.7496 -6.79573 5.01
      vertex -18.9603 -6.64984 5.01
    endloop
  endfacet
  facet normal -0.569265 -0.822154 -0
    outer loop
      vertex -18.7496 -6.79573 5.01
      vertex -18.9603 -6.64984 3.5
      vertex -18.7496 -6.79573 3.5
    endloop
  endfacet
  facet normal -0.477205 -0.878792 0
    outer loop
      vertex -19.1997 -6.51984 3.5
      vertex -18.9603 -6.64984 5.01
      vertex -19.1997 -6.51984 5.01
    endloop
  endfacet
  facet normal -0.477205 -0.878792 -0
    outer loop
      vertex -18.9603 -6.64984 5.01
      vertex -19.1997 -6.51984 3.5
      vertex -18.9603 -6.64984 3.5
    endloop
  endfacet
  facet normal -1 0 0
    outer loop
      vertex -19.1997 -6.51984 3.5
      vertex -19.1997 -6.49545 5.01
      vertex -19.1997 -6.49545 3.5
    endloop
  endfacet
  facet normal -1 -0 0
    outer loop
      vertex -19.1997 -6.49545 5.01
      vertex -19.1997 -6.51984 3.5
      vertex -19.1997 -6.51984 5.01
    endloop
  endfacet
  facet normal -0.00798847 0.999968 0
    outer loop
      vertex -19.0933 -6.4946 3.5
      vertex -19.1997 -6.49545 5.01
      vertex -19.0933 -6.4946 5.01
    endloop
  endfacet
  facet normal -0.00798847 0.999968 0
    outer loop
      vertex -19.1997 -6.49545 5.01
      vertex -19.0933 -6.4946 3.5
      vertex -19.1997 -6.49545 3.5
    endloop
  endfacet
  facet normal -0.022479 0.999747 0
    outer loop
      vertex -18.979 -6.49203 3.5
      vertex -19.0933 -6.4946 5.01
      vertex -18.979 -6.49203 5.01
    endloop
  endfacet
  facet normal -0.022479 0.999747 0
    outer loop
      vertex -19.0933 -6.4946 5.01
      vertex -18.979 -6.49203 3.5
      vertex -19.0933 -6.4946 3.5
    endloop
  endfacet
  facet normal -0.0349786 0.999388 0
    outer loop
      vertex -18.857 -6.48776 3.5
      vertex -18.979 -6.49203 5.01
      vertex -18.857 -6.48776 5.01
    endloop
  endfacet
  facet normal -0.0349786 0.999388 0
    outer loop
      vertex -18.979 -6.49203 5.01
      vertex -18.857 -6.48776 3.5
      vertex -18.979 -6.49203 3.5
    endloop
  endfacet
  facet normal -0.0458332 0.998949 0
    outer loop
      vertex -18.7271 -6.4818 3.5
      vertex -18.857 -6.48776 5.01
      vertex -18.7271 -6.4818 5.01
    endloop
  endfacet
  facet normal -0.0458332 0.998949 0
    outer loop
      vertex -18.857 -6.48776 5.01
      vertex -18.7271 -6.4818 3.5
      vertex -18.857 -6.48776 3.5
    endloop
  endfacet
  facet normal -0.0556869 0.998448 0
    outer loop
      vertex -18.5894 -6.47412 3.5
      vertex -18.7271 -6.4818 5.01
      vertex -18.5894 -6.47412 5.01
    endloop
  endfacet
  facet normal -0.0556869 0.998448 0
    outer loop
      vertex -18.7271 -6.4818 5.01
      vertex -18.5894 -6.47412 3.5
      vertex -18.7271 -6.4818 3.5
    endloop
  endfacet
  facet normal -0.0642236 0.997936 0
    outer loop
      vertex -18.4581 -6.46567 3.5
      vertex -18.5894 -6.47412 5.01
      vertex -18.4581 -6.46567 5.01
    endloop
  endfacet
  facet normal -0.0642236 0.997936 0
    outer loop
      vertex -18.5894 -6.47412 5.01
      vertex -18.4581 -6.46567 3.5
      vertex -18.5894 -6.47412 3.5
    endloop
  endfacet
  facet normal -0.0736263 0.997286 0
    outer loop
      vertex -18.3473 -6.45749 3.5
      vertex -18.4581 -6.46567 5.01
      vertex -18.3473 -6.45749 5.01
    endloop
  endfacet
  facet normal -0.0736263 0.997286 0
    outer loop
      vertex -18.4581 -6.46567 5.01
      vertex -18.3473 -6.45749 3.5
      vertex -18.4581 -6.46567 3.5
    endloop
  endfacet
  facet normal -0.0877006 0.996147 0
    outer loop
      vertex -18.257 -6.44954 3.5
      vertex -18.3473 -6.45749 5.01
      vertex -18.257 -6.44954 5.01
    endloop
  endfacet
  facet normal -0.0877006 0.996147 0
    outer loop
      vertex -18.3473 -6.45749 5.01
      vertex -18.257 -6.44954 3.5
      vertex -18.3473 -6.45749 3.5
    endloop
  endfacet
  facet normal -0.109214 0.994018 0
    outer loop
      vertex -18.1871 -6.44186 3.5
      vertex -18.257 -6.44954 5.01
      vertex -18.1871 -6.44186 5.01
    endloop
  endfacet
  facet normal -0.109214 0.994018 0
    outer loop
      vertex -18.257 -6.44954 5.01
      vertex -18.1871 -6.44186 3.5
      vertex -18.257 -6.44954 3.5
    endloop
  endfacet
  facet normal -0.149223 0.988804 0
    outer loop
      vertex -18.1378 -6.43442 3.5
      vertex -18.1871 -6.44186 5.01
      vertex -18.1378 -6.43442 5.01
    endloop
  endfacet
  facet normal -0.149223 0.988804 0
    outer loop
      vertex -18.1871 -6.44186 5.01
      vertex -18.1378 -6.43442 3.5
      vertex -18.1871 -6.44186 3.5
    endloop
  endfacet
  facet normal -1 0 0
    outer loop
      vertex -18.1378 -6.43442 3.5
      vertex -18.1378 -5.38466 5.01
      vertex -18.1378 -5.38466 3.5
    endloop
  endfacet
  facet normal -1 -0 0
    outer loop
      vertex -18.1378 -5.38466 5.01
      vertex -18.1378 -6.43442 3.5
      vertex -18.1378 -6.43442 5.01
    endloop
  endfacet
  facet normal 0.0822717 -0.99661 0
    outer loop
      vertex -18.2977 -5.39786 3.5
      vertex -18.1378 -5.38466 5.01
      vertex -18.2977 -5.39786 5.01
    endloop
  endfacet
  facet normal 0.0822717 -0.99661 0
    outer loop
      vertex -18.1378 -5.38466 5.01
      vertex -18.2977 -5.39786 3.5
      vertex -18.1378 -5.38466 3.5
    endloop
  endfacet
  facet normal 0.0473785 -0.998877 0
    outer loop
      vertex -18.5138 -5.40811 3.5
      vertex -18.2977 -5.39786 5.01
      vertex -18.5138 -5.40811 5.01
    endloop
  endfacet
  facet normal 0.0473785 -0.998877 0
    outer loop
      vertex -18.2977 -5.39786 5.01
      vertex -18.5138 -5.40811 3.5
      vertex -18.2977 -5.39786 3.5
    endloop
  endfacet
  facet normal 0.026919 -0.999638 0
    outer loop
      vertex -18.786 -5.41544 3.5
      vertex -18.5138 -5.40811 5.01
      vertex -18.786 -5.41544 5.01
    endloop
  endfacet
  facet normal 0.026919 -0.999638 0
    outer loop
      vertex -18.5138 -5.40811 5.01
      vertex -18.786 -5.41544 3.5
      vertex -18.5138 -5.40811 3.5
    endloop
  endfacet
  facet normal 0.0133707 -0.999911 0
    outer loop
      vertex -19.1143 -5.41983 3.5
      vertex -18.786 -5.41544 5.01
      vertex -19.1143 -5.41983 5.01
    endloop
  endfacet
  facet normal 0.0133707 -0.999911 0
    outer loop
      vertex -18.786 -5.41544 5.01
      vertex -19.1143 -5.41983 3.5
      vertex -18.786 -5.41544 3.5
    endloop
  endfacet
  facet normal 0.00382312 -0.999993 0
    outer loop
      vertex -19.4988 -5.4213 3.5
      vertex -19.1143 -5.41983 5.01
      vertex -19.4988 -5.4213 5.01
    endloop
  endfacet
  facet normal 0.00382312 -0.999993 0
    outer loop
      vertex -19.1143 -5.41983 5.01
      vertex -19.4988 -5.4213 3.5
      vertex -19.1143 -5.41983 3.5
    endloop
  endfacet
  facet normal 0 -1 0
    outer loop
      vertex -27.1949 -5.4213 3.5
      vertex -19.4988 -5.4213 5.01
      vertex -27.1949 -5.4213 5.01
    endloop
  endfacet
  facet normal 0 -1 -0
    outer loop
      vertex -19.4988 -5.4213 5.01
      vertex -27.1949 -5.4213 3.5
      vertex -19.4988 -5.4213 3.5
    endloop
  endfacet
  facet normal 1 -0 0
    outer loop
      vertex -27.1949 -6.51984 5.01
      vertex -27.1949 -5.4213 3.5
      vertex -27.1949 -5.4213 5.01
    endloop
  endfacet
  facet normal 1 0 0
    outer loop
      vertex -27.1949 -5.4213 3.5
      vertex -27.1949 -6.51984 5.01
      vertex -27.1949 -6.51984 3.5
    endloop
  endfacet
  facet normal 0 1 -0
    outer loop
      vertex -24.4545 -6.51984 3.5
      vertex -27.1949 -6.51984 5.01
      vertex -24.4545 -6.51984 5.01
    endloop
  endfacet
  facet normal 0 1 0
    outer loop
      vertex -27.1949 -6.51984 5.01
      vertex -24.4545 -6.51984 3.5
      vertex -27.1949 -6.51984 3.5
    endloop
  endfacet
  facet normal -0.0165741 0.999863 0
    outer loop
      vertex -23.7161 -6.5076 3.5
      vertex -24.4545 -6.51984 5.01
      vertex -23.7161 -6.5076 5.01
    endloop
  endfacet
  facet normal -0.0165741 0.999863 0
    outer loop
      vertex -24.4545 -6.51984 5.01
      vertex -23.7161 -6.5076 3.5
      vertex -24.4545 -6.51984 3.5
    endloop
  endfacet
  facet normal 1 -0 0
    outer loop
      vertex -23.7161 -6.51984 5.01
      vertex -23.7161 -6.5076 3.5
      vertex -23.7161 -6.5076 5.01
    endloop
  endfacet
  facet normal 1 0 0
    outer loop
      vertex -23.7161 -6.5076 3.5
      vertex -23.7161 -6.51984 5.01
      vertex -23.7161 -6.51984 3.5
    endloop
  endfacet
  facet normal 0.497772 -0.867308 0
    outer loop
      vertex -23.9424 -6.64972 3.5
      vertex -23.7161 -6.51984 5.01
      vertex -23.9424 -6.64972 5.01
    endloop
  endfacet
  facet normal 0.497772 -0.867308 0
    outer loop
      vertex -23.7161 -6.51984 5.01
      vertex -23.9424 -6.64972 3.5
      vertex -23.7161 -6.51984 3.5
    endloop
  endfacet
  facet normal 0.587576 -0.809169 0
    outer loop
      vertex -24.1428 -6.79524 3.5
      vertex -23.9424 -6.64972 5.01
      vertex -24.1428 -6.79524 5.01
    endloop
  endfacet
  facet normal 0.587576 -0.809169 0
    outer loop
      vertex -23.9424 -6.64972 5.01
      vertex -24.1428 -6.79524 3.5
      vertex -23.9424 -6.64972 3.5
    endloop
  endfacet
  facet normal 0.678423 -0.734671 0
    outer loop
      vertex -24.3173 -6.95638 3.5
      vertex -24.1428 -6.79524 5.01
      vertex -24.3173 -6.95638 5.01
    endloop
  endfacet
  facet normal 0.678423 -0.734671 0
    outer loop
      vertex -24.1428 -6.79524 5.01
      vertex -24.3173 -6.95638 3.5
      vertex -24.1428 -6.79524 3.5
    endloop
  endfacet
  facet normal 0.765214 -0.643776 0
    outer loop
      vertex -24.466 -7.13313 5.01
      vertex -24.3173 -6.95638 3.5
      vertex -24.3173 -6.95638 5.01
    endloop
  endfacet
  facet normal 0.765214 -0.643776 0
    outer loop
      vertex -24.3173 -6.95638 3.5
      vertex -24.466 -7.13313 5.01
      vertex -24.466 -7.13313 3.5
    endloop
  endfacet
  facet normal 0.843125 -0.537717 0
    outer loop
      vertex -24.5887 -7.32552 5.01
      vertex -24.466 -7.13313 3.5
      vertex -24.466 -7.13313 5.01
    endloop
  endfacet
  facet normal 0.843125 -0.537717 0
    outer loop
      vertex -24.466 -7.13313 3.5
      vertex -24.5887 -7.32552 5.01
      vertex -24.5887 -7.32552 3.5
    endloop
  endfacet
  facet normal 0.904825 -0.425785 0
    outer loop
      vertex -24.6876 -7.53569 5.01
      vertex -24.5887 -7.32552 3.5
      vertex -24.5887 -7.32552 5.01
    endloop
  endfacet
  facet normal 0.904825 -0.425785 0
    outer loop
      vertex -24.5887 -7.32552 3.5
      vertex -24.6876 -7.53569 5.01
      vertex -24.6876 -7.53569 3.5
    endloop
  endfacet
  facet normal 0.948473 -0.316858 0
    outer loop
      vertex -24.7645 -7.76588 5.01
      vertex -24.6876 -7.53569 3.5
      vertex -24.6876 -7.53569 5.01
    endloop
  endfacet
  facet normal 0.948473 -0.316858 0
    outer loop
      vertex -24.6876 -7.53569 3.5
      vertex -24.7645 -7.76588 5.01
      vertex -24.7645 -7.76588 3.5
    endloop
  endfacet
  facet normal 0.976684 -0.214682 0
    outer loop
      vertex -24.8195 -8.0161 5.01
      vertex -24.7645 -7.76588 3.5
      vertex -24.7645 -7.76588 5.01
    endloop
  endfacet
  facet normal 0.976684 -0.214682 0
    outer loop
      vertex -24.7645 -7.76588 3.5
      vertex -24.8195 -8.0161 5.01
      vertex -24.8195 -8.0161 3.5
    endloop
  endfacet
  facet normal 0.992671 -0.120847 0
    outer loop
      vertex -24.8524 -8.28635 5.01
      vertex -24.8195 -8.0161 3.5
      vertex -24.8195 -8.0161 5.01
    endloop
  endfacet
  facet normal 0.992671 -0.120847 0
    outer loop
      vertex -24.8195 -8.0161 3.5
      vertex -24.8524 -8.28635 5.01
      vertex -24.8524 -8.28635 3.5
    endloop
  endfacet
  facet normal 0.999283 -0.0378712 0
    outer loop
      vertex -24.8634 -8.5766 5.01
      vertex -24.8524 -8.28635 3.5
      vertex -24.8524 -8.28635 5.01
    endloop
  endfacet
  facet normal 0.999283 -0.0378712 0
    outer loop
      vertex -24.8524 -8.28635 3.5
      vertex -24.8634 -8.5766 5.01
      vertex -24.8634 -8.5766 3.5
    endloop
  endfacet
  facet normal 0.987758 0.155994 0
    outer loop
      vertex -24.7253 -9.45105 5.01
      vertex -24.8634 -8.5766 3.5
      vertex -24.8634 -8.5766 5.01
    endloop
  endfacet
  facet normal 0.987758 0.155994 0
    outer loop
      vertex -24.8634 -8.5766 3.5
      vertex -24.7253 -9.45105 5.01
      vertex -24.7253 -9.45105 3.5
    endloop
  endfacet
  facet normal 0.853866 0.520492 0
    outer loop
      vertex -24.3107 -10.1312 5.01
      vertex -24.7253 -9.45105 3.5
      vertex -24.7253 -9.45105 5.01
    endloop
  endfacet
  facet normal 0.853866 0.520492 0
    outer loop
      vertex -24.7253 -9.45105 3.5
      vertex -24.3107 -10.1312 5.01
      vertex -24.3107 -10.1312 3.5
    endloop
  endfacet
  facet normal 0.575241 0.817984 -0
    outer loop
      vertex -23.6199 -10.617 3.5
      vertex -24.3107 -10.1312 5.01
      vertex -23.6199 -10.617 5.01
    endloop
  endfacet
  facet normal 0.575241 0.817984 0
    outer loop
      vertex -24.3107 -10.1312 5.01
      vertex -23.6199 -10.617 3.5
      vertex -24.3107 -10.1312 3.5
    endloop
  endfacet
  facet normal 0.288565 0.95746 -0
    outer loop
      vertex -22.6527 -10.9085 3.5
      vertex -23.6199 -10.617 5.01
      vertex -22.6527 -10.9085 5.01
    endloop
  endfacet
  facet normal 0.288565 0.95746 0
    outer loop
      vertex -23.6199 -10.617 5.01
      vertex -22.6527 -10.9085 3.5
      vertex -23.6199 -10.617 3.5
    endloop
  endfacet
  facet normal 0.0778428 0.996966 -0
    outer loop
      vertex -21.4091 -11.0056 3.5
      vertex -22.6527 -10.9085 5.01
      vertex -21.4091 -11.0056 5.01
    endloop
  endfacet
  facet normal 0.0778428 0.996966 0
    outer loop
      vertex -22.6527 -10.9085 5.01
      vertex -21.4091 -11.0056 3.5
      vertex -22.6527 -10.9085 3.5
    endloop
  endfacet
  facet normal -0.0361914 0.999345 0
    outer loop
      vertex -20.7602 -10.9821 3.5
      vertex -21.4091 -11.0056 5.01
      vertex -20.7602 -10.9821 5.01
    endloop
  endfacet
  facet normal -0.0361914 0.999345 0
    outer loop
      vertex -21.4091 -11.0056 5.01
      vertex -20.7602 -10.9821 3.5
      vertex -21.4091 -11.0056 3.5
    endloop
  endfacet
  facet normal -0.121104 0.99264 0
    outer loop
      vertex -20.1807 -10.9114 3.5
      vertex -20.7602 -10.9821 5.01
      vertex -20.1807 -10.9114 5.01
    endloop
  endfacet
  facet normal -0.121104 0.99264 0
    outer loop
      vertex -20.7602 -10.9821 5.01
      vertex -20.1807 -10.9114 3.5
      vertex -20.7602 -10.9821 3.5
    endloop
  endfacet
  facet normal -0.224929 0.974375 0
    outer loop
      vertex -19.6704 -10.7936 3.5
      vertex -20.1807 -10.9114 5.01
      vertex -19.6704 -10.7936 5.01
    endloop
  endfacet
  facet normal -0.224929 0.974375 0
    outer loop
      vertex -20.1807 -10.9114 5.01
      vertex -19.6704 -10.7936 3.5
      vertex -20.1807 -10.9114 3.5
    endloop
  endfacet
  facet normal -0.350378 0.936608 0
    outer loop
      vertex -19.2296 -10.6287 3.5
      vertex -19.6704 -10.7936 5.01
      vertex -19.2296 -10.6287 5.01
    endloop
  endfacet
  facet normal -0.350378 0.936608 0
    outer loop
      vertex -19.6704 -10.7936 5.01
      vertex -19.2296 -10.6287 3.5
      vertex -19.6704 -10.7936 3.5
    endloop
  endfacet
  facet normal -0.495535 0.868588 0
    outer loop
      vertex -18.858 -10.4167 3.5
      vertex -19.2296 -10.6287 5.01
      vertex -18.858 -10.4167 5.01
    endloop
  endfacet
  facet normal -0.495535 0.868588 0
    outer loop
      vertex -19.2296 -10.6287 5.01
      vertex -18.858 -10.4167 3.5
      vertex -19.2296 -10.6287 3.5
    endloop
  endfacet
  facet normal -0.653971 0.75652 0
    outer loop
      vertex -18.5548 -10.1546 3.5
      vertex -18.858 -10.4167 5.01
      vertex -18.5548 -10.1546 5.01
    endloop
  endfacet
  facet normal -0.653971 0.75652 0
    outer loop
      vertex -18.858 -10.4167 5.01
      vertex -18.5548 -10.1546 3.5
      vertex -18.858 -10.4167 3.5
    endloop
  endfacet
  facet normal -0.800594 0.599207 0
    outer loop
      vertex -18.5548 -10.1546 3.5
      vertex -18.319 -9.83955 5.01
      vertex -18.319 -9.83955 3.5
    endloop
  endfacet
  facet normal -0.800594 0.599207 0
    outer loop
      vertex -18.319 -9.83955 5.01
      vertex -18.5548 -10.1546 3.5
      vertex -18.5548 -10.1546 5.01
    endloop
  endfacet
  facet normal -0.909225 0.416305 0
    outer loop
      vertex -18.319 -9.83955 3.5
      vertex -18.1505 -9.47154 5.01
      vertex -18.1505 -9.47154 3.5
    endloop
  endfacet
  facet normal -0.909225 0.416305 0
    outer loop
      vertex -18.1505 -9.47154 5.01
      vertex -18.319 -9.83955 3.5
      vertex -18.319 -9.83955 5.01
    endloop
  endfacet
  facet normal -0.972407 0.233291 0
    outer loop
      vertex -18.1505 -9.47154 3.5
      vertex -18.0495 -9.05055 5.01
      vertex -18.0495 -9.05055 3.5
    endloop
  endfacet
  facet normal -0.972407 0.233291 0
    outer loop
      vertex -18.0495 -9.05055 5.01
      vertex -18.1505 -9.47154 3.5
      vertex -18.1505 -9.47154 5.01
    endloop
  endfacet
  facet normal -0.997482 0.0709255 0
    outer loop
      vertex -18.0495 -9.05055 3.5
      vertex -18.0158 -8.5766 5.01
      vertex -18.0158 -8.5766 3.5
    endloop
  endfacet
  facet normal -0.997482 0.0709255 0
    outer loop
      vertex -18.0158 -8.5766 5.01
      vertex -18.0495 -9.05055 3.5
      vertex -18.0495 -9.05055 5.01
    endloop
  endfacet
  facet normal -0.999272 -0.0381428 0
    outer loop
      vertex -18.0158 -8.5766 3.5
      vertex -18.0268 -8.28842 5.01
      vertex -18.0268 -8.28842 3.5
    endloop
  endfacet
  facet normal -0.999272 -0.0381428 0
    outer loop
      vertex -18.0268 -8.28842 5.01
      vertex -18.0158 -8.5766 3.5
      vertex -18.0158 -8.5766 5.01
    endloop
  endfacet
  facet normal 0.967488 -0.252915 0
    outer loop
      vertex -18.9598 -8.88173 5.01
      vertex -18.888 -8.60707 3.5
      vertex -18.888 -8.60707 5.01
    endloop
  endfacet
  facet normal 0.967488 -0.252915 0
    outer loop
      vertex -18.888 -8.60707 3.5
      vertex -18.9598 -8.88173 5.01
      vertex -18.9598 -8.88173 3.5
    endloop
  endfacet
  facet normal 0.893555 -0.448955 0
    outer loop
      vertex -19.0794 -9.11977 5.01
      vertex -18.9598 -8.88173 3.5
      vertex -18.9598 -8.88173 5.01
    endloop
  endfacet
  facet normal 0.893555 -0.448955 0
    outer loop
      vertex -18.9598 -8.88173 3.5
      vertex -19.0794 -9.11977 5.01
      vertex -19.0794 -9.11977 3.5
    endloop
  endfacet
  facet normal 0.768847 -0.639433 0
    outer loop
      vertex -19.2469 -9.32117 5.01
      vertex -19.0794 -9.11977 3.5
      vertex -19.0794 -9.11977 5.01
    endloop
  endfacet
  facet normal 0.768847 -0.639433 0
    outer loop
      vertex -19.0794 -9.11977 3.5
      vertex -19.2469 -9.32117 5.01
      vertex -19.2469 -9.32117 3.5
    endloop
  endfacet
  facet normal 0.607796 -0.794093 0
    outer loop
      vertex -19.4622 -9.48596 3.5
      vertex -19.2469 -9.32117 5.01
      vertex -19.4622 -9.48596 5.01
    endloop
  endfacet
  facet normal 0.607796 -0.794093 0
    outer loop
      vertex -19.2469 -9.32117 5.01
      vertex -19.4622 -9.48596 3.5
      vertex -19.2469 -9.32117 3.5
    endloop
  endfacet
  facet normal 0.437863 -0.899041 0
    outer loop
      vertex -19.7329 -9.6178 3.5
      vertex -19.4622 -9.48596 5.01
      vertex -19.7329 -9.6178 5.01
    endloop
  endfacet
  facet normal 0.437863 -0.899041 0
    outer loop
      vertex -19.4622 -9.48596 5.01
      vertex -19.7329 -9.6178 3.5
      vertex -19.4622 -9.48596 3.5
    endloop
  endfacet
  facet normal 0.293728 -0.955889 0
    outer loop
      vertex -20.0666 -9.72034 3.5
      vertex -19.7329 -9.6178 5.01
      vertex -20.0666 -9.72034 5.01
    endloop
  endfacet
  facet normal 0.293728 -0.955889 0
    outer loop
      vertex -19.7329 -9.6178 5.01
      vertex -20.0666 -9.72034 3.5
      vertex -19.7329 -9.6178 3.5
    endloop
  endfacet
  facet normal 0.181555 -0.983381 0
    outer loop
      vertex -20.4633 -9.79358 3.5
      vertex -20.0666 -9.72034 5.01
      vertex -20.4633 -9.79358 5.01
    endloop
  endfacet
  facet normal 0.181555 -0.983381 0
    outer loop
      vertex -20.0666 -9.72034 5.01
      vertex -20.4633 -9.79358 3.5
      vertex -20.0666 -9.72034 3.5
    endloop
  endfacet
  facet normal 0.0951504 -0.995463 0
    outer loop
      vertex -20.923 -9.83752 3.5
      vertex -20.4633 -9.79358 5.01
      vertex -20.923 -9.83752 5.01
    endloop
  endfacet
  facet normal 0.0951504 -0.995463 0
    outer loop
      vertex -20.4633 -9.79358 5.01
      vertex -20.923 -9.83752 3.5
      vertex -20.4633 -9.79358 3.5
    endloop
  endfacet
  facet normal 0.0280165 -0.999607 0
    outer loop
      vertex -21.4457 -9.85217 3.5
      vertex -20.923 -9.83752 5.01
      vertex -21.4457 -9.85217 5.01
    endloop
  endfacet
  facet normal 0.0280165 -0.999607 0
    outer loop
      vertex -20.923 -9.83752 5.01
      vertex -21.4457 -9.85217 3.5
      vertex -20.923 -9.83752 3.5
    endloop
  endfacet
  facet normal -0.0283325 -0.999599 0
    outer loop
      vertex -21.9668 -9.8374 3.5
      vertex -21.4457 -9.85217 5.01
      vertex -21.9668 -9.8374 5.01
    endloop
  endfacet
  facet normal -0.0283325 -0.999599 -0
    outer loop
      vertex -21.4457 -9.85217 5.01
      vertex -21.9668 -9.8374 3.5
      vertex -21.4457 -9.85217 3.5
    endloop
  endfacet
  facet normal -0.0959236 -0.995389 0
    outer loop
      vertex -22.4266 -9.79309 3.5
      vertex -21.9668 -9.8374 5.01
      vertex -22.4266 -9.79309 5.01
    endloop
  endfacet
  facet normal -0.0959236 -0.995389 -0
    outer loop
      vertex -21.9668 -9.8374 5.01
      vertex -22.4266 -9.79309 3.5
      vertex -21.9668 -9.8374 3.5
    endloop
  endfacet
  facet normal -0.182217 -0.983258 0
    outer loop
      vertex -22.8251 -9.71924 3.5
      vertex -22.4266 -9.79309 5.01
      vertex -22.8251 -9.71924 5.01
    endloop
  endfacet
  facet normal -0.182217 -0.983258 -0
    outer loop
      vertex -22.4266 -9.79309 5.01
      vertex -22.8251 -9.71924 3.5
      vertex -22.4266 -9.79309 3.5
    endloop
  endfacet
  facet normal -0.29309 -0.956085 0
    outer loop
      vertex -23.1624 -9.61584 3.5
      vertex -22.8251 -9.71924 5.01
      vertex -23.1624 -9.61584 5.01
    endloop
  endfacet
  facet normal -0.29309 -0.956085 -0
    outer loop
      vertex -22.8251 -9.71924 5.01
      vertex -23.1624 -9.61584 3.5
      vertex -22.8251 -9.71924 3.5
    endloop
  endfacet
  facet normal -0.433925 -0.900949 0
    outer loop
      vertex -23.4384 -9.48291 3.5
      vertex -23.1624 -9.61584 5.01
      vertex -23.4384 -9.48291 5.01
    endloop
  endfacet
  facet normal -0.433925 -0.900949 -0
    outer loop
      vertex -23.1624 -9.61584 5.01
      vertex -23.4384 -9.48291 3.5
      vertex -23.1624 -9.61584 3.5
    endloop
  endfacet
  facet normal -0.60125 -0.799061 0
    outer loop
      vertex -23.6592 -9.31677 3.5
      vertex -23.4384 -9.48291 5.01
      vertex -23.6592 -9.31677 5.01
    endloop
  endfacet
  facet normal -0.60125 -0.799061 -0
    outer loop
      vertex -23.4384 -9.48291 5.01
      vertex -23.6592 -9.31677 3.5
      vertex -23.4384 -9.48291 3.5
    endloop
  endfacet
  facet normal -0.763515 -0.64579 0
    outer loop
      vertex -23.6592 -9.31677 3.5
      vertex -23.8309 -9.11377 5.01
      vertex -23.8309 -9.11377 3.5
    endloop
  endfacet
  facet normal -0.763515 -0.64579 0
    outer loop
      vertex -23.8309 -9.11377 5.01
      vertex -23.6592 -9.31677 3.5
      vertex -23.6592 -9.31677 5.01
    endloop
  endfacet
  facet normal -0.890261 -0.45545 0
    outer loop
      vertex -23.8309 -9.11377 3.5
      vertex -23.9536 -8.87393 5.01
      vertex -23.9536 -8.87393 3.5
    endloop
  endfacet
  facet normal -0.890261 -0.45545 0
    outer loop
      vertex -23.9536 -8.87393 5.01
      vertex -23.8309 -9.11377 3.5
      vertex -23.8309 -9.11377 5.01
    endloop
  endfacet
  facet normal -0.966402 -0.257037 0
    outer loop
      vertex -23.9536 -8.87393 3.5
      vertex -24.0272 -8.59721 5.01
      vertex -24.0272 -8.59721 3.5
    endloop
  endfacet
  facet normal -0.966402 -0.257037 0
    outer loop
      vertex -24.0272 -8.59721 5.01
      vertex -23.9536 -8.87393 3.5
      vertex -23.9536 -8.87393 5.01
    endloop
  endfacet
  facet normal -0.996961 -0.0779 0
    outer loop
      vertex -24.0272 -8.59721 3.5
      vertex -24.0517 -8.28366 5.01
      vertex -24.0517 -8.28366 3.5
    endloop
  endfacet
  facet normal -0.996961 -0.0779 0
    outer loop
      vertex -24.0517 -8.28366 5.01
      vertex -24.0272 -8.59721 3.5
      vertex -24.0272 -8.59721 5.01
    endloop
  endfacet
  facet normal -0.99756 0.0698175 0
    outer loop
      vertex -24.0517 -8.28366 3.5
      vertex -24.0273 -7.93503 5.01
      vertex -24.0273 -7.93503 3.5
    endloop
  endfacet
  facet normal -0.99756 0.0698175 0
    outer loop
      vertex -24.0273 -7.93503 5.01
      vertex -24.0517 -8.28366 3.5
      vertex -24.0517 -8.28366 5.01
    endloop
  endfacet
  facet normal -0.972999 0.230811 0
    outer loop
      vertex -24.0273 -7.93503 3.5
      vertex -23.9541 -7.62645 5.01
      vertex -23.9541 -7.62645 3.5
    endloop
  endfacet
  facet normal -0.972999 0.230811 0
    outer loop
      vertex -23.9541 -7.62645 5.01
      vertex -24.0273 -7.93503 3.5
      vertex -24.0273 -7.93503 5.01
    endloop
  endfacet
  facet normal -0.91032 0.413905 0
    outer loop
      vertex -23.9541 -7.62645 3.5
      vertex -23.832 -7.35791 5.01
      vertex -23.832 -7.35791 3.5
    endloop
  endfacet
  facet normal -0.91032 0.413905 0
    outer loop
      vertex -23.832 -7.35791 5.01
      vertex -23.9541 -7.62645 3.5
      vertex -23.9541 -7.62645 5.01
    endloop
  endfacet
  facet normal -0.800798 0.598934 0
    outer loop
      vertex -23.832 -7.35791 3.5
      vertex -23.6611 -7.12941 5.01
      vertex -23.6611 -7.12941 3.5
    endloop
  endfacet
  facet normal -0.800798 0.598934 0
    outer loop
      vertex -23.6611 -7.12941 5.01
      vertex -23.832 -7.35791 3.5
      vertex -23.832 -7.35791 5.01
    endloop
  endfacet
  facet normal -0.651082 0.759008 0
    outer loop
      vertex -23.4414 -6.94095 3.5
      vertex -23.6611 -7.12941 5.01
      vertex -23.4414 -6.94095 5.01
    endloop
  endfacet
  facet normal -0.651082 0.759008 0
    outer loop
      vertex -23.6611 -7.12941 5.01
      vertex -23.4414 -6.94095 3.5
      vertex -23.6611 -7.12941 3.5
    endloop
  endfacet
  facet normal -0.486569 0.873642 0
    outer loop
      vertex -23.1692 -6.78935 3.5
      vertex -23.4414 -6.94095 5.01
      vertex -23.1692 -6.78935 5.01
    endloop
  endfacet
  facet normal -0.486569 0.873642 0
    outer loop
      vertex -23.4414 -6.94095 5.01
      vertex -23.1692 -6.78935 3.5
      vertex -23.4414 -6.94095 3.5
    endloop
  endfacet
  facet normal -0.338039 0.941132 0
    outer loop
      vertex -22.8409 -6.67143 3.5
      vertex -23.1692 -6.78935 5.01
      vertex -22.8409 -6.67143 5.01
    endloop
  endfacet
  facet normal -0.338039 0.941132 0
    outer loop
      vertex -23.1692 -6.78935 5.01
      vertex -22.8409 -6.67143 3.5
      vertex -23.1692 -6.78935 3.5
    endloop
  endfacet
  facet normal -0.213941 0.976847 0
    outer loop
      vertex -22.4564 -6.58722 3.5
      vertex -22.8409 -6.67143 5.01
      vertex -22.4564 -6.58722 5.01
    endloop
  endfacet
  facet normal -0.213941 0.976847 0
    outer loop
      vertex -22.8409 -6.67143 5.01
      vertex -22.4564 -6.58722 3.5
      vertex -22.8409 -6.67143 3.5
    endloop
  endfacet
  facet normal -0.113934 0.993488 0
    outer loop
      vertex -22.0157 -6.53668 3.5
      vertex -22.4564 -6.58722 5.01
      vertex -22.0157 -6.53668 5.01
    endloop
  endfacet
  facet normal -0.113934 0.993488 0
    outer loop
      vertex -22.4564 -6.58722 5.01
      vertex -22.0157 -6.53668 3.5
      vertex -22.4564 -6.58722 3.5
    endloop
  endfacet
  facet normal -0.0338775 0.999426 0
    outer loop
      vertex -21.5189 -6.51984 3.5
      vertex -22.0157 -6.53668 5.01
      vertex -21.5189 -6.51984 5.01
    endloop
  endfacet
  facet normal -0.0338775 0.999426 0
    outer loop
      vertex -22.0157 -6.53668 5.01
      vertex -21.5189 -6.51984 3.5
      vertex -22.0157 -6.53668 3.5
    endloop
  endfacet
  facet normal 0.0326309 0.999467 -0
    outer loop
      vertex -21.0031 -6.53668 3.5
      vertex -21.5189 -6.51984 5.01
      vertex -21.0031 -6.53668 5.01
    endloop
  endfacet
  facet normal 0.0326309 0.999467 0
    outer loop
      vertex -21.5189 -6.51984 5.01
      vertex -21.0031 -6.53668 3.5
      vertex -21.5189 -6.51984 3.5
    endloop
  endfacet
  facet normal 0.109518 0.993985 -0
    outer loop
      vertex -20.5444 -6.58722 3.5
      vertex -21.0031 -6.53668 5.01
      vertex -20.5444 -6.58722 5.01
    endloop
  endfacet
  facet normal 0.109518 0.993985 0
    outer loop
      vertex -21.0031 -6.53668 5.01
      vertex -20.5444 -6.58722 3.5
      vertex -21.0031 -6.53668 3.5
    endloop
  endfacet
  facet normal 0.205223 0.978715 -0
    outer loop
      vertex -20.1428 -6.67143 3.5
      vertex -20.5444 -6.58722 5.01
      vertex -20.1428 -6.67143 5.01
    endloop
  endfacet
  facet normal 0.205223 0.978715 0
    outer loop
      vertex -20.5444 -6.58722 5.01
      vertex -20.1428 -6.67143 3.5
      vertex -20.5444 -6.58722 3.5
    endloop
  endfacet
  facet normal 0.323931 0.946081 -0
    outer loop
      vertex -19.7984 -6.78935 3.5
      vertex -20.1428 -6.67143 5.01
      vertex -19.7984 -6.78935 5.01
    endloop
  endfacet
  facet normal 0.323931 0.946081 0
    outer loop
      vertex -20.1428 -6.67143 5.01
      vertex -19.7984 -6.78935 3.5
      vertex -20.1428 -6.67143 3.5
    endloop
  endfacet
  facet normal 0.466558 0.884491 -0
    outer loop
      vertex -19.511 -6.94095 3.5
      vertex -19.7984 -6.78935 5.01
      vertex -19.511 -6.94095 5.01
    endloop
  endfacet
  facet normal 0.466558 0.884491 0
    outer loop
      vertex -19.7984 -6.78935 5.01
      vertex -19.511 -6.94095 3.5
      vertex -19.7984 -6.78935 3.5
    endloop
  endfacet
  facet normal 0.630191 0.77644 -0
    outer loop
      vertex -19.2782 -7.1299 3.5
      vertex -19.511 -6.94095 5.01
      vertex -19.2782 -7.1299 5.01
    endloop
  endfacet
  facet normal 0.630191 0.77644 0
    outer loop
      vertex -19.511 -6.94095 5.01
      vertex -19.2782 -7.1299 3.5
      vertex -19.511 -6.94095 3.5
    endloop
  endfacet
  facet normal 0.785459 0.618913 0
    outer loop
      vertex -19.097 -7.35986 5.01
      vertex -19.2782 -7.1299 3.5
      vertex -19.2782 -7.1299 5.01
    endloop
  endfacet
  facet normal 0.785459 0.618913 0
    outer loop
      vertex -19.2782 -7.1299 3.5
      vertex -19.097 -7.35986 5.01
      vertex -19.097 -7.35986 3.5
    endloop
  endfacet
  facet normal 0.902386 0.430929 0
    outer loop
      vertex -18.9676 -7.63083 5.01
      vertex -19.097 -7.35986 3.5
      vertex -19.097 -7.35986 5.01
    endloop
  endfacet
  facet normal 0.902386 0.430929 0
    outer loop
      vertex -19.097 -7.35986 3.5
      vertex -18.9676 -7.63083 5.01
      vertex -18.9676 -7.63083 3.5
    endloop
  endfacet
  facet normal 0.970431 0.241379 0
    outer loop
      vertex -18.89 -7.94281 5.01
      vertex -18.9676 -7.63083 3.5
      vertex -18.9676 -7.63083 5.01
    endloop
  endfacet
  facet normal 0.970431 0.241379 0
    outer loop
      vertex -18.9676 -7.63083 3.5
      vertex -18.89 -7.94281 5.01
      vertex -18.89 -7.94281 3.5
    endloop
  endfacet
  facet normal 0.997319 0.0731744 0
    outer loop
      vertex -18.8641 -8.29581 5.01
      vertex -18.89 -7.94281 3.5
      vertex -18.89 -7.94281 5.01
    endloop
  endfacet
  facet normal 0.997319 0.0731744 0
    outer loop
      vertex -18.89 -7.94281 3.5
      vertex -18.8641 -8.29581 5.01
      vertex -18.8641 -8.29581 3.5
    endloop
  endfacet
  facet normal 0.997065 -0.0765593 0
    outer loop
      vertex -18.888 -8.60707 5.01
      vertex -18.8641 -8.29581 3.5
      vertex -18.8641 -8.29581 5.01
    endloop
  endfacet
  facet normal 0.997065 -0.0765593 0
    outer loop
      vertex -18.8641 -8.29581 3.5
      vertex -18.888 -8.60707 5.01
      vertex -18.888 -8.60707 3.5
    endloop
  endfacet
  facet normal 1 -0 0
    outer loop
      vertex -19.0899 -37.1629 5.01
      vertex -19.0899 -31.5542 3.5
      vertex -19.0899 -31.5542 5.01
    endloop
  endfacet
  facet normal 1 0 0
    outer loop
      vertex -19.0899 -31.5542 3.5
      vertex -19.0899 -37.1629 5.01
      vertex -19.0899 -37.1629 3.5
    endloop
  endfacet
  facet normal 0 -1 0
    outer loop
      vertex -22.0866 -37.1629 3.5
      vertex -19.0899 -37.1629 5.01
      vertex -22.0866 -37.1629 5.01
    endloop
  endfacet
  facet normal 0 -1 -0
    outer loop
      vertex -19.0899 -37.1629 5.01
      vertex -22.0866 -37.1629 3.5
      vertex -19.0899 -37.1629 3.5
    endloop
  endfacet
  facet normal -1 0 0
    outer loop
      vertex -22.0866 -37.1629 3.5
      vertex -22.0866 -32.1706 5.01
      vertex -22.0866 -32.1706 3.5
    endloop
  endfacet
  facet normal -1 -0 0
    outer loop
      vertex -22.0866 -32.1706 5.01
      vertex -22.0866 -37.1629 3.5
      vertex -22.0866 -37.1629 5.01
    endloop
  endfacet
  facet normal 0 -1 0
    outer loop
      vertex -23.0264 -32.1706 3.5
      vertex -22.0866 -32.1706 5.01
      vertex -23.0264 -32.1706 5.01
    endloop
  endfacet
  facet normal 0 -1 -0
    outer loop
      vertex -22.0866 -32.1706 5.01
      vertex -23.0264 -32.1706 3.5
      vertex -22.0866 -32.1706 3.5
    endloop
  endfacet
  facet normal 1 -0 0
    outer loop
      vertex -23.0264 -37.1629 5.01
      vertex -23.0264 -32.1706 3.5
      vertex -23.0264 -32.1706 5.01
    endloop
  endfacet
  facet normal 1 0 0
    outer loop
      vertex -23.0264 -32.1706 3.5
      vertex -23.0264 -37.1629 5.01
      vertex -23.0264 -37.1629 3.5
    endloop
  endfacet
  facet normal 0 -1 0
    outer loop
      vertex -25.785 -37.1629 3.5
      vertex -23.0264 -37.1629 5.01
      vertex -25.785 -37.1629 5.01
    endloop
  endfacet
  facet normal 0 -1 -0
    outer loop
      vertex -23.0264 -37.1629 5.01
      vertex -25.785 -37.1629 3.5
      vertex -23.0264 -37.1629 3.5
    endloop
  endfacet
  facet normal -1 0 0
    outer loop
      vertex -25.785 -37.1629 3.5
      vertex -25.785 -31.8044 5.01
      vertex -25.785 -31.8044 3.5
    endloop
  endfacet
  facet normal -1 -0 0
    outer loop
      vertex -25.785 -31.8044 5.01
      vertex -25.785 -37.1629 3.5
      vertex -25.785 -37.1629 5.01
    endloop
  endfacet
  facet normal 0 -1 0
    outer loop
      vertex -26.7371 -31.8044 3.5
      vertex -25.785 -31.8044 5.01
      vertex -26.7371 -31.8044 5.01
    endloop
  endfacet
  facet normal 0 -1 -0
    outer loop
      vertex -25.785 -31.8044 5.01
      vertex -26.7371 -31.8044 3.5
      vertex -25.785 -31.8044 3.5
    endloop
  endfacet
  facet normal 1 -0 0
    outer loop
      vertex -26.7371 -38.3286 5.01
      vertex -26.7371 -31.8044 3.5
      vertex -26.7371 -31.8044 5.01
    endloop
  endfacet
  facet normal 1 0 0
    outer loop
      vertex -26.7371 -31.8044 3.5
      vertex -26.7371 -38.3286 5.01
      vertex -26.7371 -38.3286 3.5
    endloop
  endfacet
  facet normal 0 1 -0
    outer loop
      vertex -18.1378 -38.3286 3.5
      vertex -26.7371 -38.3286 5.01
      vertex -18.1378 -38.3286 5.01
    endloop
  endfacet
  facet normal 0 1 0
    outer loop
      vertex -26.7371 -38.3286 5.01
      vertex -18.1378 -38.3286 3.5
      vertex -26.7371 -38.3286 3.5
    endloop
  endfacet
  facet normal -1 0 0
    outer loop
      vertex -18.1378 -38.3286 3.5
      vertex -18.1378 -31.5542 5.01
      vertex -18.1378 -31.5542 3.5
    endloop
  endfacet
  facet normal -1 -0 0
    outer loop
      vertex -18.1378 -31.5542 5.01
      vertex -18.1378 -38.3286 3.5
      vertex -18.1378 -38.3286 5.01
    endloop
  endfacet
  facet normal 0 -1 0
    outer loop
      vertex -19.0899 -31.5542 3.5
      vertex -18.1378 -31.5542 5.01
      vertex -19.0899 -31.5542 5.01
    endloop
  endfacet
  facet normal 0 -1 -0
    outer loop
      vertex -18.1378 -31.5542 5.01
      vertex -19.0899 -31.5542 3.5
      vertex -18.1378 -31.5542 3.5
    endloop
  endfacet
  facet normal -0.979755 -0.200199 0
    outer loop
      vertex -18.0497 36.5667 3.5
      vertex -18.1515 37.0649 5.01
      vertex -18.1515 37.0649 3.5
    endloop
  endfacet
  facet normal -0.979755 -0.200199 0
    outer loop
      vertex -18.1515 37.0649 5.01
      vertex -18.0497 36.5667 3.5
      vertex -18.0497 36.5667 5.01
    endloop
  endfacet
  facet normal -0.933855 -0.357651 0
    outer loop
      vertex -18.1515 37.0649 3.5
      vertex -18.3212 37.508 5.01
      vertex -18.3212 37.508 3.5
    endloop
  endfacet
  facet normal -0.933855 -0.357651 0
    outer loop
      vertex -18.3212 37.508 5.01
      vertex -18.1515 37.0649 3.5
      vertex -18.1515 37.0649 5.01
    endloop
  endfacet
  facet normal -0.852901 -0.522072 0
    outer loop
      vertex -18.3212 37.508 3.5
      vertex -18.5587 37.896 5.01
      vertex -18.5587 37.896 3.5
    endloop
  endfacet
  facet normal -0.852901 -0.522072 0
    outer loop
      vertex -18.5587 37.896 5.01
      vertex -18.3212 37.508 3.5
      vertex -18.3212 37.508 5.01
    endloop
  endfacet
  facet normal -0.736685 -0.676236 0
    outer loop
      vertex -18.5587 37.896 3.5
      vertex -18.8641 38.2287 5.01
      vertex -18.8641 38.2287 3.5
    endloop
  endfacet
  facet normal -0.736685 -0.676236 0
    outer loop
      vertex -18.8641 38.2287 5.01
      vertex -18.5587 37.896 3.5
      vertex -18.5587 37.896 5.01
    endloop
  endfacet
  facet normal -0.591252 -0.806487 0
    outer loop
      vertex -19.2388 38.5034 3.5
      vertex -18.8641 38.2287 5.01
      vertex -19.2388 38.5034 5.01
    endloop
  endfacet
  facet normal -0.591252 -0.806487 -0
    outer loop
      vertex -18.8641 38.2287 5.01
      vertex -19.2388 38.5034 3.5
      vertex -18.8641 38.2287 3.5
    endloop
  endfacet
  facet normal -0.432257 -0.90175 0
    outer loop
      vertex -19.6844 38.717 3.5
      vertex -19.2388 38.5034 5.01
      vertex -19.6844 38.717 5.01
    endloop
  endfacet
  facet normal -0.432257 -0.90175 -0
    outer loop
      vertex -19.2388 38.5034 5.01
      vertex -19.6844 38.717 3.5
      vertex -19.2388 38.5034 3.5
    endloop
  endfacet
  facet normal -0.283443 -0.958989 0
    outer loop
      vertex -20.2007 38.8696 3.5
      vertex -19.6844 38.717 5.01
      vertex -20.2007 38.8696 5.01
    endloop
  endfacet
  facet normal -0.283443 -0.958989 -0
    outer loop
      vertex -19.6844 38.717 5.01
      vertex -20.2007 38.8696 3.5
      vertex -19.6844 38.717 3.5
    endloop
  endfacet
  facet normal -0.153992 -0.988072 0
    outer loop
      vertex -20.7878 38.9611 3.5
      vertex -20.2007 38.8696 5.01
      vertex -20.7878 38.9611 5.01
    endloop
  endfacet
  facet normal -0.153992 -0.988072 -0
    outer loop
      vertex -20.2007 38.8696 5.01
      vertex -20.7878 38.9611 3.5
      vertex -20.2007 38.8696 3.5
    endloop
  endfacet
  facet normal -0.0463099 -0.998927 0
    outer loop
      vertex -21.4457 38.9916 3.5
      vertex -20.7878 38.9611 5.01
      vertex -21.4457 38.9916 5.01
    endloop
  endfacet
  facet normal -0.0463099 -0.998927 -0
    outer loop
      vertex -20.7878 38.9611 5.01
      vertex -21.4457 38.9916 3.5
      vertex -20.7878 38.9611 3.5
    endloop
  endfacet
  facet normal 0.0428887 -0.99908 0
    outer loop
      vertex -22.1096 38.9631 3.5
      vertex -21.4457 38.9916 5.01
      vertex -22.1096 38.9631 5.01
    endloop
  endfacet
  facet normal 0.0428887 -0.99908 0
    outer loop
      vertex -21.4457 38.9916 5.01
      vertex -22.1096 38.9631 3.5
      vertex -21.4457 38.9916 3.5
    endloop
  endfacet
  facet normal 0.14365 -0.989629 0
    outer loop
      vertex -22.7 38.8774 3.5
      vertex -22.1096 38.9631 5.01
      vertex -22.7 38.8774 5.01
    endloop
  endfacet
  facet normal 0.14365 -0.989629 0
    outer loop
      vertex -22.1096 38.9631 5.01
      vertex -22.7 38.8774 3.5
      vertex -22.1096 38.9631 3.5
    endloop
  endfacet
  facet normal 0.266413 -0.963859 0
    outer loop
      vertex -23.217 38.7345 3.5
      vertex -22.7 38.8774 5.01
      vertex -23.217 38.7345 5.01
    endloop
  endfacet
  facet normal 0.266413 -0.963859 0
    outer loop
      vertex -22.7 38.8774 5.01
      vertex -23.217 38.7345 3.5
      vertex -22.7 38.8774 3.5
    endloop
  endfacet
  facet normal 0.410997 -0.911637 0
    outer loop
      vertex -23.6604 38.5346 3.5
      vertex -23.217 38.7345 5.01
      vertex -23.6604 38.5346 5.01
    endloop
  endfacet
  facet normal 0.410997 -0.911637 0
    outer loop
      vertex -23.217 38.7345 5.01
      vertex -23.6604 38.5346 3.5
      vertex -23.217 38.7345 3.5
    endloop
  endfacet
  facet normal 0.570629 -0.821208 0
    outer loop
      vertex -24.0304 38.2775 3.5
      vertex -23.6604 38.5346 5.01
      vertex -24.0304 38.2775 5.01
    endloop
  endfacet
  facet normal 0.570629 -0.821208 0
    outer loop
      vertex -23.6604 38.5346 5.01
      vertex -24.0304 38.2775 3.5
      vertex -23.6604 38.5346 3.5
    endloop
  endfacet
  facet normal 0.727077 -0.686556 0
    outer loop
      vertex -24.3303 37.9599 5.01
      vertex -24.0304 38.2775 3.5
      vertex -24.0304 38.2775 5.01
    endloop
  endfacet
  facet normal 0.727077 -0.686556 0
    outer loop
      vertex -24.0304 38.2775 3.5
      vertex -24.3303 37.9599 5.01
      vertex -24.3303 37.9599 3.5
    endloop
  endfacet
  facet normal 0.853282 -0.52145 0
    outer loop
      vertex -24.5635 37.5783 5.01
      vertex -24.3303 37.9599 3.5
      vertex -24.3303 37.9599 5.01
    endloop
  endfacet
  facet normal 0.853282 -0.52145 0
    outer loop
      vertex -24.3303 37.9599 3.5
      vertex -24.5635 37.5783 5.01
      vertex -24.5635 37.5783 3.5
    endloop
  endfacet
  facet normal 0.936648 -0.350271 0
    outer loop
      vertex -24.7301 37.1328 5.01
      vertex -24.5635 37.5783 3.5
      vertex -24.5635 37.5783 5.01
    endloop
  endfacet
  facet normal 0.936648 -0.350271 0
    outer loop
      vertex -24.5635 37.5783 3.5
      vertex -24.7301 37.1328 5.01
      vertex -24.7301 37.1328 3.5
    endloop
  endfacet
  facet normal 0.981278 -0.192596 0
    outer loop
      vertex -24.8301 36.6233 5.01
      vertex -24.7301 37.1328 3.5
      vertex -24.7301 37.1328 5.01
    endloop
  endfacet
  facet normal 0.981278 -0.192596 0
    outer loop
      vertex -24.7301 37.1328 3.5
      vertex -24.8301 36.6233 5.01
      vertex -24.8301 36.6233 3.5
    endloop
  endfacet
  facet normal 0.998318 -0.057977 0
    outer loop
      vertex -24.8634 36.0499 5.01
      vertex -24.8301 36.6233 3.5
      vertex -24.8301 36.6233 5.01
    endloop
  endfacet
  facet normal 0.998318 -0.057977 0
    outer loop
      vertex -24.8301 36.6233 3.5
      vertex -24.8634 36.0499 5.01
      vertex -24.8634 36.0499 3.5
    endloop
  endfacet
  facet normal 0.991872 0.127242 0
    outer loop
      vertex -24.7267 34.9843 5.01
      vertex -24.8634 36.0499 3.5
      vertex -24.8634 36.0499 5.01
    endloop
  endfacet
  facet normal 0.991872 0.127242 0
    outer loop
      vertex -24.8634 36.0499 3.5
      vertex -24.7267 34.9843 5.01
      vertex -24.7267 34.9843 3.5
    endloop
  endfacet
  facet normal 0.896279 0.44349 0
    outer loop
      vertex -24.3166 34.1555 5.01
      vertex -24.7267 34.9843 3.5
      vertex -24.7267 34.9843 5.01
    endloop
  endfacet
  facet normal 0.896279 0.44349 0
    outer loop
      vertex -24.7267 34.9843 3.5
      vertex -24.3166 34.1555 5.01
      vertex -24.3166 34.1555 3.5
    endloop
  endfacet
  facet normal 0.654644 0.755937 -0
    outer loop
      vertex -23.633 33.5635 3.5
      vertex -24.3166 34.1555 5.01
      vertex -23.633 33.5635 5.01
    endloop
  endfacet
  facet normal 0.654644 0.755937 0
    outer loop
      vertex -24.3166 34.1555 5.01
      vertex -23.633 33.5635 3.5
      vertex -24.3166 34.1555 3.5
    endloop
  endfacet
  facet normal 0.347997 0.937496 -0
    outer loop
      vertex -22.6761 33.2083 3.5
      vertex -23.633 33.5635 5.01
      vertex -22.6761 33.2083 5.01
    endloop
  endfacet
  facet normal 0.347997 0.937496 0
    outer loop
      vertex -23.633 33.5635 5.01
      vertex -22.6761 33.2083 3.5
      vertex -23.633 33.5635 3.5
    endloop
  endfacet
  facet normal 0.0957864 0.995402 -0
    outer loop
      vertex -21.4457 33.0899 3.5
      vertex -22.6761 33.2083 5.01
      vertex -21.4457 33.0899 5.01
    endloop
  endfacet
  facet normal 0.0957864 0.995402 0
    outer loop
      vertex -22.6761 33.2083 5.01
      vertex -21.4457 33.0899 3.5
      vertex -22.6761 33.2083 3.5
    endloop
  endfacet
  facet normal -0.0463994 0.998923 0
    outer loop
      vertex -20.8106 33.1194 3.5
      vertex -21.4457 33.0899 5.01
      vertex -20.8106 33.1194 5.01
    endloop
  endfacet
  facet normal -0.0463994 0.998923 0
    outer loop
      vertex -21.4457 33.0899 5.01
      vertex -20.8106 33.1194 3.5
      vertex -21.4457 33.0899 3.5
    endloop
  endfacet
  facet normal -0.152991 0.988228 0
    outer loop
      vertex -20.2383 33.208 3.5
      vertex -20.8106 33.1194 5.01
      vertex -20.2383 33.208 5.01
    endloop
  endfacet
  facet normal -0.152991 0.988228 0
    outer loop
      vertex -20.8106 33.1194 5.01
      vertex -20.2383 33.208 3.5
      vertex -20.8106 33.1194 3.5
    endloop
  endfacet
  facet normal -0.278378 0.960471 0
    outer loop
      vertex -19.7287 33.3557 3.5
      vertex -20.2383 33.208 5.01
      vertex -19.7287 33.3557 5.01
    endloop
  endfacet
  facet normal -0.278378 0.960471 0
    outer loop
      vertex -20.2383 33.208 5.01
      vertex -19.7287 33.3557 3.5
      vertex -20.2383 33.208 3.5
    endloop
  endfacet
  facet normal -0.419959 0.907543 0
    outer loop
      vertex -19.2818 33.5625 3.5
      vertex -19.7287 33.3557 5.01
      vertex -19.2818 33.5625 5.01
    endloop
  endfacet
  facet normal -0.419959 0.907543 0
    outer loop
      vertex -19.7287 33.3557 5.01
      vertex -19.2818 33.5625 3.5
      vertex -19.7287 33.3557 3.5
    endloop
  endfacet
  facet normal -0.569043 0.822308 0
    outer loop
      vertex -18.8977 33.8283 3.5
      vertex -19.2818 33.5625 5.01
      vertex -18.8977 33.8283 5.01
    endloop
  endfacet
  facet normal -0.569043 0.822308 0
    outer loop
      vertex -19.2818 33.5625 5.01
      vertex -18.8977 33.8283 3.5
      vertex -19.2818 33.5625 3.5
    endloop
  endfacet
  facet normal -0.714019 0.700127 0
    outer loop
      vertex -18.8977 33.8283 3.5
      vertex -18.5802 34.1521 5.01
      vertex -18.5802 34.1521 3.5
    endloop
  endfacet
  facet normal -0.714019 0.700127 0
    outer loop
      vertex -18.5802 34.1521 5.01
      vertex -18.8977 33.8283 3.5
      vertex -18.8977 33.8283 5.01
    endloop
  endfacet
  facet normal -0.838741 0.544531 0
    outer loop
      vertex -18.5802 34.1521 3.5
      vertex -18.3333 34.5324 5.01
      vertex -18.3333 34.5324 3.5
    endloop
  endfacet
  facet normal -0.838741 0.544531 0
    outer loop
      vertex -18.3333 34.5324 5.01
      vertex -18.5802 34.1521 3.5
      vertex -18.5802 34.1521 5.01
    endloop
  endfacet
  facet normal -0.927301 0.374316 0
    outer loop
      vertex -18.3333 34.5324 3.5
      vertex -18.1569 34.9694 5.01
      vertex -18.1569 34.9694 3.5
    endloop
  endfacet
  facet normal -0.927301 0.374316 0
    outer loop
      vertex -18.1569 34.9694 5.01
      vertex -18.3333 34.5324 3.5
      vertex -18.3333 34.5324 5.01
    endloop
  endfacet
  facet normal -0.977791 0.209583 0
    outer loop
      vertex -18.1569 34.9694 3.5
      vertex -18.0511 35.463 5.01
      vertex -18.0511 35.463 3.5
    endloop
  endfacet
  facet normal -0.977791 0.209583 0
    outer loop
      vertex -18.0511 35.463 5.01
      vertex -18.1569 34.9694 3.5
      vertex -18.1569 34.9694 5.01
    endloop
  endfacet
  facet normal -0.997949 0.0640153 0
    outer loop
      vertex -18.0511 35.463 3.5
      vertex -18.0158 36.0133 5.01
      vertex -18.0158 36.0133 3.5
    endloop
  endfacet
  facet normal -0.997949 0.0640153 0
    outer loop
      vertex -18.0158 36.0133 5.01
      vertex -18.0511 35.463 3.5
      vertex -18.0511 35.463 5.01
    endloop
  endfacet
  facet normal -0.998129 -0.0611431 0
    outer loop
      vertex -18.0158 36.0133 3.5
      vertex -18.0497 36.5667 5.01
      vertex -18.0497 36.5667 3.5
    endloop
  endfacet
  facet normal -0.998129 -0.0611431 0
    outer loop
      vertex -18.0497 36.5667 5.01
      vertex -18.0158 36.0133 3.5
      vertex -18.0158 36.0133 5.01
    endloop
  endfacet
  facet normal 0.968307 -0.249763 0
    outer loop
      vertex -18.9325 35.3512 5.01
      vertex -18.8537 35.6567 3.5
      vertex -18.8537 35.6567 5.01
    endloop
  endfacet
  facet normal 0.968307 -0.249763 0
    outer loop
      vertex -18.8537 35.6567 3.5
      vertex -18.9325 35.3512 5.01
      vertex -18.9325 35.3512 3.5
    endloop
  endfacet
  facet normal 0.897302 -0.441417 0
    outer loop
      vertex -19.0637 35.0845 5.01
      vertex -18.9325 35.3512 3.5
      vertex -18.9325 35.3512 5.01
    endloop
  endfacet
  facet normal 0.897302 -0.441417 0
    outer loop
      vertex -18.9325 35.3512 3.5
      vertex -19.0637 35.0845 5.01
      vertex -19.0637 35.0845 3.5
    endloop
  endfacet
  facet normal 0.778564 -0.627565 0
    outer loop
      vertex -19.2474 34.8566 5.01
      vertex -19.0637 35.0845 3.5
      vertex -19.0637 35.0845 5.01
    endloop
  endfacet
  facet normal 0.778564 -0.627565 0
    outer loop
      vertex -19.0637 35.0845 3.5
      vertex -19.2474 34.8566 5.01
      vertex -19.2474 34.8566 3.5
    endloop
  endfacet
  facet normal 0.624977 -0.780643 0
    outer loop
      vertex -19.4836 34.6675 3.5
      vertex -19.2474 34.8566 5.01
      vertex -19.4836 34.6675 5.01
    endloop
  endfacet
  facet normal 0.624977 -0.780643 0
    outer loop
      vertex -19.2474 34.8566 5.01
      vertex -19.4836 34.6675 3.5
      vertex -19.2474 34.8566 3.5
    endloop
  endfacet
  facet normal 0.46793 -0.883766 0
    outer loop
      vertex -19.772 34.5148 3.5
      vertex -19.4836 34.6675 5.01
      vertex -19.772 34.5148 5.01
    endloop
  endfacet
  facet normal 0.46793 -0.883766 0
    outer loop
      vertex -19.4836 34.6675 5.01
      vertex -19.772 34.5148 3.5
      vertex -19.4836 34.6675 3.5
    endloop
  endfacet
  facet normal 0.329424 -0.944182 0
    outer loop
      vertex -20.1125 34.396 3.5
      vertex -19.772 34.5148 5.01
      vertex -20.1125 34.396 5.01
    endloop
  endfacet
  facet normal 0.329424 -0.944182 0
    outer loop
      vertex -19.772 34.5148 5.01
      vertex -20.1125 34.396 3.5
      vertex -19.772 34.5148 3.5
    endloop
  endfacet
  facet normal 0.21123 -0.977436 0
    outer loop
      vertex -20.5049 34.3112 3.5
      vertex -20.1125 34.396 5.01
      vertex -20.5049 34.3112 5.01
    endloop
  endfacet
  facet normal 0.21123 -0.977436 0
    outer loop
      vertex -20.1125 34.396 5.01
      vertex -20.5049 34.3112 3.5
      vertex -20.1125 34.396 3.5
    endloop
  endfacet
  facet normal 0.113792 -0.993505 0
    outer loop
      vertex -20.9493 34.2603 3.5
      vertex -20.5049 34.3112 5.01
      vertex -20.9493 34.2603 5.01
    endloop
  endfacet
  facet normal 0.113792 -0.993505 0
    outer loop
      vertex -20.5049 34.3112 5.01
      vertex -20.9493 34.2603 3.5
      vertex -20.5049 34.3112 3.5
    endloop
  endfacet
  facet normal 0.0342265 -0.999414 0
    outer loop
      vertex -21.4457 34.2433 3.5
      vertex -20.9493 34.2603 5.01
      vertex -21.4457 34.2433 5.01
    endloop
  endfacet
  facet normal 0.0342265 -0.999414 0
    outer loop
      vertex -20.9493 34.2603 5.01
      vertex -21.4457 34.2433 3.5
      vertex -20.9493 34.2603 3.5
    endloop
  endfacet
  facet normal -0.033799 -0.999429 0
    outer loop
      vertex -21.9543 34.2605 3.5
      vertex -21.4457 34.2433 5.01
      vertex -21.9543 34.2605 5.01
    endloop
  endfacet
  facet normal -0.033799 -0.999429 -0
    outer loop
      vertex -21.4457 34.2433 5.01
      vertex -21.9543 34.2605 3.5
      vertex -21.4457 34.2433 3.5
    endloop
  endfacet
  facet normal -0.113689 -0.993516 0
    outer loop
      vertex -22.4061 34.3122 3.5
      vertex -21.9543 34.2605 5.01
      vertex -22.4061 34.3122 5.01
    endloop
  endfacet
  facet normal -0.113689 -0.993516 -0
    outer loop
      vertex -21.9543 34.2605 5.01
      vertex -22.4061 34.3122 3.5
      vertex -21.9543 34.2605 3.5
    endloop
  endfacet
  facet normal -0.212841 -0.977087 0
    outer loop
      vertex -22.8009 34.3982 3.5
      vertex -22.4061 34.3122 5.01
      vertex -22.8009 34.3982 5.01
    endloop
  endfacet
  facet normal -0.212841 -0.977087 -0
    outer loop
      vertex -22.4061 34.3122 5.01
      vertex -22.8009 34.3982 3.5
      vertex -22.4061 34.3122 3.5
    endloop
  endfacet
  facet normal -0.335807 -0.941931 0
    outer loop
      vertex -23.1389 34.5187 3.5
      vertex -22.8009 34.3982 5.01
      vertex -23.1389 34.5187 5.01
    endloop
  endfacet
  facet normal -0.335807 -0.941931 -0
    outer loop
      vertex -22.8009 34.3982 5.01
      vertex -23.1389 34.5187 3.5
      vertex -22.8009 34.3982 3.5
    endloop
  endfacet
  facet normal -0.482624 -0.875828 0
    outer loop
      vertex -23.42 34.6736 3.5
      vertex -23.1389 34.5187 5.01
      vertex -23.42 34.6736 5.01
    endloop
  endfacet
  facet normal -0.482624 -0.875828 -0
    outer loop
      vertex -23.1389 34.5187 5.01
      vertex -23.42 34.6736 3.5
      vertex -23.1389 34.5187 3.5
    endloop
  endfacet
  facet normal -0.648057 -0.761592 0
    outer loop
      vertex -23.6474 34.8671 3.5
      vertex -23.42 34.6736 5.01
      vertex -23.6474 34.8671 5.01
    endloop
  endfacet
  facet normal -0.648057 -0.761592 -0
    outer loop
      vertex -23.42 34.6736 5.01
      vertex -23.6474 34.8671 3.5
      vertex -23.42 34.6736 3.5
    endloop
  endfacet
  facet normal -0.800406 -0.599458 0
    outer loop
      vertex -23.6474 34.8671 3.5
      vertex -23.8243 35.1033 5.01
      vertex -23.8243 35.1033 3.5
    endloop
  endfacet
  facet normal -0.800406 -0.599458 0
    outer loop
      vertex -23.8243 35.1033 5.01
      vertex -23.6474 34.8671 3.5
      vertex -23.6474 34.8671 5.01
    endloop
  endfacet
  facet normal -0.910947 -0.412523 0
    outer loop
      vertex -23.8243 35.1033 3.5
      vertex -23.9506 35.3822 5.01
      vertex -23.9506 35.3822 3.5
    endloop
  endfacet
  facet normal -0.910947 -0.412523 0
    outer loop
      vertex -23.9506 35.3822 5.01
      vertex -23.8243 35.1033 3.5
      vertex -23.8243 35.1033 5.01
    endloop
  endfacet
  facet normal -0.97333 -0.22941 0
    outer loop
      vertex -23.9506 35.3822 3.5
      vertex -24.0264 35.7038 5.01
      vertex -24.0264 35.7038 3.5
    endloop
  endfacet
  facet normal -0.97333 -0.22941 0
    outer loop
      vertex -24.0264 35.7038 5.01
      vertex -23.9506 35.3822 3.5
      vertex -23.9506 35.3822 5.01
    endloop
  endfacet
  facet normal -0.997598 -0.0692625 0
    outer loop
      vertex -24.0264 35.7038 3.5
      vertex -24.0517 36.0682 5.01
      vertex -24.0517 36.0682 3.5
    endloop
  endfacet
  facet normal -0.997598 -0.0692625 0
    outer loop
      vertex -24.0517 36.0682 5.01
      vertex -24.0264 35.7038 3.5
      vertex -24.0264 35.7038 5.01
    endloop
  endfacet
  facet normal -0.997651 0.0684988 0
    outer loop
      vertex -24.0517 36.0682 3.5
      vertex -24.0269 36.4294 5.01
      vertex -24.0269 36.4294 3.5
    endloop
  endfacet
  facet normal -0.997651 0.0684988 0
    outer loop
      vertex -24.0269 36.4294 5.01
      vertex -24.0517 36.0682 3.5
      vertex -24.0517 36.0682 5.01
    endloop
  endfacet
  facet normal -0.973614 0.2282 0
    outer loop
      vertex -24.0269 36.4294 3.5
      vertex -23.9526 36.7464 5.01
      vertex -23.9526 36.7464 3.5
    endloop
  endfacet
  facet normal -0.973614 0.2282 0
    outer loop
      vertex -23.9526 36.7464 5.01
      vertex -24.0269 36.4294 3.5
      vertex -24.0269 36.4294 5.01
    endloop
  endfacet
  facet normal -0.910492 0.413526 0
    outer loop
      vertex -23.9526 36.7464 3.5
      vertex -23.8287 37.0192 5.01
      vertex -23.8287 37.0192 3.5
    endloop
  endfacet
  facet normal -0.910492 0.413526 0
    outer loop
      vertex -23.8287 37.0192 5.01
      vertex -23.9526 36.7464 3.5
      vertex -23.9526 36.7464 5.01
    endloop
  endfacet
  facet normal -0.796558 0.604562 0
    outer loop
      vertex -23.8287 37.0192 3.5
      vertex -23.6552 37.2478 5.01
      vertex -23.6552 37.2478 3.5
    endloop
  endfacet
  facet normal -0.796558 0.604562 0
    outer loop
      vertex -23.6552 37.2478 5.01
      vertex -23.8287 37.0192 3.5
      vertex -23.8287 37.0192 5.01
    endloop
  endfacet
  facet normal -0.637256 0.770652 0
    outer loop
      vertex -23.4322 37.4322 3.5
      vertex -23.6552 37.2478 5.01
      vertex -23.4322 37.4322 5.01
    endloop
  endfacet
  facet normal -0.637256 0.770652 0
    outer loop
      vertex -23.6552 37.2478 5.01
      vertex -23.4322 37.4322 3.5
      vertex -23.6552 37.2478 3.5
    endloop
  endfacet
  facet normal -0.465602 0.884994 0
    outer loop
      vertex -23.1545 37.5783 3.5
      vertex -23.4322 37.4322 5.01
      vertex -23.1545 37.5783 5.01
    endloop
  endfacet
  facet normal -0.465602 0.884994 0
    outer loop
      vertex -23.4322 37.4322 5.01
      vertex -23.1545 37.5783 3.5
      vertex -23.4322 37.4322 3.5
    endloop
  endfacet
  facet normal -0.319259 0.947668 0
    outer loop
      vertex -22.817 37.692 3.5
      vertex -23.1545 37.5783 5.01
      vertex -22.817 37.692 5.01
    endloop
  endfacet
  facet normal -0.319259 0.947668 0
    outer loop
      vertex -23.1545 37.5783 5.01
      vertex -22.817 37.692 3.5
      vertex -23.1545 37.5783 3.5
    endloop
  endfacet
  facet normal -0.20024 0.979747 0
    outer loop
      vertex -22.4197 37.7732 3.5
      vertex -22.817 37.692 5.01
      vertex -22.4197 37.7732 5.01
    endloop
  endfacet
  facet normal -0.20024 0.979747 0
    outer loop
      vertex -22.817 37.692 5.01
      vertex -22.4197 37.7732 3.5
      vertex -22.817 37.692 3.5
    endloop
  endfacet
  facet normal -0.105942 0.994372 0
    outer loop
      vertex -21.9626 37.8219 3.5
      vertex -22.4197 37.7732 5.01
      vertex -21.9626 37.8219 5.01
    endloop
  endfacet
  facet normal -0.105942 0.994372 0
    outer loop
      vertex -22.4197 37.7732 5.01
      vertex -21.9626 37.8219 3.5
      vertex -22.4197 37.7732 3.5
    endloop
  endfacet
  facet normal -0.0313253 0.999509 0
    outer loop
      vertex -21.4457 37.8381 3.5
      vertex -21.9626 37.8219 5.01
      vertex -21.4457 37.8381 5.01
    endloop
  endfacet
  facet normal -0.0313253 0.999509 0
    outer loop
      vertex -21.9626 37.8219 5.01
      vertex -21.4457 37.8381 3.5
      vertex -21.9626 37.8219 3.5
    endloop
  endfacet
  facet normal 0.0332497 0.999447 -0
    outer loop
      vertex -20.9347 37.8211 3.5
      vertex -21.4457 37.8381 5.01
      vertex -20.9347 37.8211 5.01
    endloop
  endfacet
  facet normal 0.0332497 0.999447 0
    outer loop
      vertex -21.4457 37.8381 5.01
      vertex -20.9347 37.8211 3.5
      vertex -21.4457 37.8381 3.5
    endloop
  endfacet
  facet normal 0.111465 0.993768 -0
    outer loop
      vertex -20.4809 37.7702 3.5
      vertex -20.9347 37.8211 5.01
      vertex -20.4809 37.7702 5.01
    endloop
  endfacet
  facet normal 0.111465 0.993768 0
    outer loop
      vertex -20.9347 37.8211 5.01
      vertex -20.4809 37.7702 3.5
      vertex -20.9347 37.8211 3.5
    endloop
  endfacet
  facet normal 0.209041 0.977907 -0
    outer loop
      vertex -20.0842 37.6854 3.5
      vertex -20.4809 37.7702 5.01
      vertex -20.0842 37.6854 5.01
    endloop
  endfacet
  facet normal 0.209041 0.977907 0
    outer loop
      vertex -20.4809 37.7702 5.01
      vertex -20.0842 37.6854 3.5
      vertex -20.4809 37.7702 3.5
    endloop
  endfacet
  facet normal 0.330202 0.94391 -0
    outer loop
      vertex -19.7446 37.5666 3.5
      vertex -20.0842 37.6854 5.01
      vertex -19.7446 37.5666 5.01
    endloop
  endfacet
  facet normal 0.330202 0.94391 0
    outer loop
      vertex -20.0842 37.6854 5.01
      vertex -19.7446 37.5666 3.5
      vertex -20.0842 37.6854 3.5
    endloop
  endfacet
  facet normal 0.475641 0.87964 -0
    outer loop
      vertex -19.4622 37.4139 3.5
      vertex -19.7446 37.5666 5.01
      vertex -19.4622 37.4139 5.01
    endloop
  endfacet
  facet normal 0.475641 0.87964 0
    outer loop
      vertex -19.7446 37.5666 5.01
      vertex -19.4622 37.4139 3.5
      vertex -19.7446 37.5666 3.5
    endloop
  endfacet
  facet normal 0.643702 0.765276 -0
    outer loop
      vertex -19.2337 37.2217 3.5
      vertex -19.4622 37.4139 5.01
      vertex -19.2337 37.2217 5.01
    endloop
  endfacet
  facet normal 0.643702 0.765276 0
    outer loop
      vertex -19.4622 37.4139 5.01
      vertex -19.2337 37.2217 3.5
      vertex -19.4622 37.4139 3.5
    endloop
  endfacet
  facet normal 0.800566 0.599244 0
    outer loop
      vertex -19.056 36.9843 5.01
      vertex -19.2337 37.2217 3.5
      vertex -19.2337 37.2217 5.01
    endloop
  endfacet
  facet normal 0.800566 0.599244 0
    outer loop
      vertex -19.2337 37.2217 3.5
      vertex -19.056 36.9843 5.01
      vertex -19.056 36.9843 3.5
    endloop
  endfacet
  facet normal 0.912127 0.409908 0
    outer loop
      vertex -18.929 36.7017 5.01
      vertex -19.056 36.9843 3.5
      vertex -19.056 36.9843 5.01
    endloop
  endfacet
  facet normal 0.912127 0.409908 0
    outer loop
      vertex -19.056 36.9843 3.5
      vertex -18.929 36.7017 5.01
      vertex -18.929 36.7017 3.5
    endloop
  endfacet
  facet normal 0.974095 0.22614 0
    outer loop
      vertex -18.8529 36.3739 5.01
      vertex -18.929 36.7017 3.5
      vertex -18.929 36.7017 5.01
    endloop
  endfacet
  facet normal 0.974095 0.22614 0
    outer loop
      vertex -18.929 36.7017 3.5
      vertex -18.8529 36.3739 5.01
      vertex -18.8529 36.3739 3.5
    endloop
  endfacet
  facet normal 0.997688 0.0679573 0
    outer loop
      vertex -18.8275 36.001 5.01
      vertex -18.8529 36.3739 3.5
      vertex -18.8529 36.3739 5.01
    endloop
  endfacet
  facet normal 0.997688 0.0679573 0
    outer loop
      vertex -18.8529 36.3739 3.5
      vertex -18.8275 36.001 5.01
      vertex -18.8275 36.001 3.5
    endloop
  endfacet
  facet normal 0.997117 -0.0758771 0
    outer loop
      vertex -18.8537 35.6567 5.01
      vertex -18.8275 36.001 3.5
      vertex -18.8275 36.001 5.01
    endloop
  endfacet
  facet normal 0.997117 -0.0758771 0
    outer loop
      vertex -18.8275 36.001 3.5
      vertex -18.8537 35.6567 5.01
      vertex -18.8537 35.6567 3.5
    endloop
  endfacet
  facet normal -0.0345855 -0.999402 0
    outer loop
      vertex -21.999 24.3761 3.5
      vertex -21.58 24.3616 5.01
      vertex -21.999 24.3761 5.01
    endloop
  endfacet
  facet normal -0.0345855 -0.999402 -0
    outer loop
      vertex -21.58 24.3616 5.01
      vertex -21.999 24.3761 3.5
      vertex -21.58 24.3616 3.5
    endloop
  endfacet
  facet normal -0.113458 -0.993543 0
    outer loop
      vertex -22.3773 24.4193 3.5
      vertex -21.999 24.3761 5.01
      vertex -22.3773 24.4193 5.01
    endloop
  endfacet
  facet normal -0.113458 -0.993543 -0
    outer loop
      vertex -21.999 24.3761 5.01
      vertex -22.3773 24.4193 3.5
      vertex -21.999 24.3761 3.5
    endloop
  endfacet
  facet normal -0.208638 -0.977993 0
    outer loop
      vertex -22.7148 24.4913 3.5
      vertex -22.3773 24.4193 5.01
      vertex -22.7148 24.4913 5.01
    endloop
  endfacet
  facet normal -0.208638 -0.977993 -0
    outer loop
      vertex -22.3773 24.4193 5.01
      vertex -22.7148 24.4913 3.5
      vertex -22.3773 24.4193 3.5
    endloop
  endfacet
  facet normal -0.32168 -0.946849 0
    outer loop
      vertex -23.0115 24.5921 3.5
      vertex -22.7148 24.4913 5.01
      vertex -23.0115 24.5921 5.01
    endloop
  endfacet
  facet normal -0.32168 -0.946849 -0
    outer loop
      vertex -22.7148 24.4913 5.01
      vertex -23.0115 24.5921 3.5
      vertex -22.7148 24.4913 3.5
    endloop
  endfacet
  facet normal -0.451809 -0.892114 0
    outer loop
      vertex -23.2674 24.7217 3.5
      vertex -23.0115 24.5921 5.01
      vertex -23.2674 24.7217 5.01
    endloop
  endfacet
  facet normal -0.451809 -0.892114 -0
    outer loop
      vertex -23.0115 24.5921 5.01
      vertex -23.2674 24.7217 3.5
      vertex -23.0115 24.5921 3.5
    endloop
  endfacet
  facet normal -0.594956 -0.803759 0
    outer loop
      vertex -23.4795 24.8787 3.5
      vertex -23.2674 24.7217 5.01
      vertex -23.4795 24.8787 5.01
    endloop
  endfacet
  facet normal -0.594956 -0.803759 -0
    outer loop
      vertex -23.2674 24.7217 5.01
      vertex -23.4795 24.8787 3.5
      vertex -23.2674 24.7217 3.5
    endloop
  endfacet
  facet normal -0.742708 -0.669615 0
    outer loop
      vertex -23.4795 24.8787 3.5
      vertex -23.6444 25.0616 5.01
      vertex -23.6444 25.0616 3.5
    endloop
  endfacet
  facet normal -0.742708 -0.669615 0
    outer loop
      vertex -23.6444 25.0616 5.01
      vertex -23.4795 24.8787 3.5
      vertex -23.4795 24.8787 5.01
    endloop
  endfacet
  facet normal -0.87085 -0.491548 0
    outer loop
      vertex -23.6444 25.0616 3.5
      vertex -23.7622 25.2703 5.01
      vertex -23.7622 25.2703 3.5
    endloop
  endfacet
  facet normal -0.87085 -0.491548 0
    outer loop
      vertex -23.7622 25.2703 5.01
      vertex -23.6444 25.0616 3.5
      vertex -23.6444 25.0616 5.01
    endloop
  endfacet
  facet normal -0.957579 -0.288172 0
    outer loop
      vertex -23.7622 25.2703 3.5
      vertex -23.8328 25.5049 5.01
      vertex -23.8328 25.5049 3.5
    endloop
  endfacet
  facet normal -0.957579 -0.288172 0
    outer loop
      vertex -23.8328 25.5049 5.01
      vertex -23.7622 25.2703 3.5
      vertex -23.7622 25.2703 5.01
    endloop
  endfacet
  facet normal -0.995921 -0.0902255 0
    outer loop
      vertex -23.8328 25.5049 3.5
      vertex -23.8564 25.7654 5.01
      vertex -23.8564 25.7654 3.5
    endloop
  endfacet
  facet normal -0.995921 -0.0902255 0
    outer loop
      vertex -23.8564 25.7654 5.01
      vertex -23.8328 25.5049 3.5
      vertex -23.8328 25.5049 5.01
    endloop
  endfacet
  facet normal -0.999854 0.0170672 0
    outer loop
      vertex -23.8564 25.7654 3.5
      vertex -23.854 25.906 5.01
      vertex -23.854 25.906 3.5
    endloop
  endfacet
  facet normal -0.999854 0.0170672 0
    outer loop
      vertex -23.854 25.906 5.01
      vertex -23.8564 25.7654 3.5
      vertex -23.8564 25.7654 5.01
    endloop
  endfacet
  facet normal -0.998356 0.0573145 0
    outer loop
      vertex -23.854 25.906 3.5
      vertex -23.8466 26.0349 5.01
      vertex -23.8466 26.0349 3.5
    endloop
  endfacet
  facet normal -0.998356 0.0573145 0
    outer loop
      vertex -23.8466 26.0349 5.01
      vertex -23.854 25.906 3.5
      vertex -23.854 25.906 5.01
    endloop
  endfacet
  facet normal -0.994617 0.103624 0
    outer loop
      vertex -23.8466 26.0349 3.5
      vertex -23.8344 26.152 5.01
      vertex -23.8344 26.152 3.5
    endloop
  endfacet
  facet normal -0.994617 0.103624 0
    outer loop
      vertex -23.8344 26.152 5.01
      vertex -23.8466 26.0349 3.5
      vertex -23.8466 26.0349 5.01
    endloop
  endfacet
  facet normal -0.987265 0.159085 0
    outer loop
      vertex -23.8344 26.152 3.5
      vertex -23.8174 26.2575 5.01
      vertex -23.8174 26.2575 3.5
    endloop
  endfacet
  facet normal -0.987265 0.159085 0
    outer loop
      vertex -23.8174 26.2575 5.01
      vertex -23.8344 26.152 3.5
      vertex -23.8344 26.152 5.01
    endloop
  endfacet
  facet normal -0.97358 0.228345 0
    outer loop
      vertex -23.8174 26.2575 3.5
      vertex -23.7954 26.3513 5.01
      vertex -23.7954 26.3513 3.5
    endloop
  endfacet
  facet normal -0.97358 0.228345 0
    outer loop
      vertex -23.7954 26.3513 5.01
      vertex -23.8174 26.2575 3.5
      vertex -23.8174 26.2575 5.01
    endloop
  endfacet
  facet normal 0 -1 0
    outer loop
      vertex -24.8024 26.3513 3.5
      vertex -23.7954 26.3513 5.01
      vertex -24.8024 26.3513 5.01
    endloop
  endfacet
  facet normal 0 -1 -0
    outer loop
      vertex -23.7954 26.3513 5.01
      vertex -24.8024 26.3513 3.5
      vertex -23.7954 26.3513 3.5
    endloop
  endfacet
  facet normal 0.97146 -0.237204 0
    outer loop
      vertex -24.8244 26.2612 5.01
      vertex -24.8024 26.3513 3.5
      vertex -24.8024 26.3513 5.01
    endloop
  endfacet
  facet normal 0.97146 -0.237204 0
    outer loop
      vertex -24.8024 26.3513 3.5
      vertex -24.8244 26.2612 5.01
      vertex -24.8244 26.2612 3.5
    endloop
  endfacet
  facet normal 0.982473 -0.186407 0
    outer loop
      vertex -24.8414 26.1716 5.01
      vertex -24.8244 26.2612 3.5
      vertex -24.8244 26.2612 5.01
    endloop
  endfacet
  facet normal 0.982473 -0.186407 0
    outer loop
      vertex -24.8244 26.2612 3.5
      vertex -24.8414 26.1716 5.01
      vertex -24.8414 26.1716 3.5
    endloop
  endfacet
  facet normal 0.990626 -0.1366 0
    outer loop
      vertex -24.8537 26.0824 5.01
      vertex -24.8414 26.1716 3.5
      vertex -24.8414 26.1716 5.01
    endloop
  endfacet
  facet normal 0.990626 -0.1366 0
    outer loop
      vertex -24.8414 26.1716 3.5
      vertex -24.8537 26.0824 5.01
      vertex -24.8537 26.0824 3.5
    endloop
  endfacet
  facet normal 0.996623 -0.0821145 0
    outer loop
      vertex -24.861 25.9938 5.01
      vertex -24.8537 26.0824 3.5
      vertex -24.8537 26.0824 5.01
    endloop
  endfacet
  facet normal 0.996623 -0.0821145 0
    outer loop
      vertex -24.8537 26.0824 3.5
      vertex -24.861 25.9938 5.01
      vertex -24.861 25.9938 3.5
    endloop
  endfacet
  facet normal 0.999629 -0.0272317 0
    outer loop
      vertex -24.8634 25.9057 5.01
      vertex -24.861 25.9938 3.5
      vertex -24.861 25.9938 5.01
    endloop
  endfacet
  facet normal 0.999629 -0.0272317 0
    outer loop
      vertex -24.861 25.9938 3.5
      vertex -24.8634 25.9057 5.01
      vertex -24.8634 25.9057 3.5
    endloop
  endfacet
  facet normal 0.998643 0.0520739 0
    outer loop
      vertex -24.851 25.6679 5.01
      vertex -24.8634 25.9057 3.5
      vertex -24.8634 25.9057 5.01
    endloop
  endfacet
  facet normal 0.998643 0.0520739 0
    outer loop
      vertex -24.8634 25.9057 3.5
      vertex -24.851 25.6679 5.01
      vertex -24.851 25.6679 3.5
    endloop
  endfacet
  facet normal 0.985245 0.171148 0
    outer loop
      vertex -24.8136 25.4526 5.01
      vertex -24.851 25.6679 3.5
      vertex -24.851 25.6679 5.01
    endloop
  endfacet
  facet normal 0.985245 0.171148 0
    outer loop
      vertex -24.851 25.6679 3.5
      vertex -24.8136 25.4526 5.01
      vertex -24.8136 25.4526 3.5
    endloop
  endfacet
  facet normal 0.951746 0.306887 0
    outer loop
      vertex -24.7514 25.2597 5.01
      vertex -24.8136 25.4526 3.5
      vertex -24.8136 25.4526 5.01
    endloop
  endfacet
  facet normal 0.951746 0.306887 0
    outer loop
      vertex -24.8136 25.4526 3.5
      vertex -24.7514 25.2597 5.01
      vertex -24.7514 25.2597 3.5
    endloop
  endfacet
  facet normal 0.890209 0.455553 0
    outer loop
      vertex -24.6642 25.0893 5.01
      vertex -24.7514 25.2597 3.5
      vertex -24.7514 25.2597 5.01
    endloop
  endfacet
  facet normal 0.890209 0.455553 0
    outer loop
      vertex -24.7514 25.2597 3.5
      vertex -24.6642 25.0893 5.01
      vertex -24.6642 25.0893 3.5
    endloop
  endfacet
  facet normal 0.797406 0.603443 0
    outer loop
      vertex -24.5522 24.9413 5.01
      vertex -24.6642 25.0893 3.5
      vertex -24.6642 25.0893 5.01
    endloop
  endfacet
  facet normal 0.797406 0.603443 0
    outer loop
      vertex -24.6642 25.0893 3.5
      vertex -24.5522 24.9413 5.01
      vertex -24.5522 24.9413 3.5
    endloop
  endfacet
  facet normal 0.674809 0.737993 -0
    outer loop
      vertex -24.4062 24.8078 3.5
      vertex -24.5522 24.9413 5.01
      vertex -24.4062 24.8078 5.01
    endloop
  endfacet
  facet normal 0.674809 0.737993 0
    outer loop
      vertex -24.5522 24.9413 5.01
      vertex -24.4062 24.8078 3.5
      vertex -24.5522 24.9413 3.5
    endloop
  endfacet
  facet normal 0.558545 0.829474 -0
    outer loop
      vertex -24.2173 24.6806 3.5
      vertex -24.4062 24.8078 5.01
      vertex -24.2173 24.6806 5.01
    endloop
  endfacet
  facet normal 0.558545 0.829474 0
    outer loop
      vertex -24.4062 24.8078 5.01
      vertex -24.2173 24.6806 3.5
      vertex -24.4062 24.8078 3.5
    endloop
  endfacet
  facet normal 0.461991 0.886885 -0
    outer loop
      vertex -23.9854 24.5598 3.5
      vertex -24.2173 24.6806 5.01
      vertex -23.9854 24.5598 5.01
    endloop
  endfacet
  facet normal 0.461991 0.886885 0
    outer loop
      vertex -24.2173 24.6806 5.01
      vertex -23.9854 24.5598 3.5
      vertex -24.2173 24.6806 3.5
    endloop
  endfacet
  facet normal 0.384496 0.923127 -0
    outer loop
      vertex -23.7105 24.4453 3.5
      vertex -23.9854 24.5598 5.01
      vertex -23.7105 24.4453 5.01
    endloop
  endfacet
  facet normal 0.384496 0.923127 0
    outer loop
      vertex -23.9854 24.5598 5.01
      vertex -23.7105 24.4453 3.5
      vertex -23.9854 24.5598 3.5
    endloop
  endfacet
  facet normal 0.32194 0.94676 -0
    outer loop
      vertex -23.3926 24.3372 3.5
      vertex -23.7105 24.4453 5.01
      vertex -23.3926 24.3372 5.01
    endloop
  endfacet
  facet normal 0.32194 0.94676 0
    outer loop
      vertex -23.7105 24.4453 5.01
      vertex -23.3926 24.3372 3.5
      vertex -23.7105 24.4453 3.5
    endloop
  endfacet
  facet normal 1 -0 0
    outer loop
      vertex -23.3926 24.3128 5.01
      vertex -23.3926 24.3372 3.5
      vertex -23.3926 24.3372 5.01
    endloop
  endfacet
  facet normal 1 0 0
    outer loop
      vertex -23.3926 24.3372 3.5
      vertex -23.3926 24.3128 5.01
      vertex -23.3926 24.3128 3.5
    endloop
  endfacet
  facet normal 0.0158459 -0.999874 0
    outer loop
      vertex -23.5188 24.3108 3.5
      vertex -23.3926 24.3128 5.01
      vertex -23.5188 24.3108 5.01
    endloop
  endfacet
  facet normal 0.0158459 -0.999874 0
    outer loop
      vertex -23.3926 24.3128 5.01
      vertex -23.5188 24.3108 3.5
      vertex -23.3926 24.3128 3.5
    endloop
  endfacet
  facet normal 0.0292804 -0.999571 0
    outer loop
      vertex -23.7168 24.305 3.5
      vertex -23.5188 24.3108 5.01
      vertex -23.7168 24.305 5.01
    endloop
  endfacet
  facet normal 0.0292804 -0.999571 0
    outer loop
      vertex -23.5188 24.3108 5.01
      vertex -23.7168 24.305 3.5
      vertex -23.5188 24.3108 3.5
    endloop
  endfacet
  facet normal 0.0362993 -0.999341 0
    outer loop
      vertex -23.9866 24.2952 3.5
      vertex -23.7168 24.305 5.01
      vertex -23.9866 24.2952 5.01
    endloop
  endfacet
  facet normal 0.0362993 -0.999341 0
    outer loop
      vertex -23.7168 24.305 5.01
      vertex -23.9866 24.2952 3.5
      vertex -23.7168 24.305 3.5
    endloop
  endfacet
  facet normal 0.0397928 -0.999208 0
    outer loop
      vertex -24.3281 24.2816 3.5
      vertex -23.9866 24.2952 5.01
      vertex -24.3281 24.2816 5.01
    endloop
  endfacet
  facet normal 0.0397928 -0.999208 0
    outer loop
      vertex -23.9866 24.2952 5.01
      vertex -24.3281 24.2816 3.5
      vertex -23.9866 24.2952 3.5
    endloop
  endfacet
  facet normal 0.0425455 -0.999095 0
    outer loop
      vertex -24.7414 24.264 3.5
      vertex -24.3281 24.2816 5.01
      vertex -24.7414 24.264 5.01
    endloop
  endfacet
  facet normal 0.0425455 -0.999095 0
    outer loop
      vertex -24.3281 24.2816 5.01
      vertex -24.7414 24.264 3.5
      vertex -24.3281 24.2816 3.5
    endloop
  endfacet
  facet normal 1 -0 0
    outer loop
      vertex -24.7414 23.2265 5.01
      vertex -24.7414 24.264 3.5
      vertex -24.7414 24.264 5.01
    endloop
  endfacet
  facet normal 1 0 0
    outer loop
      vertex -24.7414 24.264 3.5
      vertex -24.7414 23.2265 5.01
      vertex -24.7414 23.2265 3.5
    endloop
  endfacet
  facet normal -0.0395342 0.999218 0
    outer loop
      vertex -24.4103 23.2396 3.5
      vertex -24.7414 23.2265 5.01
      vertex -24.4103 23.2396 5.01
    endloop
  endfacet
  facet normal -0.0395342 0.999218 0
    outer loop
      vertex -24.7414 23.2265 5.01
      vertex -24.4103 23.2396 3.5
      vertex -24.7414 23.2265 3.5
    endloop
  endfacet
  facet normal -0.0322413 0.99948 0
    outer loop
      vertex -24.091 23.2499 3.5
      vertex -24.4103 23.2396 5.01
      vertex -24.091 23.2499 5.01
    endloop
  endfacet
  facet normal -0.0322413 0.99948 0
    outer loop
      vertex -24.4103 23.2396 5.01
      vertex -24.091 23.2499 3.5
      vertex -24.4103 23.2396 3.5
    endloop
  endfacet
  facet normal -0.0237254 0.999719 0
    outer loop
      vertex -23.7834 23.2572 3.5
      vertex -24.091 23.2499 5.01
      vertex -23.7834 23.2572 5.01
    endloop
  endfacet
  facet normal -0.0237254 0.999719 0
    outer loop
      vertex -24.091 23.2499 5.01
      vertex -23.7834 23.2572 3.5
      vertex -24.091 23.2499 3.5
    endloop
  endfacet
  facet normal -0.0148682 0.999889 0
    outer loop
      vertex -23.4875 23.2616 3.5
      vertex -23.7834 23.2572 5.01
      vertex -23.4875 23.2616 5.01
    endloop
  endfacet
  facet normal -0.0148682 0.999889 0
    outer loop
      vertex -23.7834 23.2572 5.01
      vertex -23.4875 23.2616 3.5
      vertex -23.7834 23.2572 3.5
    endloop
  endfacet
  facet normal -0.00492778 0.999988 0
    outer loop
      vertex -23.2034 23.263 3.5
      vertex -23.4875 23.2616 5.01
      vertex -23.2034 23.263 5.01
    endloop
  endfacet
  facet normal -0.00492778 0.999988 0
    outer loop
      vertex -23.4875 23.2616 5.01
      vertex -23.2034 23.263 3.5
      vertex -23.4875 23.2616 3.5
    endloop
  endfacet
  facet normal 0 1 -0
    outer loop
      vertex -18.1378 23.263 3.5
      vertex -23.2034 23.263 5.01
      vertex -18.1378 23.263 5.01
    endloop
  endfacet
  facet normal 0 1 0
    outer loop
      vertex -23.2034 23.263 5.01
      vertex -18.1378 23.263 3.5
      vertex -23.2034 23.263 3.5
    endloop
  endfacet
  facet normal -1 0 0
    outer loop
      vertex -18.1378 23.263 3.5
      vertex -18.1378 24.3616 5.01
      vertex -18.1378 24.3616 3.5
    endloop
  endfacet
  facet normal -1 -0 0
    outer loop
      vertex -18.1378 24.3616 5.01
      vertex -18.1378 23.263 3.5
      vertex -18.1378 23.263 5.01
    endloop
  endfacet
  facet normal 0 -1 0
    outer loop
      vertex -21.58 24.3616 3.5
      vertex -18.1378 24.3616 5.01
      vertex -21.58 24.3616 5.01
    endloop
  endfacet
  facet normal 0 -1 -0
    outer loop
      vertex -18.1378 24.3616 5.01
      vertex -21.58 24.3616 3.5
      vertex -18.1378 24.3616 3.5
    endloop
  endfacet
  facet normal -0.049546 -0.998772 0
    outer loop
      vertex -22.3333 -29.2284 3.5
      vertex -21.9644 -29.2467 5.01
      vertex -22.3333 -29.2284 5.01
    endloop
  endfacet
  facet normal -0.049546 -0.998772 -0
    outer loop
      vertex -21.9644 -29.2467 5.01
      vertex -22.3333 -29.2284 3.5
      vertex -21.9644 -29.2467 3.5
    endloop
  endfacet
  facet normal -0.161916 -0.986805 0
    outer loop
      vertex -22.6685 -29.1734 3.5
      vertex -22.3333 -29.2284 5.01
      vertex -22.6685 -29.1734 5.01
    endloop
  endfacet
  facet normal -0.161916 -0.986805 -0
    outer loop
      vertex -22.3333 -29.2284 5.01
      vertex -22.6685 -29.1734 3.5
      vertex -22.3333 -29.2284 3.5
    endloop
  endfacet
  facet normal -0.290404 -0.956904 0
    outer loop
      vertex -22.97 -29.0819 3.5
      vertex -22.6685 -29.1734 5.01
      vertex -22.97 -29.0819 5.01
    endloop
  endfacet
  facet normal -0.290404 -0.956904 -0
    outer loop
      vertex -22.6685 -29.1734 5.01
      vertex -22.97 -29.0819 3.5
      vertex -22.6685 -29.1734 3.5
    endloop
  endfacet
  facet normal -0.431789 -0.901975 0
    outer loop
      vertex -23.2378 -28.9537 3.5
      vertex -22.97 -29.0819 5.01
      vertex -23.2378 -28.9537 5.01
    endloop
  endfacet
  facet normal -0.431789 -0.901975 -0
    outer loop
      vertex -22.97 -29.0819 5.01
      vertex -23.2378 -28.9537 3.5
      vertex -22.97 -29.0819 3.5
    endloop
  endfacet
  facet normal -0.575407 -0.817867 0
    outer loop
      vertex -23.4719 -28.789 3.5
      vertex -23.2378 -28.9537 5.01
      vertex -23.4719 -28.789 5.01
    endloop
  endfacet
  facet normal -0.575407 -0.817867 -0
    outer loop
      vertex -23.2378 -28.9537 5.01
      vertex -23.4719 -28.789 3.5
      vertex -23.2378 -28.9537 3.5
    endloop
  endfacet
  facet normal -0.708907 -0.705302 0
    outer loop
      vertex -23.4719 -28.789 3.5
      vertex -23.6675 -28.5924 5.01
      vertex -23.6675 -28.5924 3.5
    endloop
  endfacet
  facet normal -0.708907 -0.705302 0
    outer loop
      vertex -23.6675 -28.5924 5.01
      vertex -23.4719 -28.789 3.5
      vertex -23.4719 -28.789 5.01
    endloop
  endfacet
  facet normal -0.826658 -0.562705 0
    outer loop
      vertex -23.6675 -28.5924 3.5
      vertex -23.8195 -28.3691 5.01
      vertex -23.8195 -28.3691 3.5
    endloop
  endfacet
  facet normal -0.826658 -0.562705 0
    outer loop
      vertex -23.8195 -28.3691 5.01
      vertex -23.6675 -28.5924 3.5
      vertex -23.6675 -28.5924 5.01
    endloop
  endfacet
  facet normal -0.917181 -0.398471 0
    outer loop
      vertex -23.8195 -28.3691 3.5
      vertex -23.9282 -28.1189 5.01
      vertex -23.9282 -28.1189 3.5
    endloop
  endfacet
  facet normal -0.917181 -0.398471 0
    outer loop
      vertex -23.9282 -28.1189 5.01
      vertex -23.8195 -28.3691 3.5
      vertex -23.8195 -28.3691 5.01
    endloop
  endfacet
  facet normal -0.973495 -0.228706 0
    outer loop
      vertex -23.9282 -28.1189 3.5
      vertex -23.9933 -27.8418 5.01
      vertex -23.9933 -27.8418 3.5
    endloop
  endfacet
  facet normal -0.973495 -0.228706 0
    outer loop
      vertex -23.9933 -27.8418 5.01
      vertex -23.9282 -28.1189 3.5
      vertex -23.9282 -28.1189 5.01
    endloop
  endfacet
  facet normal -0.997437 -0.0715503 0
    outer loop
      vertex -23.9933 -27.8418 3.5
      vertex -24.0151 -27.5379 5.01
      vertex -24.0151 -27.5379 3.5
    endloop
  endfacet
  facet normal -0.997437 -0.0715503 0
    outer loop
      vertex -24.0151 -27.5379 5.01
      vertex -23.9933 -27.8418 3.5
      vertex -23.9933 -27.8418 5.01
    endloop
  endfacet
  facet normal -0.999521 0.030933 0
    outer loop
      vertex -24.0151 -27.5379 3.5
      vertex -24.0087 -27.3311 5.01
      vertex -24.0087 -27.3311 3.5
    endloop
  endfacet
  facet normal -0.999521 0.030933 0
    outer loop
      vertex -24.0087 -27.3311 5.01
      vertex -24.0151 -27.5379 3.5
      vertex -24.0151 -27.5379 5.01
    endloop
  endfacet
  facet normal -0.994812 0.10173 0
    outer loop
      vertex -24.0087 -27.3311 3.5
      vertex -23.9897 -27.1453 5.01
      vertex -23.9897 -27.1453 3.5
    endloop
  endfacet
  facet normal -0.994812 0.10173 0
    outer loop
      vertex -23.9897 -27.1453 5.01
      vertex -24.0087 -27.3311 3.5
      vertex -24.0087 -27.3311 5.01
    endloop
  endfacet
  facet normal -0.981866 0.189577 0
    outer loop
      vertex -23.9897 -27.1453 3.5
      vertex -23.9579 -26.9806 5.01
      vertex -23.9579 -26.9806 3.5
    endloop
  endfacet
  facet normal -0.981866 0.189577 0
    outer loop
      vertex -23.9579 -26.9806 5.01
      vertex -23.9897 -27.1453 3.5
      vertex -23.9897 -27.1453 5.01
    endloop
  endfacet
  facet normal -0.955491 0.29502 0
    outer loop
      vertex -23.9579 -26.9806 3.5
      vertex -23.9135 -26.8368 5.01
      vertex -23.9135 -26.8368 3.5
    endloop
  endfacet
  facet normal -0.955491 0.29502 0
    outer loop
      vertex -23.9135 -26.8368 5.01
      vertex -23.9579 -26.9806 3.5
      vertex -23.9579 -26.9806 5.01
    endloop
  endfacet
  facet normal -0.906767 0.421632 0
    outer loop
      vertex -23.9135 -26.8368 3.5
      vertex -23.8564 -26.714 5.01
      vertex -23.8564 -26.714 3.5
    endloop
  endfacet
  facet normal -0.906767 0.421632 0
    outer loop
      vertex -23.8564 -26.714 5.01
      vertex -23.9135 -26.8368 3.5
      vertex -23.9135 -26.8368 5.01
    endloop
  endfacet
  facet normal -0.829518 0.55848 0
    outer loop
      vertex -23.8564 -26.714 3.5
      vertex -23.7849 -26.6078 5.01
      vertex -23.7849 -26.6078 3.5
    endloop
  endfacet
  facet normal -0.829518 0.55848 0
    outer loop
      vertex -23.7849 -26.6078 5.01
      vertex -23.8564 -26.714 3.5
      vertex -23.8564 -26.714 5.01
    endloop
  endfacet
  facet normal -0.731185 0.68218 0
    outer loop
      vertex -23.7849 -26.6078 3.5
      vertex -23.6972 -26.5138 5.01
      vertex -23.6972 -26.5138 3.5
    endloop
  endfacet
  facet normal -0.731185 0.68218 0
    outer loop
      vertex -23.6972 -26.5138 5.01
      vertex -23.7849 -26.6078 3.5
      vertex -23.7849 -26.6078 5.01
    endloop
  endfacet
  facet normal -0.619325 0.785135 0
    outer loop
      vertex -23.5935 -26.432 3.5
      vertex -23.6972 -26.5138 5.01
      vertex -23.5935 -26.432 5.01
    endloop
  endfacet
  facet normal -0.619325 0.785135 0
    outer loop
      vertex -23.6972 -26.5138 5.01
      vertex -23.5935 -26.432 3.5
      vertex -23.6972 -26.5138 3.5
    endloop
  endfacet
  facet normal -0.502031 0.86485 0
    outer loop
      vertex -23.4736 -26.3624 3.5
      vertex -23.5935 -26.432 5.01
      vertex -23.4736 -26.3624 5.01
    endloop
  endfacet
  facet normal -0.502031 0.86485 0
    outer loop
      vertex -23.5935 -26.432 5.01
      vertex -23.4736 -26.3624 3.5
      vertex -23.5935 -26.432 3.5
    endloop
  endfacet
  facet normal -0.388844 0.921303 0
    outer loop
      vertex -23.3376 -26.305 3.5
      vertex -23.4736 -26.3624 5.01
      vertex -23.3376 -26.305 5.01
    endloop
  endfacet
  facet normal -0.388844 0.921303 0
    outer loop
      vertex -23.4736 -26.3624 5.01
      vertex -23.3376 -26.305 3.5
      vertex -23.4736 -26.3624 3.5
    endloop
  endfacet
  facet normal -0.2839 0.958854 0
    outer loop
      vertex -23.1819 -26.2589 3.5
      vertex -23.3376 -26.305 5.01
      vertex -23.1819 -26.2589 5.01
    endloop
  endfacet
  facet normal -0.2839 0.958854 0
    outer loop
      vertex -23.3376 -26.305 5.01
      vertex -23.1819 -26.2589 3.5
      vertex -23.3376 -26.305 3.5
    endloop
  endfacet
  facet normal -0.196432 0.980517 0
    outer loop
      vertex -23.0027 -26.223 3.5
      vertex -23.1819 -26.2589 5.01
      vertex -23.0027 -26.223 5.01
    endloop
  endfacet
  facet normal -0.196432 0.980517 0
    outer loop
      vertex -23.1819 -26.2589 5.01
      vertex -23.0027 -26.223 3.5
      vertex -23.1819 -26.2589 3.5
    endloop
  endfacet
  facet normal -0.125361 0.992111 0
    outer loop
      vertex -22.8001 -26.1974 3.5
      vertex -23.0027 -26.223 5.01
      vertex -22.8001 -26.1974 5.01
    endloop
  endfacet
  facet normal -0.125361 0.992111 0
    outer loop
      vertex -23.0027 -26.223 5.01
      vertex -22.8001 -26.1974 3.5
      vertex -23.0027 -26.223 3.5
    endloop
  endfacet
  facet normal -0.067954 0.997688 0
    outer loop
      vertex -22.574 -26.182 3.5
      vertex -22.8001 -26.1974 5.01
      vertex -22.574 -26.182 5.01
    endloop
  endfacet
  facet normal -0.067954 0.997688 0
    outer loop
      vertex -22.8001 -26.1974 5.01
      vertex -22.574 -26.182 3.5
      vertex -22.8001 -26.1974 3.5
    endloop
  endfacet
  facet normal -0.0204366 0.999791 0
    outer loop
      vertex -22.3245 -26.1769 3.5
      vertex -22.574 -26.182 5.01
      vertex -22.3245 -26.1769 5.01
    endloop
  endfacet
  facet normal -0.0204366 0.999791 0
    outer loop
      vertex -22.574 -26.182 5.01
      vertex -22.3245 -26.1769 3.5
      vertex -22.574 -26.182 3.5
    endloop
  endfacet
  facet normal 0 1 -0
    outer loop
      vertex -18.1378 -26.1769 3.5
      vertex -22.3245 -26.1769 5.01
      vertex -18.1378 -26.1769 5.01
    endloop
  endfacet
  facet normal 0 1 0
    outer loop
      vertex -22.3245 -26.1769 5.01
      vertex -18.1378 -26.1769 3.5
      vertex -22.3245 -26.1769 3.5
    endloop
  endfacet
  facet normal -1 0 0
    outer loop
      vertex -18.1378 -26.1769 3.5
      vertex -18.1378 -25.0722 5.01
      vertex -18.1378 -25.0722 3.5
    endloop
  endfacet
  facet normal -1 -0 0
    outer loop
      vertex -18.1378 -25.0722 5.01
      vertex -18.1378 -26.1769 3.5
      vertex -18.1378 -26.1769 5.01
    endloop
  endfacet
  facet normal 0 -1 0
    outer loop
      vertex -22.5382 -25.0722 3.5
      vertex -18.1378 -25.0722 5.01
      vertex -22.5382 -25.0722 5.01
    endloop
  endfacet
  facet normal 0 -1 -0
    outer loop
      vertex -18.1378 -25.0722 5.01
      vertex -22.5382 -25.0722 3.5
      vertex -18.1378 -25.0722 3.5
    endloop
  endfacet
  facet normal 0.0429573 -0.999077 0
    outer loop
      vertex -23.008 -25.0924 3.5
      vertex -22.5382 -25.0722 5.01
      vertex -23.008 -25.0924 5.01
    endloop
  endfacet
  facet normal 0.0429573 -0.999077 0
    outer loop
      vertex -22.5382 -25.0722 5.01
      vertex -23.008 -25.0924 3.5
      vertex -22.5382 -25.0722 3.5
    endloop
  endfacet
  facet normal 0.144571 -0.989494 0
    outer loop
      vertex -23.4214 -25.1528 3.5
      vertex -23.008 -25.0924 5.01
      vertex -23.4214 -25.1528 5.01
    endloop
  endfacet
  facet normal 0.144571 -0.989494 0
    outer loop
      vertex -23.008 -25.0924 5.01
      vertex -23.4214 -25.1528 3.5
      vertex -23.008 -25.0924 3.5
    endloop
  endfacet
  facet normal 0.271409 -0.962464 0
    outer loop
      vertex -23.7785 -25.2535 3.5
      vertex -23.4214 -25.1528 5.01
      vertex -23.7785 -25.2535 5.01
    endloop
  endfacet
  facet normal 0.271409 -0.962464 0
    outer loop
      vertex -23.4214 -25.1528 5.01
      vertex -23.7785 -25.2535 3.5
      vertex -23.4214 -25.1528 3.5
    endloop
  endfacet
  facet normal 0.424665 -0.90535 0
    outer loop
      vertex -24.0791 -25.3945 3.5
      vertex -23.7785 -25.2535 5.01
      vertex -24.0791 -25.3945 5.01
    endloop
  endfacet
  facet normal 0.424665 -0.90535 0
    outer loop
      vertex -23.7785 -25.2535 5.01
      vertex -24.0791 -25.3945 3.5
      vertex -23.7785 -25.2535 3.5
    endloop
  endfacet
  facet normal 0.5961 -0.80291 0
    outer loop
      vertex -24.3233 -25.5758 3.5
      vertex -24.0791 -25.3945 5.01
      vertex -24.3233 -25.5758 5.01
    endloop
  endfacet
  facet normal 0.5961 -0.80291 0
    outer loop
      vertex -24.0791 -25.3945 5.01
      vertex -24.3233 -25.5758 3.5
      vertex -24.0791 -25.3945 3.5
    endloop
  endfacet
  facet normal 0.756089 -0.654469 0
    outer loop
      vertex -24.5178 -25.8005 5.01
      vertex -24.3233 -25.5758 3.5
      vertex -24.3233 -25.5758 5.01
    endloop
  endfacet
  facet normal 0.756089 -0.654469 0
    outer loop
      vertex -24.3233 -25.5758 3.5
      vertex -24.5178 -25.8005 5.01
      vertex -24.5178 -25.8005 3.5
    endloop
  endfacet
  facet normal 0.873503 -0.486818 0
    outer loop
      vertex -24.669 -26.0718 5.01
      vertex -24.5178 -25.8005 3.5
      vertex -24.5178 -25.8005 5.01
    endloop
  endfacet
  facet normal 0.873503 -0.486818 0
    outer loop
      vertex -24.5178 -25.8005 3.5
      vertex -24.669 -26.0718 5.01
      vertex -24.669 -26.0718 3.5
    endloop
  endfacet
  facet normal 0.946851 -0.321673 0
    outer loop
      vertex -24.777 -26.3897 5.01
      vertex -24.669 -26.0718 3.5
      vertex -24.669 -26.0718 5.01
    endloop
  endfacet
  facet normal 0.946851 -0.321673 0
    outer loop
      vertex -24.669 -26.0718 3.5
      vertex -24.777 -26.3897 5.01
      vertex -24.777 -26.3897 3.5
    endloop
  endfacet
  facet normal 0.984571 -0.174987 0
    outer loop
      vertex -24.8418 -26.7543 5.01
      vertex -24.777 -26.3897 3.5
      vertex -24.777 -26.3897 5.01
    endloop
  endfacet
  facet normal 0.984571 -0.174987 0
    outer loop
      vertex -24.777 -26.3897 3.5
      vertex -24.8418 -26.7543 5.01
      vertex -24.8418 -26.7543 3.5
    endloop
  endfacet
  facet normal 0.998623 -0.0524569 0
    outer loop
      vertex -24.8634 -27.1655 5.01
      vertex -24.8418 -26.7543 3.5
      vertex -24.8418 -26.7543 5.01
    endloop
  endfacet
  facet normal 0.998623 -0.0524569 0
    outer loop
      vertex -24.8418 -26.7543 3.5
      vertex -24.8634 -27.1655 5.01
      vertex -24.8634 -27.1655 3.5
    endloop
  endfacet
  facet normal 0.999219 0.0395073 0
    outer loop
      vertex -24.8521 -27.4513 5.01
      vertex -24.8634 -27.1655 3.5
      vertex -24.8634 -27.1655 5.01
    endloop
  endfacet
  facet normal 0.999219 0.0395073 0
    outer loop
      vertex -24.8634 -27.1655 3.5
      vertex -24.8521 -27.4513 5.01
      vertex -24.8521 -27.4513 3.5
    endloop
  endfacet
  facet normal 0.991913 0.12692 0
    outer loop
      vertex -24.818 -27.7178 5.01
      vertex -24.8521 -27.4513 3.5
      vertex -24.8521 -27.4513 5.01
    endloop
  endfacet
  facet normal 0.991913 0.12692 0
    outer loop
      vertex -24.8521 -27.4513 3.5
      vertex -24.818 -27.7178 5.01
      vertex -24.818 -27.7178 3.5
    endloop
  endfacet
  facet normal 0.974689 0.223563 0
    outer loop
      vertex -24.7613 -27.965 5.01
      vertex -24.818 -27.7178 3.5
      vertex -24.818 -27.7178 5.01
    endloop
  endfacet
  facet normal 0.974689 0.223563 0
    outer loop
      vertex -24.818 -27.7178 3.5
      vertex -24.7613 -27.965 5.01
      vertex -24.7613 -27.965 3.5
    endloop
  endfacet
  facet normal 0.9442 0.329372 0
    outer loop
      vertex -24.6818 -28.1929 5.01
      vertex -24.7613 -27.965 3.5
      vertex -24.7613 -27.965 5.01
    endloop
  endfacet
  facet normal 0.9442 0.329372 0
    outer loop
      vertex -24.7613 -27.965 3.5
      vertex -24.6818 -28.1929 5.01
      vertex -24.6818 -28.1929 3.5
    endloop
  endfacet
  facet normal 0.898184 0.439619 0
    outer loop
      vertex -24.5797 -28.4015 5.01
      vertex -24.6818 -28.1929 3.5
      vertex -24.6818 -28.1929 5.01
    endloop
  endfacet
  facet normal 0.898184 0.439619 0
    outer loop
      vertex -24.6818 -28.1929 3.5
      vertex -24.5797 -28.4015 5.01
      vertex -24.5797 -28.4015 3.5
    endloop
  endfacet
  facet normal 0.831787 0.555096 0
    outer loop
      vertex -24.4501 -28.5957 5.01
      vertex -24.5797 -28.4015 3.5
      vertex -24.5797 -28.4015 5.01
    endloop
  endfacet
  facet normal 0.831787 0.555096 0
    outer loop
      vertex -24.5797 -28.4015 3.5
      vertex -24.4501 -28.5957 5.01
      vertex -24.4501 -28.5957 3.5
    endloop
  endfacet
  facet normal 0.752829 0.658216 0
    outer loop
      vertex -24.2887 -28.7803 5.01
      vertex -24.4501 -28.5957 3.5
      vertex -24.4501 -28.5957 5.01
    endloop
  endfacet
  facet normal 0.752829 0.658216 0
    outer loop
      vertex -24.4501 -28.5957 3.5
      vertex -24.2887 -28.7803 5.01
      vertex -24.2887 -28.7803 3.5
    endloop
  endfacet
  facet normal 0.671184 0.741291 -0
    outer loop
      vertex -24.0952 -28.9555 3.5
      vertex -24.2887 -28.7803 5.01
      vertex -24.0952 -28.9555 5.01
    endloop
  endfacet
  facet normal 0.671184 0.741291 0
    outer loop
      vertex -24.2887 -28.7803 5.01
      vertex -24.0952 -28.9555 3.5
      vertex -24.2887 -28.7803 3.5
    endloop
  endfacet
  facet normal 0.592076 0.805882 -0
    outer loop
      vertex -23.8698 -29.1211 3.5
      vertex -24.0952 -28.9555 5.01
      vertex -23.8698 -29.1211 5.01
    endloop
  endfacet
  facet normal 0.592076 0.805882 0
    outer loop
      vertex -24.0952 -28.9555 5.01
      vertex -23.8698 -29.1211 3.5
      vertex -24.0952 -28.9555 3.5
    endloop
  endfacet
  facet normal 0.518397 0.85514 -0
    outer loop
      vertex -23.6123 -29.2772 3.5
      vertex -23.8698 -29.1211 5.01
      vertex -23.6123 -29.2772 5.01
    endloop
  endfacet
  facet normal 0.518397 0.85514 0
    outer loop
      vertex -23.8698 -29.1211 5.01
      vertex -23.6123 -29.2772 3.5
      vertex -23.8698 -29.1211 3.5
    endloop
  endfacet
  facet normal 1 -0 0
    outer loop
      vertex -23.6123 -29.2956 5.01
      vertex -23.6123 -29.2772 3.5
      vertex -23.6123 -29.2772 5.01
    endloop
  endfacet
  facet normal 1 0 0
    outer loop
      vertex -23.6123 -29.2772 3.5
      vertex -23.6123 -29.2956 5.01
      vertex -23.6123 -29.2956 3.5
    endloop
  endfacet
  facet normal 0.02603 -0.999661 0
    outer loop
      vertex -23.7928 -29.3003 3.5
      vertex -23.6123 -29.2956 5.01
      vertex -23.7928 -29.3003 5.01
    endloop
  endfacet
  facet normal 0.02603 -0.999661 0
    outer loop
      vertex -23.6123 -29.2956 5.01
      vertex -23.7928 -29.3003 3.5
      vertex -23.6123 -29.2956 3.5
    endloop
  endfacet
  facet normal 0.0288526 -0.999584 0
    outer loop
      vertex -23.9487 -29.3048 3.5
      vertex -23.7928 -29.3003 5.01
      vertex -23.9487 -29.3048 5.01
    endloop
  endfacet
  facet normal 0.0288526 -0.999584 0
    outer loop
      vertex -23.7928 -29.3003 5.01
      vertex -23.9487 -29.3048 3.5
      vertex -23.7928 -29.3003 3.5
    endloop
  endfacet
  facet normal 0.0327568 -0.999463 0
    outer loop
      vertex -24.0799 -29.3091 3.5
      vertex -23.9487 -29.3048 5.01
      vertex -24.0799 -29.3091 5.01
    endloop
  endfacet
  facet normal 0.0327568 -0.999463 0
    outer loop
      vertex -23.9487 -29.3048 5.01
      vertex -24.0799 -29.3091 3.5
      vertex -23.9487 -29.3048 3.5
    endloop
  endfacet
  facet normal 0.0375322 -0.999295 0
    outer loop
      vertex -24.1864 -29.3131 3.5
      vertex -24.0799 -29.3091 5.01
      vertex -24.1864 -29.3131 5.01
    endloop
  endfacet
  facet normal 0.0375322 -0.999295 0
    outer loop
      vertex -24.0799 -29.3091 5.01
      vertex -24.1864 -29.3131 3.5
      vertex -24.0799 -29.3091 3.5
    endloop
  endfacet
  facet normal 0.0463482 -0.998925 0
    outer loop
      vertex -24.2683 -29.3169 3.5
      vertex -24.1864 -29.3131 5.01
      vertex -24.2683 -29.3169 5.01
    endloop
  endfacet
  facet normal 0.0463482 -0.998925 0
    outer loop
      vertex -24.1864 -29.3131 5.01
      vertex -24.2683 -29.3169 3.5
      vertex -24.1864 -29.3131 3.5
    endloop
  endfacet
  facet normal 0.0514025 -0.998678 0
    outer loop
      vertex -24.3363 -29.3204 3.5
      vertex -24.2683 -29.3169 5.01
      vertex -24.3363 -29.3204 5.01
    endloop
  endfacet
  facet normal 0.0514025 -0.998678 0
    outer loop
      vertex -24.2683 -29.3169 5.01
      vertex -24.3363 -29.3204 3.5
      vertex -24.2683 -29.3169 3.5
    endloop
  endfacet
  facet normal 0.0507819 -0.99871 0
    outer loop
      vertex -24.4012 -29.3237 3.5
      vertex -24.3363 -29.3204 5.01
      vertex -24.4012 -29.3237 5.01
    endloop
  endfacet
  facet normal 0.0507819 -0.99871 0
    outer loop
      vertex -24.3363 -29.3204 5.01
      vertex -24.4012 -29.3237 3.5
      vertex -24.3363 -29.3204 3.5
    endloop
  endfacet
  facet normal 0.0502611 -0.998736 0
    outer loop
      vertex -24.4628 -29.3268 3.5
      vertex -24.4012 -29.3237 5.01
      vertex -24.4628 -29.3268 5.01
    endloop
  endfacet
  facet normal 0.0502611 -0.998736 0
    outer loop
      vertex -24.4012 -29.3237 5.01
      vertex -24.4628 -29.3268 3.5
      vertex -24.4012 -29.3237 3.5
    endloop
  endfacet
  facet normal 0.0478085 -0.998857 0
    outer loop
      vertex -24.5213 -29.3296 3.5
      vertex -24.4628 -29.3268 5.01
      vertex -24.5213 -29.3296 5.01
    endloop
  endfacet
  facet normal 0.0478085 -0.998857 0
    outer loop
      vertex -24.4628 -29.3268 5.01
      vertex -24.5213 -29.3296 3.5
      vertex -24.4628 -29.3268 3.5
    endloop
  endfacet
  facet normal 0.0469644 -0.998897 0
    outer loop
      vertex -24.5766 -29.3322 3.5
      vertex -24.5213 -29.3296 5.01
      vertex -24.5766 -29.3322 5.01
    endloop
  endfacet
  facet normal 0.0469644 -0.998897 0
    outer loop
      vertex -24.5213 -29.3296 5.01
      vertex -24.5766 -29.3322 3.5
      vertex -24.5213 -29.3296 3.5
    endloop
  endfacet
  facet normal 0.048428 -0.998827 0
    outer loop
      vertex -24.6261 -29.3346 3.5
      vertex -24.5766 -29.3322 5.01
      vertex -24.6261 -29.3346 5.01
    endloop
  endfacet
  facet normal 0.048428 -0.998827 0
    outer loop
      vertex -24.5766 -29.3322 5.01
      vertex -24.6261 -29.3346 3.5
      vertex -24.5766 -29.3322 3.5
    endloop
  endfacet
  facet normal 0.0604221 -0.998173 0
    outer loop
      vertex -24.6674 -29.3371 3.5
      vertex -24.6261 -29.3346 5.01
      vertex -24.6674 -29.3371 5.01
    endloop
  endfacet
  facet normal 0.0604221 -0.998173 0
    outer loop
      vertex -24.6261 -29.3346 5.01
      vertex -24.6674 -29.3371 3.5
      vertex -24.6261 -29.3346 3.5
    endloop
  endfacet
  facet normal 0.0725357 -0.997366 0
    outer loop
      vertex -24.7004 -29.3395 3.5
      vertex -24.6674 -29.3371 5.01
      vertex -24.7004 -29.3395 5.01
    endloop
  endfacet
  facet normal 0.0725357 -0.997366 0
    outer loop
      vertex -24.6674 -29.3371 5.01
      vertex -24.7004 -29.3395 3.5
      vertex -24.6674 -29.3371 3.5
    endloop
  endfacet
  facet normal 0.0971 -0.995275 0
    outer loop
      vertex -24.725 -29.3419 3.5
      vertex -24.7004 -29.3395 5.01
      vertex -24.725 -29.3419 5.01
    endloop
  endfacet
  facet normal 0.0971 -0.995275 0
    outer loop
      vertex -24.7004 -29.3395 5.01
      vertex -24.725 -29.3419 3.5
      vertex -24.7004 -29.3395 3.5
    endloop
  endfacet
  facet normal 0.144799 -0.989461 0
    outer loop
      vertex -24.7414 -29.3443 3.5
      vertex -24.725 -29.3419 5.01
      vertex -24.7414 -29.3443 5.01
    endloop
  endfacet
  facet normal 0.144799 -0.989461 0
    outer loop
      vertex -24.725 -29.3419 5.01
      vertex -24.7414 -29.3443 3.5
      vertex -24.725 -29.3419 3.5
    endloop
  endfacet
  facet normal 1 -0 0
    outer loop
      vertex -24.7414 -30.3819 5.01
      vertex -24.7414 -29.3443 3.5
      vertex -24.7414 -29.3443 5.01
    endloop
  endfacet
  facet normal 1 0 0
    outer loop
      vertex -24.7414 -29.3443 3.5
      vertex -24.7414 -30.3819 5.01
      vertex -24.7414 -30.3819 3.5
    endloop
  endfacet
  facet normal -0.0949449 0.995483 0
    outer loop
      vertex -24.603 -30.3687 3.5
      vertex -24.7414 -30.3819 5.01
      vertex -24.603 -30.3687 5.01
    endloop
  endfacet
  facet normal -0.0949449 0.995483 0
    outer loop
      vertex -24.7414 -30.3819 5.01
      vertex -24.603 -30.3687 3.5
      vertex -24.7414 -30.3819 3.5
    endloop
  endfacet
  facet normal -0.0484682 0.998825 0
    outer loop
      vertex -24.3928 -30.3585 3.5
      vertex -24.603 -30.3687 5.01
      vertex -24.3928 -30.3585 5.01
    endloop
  endfacet
  facet normal -0.0484682 0.998825 0
    outer loop
      vertex -24.603 -30.3687 5.01
      vertex -24.3928 -30.3585 3.5
      vertex -24.603 -30.3687 3.5
    endloop
  endfacet
  facet normal -0.0258779 0.999665 0
    outer loop
      vertex -24.1108 -30.3512 3.5
      vertex -24.3928 -30.3585 5.01
      vertex -24.1108 -30.3512 5.01
    endloop
  endfacet
  facet normal -0.0258779 0.999665 0
    outer loop
      vertex -24.3928 -30.3585 5.01
      vertex -24.1108 -30.3512 3.5
      vertex -24.3928 -30.3585 3.5
    endloop
  endfacet
  facet normal -0.0124354 0.999923 0
    outer loop
      vertex -23.757 -30.3468 3.5
      vertex -24.1108 -30.3512 5.01
      vertex -23.757 -30.3468 5.01
    endloop
  endfacet
  facet normal -0.0124354 0.999923 0
    outer loop
      vertex -24.1108 -30.3512 5.01
      vertex -23.757 -30.3468 3.5
      vertex -24.1108 -30.3512 3.5
    endloop
  endfacet
  facet normal -0.00352524 0.999994 0
    outer loop
      vertex -23.3315 -30.3453 3.5
      vertex -23.757 -30.3468 5.01
      vertex -23.3315 -30.3453 5.01
    endloop
  endfacet
  facet normal -0.00352524 0.999994 0
    outer loop
      vertex -23.757 -30.3468 5.01
      vertex -23.3315 -30.3453 3.5
      vertex -23.757 -30.3468 3.5
    endloop
  endfacet
  facet normal 0 1 -0
    outer loop
      vertex -18.1378 -30.3453 3.5
      vertex -23.3315 -30.3453 5.01
      vertex -18.1378 -30.3453 5.01
    endloop
  endfacet
  facet normal 0 1 0
    outer loop
      vertex -23.3315 -30.3453 5.01
      vertex -18.1378 -30.3453 3.5
      vertex -23.3315 -30.3453 3.5
    endloop
  endfacet
  facet normal -1 0 0
    outer loop
      vertex -18.1378 -30.3453 3.5
      vertex -18.1378 -29.2467 5.01
      vertex -18.1378 -29.2467 3.5
    endloop
  endfacet
  facet normal -1 -0 0
    outer loop
      vertex -18.1378 -29.2467 5.01
      vertex -18.1378 -30.3453 3.5
      vertex -18.1378 -30.3453 5.01
    endloop
  endfacet
  facet normal 0 -1 0
    outer loop
      vertex -21.9644 -29.2467 3.5
      vertex -18.1378 -29.2467 5.01
      vertex -21.9644 -29.2467 5.01
    endloop
  endfacet
  facet normal 0 -1 -0
    outer loop
      vertex -18.1378 -29.2467 5.01
      vertex -21.9644 -29.2467 3.5
      vertex -18.1378 -29.2467 3.5
    endloop
  endfacet
  facet normal -0.961815 -0.273699 0
    outer loop
      vertex -18.0783 19.9146 3.5
      vertex -18.2658 20.5735 5.01
      vertex -18.2658 20.5735 3.5
    endloop
  endfacet
  facet normal -0.961815 -0.273699 0
    outer loop
      vertex -18.2658 20.5735 5.01
      vertex -18.0783 19.9146 3.5
      vertex -18.0783 19.9146 5.01
    endloop
  endfacet
  facet normal -0.864901 -0.501942 0
    outer loop
      vertex -18.2658 20.5735 3.5
      vertex -18.5782 21.1118 5.01
      vertex -18.5782 21.1118 3.5
    endloop
  endfacet
  facet normal -0.864901 -0.501942 0
    outer loop
      vertex -18.5782 21.1118 5.01
      vertex -18.2658 20.5735 3.5
      vertex -18.2658 20.5735 5.01
    endloop
  endfacet
  facet normal -0.69055 -0.723284 0
    outer loop
      vertex -19.0157 21.5295 3.5
      vertex -18.5782 21.1118 5.01
      vertex -19.0157 21.5295 5.01
    endloop
  endfacet
  facet normal -0.69055 -0.723284 -0
    outer loop
      vertex -18.5782 21.1118 5.01
      vertex -19.0157 21.5295 3.5
      vertex -18.5782 21.1118 3.5
    endloop
  endfacet
  facet normal -0.467035 -0.884239 0
    outer loop
      vertex -19.5782 21.8266 3.5
      vertex -19.0157 21.5295 5.01
      vertex -19.5782 21.8266 5.01
    endloop
  endfacet
  facet normal -0.467035 -0.884239 -0
    outer loop
      vertex -19.0157 21.5295 5.01
      vertex -19.5782 21.8266 3.5
      vertex -19.0157 21.5295 3.5
    endloop
  endfacet
  facet normal 0.961764 -0.273878 0
    outer loop
      vertex -19.8528 20.8623 5.01
      vertex -19.5782 21.8266 3.5
      vertex -19.5782 21.8266 5.01
    endloop
  endfacet
  facet normal 0.961764 -0.273878 0
    outer loop
      vertex -19.5782 21.8266 3.5
      vertex -19.8528 20.8623 5.01
      vertex -19.8528 20.8623 3.5
    endloop
  endfacet
  facet normal 0.391497 0.92018 -0
    outer loop
      vertex -19.6831 20.7901 3.5
      vertex -19.8528 20.8623 5.01
      vertex -19.6831 20.7901 5.01
    endloop
  endfacet
  facet normal 0.391497 0.92018 0
    outer loop
      vertex -19.8528 20.8623 5.01
      vertex -19.6831 20.7901 3.5
      vertex -19.8528 20.8623 3.5
    endloop
  endfacet
  facet normal 0.513935 0.857829 -0
    outer loop
      vertex -19.5257 20.6958 3.5
      vertex -19.6831 20.7901 5.01
      vertex -19.5257 20.6958 5.01
    endloop
  endfacet
  facet normal 0.513935 0.857829 0
    outer loop
      vertex -19.6831 20.7901 5.01
      vertex -19.5257 20.6958 3.5
      vertex -19.6831 20.7901 3.5
    endloop
  endfacet
  facet normal 0.625873 0.779925 -0
    outer loop
      vertex -19.3804 20.5792 3.5
      vertex -19.5257 20.6958 5.01
      vertex -19.3804 20.5792 5.01
    endloop
  endfacet
  facet normal 0.625873 0.779925 0
    outer loop
      vertex -19.5257 20.6958 5.01
      vertex -19.3804 20.5792 3.5
      vertex -19.5257 20.6958 3.5
    endloop
  endfacet
  facet normal 0.721772 0.692131 0
    outer loop
      vertex -19.2473 20.4404 5.01
      vertex -19.3804 20.5792 3.5
      vertex -19.3804 20.5792 5.01
    endloop
  endfacet
  facet normal 0.721772 0.692131 0
    outer loop
      vertex -19.3804 20.5792 3.5
      vertex -19.2473 20.4404 5.01
      vertex -19.2473 20.4404 3.5
    endloop
  endfacet
  facet normal 0.799881 0.600159 0
    outer loop
      vertex -19.1265 20.2794 5.01
      vertex -19.2473 20.4404 3.5
      vertex -19.2473 20.4404 5.01
    endloop
  endfacet
  facet normal 0.799881 0.600159 0
    outer loop
      vertex -19.2473 20.4404 3.5
      vertex -19.1265 20.2794 5.01
      vertex -19.1265 20.2794 3.5
    endloop
  endfacet
  facet normal 0.871411 0.490554 0
    outer loop
      vertex -19.0232 20.0959 5.01
      vertex -19.1265 20.2794 3.5
      vertex -19.1265 20.2794 5.01
    endloop
  endfacet
  facet normal 0.871411 0.490554 0
    outer loop
      vertex -19.1265 20.2794 3.5
      vertex -19.0232 20.0959 5.01
      vertex -19.0232 20.0959 3.5
    endloop
  endfacet
  facet normal 0.931775 0.363035 0
    outer loop
      vertex -18.9429 19.8898 5.01
      vertex -19.0232 20.0959 3.5
      vertex -19.0232 20.0959 5.01
    endloop
  endfacet
  facet normal 0.931775 0.363035 0
    outer loop
      vertex -19.0232 20.0959 3.5
      vertex -18.9429 19.8898 5.01
      vertex -18.9429 19.8898 3.5
    endloop
  endfacet
  facet normal 0.969968 0.243234 0
    outer loop
      vertex -18.8855 19.6609 5.01
      vertex -18.9429 19.8898 3.5
      vertex -18.9429 19.8898 5.01
    endloop
  endfacet
  facet normal 0.969968 0.243234 0
    outer loop
      vertex -18.9429 19.8898 3.5
      vertex -18.8855 19.6609 5.01
      vertex -18.8855 19.6609 3.5
    endloop
  endfacet
  facet normal 0.990775 0.135518 0
    outer loop
      vertex -18.8511 19.4094 5.01
      vertex -18.8855 19.6609 3.5
      vertex -18.8855 19.6609 5.01
    endloop
  endfacet
  facet normal 0.990775 0.135518 0
    outer loop
      vertex -18.8855 19.6609 3.5
      vertex -18.8511 19.4094 5.01
      vertex -18.8511 19.4094 3.5
    endloop
  endfacet
  facet normal 0.999122 0.0418881 0
    outer loop
      vertex -18.8396 19.1351 5.01
      vertex -18.8511 19.4094 3.5
      vertex -18.8511 19.4094 5.01
    endloop
  endfacet
  facet normal 0.999122 0.0418881 0
    outer loop
      vertex -18.8511 19.4094 3.5
      vertex -18.8396 19.1351 5.01
      vertex -18.8396 19.1351 3.5
    endloop
  endfacet
  facet normal 0.997432 -0.0716179 0
    outer loop
      vertex -18.8643 18.7911 5.01
      vertex -18.8396 19.1351 3.5
      vertex -18.8396 19.1351 5.01
    endloop
  endfacet
  facet normal 0.997432 -0.0716179 0
    outer loop
      vertex -18.8396 19.1351 3.5
      vertex -18.8643 18.7911 5.01
      vertex -18.8643 18.7911 3.5
    endloop
  endfacet
  facet normal 0.972553 -0.232683 0
    outer loop
      vertex -18.9383 18.4818 5.01
      vertex -18.8643 18.7911 3.5
      vertex -18.8643 18.7911 5.01
    endloop
  endfacet
  facet normal 0.972553 -0.232683 0
    outer loop
      vertex -18.8643 18.7911 3.5
      vertex -18.9383 18.4818 5.01
      vertex -18.9383 18.4818 3.5
    endloop
  endfacet
  facet normal 0.912313 -0.409495 0
    outer loop
      vertex -19.0616 18.2071 5.01
      vertex -18.9383 18.4818 3.5
      vertex -18.9383 18.4818 5.01
    endloop
  endfacet
  facet normal 0.912313 -0.409495 0
    outer loop
      vertex -18.9383 18.4818 3.5
      vertex -19.0616 18.2071 5.01
      vertex -19.0616 18.2071 3.5
    endloop
  endfacet
  facet normal 0.812015 -0.583636 0
    outer loop
      vertex -19.2341 17.9671 5.01
      vertex -19.0616 18.2071 3.5
      vertex -19.0616 18.2071 5.01
    endloop
  endfacet
  facet normal 0.812015 -0.583636 0
    outer loop
      vertex -19.0616 18.2071 3.5
      vertex -19.2341 17.9671 5.01
      vertex -19.2341 17.9671 3.5
    endloop
  endfacet
  facet normal 0.678953 -0.734182 0
    outer loop
      vertex -19.4561 17.7618 3.5
      vertex -19.2341 17.9671 5.01
      vertex -19.4561 17.7618 5.01
    endloop
  endfacet
  facet normal 0.678953 -0.734182 0
    outer loop
      vertex -19.2341 17.9671 5.01
      vertex -19.4561 17.7618 3.5
      vertex -19.2341 17.9671 3.5
    endloop
  endfacet
  facet normal 0.534623 -0.84509 0
    outer loop
      vertex -19.7234 17.5927 3.5
      vertex -19.4561 17.7618 5.01
      vertex -19.7234 17.5927 5.01
    endloop
  endfacet
  facet normal 0.534623 -0.84509 0
    outer loop
      vertex -19.4561 17.7618 5.01
      vertex -19.7234 17.5927 3.5
      vertex -19.4561 17.7618 3.5
    endloop
  endfacet
  facet normal 0.392049 -0.919944 0
    outer loop
      vertex -20.0322 17.4611 3.5
      vertex -19.7234 17.5927 5.01
      vertex -20.0322 17.4611 5.01
    endloop
  endfacet
  facet normal 0.392049 -0.919944 0
    outer loop
      vertex -19.7234 17.5927 5.01
      vertex -20.0322 17.4611 3.5
      vertex -19.7234 17.5927 3.5
    endloop
  endfacet
  facet normal 0.259103 -0.96585 0
    outer loop
      vertex -20.3826 17.3671 3.5
      vertex -20.0322 17.4611 5.01
      vertex -20.3826 17.3671 5.01
    endloop
  endfacet
  facet normal 0.259103 -0.96585 0
    outer loop
      vertex -20.0322 17.4611 5.01
      vertex -20.3826 17.3671 3.5
      vertex -20.0322 17.4611 3.5
    endloop
  endfacet
  facet normal 0.142482 -0.989797 0
    outer loop
      vertex -20.7744 17.3107 3.5
      vertex -20.3826 17.3671 5.01
      vertex -20.7744 17.3107 5.01
    endloop
  endfacet
  facet normal 0.142482 -0.989797 0
    outer loop
      vertex -20.3826 17.3671 5.01
      vertex -20.7744 17.3107 3.5
      vertex -20.3826 17.3671 3.5
    endloop
  endfacet
  facet normal 0.0433472 -0.99906 0
    outer loop
      vertex -21.2077 17.2919 3.5
      vertex -20.7744 17.3107 5.01
      vertex -21.2077 17.2919 5.01
    endloop
  endfacet
  facet normal 0.0433472 -0.99906 0
    outer loop
      vertex -20.7744 17.3107 5.01
      vertex -21.2077 17.2919 3.5
      vertex -20.7744 17.3107 3.5
    endloop
  endfacet
  facet normal -1 0 0
    outer loop
      vertex -21.2077 17.2919 3.5
      vertex -21.2077 22.0036 5.01
      vertex -21.2077 22.0036 3.5
    endloop
  endfacet
  facet normal -1 -0 0
    outer loop
      vertex -21.2077 22.0036 5.01
      vertex -21.2077 17.2919 3.5
      vertex -21.2077 17.2919 5.01
    endloop
  endfacet
  facet normal 0 -1 0
    outer loop
      vertex -21.3542 22.0036 3.5
      vertex -21.2077 22.0036 5.01
      vertex -21.3542 22.0036 5.01
    endloop
  endfacet
  facet normal 0 -1 -0
    outer loop
      vertex -21.2077 22.0036 5.01
      vertex -21.3542 22.0036 3.5
      vertex -21.2077 22.0036 3.5
    endloop
  endfacet
  facet normal 0.0918291 -0.995775 0
    outer loop
      vertex -22.6175 21.8871 3.5
      vertex -21.3542 22.0036 5.01
      vertex -22.6175 21.8871 5.01
    endloop
  endfacet
  facet normal 0.0918291 -0.995775 0
    outer loop
      vertex -21.3542 22.0036 5.01
      vertex -22.6175 21.8871 3.5
      vertex -21.3542 22.0036 3.5
    endloop
  endfacet
  facet normal 0.334951 -0.942236 0
    outer loop
      vertex -23.6001 21.5378 3.5
      vertex -22.6175 21.8871 5.01
      vertex -23.6001 21.5378 5.01
    endloop
  endfacet
  facet normal 0.334951 -0.942236 0
    outer loop
      vertex -22.6175 21.8871 5.01
      vertex -23.6001 21.5378 3.5
      vertex -22.6175 21.8871 3.5
    endloop
  endfacet
  facet normal 0.638478 -0.76964 0
    outer loop
      vertex -24.3019 20.9556 3.5
      vertex -23.6001 21.5378 5.01
      vertex -24.3019 20.9556 5.01
    endloop
  endfacet
  facet normal 0.638478 -0.76964 0
    outer loop
      vertex -23.6001 21.5378 5.01
      vertex -24.3019 20.9556 3.5
      vertex -23.6001 21.5378 3.5
    endloop
  endfacet
  facet normal 0.888464 -0.458945 0
    outer loop
      vertex -24.723 20.1404 5.01
      vertex -24.3019 20.9556 3.5
      vertex -24.3019 20.9556 5.01
    endloop
  endfacet
  facet normal 0.888464 -0.458945 0
    outer loop
      vertex -24.3019 20.9556 3.5
      vertex -24.723 20.1404 5.01
      vertex -24.723 20.1404 3.5
    endloop
  endfacet
  facet normal 0.991145 -0.132783 0
    outer loop
      vertex -24.8634 19.0924 5.01
      vertex -24.723 20.1404 3.5
      vertex -24.723 20.1404 5.01
    endloop
  endfacet
  facet normal 0.991145 -0.132783 0
    outer loop
      vertex -24.723 20.1404 3.5
      vertex -24.8634 19.0924 5.01
      vertex -24.8634 19.0924 3.5
    endloop
  endfacet
  facet normal 0.997938 0.0641873 0
    outer loop
      vertex -24.8285 18.5498 5.01
      vertex -24.8634 19.0924 3.5
      vertex -24.8634 19.0924 5.01
    endloop
  endfacet
  facet normal 0.997938 0.0641873 0
    outer loop
      vertex -24.8634 19.0924 3.5
      vertex -24.8285 18.5498 5.01
      vertex -24.8285 18.5498 3.5
    endloop
  endfacet
  facet normal 0.977934 0.208916 0
    outer loop
      vertex -24.7238 18.0597 5.01
      vertex -24.8285 18.5498 3.5
      vertex -24.8285 18.5498 5.01
    endloop
  endfacet
  facet normal 0.977934 0.208916 0
    outer loop
      vertex -24.8285 18.5498 3.5
      vertex -24.7238 18.0597 5.01
      vertex -24.7238 18.0597 3.5
    endloop
  endfacet
  facet normal 0.928798 0.370585 0
    outer loop
      vertex -24.5492 17.6221 5.01
      vertex -24.7238 18.0597 3.5
      vertex -24.7238 18.0597 5.01
    endloop
  endfacet
  facet normal 0.928798 0.370585 0
    outer loop
      vertex -24.7238 18.0597 3.5
      vertex -24.5492 17.6221 5.01
      vertex -24.5492 17.6221 3.5
    endloop
  endfacet
  facet normal 0.844419 0.535683 0
    outer loop
      vertex -24.3049 17.237 5.01
      vertex -24.5492 17.6221 3.5
      vertex -24.5492 17.6221 5.01
    endloop
  endfacet
  facet normal 0.844419 0.535683 0
    outer loop
      vertex -24.5492 17.6221 3.5
      vertex -24.3049 17.237 5.01
      vertex -24.3049 17.237 3.5
    endloop
  endfacet
  facet normal 0.726928 0.686713 0
    outer loop
      vertex -23.9907 16.9044 5.01
      vertex -24.3049 17.237 3.5
      vertex -24.3049 17.237 5.01
    endloop
  endfacet
  facet normal 0.726928 0.686713 0
    outer loop
      vertex -24.3049 17.237 3.5
      vertex -23.9907 16.9044 5.01
      vertex -23.9907 16.9044 3.5
    endloop
  endfacet
  facet normal 0.587791 0.809012 -0
    outer loop
      vertex -23.6111 16.6286 3.5
      vertex -23.9907 16.9044 5.01
      vertex -23.6111 16.6286 5.01
    endloop
  endfacet
  facet normal 0.587791 0.809012 0
    outer loop
      vertex -23.9907 16.9044 5.01
      vertex -23.6111 16.6286 3.5
      vertex -23.9907 16.9044 3.5
    endloop
  endfacet
  facet normal 0.437475 0.899231 -0
    outer loop
      vertex -23.1704 16.4142 3.5
      vertex -23.6111 16.6286 5.01
      vertex -23.1704 16.4142 5.01
    endloop
  endfacet
  facet normal 0.437475 0.899231 0
    outer loop
      vertex -23.6111 16.6286 5.01
      vertex -23.1704 16.4142 3.5
      vertex -23.6111 16.6286 3.5
    endloop
  endfacet
  facet normal 0.292049 0.956403 -0
    outer loop
      vertex -22.6687 16.261 3.5
      vertex -23.1704 16.4142 5.01
      vertex -22.6687 16.261 5.01
    endloop
  endfacet
  facet normal 0.292049 0.956403 0
    outer loop
      vertex -23.1704 16.4142 5.01
      vertex -22.6687 16.261 3.5
      vertex -23.1704 16.4142 3.5
    endloop
  endfacet
  facet normal 0.161212 0.98692 -0
    outer loop
      vertex -22.1061 16.1691 3.5
      vertex -22.6687 16.261 5.01
      vertex -22.1061 16.1691 5.01
    endloop
  endfacet
  facet normal 0.161212 0.98692 0
    outer loop
      vertex -22.6687 16.261 5.01
      vertex -22.1061 16.1691 3.5
      vertex -22.6687 16.261 3.5
    endloop
  endfacet
  facet normal 0.0489953 0.998799 -0
    outer loop
      vertex -21.4823 16.1385 3.5
      vertex -22.1061 16.1691 5.01
      vertex -21.4823 16.1385 5.01
    endloop
  endfacet
  facet normal 0.0489953 0.998799 0
    outer loop
      vertex -22.1061 16.1691 5.01
      vertex -21.4823 16.1385 3.5
      vertex -22.1061 16.1691 3.5
    endloop
  endfacet
  facet normal -0.0467022 0.998909 0
    outer loop
      vertex -20.8278 16.1691 3.5
      vertex -21.4823 16.1385 5.01
      vertex -20.8278 16.1691 5.01
    endloop
  endfacet
  facet normal -0.0467022 0.998909 0
    outer loop
      vertex -21.4823 16.1385 5.01
      vertex -20.8278 16.1691 3.5
      vertex -21.4823 16.1385 3.5
    endloop
  endfacet
  facet normal -0.154778 0.987949 0
    outer loop
      vertex -20.2412 16.261 3.5
      vertex -20.8278 16.1691 5.01
      vertex -20.2412 16.261 5.01
    endloop
  endfacet
  facet normal -0.154778 0.987949 0
    outer loop
      vertex -20.8278 16.1691 5.01
      vertex -20.2412 16.261 3.5
      vertex -20.8278 16.1691 3.5
    endloop
  endfacet
  facet normal -0.283207 0.959059 0
    outer loop
      vertex -19.7224 16.4142 3.5
      vertex -20.2412 16.261 5.01
      vertex -19.7224 16.4142 5.01
    endloop
  endfacet
  facet normal -0.283207 0.959059 0
    outer loop
      vertex -20.2412 16.261 5.01
      vertex -19.7224 16.4142 3.5
      vertex -20.2412 16.261 3.5
    endloop
  endfacet
  facet normal -0.42942 0.903105 0
    outer loop
      vertex -19.2715 16.6286 3.5
      vertex -19.7224 16.4142 5.01
      vertex -19.2715 16.6286 5.01
    endloop
  endfacet
  facet normal -0.42942 0.903105 0
    outer loop
      vertex -19.7224 16.4142 5.01
      vertex -19.2715 16.6286 3.5
      vertex -19.7224 16.4142 3.5
    endloop
  endfacet
  facet normal -0.584361 0.811494 0
    outer loop
      vertex -18.8885 16.9044 3.5
      vertex -19.2715 16.6286 5.01
      vertex -18.8885 16.9044 5.01
    endloop
  endfacet
  facet normal -0.584361 0.811494 0
    outer loop
      vertex -19.2715 16.6286 5.01
      vertex -18.8885 16.9044 3.5
      vertex -19.2715 16.6286 3.5
    endloop
  endfacet
  facet normal -0.728673 0.684861 0
    outer loop
      vertex -18.8885 16.9044 3.5
      vertex -18.5743 17.2387 5.01
      vertex -18.5743 17.2387 3.5
    endloop
  endfacet
  facet normal -0.728673 0.684861 0
    outer loop
      vertex -18.5743 17.2387 5.01
      vertex -18.8885 16.9044 3.5
      vertex -18.8885 16.9044 5.01
    endloop
  endfacet
  facet normal -0.847644 0.530565 0
    outer loop
      vertex -18.5743 17.2387 3.5
      vertex -18.33 17.629 5.01
      vertex -18.33 17.629 3.5
    endloop
  endfacet
  facet normal -0.847644 0.530565 0
    outer loop
      vertex -18.33 17.629 5.01
      vertex -18.5743 17.2387 3.5
      vertex -18.5743 17.2387 5.01
    endloop
  endfacet
  facet normal -0.931215 0.36447 0
    outer loop
      vertex -18.33 17.629 3.5
      vertex -18.1554 18.0751 5.01
      vertex -18.1554 18.0751 3.5
    endloop
  endfacet
  facet normal -0.931215 0.36447 0
    outer loop
      vertex -18.1554 18.0751 5.01
      vertex -18.33 17.629 3.5
      vertex -18.33 17.629 5.01
    endloop
  endfacet
  facet normal -0.978943 0.204133 0
    outer loop
      vertex -18.1554 18.0751 3.5
      vertex -18.0507 18.5772 5.01
      vertex -18.0507 18.5772 3.5
    endloop
  endfacet
  facet normal -0.978943 0.204133 0
    outer loop
      vertex -18.0507 18.5772 5.01
      vertex -18.1554 18.0751 3.5
      vertex -18.1554 18.0751 5.01
    endloop
  endfacet
  facet normal -0.998049 0.062434 0
    outer loop
      vertex -18.0507 18.5772 3.5
      vertex -18.0158 19.1351 5.01
      vertex -18.0158 19.1351 3.5
    endloop
  endfacet
  facet normal -0.998049 0.062434 0
    outer loop
      vertex -18.0158 19.1351 5.01
      vertex -18.0507 18.5772 3.5
      vertex -18.0507 18.5772 5.01
    endloop
  endfacet
  facet normal -0.996801 -0.0799231 0
    outer loop
      vertex -18.0158 19.1351 3.5
      vertex -18.0783 19.9146 5.01
      vertex -18.0783 19.9146 3.5
    endloop
  endfacet
  facet normal -0.996801 -0.0799231 0
    outer loop
      vertex -18.0783 19.9146 5.01
      vertex -18.0158 19.1351 3.5
      vertex -18.0158 19.1351 5.01
    endloop
  endfacet
  facet normal -0.0885766 -0.996069 0
    outer loop
      vertex -22.4075 17.336 3.5
      vertex -22.0499 17.3042 5.01
      vertex -22.4075 17.336 5.01
    endloop
  endfacet
  facet normal -0.0885766 -0.996069 -0
    outer loop
      vertex -22.0499 17.3042 5.01
      vertex -22.4075 17.336 3.5
      vertex -22.0499 17.3042 3.5
    endloop
  endfacet
  facet normal -0.199588 -0.97988 0
    outer loop
      vertex -22.733 17.4023 3.5
      vertex -22.4075 17.336 5.01
      vertex -22.733 17.4023 5.01
    endloop
  endfacet
  facet normal -0.199588 -0.97988 -0
    outer loop
      vertex -22.4075 17.336 5.01
      vertex -22.733 17.4023 3.5
      vertex -22.4075 17.336 3.5
    endloop
  endfacet
  facet normal -0.32453 -0.945875 0
    outer loop
      vertex -23.0265 17.503 3.5
      vertex -22.733 17.4023 5.01
      vertex -23.0265 17.503 5.01
    endloop
  endfacet
  facet normal -0.32453 -0.945875 -0
    outer loop
      vertex -22.733 17.4023 5.01
      vertex -23.0265 17.503 3.5
      vertex -22.733 17.4023 3.5
    endloop
  endfacet
  facet normal -0.458859 -0.888509 0
    outer loop
      vertex -23.2881 17.6381 3.5
      vertex -23.0265 17.503 5.01
      vertex -23.2881 17.6381 5.01
    endloop
  endfacet
  facet normal -0.458859 -0.888509 -0
    outer loop
      vertex -23.0265 17.503 5.01
      vertex -23.2881 17.6381 3.5
      vertex -23.0265 17.503 3.5
    endloop
  endfacet
  facet normal -0.594095 -0.804395 0
    outer loop
      vertex -23.5176 17.8076 3.5
      vertex -23.2881 17.6381 5.01
      vertex -23.5176 17.8076 5.01
    endloop
  endfacet
  facet normal -0.594095 -0.804395 -0
    outer loop
      vertex -23.2881 17.6381 5.01
      vertex -23.5176 17.8076 3.5
      vertex -23.2881 17.6381 3.5
    endloop
  endfacet
  facet normal -0.72102 -0.692914 0
    outer loop
      vertex -23.5176 17.8076 3.5
      vertex -23.7099 18.0077 5.01
      vertex -23.7099 18.0077 3.5
    endloop
  endfacet
  facet normal -0.72102 -0.692914 0
    outer loop
      vertex -23.7099 18.0077 5.01
      vertex -23.5176 17.8076 3.5
      vertex -23.5176 17.8076 5.01
    endloop
  endfacet
  facet normal -0.834816 -0.550529 0
    outer loop
      vertex -23.7099 18.0077 3.5
      vertex -23.8594 18.2344 5.01
      vertex -23.8594 18.2344 3.5
    endloop
  endfacet
  facet normal -0.834816 -0.550529 0
    outer loop
      vertex -23.8594 18.2344 5.01
      vertex -23.7099 18.0077 3.5
      vertex -23.7099 18.0077 5.01
    endloop
  endfacet
  facet normal -0.921313 -0.388821 0
    outer loop
      vertex -23.8594 18.2344 3.5
      vertex -23.9663 18.4877 5.01
      vertex -23.9663 18.4877 3.5
    endloop
  endfacet
  facet normal -0.921313 -0.388821 0
    outer loop
      vertex -23.9663 18.4877 5.01
      vertex -23.8594 18.2344 3.5
      vertex -23.8594 18.2344 5.01
    endloop
  endfacet
  facet normal -0.974841 -0.2229 0
    outer loop
      vertex -23.9663 18.4877 3.5
      vertex -24.0303 18.7676 5.01
      vertex -24.0303 18.7676 3.5
    endloop
  endfacet
  facet normal -0.974841 -0.2229 0
    outer loop
      vertex -24.0303 18.7676 5.01
      vertex -23.9663 18.4877 3.5
      vertex -23.9663 18.4877 5.01
    endloop
  endfacet
  facet normal -0.997571 -0.069651 0
    outer loop
      vertex -24.0303 18.7676 3.5
      vertex -24.0517 19.0741 5.01
      vertex -24.0517 19.0741 3.5
    endloop
  endfacet
  facet normal -0.997571 -0.069651 0
    outer loop
      vertex -24.0517 19.0741 5.01
      vertex -24.0303 18.7676 3.5
      vertex -24.0303 18.7676 5.01
    endloop
  endfacet
  facet normal -0.998138 0.0609938 0
    outer loop
      vertex -24.0517 19.0741 3.5
      vertex -24.0325 19.3883 5.01
      vertex -24.0325 19.3883 3.5
    endloop
  endfacet
  facet normal -0.998138 0.0609938 0
    outer loop
      vertex -24.0325 19.3883 5.01
      vertex -24.0517 19.0741 3.5
      vertex -24.0517 19.0741 5.01
    endloop
  endfacet
  facet normal -0.980099 0.19851 0
    outer loop
      vertex -24.0325 19.3883 3.5
      vertex -23.9751 19.6717 5.01
      vertex -23.9751 19.6717 3.5
    endloop
  endfacet
  facet normal -0.980099 0.19851 0
    outer loop
      vertex -23.9751 19.6717 5.01
      vertex -24.0325 19.3883 3.5
      vertex -24.0325 19.3883 5.01
    endloop
  endfacet
  facet normal -0.934892 0.354933 0
    outer loop
      vertex -23.9751 19.6717 3.5
      vertex -23.8792 19.9243 5.01
      vertex -23.8792 19.9243 3.5
    endloop
  endfacet
  facet normal -0.934892 0.354933 0
    outer loop
      vertex -23.8792 19.9243 5.01
      vertex -23.9751 19.6717 3.5
      vertex -23.9751 19.6717 5.01
    endloop
  endfacet
  facet normal -0.855855 0.517216 0
    outer loop
      vertex -23.8792 19.9243 3.5
      vertex -23.7451 20.1462 5.01
      vertex -23.7451 20.1462 3.5
    endloop
  endfacet
  facet normal -0.855855 0.517216 0
    outer loop
      vertex -23.7451 20.1462 5.01
      vertex -23.8792 19.9243 3.5
      vertex -23.8792 19.9243 5.01
    endloop
  endfacet
  facet normal -0.742308 0.670059 0
    outer loop
      vertex -23.7451 20.1462 3.5
      vertex -23.5726 20.3373 5.01
      vertex -23.5726 20.3373 3.5
    endloop
  endfacet
  facet normal -0.742308 0.670059 0
    outer loop
      vertex -23.5726 20.3373 5.01
      vertex -23.7451 20.1462 3.5
      vertex -23.7451 20.1462 5.01
    endloop
  endfacet
  facet normal -0.602975 0.79776 0
    outer loop
      vertex -23.3584 20.4992 3.5
      vertex -23.5726 20.3373 5.01
      vertex -23.3584 20.4992 5.01
    endloop
  endfacet
  facet normal -0.602975 0.79776 0
    outer loop
      vertex -23.5726 20.3373 5.01
      vertex -23.3584 20.4992 3.5
      vertex -23.5726 20.3373 3.5
    endloop
  endfacet
  facet normal -0.458957 0.888458 0
    outer loop
      vertex -23.099 20.6332 3.5
      vertex -23.3584 20.4992 5.01
      vertex -23.099 20.6332 5.01
    endloop
  endfacet
  facet normal -0.458957 0.888458 0
    outer loop
      vertex -23.3584 20.4992 5.01
      vertex -23.099 20.6332 3.5
      vertex -23.3584 20.4992 3.5
    endloop
  endfacet
  facet normal -0.329314 0.94422 0
    outer loop
      vertex -22.7945 20.7394 3.5
      vertex -23.099 20.6332 5.01
      vertex -22.7945 20.7394 5.01
    endloop
  endfacet
  facet normal -0.329314 0.94422 0
    outer loop
      vertex -23.099 20.6332 5.01
      vertex -22.7945 20.7394 3.5
      vertex -23.099 20.6332 3.5
    endloop
  endfacet
  facet normal -0.218762 0.975778 0
    outer loop
      vertex -22.4448 20.8178 3.5
      vertex -22.7945 20.7394 5.01
      vertex -22.4448 20.8178 5.01
    endloop
  endfacet
  facet normal -0.218762 0.975778 0
    outer loop
      vertex -22.7945 20.7394 5.01
      vertex -22.4448 20.8178 3.5
      vertex -22.7945 20.7394 3.5
    endloop
  endfacet
  facet normal -0.126847 0.991922 0
    outer loop
      vertex -22.0499 20.8683 3.5
      vertex -22.4448 20.8178 5.01
      vertex -22.0499 20.8683 5.01
    endloop
  endfacet
  facet normal -0.126847 0.991922 0
    outer loop
      vertex -22.4448 20.8178 5.01
      vertex -22.0499 20.8683 3.5
      vertex -22.4448 20.8178 3.5
    endloop
  endfacet
  facet normal 1 -0 0
    outer loop
      vertex -22.0499 17.3042 5.01
      vertex -22.0499 20.8683 3.5
      vertex -22.0499 20.8683 5.01
    endloop
  endfacet
  facet normal 1 0 0
    outer loop
      vertex -22.0499 20.8683 3.5
      vertex -22.0499 17.3042 5.01
      vertex -22.0499 17.3042 3.5
    endloop
  endfacet
  facet normal -0.983983 -0.178263 0
    outer loop
      vertex -18.0385 -20.6427 3.5
      vertex -18.1066 -20.2668 5.01
      vertex -18.1066 -20.2668 3.5
    endloop
  endfacet
  facet normal -0.983983 -0.178263 0
    outer loop
      vertex -18.1066 -20.2668 5.01
      vertex -18.0385 -20.6427 3.5
      vertex -18.0385 -20.6427 5.01
    endloop
  endfacet
  facet normal -0.950369 -0.311125 0
    outer loop
      vertex -18.1066 -20.2668 3.5
      vertex -18.2201 -19.9201 5.01
      vertex -18.2201 -19.9201 3.5
    endloop
  endfacet
  facet normal -0.950369 -0.311125 0
    outer loop
      vertex -18.2201 -19.9201 5.01
      vertex -18.1066 -20.2668 3.5
      vertex -18.1066 -20.2668 5.01
    endloop
  endfacet
  facet normal -0.894145 -0.447777 0
    outer loop
      vertex -18.2201 -19.9201 3.5
      vertex -18.379 -19.6028 5.01
      vertex -18.379 -19.6028 3.5
    endloop
  endfacet
  facet normal -0.894145 -0.447777 0
    outer loop
      vertex -18.379 -19.6028 5.01
      vertex -18.2201 -19.9201 3.5
      vertex -18.2201 -19.9201 5.01
    endloop
  endfacet
  facet normal -0.815718 -0.578449 0
    outer loop
      vertex -18.379 -19.6028 3.5
      vertex -18.5833 -19.3147 5.01
      vertex -18.5833 -19.3147 3.5
    endloop
  endfacet
  facet normal -0.815718 -0.578449 0
    outer loop
      vertex -18.5833 -19.3147 5.01
      vertex -18.379 -19.6028 3.5
      vertex -18.379 -19.6028 5.01
    endloop
  endfacet
  facet normal -0.719599 -0.69439 0
    outer loop
      vertex -18.5833 -19.3147 3.5
      vertex -18.8257 -19.0635 5.01
      vertex -18.8257 -19.0635 3.5
    endloop
  endfacet
  facet normal -0.719599 -0.69439 0
    outer loop
      vertex -18.8257 -19.0635 5.01
      vertex -18.5833 -19.3147 3.5
      vertex -18.5833 -19.3147 5.01
    endloop
  endfacet
  facet normal -0.603543 -0.79733 0
    outer loop
      vertex -19.0989 -18.8567 3.5
      vertex -18.8257 -19.0635 5.01
      vertex -19.0989 -18.8567 5.01
    endloop
  endfacet
  facet normal -0.603543 -0.79733 -0
    outer loop
      vertex -18.8257 -19.0635 5.01
      vertex -19.0989 -18.8567 3.5
      vertex -18.8257 -19.0635 3.5
    endloop
  endfacet
  facet normal -0.470965 -0.882152 0
    outer loop
      vertex -19.4029 -18.6944 3.5
      vertex -19.0989 -18.8567 5.01
      vertex -19.4029 -18.6944 5.01
    endloop
  endfacet
  facet normal -0.470965 -0.882152 -0
    outer loop
      vertex -19.0989 -18.8567 5.01
      vertex -19.4029 -18.6944 3.5
      vertex -19.0989 -18.8567 3.5
    endloop
  endfacet
  facet normal -0.332245 -0.943193 0
    outer loop
      vertex -19.7376 -18.5765 3.5
      vertex -19.4029 -18.6944 5.01
      vertex -19.7376 -18.5765 5.01
    endloop
  endfacet
  facet normal -0.332245 -0.943193 -0
    outer loop
      vertex -19.4029 -18.6944 5.01
      vertex -19.7376 -18.5765 3.5
      vertex -19.4029 -18.6944 3.5
    endloop
  endfacet
  facet normal -0.197148 -0.980374 0
    outer loop
      vertex -20.1031 -18.503 3.5
      vertex -19.7376 -18.5765 5.01
      vertex -20.1031 -18.503 5.01
    endloop
  endfacet
  facet normal -0.197148 -0.980374 -0
    outer loop
      vertex -19.7376 -18.5765 5.01
      vertex -20.1031 -18.503 3.5
      vertex -19.7376 -18.5765 3.5
    endloop
  endfacet
  facet normal 0.997842 -0.0656664 0
    outer loop
      vertex -20.1762 -19.6138 5.01
      vertex -20.1031 -18.503 3.5
      vertex -20.1031 -18.503 5.01
    endloop
  endfacet
  facet normal 0.997842 -0.0656664 0
    outer loop
      vertex -20.1031 -18.503 3.5
      vertex -20.1762 -19.6138 5.01
      vertex -20.1762 -19.6138 3.5
    endloop
  endfacet
  facet normal 0.190901 0.981609 -0
    outer loop
      vertex -19.9263 -19.6624 3.5
      vertex -20.1762 -19.6138 5.01
      vertex -19.9263 -19.6624 5.01
    endloop
  endfacet
  facet normal 0.190901 0.981609 0
    outer loop
      vertex -20.1762 -19.6138 5.01
      vertex -19.9263 -19.6624 3.5
      vertex -20.1762 -19.6138 3.5
    endloop
  endfacet
  facet normal 0.311102 0.950376 -0
    outer loop
      vertex -19.7036 -19.7353 3.5
      vertex -19.9263 -19.6624 5.01
      vertex -19.7036 -19.7353 5.01
    endloop
  endfacet
  facet normal 0.311102 0.950376 0
    outer loop
      vertex -19.9263 -19.6624 5.01
      vertex -19.7036 -19.7353 3.5
      vertex -19.9263 -19.6624 3.5
    endloop
  endfacet
  facet normal 0.445195 0.895434 -0
    outer loop
      vertex -19.5083 -19.8324 3.5
      vertex -19.7036 -19.7353 5.01
      vertex -19.5083 -19.8324 5.01
    endloop
  endfacet
  facet normal 0.445195 0.895434 0
    outer loop
      vertex -19.7036 -19.7353 5.01
      vertex -19.5083 -19.8324 3.5
      vertex -19.7036 -19.7353 3.5
    endloop
  endfacet
  facet normal 0.585297 0.810819 -0
    outer loop
      vertex -19.3404 -19.9536 3.5
      vertex -19.5083 -19.8324 5.01
      vertex -19.3404 -19.9536 5.01
    endloop
  endfacet
  facet normal 0.585297 0.810819 0
    outer loop
      vertex -19.5083 -19.8324 5.01
      vertex -19.3404 -19.9536 3.5
      vertex -19.5083 -19.8324 3.5
    endloop
  endfacet
  facet normal 0.718387 0.695644 0
    outer loop
      vertex -19.1997 -20.0989 5.01
      vertex -19.3404 -19.9536 3.5
      vertex -19.3404 -19.9536 5.01
    endloop
  endfacet
  facet normal 0.718387 0.695644 0
    outer loop
      vertex -19.3404 -19.9536 3.5
      vertex -19.1997 -20.0989 5.01
      vertex -19.1997 -20.0989 3.5
    endloop
  endfacet
  facet normal 0.822586 0.56864 0
    outer loop
      vertex -19.0855 -20.2641 5.01
      vertex -19.1997 -20.0989 3.5
      vertex -19.1997 -20.0989 5.01
    endloop
  endfacet
  facet normal 0.822586 0.56864 0
    outer loop
      vertex -19.1997 -20.0989 3.5
      vertex -19.0855 -20.2641 5.01
      vertex -19.0855 -20.2641 3.5
    endloop
  endfacet
  facet normal 0.897095 0.441838 0
    outer loop
      vertex -18.9966 -20.4446 5.01
      vertex -19.0855 -20.2641 3.5
      vertex -19.0855 -20.2641 5.01
    endloop
  endfacet
  facet normal 0.897095 0.441838 0
    outer loop
      vertex -19.0855 -20.2641 3.5
      vertex -18.9966 -20.4446 5.01
      vertex -18.9966 -20.4446 3.5
    endloop
  endfacet
  facet normal 0.951415 0.307911 0
    outer loop
      vertex -18.9332 -20.6405 5.01
      vertex -18.9966 -20.4446 3.5
      vertex -18.9966 -20.4446 5.01
    endloop
  endfacet
  facet normal 0.951415 0.307911 0
    outer loop
      vertex -18.9966 -20.4446 3.5
      vertex -18.9332 -20.6405 5.01
      vertex -18.9332 -20.6405 3.5
    endloop
  endfacet
  facet normal 0.98413 0.177451 0
    outer loop
      vertex -18.8951 -20.8518 5.01
      vertex -18.9332 -20.6405 3.5
      vertex -18.9332 -20.6405 5.01
    endloop
  endfacet
  facet normal 0.98413 0.177451 0
    outer loop
      vertex -18.9332 -20.6405 3.5
      vertex -18.8951 -20.8518 5.01
      vertex -18.8951 -20.8518 3.5
    endloop
  endfacet
  facet normal 0.998434 0.0559335 0
    outer loop
      vertex -18.8824 -21.0785 5.01
      vertex -18.8951 -20.8518 3.5
      vertex -18.8951 -20.8518 5.01
    endloop
  endfacet
  facet normal 0.998434 0.0559335 0
    outer loop
      vertex -18.8951 -20.8518 3.5
      vertex -18.8824 -21.0785 5.01
      vertex -18.8824 -21.0785 3.5
    endloop
  endfacet
  facet normal 0.996817 -0.0797203 0
    outer loop
      vertex -18.9078 -21.3961 5.01
      vertex -18.8824 -21.0785 3.5
      vertex -18.8824 -21.0785 5.01
    endloop
  endfacet
  facet normal 0.996817 -0.0797203 0
    outer loop
      vertex -18.8824 -21.0785 3.5
      vertex -18.9078 -21.3961 5.01
      vertex -18.9078 -21.3961 3.5
    endloop
  endfacet
  facet normal 0.965901 -0.258912 0
    outer loop
      vertex -18.9839 -21.68 5.01
      vertex -18.9078 -21.3961 3.5
      vertex -18.9078 -21.3961 5.01
    endloop
  endfacet
  facet normal 0.965901 -0.258912 0
    outer loop
      vertex -18.9078 -21.3961 3.5
      vertex -18.9839 -21.68 5.01
      vertex -18.9839 -21.68 3.5
    endloop
  endfacet
  facet normal 0.891775 -0.452479 0
    outer loop
      vertex -19.1109 -21.9303 5.01
      vertex -18.9839 -21.68 3.5
      vertex -18.9839 -21.68 5.01
    endloop
  endfacet
  facet normal 0.891775 -0.452479 0
    outer loop
      vertex -18.9839 -21.68 3.5
      vertex -19.1109 -21.9303 5.01
      vertex -19.1109 -21.9303 3.5
    endloop
  endfacet
  facet normal 0.77297 -0.634442 0
    outer loop
      vertex -19.2886 -22.1468 5.01
      vertex -19.1109 -21.9303 3.5
      vertex -19.1109 -21.9303 5.01
    endloop
  endfacet
  facet normal 0.77297 -0.634442 0
    outer loop
      vertex -19.1109 -21.9303 3.5
      vertex -19.2886 -22.1468 5.01
      vertex -19.2886 -22.1468 3.5
    endloop
  endfacet
  facet normal 0.624903 -0.780702 0
    outer loop
      vertex -19.5171 -22.3297 3.5
      vertex -19.2886 -22.1468 5.01
      vertex -19.5171 -22.3297 5.01
    endloop
  endfacet
  facet normal 0.624903 -0.780702 0
    outer loop
      vertex -19.2886 -22.1468 5.01
      vertex -19.5171 -22.3297 3.5
      vertex -19.2886 -22.1468 3.5
    endloop
  endfacet
  facet normal 0.469186 -0.883099 0
    outer loop
      vertex -19.7983 -22.4791 3.5
      vertex -19.5171 -22.3297 5.01
      vertex -19.7983 -22.4791 5.01
    endloop
  endfacet
  facet normal 0.469186 -0.883099 0
    outer loop
      vertex -19.5171 -22.3297 5.01
      vertex -19.7983 -22.4791 3.5
      vertex -19.5171 -22.3297 3.5
    endloop
  endfacet
  facet normal 0.326927 -0.94505 0
    outer loop
      vertex -20.1342 -22.5953 3.5
      vertex -19.7983 -22.4791 5.01
      vertex -20.1342 -22.5953 5.01
    endloop
  endfacet
  facet normal 0.326927 -0.94505 0
    outer loop
      vertex -19.7983 -22.4791 5.01
      vertex -20.1342 -22.5953 3.5
      vertex -19.7983 -22.4791 3.5
    endloop
  endfacet
  facet normal 0.207802 -0.978171 0
    outer loop
      vertex -20.5249 -22.6783 3.5
      vertex -20.1342 -22.5953 5.01
      vertex -20.5249 -22.6783 5.01
    endloop
  endfacet
  facet normal 0.207802 -0.978171 0
    outer loop
      vertex -20.1342 -22.5953 5.01
      vertex -20.5249 -22.6783 3.5
      vertex -20.1342 -22.5953 3.5
    endloop
  endfacet
  facet normal 0.111142 -0.993805 0
    outer loop
      vertex -20.9702 -22.7281 3.5
      vertex -20.5249 -22.6783 5.01
      vertex -20.9702 -22.7281 5.01
    endloop
  endfacet
  facet normal 0.111142 -0.993805 0
    outer loop
      vertex -20.5249 -22.6783 5.01
      vertex -20.9702 -22.7281 3.5
      vertex -20.5249 -22.6783 3.5
    endloop
  endfacet
  facet normal 0.0331817 -0.999449 0
    outer loop
      vertex -21.4702 -22.7447 3.5
      vertex -20.9702 -22.7281 5.01
      vertex -21.4702 -22.7447 5.01
    endloop
  endfacet
  facet normal 0.0331817 -0.999449 0
    outer loop
      vertex -20.9702 -22.7281 5.01
      vertex -21.4702 -22.7447 3.5
      vertex -20.9702 -22.7281 3.5
    endloop
  endfacet
  facet normal -0.0303242 -0.99954 0
    outer loop
      vertex -21.9877 -22.729 3.5
      vertex -21.4702 -22.7447 5.01
      vertex -21.9877 -22.729 5.01
    endloop
  endfacet
  facet normal -0.0303242 -0.99954 -0
    outer loop
      vertex -21.4702 -22.7447 5.01
      vertex -21.9877 -22.729 3.5
      vertex -21.4702 -22.7447 3.5
    endloop
  endfacet
  facet normal -0.10254 -0.994729 0
    outer loop
      vertex -22.4417 -22.6822 3.5
      vertex -21.9877 -22.729 5.01
      vertex -22.4417 -22.6822 5.01
    endloop
  endfacet
  facet normal -0.10254 -0.994729 -0
    outer loop
      vertex -21.9877 -22.729 5.01
      vertex -22.4417 -22.6822 3.5
      vertex -21.9877 -22.729 3.5
    endloop
  endfacet
  facet normal -0.196068 -0.98059 0
    outer loop
      vertex -22.8323 -22.6041 3.5
      vertex -22.4417 -22.6822 5.01
      vertex -22.8323 -22.6041 5.01
    endloop
  endfacet
  facet normal -0.196068 -0.98059 -0
    outer loop
      vertex -22.4417 -22.6822 5.01
      vertex -22.8323 -22.6041 3.5
      vertex -22.4417 -22.6822 3.5
    endloop
  endfacet
  facet normal -0.317184 -0.948364 0
    outer loop
      vertex -23.1594 -22.4947 3.5
      vertex -22.8323 -22.6041 5.01
      vertex -23.1594 -22.4947 5.01
    endloop
  endfacet
  facet normal -0.317184 -0.948364 -0
    outer loop
      vertex -22.8323 -22.6041 5.01
      vertex -23.1594 -22.4947 3.5
      vertex -22.8323 -22.6041 3.5
    endloop
  endfacet
  facet normal -0.470623 -0.882334 0
    outer loop
      vertex -23.423 -22.3541 3.5
      vertex -23.1594 -22.4947 5.01
      vertex -23.423 -22.3541 5.01
    endloop
  endfacet
  facet normal -0.470623 -0.882334 -0
    outer loop
      vertex -23.1594 -22.4947 5.01
      vertex -23.423 -22.3541 3.5
      vertex -23.1594 -22.4947 3.5
    endloop
  endfacet
  facet normal -0.643639 -0.765329 0
    outer loop
      vertex -23.6318 -22.1785 3.5
      vertex -23.423 -22.3541 5.01
      vertex -23.6318 -22.1785 5.01
    endloop
  endfacet
  facet normal -0.643639 -0.765329 -0
    outer loop
      vertex -23.423 -22.3541 5.01
      vertex -23.6318 -22.1785 3.5
      vertex -23.423 -22.3541 3.5
    endloop
  endfacet
  facet normal -0.796728 -0.604338 0
    outer loop
      vertex -23.6318 -22.1785 3.5
      vertex -23.7942 -21.9644 5.01
      vertex -23.7942 -21.9644 3.5
    endloop
  endfacet
  facet normal -0.796728 -0.604338 0
    outer loop
      vertex -23.7942 -21.9644 5.01
      vertex -23.6318 -22.1785 3.5
      vertex -23.6318 -22.1785 5.01
    endloop
  endfacet
  facet normal -0.908894 -0.417026 0
    outer loop
      vertex -23.7942 -21.9644 3.5
      vertex -23.9101 -21.7118 5.01
      vertex -23.9101 -21.7118 3.5
    endloop
  endfacet
  facet normal -0.908894 -0.417026 0
    outer loop
      vertex -23.9101 -21.7118 5.01
      vertex -23.7942 -21.9644 3.5
      vertex -23.7942 -21.9644 5.01
    endloop
  endfacet
  facet normal -0.972623 -0.232388 0
    outer loop
      vertex -23.9101 -21.7118 3.5
      vertex -23.9797 -21.4205 5.01
      vertex -23.9797 -21.4205 3.5
    endloop
  endfacet
  facet normal -0.972623 -0.232388 0
    outer loop
      vertex -23.9797 -21.4205 5.01
      vertex -23.9101 -21.7118 3.5
      vertex -23.9101 -21.7118 5.01
    endloop
  endfacet
  facet normal -0.997535 -0.0701723 0
    outer loop
      vertex -23.9797 -21.4205 3.5
      vertex -24.0029 -21.0907 5.01
      vertex -24.0029 -21.0907 3.5
    endloop
  endfacet
  facet normal -0.997535 -0.0701723 0
    outer loop
      vertex -24.0029 -21.0907 5.01
      vertex -23.9797 -21.4205 3.5
      vertex -23.9797 -21.4205 5.01
    endloop
  endfacet
  facet normal -0.998612 0.052666 0
    outer loop
      vertex -24.0029 -21.0907 3.5
      vertex -23.99 -20.8461 5.01
      vertex -23.99 -20.8461 3.5
    endloop
  endfacet
  facet normal -0.998612 0.052666 0
    outer loop
      vertex -23.99 -20.8461 5.01
      vertex -24.0029 -21.0907 3.5
      vertex -24.0029 -21.0907 5.01
    endloop
  endfacet
  facet normal -0.984962 0.172769 0
    outer loop
      vertex -23.99 -20.8461 3.5
      vertex -23.9512 -20.6249 5.01
      vertex -23.9512 -20.6249 3.5
    endloop
  endfacet
  facet normal -0.984962 0.172769 0
    outer loop
      vertex -23.9512 -20.6249 5.01
      vertex -23.99 -20.8461 3.5
      vertex -23.99 -20.8461 5.01
    endloop
  endfacet
  facet normal -0.9504 0.311031 0
    outer loop
      vertex -23.9512 -20.6249 3.5
      vertex -23.8865 -20.4272 5.01
      vertex -23.8865 -20.4272 3.5
    endloop
  endfacet
  facet normal -0.9504 0.311031 0
    outer loop
      vertex -23.8865 -20.4272 5.01
      vertex -23.9512 -20.6249 3.5
      vertex -23.9512 -20.6249 5.01
    endloop
  endfacet
  facet normal -0.887292 0.461208 0
    outer loop
      vertex -23.8865 -20.4272 3.5
      vertex -23.7959 -20.2529 5.01
      vertex -23.7959 -20.2529 3.5
    endloop
  endfacet
  facet normal -0.887292 0.461208 0
    outer loop
      vertex -23.7959 -20.2529 5.01
      vertex -23.8865 -20.4272 3.5
      vertex -23.8865 -20.4272 5.01
    endloop
  endfacet
  facet normal -0.791804 0.610775 0
    outer loop
      vertex -23.7959 -20.2529 3.5
      vertex -23.6795 -20.102 5.01
      vertex -23.6795 -20.102 3.5
    endloop
  endfacet
  facet normal -0.791804 0.610775 0
    outer loop
      vertex -23.6795 -20.102 5.01
      vertex -23.7959 -20.2529 3.5
      vertex -23.7959 -20.2529 5.01
    endloop
  endfacet
  facet normal -0.680715 0.732549 0
    outer loop
      vertex -23.541 -19.9733 3.5
      vertex -23.6795 -20.102 5.01
      vertex -23.541 -19.9733 5.01
    endloop
  endfacet
  facet normal -0.680715 0.732549 0
    outer loop
      vertex -23.6795 -20.102 5.01
      vertex -23.541 -19.9733 3.5
      vertex -23.6795 -20.102 3.5
    endloop
  endfacet
  facet normal -0.566797 0.823857 0
    outer loop
      vertex -23.3846 -19.8657 3.5
      vertex -23.541 -19.9733 5.01
      vertex -23.3846 -19.8657 5.01
    endloop
  endfacet
  facet normal -0.566797 0.823857 0
    outer loop
      vertex -23.541 -19.9733 5.01
      vertex -23.3846 -19.8657 3.5
      vertex -23.541 -19.9733 3.5
    endloop
  endfacet
  facet normal -0.44475 0.895655 0
    outer loop
      vertex -23.21 -19.779 3.5
      vertex -23.3846 -19.8657 5.01
      vertex -23.21 -19.779 5.01
    endloop
  endfacet
  facet normal -0.44475 0.895655 0
    outer loop
      vertex -23.3846 -19.8657 5.01
      vertex -23.21 -19.779 3.5
      vertex -23.3846 -19.8657 3.5
    endloop
  endfacet
  facet normal -0.322854 0.946449 0
    outer loop
      vertex -23.0174 -19.7133 3.5
      vertex -23.21 -19.779 5.01
      vertex -23.0174 -19.7133 5.01
    endloop
  endfacet
  facet normal -0.322854 0.946449 0
    outer loop
      vertex -23.21 -19.779 5.01
      vertex -23.0174 -19.7133 3.5
      vertex -23.21 -19.779 3.5
    endloop
  endfacet
  facet normal -0.207087 0.978323 0
    outer loop
      vertex -22.8067 -19.6687 3.5
      vertex -23.0174 -19.7133 5.01
      vertex -22.8067 -19.6687 5.01
    endloop
  endfacet
  facet normal -0.207087 0.978323 0
    outer loop
      vertex -23.0174 -19.7133 5.01
      vertex -22.8067 -19.6687 3.5
      vertex -23.0174 -19.7133 3.5
    endloop
  endfacet
  facet normal -0.997145 -0.0755079 0
    outer loop
      vertex -22.8067 -19.6687 3.5
      vertex -22.8922 -18.5396 5.01
      vertex -22.8922 -18.5396 3.5
    endloop
  endfacet
  facet normal -0.997145 -0.0755079 0
    outer loop
      vertex -22.8922 -18.5396 5.01
      vertex -22.8067 -19.6687 3.5
      vertex -22.8067 -19.6687 5.01
    endloop
  endfacet
  facet normal 0.2426 -0.970126 0
    outer loop
      vertex -23.2449 -18.6278 3.5
      vertex -22.8922 -18.5396 5.01
      vertex -23.2449 -18.6278 5.01
    endloop
  endfacet
  facet normal 0.2426 -0.970126 0
    outer loop
      vertex -22.8922 -18.5396 5.01
      vertex -23.2449 -18.6278 3.5
      vertex -22.8922 -18.5396 3.5
    endloop
  endfacet
  facet normal 0.370642 -0.928776 0
    outer loop
      vertex -23.5659 -18.7559 3.5
      vertex -23.2449 -18.6278 5.01
      vertex -23.5659 -18.7559 5.01
    endloop
  endfacet
  facet normal 0.370642 -0.928776 0
    outer loop
      vertex -23.2449 -18.6278 5.01
      vertex -23.5659 -18.7559 3.5
      vertex -23.2449 -18.6278 3.5
    endloop
  endfacet
  facet normal 0.501732 -0.865023 0
    outer loop
      vertex -23.8552 -18.9237 3.5
      vertex -23.5659 -18.7559 5.01
      vertex -23.8552 -18.9237 5.01
    endloop
  endfacet
  facet normal 0.501732 -0.865023 0
    outer loop
      vertex -23.5659 -18.7559 5.01
      vertex -23.8552 -18.9237 3.5
      vertex -23.5659 -18.7559 3.5
    endloop
  endfacet
  facet normal 0.62764 -0.778504 0
    outer loop
      vertex -24.1127 -19.1313 3.5
      vertex -23.8552 -18.9237 5.01
      vertex -24.1127 -19.1313 5.01
    endloop
  endfacet
  facet normal 0.62764 -0.778504 0
    outer loop
      vertex -23.8552 -18.9237 5.01
      vertex -24.1127 -19.1313 3.5
      vertex -23.8552 -18.9237 3.5
    endloop
  endfacet
  facet normal 0.73875 -0.673979 0
    outer loop
      vertex -24.3385 -19.3788 5.01
      vertex -24.1127 -19.1313 3.5
      vertex -24.1127 -19.1313 5.01
    endloop
  endfacet
  facet normal 0.73875 -0.673979 0
    outer loop
      vertex -24.1127 -19.1313 3.5
      vertex -24.3385 -19.3788 5.01
      vertex -24.3385 -19.3788 3.5
    endloop
  endfacet
  facet normal 0.829864 -0.557966 0
    outer loop
      vertex -24.5275 -19.6599 5.01
      vertex -24.3385 -19.3788 3.5
      vertex -24.3385 -19.3788 5.01
    endloop
  endfacet
  facet normal 0.829864 -0.557966 0
    outer loop
      vertex -24.3385 -19.3788 3.5
      vertex -24.5275 -19.6599 5.01
      vertex -24.5275 -19.6599 3.5
    endloop
  endfacet
  facet normal 0.902861 -0.429934 0
    outer loop
      vertex -24.6745 -19.9686 5.01
      vertex -24.5275 -19.6599 3.5
      vertex -24.5275 -19.6599 5.01
    endloop
  endfacet
  facet normal 0.902861 -0.429934 0
    outer loop
      vertex -24.5275 -19.6599 3.5
      vertex -24.6745 -19.9686 5.01
      vertex -24.6745 -19.9686 3.5
    endloop
  endfacet
  facet normal 0.954611 -0.297855 0
    outer loop
      vertex -24.7794 -20.3048 5.01
      vertex -24.6745 -19.9686 3.5
      vertex -24.6745 -19.9686 5.01
    endloop
  endfacet
  facet normal 0.954611 -0.297855 0
    outer loop
      vertex -24.6745 -19.9686 3.5
      vertex -24.7794 -20.3048 5.01
      vertex -24.7794 -20.3048 3.5
    endloop
  endfacet
  facet normal 0.985343 -0.170587 0
    outer loop
      vertex -24.8424 -20.6687 5.01
      vertex -24.7794 -20.3048 3.5
      vertex -24.7794 -20.3048 5.01
    endloop
  endfacet
  facet normal 0.985343 -0.170587 0
    outer loop
      vertex -24.7794 -20.3048 3.5
      vertex -24.8424 -20.6687 5.01
      vertex -24.8424 -20.6687 3.5
    endloop
  endfacet
  facet normal 0.998564 -0.0535628 0
    outer loop
      vertex -24.8634 -21.0602 5.01
      vertex -24.8424 -20.6687 3.5
      vertex -24.8424 -20.6687 5.01
    endloop
  endfacet
  facet normal 0.998564 -0.0535628 0
    outer loop
      vertex -24.8424 -20.6687 3.5
      vertex -24.8634 -21.0602 5.01
      vertex -24.8634 -21.0602 3.5
    endloop
  endfacet
  facet normal 0.997755 0.0669762 0
    outer loop
      vertex -24.8284 -21.5816 5.01
      vertex -24.8634 -21.0602 3.5
      vertex -24.8634 -21.0602 5.01
    endloop
  endfacet
  facet normal 0.997755 0.0669762 0
    outer loop
      vertex -24.8634 -21.0602 3.5
      vertex -24.8284 -21.5816 5.01
      vertex -24.8284 -21.5816 3.5
    endloop
  endfacet
  facet normal 0.975967 0.217918 0
    outer loop
      vertex -24.7233 -22.0523 5.01
      vertex -24.8284 -21.5816 3.5
      vertex -24.8284 -21.5816 5.01
    endloop
  endfacet
  facet normal 0.975967 0.217918 0
    outer loop
      vertex -24.8284 -21.5816 3.5
      vertex -24.7233 -22.0523 5.01
      vertex -24.7233 -22.0523 3.5
    endloop
  endfacet
  facet normal 0.922888 0.385068 0
    outer loop
      vertex -24.5481 -22.4722 5.01
      vertex -24.7233 -22.0523 3.5
      vertex -24.7233 -22.0523 5.01
    endloop
  endfacet
  facet normal 0.922888 0.385068 0
    outer loop
      vertex -24.7233 -22.0523 3.5
      vertex -24.5481 -22.4722 5.01
      vertex -24.5481 -22.4722 3.5
    endloop
  endfacet
  facet normal 0.832952 0.553345 0
    outer loop
      vertex -24.3029 -22.8413 5.01
      vertex -24.5481 -22.4722 3.5
      vertex -24.5481 -22.4722 5.01
    endloop
  endfacet
  facet normal 0.832952 0.553345 0
    outer loop
      vertex -24.5481 -22.4722 3.5
      vertex -24.3029 -22.8413 5.01
      vertex -24.3029 -22.8413 3.5
    endloop
  endfacet
  facet normal 0.710557 0.703639 0
    outer loop
      vertex -23.9876 -23.1597 5.01
      vertex -24.3029 -22.8413 3.5
      vertex -24.3029 -22.8413 5.01
    endloop
  endfacet
  facet normal 0.710557 0.703639 0
    outer loop
      vertex -24.3029 -22.8413 3.5
      vertex -23.9876 -23.1597 5.01
      vertex -23.9876 -23.1597 3.5
    endloop
  endfacet
  facet normal 0.568055 0.82299 -0
    outer loop
      vertex -23.6057 -23.4233 3.5
      vertex -23.9876 -23.1597 5.01
      vertex -23.6057 -23.4233 5.01
    endloop
  endfacet
  facet normal 0.568055 0.82299 0
    outer loop
      vertex -23.9876 -23.1597 5.01
      vertex -23.6057 -23.4233 3.5
      vertex -23.9876 -23.1597 3.5
    endloop
  endfacet
  facet normal 0.418424 0.908252 -0
    outer loop
      vertex -23.1605 -23.6284 3.5
      vertex -23.6057 -23.4233 5.01
      vertex -23.1605 -23.6284 5.01
    endloop
  endfacet
  facet normal 0.418424 0.908252 0
    outer loop
      vertex -23.6057 -23.4233 5.01
      vertex -23.1605 -23.6284 3.5
      vertex -23.6057 -23.4233 3.5
    endloop
  endfacet
  facet normal 0.276718 0.960951 -0
    outer loop
      vertex -22.6521 -23.7748 3.5
      vertex -23.1605 -23.6284 5.01
      vertex -22.6521 -23.7748 5.01
    endloop
  endfacet
  facet normal 0.276718 0.960951 0
    outer loop
      vertex -23.1605 -23.6284 5.01
      vertex -22.6521 -23.7748 3.5
      vertex -23.1605 -23.6284 3.5
    endloop
  endfacet
  facet normal 0.151992 0.988382 -0
    outer loop
      vertex -22.0805 -23.8627 3.5
      vertex -22.6521 -23.7748 5.01
      vertex -22.0805 -23.8627 5.01
    endloop
  endfacet
  facet normal 0.151992 0.988382 0
    outer loop
      vertex -22.6521 -23.7748 5.01
      vertex -22.0805 -23.8627 3.5
      vertex -22.6521 -23.7748 3.5
    endloop
  endfacet
  facet normal 0.0461072 0.998936 -0
    outer loop
      vertex -21.4457 -23.892 3.5
      vertex -22.0805 -23.8627 5.01
      vertex -21.4457 -23.892 5.01
    endloop
  endfacet
  facet normal 0.0461072 0.998936 0
    outer loop
      vertex -22.0805 -23.8627 5.01
      vertex -21.4457 -23.892 3.5
      vertex -22.0805 -23.8627 3.5
    endloop
  endfacet
  facet normal -0.0456345 0.998958 0
    outer loop
      vertex -20.8065 -23.8628 3.5
      vertex -21.4457 -23.892 5.01
      vertex -20.8065 -23.8628 5.01
    endloop
  endfacet
  facet normal -0.0456345 0.998958 0
    outer loop
      vertex -21.4457 -23.892 5.01
      vertex -20.8065 -23.8628 3.5
      vertex -21.4457 -23.892 3.5
    endloop
  endfacet
  facet normal -0.150416 0.988623 0
    outer loop
      vertex -20.2314 -23.7753 3.5
      vertex -20.8065 -23.8628 5.01
      vertex -20.2314 -23.7753 5.01
    endloop
  endfacet
  facet normal -0.150416 0.988623 0
    outer loop
      vertex -20.8065 -23.8628 5.01
      vertex -20.2314 -23.7753 3.5
      vertex -20.8065 -23.8628 3.5
    endloop
  endfacet
  facet normal -0.274472 0.961595 0
    outer loop
      vertex -19.7206 -23.6295 3.5
      vertex -20.2314 -23.7753 5.01
      vertex -19.7206 -23.6295 5.01
    endloop
  endfacet
  facet normal -0.274472 0.961595 0
    outer loop
      vertex -20.2314 -23.7753 5.01
      vertex -19.7206 -23.6295 3.5
      vertex -20.2314 -23.7753 3.5
    endloop
  endfacet
  facet normal -0.415827 0.909444 0
    outer loop
      vertex -19.274 -23.4253 3.5
      vertex -19.7206 -23.6295 5.01
      vertex -19.274 -23.4253 5.01
    endloop
  endfacet
  facet normal -0.415827 0.909444 0
    outer loop
      vertex -19.7206 -23.6295 5.01
      vertex -19.274 -23.4253 3.5
      vertex -19.7206 -23.6295 3.5
    endloop
  endfacet
  facet normal -0.56609 0.824344 0
    outer loop
      vertex -18.8916 -23.1627 3.5
      vertex -19.274 -23.4253 5.01
      vertex -18.8916 -23.1627 5.01
    endloop
  endfacet
  facet normal -0.56609 0.824344 0
    outer loop
      vertex -19.274 -23.4253 5.01
      vertex -18.8916 -23.1627 3.5
      vertex -19.274 -23.4253 3.5
    endloop
  endfacet
  facet normal -0.710115 0.704086 0
    outer loop
      vertex -18.8916 -23.1627 3.5
      vertex -18.5763 -22.8447 5.01
      vertex -18.5763 -22.8447 3.5
    endloop
  endfacet
  facet normal -0.710115 0.704086 0
    outer loop
      vertex -18.5763 -22.8447 5.01
      vertex -18.8916 -23.1627 3.5
      vertex -18.8916 -23.1627 5.01
    endloop
  endfacet
  facet normal -0.833847 0.551996 0
    outer loop
      vertex -18.5763 -22.8447 3.5
      vertex -18.3311 -22.4743 5.01
      vertex -18.3311 -22.4743 3.5
    endloop
  endfacet
  facet normal -0.833847 0.551996 0
    outer loop
      vertex -18.3311 -22.4743 5.01
      vertex -18.5763 -22.8447 3.5
      vertex -18.5763 -22.8447 5.01
    endloop
  endfacet
  facet normal -0.923889 0.38266 0
    outer loop
      vertex -18.3311 -22.4743 3.5
      vertex -18.1559 -22.0513 5.01
      vertex -18.1559 -22.0513 3.5
    endloop
  endfacet
  facet normal -0.923889 0.38266 0
    outer loop
      vertex -18.1559 -22.0513 5.01
      vertex -18.3311 -22.4743 3.5
      vertex -18.3311 -22.4743 5.01
    endloop
  endfacet
  facet normal -0.976423 0.215865 0
    outer loop
      vertex -18.1559 -22.0513 3.5
      vertex -18.0508 -21.5759 5.01
      vertex -18.0508 -21.5759 3.5
    endloop
  endfacet
  facet normal -0.976423 0.215865 0
    outer loop
      vertex -18.0508 -21.5759 5.01
      vertex -18.1559 -22.0513 3.5
      vertex -18.1559 -22.0513 5.01
    endloop
  endfacet
  facet normal -0.997809 0.0661552 0
    outer loop
      vertex -18.0508 -21.5759 3.5
      vertex -18.0158 -21.048 5.01
      vertex -18.0158 -21.048 3.5
    endloop
  endfacet
  facet normal -0.997809 0.0661552 0
    outer loop
      vertex -18.0158 -21.048 5.01
      vertex -18.0508 -21.5759 3.5
      vertex -18.0508 -21.5759 5.01
    endloop
  endfacet
  facet normal -0.998435 -0.0559203 0
    outer loop
      vertex -18.0158 -21.048 3.5
      vertex -18.0385 -20.6427 5.01
      vertex -18.0385 -20.6427 3.5
    endloop
  endfacet
  facet normal -0.998435 -0.0559203 0
    outer loop
      vertex -18.0385 -20.6427 5.01
      vertex -18.0158 -21.048 3.5
      vertex -18.0158 -21.048 5.01
    endloop
  endfacet
  facet normal -0.979755 -0.200199 0
    outer loop
      vertex -18.0497 -14.3177 3.5
      vertex -18.1515 -13.8195 5.01
      vertex -18.1515 -13.8195 3.5
    endloop
  endfacet
  facet normal -0.979755 -0.200199 0
    outer loop
      vertex -18.1515 -13.8195 5.01
      vertex -18.0497 -14.3177 3.5
      vertex -18.0497 -14.3177 5.01
    endloop
  endfacet
  facet normal -0.933855 -0.357651 0
    outer loop
      vertex -18.1515 -13.8195 3.5
      vertex -18.3212 -13.3764 5.01
      vertex -18.3212 -13.3764 3.5
    endloop
  endfacet
  facet normal -0.933855 -0.357651 0
    outer loop
      vertex -18.3212 -13.3764 5.01
      vertex -18.1515 -13.8195 3.5
      vertex -18.1515 -13.8195 5.01
    endloop
  endfacet
  facet normal -0.852841 -0.52217 0
    outer loop
      vertex -18.3212 -13.3764 3.5
      vertex -18.5587 -12.9885 5.01
      vertex -18.5587 -12.9885 3.5
    endloop
  endfacet
  facet normal -0.852841 -0.52217 0
    outer loop
      vertex -18.5587 -12.9885 5.01
      vertex -18.3212 -13.3764 3.5
      vertex -18.3212 -13.3764 5.01
    endloop
  endfacet
  facet normal -0.736786 -0.676126 0
    outer loop
      vertex -18.5587 -12.9885 3.5
      vertex -18.8641 -12.6557 5.01
      vertex -18.8641 -12.6557 3.5
    endloop
  endfacet
  facet normal -0.736786 -0.676126 0
    outer loop
      vertex -18.8641 -12.6557 5.01
      vertex -18.5587 -12.9885 3.5
      vertex -18.5587 -12.9885 5.01
    endloop
  endfacet
  facet normal -0.591112 -0.80659 0
    outer loop
      vertex -19.2388 -12.3811 3.5
      vertex -18.8641 -12.6557 5.01
      vertex -19.2388 -12.3811 5.01
    endloop
  endfacet
  facet normal -0.591112 -0.80659 -0
    outer loop
      vertex -18.8641 -12.6557 5.01
      vertex -19.2388 -12.3811 3.5
      vertex -18.8641 -12.6557 3.5
    endloop
  endfacet
  facet normal -0.432422 -0.901671 0
    outer loop
      vertex -19.6844 -12.1674 3.5
      vertex -19.2388 -12.3811 5.01
      vertex -19.6844 -12.1674 5.01
    endloop
  endfacet
  facet normal -0.432422 -0.901671 -0
    outer loop
      vertex -19.2388 -12.3811 5.01
      vertex -19.6844 -12.1674 3.5
      vertex -19.2388 -12.3811 3.5
    endloop
  endfacet
  facet normal -0.283272 -0.95904 0
    outer loop
      vertex -20.2007 -12.0149 3.5
      vertex -19.6844 -12.1674 5.01
      vertex -20.2007 -12.0149 5.01
    endloop
  endfacet
  facet normal -0.283272 -0.95904 -0
    outer loop
      vertex -19.6844 -12.1674 5.01
      vertex -20.2007 -12.0149 3.5
      vertex -19.6844 -12.1674 3.5
    endloop
  endfacet
  facet normal -0.154156 -0.988047 0
    outer loop
      vertex -20.7878 -11.9233 3.5
      vertex -20.2007 -12.0149 5.01
      vertex -20.7878 -11.9233 5.01
    endloop
  endfacet
  facet normal -0.154156 -0.988047 -0
    outer loop
      vertex -20.2007 -12.0149 5.01
      vertex -20.7878 -11.9233 3.5
      vertex -20.2007 -12.0149 3.5
    endloop
  endfacet
  facet normal -0.0463099 -0.998927 0
    outer loop
      vertex -21.4457 -11.8928 3.5
      vertex -20.7878 -11.9233 5.01
      vertex -21.4457 -11.8928 5.01
    endloop
  endfacet
  facet normal -0.0463099 -0.998927 -0
    outer loop
      vertex -20.7878 -11.9233 5.01
      vertex -21.4457 -11.8928 3.5
      vertex -20.7878 -11.9233 3.5
    endloop
  endfacet
  facet normal 0.0430389 -0.999073 0
    outer loop
      vertex -22.1096 -11.9214 3.5
      vertex -21.4457 -11.8928 5.01
      vertex -22.1096 -11.9214 5.01
    endloop
  endfacet
  facet normal 0.0430389 -0.999073 0
    outer loop
      vertex -21.4457 -11.8928 5.01
      vertex -22.1096 -11.9214 3.5
      vertex -21.4457 -11.8928 3.5
    endloop
  endfacet
  facet normal 0.14365 -0.989629 0
    outer loop
      vertex -22.7 -12.0071 3.5
      vertex -22.1096 -11.9214 5.01
      vertex -22.7 -12.0071 5.01
    endloop
  endfacet
  facet normal 0.14365 -0.989629 0
    outer loop
      vertex -22.1096 -11.9214 5.01
      vertex -22.7 -12.0071 3.5
      vertex -22.1096 -11.9214 3.5
    endloop
  endfacet
  facet normal 0.26624 -0.963907 0
    outer loop
      vertex -23.217 -12.1499 3.5
      vertex -22.7 -12.0071 5.01
      vertex -23.217 -12.1499 5.01
    endloop
  endfacet
  facet normal 0.26624 -0.963907 0
    outer loop
      vertex -22.7 -12.0071 5.01
      vertex -23.217 -12.1499 3.5
      vertex -22.7 -12.0071 3.5
    endloop
  endfacet
  facet normal 0.411168 -0.91156 0
    outer loop
      vertex -23.6604 -12.3499 3.5
      vertex -23.217 -12.1499 5.01
      vertex -23.6604 -12.3499 5.01
    endloop
  endfacet
  facet normal 0.411168 -0.91156 0
    outer loop
      vertex -23.217 -12.1499 5.01
      vertex -23.6604 -12.3499 3.5
      vertex -23.217 -12.1499 3.5
    endloop
  endfacet
  facet normal 0.570479 -0.821312 0
    outer loop
      vertex -24.0304 -12.6069 3.5
      vertex -23.6604 -12.3499 5.01
      vertex -24.0304 -12.6069 5.01
    endloop
  endfacet
  facet normal 0.570479 -0.821312 0
    outer loop
      vertex -23.6604 -12.3499 5.01
      vertex -24.0304 -12.6069 3.5
      vertex -23.6604 -12.3499 3.5
    endloop
  endfacet
  facet normal 0.727185 -0.686442 0
    outer loop
      vertex -24.3303 -12.9246 5.01
      vertex -24.0304 -12.6069 3.5
      vertex -24.0304 -12.6069 5.01
    endloop
  endfacet
  facet normal 0.727185 -0.686442 0
    outer loop
      vertex -24.0304 -12.6069 3.5
      vertex -24.3303 -12.9246 5.01
      vertex -24.3303 -12.9246 3.5
    endloop
  endfacet
  facet normal 0.853221 -0.52155 0
    outer loop
      vertex -24.5635 -13.3061 5.01
      vertex -24.3303 -12.9246 3.5
      vertex -24.3303 -12.9246 5.01
    endloop
  endfacet
  facet normal 0.853221 -0.52155 0
    outer loop
      vertex -24.3303 -12.9246 3.5
      vertex -24.5635 -13.3061 5.01
      vertex -24.5635 -13.3061 3.5
    endloop
  endfacet
  facet normal 0.936648 -0.350271 0
    outer loop
      vertex -24.7301 -13.7516 5.01
      vertex -24.5635 -13.3061 3.5
      vertex -24.5635 -13.3061 5.01
    endloop
  endfacet
  facet normal 0.936648 -0.350271 0
    outer loop
      vertex -24.5635 -13.3061 3.5
      vertex -24.7301 -13.7516 5.01
      vertex -24.7301 -13.7516 3.5
    endloop
  endfacet
  facet normal 0.981278 -0.192596 0
    outer loop
      vertex -24.8301 -14.2611 5.01
      vertex -24.7301 -13.7516 3.5
      vertex -24.7301 -13.7516 5.01
    endloop
  endfacet
  facet normal 0.981278 -0.192596 0
    outer loop
      vertex -24.7301 -13.7516 3.5
      vertex -24.8301 -14.2611 5.01
      vertex -24.8301 -14.2611 3.5
    endloop
  endfacet
  facet normal 0.998318 -0.057977 0
    outer loop
      vertex -24.8634 -14.8345 5.01
      vertex -24.8301 -14.2611 3.5
      vertex -24.8301 -14.2611 5.01
    endloop
  endfacet
  facet normal 0.998318 -0.057977 0
    outer loop
      vertex -24.8301 -14.2611 3.5
      vertex -24.8634 -14.8345 5.01
      vertex -24.8634 -14.8345 3.5
    endloop
  endfacet
  facet normal 0.991872 0.127242 0
    outer loop
      vertex -24.7267 -15.9001 5.01
      vertex -24.8634 -14.8345 3.5
      vertex -24.8634 -14.8345 5.01
    endloop
  endfacet
  facet normal 0.991872 0.127242 0
    outer loop
      vertex -24.8634 -14.8345 3.5
      vertex -24.7267 -15.9001 5.01
      vertex -24.7267 -15.9001 3.5
    endloop
  endfacet
  facet normal 0.896279 0.44349 0
    outer loop
      vertex -24.3166 -16.7289 5.01
      vertex -24.7267 -15.9001 3.5
      vertex -24.7267 -15.9001 5.01
    endloop
  endfacet
  facet normal 0.896279 0.44349 0
    outer loop
      vertex -24.7267 -15.9001 3.5
      vertex -24.3166 -16.7289 5.01
      vertex -24.3166 -16.7289 3.5
    endloop
  endfacet
  facet normal 0.654707 0.755882 -0
    outer loop
      vertex -23.633 -17.321 3.5
      vertex -24.3166 -16.7289 5.01
      vertex -23.633 -17.321 5.01
    endloop
  endfacet
  facet normal 0.654707 0.755882 0
    outer loop
      vertex -24.3166 -16.7289 5.01
      vertex -23.633 -17.321 3.5
      vertex -24.3166 -16.7289 3.5
    endloop
  endfacet
  facet normal 0.347911 0.937528 -0
    outer loop
      vertex -22.6761 -17.6761 3.5
      vertex -23.633 -17.321 5.01
      vertex -22.6761 -17.6761 5.01
    endloop
  endfacet
  facet normal 0.347911 0.937528 0
    outer loop
      vertex -23.633 -17.321 5.01
      vertex -22.6761 -17.6761 3.5
      vertex -23.633 -17.321 3.5
    endloop
  endfacet
  facet normal 0.0958666 0.995394 -0
    outer loop
      vertex -21.4457 -17.7946 3.5
      vertex -22.6761 -17.6761 5.01
      vertex -21.4457 -17.7946 5.01
    endloop
  endfacet
  facet normal 0.0958666 0.995394 0
    outer loop
      vertex -22.6761 -17.6761 5.01
      vertex -21.4457 -17.7946 3.5
      vertex -22.6761 -17.6761 3.5
    endloop
  endfacet
  facet normal -0.0465563 0.998916 0
    outer loop
      vertex -20.8106 -17.765 3.5
      vertex -21.4457 -17.7946 5.01
      vertex -20.8106 -17.765 5.01
    endloop
  endfacet
  facet normal -0.0465563 0.998916 0
    outer loop
      vertex -21.4457 -17.7946 5.01
      vertex -20.8106 -17.765 3.5
      vertex -21.4457 -17.7946 3.5
    endloop
  endfacet
  facet normal -0.152991 0.988228 0
    outer loop
      vertex -20.2383 -17.6764 3.5
      vertex -20.8106 -17.765 5.01
      vertex -20.2383 -17.6764 5.01
    endloop
  endfacet
  facet normal -0.152991 0.988228 0
    outer loop
      vertex -20.8106 -17.765 5.01
      vertex -20.2383 -17.6764 3.5
      vertex -20.8106 -17.765 3.5
    endloop
  endfacet
  facet normal -0.278378 0.960471 0
    outer loop
      vertex -19.7287 -17.5287 3.5
      vertex -20.2383 -17.6764 5.01
      vertex -19.7287 -17.5287 5.01
    endloop
  endfacet
  facet normal -0.278378 0.960471 0
    outer loop
      vertex -20.2383 -17.6764 5.01
      vertex -19.7287 -17.5287 3.5
      vertex -20.2383 -17.6764 3.5
    endloop
  endfacet
  facet normal -0.419959 0.907543 0
    outer loop
      vertex -19.2818 -17.3219 3.5
      vertex -19.7287 -17.5287 5.01
      vertex -19.2818 -17.3219 5.01
    endloop
  endfacet
  facet normal -0.419959 0.907543 0
    outer loop
      vertex -19.7287 -17.5287 5.01
      vertex -19.2818 -17.3219 3.5
      vertex -19.7287 -17.5287 3.5
    endloop
  endfacet
  facet normal -0.569043 0.822308 0
    outer loop
      vertex -18.8977 -17.0561 3.5
      vertex -19.2818 -17.3219 5.01
      vertex -18.8977 -17.0561 5.01
    endloop
  endfacet
  facet normal -0.569043 0.822308 0
    outer loop
      vertex -19.2818 -17.3219 5.01
      vertex -18.8977 -17.0561 3.5
      vertex -19.2818 -17.3219 3.5
    endloop
  endfacet
  facet normal -0.713911 0.700237 0
    outer loop
      vertex -18.8977 -17.0561 3.5
      vertex -18.5802 -16.7324 5.01
      vertex -18.5802 -16.7324 3.5
    endloop
  endfacet
  facet normal -0.713911 0.700237 0
    outer loop
      vertex -18.5802 -16.7324 5.01
      vertex -18.8977 -17.0561 3.5
      vertex -18.8977 -17.0561 5.01
    endloop
  endfacet
  facet normal -0.838806 0.54443 0
    outer loop
      vertex -18.5802 -16.7324 3.5
      vertex -18.3333 -16.352 5.01
      vertex -18.3333 -16.352 3.5
    endloop
  endfacet
  facet normal -0.838806 0.54443 0
    outer loop
      vertex -18.3333 -16.352 5.01
      vertex -18.5802 -16.7324 3.5
      vertex -18.5802 -16.7324 5.01
    endloop
  endfacet
  facet normal -0.927301 0.374316 0
    outer loop
      vertex -18.3333 -16.352 3.5
      vertex -18.1569 -15.915 5.01
      vertex -18.1569 -15.915 3.5
    endloop
  endfacet
  facet normal -0.927301 0.374316 0
    outer loop
      vertex -18.1569 -15.915 5.01
      vertex -18.3333 -16.352 3.5
      vertex -18.3333 -16.352 5.01
    endloop
  endfacet
  facet normal -0.977791 0.209583 0
    outer loop
      vertex -18.1569 -15.915 3.5
      vertex -18.0511 -15.4214 5.01
      vertex -18.0511 -15.4214 3.5
    endloop
  endfacet
  facet normal -0.977791 0.209583 0
    outer loop
      vertex -18.0511 -15.4214 5.01
      vertex -18.1569 -15.915 3.5
      vertex -18.1569 -15.915 5.01
    endloop
  endfacet
  facet normal -0.997948 0.0640268 0
    outer loop
      vertex -18.0511 -15.4214 3.5
      vertex -18.0158 -14.8712 5.01
      vertex -18.0158 -14.8712 3.5
    endloop
  endfacet
  facet normal -0.997948 0.0640268 0
    outer loop
      vertex -18.0158 -14.8712 5.01
      vertex -18.0511 -15.4214 3.5
      vertex -18.0511 -15.4214 5.01
    endloop
  endfacet
  facet normal -0.99813 -0.0611321 0
    outer loop
      vertex -18.0158 -14.8712 3.5
      vertex -18.0497 -14.3177 5.01
      vertex -18.0497 -14.3177 3.5
    endloop
  endfacet
  facet normal -0.99813 -0.0611321 0
    outer loop
      vertex -18.0497 -14.3177 5.01
      vertex -18.0158 -14.8712 3.5
      vertex -18.0158 -14.8712 5.01
    endloop
  endfacet
  facet normal 0.968307 -0.249763 0
    outer loop
      vertex -18.9325 -15.5333 5.01
      vertex -18.8537 -15.2278 3.5
      vertex -18.8537 -15.2278 5.01
    endloop
  endfacet
  facet normal 0.968307 -0.249763 0
    outer loop
      vertex -18.8537 -15.2278 3.5
      vertex -18.9325 -15.5333 5.01
      vertex -18.9325 -15.5333 3.5
    endloop
  endfacet
  facet normal 0.897302 -0.441417 0
    outer loop
      vertex -19.0637 -15.8 5.01
      vertex -18.9325 -15.5333 3.5
      vertex -18.9325 -15.5333 5.01
    endloop
  endfacet
  facet normal 0.897302 -0.441417 0
    outer loop
      vertex -18.9325 -15.5333 3.5
      vertex -19.0637 -15.8 5.01
      vertex -19.0637 -15.8 3.5
    endloop
  endfacet
  facet normal 0.778564 -0.627565 0
    outer loop
      vertex -19.2474 -16.0279 5.01
      vertex -19.0637 -15.8 3.5
      vertex -19.0637 -15.8 5.01
    endloop
  endfacet
  facet normal 0.778564 -0.627565 0
    outer loop
      vertex -19.0637 -15.8 3.5
      vertex -19.2474 -16.0279 5.01
      vertex -19.2474 -16.0279 3.5
    endloop
  endfacet
  facet normal 0.624776 -0.780804 0
    outer loop
      vertex -19.4836 -16.2169 3.5
      vertex -19.2474 -16.0279 5.01
      vertex -19.4836 -16.2169 5.01
    endloop
  endfacet
  facet normal 0.624776 -0.780804 0
    outer loop
      vertex -19.2474 -16.0279 5.01
      vertex -19.4836 -16.2169 3.5
      vertex -19.2474 -16.0279 3.5
    endloop
  endfacet
  facet normal 0.46793 -0.883766 0
    outer loop
      vertex -19.772 -16.3696 3.5
      vertex -19.4836 -16.2169 5.01
      vertex -19.772 -16.3696 5.01
    endloop
  endfacet
  facet normal 0.46793 -0.883766 0
    outer loop
      vertex -19.4836 -16.2169 5.01
      vertex -19.772 -16.3696 3.5
      vertex -19.4836 -16.2169 3.5
    endloop
  endfacet
  facet normal 0.329424 -0.944182 0
    outer loop
      vertex -20.1125 -16.4884 3.5
      vertex -19.772 -16.3696 5.01
      vertex -20.1125 -16.4884 5.01
    endloop
  endfacet
  facet normal 0.329424 -0.944182 0
    outer loop
      vertex -19.772 -16.3696 5.01
      vertex -20.1125 -16.4884 3.5
      vertex -19.772 -16.3696 3.5
    endloop
  endfacet
  facet normal 0.21123 -0.977436 0
    outer loop
      vertex -20.5049 -16.5732 3.5
      vertex -20.1125 -16.4884 5.01
      vertex -20.5049 -16.5732 5.01
    endloop
  endfacet
  facet normal 0.21123 -0.977436 0
    outer loop
      vertex -20.1125 -16.4884 5.01
      vertex -20.5049 -16.5732 3.5
      vertex -20.1125 -16.4884 3.5
    endloop
  endfacet
  facet normal 0.113792 -0.993505 0
    outer loop
      vertex -20.9493 -16.6241 3.5
      vertex -20.5049 -16.5732 5.01
      vertex -20.9493 -16.6241 5.01
    endloop
  endfacet
  facet normal 0.113792 -0.993505 0
    outer loop
      vertex -20.5049 -16.5732 5.01
      vertex -20.9493 -16.6241 3.5
      vertex -20.5049 -16.5732 3.5
    endloop
  endfacet
  facet normal 0.0342265 -0.999414 0
    outer loop
      vertex -21.4457 -16.6411 3.5
      vertex -20.9493 -16.6241 5.01
      vertex -21.4457 -16.6411 5.01
    endloop
  endfacet
  facet normal 0.0342265 -0.999414 0
    outer loop
      vertex -20.9493 -16.6241 5.01
      vertex -21.4457 -16.6411 3.5
      vertex -20.9493 -16.6241 3.5
    endloop
  endfacet
  facet normal -0.033799 -0.999429 0
    outer loop
      vertex -21.9543 -16.6239 3.5
      vertex -21.4457 -16.6411 5.01
      vertex -21.9543 -16.6239 5.01
    endloop
  endfacet
  facet normal -0.033799 -0.999429 -0
    outer loop
      vertex -21.4457 -16.6411 5.01
      vertex -21.9543 -16.6239 3.5
      vertex -21.4457 -16.6411 3.5
    endloop
  endfacet
  facet normal -0.113472 -0.993541 0
    outer loop
      vertex -22.4061 -16.5723 3.5
      vertex -21.9543 -16.6239 5.01
      vertex -22.4061 -16.5723 5.01
    endloop
  endfacet
  facet normal -0.113472 -0.993541 -0
    outer loop
      vertex -21.9543 -16.6239 5.01
      vertex -22.4061 -16.5723 3.5
      vertex -21.9543 -16.6239 3.5
    endloop
  endfacet
  facet normal -0.213077 -0.977035 0
    outer loop
      vertex -22.8009 -16.4862 3.5
      vertex -22.4061 -16.5723 5.01
      vertex -22.8009 -16.4862 5.01
    endloop
  endfacet
  facet normal -0.213077 -0.977035 -0
    outer loop
      vertex -22.4061 -16.5723 5.01
      vertex -22.8009 -16.4862 3.5
      vertex -22.4061 -16.5723 3.5
    endloop
  endfacet
  facet normal -0.335807 -0.941931 0
    outer loop
      vertex -23.1389 -16.3657 3.5
      vertex -22.8009 -16.4862 5.01
      vertex -23.1389 -16.3657 5.01
    endloop
  endfacet
  facet normal -0.335807 -0.941931 -0
    outer loop
      vertex -22.8009 -16.4862 5.01
      vertex -23.1389 -16.3657 3.5
      vertex -22.8009 -16.4862 3.5
    endloop
  endfacet
  facet normal -0.482624 -0.875828 0
    outer loop
      vertex -23.42 -16.2108 3.5
      vertex -23.1389 -16.3657 5.01
      vertex -23.42 -16.2108 5.01
    endloop
  endfacet
  facet normal -0.482624 -0.875828 -0
    outer loop
      vertex -23.1389 -16.3657 5.01
      vertex -23.42 -16.2108 3.5
      vertex -23.1389 -16.3657 3.5
    endloop
  endfacet
  facet normal -0.648057 -0.761592 0
    outer loop
      vertex -23.6474 -16.0173 3.5
      vertex -23.42 -16.2108 5.01
      vertex -23.6474 -16.0173 5.01
    endloop
  endfacet
  facet normal -0.648057 -0.761592 -0
    outer loop
      vertex -23.42 -16.2108 5.01
      vertex -23.6474 -16.0173 3.5
      vertex -23.42 -16.2108 3.5
    endloop
  endfacet
  facet normal -0.800285 -0.59962 0
    outer loop
      vertex -23.6474 -16.0173 3.5
      vertex -23.8243 -15.7812 5.01
      vertex -23.8243 -15.7812 3.5
    endloop
  endfacet
  facet normal -0.800285 -0.59962 0
    outer loop
      vertex -23.8243 -15.7812 5.01
      vertex -23.6474 -16.0173 3.5
      vertex -23.6474 -16.0173 5.01
    endloop
  endfacet
  facet normal -0.911003 -0.4124 0
    outer loop
      vertex -23.8243 -15.7812 3.5
      vertex -23.9506 -15.5022 5.01
      vertex -23.9506 -15.5022 3.5
    endloop
  endfacet
  facet normal -0.911003 -0.4124 0
    outer loop
      vertex -23.9506 -15.5022 5.01
      vertex -23.8243 -15.7812 3.5
      vertex -23.8243 -15.7812 5.01
    endloop
  endfacet
  facet normal -0.97333 -0.22941 0
    outer loop
      vertex -23.9506 -15.5022 3.5
      vertex -24.0264 -15.1806 5.01
      vertex -24.0264 -15.1806 3.5
    endloop
  endfacet
  facet normal -0.97333 -0.22941 0
    outer loop
      vertex -24.0264 -15.1806 5.01
      vertex -23.9506 -15.5022 3.5
      vertex -23.9506 -15.5022 5.01
    endloop
  endfacet
  facet normal -0.997597 -0.0692814 0
    outer loop
      vertex -24.0264 -15.1806 3.5
      vertex -24.0517 -14.8163 5.01
      vertex -24.0517 -14.8163 3.5
    endloop
  endfacet
  facet normal -0.997597 -0.0692814 0
    outer loop
      vertex -24.0517 -14.8163 5.01
      vertex -24.0264 -15.1806 3.5
      vertex -24.0264 -15.1806 5.01
    endloop
  endfacet
  facet normal -0.997651 0.0684988 0
    outer loop
      vertex -24.0517 -14.8163 3.5
      vertex -24.0269 -14.4551 5.01
      vertex -24.0269 -14.4551 3.5
    endloop
  endfacet
  facet normal -0.997651 0.0684988 0
    outer loop
      vertex -24.0269 -14.4551 5.01
      vertex -24.0517 -14.8163 3.5
      vertex -24.0517 -14.8163 5.01
    endloop
  endfacet
  facet normal -0.973614 0.2282 0
    outer loop
      vertex -24.0269 -14.4551 3.5
      vertex -23.9526 -14.1381 5.01
      vertex -23.9526 -14.1381 3.5
    endloop
  endfacet
  facet normal -0.973614 0.2282 0
    outer loop
      vertex -23.9526 -14.1381 5.01
      vertex -24.0269 -14.4551 3.5
      vertex -24.0269 -14.4551 5.01
    endloop
  endfacet
  facet normal -0.910492 0.413526 0
    outer loop
      vertex -23.9526 -14.1381 3.5
      vertex -23.8287 -13.8653 5.01
      vertex -23.8287 -13.8653 3.5
    endloop
  endfacet
  facet normal -0.910492 0.413526 0
    outer loop
      vertex -23.8287 -13.8653 5.01
      vertex -23.9526 -14.1381 3.5
      vertex -23.9526 -14.1381 5.01
    endloop
  endfacet
  facet normal -0.796558 0.604562 0
    outer loop
      vertex -23.8287 -13.8653 3.5
      vertex -23.6552 -13.6367 5.01
      vertex -23.6552 -13.6367 3.5
    endloop
  endfacet
  facet normal -0.796558 0.604562 0
    outer loop
      vertex -23.6552 -13.6367 5.01
      vertex -23.8287 -13.8653 3.5
      vertex -23.8287 -13.8653 5.01
    endloop
  endfacet
  facet normal -0.637462 0.770482 0
    outer loop
      vertex -23.4322 -13.4522 3.5
      vertex -23.6552 -13.6367 5.01
      vertex -23.4322 -13.4522 5.01
    endloop
  endfacet
  facet normal -0.637462 0.770482 0
    outer loop
      vertex -23.6552 -13.6367 5.01
      vertex -23.4322 -13.4522 3.5
      vertex -23.6552 -13.6367 3.5
    endloop
  endfacet
  facet normal -0.465602 0.884994 0
    outer loop
      vertex -23.1545 -13.3061 3.5
      vertex -23.4322 -13.4522 5.01
      vertex -23.1545 -13.3061 5.01
    endloop
  endfacet
  facet normal -0.465602 0.884994 0
    outer loop
      vertex -23.4322 -13.4522 5.01
      vertex -23.1545 -13.3061 3.5
      vertex -23.4322 -13.4522 3.5
    endloop
  endfacet
  facet normal -0.319006 0.947753 0
    outer loop
      vertex -22.817 -13.1925 3.5
      vertex -23.1545 -13.3061 5.01
      vertex -22.817 -13.1925 5.01
    endloop
  endfacet
  facet normal -0.319006 0.947753 0
    outer loop
      vertex -23.1545 -13.3061 5.01
      vertex -22.817 -13.1925 3.5
      vertex -23.1545 -13.3061 3.5
    endloop
  endfacet
  facet normal -0.20024 0.979747 0
    outer loop
      vertex -22.4197 -13.1113 3.5
      vertex -22.817 -13.1925 5.01
      vertex -22.4197 -13.1113 5.01
    endloop
  endfacet
  facet normal -0.20024 0.979747 0
    outer loop
      vertex -22.817 -13.1925 5.01
      vertex -22.4197 -13.1113 3.5
      vertex -22.817 -13.1925 3.5
    endloop
  endfacet
  facet normal -0.105942 0.994372 0
    outer loop
      vertex -21.9626 -13.0626 3.5
      vertex -22.4197 -13.1113 5.01
      vertex -21.9626 -13.0626 5.01
    endloop
  endfacet
  facet normal -0.105942 0.994372 0
    outer loop
      vertex -22.4197 -13.1113 5.01
      vertex -21.9626 -13.0626 3.5
      vertex -22.4197 -13.1113 3.5
    endloop
  endfacet
  facet normal -0.0315185 0.999503 0
    outer loop
      vertex -21.4457 -13.0463 3.5
      vertex -21.9626 -13.0626 5.01
      vertex -21.4457 -13.0463 5.01
    endloop
  endfacet
  facet normal -0.0315185 0.999503 0
    outer loop
      vertex -21.9626 -13.0626 5.01
      vertex -21.4457 -13.0463 3.5
      vertex -21.9626 -13.0626 3.5
    endloop
  endfacet
  facet normal 0.0332497 0.999447 -0
    outer loop
      vertex -20.9347 -13.0633 3.5
      vertex -21.4457 -13.0463 5.01
      vertex -20.9347 -13.0633 5.01
    endloop
  endfacet
  facet normal 0.0332497 0.999447 0
    outer loop
      vertex -21.4457 -13.0463 5.01
      vertex -20.9347 -13.0633 3.5
      vertex -21.4457 -13.0463 3.5
    endloop
  endfacet
  facet normal 0.111465 0.993768 -0
    outer loop
      vertex -20.4809 -13.1142 3.5
      vertex -20.9347 -13.0633 5.01
      vertex -20.4809 -13.1142 5.01
    endloop
  endfacet
  facet normal 0.111465 0.993768 0
    outer loop
      vertex -20.9347 -13.0633 5.01
      vertex -20.4809 -13.1142 3.5
      vertex -20.9347 -13.0633 3.5
    endloop
  endfacet
  facet normal 0.209041 0.977907 -0
    outer loop
      vertex -20.0842 -13.199 3.5
      vertex -20.4809 -13.1142 5.01
      vertex -20.0842 -13.199 5.01
    endloop
  endfacet
  facet normal 0.209041 0.977907 0
    outer loop
      vertex -20.4809 -13.1142 5.01
      vertex -20.0842 -13.199 3.5
      vertex -20.4809 -13.1142 3.5
    endloop
  endfacet
  facet normal 0.330202 0.94391 -0
    outer loop
      vertex -19.7446 -13.3178 3.5
      vertex -20.0842 -13.199 5.01
      vertex -19.7446 -13.3178 5.01
    endloop
  endfacet
  facet normal 0.330202 0.94391 0
    outer loop
      vertex -20.0842 -13.199 5.01
      vertex -19.7446 -13.3178 3.5
      vertex -20.0842 -13.199 3.5
    endloop
  endfacet
  facet normal 0.475641 0.87964 -0
    outer loop
      vertex -19.4622 -13.4705 3.5
      vertex -19.7446 -13.3178 5.01
      vertex -19.4622 -13.4705 5.01
    endloop
  endfacet
  facet normal 0.475641 0.87964 0
    outer loop
      vertex -19.7446 -13.3178 5.01
      vertex -19.4622 -13.4705 3.5
      vertex -19.7446 -13.3178 3.5
    endloop
  endfacet
  facet normal 0.643899 0.765111 -0
    outer loop
      vertex -19.2337 -13.6628 3.5
      vertex -19.4622 -13.4705 5.01
      vertex -19.2337 -13.6628 5.01
    endloop
  endfacet
  facet normal 0.643899 0.765111 0
    outer loop
      vertex -19.4622 -13.4705 5.01
      vertex -19.2337 -13.6628 3.5
      vertex -19.4622 -13.4705 3.5
    endloop
  endfacet
  facet normal 0.800566 0.599244 0
    outer loop
      vertex -19.056 -13.9002 5.01
      vertex -19.2337 -13.6628 3.5
      vertex -19.2337 -13.6628 5.01
    endloop
  endfacet
  facet normal 0.800566 0.599244 0
    outer loop
      vertex -19.2337 -13.6628 3.5
      vertex -19.056 -13.9002 5.01
      vertex -19.056 -13.9002 3.5
    endloop
  endfacet
  facet normal 0.912127 0.409908 0
    outer loop
      vertex -18.929 -14.1828 5.01
      vertex -19.056 -13.9002 3.5
      vertex -19.056 -13.9002 5.01
    endloop
  endfacet
  facet normal 0.912127 0.409908 0
    outer loop
      vertex -19.056 -13.9002 3.5
      vertex -18.929 -14.1828 5.01
      vertex -18.929 -14.1828 3.5
    endloop
  endfacet
  facet normal 0.97408 0.226205 0
    outer loop
      vertex -18.8529 -14.5105 5.01
      vertex -18.929 -14.1828 3.5
      vertex -18.929 -14.1828 5.01
    endloop
  endfacet
  facet normal 0.97408 0.226205 0
    outer loop
      vertex -18.929 -14.1828 3.5
      vertex -18.8529 -14.5105 5.01
      vertex -18.8529 -14.5105 3.5
    endloop
  endfacet
  facet normal 0.997688 0.0679573 0
    outer loop
      vertex -18.8275 -14.8834 5.01
      vertex -18.8529 -14.5105 3.5
      vertex -18.8529 -14.5105 5.01
    endloop
  endfacet
  facet normal 0.997688 0.0679573 0
    outer loop
      vertex -18.8529 -14.5105 3.5
      vertex -18.8275 -14.8834 5.01
      vertex -18.8275 -14.8834 3.5
    endloop
  endfacet
  facet normal 0.997119 -0.0758552 0
    outer loop
      vertex -18.8537 -15.2278 5.01
      vertex -18.8275 -14.8834 3.5
      vertex -18.8275 -14.8834 5.01
    endloop
  endfacet
  facet normal 0.997119 -0.0758552 0
    outer loop
      vertex -18.8275 -14.8834 3.5
      vertex -18.8537 -15.2278 5.01
      vertex -18.8537 -15.2278 3.5
    endloop
  endfacet
  facet normal -0.0343711 -0.999409 0
    outer loop
      vertex -21.999 4.02701 3.5
      vertex -21.58 4.0126 5.01
      vertex -21.999 4.02701 5.01
    endloop
  endfacet
  facet normal -0.0343711 -0.999409 -0
    outer loop
      vertex -21.58 4.0126 5.01
      vertex -21.999 4.02701 3.5
      vertex -21.58 4.0126 3.5
    endloop
  endfacet
  facet normal -0.113484 -0.99354 0
    outer loop
      vertex -22.3773 4.07022 3.5
      vertex -21.999 4.02701 5.01
      vertex -22.3773 4.07022 5.01
    endloop
  endfacet
  facet normal -0.113484 -0.99354 -0
    outer loop
      vertex -21.999 4.02701 5.01
      vertex -22.3773 4.07022 3.5
      vertex -21.999 4.02701 3.5
    endloop
  endfacet
  facet normal -0.208666 -0.977987 0
    outer loop
      vertex -22.7148 4.14223 3.5
      vertex -22.3773 4.07022 5.01
      vertex -22.7148 4.14223 5.01
    endloop
  endfacet
  facet normal -0.208666 -0.977987 -0
    outer loop
      vertex -22.3773 4.07022 5.01
      vertex -22.7148 4.14223 3.5
      vertex -22.3773 4.07022 3.5
    endloop
  endfacet
  facet normal -0.321765 -0.946819 0
    outer loop
      vertex -23.0115 4.24306 3.5
      vertex -22.7148 4.14223 5.01
      vertex -23.0115 4.24306 5.01
    endloop
  endfacet
  facet normal -0.321765 -0.946819 -0
    outer loop
      vertex -22.7148 4.14223 5.01
      vertex -23.0115 4.24306 3.5
      vertex -22.7148 4.14223 3.5
    endloop
  endfacet
  facet normal -0.45192 -0.892058 0
    outer loop
      vertex -23.2674 4.3727 3.5
      vertex -23.0115 4.24306 5.01
      vertex -23.2674 4.3727 5.01
    endloop
  endfacet
  facet normal -0.45192 -0.892058 -0
    outer loop
      vertex -23.0115 4.24306 5.01
      vertex -23.2674 4.3727 3.5
      vertex -23.0115 4.24306 3.5
    endloop
  endfacet
  facet normal -0.594858 -0.803831 0
    outer loop
      vertex -23.4795 4.52966 3.5
      vertex -23.2674 4.3727 5.01
      vertex -23.4795 4.52966 5.01
    endloop
  endfacet
  facet normal -0.594858 -0.803831 -0
    outer loop
      vertex -23.2674 4.3727 5.01
      vertex -23.4795 4.52966 3.5
      vertex -23.2674 4.3727 3.5
    endloop
  endfacet
  facet normal -0.742617 -0.669716 0
    outer loop
      vertex -23.4795 4.52966 3.5
      vertex -23.6444 4.71251 5.01
      vertex -23.6444 4.71251 3.5
    endloop
  endfacet
  facet normal -0.742617 -0.669716 0
    outer loop
      vertex -23.6444 4.71251 5.01
      vertex -23.4795 4.52966 3.5
      vertex -23.4795 4.52966 5.01
    endloop
  endfacet
  facet normal -0.870891 -0.491477 0
    outer loop
      vertex -23.6444 4.71251 3.5
      vertex -23.7622 4.92125 5.01
      vertex -23.7622 4.92125 3.5
    endloop
  endfacet
  facet normal -0.870891 -0.491477 0
    outer loop
      vertex -23.7622 4.92125 5.01
      vertex -23.6444 4.71251 3.5
      vertex -23.6444 4.71251 5.01
    endloop
  endfacet
  facet normal -0.957579 -0.288172 0
    outer loop
      vertex -23.7622 4.92125 3.5
      vertex -23.8328 5.15585 5.01
      vertex -23.8328 5.15585 3.5
    endloop
  endfacet
  facet normal -0.957579 -0.288172 0
    outer loop
      vertex -23.8328 5.15585 5.01
      vertex -23.7622 4.92125 3.5
      vertex -23.7622 4.92125 5.01
    endloop
  endfacet
  facet normal -0.995921 -0.0902289 0
    outer loop
      vertex -23.8328 5.15585 3.5
      vertex -23.8564 5.41634 5.01
      vertex -23.8564 5.41634 3.5
    endloop
  endfacet
  facet normal -0.995921 -0.0902289 0
    outer loop
      vertex -23.8564 5.41634 5.01
      vertex -23.8328 5.15585 3.5
      vertex -23.8328 5.15585 5.01
    endloop
  endfacet
  facet normal -0.999854 0.0170684 0
    outer loop
      vertex -23.8564 5.41634 3.5
      vertex -23.854 5.55693 5.01
      vertex -23.854 5.55693 3.5
    endloop
  endfacet
  facet normal -0.999854 0.0170684 0
    outer loop
      vertex -23.854 5.55693 5.01
      vertex -23.8564 5.41634 3.5
      vertex -23.8564 5.41634 5.01
    endloop
  endfacet
  facet normal -0.998356 0.0573233 0
    outer loop
      vertex -23.854 5.55693 3.5
      vertex -23.8466 5.68581 5.01
      vertex -23.8466 5.68581 3.5
    endloop
  endfacet
  facet normal -0.998356 0.0573233 0
    outer loop
      vertex -23.8466 5.68581 5.01
      vertex -23.854 5.55693 3.5
      vertex -23.854 5.55693 5.01
    endloop
  endfacet
  facet normal -0.994624 0.103554 0
    outer loop
      vertex -23.8466 5.68581 3.5
      vertex -23.8344 5.80299 5.01
      vertex -23.8344 5.80299 3.5
    endloop
  endfacet
  facet normal -0.994624 0.103554 0
    outer loop
      vertex -23.8344 5.80299 5.01
      vertex -23.8466 5.68581 3.5
      vertex -23.8466 5.68581 5.01
    endloop
  endfacet
  facet normal -0.987258 0.159129 0
    outer loop
      vertex -23.8344 5.80299 3.5
      vertex -23.8174 5.90846 5.01
      vertex -23.8174 5.90846 3.5
    endloop
  endfacet
  facet normal -0.987258 0.159129 0
    outer loop
      vertex -23.8174 5.90846 5.01
      vertex -23.8344 5.80299 3.5
      vertex -23.8344 5.80299 5.01
    endloop
  endfacet
  facet normal -0.973564 0.228414 0
    outer loop
      vertex -23.8174 5.90846 3.5
      vertex -23.7954 6.00223 5.01
      vertex -23.7954 6.00223 3.5
    endloop
  endfacet
  facet normal -0.973564 0.228414 0
    outer loop
      vertex -23.7954 6.00223 5.01
      vertex -23.8174 5.90846 3.5
      vertex -23.8174 5.90846 5.01
    endloop
  endfacet
  facet normal 0 -1 0
    outer loop
      vertex -24.8024 6.00223 3.5
      vertex -23.7954 6.00223 5.01
      vertex -24.8024 6.00223 5.01
    endloop
  endfacet
  facet normal 0 -1 -0
    outer loop
      vertex -23.7954 6.00223 5.01
      vertex -24.8024 6.00223 3.5
      vertex -23.7954 6.00223 3.5
    endloop
  endfacet
  facet normal 0.971466 -0.23718 0
    outer loop
      vertex -24.8244 5.91212 5.01
      vertex -24.8024 6.00223 3.5
      vertex -24.8024 6.00223 5.01
    endloop
  endfacet
  facet normal 0.971466 -0.23718 0
    outer loop
      vertex -24.8024 6.00223 3.5
      vertex -24.8244 5.91212 5.01
      vertex -24.8244 5.91212 3.5
    endloop
  endfacet
  facet normal 0.982476 -0.186387 0
    outer loop
      vertex -24.8414 5.82251 5.01
      vertex -24.8244 5.91212 3.5
      vertex -24.8244 5.91212 5.01
    endloop
  endfacet
  facet normal 0.982476 -0.186387 0
    outer loop
      vertex -24.8244 5.91212 3.5
      vertex -24.8414 5.82251 5.01
      vertex -24.8414 5.82251 3.5
    endloop
  endfacet
  facet normal 0.990612 -0.136705 0
    outer loop
      vertex -24.8537 5.73338 5.01
      vertex -24.8414 5.82251 3.5
      vertex -24.8414 5.82251 5.01
    endloop
  endfacet
  facet normal 0.990612 -0.136705 0
    outer loop
      vertex -24.8414 5.82251 3.5
      vertex -24.8537 5.73338 5.01
      vertex -24.8537 5.73338 3.5
    endloop
  endfacet
  facet normal 0.996624 -0.0820961 0
    outer loop
      vertex -24.861 5.64476 5.01
      vertex -24.8537 5.73338 3.5
      vertex -24.8537 5.73338 5.01
    endloop
  endfacet
  facet normal 0.996624 -0.0820961 0
    outer loop
      vertex -24.8537 5.73338 3.5
      vertex -24.861 5.64476 5.01
      vertex -24.861 5.64476 3.5
    endloop
  endfacet
  facet normal 0.999629 -0.0272255 0
    outer loop
      vertex -24.8634 5.55664 5.01
      vertex -24.861 5.64476 3.5
      vertex -24.861 5.64476 5.01
    endloop
  endfacet
  facet normal 0.999629 -0.0272255 0
    outer loop
      vertex -24.861 5.64476 3.5
      vertex -24.8634 5.55664 5.01
      vertex -24.8634 5.55664 3.5
    endloop
  endfacet
  facet normal 0.998643 0.0520783 0
    outer loop
      vertex -24.851 5.31886 5.01
      vertex -24.8634 5.55664 3.5
      vertex -24.8634 5.55664 5.01
    endloop
  endfacet
  facet normal 0.998643 0.0520783 0
    outer loop
      vertex -24.8634 5.55664 3.5
      vertex -24.851 5.31886 5.01
      vertex -24.851 5.31886 3.5
    endloop
  endfacet
  facet normal 0.985249 0.171125 0
    outer loop
      vertex -24.8136 5.10353 5.01
      vertex -24.851 5.31886 3.5
      vertex -24.851 5.31886 5.01
    endloop
  endfacet
  facet normal 0.985249 0.171125 0
    outer loop
      vertex -24.851 5.31886 3.5
      vertex -24.8136 5.10353 5.01
      vertex -24.8136 5.10353 3.5
    endloop
  endfacet
  facet normal 0.951732 0.306931 0
    outer loop
      vertex -24.7514 4.91066 5.01
      vertex -24.8136 5.10353 3.5
      vertex -24.8136 5.10353 5.01
    endloop
  endfacet
  facet normal 0.951732 0.306931 0
    outer loop
      vertex -24.8136 5.10353 3.5
      vertex -24.7514 4.91066 5.01
      vertex -24.7514 4.91066 3.5
    endloop
  endfacet
  facet normal 0.89022 0.455532 0
    outer loop
      vertex -24.6642 4.74025 5.01
      vertex -24.7514 4.91066 3.5
      vertex -24.7514 4.91066 5.01
    endloop
  endfacet
  facet normal 0.89022 0.455532 0
    outer loop
      vertex -24.7514 4.91066 3.5
      vertex -24.6642 4.74025 5.01
      vertex -24.6642 4.74025 3.5
    endloop
  endfacet
  facet normal 0.797328 0.603546 0
    outer loop
      vertex -24.5522 4.59229 5.01
      vertex -24.6642 4.74025 3.5
      vertex -24.6642 4.74025 5.01
    endloop
  endfacet
  facet normal 0.797328 0.603546 0
    outer loop
      vertex -24.6642 4.74025 3.5
      vertex -24.5522 4.59229 5.01
      vertex -24.5522 4.59229 3.5
    endloop
  endfacet
  facet normal 0.674864 0.737943 -0
    outer loop
      vertex -24.4062 4.45877 3.5
      vertex -24.5522 4.59229 5.01
      vertex -24.4062 4.45877 5.01
    endloop
  endfacet
  facet normal 0.674864 0.737943 0
    outer loop
      vertex -24.5522 4.59229 5.01
      vertex -24.4062 4.45877 3.5
      vertex -24.5522 4.59229 3.5
    endloop
  endfacet
  facet normal 0.558484 0.829515 -0
    outer loop
      vertex -24.2173 4.33159 3.5
      vertex -24.4062 4.45877 5.01
      vertex -24.2173 4.33159 5.01
    endloop
  endfacet
  facet normal 0.558484 0.829515 0
    outer loop
      vertex -24.4062 4.45877 5.01
      vertex -24.2173 4.33159 3.5
      vertex -24.4062 4.45877 3.5
    endloop
  endfacet
  facet normal 0.462111 0.886822 -0
    outer loop
      vertex -23.9854 4.21075 3.5
      vertex -24.2173 4.33159 5.01
      vertex -23.9854 4.21075 5.01
    endloop
  endfacet
  facet normal 0.462111 0.886822 0
    outer loop
      vertex -24.2173 4.33159 5.01
      vertex -23.9854 4.21075 3.5
      vertex -24.2173 4.33159 3.5
    endloop
  endfacet
  facet normal 0.384439 0.92315 -0
    outer loop
      vertex -23.7105 4.09627 3.5
      vertex -23.9854 4.21075 5.01
      vertex -23.7105 4.09627 5.01
    endloop
  endfacet
  facet normal 0.384439 0.92315 0
    outer loop
      vertex -23.9854 4.21075 5.01
      vertex -23.7105 4.09627 3.5
      vertex -23.9854 4.21075 3.5
    endloop
  endfacet
  facet normal 0.3221 0.946706 -0
    outer loop
      vertex -23.3926 3.98811 3.5
      vertex -23.7105 4.09627 5.01
      vertex -23.3926 3.98811 5.01
    endloop
  endfacet
  facet normal 0.3221 0.946706 0
    outer loop
      vertex -23.7105 4.09627 5.01
      vertex -23.3926 3.98811 3.5
      vertex -23.7105 4.09627 3.5
    endloop
  endfacet
  facet normal 1 -0 0
    outer loop
      vertex -23.3926 3.96373 5.01
      vertex -23.3926 3.98811 3.5
      vertex -23.3926 3.98811 5.01
    endloop
  endfacet
  facet normal 1 0 0
    outer loop
      vertex -23.3926 3.98811 3.5
      vertex -23.3926 3.96373 5.01
      vertex -23.3926 3.96373 3.5
    endloop
  endfacet
  facet normal 0.0154498 -0.999881 0
    outer loop
      vertex -23.5188 3.96178 3.5
      vertex -23.3926 3.96373 5.01
      vertex -23.5188 3.96178 5.01
    endloop
  endfacet
  facet normal 0.0154498 -0.999881 0
    outer loop
      vertex -23.3926 3.96373 5.01
      vertex -23.5188 3.96178 3.5
      vertex -23.3926 3.96373 3.5
    endloop
  endfacet
  facet normal 0.0295326 -0.999564 0
    outer loop
      vertex -23.7168 3.95593 3.5
      vertex -23.5188 3.96178 5.01
      vertex -23.7168 3.95593 5.01
    endloop
  endfacet
  facet normal 0.0295326 -0.999564 0
    outer loop
      vertex -23.5188 3.96178 5.01
      vertex -23.7168 3.95593 3.5
      vertex -23.5188 3.96178 3.5
    endloop
  endfacet
  facet normal 0.0361513 -0.999346 0
    outer loop
      vertex -23.9866 3.94617 3.5
      vertex -23.7168 3.95593 5.01
      vertex -23.9866 3.94617 5.01
    endloop
  endfacet
  facet normal 0.0361513 -0.999346 0
    outer loop
      vertex -23.7168 3.95593 5.01
      vertex -23.9866 3.94617 3.5
      vertex -23.7168 3.95593 3.5
    endloop
  endfacet
  facet normal 0.039968 -0.999201 0
    outer loop
      vertex -24.3281 3.93251 3.5
      vertex -23.9866 3.94617 5.01
      vertex -24.3281 3.93251 5.01
    endloop
  endfacet
  facet normal 0.039968 -0.999201 0
    outer loop
      vertex -23.9866 3.94617 5.01
      vertex -24.3281 3.93251 3.5
      vertex -23.9866 3.94617 3.5
    endloop
  endfacet
  facet normal 0.042449 -0.999099 0
    outer loop
      vertex -24.7414 3.91495 3.5
      vertex -24.3281 3.93251 5.01
      vertex -24.7414 3.91495 5.01
    endloop
  endfacet
  facet normal 0.042449 -0.999099 0
    outer loop
      vertex -24.3281 3.93251 5.01
      vertex -24.7414 3.91495 3.5
      vertex -24.3281 3.93251 3.5
    endloop
  endfacet
  facet normal 1 -0 0
    outer loop
      vertex -24.7414 2.87743 5.01
      vertex -24.7414 3.91495 3.5
      vertex -24.7414 3.91495 5.01
    endloop
  endfacet
  facet normal 1 0 0
    outer loop
      vertex -24.7414 3.91495 3.5
      vertex -24.7414 2.87743 5.01
      vertex -24.7414 2.87743 3.5
    endloop
  endfacet
  facet normal -0.0396848 0.999212 0
    outer loop
      vertex -24.4103 2.89058 3.5
      vertex -24.7414 2.87743 5.01
      vertex -24.4103 2.89058 5.01
    endloop
  endfacet
  facet normal -0.0396848 0.999212 0
    outer loop
      vertex -24.7414 2.87743 5.01
      vertex -24.4103 2.89058 3.5
      vertex -24.7414 2.87743 3.5
    endloop
  endfacet
  facet normal -0.0320537 0.999486 0
    outer loop
      vertex -24.091 2.90082 3.5
      vertex -24.4103 2.89058 5.01
      vertex -24.091 2.90082 5.01
    endloop
  endfacet
  facet normal -0.0320537 0.999486 0
    outer loop
      vertex -24.4103 2.89058 5.01
      vertex -24.091 2.90082 3.5
      vertex -24.4103 2.89058 3.5
    endloop
  endfacet
  facet normal -0.0237579 0.999718 0
    outer loop
      vertex -23.7834 2.90813 3.5
      vertex -24.091 2.90082 5.01
      vertex -23.7834 2.90813 5.01
    endloop
  endfacet
  facet normal -0.0237579 0.999718 0
    outer loop
      vertex -24.091 2.90082 5.01
      vertex -23.7834 2.90813 3.5
      vertex -24.091 2.90082 3.5
    endloop
  endfacet
  facet normal -0.0148007 0.99989 0
    outer loop
      vertex -23.4875 2.91251 3.5
      vertex -23.7834 2.90813 5.01
      vertex -23.4875 2.91251 5.01
    endloop
  endfacet
  facet normal -0.0148007 0.99989 0
    outer loop
      vertex -23.7834 2.90813 5.01
      vertex -23.4875 2.91251 3.5
      vertex -23.7834 2.90813 3.5
    endloop
  endfacet
  facet normal -0.00513897 0.999987 0
    outer loop
      vertex -23.2034 2.91397 3.5
      vertex -23.4875 2.91251 5.01
      vertex -23.2034 2.91397 5.01
    endloop
  endfacet
  facet normal -0.00513897 0.999987 0
    outer loop
      vertex -23.4875 2.91251 5.01
      vertex -23.2034 2.91397 3.5
      vertex -23.4875 2.91251 3.5
    endloop
  endfacet
  facet normal 0 1 -0
    outer loop
      vertex -18.1378 2.91397 3.5
      vertex -23.2034 2.91397 5.01
      vertex -18.1378 2.91397 5.01
    endloop
  endfacet
  facet normal 0 1 0
    outer loop
      vertex -23.2034 2.91397 5.01
      vertex -18.1378 2.91397 3.5
      vertex -23.2034 2.91397 3.5
    endloop
  endfacet
  facet normal -1 0 0
    outer loop
      vertex -18.1378 2.91397 3.5
      vertex -18.1378 4.0126 5.01
      vertex -18.1378 4.0126 3.5
    endloop
  endfacet
  facet normal -1 -0 0
    outer loop
      vertex -18.1378 4.0126 5.01
      vertex -18.1378 2.91397 3.5
      vertex -18.1378 2.91397 5.01
    endloop
  endfacet
  facet normal 0 -1 0
    outer loop
      vertex -21.58 4.0126 3.5
      vertex -18.1378 4.0126 5.01
      vertex -21.58 4.0126 5.01
    endloop
  endfacet
  facet normal 0 -1 -0
    outer loop
      vertex -18.1378 4.0126 5.01
      vertex -21.58 4.0126 3.5
      vertex -18.1378 4.0126 3.5
    endloop
  endfacet
  facet normal -0.961813 -0.273709 0
    outer loop
      vertex -18.0783 -0.434448 3.5
      vertex -18.2658 0.224426 5.01
      vertex -18.2658 0.224426 3.5
    endloop
  endfacet
  facet normal -0.961813 -0.273709 0
    outer loop
      vertex -18.2658 0.224426 5.01
      vertex -18.0783 -0.434448 3.5
      vertex -18.0783 -0.434448 5.01
    endloop
  endfacet
  facet normal -0.864895 -0.501952 0
    outer loop
      vertex -18.2658 0.224426 3.5
      vertex -18.5782 0.762711 5.01
      vertex -18.5782 0.762711 3.5
    endloop
  endfacet
  facet normal -0.864895 -0.501952 0
    outer loop
      vertex -18.5782 0.762711 5.01
      vertex -18.2658 0.224426 3.5
      vertex -18.2658 0.224426 5.01
    endloop
  endfacet
  facet normal -0.690541 -0.723293 0
    outer loop
      vertex -19.0157 1.1804 3.5
      vertex -18.5782 0.762711 5.01
      vertex -19.0157 1.1804 5.01
    endloop
  endfacet
  facet normal -0.690541 -0.723293 -0
    outer loop
      vertex -18.5782 0.762711 5.01
      vertex -19.0157 1.1804 3.5
      vertex -18.5782 0.762711 3.5
    endloop
  endfacet
  facet normal -0.467048 -0.884232 0
    outer loop
      vertex -19.5782 1.47751 3.5
      vertex -19.0157 1.1804 5.01
      vertex -19.5782 1.47751 5.01
    endloop
  endfacet
  facet normal -0.467048 -0.884232 -0
    outer loop
      vertex -19.0157 1.1804 5.01
      vertex -19.5782 1.47751 3.5
      vertex -19.0157 1.1804 3.5
    endloop
  endfacet
  facet normal 0.961761 -0.273891 0
    outer loop
      vertex -19.8528 0.51326 5.01
      vertex -19.5782 1.47751 3.5
      vertex -19.5782 1.47751 5.01
    endloop
  endfacet
  facet normal 0.961761 -0.273891 0
    outer loop
      vertex -19.5782 1.47751 3.5
      vertex -19.8528 0.51326 5.01
      vertex -19.8528 0.51326 3.5
    endloop
  endfacet
  facet normal 0.391377 0.92023 -0
    outer loop
      vertex -19.6831 0.441086 3.5
      vertex -19.8528 0.51326 5.01
      vertex -19.6831 0.441086 5.01
    endloop
  endfacet
  facet normal 0.391377 0.92023 0
    outer loop
      vertex -19.8528 0.51326 5.01
      vertex -19.6831 0.441086 3.5
      vertex -19.8528 0.51326 3.5
    endloop
  endfacet
  facet normal 0.514179 0.857683 -0
    outer loop
      vertex -19.5257 0.346725 3.5
      vertex -19.6831 0.441086 5.01
      vertex -19.5257 0.346725 5.01
    endloop
  endfacet
  facet normal 0.514179 0.857683 0
    outer loop
      vertex -19.6831 0.441086 5.01
      vertex -19.5257 0.346725 3.5
      vertex -19.6831 0.441086 3.5
    endloop
  endfacet
  facet normal 0.625846 0.779946 -0
    outer loop
      vertex -19.3804 0.230133 3.5
      vertex -19.5257 0.346725 5.01
      vertex -19.3804 0.230133 5.01
    endloop
  endfacet
  facet normal 0.625846 0.779946 0
    outer loop
      vertex -19.5257 0.346725 5.01
      vertex -19.3804 0.230133 3.5
      vertex -19.5257 0.346725 3.5
    endloop
  endfacet
  facet normal 0.721756 0.692147 0
    outer loop
      vertex -19.2473 0.0913391 5.01
      vertex -19.3804 0.230133 3.5
      vertex -19.3804 0.230133 5.01
    endloop
  endfacet
  facet normal 0.721756 0.692147 0
    outer loop
      vertex -19.3804 0.230133 3.5
      vertex -19.2473 0.0913391 5.01
      vertex -19.2473 0.0913391 3.5
    endloop
  endfacet
  facet normal 0.799873 0.60017 0
    outer loop
      vertex -19.1265 -0.0696564 5.01
      vertex -19.2473 0.0913391 3.5
      vertex -19.2473 0.0913391 5.01
    endloop
  endfacet
  facet normal 0.799873 0.60017 0
    outer loop
      vertex -19.2473 0.0913391 3.5
      vertex -19.1265 -0.0696564 5.01
      vertex -19.1265 -0.0696564 3.5
    endloop
  endfacet
  facet normal 0.871344 0.490673 0
    outer loop
      vertex -19.0232 -0.253098 5.01
      vertex -19.1265 -0.0696564 3.5
      vertex -19.1265 -0.0696564 5.01
    endloop
  endfacet
  facet normal 0.871344 0.490673 0
    outer loop
      vertex -19.1265 -0.0696564 3.5
      vertex -19.0232 -0.253098 5.01
      vertex -19.0232 -0.253098 3.5
    endloop
  endfacet
  facet normal 0.931803 0.362965 0
    outer loop
      vertex -18.9429 -0.459244 5.01
      vertex -19.0232 -0.253098 3.5
      vertex -19.0232 -0.253098 5.01
    endloop
  endfacet
  facet normal 0.931803 0.362965 0
    outer loop
      vertex -19.0232 -0.253098 3.5
      vertex -18.9429 -0.459244 5.01
      vertex -18.9429 -0.459244 3.5
    endloop
  endfacet
  facet normal 0.969955 0.243283 0
    outer loop
      vertex -18.8855 -0.688095 5.01
      vertex -18.9429 -0.459244 3.5
      vertex -18.9429 -0.459244 5.01
    endloop
  endfacet
  facet normal 0.969955 0.243283 0
    outer loop
      vertex -18.9429 -0.459244 3.5
      vertex -18.8855 -0.688095 5.01
      vertex -18.8855 -0.688095 3.5
    endloop
  endfacet
  facet normal 0.990779 0.135488 0
    outer loop
      vertex -18.8511 -0.939651 5.01
      vertex -18.8855 -0.688095 3.5
      vertex -18.8855 -0.688095 5.01
    endloop
  endfacet
  facet normal 0.990779 0.135488 0
    outer loop
      vertex -18.8855 -0.688095 3.5
      vertex -18.8511 -0.939651 5.01
      vertex -18.8511 -0.939651 3.5
    endloop
  endfacet
  facet normal 0.999122 0.0418944 0
    outer loop
      vertex -18.8396 -1.21391 5.01
      vertex -18.8511 -0.939651 3.5
      vertex -18.8511 -0.939651 5.01
    endloop
  endfacet
  facet normal 0.999122 0.0418944 0
    outer loop
      vertex -18.8511 -0.939651 3.5
      vertex -18.8396 -1.21391 5.01
      vertex -18.8396 -1.21391 3.5
    endloop
  endfacet
  facet normal 0.997432 -0.0716159 0
    outer loop
      vertex -18.8643 -1.55792 5.01
      vertex -18.8396 -1.21391 3.5
      vertex -18.8396 -1.21391 5.01
    endloop
  endfacet
  facet normal 0.997432 -0.0716159 0
    outer loop
      vertex -18.8396 -1.21391 3.5
      vertex -18.8643 -1.55792 5.01
      vertex -18.8643 -1.55792 3.5
    endloop
  endfacet
  facet normal 0.972558 -0.232662 0
    outer loop
      vertex -18.9383 -1.86725 5.01
      vertex -18.8643 -1.55792 3.5
      vertex -18.8643 -1.55792 5.01
    endloop
  endfacet
  facet normal 0.972558 -0.232662 0
    outer loop
      vertex -18.8643 -1.55792 3.5
      vertex -18.9383 -1.86725 5.01
      vertex -18.9383 -1.86725 3.5
    endloop
  endfacet
  facet normal 0.91229 -0.409544 0
    outer loop
      vertex -19.0616 -2.14191 5.01
      vertex -18.9383 -1.86725 3.5
      vertex -18.9383 -1.86725 5.01
    endloop
  endfacet
  facet normal 0.91229 -0.409544 0
    outer loop
      vertex -18.9383 -1.86725 3.5
      vertex -19.0616 -2.14191 5.01
      vertex -19.0616 -2.14191 3.5
    endloop
  endfacet
  facet normal 0.812004 -0.583652 0
    outer loop
      vertex -19.2341 -2.3819 5.01
      vertex -19.0616 -2.14191 3.5
      vertex -19.0616 -2.14191 5.01
    endloop
  endfacet
  facet normal 0.812004 -0.583652 0
    outer loop
      vertex -19.0616 -2.14191 3.5
      vertex -19.2341 -2.3819 5.01
      vertex -19.2341 -2.3819 3.5
    endloop
  endfacet
  facet normal 0.679006 -0.734132 0
    outer loop
      vertex -19.4561 -2.58723 3.5
      vertex -19.2341 -2.3819 5.01
      vertex -19.4561 -2.58723 5.01
    endloop
  endfacet
  facet normal 0.679006 -0.734132 0
    outer loop
      vertex -19.2341 -2.3819 5.01
      vertex -19.4561 -2.58723 3.5
      vertex -19.2341 -2.3819 3.5
    endloop
  endfacet
  facet normal 0.534759 -0.845005 0
    outer loop
      vertex -19.7234 -2.75639 3.5
      vertex -19.4561 -2.58723 5.01
      vertex -19.7234 -2.75639 5.01
    endloop
  endfacet
  facet normal 0.534759 -0.845005 0
    outer loop
      vertex -19.4561 -2.58723 5.01
      vertex -19.7234 -2.75639 3.5
      vertex -19.4561 -2.58723 3.5
    endloop
  endfacet
  facet normal 0.391948 -0.919987 0
    outer loop
      vertex -20.0322 -2.88795 3.5
      vertex -19.7234 -2.75639 5.01
      vertex -20.0322 -2.88795 5.01
    endloop
  endfacet
  facet normal 0.391948 -0.919987 0
    outer loop
      vertex -19.7234 -2.75639 5.01
      vertex -20.0322 -2.88795 3.5
      vertex -19.7234 -2.75639 3.5
    endloop
  endfacet
  facet normal 0.259052 -0.965863 0
    outer loop
      vertex -20.3826 -2.98193 3.5
      vertex -20.0322 -2.88795 5.01
      vertex -20.3826 -2.98193 5.01
    endloop
  endfacet
  facet normal 0.259052 -0.965863 0
    outer loop
      vertex -20.0322 -2.88795 5.01
      vertex -20.3826 -2.98193 3.5
      vertex -20.0322 -2.88795 3.5
    endloop
  endfacet
  facet normal 0.142482 -0.989797 0
    outer loop
      vertex -20.7744 -3.03833 3.5
      vertex -20.3826 -2.98193 5.01
      vertex -20.7744 -3.03833 5.01
    endloop
  endfacet
  facet normal 0.142482 -0.989797 0
    outer loop
      vertex -20.3826 -2.98193 5.01
      vertex -20.7744 -3.03833 3.5
      vertex -20.3826 -2.98193 3.5
    endloop
  endfacet
  facet normal 0.0433011 -0.999062 0
    outer loop
      vertex -21.2077 -3.05711 3.5
      vertex -20.7744 -3.03833 5.01
      vertex -21.2077 -3.05711 5.01
    endloop
  endfacet
  facet normal 0.0433011 -0.999062 0
    outer loop
      vertex -20.7744 -3.03833 5.01
      vertex -21.2077 -3.05711 3.5
      vertex -20.7744 -3.03833 3.5
    endloop
  endfacet
  facet normal -1 0 0
    outer loop
      vertex -21.2077 -3.05711 3.5
      vertex -21.2077 1.65454 5.01
      vertex -21.2077 1.65454 3.5
    endloop
  endfacet
  facet normal -1 -0 0
    outer loop
      vertex -21.2077 1.65454 5.01
      vertex -21.2077 -3.05711 3.5
      vertex -21.2077 -3.05711 5.01
    endloop
  endfacet
  facet normal 0 -1 0
    outer loop
      vertex -21.3542 1.65454 3.5
      vertex -21.2077 1.65454 5.01
      vertex -21.3542 1.65454 5.01
    endloop
  endfacet
  facet normal 0 -1 -0
    outer loop
      vertex -21.2077 1.65454 5.01
      vertex -21.3542 1.65454 3.5
      vertex -21.2077 1.65454 3.5
    endloop
  endfacet
  facet normal 0.0917823 -0.995779 0
    outer loop
      vertex -22.6175 1.5381 3.5
      vertex -21.3542 1.65454 5.01
      vertex -22.6175 1.5381 5.01
    endloop
  endfacet
  facet normal 0.0917823 -0.995779 0
    outer loop
      vertex -21.3542 1.65454 5.01
      vertex -22.6175 1.5381 3.5
      vertex -21.3542 1.65454 3.5
    endloop
  endfacet
  facet normal 0.334994 -0.94222 0
    outer loop
      vertex -23.6001 1.18875 3.5
      vertex -22.6175 1.5381 5.01
      vertex -23.6001 1.18875 5.01
    endloop
  endfacet
  facet normal 0.334994 -0.94222 0
    outer loop
      vertex -22.6175 1.5381 5.01
      vertex -23.6001 1.18875 3.5
      vertex -22.6175 1.5381 3.5
    endloop
  endfacet
  facet normal 0.638507 -0.769616 0
    outer loop
      vertex -24.3019 0.606506 3.5
      vertex -23.6001 1.18875 5.01
      vertex -24.3019 0.606506 5.01
    endloop
  endfacet
  facet normal 0.638507 -0.769616 0
    outer loop
      vertex -23.6001 1.18875 5.01
      vertex -24.3019 0.606506 3.5
      vertex -23.6001 1.18875 3.5
    endloop
  endfacet
  facet normal 0.88845 -0.458973 0
    outer loop
      vertex -24.723 -0.208633 5.01
      vertex -24.3019 0.606506 3.5
      vertex -24.3019 0.606506 5.01
    endloop
  endfacet
  facet normal 0.88845 -0.458973 0
    outer loop
      vertex -24.3019 0.606506 3.5
      vertex -24.723 -0.208633 5.01
      vertex -24.723 -0.208633 3.5
    endloop
  endfacet
  facet normal 0.991146 -0.132779 0
    outer loop
      vertex -24.8634 -1.25667 5.01
      vertex -24.723 -0.208633 3.5
      vertex -24.723 -0.208633 5.01
    endloop
  endfacet
  facet normal 0.991146 -0.132779 0
    outer loop
      vertex -24.723 -0.208633 3.5
      vertex -24.8634 -1.25667 5.01
      vertex -24.8634 -1.25667 3.5
    endloop
  endfacet
  facet normal 0.997937 0.0641932 0
    outer loop
      vertex -24.8285 -1.79922 5.01
      vertex -24.8634 -1.25667 3.5
      vertex -24.8634 -1.25667 5.01
    endloop
  endfacet
  facet normal 0.997937 0.0641932 0
    outer loop
      vertex -24.8634 -1.25667 3.5
      vertex -24.8285 -1.79922 5.01
      vertex -24.8285 -1.79922 3.5
    endloop
  endfacet
  facet normal 0.977933 0.20892 0
    outer loop
      vertex -24.7238 -2.28931 5.01
      vertex -24.8285 -1.79922 3.5
      vertex -24.8285 -1.79922 5.01
    endloop
  endfacet
  facet normal 0.977933 0.20892 0
    outer loop
      vertex -24.8285 -1.79922 3.5
      vertex -24.7238 -2.28931 5.01
      vertex -24.7238 -2.28931 3.5
    endloop
  endfacet
  facet normal 0.928798 0.370585 0
    outer loop
      vertex -24.5492 -2.72691 5.01
      vertex -24.7238 -2.28931 3.5
      vertex -24.7238 -2.28931 5.01
    endloop
  endfacet
  facet normal 0.928798 0.370585 0
    outer loop
      vertex -24.7238 -2.28931 3.5
      vertex -24.5492 -2.72691 5.01
      vertex -24.5492 -2.72691 3.5
    endloop
  endfacet
  facet normal 0.844432 0.535663 0
    outer loop
      vertex -24.3049 -3.11203 5.01
      vertex -24.5492 -2.72691 3.5
      vertex -24.5492 -2.72691 5.01
    endloop
  endfacet
  facet normal 0.844432 0.535663 0
    outer loop
      vertex -24.5492 -2.72691 3.5
      vertex -24.3049 -3.11203 5.01
      vertex -24.3049 -3.11203 3.5
    endloop
  endfacet
  facet normal 0.726959 0.686681 0
    outer loop
      vertex -23.9907 -3.44466 5.01
      vertex -24.3049 -3.11203 3.5
      vertex -24.3049 -3.11203 5.01
    endloop
  endfacet
  facet normal 0.726959 0.686681 0
    outer loop
      vertex -24.3049 -3.11203 3.5
      vertex -23.9907 -3.44466 5.01
      vertex -23.9907 -3.44466 3.5
    endloop
  endfacet
  facet normal 0.58768 0.809094 -0
    outer loop
      vertex -23.6111 -3.72038 3.5
      vertex -23.9907 -3.44466 5.01
      vertex -23.6111 -3.72038 5.01
    endloop
  endfacet
  facet normal 0.58768 0.809094 0
    outer loop
      vertex -23.9907 -3.44466 5.01
      vertex -23.6111 -3.72038 3.5
      vertex -23.9907 -3.44466 3.5
    endloop
  endfacet
  facet normal 0.437557 0.899191 -0
    outer loop
      vertex -23.1704 -3.93483 3.5
      vertex -23.6111 -3.72038 5.01
      vertex -23.1704 -3.93483 5.01
    endloop
  endfacet
  facet normal 0.437557 0.899191 0
    outer loop
      vertex -23.6111 -3.72038 5.01
      vertex -23.1704 -3.93483 3.5
      vertex -23.6111 -3.72038 3.5
    endloop
  endfacet
  facet normal 0.292014 0.956414 -0
    outer loop
      vertex -22.6687 -4.08801 3.5
      vertex -23.1704 -3.93483 5.01
      vertex -22.6687 -4.08801 5.01
    endloop
  endfacet
  facet normal 0.292014 0.956414 0
    outer loop
      vertex -23.1704 -3.93483 5.01
      vertex -22.6687 -4.08801 3.5
      vertex -23.1704 -3.93483 3.5
    endloop
  endfacet
  facet normal 0.161229 0.986917 -0
    outer loop
      vertex -22.1061 -4.17992 3.5
      vertex -22.6687 -4.08801 5.01
      vertex -22.1061 -4.17992 5.01
    endloop
  endfacet
  facet normal 0.161229 0.986917 0
    outer loop
      vertex -22.6687 -4.08801 5.01
      vertex -22.1061 -4.17992 3.5
      vertex -22.6687 -4.08801 3.5
    endloop
  endfacet
  facet normal 0.0490592 0.998796 -0
    outer loop
      vertex -21.4823 -4.21056 3.5
      vertex -22.1061 -4.17992 5.01
      vertex -21.4823 -4.21056 5.01
    endloop
  endfacet
  facet normal 0.0490592 0.998796 0
    outer loop
      vertex -22.1061 -4.17992 5.01
      vertex -21.4823 -4.21056 3.5
      vertex -22.1061 -4.17992 3.5
    endloop
  endfacet
  facet normal -0.0467631 0.998906 0
    outer loop
      vertex -20.8278 -4.17992 3.5
      vertex -21.4823 -4.21056 5.01
      vertex -20.8278 -4.17992 5.01
    endloop
  endfacet
  facet normal -0.0467631 0.998906 0
    outer loop
      vertex -21.4823 -4.21056 5.01
      vertex -20.8278 -4.17992 3.5
      vertex -21.4823 -4.21056 3.5
    endloop
  endfacet
  facet normal -0.154794 0.987947 0
    outer loop
      vertex -20.2412 -4.08801 3.5
      vertex -20.8278 -4.17992 5.01
      vertex -20.2412 -4.08801 5.01
    endloop
  endfacet
  facet normal -0.154794 0.987947 0
    outer loop
      vertex -20.8278 -4.17992 5.01
      vertex -20.2412 -4.08801 3.5
      vertex -20.8278 -4.17992 3.5
    endloop
  endfacet
  facet normal -0.283173 0.959069 0
    outer loop
      vertex -19.7224 -3.93483 3.5
      vertex -20.2412 -4.08801 5.01
      vertex -19.7224 -3.93483 5.01
    endloop
  endfacet
  facet normal -0.283173 0.959069 0
    outer loop
      vertex -20.2412 -4.08801 5.01
      vertex -19.7224 -3.93483 3.5
      vertex -20.2412 -4.08801 3.5
    endloop
  endfacet
  facet normal -0.429502 0.903066 0
    outer loop
      vertex -19.2715 -3.72038 3.5
      vertex -19.7224 -3.93483 5.01
      vertex -19.2715 -3.72038 5.01
    endloop
  endfacet
  facet normal -0.429502 0.903066 0
    outer loop
      vertex -19.7224 -3.93483 5.01
      vertex -19.2715 -3.72038 3.5
      vertex -19.7224 -3.93483 3.5
    endloop
  endfacet
  facet normal -0.584249 0.811575 0
    outer loop
      vertex -18.8885 -3.44466 3.5
      vertex -19.2715 -3.72038 5.01
      vertex -18.8885 -3.44466 5.01
    endloop
  endfacet
  facet normal -0.584249 0.811575 0
    outer loop
      vertex -19.2715 -3.72038 5.01
      vertex -18.8885 -3.44466 3.5
      vertex -19.2715 -3.72038 3.5
    endloop
  endfacet
  facet normal -0.728724 0.684807 0
    outer loop
      vertex -18.8885 -3.44466 3.5
      vertex -18.5743 -3.11031 5.01
      vertex -18.5743 -3.11031 3.5
    endloop
  endfacet
  facet normal -0.728724 0.684807 0
    outer loop
      vertex -18.5743 -3.11031 5.01
      vertex -18.8885 -3.44466 3.5
      vertex -18.8885 -3.44466 5.01
    endloop
  endfacet
  facet normal -0.847614 0.530614 0
    outer loop
      vertex -18.5743 -3.11031 3.5
      vertex -18.33 -2.72006 5.01
      vertex -18.33 -2.72006 3.5
    endloop
  endfacet
  facet normal -0.847614 0.530614 0
    outer loop
      vertex -18.33 -2.72006 5.01
      vertex -18.5743 -3.11031 3.5
      vertex -18.5743 -3.11031 5.01
    endloop
  endfacet
  facet normal -0.931223 0.364449 0
    outer loop
      vertex -18.33 -2.72006 3.5
      vertex -18.1554 -2.27393 5.01
      vertex -18.1554 -2.27393 3.5
    endloop
  endfacet
  facet normal -0.931223 0.364449 0
    outer loop
      vertex -18.1554 -2.27393 5.01
      vertex -18.33 -2.72006 3.5
      vertex -18.33 -2.72006 5.01
    endloop
  endfacet
  facet normal -0.97894 0.204149 0
    outer loop
      vertex -18.1554 -2.27393 3.5
      vertex -18.0507 -1.77187 5.01
      vertex -18.0507 -1.77187 3.5
    endloop
  endfacet
  facet normal -0.97894 0.204149 0
    outer loop
      vertex -18.0507 -1.77187 5.01
      vertex -18.1554 -2.27393 3.5
      vertex -18.1554 -2.27393 5.01
    endloop
  endfacet
  facet normal -0.99805 0.0624273 0
    outer loop
      vertex -18.0507 -1.77187 3.5
      vertex -18.0158 -1.21391 5.01
      vertex -18.0158 -1.21391 3.5
    endloop
  endfacet
  facet normal -0.99805 0.0624273 0
    outer loop
      vertex -18.0158 -1.21391 5.01
      vertex -18.0507 -1.77187 3.5
      vertex -18.0507 -1.77187 5.01
    endloop
  endfacet
  facet normal -0.996801 -0.079927 0
    outer loop
      vertex -18.0158 -1.21391 3.5
      vertex -18.0783 -0.434448 5.01
      vertex -18.0783 -0.434448 3.5
    endloop
  endfacet
  facet normal -0.996801 -0.079927 0
    outer loop
      vertex -18.0783 -0.434448 5.01
      vertex -18.0158 -1.21391 3.5
      vertex -18.0158 -1.21391 5.01
    endloop
  endfacet
  facet normal -0.0887424 -0.996055 0
    outer loop
      vertex -22.4075 -3.01302 3.5
      vertex -22.0499 -3.04488 5.01
      vertex -22.4075 -3.01302 5.01
    endloop
  endfacet
  facet normal -0.0887424 -0.996055 -0
    outer loop
      vertex -22.0499 -3.04488 5.01
      vertex -22.4075 -3.01302 3.5
      vertex -22.0499 -3.04488 3.5
    endloop
  endfacet
  facet normal -0.199502 -0.979897 0
    outer loop
      vertex -22.733 -2.94675 3.5
      vertex -22.4075 -3.01302 5.01
      vertex -22.733 -2.94675 5.01
    endloop
  endfacet
  facet normal -0.199502 -0.979897 -0
    outer loop
      vertex -22.4075 -3.01302 5.01
      vertex -22.733 -2.94675 3.5
      vertex -22.4075 -3.01302 3.5
    endloop
  endfacet
  facet normal -0.32453 -0.945875 0
    outer loop
      vertex -23.0265 -2.84605 3.5
      vertex -22.733 -2.94675 5.01
      vertex -23.0265 -2.84605 5.01
    endloop
  endfacet
  facet normal -0.32453 -0.945875 -0
    outer loop
      vertex -22.733 -2.94675 5.01
      vertex -23.0265 -2.84605 3.5
      vertex -22.733 -2.94675 3.5
    endloop
  endfacet
  facet normal -0.458886 -0.888495 0
    outer loop
      vertex -23.2881 -2.71094 3.5
      vertex -23.0265 -2.84605 5.01
      vertex -23.2881 -2.71094 5.01
    endloop
  endfacet
  facet normal -0.458886 -0.888495 -0
    outer loop
      vertex -23.0265 -2.84605 5.01
      vertex -23.2881 -2.71094 3.5
      vertex -23.0265 -2.84605 3.5
    endloop
  endfacet
  facet normal -0.594163 -0.804344 0
    outer loop
      vertex -23.5176 -2.54141 3.5
      vertex -23.2881 -2.71094 5.01
      vertex -23.5176 -2.54141 5.01
    endloop
  endfacet
  facet normal -0.594163 -0.804344 -0
    outer loop
      vertex -23.2881 -2.71094 5.01
      vertex -23.5176 -2.54141 3.5
      vertex -23.2881 -2.71094 3.5
    endloop
  endfacet
  facet normal -0.720968 -0.692968 0
    outer loop
      vertex -23.5176 -2.54141 3.5
      vertex -23.7099 -2.34134 5.01
      vertex -23.7099 -2.34134 3.5
    endloop
  endfacet
  facet normal -0.720968 -0.692968 0
    outer loop
      vertex -23.7099 -2.34134 5.01
      vertex -23.5176 -2.54141 3.5
      vertex -23.5176 -2.54141 5.01
    endloop
  endfacet
  facet normal -0.834805 -0.550546 0
    outer loop
      vertex -23.7099 -2.34134 3.5
      vertex -23.8594 -2.11465 5.01
      vertex -23.8594 -2.11465 3.5
    endloop
  endfacet
  facet normal -0.834805 -0.550546 0
    outer loop
      vertex -23.8594 -2.11465 5.01
      vertex -23.7099 -2.34134 3.5
      vertex -23.7099 -2.34134 5.01
    endloop
  endfacet
  facet normal -0.921308 -0.388834 0
    outer loop
      vertex -23.8594 -2.11465 3.5
      vertex -23.9663 -1.86136 5.01
      vertex -23.9663 -1.86136 3.5
    endloop
  endfacet
  facet normal -0.921308 -0.388834 0
    outer loop
      vertex -23.9663 -1.86136 5.01
      vertex -23.8594 -2.11465 3.5
      vertex -23.8594 -2.11465 5.01
    endloop
  endfacet
  facet normal -0.974843 -0.222893 0
    outer loop
      vertex -23.9663 -1.86136 3.5
      vertex -24.0303 -1.58145 5.01
      vertex -24.0303 -1.58145 3.5
    endloop
  endfacet
  facet normal -0.974843 -0.222893 0
    outer loop
      vertex -24.0303 -1.58145 5.01
      vertex -23.9663 -1.86136 3.5
      vertex -23.9663 -1.86136 5.01
    endloop
  endfacet
  facet normal -0.997572 -0.0696465 0
    outer loop
      vertex -24.0303 -1.58145 3.5
      vertex -24.0517 -1.27493 5.01
      vertex -24.0517 -1.27493 3.5
    endloop
  endfacet
  facet normal -0.997572 -0.0696465 0
    outer loop
      vertex -24.0517 -1.27493 5.01
      vertex -24.0303 -1.58145 3.5
      vertex -24.0303 -1.58145 5.01
    endloop
  endfacet
  facet normal -0.998138 0.0610015 0
    outer loop
      vertex -24.0517 -1.27493 3.5
      vertex -24.0325 -0.96077 5.01
      vertex -24.0325 -0.96077 3.5
    endloop
  endfacet
  facet normal -0.998138 0.0610015 0
    outer loop
      vertex -24.0325 -0.96077 5.01
      vertex -24.0517 -1.27493 3.5
      vertex -24.0517 -1.27493 5.01
    endloop
  endfacet
  facet normal -0.980099 0.198508 0
    outer loop
      vertex -24.0325 -0.96077 3.5
      vertex -23.9751 -0.677368 5.01
      vertex -23.9751 -0.677368 3.5
    endloop
  endfacet
  facet normal -0.980099 0.198508 0
    outer loop
      vertex -23.9751 -0.677368 5.01
      vertex -24.0325 -0.96077 3.5
      vertex -24.0325 -0.96077 5.01
    endloop
  endfacet
  facet normal -0.934917 0.354866 0
    outer loop
      vertex -23.9751 -0.677368 3.5
      vertex -23.8792 -0.424713 5.01
      vertex -23.8792 -0.424713 3.5
    endloop
  endfacet
  facet normal -0.934917 0.354866 0
    outer loop
      vertex -23.8792 -0.424713 5.01
      vertex -23.9751 -0.677368 3.5
      vertex -23.9751 -0.677368 5.01
    endloop
  endfacet
  facet normal -0.855832 0.517253 0
    outer loop
      vertex -23.8792 -0.424713 3.5
      vertex -23.7451 -0.202835 5.01
      vertex -23.7451 -0.202835 3.5
    endloop
  endfacet
  facet normal -0.855832 0.517253 0
    outer loop
      vertex -23.7451 -0.202835 5.01
      vertex -23.8792 -0.424713 3.5
      vertex -23.8792 -0.424713 5.01
    endloop
  endfacet
  facet normal -0.742363 0.669998 0
    outer loop
      vertex -23.7451 -0.202835 3.5
      vertex -23.5726 -0.0117035 5.01
      vertex -23.5726 -0.0117035 3.5
    endloop
  endfacet
  facet normal -0.742363 0.669998 0
    outer loop
      vertex -23.5726 -0.0117035 5.01
      vertex -23.7451 -0.202835 3.5
      vertex -23.7451 -0.202835 5.01
    endloop
  endfacet
  facet normal -0.602894 0.797822 0
    outer loop
      vertex -23.3584 0.150162 3.5
      vertex -23.5726 -0.0117035 5.01
      vertex -23.3584 0.150162 5.01
    endloop
  endfacet
  facet normal -0.602894 0.797822 0
    outer loop
      vertex -23.5726 -0.0117035 5.01
      vertex -23.3584 0.150162 3.5
      vertex -23.5726 -0.0117035 3.5
    endloop
  endfacet
  facet normal -0.459046 0.888412 0
    outer loop
      vertex -23.099 0.284195 3.5
      vertex -23.3584 0.150162 5.01
      vertex -23.099 0.284195 5.01
    endloop
  endfacet
  facet normal -0.459046 0.888412 0
    outer loop
      vertex -23.3584 0.150162 5.01
      vertex -23.099 0.284195 3.5
      vertex -23.3584 0.150162 3.5
    endloop
  endfacet
  facet normal -0.329317 0.944219 0
    outer loop
      vertex -22.7945 0.390396 3.5
      vertex -23.099 0.284195 5.01
      vertex -22.7945 0.390396 5.01
    endloop
  endfacet
  facet normal -0.329317 0.944219 0
    outer loop
      vertex -23.099 0.284195 5.01
      vertex -22.7945 0.390396 3.5
      vertex -23.099 0.284195 3.5
    endloop
  endfacet
  facet normal -0.21864 0.975806 0
    outer loop
      vertex -22.4448 0.46875 3.5
      vertex -22.7945 0.390396 5.01
      vertex -22.4448 0.46875 5.01
    endloop
  endfacet
  facet normal -0.21864 0.975806 0
    outer loop
      vertex -22.7945 0.390396 5.01
      vertex -22.4448 0.46875 3.5
      vertex -22.7945 0.390396 3.5
    endloop
  endfacet
  facet normal -0.126939 0.991911 0
    outer loop
      vertex -22.0499 0.519287 3.5
      vertex -22.4448 0.46875 5.01
      vertex -22.0499 0.519287 5.01
    endloop
  endfacet
  facet normal -0.126939 0.991911 0
    outer loop
      vertex -22.4448 0.46875 5.01
      vertex -22.0499 0.519287 3.5
      vertex -22.4448 0.46875 3.5
    endloop
  endfacet
  facet normal 1 -0 0
    outer loop
      vertex -22.0499 -3.04488 5.01
      vertex -22.0499 0.519287 3.5
      vertex -22.0499 0.519287 5.01
    endloop
  endfacet
  facet normal 1 0 0
    outer loop
      vertex -22.0499 0.519287 3.5
      vertex -22.0499 -3.04488 5.01
      vertex -22.0499 -3.04488 3.5
    endloop
  endfacet
  facet normal -0.990587 -0.136881 0
    outer loop
      vertex -18.036 13.1078 3.5
      vertex -18.0968 13.5478 5.01
      vertex -18.0968 13.5478 3.5
    endloop
  endfacet
  facet normal -0.990587 -0.136881 0
    outer loop
      vertex -18.0968 13.5478 5.01
      vertex -18.036 13.1078 3.5
      vertex -18.036 13.1078 5.01
    endloop
  endfacet
  facet normal -0.968638 -0.248476 0
    outer loop
      vertex -18.0968 13.5478 3.5
      vertex -18.1981 13.9427 5.01
      vertex -18.1981 13.9427 3.5
    endloop
  endfacet
  facet normal -0.968638 -0.248476 0
    outer loop
      vertex -18.1981 13.9427 5.01
      vertex -18.0968 13.5478 3.5
      vertex -18.0968 13.5478 5.01
    endloop
  endfacet
  facet normal -0.92662 -0.376 0
    outer loop
      vertex -18.1981 13.9427 3.5
      vertex -18.34 14.2924 5.01
      vertex -18.34 14.2924 3.5
    endloop
  endfacet
  facet normal -0.92662 -0.376 0
    outer loop
      vertex -18.34 14.2924 5.01
      vertex -18.1981 13.9427 3.5
      vertex -18.1981 13.9427 5.01
    endloop
  endfacet
  facet normal -0.85799 -0.513667 0
    outer loop
      vertex -18.34 14.2924 3.5
      vertex -18.5223 14.5969 5.01
      vertex -18.5223 14.5969 3.5
    endloop
  endfacet
  facet normal -0.85799 -0.513667 0
    outer loop
      vertex -18.5223 14.5969 5.01
      vertex -18.34 14.2924 3.5
      vertex -18.34 14.2924 5.01
    endloop
  endfacet
  facet normal -0.756072 -0.654488 0
    outer loop
      vertex -18.5223 14.5969 3.5
      vertex -18.742 14.8507 5.01
      vertex -18.742 14.8507 3.5
    endloop
  endfacet
  facet normal -0.756072 -0.654488 0
    outer loop
      vertex -18.742 14.8507 5.01
      vertex -18.5223 14.5969 3.5
      vertex -18.5223 14.5969 5.01
    endloop
  endfacet
  facet normal -0.61379 -0.789469 0
    outer loop
      vertex -18.9959 15.0481 3.5
      vertex -18.742 14.8507 5.01
      vertex -18.9959 15.0481 5.01
    endloop
  endfacet
  facet normal -0.61379 -0.789469 -0
    outer loop
      vertex -18.742 14.8507 5.01
      vertex -18.9959 15.0481 3.5
      vertex -18.742 14.8507 3.5
    endloop
  endfacet
  facet normal -0.43959 -0.898198 0
    outer loop
      vertex -19.284 15.1891 3.5
      vertex -18.9959 15.0481 5.01
      vertex -19.284 15.1891 5.01
    endloop
  endfacet
  facet normal -0.43959 -0.898198 -0
    outer loop
      vertex -18.9959 15.0481 5.01
      vertex -19.284 15.1891 3.5
      vertex -18.9959 15.0481 3.5
    endloop
  endfacet
  facet normal -0.253961 -0.967214 0
    outer loop
      vertex -19.6062 15.2737 3.5
      vertex -19.284 15.1891 5.01
      vertex -19.6062 15.2737 5.01
    endloop
  endfacet
  facet normal -0.253961 -0.967214 -0
    outer loop
      vertex -19.284 15.1891 5.01
      vertex -19.6062 15.2737 3.5
      vertex -19.284 15.1891 3.5
    endloop
  endfacet
  facet normal -0.0788561 -0.996886 0
    outer loop
      vertex -19.9627 15.3019 3.5
      vertex -19.6062 15.2737 5.01
      vertex -19.9627 15.3019 5.01
    endloop
  endfacet
  facet normal -0.0788561 -0.996886 -0
    outer loop
      vertex -19.6062 15.2737 5.01
      vertex -19.9627 15.3019 3.5
      vertex -19.6062 15.2737 3.5
    endloop
  endfacet
  facet normal 0.03309 -0.999452 0
    outer loop
      vertex -20.1107 15.297 3.5
      vertex -19.9627 15.3019 5.01
      vertex -20.1107 15.297 5.01
    endloop
  endfacet
  facet normal 0.03309 -0.999452 0
    outer loop
      vertex -19.9627 15.3019 5.01
      vertex -20.1107 15.297 3.5
      vertex -19.9627 15.3019 3.5
    endloop
  endfacet
  facet normal 0.103331 -0.994647 0
    outer loop
      vertex -20.2522 15.2823 3.5
      vertex -20.1107 15.297 5.01
      vertex -20.2522 15.2823 5.01
    endloop
  endfacet
  facet normal 0.103331 -0.994647 0
    outer loop
      vertex -20.1107 15.297 5.01
      vertex -20.2522 15.2823 3.5
      vertex -20.1107 15.297 3.5
    endloop
  endfacet
  facet normal 0.178115 -0.98401 0
    outer loop
      vertex -20.387 15.2579 3.5
      vertex -20.2522 15.2823 5.01
      vertex -20.387 15.2579 5.01
    endloop
  endfacet
  facet normal 0.178115 -0.98401 0
    outer loop
      vertex -20.2522 15.2823 5.01
      vertex -20.387 15.2579 3.5
      vertex -20.2522 15.2823 3.5
    endloop
  endfacet
  facet normal 0.257569 -0.96626 0
    outer loop
      vertex -20.5153 15.2237 3.5
      vertex -20.387 15.2579 5.01
      vertex -20.5153 15.2237 5.01
    endloop
  endfacet
  facet normal 0.257569 -0.96626 0
    outer loop
      vertex -20.387 15.2579 5.01
      vertex -20.5153 15.2237 3.5
      vertex -20.387 15.2579 3.5
    endloop
  endfacet
  facet normal 0.339322 -0.94067 0
    outer loop
      vertex -20.637 15.1798 3.5
      vertex -20.5153 15.2237 5.01
      vertex -20.637 15.1798 5.01
    endloop
  endfacet
  facet normal 0.339322 -0.94067 0
    outer loop
      vertex -20.5153 15.2237 5.01
      vertex -20.637 15.1798 3.5
      vertex -20.5153 15.2237 3.5
    endloop
  endfacet
  facet normal 0.416113 -0.909313 0
    outer loop
      vertex -20.7526 15.1269 3.5
      vertex -20.637 15.1798 5.01
      vertex -20.7526 15.1269 5.01
    endloop
  endfacet
  facet normal 0.416113 -0.909313 0
    outer loop
      vertex -20.637 15.1798 5.01
      vertex -20.7526 15.1269 3.5
      vertex -20.637 15.1798 3.5
    endloop
  endfacet
  facet normal 0.484359 -0.874869 0
    outer loop
      vertex -20.8626 15.066 3.5
      vertex -20.7526 15.1269 5.01
      vertex -20.8626 15.066 5.01
    endloop
  endfacet
  facet normal 0.484359 -0.874869 0
    outer loop
      vertex -20.7526 15.1269 5.01
      vertex -20.8626 15.066 3.5
      vertex -20.7526 15.1269 3.5
    endloop
  endfacet
  facet normal 0.55082 -0.834624 0
    outer loop
      vertex -20.967 14.9971 3.5
      vertex -20.8626 15.066 5.01
      vertex -20.967 14.9971 5.01
    endloop
  endfacet
  facet normal 0.55082 -0.834624 0
    outer loop
      vertex -20.8626 15.066 5.01
      vertex -20.967 14.9971 3.5
      vertex -20.8626 15.066 3.5
    endloop
  endfacet
  facet normal 0.615598 -0.788061 0
    outer loop
      vertex -21.0657 14.92 3.5
      vertex -20.967 14.9971 5.01
      vertex -21.0657 14.92 5.01
    endloop
  endfacet
  facet normal 0.615598 -0.788061 0
    outer loop
      vertex -20.967 14.9971 5.01
      vertex -21.0657 14.92 3.5
      vertex -20.967 14.9971 3.5
    endloop
  endfacet
  facet normal 0.674251 -0.738503 0
    outer loop
      vertex -21.1588 14.835 3.5
      vertex -21.0657 14.92 5.01
      vertex -21.1588 14.835 5.01
    endloop
  endfacet
  facet normal 0.674251 -0.738503 0
    outer loop
      vertex -21.0657 14.92 5.01
      vertex -21.1588 14.835 3.5
      vertex -21.0657 14.92 3.5
    endloop
  endfacet
  facet normal 0.732684 -0.680569 0
    outer loop
      vertex -21.2476 14.7394 5.01
      vertex -21.1588 14.835 3.5
      vertex -21.1588 14.835 5.01
    endloop
  endfacet
  facet normal 0.732684 -0.680569 0
    outer loop
      vertex -21.1588 14.835 3.5
      vertex -21.2476 14.7394 5.01
      vertex -21.2476 14.7394 3.5
    endloop
  endfacet
  facet normal 0.785438 -0.61894 0
    outer loop
      vertex -21.3331 14.6309 5.01
      vertex -21.2476 14.7394 3.5
      vertex -21.2476 14.7394 5.01
    endloop
  endfacet
  facet normal 0.785438 -0.61894 0
    outer loop
      vertex -21.2476 14.7394 3.5
      vertex -21.3331 14.6309 5.01
      vertex -21.3331 14.6309 3.5
    endloop
  endfacet
  facet normal 0.827623 -0.561285 0
    outer loop
      vertex -21.4155 14.5094 5.01
      vertex -21.3331 14.6309 3.5
      vertex -21.3331 14.6309 5.01
    endloop
  endfacet
  facet normal 0.827623 -0.561285 0
    outer loop
      vertex -21.3331 14.6309 3.5
      vertex -21.4155 14.5094 5.01
      vertex -21.4155 14.5094 3.5
    endloop
  endfacet
  facet normal 0.861092 -0.508448 0
    outer loop
      vertex -21.4948 14.3751 5.01
      vertex -21.4155 14.5094 3.5
      vertex -21.4155 14.5094 5.01
    endloop
  endfacet
  facet normal 0.861092 -0.508448 0
    outer loop
      vertex -21.4155 14.5094 3.5
      vertex -21.4948 14.3751 5.01
      vertex -21.4948 14.3751 3.5
    endloop
  endfacet
  facet normal 0.888811 -0.458274 0
    outer loop
      vertex -21.5708 14.2277 5.01
      vertex -21.4948 14.3751 3.5
      vertex -21.4948 14.3751 5.01
    endloop
  endfacet
  facet normal 0.888811 -0.458274 0
    outer loop
      vertex -21.4948 14.3751 3.5
      vertex -21.5708 14.2277 5.01
      vertex -21.5708 14.2277 3.5
    endloop
  endfacet
  facet normal 0.916194 -0.400736 0
    outer loop
      vertex -21.6466 14.0544 5.01
      vertex -21.5708 14.2277 3.5
      vertex -21.5708 14.2277 5.01
    endloop
  endfacet
  facet normal 0.916194 -0.400736 0
    outer loop
      vertex -21.5708 14.2277 3.5
      vertex -21.6466 14.0544 5.01
      vertex -21.6466 14.0544 3.5
    endloop
  endfacet
  facet normal 0.937988 -0.346667 0
    outer loop
      vertex -21.7251 13.842 5.01
      vertex -21.6466 14.0544 3.5
      vertex -21.6466 14.0544 5.01
    endloop
  endfacet
  facet normal 0.937988 -0.346667 0
    outer loop
      vertex -21.6466 14.0544 3.5
      vertex -21.7251 13.842 5.01
      vertex -21.7251 13.842 3.5
    endloop
  endfacet
  facet normal 0.951594 -0.307357 0
    outer loop
      vertex -21.8063 13.5906 5.01
      vertex -21.7251 13.842 3.5
      vertex -21.7251 13.842 5.01
    endloop
  endfacet
  facet normal 0.951594 -0.307357 0
    outer loop
      vertex -21.7251 13.842 3.5
      vertex -21.8063 13.5906 5.01
      vertex -21.8063 13.5906 3.5
    endloop
  endfacet
  facet normal 0.960822 -0.277167 0
    outer loop
      vertex -21.8901 13.3001 5.01
      vertex -21.8063 13.5906 3.5
      vertex -21.8063 13.5906 5.01
    endloop
  endfacet
  facet normal 0.960822 -0.277167 0
    outer loop
      vertex -21.8063 13.5906 3.5
      vertex -21.8901 13.3001 5.01
      vertex -21.8901 13.3001 3.5
    endloop
  endfacet
  facet normal 0.967173 -0.254118 0
    outer loop
      vertex -21.9767 12.9705 5.01
      vertex -21.8901 13.3001 3.5
      vertex -21.8901 13.3001 5.01
    endloop
  endfacet
  facet normal 0.967173 -0.254118 0
    outer loop
      vertex -21.8901 13.3001 3.5
      vertex -21.9767 12.9705 5.01
      vertex -21.9767 12.9705 3.5
    endloop
  endfacet
  facet normal 0.969742 -0.244131 0
    outer loop
      vertex -22.0631 12.6273 5.01
      vertex -21.9767 12.9705 3.5
      vertex -21.9767 12.9705 5.01
    endloop
  endfacet
  facet normal 0.969742 -0.244131 0
    outer loop
      vertex -21.9767 12.9705 3.5
      vertex -22.0631 12.6273 5.01
      vertex -22.0631 12.6273 3.5
    endloop
  endfacet
  facet normal 0.96574 -0.259512 0
    outer loop
      vertex -22.1417 12.3348 5.01
      vertex -22.0631 12.6273 3.5
      vertex -22.0631 12.6273 5.01
    endloop
  endfacet
  facet normal 0.96574 -0.259512 0
    outer loop
      vertex -22.0631 12.6273 3.5
      vertex -22.1417 12.3348 5.01
      vertex -22.1417 12.3348 3.5
    endloop
  endfacet
  facet normal 0.959675 -0.281113 0
    outer loop
      vertex -22.2125 12.0931 5.01
      vertex -22.1417 12.3348 3.5
      vertex -22.1417 12.3348 5.01
    endloop
  endfacet
  facet normal 0.959675 -0.281113 0
    outer loop
      vertex -22.1417 12.3348 3.5
      vertex -22.2125 12.0931 5.01
      vertex -22.2125 12.0931 3.5
    endloop
  endfacet
  facet normal 0.949624 -0.313391 0
    outer loop
      vertex -22.2755 11.9022 5.01
      vertex -22.2125 12.0931 3.5
      vertex -22.2125 12.0931 5.01
    endloop
  endfacet
  facet normal 0.949624 -0.313391 0
    outer loop
      vertex -22.2125 12.0931 3.5
      vertex -22.2755 11.9022 5.01
      vertex -22.2755 11.9022 3.5
    endloop
  endfacet
  facet normal 0.930703 -0.365776 0
    outer loop
      vertex -22.3306 11.762 5.01
      vertex -22.2755 11.9022 3.5
      vertex -22.2755 11.9022 5.01
    endloop
  endfacet
  facet normal 0.930703 -0.365776 0
    outer loop
      vertex -22.2755 11.9022 3.5
      vertex -22.3306 11.762 5.01
      vertex -22.3306 11.762 3.5
    endloop
  endfacet
  facet normal 0.897857 -0.440287 0
    outer loop
      vertex -22.3841 11.6529 5.01
      vertex -22.3306 11.762 3.5
      vertex -22.3306 11.762 5.01
    endloop
  endfacet
  facet normal 0.897857 -0.440287 0
    outer loop
      vertex -22.3306 11.762 3.5
      vertex -22.3841 11.6529 5.01
      vertex -22.3841 11.6529 3.5
    endloop
  endfacet
  facet normal 0.860734 -0.509055 0
    outer loop
      vertex -22.442 11.555 5.01
      vertex -22.3841 11.6529 3.5
      vertex -22.3841 11.6529 5.01
    endloop
  endfacet
  facet normal 0.860734 -0.509055 0
    outer loop
      vertex -22.3841 11.6529 3.5
      vertex -22.442 11.555 5.01
      vertex -22.442 11.555 3.5
    endloop
  endfacet
  facet normal 0.812529 -0.582921 0
    outer loop
      vertex -22.5042 11.4683 5.01
      vertex -22.442 11.555 3.5
      vertex -22.442 11.555 5.01
    endloop
  endfacet
  facet normal 0.812529 -0.582921 0
    outer loop
      vertex -22.442 11.555 3.5
      vertex -22.5042 11.4683 5.01
      vertex -22.5042 11.4683 3.5
    endloop
  endfacet
  facet normal 0.74949 -0.662016 0
    outer loop
      vertex -22.5708 11.3929 5.01
      vertex -22.5042 11.4683 3.5
      vertex -22.5042 11.4683 5.01
    endloop
  endfacet
  facet normal 0.74949 -0.662016 0
    outer loop
      vertex -22.5042 11.4683 3.5
      vertex -22.5708 11.3929 5.01
      vertex -22.5708 11.3929 3.5
    endloop
  endfacet
  facet normal 0.670175 -0.742203 0
    outer loop
      vertex -22.6419 11.3287 3.5
      vertex -22.5708 11.3929 5.01
      vertex -22.6419 11.3287 5.01
    endloop
  endfacet
  facet normal 0.670175 -0.742203 0
    outer loop
      vertex -22.5708 11.3929 5.01
      vertex -22.6419 11.3287 3.5
      vertex -22.5708 11.3929 3.5
    endloop
  endfacet
  facet normal 0.5643 -0.82557 0
    outer loop
      vertex -22.719 11.276 3.5
      vertex -22.6419 11.3287 5.01
      vertex -22.719 11.276 5.01
    endloop
  endfacet
  facet normal 0.5643 -0.82557 0
    outer loop
      vertex -22.6419 11.3287 5.01
      vertex -22.719 11.276 3.5
      vertex -22.6419 11.3287 3.5
    endloop
  endfacet
  facet normal 0.434453 -0.900695 0
    outer loop
      vertex -22.804 11.235 3.5
      vertex -22.719 11.276 5.01
      vertex -22.804 11.235 5.01
    endloop
  endfacet
  facet normal 0.434453 -0.900695 0
    outer loop
      vertex -22.719 11.276 5.01
      vertex -22.804 11.235 3.5
      vertex -22.719 11.276 3.5
    endloop
  endfacet
  facet normal 0.301082 -0.953598 0
    outer loop
      vertex -22.8968 11.2057 3.5
      vertex -22.804 11.235 5.01
      vertex -22.8968 11.2057 5.01
    endloop
  endfacet
  facet normal 0.301082 -0.953598 0
    outer loop
      vertex -22.804 11.235 5.01
      vertex -22.8968 11.2057 3.5
      vertex -22.804 11.235 3.5
    endloop
  endfacet
  facet normal 0.172499 -0.98501 0
    outer loop
      vertex -22.9973 11.1881 3.5
      vertex -22.8968 11.2057 5.01
      vertex -22.9973 11.1881 5.01
    endloop
  endfacet
  facet normal 0.172499 -0.98501 0
    outer loop
      vertex -22.8968 11.2057 5.01
      vertex -22.9973 11.1881 3.5
      vertex -22.8968 11.2057 3.5
    endloop
  endfacet
  facet normal 0.0543476 -0.998522 0
    outer loop
      vertex -23.1057 11.1822 3.5
      vertex -22.9973 11.1881 5.01
      vertex -23.1057 11.1822 5.01
    endloop
  endfacet
  facet normal 0.0543476 -0.998522 0
    outer loop
      vertex -22.9973 11.1881 5.01
      vertex -23.1057 11.1822 3.5
      vertex -22.9973 11.1881 3.5
    endloop
  endfacet
  facet normal -0.0814318 -0.996679 0
    outer loop
      vertex -23.2795 11.1964 3.5
      vertex -23.1057 11.1822 5.01
      vertex -23.2795 11.1964 5.01
    endloop
  endfacet
  facet normal -0.0814318 -0.996679 -0
    outer loop
      vertex -23.1057 11.1822 5.01
      vertex -23.2795 11.1964 3.5
      vertex -23.1057 11.1822 3.5
    endloop
  endfacet
  facet normal -0.263958 -0.964534 0
    outer loop
      vertex -23.4348 11.2389 3.5
      vertex -23.2795 11.1964 5.01
      vertex -23.4348 11.2389 5.01
    endloop
  endfacet
  facet normal -0.263958 -0.964534 -0
    outer loop
      vertex -23.2795 11.1964 5.01
      vertex -23.4348 11.2389 3.5
      vertex -23.2795 11.1964 3.5
    endloop
  endfacet
  facet normal -0.4599 -0.887971 0
    outer loop
      vertex -23.5715 11.3097 3.5
      vertex -23.4348 11.2389 5.01
      vertex -23.5715 11.3097 5.01
    endloop
  endfacet
  facet normal -0.4599 -0.887971 -0
    outer loop
      vertex -23.4348 11.2389 5.01
      vertex -23.5715 11.3097 3.5
      vertex -23.4348 11.2389 3.5
    endloop
  endfacet
  facet normal -0.642477 -0.766305 0
    outer loop
      vertex -23.6897 11.4088 3.5
      vertex -23.5715 11.3097 5.01
      vertex -23.6897 11.4088 5.01
    endloop
  endfacet
  facet normal -0.642477 -0.766305 -0
    outer loop
      vertex -23.5715 11.3097 5.01
      vertex -23.6897 11.4088 3.5
      vertex -23.5715 11.3097 3.5
    endloop
  endfacet
  facet normal -0.787818 -0.615908 0
    outer loop
      vertex -23.6897 11.4088 3.5
      vertex -23.7893 11.5362 5.01
      vertex -23.7893 11.5362 3.5
    endloop
  endfacet
  facet normal -0.787818 -0.615908 0
    outer loop
      vertex -23.7893 11.5362 5.01
      vertex -23.6897 11.4088 3.5
      vertex -23.6897 11.4088 5.01
    endloop
  endfacet
  facet normal -0.888361 -0.459146 0
    outer loop
      vertex -23.7893 11.5362 3.5
      vertex -23.8706 11.6935 5.01
      vertex -23.8706 11.6935 3.5
    endloop
  endfacet
  facet normal -0.888361 -0.459146 0
    outer loop
      vertex -23.8706 11.6935 5.01
      vertex -23.7893 11.5362 3.5
      vertex -23.7893 11.5362 5.01
    endloop
  endfacet
  facet normal -0.948078 -0.318039 0
    outer loop
      vertex -23.8706 11.6935 3.5
      vertex -23.9338 11.8819 5.01
      vertex -23.9338 11.8819 3.5
    endloop
  endfacet
  facet normal -0.948078 -0.318039 0
    outer loop
      vertex -23.9338 11.8819 5.01
      vertex -23.8706 11.6935 3.5
      vertex -23.8706 11.6935 5.01
    endloop
  endfacet
  facet normal -0.979591 -0.200999 0
    outer loop
      vertex -23.9338 11.8819 3.5
      vertex -23.9789 12.1017 5.01
      vertex -23.9789 12.1017 3.5
    endloop
  endfacet
  facet normal -0.979591 -0.200999 0
    outer loop
      vertex -23.9789 12.1017 5.01
      vertex -23.9338 11.8819 3.5
      vertex -23.9338 11.8819 5.01
    endloop
  endfacet
  facet normal -0.994217 -0.107387 0
    outer loop
      vertex -23.9789 12.1017 3.5
      vertex -24.006 12.3526 5.01
      vertex -24.006 12.3526 3.5
    endloop
  endfacet
  facet normal -0.994217 -0.107387 0
    outer loop
      vertex -24.006 12.3526 5.01
      vertex -23.9789 12.1017 3.5
      vertex -23.9789 12.1017 5.01
    endloop
  endfacet
  facet normal -0.99948 -0.0322299 0
    outer loop
      vertex -24.006 12.3526 3.5
      vertex -24.0151 12.6348 5.01
      vertex -24.0151 12.6348 3.5
    endloop
  endfacet
  facet normal -0.99948 -0.0322299 0
    outer loop
      vertex -24.0151 12.6348 5.01
      vertex -24.006 12.3526 3.5
      vertex -24.006 12.3526 5.01
    endloop
  endfacet
  facet normal -0.999335 0.0364523 0
    outer loop
      vertex -24.0151 12.6348 3.5
      vertex -24.0057 12.8925 5.01
      vertex -24.0057 12.8925 3.5
    endloop
  endfacet
  facet normal -0.999335 0.0364523 0
    outer loop
      vertex -24.0057 12.8925 5.01
      vertex -24.0151 12.6348 3.5
      vertex -24.0151 12.6348 5.01
    endloop
  endfacet
  facet normal -0.992931 0.118697 0
    outer loop
      vertex -24.0057 12.8925 3.5
      vertex -23.9775 13.1284 5.01
      vertex -23.9775 13.1284 3.5
    endloop
  endfacet
  facet normal -0.992931 0.118697 0
    outer loop
      vertex -23.9775 13.1284 5.01
      vertex -24.0057 12.8925 3.5
      vertex -24.0057 12.8925 5.01
    endloop
  endfacet
  facet normal -0.976784 0.214227 0
    outer loop
      vertex -23.9775 13.1284 3.5
      vertex -23.9305 13.3427 5.01
      vertex -23.9305 13.3427 3.5
    endloop
  endfacet
  facet normal -0.976784 0.214227 0
    outer loop
      vertex -23.9305 13.3427 5.01
      vertex -23.9775 13.1284 3.5
      vertex -23.9775 13.1284 5.01
    endloop
  endfacet
  facet normal -0.946247 0.323444 0
    outer loop
      vertex -23.9305 13.3427 3.5
      vertex -23.8647 13.5352 5.01
      vertex -23.8647 13.5352 3.5
    endloop
  endfacet
  facet normal -0.946247 0.323444 0
    outer loop
      vertex -23.8647 13.5352 5.01
      vertex -23.9305 13.3427 3.5
      vertex -23.9305 13.3427 5.01
    endloop
  endfacet
  facet normal -0.895996 0.444061 0
    outer loop
      vertex -23.8647 13.5352 3.5
      vertex -23.7801 13.7059 5.01
      vertex -23.7801 13.7059 3.5
    endloop
  endfacet
  facet normal -0.895996 0.444061 0
    outer loop
      vertex -23.7801 13.7059 5.01
      vertex -23.8647 13.5352 3.5
      vertex -23.8647 13.5352 5.01
    endloop
  endfacet
  facet normal -0.822152 0.569268 0
    outer loop
      vertex -23.7801 13.7059 3.5
      vertex -23.6779 13.8535 5.01
      vertex -23.6779 13.8535 3.5
    endloop
  endfacet
  facet normal -0.822152 0.569268 0
    outer loop
      vertex -23.6779 13.8535 5.01
      vertex -23.7801 13.7059 3.5
      vertex -23.7801 13.7059 5.01
    endloop
  endfacet
  facet normal -0.719876 0.694103 0
    outer loop
      vertex -23.6779 13.8535 3.5
      vertex -23.5594 13.9764 5.01
      vertex -23.5594 13.9764 3.5
    endloop
  endfacet
  facet normal -0.719876 0.694103 0
    outer loop
      vertex -23.5594 13.9764 5.01
      vertex -23.6779 13.8535 3.5
      vertex -23.6779 13.8535 5.01
    endloop
  endfacet
  facet normal -0.589205 0.807984 0
    outer loop
      vertex -23.4246 14.0747 3.5
      vertex -23.5594 13.9764 5.01
      vertex -23.4246 14.0747 5.01
    endloop
  endfacet
  facet normal -0.589205 0.807984 0
    outer loop
      vertex -23.5594 13.9764 5.01
      vertex -23.4246 14.0747 3.5
      vertex -23.5594 13.9764 3.5
    endloop
  endfacet
  facet normal -0.43744 0.899248 0
    outer loop
      vertex -23.2733 14.1483 3.5
      vertex -23.4246 14.0747 5.01
      vertex -23.2733 14.1483 5.01
    endloop
  endfacet
  facet normal -0.43744 0.899248 0
    outer loop
      vertex -23.4246 14.0747 5.01
      vertex -23.2733 14.1483 3.5
      vertex -23.4246 14.0747 3.5
    endloop
  endfacet
  facet normal -0.280088 0.959974 0
    outer loop
      vertex -23.1057 14.1972 3.5
      vertex -23.2733 14.1483 5.01
      vertex -23.1057 14.1972 5.01
    endloop
  endfacet
  facet normal -0.280088 0.959974 0
    outer loop
      vertex -23.2733 14.1483 5.01
      vertex -23.1057 14.1972 3.5
      vertex -23.2733 14.1483 3.5
    endloop
  endfacet
  facet normal -0.992461 -0.122564 0
    outer loop
      vertex -23.1057 14.1972 3.5
      vertex -23.2278 15.1859 5.01
      vertex -23.2278 15.1859 3.5
    endloop
  endfacet
  facet normal -0.992461 -0.122564 0
    outer loop
      vertex -23.2278 15.1859 5.01
      vertex -23.1057 14.1972 3.5
      vertex -23.1057 14.1972 5.01
    endloop
  endfacet
  facet normal 0.262583 -0.964909 0
    outer loop
      vertex -23.5486 15.0986 3.5
      vertex -23.2278 15.1859 5.01
      vertex -23.5486 15.0986 5.01
    endloop
  endfacet
  facet normal 0.262583 -0.964909 0
    outer loop
      vertex -23.2278 15.1859 5.01
      vertex -23.5486 15.0986 3.5
      vertex -23.2278 15.1859 3.5
    endloop
  endfacet
  facet normal 0.403473 -0.914991 0
    outer loop
      vertex -23.8323 14.9735 3.5
      vertex -23.5486 15.0986 5.01
      vertex -23.8323 14.9735 5.01
    endloop
  endfacet
  facet normal 0.403473 -0.914991 0
    outer loop
      vertex -23.5486 15.0986 5.01
      vertex -23.8323 14.9735 3.5
      vertex -23.5486 15.0986 3.5
    endloop
  endfacet
  facet normal 0.551182 -0.834385 0
    outer loop
      vertex -24.0789 14.8106 3.5
      vertex -23.8323 14.9735 5.01
      vertex -24.0789 14.8106 5.01
    endloop
  endfacet
  facet normal 0.551182 -0.834385 0
    outer loop
      vertex -23.8323 14.9735 5.01
      vertex -24.0789 14.8106 3.5
      vertex -23.8323 14.9735 3.5
    endloop
  endfacet
  facet normal 0.69213 -0.721773 0
    outer loop
      vertex -24.2883 14.6098 3.5
      vertex -24.0789 14.8106 5.01
      vertex -24.2883 14.6098 5.01
    endloop
  endfacet
  facet normal 0.69213 -0.721773 0
    outer loop
      vertex -24.0789 14.8106 5.01
      vertex -24.2883 14.6098 3.5
      vertex -24.0789 14.8106 3.5
    endloop
  endfacet
  facet normal 0.81067 -0.585503 0
    outer loop
      vertex -24.4607 14.3711 5.01
      vertex -24.2883 14.6098 3.5
      vertex -24.2883 14.6098 5.01
    endloop
  endfacet
  facet normal 0.81067 -0.585503 0
    outer loop
      vertex -24.2883 14.6098 3.5
      vertex -24.4607 14.3711 5.01
      vertex -24.4607 14.3711 3.5
    endloop
  endfacet
  facet normal 0.893582 -0.448899 0
    outer loop
      vertex -24.5991 14.0956 5.01
      vertex -24.4607 14.3711 3.5
      vertex -24.4607 14.3711 5.01
    endloop
  endfacet
  facet normal 0.893582 -0.448899 0
    outer loop
      vertex -24.4607 14.3711 3.5
      vertex -24.5991 14.0956 5.01
      vertex -24.5991 14.0956 3.5
    endloop
  endfacet
  facet normal 0.945134 -0.326683 0
    outer loop
      vertex -24.7067 13.7843 5.01
      vertex -24.5991 14.0956 3.5
      vertex -24.5991 14.0956 5.01
    endloop
  endfacet
  facet normal 0.945134 -0.326683 0
    outer loop
      vertex -24.5991 14.0956 3.5
      vertex -24.7067 13.7843 5.01
      vertex -24.7067 13.7843 3.5
    endloop
  endfacet
  facet normal 0.976352 -0.216186 0
    outer loop
      vertex -24.7836 13.437 5.01
      vertex -24.7067 13.7843 3.5
      vertex -24.7067 13.7843 5.01
    endloop
  endfacet
  facet normal 0.976352 -0.216186 0
    outer loop
      vertex -24.7067 13.7843 3.5
      vertex -24.7836 13.437 5.01
      vertex -24.7836 13.437 3.5
    endloop
  endfacet
  facet normal 0.992807 -0.119728 0
    outer loop
      vertex -24.8298 13.0539 5.01
      vertex -24.7836 13.437 3.5
      vertex -24.7836 13.437 5.01
    endloop
  endfacet
  facet normal 0.992807 -0.119728 0
    outer loop
      vertex -24.7836 13.437 3.5
      vertex -24.8298 13.0539 5.01
      vertex -24.8298 13.0539 3.5
    endloop
  endfacet
  facet normal 0.999334 -0.0364825 0
    outer loop
      vertex -24.8451 12.6348 5.01
      vertex -24.8298 13.0539 3.5
      vertex -24.8298 13.0539 5.01
    endloop
  endfacet
  facet normal 0.999334 -0.0364825 0
    outer loop
      vertex -24.8298 13.0539 3.5
      vertex -24.8451 12.6348 5.01
      vertex -24.8451 12.6348 3.5
    endloop
  endfacet
  facet normal 0.999191 0.040223 0
    outer loop
      vertex -24.8262 12.1653 5.01
      vertex -24.8451 12.6348 3.5
      vertex -24.8451 12.6348 5.01
    endloop
  endfacet
  facet normal 0.999191 0.040223 0
    outer loop
      vertex -24.8451 12.6348 3.5
      vertex -24.8262 12.1653 5.01
      vertex -24.8262 12.1653 3.5
    endloop
  endfacet
  facet normal 0.991115 0.133009 0
    outer loop
      vertex -24.7695 11.7428 5.01
      vertex -24.8262 12.1653 3.5
      vertex -24.8262 12.1653 5.01
    endloop
  endfacet
  facet normal 0.991115 0.133009 0
    outer loop
      vertex -24.8262 12.1653 3.5
      vertex -24.7695 11.7428 5.01
      vertex -24.7695 11.7428 3.5
    endloop
  endfacet
  facet normal 0.969685 0.244359 0
    outer loop
      vertex -24.6749 11.3674 5.01
      vertex -24.7695 11.7428 3.5
      vertex -24.7695 11.7428 5.01
    endloop
  endfacet
  facet normal 0.969685 0.244359 0
    outer loop
      vertex -24.7695 11.7428 3.5
      vertex -24.6749 11.3674 5.01
      vertex -24.6749 11.3674 3.5
    endloop
  endfacet
  facet normal 0.927283 0.37436 0
    outer loop
      vertex -24.5424 11.0392 5.01
      vertex -24.6749 11.3674 3.5
      vertex -24.6749 11.3674 5.01
    endloop
  endfacet
  facet normal 0.927283 0.37436 0
    outer loop
      vertex -24.6749 11.3674 3.5
      vertex -24.5424 11.0392 5.01
      vertex -24.5424 11.0392 3.5
    endloop
  endfacet
  facet normal 0.855284 0.51816 0
    outer loop
      vertex -24.3721 10.7581 5.01
      vertex -24.5424 11.0392 3.5
      vertex -24.5424 11.0392 5.01
    endloop
  endfacet
  facet normal 0.855284 0.51816 0
    outer loop
      vertex -24.5424 11.0392 3.5
      vertex -24.3721 10.7581 5.01
      vertex -24.3721 10.7581 3.5
    endloop
  endfacet
  facet normal 0.74684 0.665004 0
    outer loop
      vertex -24.1657 10.5263 5.01
      vertex -24.3721 10.7581 3.5
      vertex -24.3721 10.7581 5.01
    endloop
  endfacet
  facet normal 0.74684 0.665004 0
    outer loop
      vertex -24.3721 10.7581 3.5
      vertex -24.1657 10.5263 5.01
      vertex -24.1657 10.5263 3.5
    endloop
  endfacet
  facet normal 0.599362 0.800478 -0
    outer loop
      vertex -23.9249 10.346 3.5
      vertex -24.1657 10.5263 5.01
      vertex -23.9249 10.346 5.01
    endloop
  endfacet
  facet normal 0.599362 0.800478 0
    outer loop
      vertex -24.1657 10.5263 5.01
      vertex -23.9249 10.346 3.5
      vertex -24.1657 10.5263 3.5
    endloop
  endfacet
  facet normal 0.423894 0.905712 -0
    outer loop
      vertex -23.6497 10.2172 3.5
      vertex -23.9249 10.346 5.01
      vertex -23.6497 10.2172 5.01
    endloop
  endfacet
  facet normal 0.423894 0.905712 0
    outer loop
      vertex -23.9249 10.346 5.01
      vertex -23.6497 10.2172 3.5
      vertex -23.9249 10.346 3.5
    endloop
  endfacet
  facet normal 0.241872 0.970308 -0
    outer loop
      vertex -23.34 10.14 3.5
      vertex -23.6497 10.2172 5.01
      vertex -23.34 10.14 5.01
    endloop
  endfacet
  facet normal 0.241872 0.970308 0
    outer loop
      vertex -23.6497 10.2172 5.01
      vertex -23.34 10.14 3.5
      vertex -23.6497 10.2172 3.5
    endloop
  endfacet
  facet normal 0.0747683 0.997201 -0
    outer loop
      vertex -22.9959 10.1142 3.5
      vertex -23.34 10.14 5.01
      vertex -22.9959 10.1142 5.01
    endloop
  endfacet
  facet normal 0.0747683 0.997201 0
    outer loop
      vertex -23.34 10.14 5.01
      vertex -22.9959 10.1142 3.5
      vertex -23.34 10.14 3.5
    endloop
  endfacet
  facet normal -0.047515 0.998871 0
    outer loop
      vertex -22.8067 10.1232 3.5
      vertex -22.9959 10.1142 5.01
      vertex -22.8067 10.1232 5.01
    endloop
  endfacet
  facet normal -0.047515 0.998871 0
    outer loop
      vertex -22.9959 10.1142 5.01
      vertex -22.8067 10.1232 3.5
      vertex -22.9959 10.1142 3.5
    endloop
  endfacet
  facet normal -0.151344 0.988481 0
    outer loop
      vertex -22.6297 10.1503 3.5
      vertex -22.8067 10.1232 5.01
      vertex -22.6297 10.1503 5.01
    endloop
  endfacet
  facet normal -0.151344 0.988481 0
    outer loop
      vertex -22.8067 10.1232 5.01
      vertex -22.6297 10.1503 3.5
      vertex -22.8067 10.1232 3.5
    endloop
  endfacet
  facet normal -0.264653 0.964344 0
    outer loop
      vertex -22.465 10.1955 3.5
      vertex -22.6297 10.1503 5.01
      vertex -22.465 10.1955 5.01
    endloop
  endfacet
  facet normal -0.264653 0.964344 0
    outer loop
      vertex -22.6297 10.1503 5.01
      vertex -22.465 10.1955 3.5
      vertex -22.6297 10.1503 3.5
    endloop
  endfacet
  facet normal -0.382637 0.923899 0
    outer loop
      vertex -22.3124 10.2587 3.5
      vertex -22.465 10.1955 5.01
      vertex -22.3124 10.2587 5.01
    endloop
  endfacet
  facet normal -0.382637 0.923899 0
    outer loop
      vertex -22.465 10.1955 5.01
      vertex -22.3124 10.2587 3.5
      vertex -22.465 10.1955 3.5
    endloop
  endfacet
  facet normal -0.501109 0.865384 0
    outer loop
      vertex -22.172 10.34 3.5
      vertex -22.3124 10.2587 5.01
      vertex -22.172 10.34 5.01
    endloop
  endfacet
  facet normal -0.501109 0.865384 0
    outer loop
      vertex -22.3124 10.2587 5.01
      vertex -22.172 10.34 3.5
      vertex -22.3124 10.2587 3.5
    endloop
  endfacet
  facet normal -0.598326 0.801253 0
    outer loop
      vertex -22.0417 10.4373 3.5
      vertex -22.172 10.34 5.01
      vertex -22.0417 10.4373 5.01
    endloop
  endfacet
  facet normal -0.598326 0.801253 0
    outer loop
      vertex -22.172 10.34 5.01
      vertex -22.0417 10.4373 3.5
      vertex -22.172 10.34 3.5
    endloop
  endfacet
  facet normal -0.673034 0.739611 0
    outer loop
      vertex -21.9195 10.5485 3.5
      vertex -22.0417 10.4373 5.01
      vertex -21.9195 10.5485 5.01
    endloop
  endfacet
  facet normal -0.673034 0.739611 0
    outer loop
      vertex -22.0417 10.4373 5.01
      vertex -21.9195 10.5485 3.5
      vertex -22.0417 10.4373 3.5
    endloop
  endfacet
  facet normal -0.738843 0.673877 0
    outer loop
      vertex -21.9195 10.5485 3.5
      vertex -21.8054 10.6736 5.01
      vertex -21.8054 10.6736 3.5
    endloop
  endfacet
  facet normal -0.738843 0.673877 0
    outer loop
      vertex -21.8054 10.6736 5.01
      vertex -21.9195 10.5485 3.5
      vertex -21.9195 10.5485 5.01
    endloop
  endfacet
  facet normal -0.795104 0.606474 0
    outer loop
      vertex -21.8054 10.6736 3.5
      vertex -21.6993 10.8127 5.01
      vertex -21.6993 10.8127 3.5
    endloop
  endfacet
  facet normal -0.795104 0.606474 0
    outer loop
      vertex -21.6993 10.8127 5.01
      vertex -21.8054 10.6736 3.5
      vertex -21.8054 10.6736 5.01
    endloop
  endfacet
  facet normal -0.841911 0.539616 0
    outer loop
      vertex -21.6993 10.8127 3.5
      vertex -21.6013 10.9656 5.01
      vertex -21.6013 10.9656 3.5
    endloop
  endfacet
  facet normal -0.841911 0.539616 0
    outer loop
      vertex -21.6013 10.9656 5.01
      vertex -21.6993 10.8127 3.5
      vertex -21.6993 10.8127 5.01
    endloop
  endfacet
  facet normal -0.887688 0.460445 0
    outer loop
      vertex -21.6013 10.9656 3.5
      vertex -21.507 11.1474 5.01
      vertex -21.507 11.1474 3.5
    endloop
  endfacet
  facet normal -0.887688 0.460445 0
    outer loop
      vertex -21.507 11.1474 5.01
      vertex -21.6013 10.9656 3.5
      vertex -21.6013 10.9656 5.01
    endloop
  endfacet
  facet normal -0.92135 0.388733 0
    outer loop
      vertex -21.507 11.1474 3.5
      vertex -21.4119 11.3728 5.01
      vertex -21.4119 11.3728 3.5
    endloop
  endfacet
  facet normal -0.92135 0.388733 0
    outer loop
      vertex -21.4119 11.3728 5.01
      vertex -21.507 11.1474 3.5
      vertex -21.507 11.1474 5.01
    endloop
  endfacet
  facet normal -0.942121 0.335272 0
    outer loop
      vertex -21.4119 11.3728 3.5
      vertex -21.3161 11.642 5.01
      vertex -21.3161 11.642 3.5
    endloop
  endfacet
  facet normal -0.942121 0.335272 0
    outer loop
      vertex -21.3161 11.642 5.01
      vertex -21.4119 11.3728 3.5
      vertex -21.4119 11.3728 5.01
    endloop
  endfacet
  facet normal -0.955475 0.295073 0
    outer loop
      vertex -21.3161 11.642 3.5
      vertex -21.2195 11.9548 5.01
      vertex -21.2195 11.9548 3.5
    endloop
  endfacet
  facet normal -0.955475 0.295073 0
    outer loop
      vertex -21.2195 11.9548 5.01
      vertex -21.3161 11.642 3.5
      vertex -21.3161 11.642 5.01
    endloop
  endfacet
  facet normal -0.964733 0.263232 0
    outer loop
      vertex -21.2195 11.9548 3.5
      vertex -21.1222 12.3114 5.01
      vertex -21.1222 12.3114 3.5
    endloop
  endfacet
  facet normal -0.964733 0.263232 0
    outer loop
      vertex -21.1222 12.3114 5.01
      vertex -21.2195 11.9548 3.5
      vertex -21.2195 11.9548 5.01
    endloop
  endfacet
  facet normal -0.967009 0.254741 0
    outer loop
      vertex -21.1222 12.3114 3.5
      vertex -20.9148 13.0987 5.01
      vertex -20.9148 13.0987 3.5
    endloop
  endfacet
  facet normal -0.967009 0.254741 0
    outer loop
      vertex -20.9148 13.0987 5.01
      vertex -21.1222 12.3114 3.5
      vertex -21.1222 12.3114 5.01
    endloop
  endfacet
  facet normal -0.958871 0.283843 0
    outer loop
      vertex -20.9148 13.0987 3.5
      vertex -20.8479 13.3247 5.01
      vertex -20.8479 13.3247 3.5
    endloop
  endfacet
  facet normal -0.958871 0.283843 0
    outer loop
      vertex -20.8479 13.3247 5.01
      vertex -20.9148 13.0987 3.5
      vertex -20.9148 13.0987 5.01
    endloop
  endfacet
  facet normal -0.93815 0.346228 0
    outer loop
      vertex -20.8479 13.3247 3.5
      vertex -20.7742 13.5244 5.01
      vertex -20.7742 13.5244 3.5
    endloop
  endfacet
  facet normal -0.93815 0.346228 0
    outer loop
      vertex -20.7742 13.5244 5.01
      vertex -20.8479 13.3247 3.5
      vertex -20.8479 13.3247 5.01
    endloop
  endfacet
  facet normal -0.90673 0.421711 0
    outer loop
      vertex -20.7742 13.5244 3.5
      vertex -20.6936 13.6977 5.01
      vertex -20.6936 13.6977 3.5
    endloop
  endfacet
  facet normal -0.90673 0.421711 0
    outer loop
      vertex -20.6936 13.6977 5.01
      vertex -20.7742 13.5244 3.5
      vertex -20.7742 13.5244 5.01
    endloop
  endfacet
  facet normal -0.85955 0.511052 0
    outer loop
      vertex -20.6936 13.6977 3.5
      vertex -20.6062 13.8447 5.01
      vertex -20.6062 13.8447 3.5
    endloop
  endfacet
  facet normal -0.85955 0.511052 0
    outer loop
      vertex -20.6062 13.8447 5.01
      vertex -20.6936 13.6977 3.5
      vertex -20.6936 13.6977 5.01
    endloop
  endfacet
  facet normal -0.787767 0.615974 0
    outer loop
      vertex -20.6062 13.8447 3.5
      vertex -20.5119 13.9653 5.01
      vertex -20.5119 13.9653 3.5
    endloop
  endfacet
  facet normal -0.787767 0.615974 0
    outer loop
      vertex -20.5119 13.9653 5.01
      vertex -20.6062 13.8447 3.5
      vertex -20.6062 13.8447 5.01
    endloop
  endfacet
  facet normal -0.682695 0.730703 0
    outer loop
      vertex -20.4084 14.062 3.5
      vertex -20.5119 13.9653 5.01
      vertex -20.4084 14.062 5.01
    endloop
  endfacet
  facet normal -0.682695 0.730703 0
    outer loop
      vertex -20.5119 13.9653 5.01
      vertex -20.4084 14.062 3.5
      vertex -20.5119 13.9653 3.5
    endloop
  endfacet
  facet normal -0.546623 0.837379 0
    outer loop
      vertex -20.2932 14.1372 3.5
      vertex -20.4084 14.062 5.01
      vertex -20.2932 14.1372 5.01
    endloop
  endfacet
  facet normal -0.546623 0.837379 0
    outer loop
      vertex -20.4084 14.062 5.01
      vertex -20.2932 14.1372 3.5
      vertex -20.4084 14.062 3.5
    endloop
  endfacet
  facet normal -0.389711 0.920937 0
    outer loop
      vertex -20.1663 14.1909 3.5
      vertex -20.2932 14.1372 5.01
      vertex -20.1663 14.1909 5.01
    endloop
  endfacet
  facet normal -0.389711 0.920937 0
    outer loop
      vertex -20.2932 14.1372 5.01
      vertex -20.1663 14.1909 3.5
      vertex -20.2932 14.1372 3.5
    endloop
  endfacet
  facet normal -0.226142 0.974094 0
    outer loop
      vertex -20.0276 14.2231 3.5
      vertex -20.1663 14.1909 5.01
      vertex -20.0276 14.2231 5.01
    endloop
  endfacet
  facet normal -0.226142 0.974094 0
    outer loop
      vertex -20.1663 14.1909 5.01
      vertex -20.0276 14.2231 3.5
      vertex -20.1663 14.1909 3.5
    endloop
  endfacet
  facet normal -0.0716241 0.997432 0
    outer loop
      vertex -19.8772 14.2339 3.5
      vertex -20.0276 14.2231 5.01
      vertex -19.8772 14.2339 5.01
    endloop
  endfacet
  facet normal -0.0716241 0.997432 0
    outer loop
      vertex -20.0276 14.2231 5.01
      vertex -19.8772 14.2339 3.5
      vertex -20.0276 14.2231 3.5
    endloop
  endfacet
  facet normal 0.0793181 0.996849 -0
    outer loop
      vertex -19.6824 14.2184 3.5
      vertex -19.8772 14.2339 5.01
      vertex -19.6824 14.2184 5.01
    endloop
  endfacet
  facet normal 0.0793181 0.996849 0
    outer loop
      vertex -19.8772 14.2339 5.01
      vertex -19.6824 14.2184 3.5
      vertex -19.8772 14.2339 3.5
    endloop
  endfacet
  facet normal 0.257766 0.966207 -0
    outer loop
      vertex -19.5081 14.1719 3.5
      vertex -19.6824 14.2184 5.01
      vertex -19.5081 14.1719 5.01
    endloop
  endfacet
  facet normal 0.257766 0.966207 0
    outer loop
      vertex -19.6824 14.2184 5.01
      vertex -19.5081 14.1719 3.5
      vertex -19.6824 14.2184 3.5
    endloop
  endfacet
  facet normal 0.450461 0.892796 -0
    outer loop
      vertex -19.3543 14.0943 3.5
      vertex -19.5081 14.1719 5.01
      vertex -19.3543 14.0943 5.01
    endloop
  endfacet
  facet normal 0.450461 0.892796 0
    outer loop
      vertex -19.5081 14.1719 5.01
      vertex -19.3543 14.0943 3.5
      vertex -19.5081 14.1719 3.5
    endloop
  endfacet
  facet normal 0.631271 0.775562 -0
    outer loop
      vertex -19.221 13.9858 3.5
      vertex -19.3543 14.0943 5.01
      vertex -19.221 13.9858 5.01
    endloop
  endfacet
  facet normal 0.631271 0.775562 0
    outer loop
      vertex -19.3543 14.0943 5.01
      vertex -19.221 13.9858 3.5
      vertex -19.3543 14.0943 3.5
    endloop
  endfacet
  facet normal 0.777595 0.628765 0
    outer loop
      vertex -19.1082 13.8463 5.01
      vertex -19.221 13.9858 3.5
      vertex -19.221 13.9858 5.01
    endloop
  endfacet
  facet normal 0.777595 0.628765 0
    outer loop
      vertex -19.221 13.9858 3.5
      vertex -19.1082 13.8463 5.01
      vertex -19.1082 13.8463 3.5
    endloop
  endfacet
  facet normal 0.882169 0.470932 0
    outer loop
      vertex -19.0159 13.6734 5.01
      vertex -19.1082 13.8463 3.5
      vertex -19.1082 13.8463 5.01
    endloop
  endfacet
  facet normal 0.882169 0.470932 0
    outer loop
      vertex -19.1082 13.8463 3.5
      vertex -19.0159 13.6734 5.01
      vertex -19.0159 13.6734 3.5
    endloop
  endfacet
  facet normal 0.945839 0.324637 0
    outer loop
      vertex -18.9442 13.4645 5.01
      vertex -19.0159 13.6734 3.5
      vertex -19.0159 13.6734 5.01
    endloop
  endfacet
  facet normal 0.945839 0.324637 0
    outer loop
      vertex -19.0159 13.6734 3.5
      vertex -18.9442 13.4645 5.01
      vertex -18.9442 13.4645 3.5
    endloop
  endfacet
  facet normal 0.978723 0.205184 0
    outer loop
      vertex -18.8929 13.2198 5.01
      vertex -18.9442 13.4645 3.5
      vertex -18.9442 13.4645 5.01
    endloop
  endfacet
  facet normal 0.978723 0.205184 0
    outer loop
      vertex -18.9442 13.4645 3.5
      vertex -18.8929 13.2198 5.01
      vertex -18.8929 13.2198 3.5
    endloop
  endfacet
  facet normal 0.994034 0.109071 0
    outer loop
      vertex -18.8621 12.9391 5.01
      vertex -18.8929 13.2198 3.5
      vertex -18.8929 13.2198 5.01
    endloop
  endfacet
  facet normal 0.994034 0.109071 0
    outer loop
      vertex -18.8929 13.2198 3.5
      vertex -18.8621 12.9391 5.01
      vertex -18.8621 12.9391 3.5
    endloop
  endfacet
  facet normal 0.999481 0.0322108 0
    outer loop
      vertex -18.8519 12.6226 5.01
      vertex -18.8621 12.9391 3.5
      vertex -18.8621 12.9391 5.01
    endloop
  endfacet
  facet normal 0.999481 0.0322108 0
    outer loop
      vertex -18.8621 12.9391 3.5
      vertex -18.8519 12.6226 5.01
      vertex -18.8519 12.6226 3.5
    endloop
  endfacet
  facet normal 0.999452 -0.0331144 0
    outer loop
      vertex -18.8618 12.3238 5.01
      vertex -18.8519 12.6226 3.5
      vertex -18.8519 12.6226 5.01
    endloop
  endfacet
  facet normal 0.999452 -0.0331144 0
    outer loop
      vertex -18.8519 12.6226 3.5
      vertex -18.8618 12.3238 5.01
      vertex -18.8618 12.3238 3.5
    endloop
  endfacet
  facet normal 0.994109 -0.108382 0
    outer loop
      vertex -18.8914 12.0523 5.01
      vertex -18.8618 12.3238 3.5
      vertex -18.8618 12.3238 5.01
    endloop
  endfacet
  facet normal 0.994109 -0.108382 0
    outer loop
      vertex -18.8618 12.3238 3.5
      vertex -18.8914 12.0523 5.01
      vertex -18.8914 12.0523 3.5
    endloop
  endfacet
  facet normal 0.980052 -0.198741 0
    outer loop
      vertex -18.9409 11.8082 5.01
      vertex -18.8914 12.0523 3.5
      vertex -18.8914 12.0523 5.01
    endloop
  endfacet
  facet normal 0.980052 -0.198741 0
    outer loop
      vertex -18.8914 12.0523 3.5
      vertex -18.9409 11.8082 5.01
      vertex -18.9409 11.8082 3.5
    endloop
  endfacet
  facet normal 0.952648 -0.304074 0
    outer loop
      vertex -19.0101 11.5914 5.01
      vertex -18.9409 11.8082 3.5
      vertex -18.9409 11.8082 5.01
    endloop
  endfacet
  facet normal 0.952648 -0.304074 0
    outer loop
      vertex -18.9409 11.8082 3.5
      vertex -19.0101 11.5914 5.01
      vertex -19.0101 11.5914 3.5
    endloop
  endfacet
  facet normal 0.905327 -0.424715 0
    outer loop
      vertex -19.099 11.4019 5.01
      vertex -19.0101 11.5914 3.5
      vertex -19.0101 11.5914 5.01
    endloop
  endfacet
  facet normal 0.905327 -0.424715 0
    outer loop
      vertex -19.0101 11.5914 3.5
      vertex -19.099 11.4019 5.01
      vertex -19.099 11.4019 3.5
    endloop
  endfacet
  facet normal 0.82947 -0.558551 0
    outer loop
      vertex -19.2093 11.2381 5.01
      vertex -19.099 11.4019 3.5
      vertex -19.099 11.4019 5.01
    endloop
  endfacet
  facet normal 0.82947 -0.558551 0
    outer loop
      vertex -19.099 11.4019 3.5
      vertex -19.2093 11.2381 5.01
      vertex -19.2093 11.2381 3.5
    endloop
  endfacet
  facet normal 0.724766 -0.688995 0
    outer loop
      vertex -19.3422 11.0983 5.01
      vertex -19.2093 11.2381 3.5
      vertex -19.2093 11.2381 5.01
    endloop
  endfacet
  facet normal 0.724766 -0.688995 0
    outer loop
      vertex -19.2093 11.2381 3.5
      vertex -19.3422 11.0983 5.01
      vertex -19.3422 11.0983 3.5
    endloop
  endfacet
  facet normal 0.597689 -0.801728 0
    outer loop
      vertex -19.4978 10.9823 3.5
      vertex -19.3422 11.0983 5.01
      vertex -19.4978 10.9823 5.01
    endloop
  endfacet
  facet normal 0.597689 -0.801728 0
    outer loop
      vertex -19.3422 11.0983 5.01
      vertex -19.4978 10.9823 3.5
      vertex -19.3422 11.0983 3.5
    endloop
  endfacet
  facet normal 0.458338 -0.888778 0
    outer loop
      vertex -19.6762 10.8903 3.5
      vertex -19.4978 10.9823 5.01
      vertex -19.6762 10.8903 5.01
    endloop
  endfacet
  facet normal 0.458338 -0.888778 0
    outer loop
      vertex -19.4978 10.9823 5.01
      vertex -19.6762 10.8903 3.5
      vertex -19.4978 10.9823 3.5
    endloop
  endfacet
  facet normal 0.320889 -0.947117 0
    outer loop
      vertex -19.8772 10.8222 3.5
      vertex -19.6762 10.8903 5.01
      vertex -19.8772 10.8222 5.01
    endloop
  endfacet
  facet normal 0.320889 -0.947117 0
    outer loop
      vertex -19.6762 10.8903 5.01
      vertex -19.8772 10.8222 3.5
      vertex -19.6762 10.8903 3.5
    endloop
  endfacet
  facet normal 0.98152 0.19136 0
    outer loop
      vertex -19.688 9.85176 5.01
      vertex -19.8772 10.8222 3.5
      vertex -19.8772 10.8222 5.01
    endloop
  endfacet
  facet normal 0.98152 0.19136 0
    outer loop
      vertex -19.8772 10.8222 3.5
      vertex -19.688 9.85176 5.01
      vertex -19.688 9.85176 3.5
    endloop
  endfacet
  facet normal -0.291222 0.956655 0
    outer loop
      vertex -19.362 9.951 3.5
      vertex -19.688 9.85176 5.01
      vertex -19.362 9.951 5.01
    endloop
  endfacet
  facet normal -0.291222 0.956655 0
    outer loop
      vertex -19.688 9.85176 5.01
      vertex -19.362 9.951 3.5
      vertex -19.688 9.85176 3.5
    endloop
  endfacet
  facet normal -0.426489 0.904493 0
    outer loop
      vertex -19.0723 10.0876 3.5
      vertex -19.362 9.951 5.01
      vertex -19.0723 10.0876 5.01
    endloop
  endfacet
  facet normal -0.426489 0.904493 0
    outer loop
      vertex -19.362 9.951 5.01
      vertex -19.0723 10.0876 3.5
      vertex -19.362 9.951 3.5
    endloop
  endfacet
  facet normal -0.56599 0.824412 0
    outer loop
      vertex -18.819 10.2615 3.5
      vertex -19.0723 10.0876 5.01
      vertex -18.819 10.2615 5.01
    endloop
  endfacet
  facet normal -0.56599 0.824412 0
    outer loop
      vertex -19.0723 10.0876 5.01
      vertex -18.819 10.2615 3.5
      vertex -19.0723 10.0876 3.5
    endloop
  endfacet
  facet normal -0.6978 0.716293 0
    outer loop
      vertex -18.6021 10.4728 3.5
      vertex -18.819 10.2615 5.01
      vertex -18.6021 10.4728 5.01
    endloop
  endfacet
  facet normal -0.6978 0.716293 0
    outer loop
      vertex -18.819 10.2615 5.01
      vertex -18.6021 10.4728 3.5
      vertex -18.819 10.2615 3.5
    endloop
  endfacet
  facet normal -0.8092 0.587533 0
    outer loop
      vertex -18.6021 10.4728 3.5
      vertex -18.4216 10.7214 5.01
      vertex -18.4216 10.7214 3.5
    endloop
  endfacet
  facet normal -0.8092 0.587533 0
    outer loop
      vertex -18.4216 10.7214 5.01
      vertex -18.6021 10.4728 3.5
      vertex -18.6021 10.4728 5.01
    endloop
  endfacet
  facet normal -0.893068 0.449922 0
    outer loop
      vertex -18.4216 10.7214 3.5
      vertex -18.2755 11.0114 5.01
      vertex -18.2755 11.0114 3.5
    endloop
  endfacet
  facet normal -0.893068 0.449922 0
    outer loop
      vertex -18.2755 11.0114 5.01
      vertex -18.4216 10.7214 3.5
      vertex -18.4216 10.7214 5.01
    endloop
  endfacet
  facet normal -0.947031 0.321142 0
    outer loop
      vertex -18.2755 11.0114 3.5
      vertex -18.1619 11.3464 5.01
      vertex -18.1619 11.3464 3.5
    endloop
  endfacet
  facet normal -0.947031 0.321142 0
    outer loop
      vertex -18.1619 11.3464 5.01
      vertex -18.2755 11.0114 3.5
      vertex -18.2755 11.0114 5.01
    endloop
  endfacet
  facet normal -0.977956 0.208809 0
    outer loop
      vertex -18.1619 11.3464 3.5
      vertex -18.0807 11.7267 5.01
      vertex -18.0807 11.7267 3.5
    endloop
  endfacet
  facet normal -0.977956 0.208809 0
    outer loop
      vertex -18.0807 11.7267 5.01
      vertex -18.1619 11.3464 3.5
      vertex -18.1619 11.3464 5.01
    endloop
  endfacet
  facet normal -0.993508 0.113764 0
    outer loop
      vertex -18.0807 11.7267 3.5
      vertex -18.032 12.152 5.01
      vertex -18.032 12.152 3.5
    endloop
  endfacet
  facet normal -0.993508 0.113764 0
    outer loop
      vertex -18.032 12.152 5.01
      vertex -18.0807 11.7267 3.5
      vertex -18.0807 11.7267 5.01
    endloop
  endfacet
  facet normal -0.999408 0.0344038 0
    outer loop
      vertex -18.032 12.152 3.5
      vertex -18.0158 12.6226 5.01
      vertex -18.0158 12.6226 3.5
    endloop
  endfacet
  facet normal -0.999408 0.0344038 0
    outer loop
      vertex -18.0158 12.6226 5.01
      vertex -18.032 12.152 3.5
      vertex -18.032 12.152 5.01
    endloop
  endfacet
  facet normal -0.999135 -0.0415963 0
    outer loop
      vertex -18.0158 12.6226 3.5
      vertex -18.036 13.1078 5.01
      vertex -18.036 13.1078 3.5
    endloop
  endfacet
  facet normal -0.999135 -0.0415963 0
    outer loop
      vertex -18.036 13.1078 5.01
      vertex -18.0158 12.6226 3.5
      vertex -18.0158 12.6226 5.01
    endloop
  endfacet
  facet normal 1 -0 0
    outer loop
      vertex -24.7414 31.5026 5.01
      vertex -24.7414 32.6683 3.5
      vertex -24.7414 32.6683 5.01
    endloop
  endfacet
  facet normal 1 0 0
    outer loop
      vertex -24.7414 32.6683 3.5
      vertex -24.7414 31.5026 5.01
      vertex -24.7414 31.5026 3.5
    endloop
  endfacet
  facet normal 0.329046 0.944314 -0
    outer loop
      vertex -20.4326 30.0012 3.5
      vertex -24.7414 31.5026 5.01
      vertex -20.4326 30.0012 5.01
    endloop
  endfacet
  facet normal 0.329046 0.944314 0
    outer loop
      vertex -24.7414 31.5026 5.01
      vertex -20.4326 30.0012 3.5
      vertex -24.7414 31.5026 3.5
    endloop
  endfacet
  facet normal 0.313695 0.949524 -0
    outer loop
      vertex -19.7125 29.7633 3.5
      vertex -20.4326 30.0012 5.01
      vertex -19.7125 29.7633 5.01
    endloop
  endfacet
  facet normal 0.313695 0.949524 0
    outer loop
      vertex -20.4326 30.0012 5.01
      vertex -19.7125 29.7633 3.5
      vertex -20.4326 30.0012 3.5
    endloop
  endfacet
  facet normal 0.286695 0.958022 -0
    outer loop
      vertex -18.9984 29.5496 3.5
      vertex -19.7125 29.7633 5.01
      vertex -18.9984 29.5496 5.01
    endloop
  endfacet
  facet normal 0.286695 0.958022 0
    outer loop
      vertex -19.7125 29.7633 5.01
      vertex -18.9984 29.5496 3.5
      vertex -19.7125 29.7633 3.5
    endloop
  endfacet
  facet normal 0.274205 -0.961671 0
    outer loop
      vertex -19.441 29.4234 3.5
      vertex -18.9984 29.5496 5.01
      vertex -19.441 29.4234 5.01
    endloop
  endfacet
  facet normal 0.274205 -0.961671 0
    outer loop
      vertex -18.9984 29.5496 5.01
      vertex -19.441 29.4234 3.5
      vertex -18.9984 29.5496 3.5
    endloop
  endfacet
  facet normal 0.276317 -0.961067 0
    outer loop
      vertex -19.8069 29.3182 3.5
      vertex -19.441 29.4234 5.01
      vertex -19.8069 29.3182 5.01
    endloop
  endfacet
  facet normal 0.276317 -0.961067 0
    outer loop
      vertex -19.441 29.4234 5.01
      vertex -19.8069 29.3182 3.5
      vertex -19.441 29.4234 3.5
    endloop
  endfacet
  facet normal 0.279452 -0.96016 0
    outer loop
      vertex -20.0962 29.234 3.5
      vertex -19.8069 29.3182 5.01
      vertex -20.0962 29.234 5.01
    endloop
  endfacet
  facet normal 0.279452 -0.96016 0
    outer loop
      vertex -19.8069 29.3182 5.01
      vertex -20.0962 29.234 3.5
      vertex -19.8069 29.3182 3.5
    endloop
  endfacet
  facet normal 0.285362 -0.95842 0
    outer loop
      vertex -20.3088 29.1707 3.5
      vertex -20.0962 29.234 5.01
      vertex -20.3088 29.1707 5.01
    endloop
  endfacet
  facet normal 0.285362 -0.95842 0
    outer loop
      vertex -20.0962 29.234 5.01
      vertex -20.3088 29.1707 3.5
      vertex -20.0962 29.234 3.5
    endloop
  endfacet
  facet normal 0.296355 -0.955078 0
    outer loop
      vertex -20.4448 29.1285 3.5
      vertex -20.3088 29.1707 5.01
      vertex -20.4448 29.1285 5.01
    endloop
  endfacet
  facet normal 0.296355 -0.955078 0
    outer loop
      vertex -20.3088 29.1707 5.01
      vertex -20.4448 29.1285 3.5
      vertex -20.3088 29.1707 3.5
    endloop
  endfacet
  facet normal 0.320253 -0.947332 0
    outer loop
      vertex -24.7414 27.676 3.5
      vertex -20.4448 29.1285 5.01
      vertex -24.7414 27.676 5.01
    endloop
  endfacet
  facet normal 0.320253 -0.947332 0
    outer loop
      vertex -20.4448 29.1285 5.01
      vertex -24.7414 27.676 3.5
      vertex -20.4448 29.1285 3.5
    endloop
  endfacet
  facet normal 1 -0 0
    outer loop
      vertex -24.7414 26.5042 5.01
      vertex -24.7414 27.676 3.5
      vertex -24.7414 27.676 5.01
    endloop
  endfacet
  facet normal 1 0 0
    outer loop
      vertex -24.7414 27.676 3.5
      vertex -24.7414 26.5042 5.01
      vertex -24.7414 26.5042 3.5
    endloop
  endfacet
  facet normal -0.34139 0.939922 0
    outer loop
      vertex -18.1378 28.9027 3.5
      vertex -24.7414 26.5042 5.01
      vertex -18.1378 28.9027 5.01
    endloop
  endfacet
  facet normal -0.34139 0.939922 0
    outer loop
      vertex -24.7414 26.5042 5.01
      vertex -18.1378 28.9027 3.5
      vertex -24.7414 26.5042 3.5
    endloop
  endfacet
  facet normal -1 0 0
    outer loop
      vertex -18.1378 28.9027 3.5
      vertex -18.1378 30.2027 5.01
      vertex -18.1378 30.2027 3.5
    endloop
  endfacet
  facet normal -1 -0 0
    outer loop
      vertex -18.1378 30.2027 5.01
      vertex -18.1378 28.9027 3.5
      vertex -18.1378 28.9027 5.01
    endloop
  endfacet
  facet normal -0.349786 -0.93683 0
    outer loop
      vertex -24.7414 32.6683 3.5
      vertex -18.1378 30.2027 5.01
      vertex -24.7414 32.6683 5.01
    endloop
  endfacet
  facet normal -0.349786 -0.93683 -0
    outer loop
      vertex -18.1378 30.2027 5.01
      vertex -24.7414 32.6683 3.5
      vertex -18.1378 30.2027 3.5
    endloop
  endfacet
endsolid OpenSCAD_Model
