solid OpenSCAD_Model
  facet normal 0.707118 0.707095 0
    outer loop
      vertex -3.21394 21.1698 5.01
      vertex -3.83022 21.7861 -0.5
      vertex -3.83022 21.7861 5.01
    endloop
  endfacet
  facet normal 0.707118 0.707095 0
    outer loop
      vertex -3.83022 21.7861 -0.5
      vertex -3.21394 21.1698 5.01
      vertex -3.21394 21.1698 -0.5
    endloop
  endfacet
  facet normal 0.906311 -0.422612 0
    outer loop
      vertex -4.69846 26.7101 5.01
      vertex -4.33013 27.5 -0.5
      vertex -4.33013 27.5 5.01
    endloop
  endfacet
  facet normal 0.906311 -0.422612 0
    outer loop
      vertex -4.33013 27.5 -0.5
      vertex -4.69846 26.7101 5.01
      vertex -4.69846 26.7101 -0.5
    endloop
  endfacet
  facet normal -0.573572 0.819155 0
    outer loop
      vertex 3.21394 21.1698 -0.5
      vertex 2.5 20.6699 5.01
      vertex 3.21394 21.1698 5.01
    endloop
  endfacet
  facet normal -0.573572 0.819155 0
    outer loop
      vertex 2.5 20.6699 5.01
      vertex 3.21394 21.1698 -0.5
      vertex 2.5 20.6699 -0.5
    endloop
  endfacet
  facet normal 0.0872 0.996191 -0
    outer loop
      vertex 0 20 -0.5
      vertex -0.86824 20.076 5.01
      vertex 0 20 5.01
    endloop
  endfacet
  facet normal 0.0872 0.996191 0
    outer loop
      vertex -0.86824 20.076 5.01
      vertex 0 20 -0.5
      vertex -0.86824 20.076 -0.5
    endloop
  endfacet
  facet normal -0.422678 0.90628 0
    outer loop
      vertex 2.5 20.6699 -0.5
      vertex 1.7101 20.3015 5.01
      vertex 2.5 20.6699 5.01
    endloop
  endfacet
  facet normal -0.422678 0.90628 0
    outer loop
      vertex 1.7101 20.3015 5.01
      vertex 2.5 20.6699 -0.5
      vertex 1.7101 20.3015 -0.5
    endloop
  endfacet
  facet normal 0.258738 -0.965948 0
    outer loop
      vertex -1.7101 29.6985 -0.5
      vertex -0.86824 29.924 5.01
      vertex -1.7101 29.6985 5.01
    endloop
  endfacet
  facet normal 0.258738 -0.965948 0
    outer loop
      vertex -0.86824 29.924 5.01
      vertex -1.7101 29.6985 -0.5
      vertex -0.86824 29.924 -0.5
    endloop
  endfacet
  facet normal 0.422678 -0.90628 0
    outer loop
      vertex -2.5 29.3301 -0.5
      vertex -1.7101 29.6985 5.01
      vertex -2.5 29.3301 5.01
    endloop
  endfacet
  facet normal 0.422678 -0.90628 0
    outer loop
      vertex -1.7101 29.6985 5.01
      vertex -2.5 29.3301 -0.5
      vertex -1.7101 29.6985 -0.5
    endloop
  endfacet
  facet normal -0.0872 0.996191 0
    outer loop
      vertex 0.86824 20.076 -0.5
      vertex 0 20 5.01
      vertex 0.86824 20.076 5.01
    endloop
  endfacet
  facet normal -0.0872 0.996191 0
    outer loop
      vertex 0 20 5.01
      vertex 0.86824 20.076 -0.5
      vertex 0 20 -0.5
    endloop
  endfacet
  facet normal 0.965928 0.258812 0
    outer loop
      vertex -4.69846 23.2899 5.01
      vertex -4.92404 24.1318 -0.5
      vertex -4.92404 24.1318 5.01
    endloop
  endfacet
  facet normal 0.965928 0.258812 0
    outer loop
      vertex -4.92404 24.1318 -0.5
      vertex -4.69846 23.2899 5.01
      vertex -4.69846 23.2899 -0.5
    endloop
  endfacet
  facet normal 0.573572 0.819155 -0
    outer loop
      vertex -2.5 20.6699 -0.5
      vertex -3.21394 21.1698 5.01
      vertex -2.5 20.6699 5.01
    endloop
  endfacet
  facet normal 0.573572 0.819155 0
    outer loop
      vertex -3.21394 21.1698 5.01
      vertex -2.5 20.6699 -0.5
      vertex -3.21394 21.1698 -0.5
    endloop
  endfacet
  facet normal 0.819135 -0.573601 0
    outer loop
      vertex -4.33013 27.5 5.01
      vertex -3.83022 28.2139 -0.5
      vertex -3.83022 28.2139 5.01
    endloop
  endfacet
  facet normal 0.819135 -0.573601 0
    outer loop
      vertex -3.83022 28.2139 -0.5
      vertex -4.33013 27.5 5.01
      vertex -4.33013 27.5 -0.5
    endloop
  endfacet
  facet normal 0.819135 0.573601 0
    outer loop
      vertex -3.83022 21.7861 5.01
      vertex -4.33013 22.5 -0.5
      vertex -4.33013 22.5 5.01
    endloop
  endfacet
  facet normal 0.819135 0.573601 0
    outer loop
      vertex -4.33013 22.5 -0.5
      vertex -3.83022 21.7861 5.01
      vertex -3.83022 21.7861 -0.5
    endloop
  endfacet
  facet normal 0.573572 -0.819155 0
    outer loop
      vertex -3.21394 28.8302 -0.5
      vertex -2.5 29.3301 5.01
      vertex -3.21394 28.8302 5.01
    endloop
  endfacet
  facet normal 0.573572 -0.819155 0
    outer loop
      vertex -2.5 29.3301 5.01
      vertex -3.21394 28.8302 -0.5
      vertex -2.5 29.3301 -0.5
    endloop
  endfacet
  facet normal 0.996194 -0.0871584 0
    outer loop
      vertex -5 25 5.01
      vertex -4.92404 25.8682 -0.5
      vertex -4.92404 25.8682 5.01
    endloop
  endfacet
  facet normal 0.996194 -0.0871584 0
    outer loop
      vertex -4.92404 25.8682 -0.5
      vertex -5 25 5.01
      vertex -5 25 -0.5
    endloop
  endfacet
  facet normal -0.422678 -0.90628 0
    outer loop
      vertex 1.7101 29.6985 -0.5
      vertex 2.5 29.3301 5.01
      vertex 1.7101 29.6985 5.01
    endloop
  endfacet
  facet normal -0.422678 -0.90628 -0
    outer loop
      vertex 2.5 29.3301 5.01
      vertex 1.7101 29.6985 -0.5
      vertex 2.5 29.3301 -0.5
    endloop
  endfacet
  facet normal -0.707085 -0.707128 0
    outer loop
      vertex 3.54416 28.5 -0.5
      vertex 3.21394 28.8302 5.01
      vertex 3.21394 28.8302 -0.5
    endloop
  endfacet
  facet normal -0.707085 -0.707128 0
    outer loop
      vertex 3.21394 28.8302 5.01
      vertex 3.54416 28.5 -0.5
      vertex 3.54416 28.5 5.01
    endloop
  endfacet
  facet normal -0.258738 0.965948 0
    outer loop
      vertex 1.7101 20.3015 -0.5
      vertex 0.86824 20.076 5.01
      vertex 1.7101 20.3015 5.01
    endloop
  endfacet
  facet normal -0.258738 0.965948 0
    outer loop
      vertex 0.86824 20.076 5.01
      vertex 1.7101 20.3015 -0.5
      vertex 0.86824 20.076 -0.5
    endloop
  endfacet
  facet normal -0 0 1
    outer loop
      vertex 3.54416 28.5 -0.5
      vertex 10 21.5 -0.5
      vertex 10 28.5 -0.5
    endloop
  endfacet
  facet normal 0 0 1
    outer loop
      vertex 3.54416 28.5 -0.5
      vertex 3.54416 21.5 -0.5
      vertex 10 21.5 -0.5
    endloop
  endfacet
  facet normal 0 0 1
    outer loop
      vertex 1.07153 26.277 -0.5
      vertex 3.54416 28.5 -0.5
      vertex 3.21394 28.8302 -0.5
    endloop
  endfacet
  facet normal 0 0 1
    outer loop
      vertex 3.54416 28.5 -0.5
      vertex 1.667 25 -0.5
      vertex 3.54416 21.5 -0.5
    endloop
  endfacet
  facet normal 0 0 1
    outer loop
      vertex 1.07153 26.277 -0.5
      vertex 3.21394 28.8302 -0.5
      vertex 2.5 29.3301 -0.5
    endloop
  endfacet
  facet normal -0 0 1
    outer loop
      vertex 1.64167 24.7105 -0.5
      vertex 3.54416 21.5 -0.5
      vertex 1.667 25 -0.5
    endloop
  endfacet
  facet normal 0 0 1
    outer loop
      vertex 0.8335 26.4437 -0.5
      vertex 2.5 29.3301 -0.5
      vertex 1.7101 29.6985 -0.5
    endloop
  endfacet
  facet normal -0 0 1
    outer loop
      vertex 1.56647 24.4299 -0.5
      vertex 3.54416 21.5 -0.5
      vertex 1.64167 24.7105 -0.5
    endloop
  endfacet
  facet normal -0 0 1
    outer loop
      vertex 1.44366 24.1665 -0.5
      vertex 3.54416 21.5 -0.5
      vertex 1.56647 24.4299 -0.5
    endloop
  endfacet
  facet normal 0 0 1
    outer loop
      vertex 3.54416 28.5 -0.5
      vertex 1.64167 25.2895 -0.5
      vertex 1.667 25 -0.5
    endloop
  endfacet
  facet normal 0 0 1
    outer loop
      vertex 3.54416 28.5 -0.5
      vertex 1.56647 25.5701 -0.5
      vertex 1.64167 25.2895 -0.5
    endloop
  endfacet
  facet normal 0 0 1
    outer loop
      vertex 3.54416 28.5 -0.5
      vertex 1.44366 25.8335 -0.5
      vertex 1.56647 25.5701 -0.5
    endloop
  endfacet
  facet normal 0 0 1
    outer loop
      vertex 3.54416 28.5 -0.5
      vertex 1.277 26.0715 -0.5
      vertex 1.44366 25.8335 -0.5
    endloop
  endfacet
  facet normal 0 0 1
    outer loop
      vertex 3.54416 28.5 -0.5
      vertex 1.07153 26.277 -0.5
      vertex 1.277 26.0715 -0.5
    endloop
  endfacet
  facet normal 0 0 1
    outer loop
      vertex 0.570148 26.5665 -0.5
      vertex 1.7101 29.6985 -0.5
      vertex 0.86824 29.924 -0.5
    endloop
  endfacet
  facet normal 0 0 1
    outer loop
      vertex 2.5 29.3301 -0.5
      vertex 0.8335 26.4437 -0.5
      vertex 1.07153 26.277 -0.5
    endloop
  endfacet
  facet normal 0 0 1
    outer loop
      vertex 1.7101 29.6985 -0.5
      vertex 0.570148 26.5665 -0.5
      vertex 0.8335 26.4437 -0.5
    endloop
  endfacet
  facet normal 0 0 1
    outer loop
      vertex 0.86824 29.924 -0.5
      vertex 0.289471 26.6417 -0.5
      vertex 0.570148 26.5665 -0.5
    endloop
  endfacet
  facet normal 0 0 1
    outer loop
      vertex 0 30 -0.5
      vertex 0.289471 26.6417 -0.5
      vertex 0.86824 29.924 -0.5
    endloop
  endfacet
  facet normal 0 0 1
    outer loop
      vertex 0 30 -0.5
      vertex 0 26.667 -0.5
      vertex 0.289471 26.6417 -0.5
    endloop
  endfacet
  facet normal 0 0 1
    outer loop
      vertex 0 30 -0.5
      vertex -0.289471 26.6417 -0.5
      vertex 0 26.667 -0.5
    endloop
  endfacet
  facet normal -0 0 1
    outer loop
      vertex -0.86824 29.924 -0.5
      vertex -0.289471 26.6417 -0.5
      vertex 0 30 -0.5
    endloop
  endfacet
  facet normal 0 0 1
    outer loop
      vertex -0.289471 26.6417 -0.5
      vertex -0.86824 29.924 -0.5
      vertex -0.570148 26.5665 -0.5
    endloop
  endfacet
  facet normal -0 0 1
    outer loop
      vertex -1.7101 29.6985 -0.5
      vertex -0.570148 26.5665 -0.5
      vertex -0.86824 29.924 -0.5
    endloop
  endfacet
  facet normal 0 0 1
    outer loop
      vertex -0.570148 26.5665 -0.5
      vertex -1.7101 29.6985 -0.5
      vertex -0.8335 26.4437 -0.5
    endloop
  endfacet
  facet normal -0 0 1
    outer loop
      vertex -2.5 29.3301 -0.5
      vertex -0.8335 26.4437 -0.5
      vertex -1.7101 29.6985 -0.5
    endloop
  endfacet
  facet normal 0 0 1
    outer loop
      vertex -0.8335 26.4437 -0.5
      vertex -2.5 29.3301 -0.5
      vertex -1.07153 26.277 -0.5
    endloop
  endfacet
  facet normal -0 0 1
    outer loop
      vertex -3.21394 28.8302 -0.5
      vertex -1.07153 26.277 -0.5
      vertex -2.5 29.3301 -0.5
    endloop
  endfacet
  facet normal 0 0 1
    outer loop
      vertex -1.07153 26.277 -0.5
      vertex -3.21394 28.8302 -0.5
      vertex -1.277 26.0715 -0.5
    endloop
  endfacet
  facet normal 0 0 1
    outer loop
      vertex -1.277 26.0715 -0.5
      vertex -3.83022 28.2139 -0.5
      vertex -1.44366 25.8335 -0.5
    endloop
  endfacet
  facet normal -0 0 1
    outer loop
      vertex -3.83022 28.2139 -0.5
      vertex -1.277 26.0715 -0.5
      vertex -3.21394 28.8302 -0.5
    endloop
  endfacet
  facet normal -0 0 1
    outer loop
      vertex 1.277 23.9285 -0.5
      vertex 3.54416 21.5 -0.5
      vertex 1.44366 24.1665 -0.5
    endloop
  endfacet
  facet normal -0 0 1
    outer loop
      vertex 1.07153 23.723 -0.5
      vertex 3.54416 21.5 -0.5
      vertex 1.277 23.9285 -0.5
    endloop
  endfacet
  facet normal 0 0 1
    outer loop
      vertex 3.54416 21.5 -0.5
      vertex 1.07153 23.723 -0.5
      vertex 3.21394 21.1698 -0.5
    endloop
  endfacet
  facet normal 0 0 1
    outer loop
      vertex 3.21394 21.1698 -0.5
      vertex 1.07153 23.723 -0.5
      vertex 2.5 20.6699 -0.5
    endloop
  endfacet
  facet normal -0 0 1
    outer loop
      vertex 0.8335 23.5563 -0.5
      vertex 2.5 20.6699 -0.5
      vertex 1.07153 23.723 -0.5
    endloop
  endfacet
  facet normal 0 0 1
    outer loop
      vertex 2.5 20.6699 -0.5
      vertex 0.8335 23.5563 -0.5
      vertex 1.7101 20.3015 -0.5
    endloop
  endfacet
  facet normal -0 0 1
    outer loop
      vertex 0.570148 23.4335 -0.5
      vertex 1.7101 20.3015 -0.5
      vertex 0.8335 23.5563 -0.5
    endloop
  endfacet
  facet normal 0 0 1
    outer loop
      vertex 1.7101 20.3015 -0.5
      vertex 0.570148 23.4335 -0.5
      vertex 0.86824 20.076 -0.5
    endloop
  endfacet
  facet normal -0 0 1
    outer loop
      vertex 0.289471 23.3583 -0.5
      vertex 0.86824 20.076 -0.5
      vertex 0.570148 23.4335 -0.5
    endloop
  endfacet
  facet normal -0 0 1
    outer loop
      vertex 0 23.333 -0.5
      vertex 0.86824 20.076 -0.5
      vertex 0.289471 23.3583 -0.5
    endloop
  endfacet
  facet normal 0 0 1
    outer loop
      vertex 0 23.333 -0.5
      vertex 0 20 -0.5
      vertex 0.86824 20.076 -0.5
    endloop
  endfacet
  facet normal 0 0 1
    outer loop
      vertex -0.289471 23.3583 -0.5
      vertex 0 20 -0.5
      vertex 0 23.333 -0.5
    endloop
  endfacet
  facet normal 0 0 1
    outer loop
      vertex -0.86824 20.076 -0.5
      vertex -0.289471 23.3583 -0.5
      vertex -0.570148 23.4335 -0.5
    endloop
  endfacet
  facet normal 0 0 1
    outer loop
      vertex -1.7101 20.3015 -0.5
      vertex -0.570148 23.4335 -0.5
      vertex -0.8335 23.5563 -0.5
    endloop
  endfacet
  facet normal 0 0 1
    outer loop
      vertex -0.289471 23.3583 -0.5
      vertex -0.86824 20.076 -0.5
      vertex 0 20 -0.5
    endloop
  endfacet
  facet normal 0 0 1
    outer loop
      vertex -2.5 20.6699 -0.5
      vertex -0.8335 23.5563 -0.5
      vertex -1.07153 23.723 -0.5
    endloop
  endfacet
  facet normal 0 0 1
    outer loop
      vertex -3.21394 21.1698 -0.5
      vertex -1.07153 23.723 -0.5
      vertex -1.277 23.9285 -0.5
    endloop
  endfacet
  facet normal 0 0 1
    outer loop
      vertex -3.83022 21.7861 -0.5
      vertex -1.277 23.9285 -0.5
      vertex -1.44366 24.1665 -0.5
    endloop
  endfacet
  facet normal 0 0 1
    outer loop
      vertex -4.33013 22.5 -0.5
      vertex -1.44366 24.1665 -0.5
      vertex -1.56647 24.4299 -0.5
    endloop
  endfacet
  facet normal 0 0 1
    outer loop
      vertex -4.69846 23.2899 -0.5
      vertex -1.56647 24.4299 -0.5
      vertex -1.64167 24.7105 -0.5
    endloop
  endfacet
  facet normal 0 0 1
    outer loop
      vertex -0.570148 23.4335 -0.5
      vertex -1.7101 20.3015 -0.5
      vertex -0.86824 20.076 -0.5
    endloop
  endfacet
  facet normal 0 0 1
    outer loop
      vertex -4.92404 24.1318 -0.5
      vertex -1.64167 24.7105 -0.5
      vertex -1.667 25 -0.5
    endloop
  endfacet
  facet normal -0 0 1
    outer loop
      vertex -4.33013 27.5 -0.5
      vertex -1.44366 25.8335 -0.5
      vertex -3.83022 28.2139 -0.5
    endloop
  endfacet
  facet normal 0 0 1
    outer loop
      vertex -1.44366 25.8335 -0.5
      vertex -4.33013 27.5 -0.5
      vertex -1.56647 25.5701 -0.5
    endloop
  endfacet
  facet normal 0 0 1
    outer loop
      vertex -0.8335 23.5563 -0.5
      vertex -2.5 20.6699 -0.5
      vertex -1.7101 20.3015 -0.5
    endloop
  endfacet
  facet normal -0 0 1
    outer loop
      vertex -4.69846 26.7101 -0.5
      vertex -1.56647 25.5701 -0.5
      vertex -4.33013 27.5 -0.5
    endloop
  endfacet
  facet normal 0 0 1
    outer loop
      vertex -1.07153 23.723 -0.5
      vertex -3.21394 21.1698 -0.5
      vertex -2.5 20.6699 -0.5
    endloop
  endfacet
  facet normal 0 0 1
    outer loop
      vertex -1.56647 25.5701 -0.5
      vertex -4.69846 26.7101 -0.5
      vertex -1.64167 25.2895 -0.5
    endloop
  endfacet
  facet normal 0 0 1
    outer loop
      vertex -1.277 23.9285 -0.5
      vertex -3.83022 21.7861 -0.5
      vertex -3.21394 21.1698 -0.5
    endloop
  endfacet
  facet normal -0 0 1
    outer loop
      vertex -4.92404 25.8682 -0.5
      vertex -1.64167 25.2895 -0.5
      vertex -4.69846 26.7101 -0.5
    endloop
  endfacet
  facet normal 0 0 1
    outer loop
      vertex -1.44366 24.1665 -0.5
      vertex -4.33013 22.5 -0.5
      vertex -3.83022 21.7861 -0.5
    endloop
  endfacet
  facet normal 0 0 1
    outer loop
      vertex -1.64167 25.2895 -0.5
      vertex -4.92404 25.8682 -0.5
      vertex -1.667 25 -0.5
    endloop
  endfacet
  facet normal 0 0 1
    outer loop
      vertex -1.56647 24.4299 -0.5
      vertex -4.69846 23.2899 -0.5
      vertex -4.33013 22.5 -0.5
    endloop
  endfacet
  facet normal 0 0 1
    outer loop
      vertex -5 25 -0.5
      vertex -1.667 25 -0.5
      vertex -4.92404 25.8682 -0.5
    endloop
  endfacet
  facet normal 0 0 1
    outer loop
      vertex -1.64167 24.7105 -0.5
      vertex -4.92404 24.1318 -0.5
      vertex -4.69846 23.2899 -0.5
    endloop
  endfacet
  facet normal 0 0 1
    outer loop
      vertex -1.667 25 -0.5
      vertex -5 25 -0.5
      vertex -4.92404 24.1318 -0.5
    endloop
  endfacet
  facet normal -0.573572 -0.819155 0
    outer loop
      vertex 2.5 29.3301 -0.5
      vertex 3.21394 28.8302 5.01
      vertex 2.5 29.3301 5.01
    endloop
  endfacet
  facet normal -0.573572 -0.819155 -0
    outer loop
      vertex 3.21394 28.8302 5.01
      vertex 2.5 29.3301 -0.5
      vertex 3.21394 28.8302 -0.5
    endloop
  endfacet
  facet normal 0.422678 0.90628 -0
    outer loop
      vertex -1.7101 20.3015 -0.5
      vertex -2.5 20.6699 5.01
      vertex -1.7101 20.3015 5.01
    endloop
  endfacet
  facet normal 0.422678 0.90628 0
    outer loop
      vertex -2.5 20.6699 5.01
      vertex -1.7101 20.3015 -0.5
      vertex -2.5 20.6699 -0.5
    endloop
  endfacet
  facet normal 0.0872 -0.996191 0
    outer loop
      vertex -0.86824 29.924 -0.5
      vertex 0 30 5.01
      vertex -0.86824 29.924 5.01
    endloop
  endfacet
  facet normal 0.0872 -0.996191 0
    outer loop
      vertex 0 30 5.01
      vertex -0.86824 29.924 -0.5
      vertex 0 30 -0.5
    endloop
  endfacet
  facet normal 0.258738 0.965948 -0
    outer loop
      vertex -0.86824 20.076 -0.5
      vertex -1.7101 20.3015 5.01
      vertex -0.86824 20.076 5.01
    endloop
  endfacet
  facet normal 0.258738 0.965948 0
    outer loop
      vertex -1.7101 20.3015 5.01
      vertex -0.86824 20.076 -0.5
      vertex -1.7101 20.3015 -0.5
    endloop
  endfacet
  facet normal 0.906311 0.422612 0
    outer loop
      vertex -4.33013 22.5 5.01
      vertex -4.69846 23.2899 -0.5
      vertex -4.69846 23.2899 5.01
    endloop
  endfacet
  facet normal 0.906311 0.422612 0
    outer loop
      vertex -4.69846 23.2899 -0.5
      vertex -4.33013 22.5 5.01
      vertex -4.33013 22.5 -0.5
    endloop
  endfacet
  facet normal -0.0872 -0.996191 0
    outer loop
      vertex 0 30 -0.5
      vertex 0.86824 29.924 5.01
      vertex 0 30 5.01
    endloop
  endfacet
  facet normal -0.0872 -0.996191 -0
    outer loop
      vertex 0.86824 29.924 5.01
      vertex 0 30 -0.5
      vertex 0.86824 29.924 -0.5
    endloop
  endfacet
  facet normal -0.707085 0.707128 0
    outer loop
      vertex 3.21394 21.1698 -0.5
      vertex 3.54416 21.5 5.01
      vertex 3.54416 21.5 -0.5
    endloop
  endfacet
  facet normal -0.707085 0.707128 0
    outer loop
      vertex 3.54416 21.5 5.01
      vertex 3.21394 21.1698 -0.5
      vertex 3.21394 21.1698 5.01
    endloop
  endfacet
  facet normal 0.996194 0.0871584 0
    outer loop
      vertex -4.92404 24.1318 5.01
      vertex -5 25 -0.5
      vertex -5 25 5.01
    endloop
  endfacet
  facet normal 0.996194 0.0871584 0
    outer loop
      vertex -5 25 -0.5
      vertex -4.92404 24.1318 5.01
      vertex -4.92404 24.1318 -0.5
    endloop
  endfacet
  facet normal -0.258738 -0.965948 0
    outer loop
      vertex 0.86824 29.924 -0.5
      vertex 1.7101 29.6985 5.01
      vertex 0.86824 29.924 5.01
    endloop
  endfacet
  facet normal -0.258738 -0.965948 -0
    outer loop
      vertex 1.7101 29.6985 5.01
      vertex 0.86824 29.924 -0.5
      vertex 1.7101 29.6985 -0.5
    endloop
  endfacet
  facet normal 0.965928 -0.258812 0
    outer loop
      vertex -4.92404 25.8682 5.01
      vertex -4.69846 26.7101 -0.5
      vertex -4.69846 26.7101 5.01
    endloop
  endfacet
  facet normal 0.965928 -0.258812 0
    outer loop
      vertex -4.69846 26.7101 -0.5
      vertex -4.92404 25.8682 5.01
      vertex -4.92404 25.8682 -0.5
    endloop
  endfacet
  facet normal 0.707118 -0.707095 0
    outer loop
      vertex -3.83022 28.2139 5.01
      vertex -3.21394 28.8302 -0.5
      vertex -3.21394 28.8302 5.01
    endloop
  endfacet
  facet normal 0.707118 -0.707095 0
    outer loop
      vertex -3.21394 28.8302 -0.5
      vertex -3.83022 28.2139 5.01
      vertex -3.83022 28.2139 -0.5
    endloop
  endfacet
  facet normal -1 0 0
    outer loop
      vertex 10 21.5 -0.5
      vertex 10 28.5 5.01
      vertex 10 28.5 -0.5
    endloop
  endfacet
  facet normal -1 -0 0
    outer loop
      vertex 10 28.5 5.01
      vertex 10 21.5 -0.5
      vertex 10 21.5 5.01
    endloop
  endfacet
  facet normal 0 -1 0
    outer loop
      vertex 3.54416 28.5 -0.5
      vertex 10 28.5 5.01
      vertex 3.54416 28.5 5.01
    endloop
  endfacet
  facet normal 0 -1 -0
    outer loop
      vertex 10 28.5 5.01
      vertex 3.54416 28.5 -0.5
      vertex 10 28.5 -0.5
    endloop
  endfacet
  facet normal 0 1 -0
    outer loop
      vertex 10 21.5 -0.5
      vertex 3.54416 21.5 5.01
      vertex 10 21.5 5.01
    endloop
  endfacet
  facet normal 0 1 0
    outer loop
      vertex 3.54416 21.5 5.01
      vertex 10 21.5 -0.5
      vertex 3.54416 21.5 -0.5
    endloop
  endfacet
  facet normal -0.0870689 0.996202 0
    outer loop
      vertex 0.289471 23.3583 -2
      vertex 0 23.333 -0.5
      vertex 0.289471 23.3583 -0.5
    endloop
  endfacet
  facet normal -0.0870689 0.996202 0
    outer loop
      vertex 0 23.333 -0.5
      vertex 0.289471 23.3583 -2
      vertex 0 23.333 -2
    endloop
  endfacet
  facet normal -0.965914 -0.258862 0
    outer loop
      vertex 1.64167 25.2895 -2
      vertex 1.56647 25.5701 -0.5
      vertex 1.56647 25.5701 -2
    endloop
  endfacet
  facet normal -0.965914 -0.258862 0
    outer loop
      vertex 1.56647 25.5701 -0.5
      vertex 1.64167 25.2895 -2
      vertex 1.64167 25.2895 -0.5
    endloop
  endfacet
  facet normal -0.996194 -0.0871627 0
    outer loop
      vertex 1.667 25 -2
      vertex 1.64167 25.2895 -0.5
      vertex 1.64167 25.2895 -2
    endloop
  endfacet
  facet normal -0.996194 -0.0871627 0
    outer loop
      vertex 1.64167 25.2895 -0.5
      vertex 1.667 25 -2
      vertex 1.667 25 -0.5
    endloop
  endfacet
  facet normal -0.906328 -0.422575 0
    outer loop
      vertex 1.56647 25.5701 -2
      vertex 1.44366 25.8335 -0.5
      vertex 1.44366 25.8335 -2
    endloop
  endfacet
  facet normal -0.906328 -0.422575 0
    outer loop
      vertex 1.44366 25.8335 -0.5
      vertex 1.56647 25.5701 -2
      vertex 1.56647 25.5701 -0.5
    endloop
  endfacet
  facet normal -0.819135 -0.573601 0
    outer loop
      vertex 1.44366 25.8335 -2
      vertex 1.277 26.0715 -0.5
      vertex 1.277 26.0715 -2
    endloop
  endfacet
  facet normal -0.819135 -0.573601 0
    outer loop
      vertex 1.277 26.0715 -0.5
      vertex 1.44366 25.8335 -2
      vertex 1.44366 25.8335 -0.5
    endloop
  endfacet
  facet normal -0.707158 -0.707055 0
    outer loop
      vertex 1.277 26.0715 -2
      vertex 1.07153 26.277 -0.5
      vertex 1.07153 26.277 -2
    endloop
  endfacet
  facet normal -0.707158 -0.707055 0
    outer loop
      vertex 1.07153 26.277 -0.5
      vertex 1.277 26.0715 -2
      vertex 1.277 26.0715 -0.5
    endloop
  endfacet
  facet normal -0.965914 0.258862 0
    outer loop
      vertex 1.56647 24.4299 -2
      vertex 1.64167 24.7105 -0.5
      vertex 1.64167 24.7105 -2
    endloop
  endfacet
  facet normal -0.965914 0.258862 0
    outer loop
      vertex 1.64167 24.7105 -0.5
      vertex 1.56647 24.4299 -2
      vertex 1.56647 24.4299 -0.5
    endloop
  endfacet
  facet normal -0.258796 0.965932 0
    outer loop
      vertex 0.570148 23.4335 -2
      vertex 0.289471 23.3583 -0.5
      vertex 0.570148 23.4335 -0.5
    endloop
  endfacet
  facet normal -0.258796 0.965932 0
    outer loop
      vertex 0.289471 23.3583 -0.5
      vertex 0.570148 23.4335 -2
      vertex 0.289471 23.3583 -2
    endloop
  endfacet
  facet normal 0.906328 -0.422575 0
    outer loop
      vertex -1.56647 25.5701 -0.5
      vertex -1.44366 25.8335 -2
      vertex -1.44366 25.8335 -0.5
    endloop
  endfacet
  facet normal 0.906328 -0.422575 0
    outer loop
      vertex -1.44366 25.8335 -2
      vertex -1.56647 25.5701 -0.5
      vertex -1.56647 25.5701 -2
    endloop
  endfacet
  facet normal 0.996194 0.0871627 0
    outer loop
      vertex -1.64167 24.7105 -0.5
      vertex -1.667 25 -2
      vertex -1.667 25 -0.5
    endloop
  endfacet
  facet normal 0.996194 0.0871627 0
    outer loop
      vertex -1.667 25 -2
      vertex -1.64167 24.7105 -0.5
      vertex -1.64167 24.7105 -2
    endloop
  endfacet
  facet normal -0.819135 0.573601 0
    outer loop
      vertex 1.277 23.9285 -2
      vertex 1.44366 24.1665 -0.5
      vertex 1.44366 24.1665 -2
    endloop
  endfacet
  facet normal -0.819135 0.573601 0
    outer loop
      vertex 1.44366 24.1665 -0.5
      vertex 1.277 23.9285 -2
      vertex 1.277 23.9285 -0.5
    endloop
  endfacet
  facet normal 0.965914 -0.258862 0
    outer loop
      vertex -1.64167 25.2895 -0.5
      vertex -1.56647 25.5701 -2
      vertex -1.56647 25.5701 -0.5
    endloop
  endfacet
  facet normal 0.965914 -0.258862 0
    outer loop
      vertex -1.56647 25.5701 -2
      vertex -1.64167 25.2895 -0.5
      vertex -1.64167 25.2895 -2
    endloop
  endfacet
  facet normal -0.906328 0.422575 0
    outer loop
      vertex 1.44366 24.1665 -2
      vertex 1.56647 24.4299 -0.5
      vertex 1.56647 24.4299 -2
    endloop
  endfacet
  facet normal -0.906328 0.422575 0
    outer loop
      vertex 1.56647 24.4299 -0.5
      vertex 1.44366 24.1665 -2
      vertex 1.44366 24.1665 -0.5
    endloop
  endfacet
  facet normal -0.42261 -0.906312 0
    outer loop
      vertex 0.570148 26.5665 -2
      vertex 0.8335 26.4437 -0.5
      vertex 0.570148 26.5665 -0.5
    endloop
  endfacet
  facet normal -0.42261 -0.906312 -0
    outer loop
      vertex 0.8335 26.4437 -0.5
      vertex 0.570148 26.5665 -2
      vertex 0.8335 26.4437 -2
    endloop
  endfacet
  facet normal 0.965914 0.258862 0
    outer loop
      vertex -1.56647 24.4299 -0.5
      vertex -1.64167 24.7105 -2
      vertex -1.64167 24.7105 -0.5
    endloop
  endfacet
  facet normal 0.965914 0.258862 0
    outer loop
      vertex -1.64167 24.7105 -2
      vertex -1.56647 24.4299 -0.5
      vertex -1.56647 24.4299 -2
    endloop
  endfacet
  facet normal -0.996194 0.0871627 0
    outer loop
      vertex 1.64167 24.7105 -2
      vertex 1.667 25 -0.5
      vertex 1.667 25 -2
    endloop
  endfacet
  facet normal -0.996194 0.0871627 0
    outer loop
      vertex 1.667 25 -0.5
      vertex 1.64167 24.7105 -2
      vertex 1.64167 24.7105 -0.5
    endloop
  endfacet
  facet normal -0.573645 0.819104 0
    outer loop
      vertex 1.07153 23.723 -2
      vertex 0.8335 23.5563 -0.5
      vertex 1.07153 23.723 -0.5
    endloop
  endfacet
  facet normal -0.573645 0.819104 0
    outer loop
      vertex 0.8335 23.5563 -0.5
      vertex 1.07153 23.723 -2
      vertex 0.8335 23.5563 -2
    endloop
  endfacet
  facet normal 0.573645 -0.819104 0
    outer loop
      vertex -1.07153 26.277 -2
      vertex -0.8335 26.4437 -0.5
      vertex -1.07153 26.277 -0.5
    endloop
  endfacet
  facet normal 0.573645 -0.819104 0
    outer loop
      vertex -0.8335 26.4437 -0.5
      vertex -1.07153 26.277 -2
      vertex -0.8335 26.4437 -2
    endloop
  endfacet
  facet normal 0.42261 -0.906312 0
    outer loop
      vertex -0.8335 26.4437 -2
      vertex -0.570148 26.5665 -0.5
      vertex -0.8335 26.4437 -0.5
    endloop
  endfacet
  facet normal 0.42261 -0.906312 0
    outer loop
      vertex -0.570148 26.5665 -0.5
      vertex -0.8335 26.4437 -2
      vertex -0.570148 26.5665 -2
    endloop
  endfacet
  facet normal -0.573645 -0.819104 0
    outer loop
      vertex 0.8335 26.4437 -2
      vertex 1.07153 26.277 -0.5
      vertex 0.8335 26.4437 -0.5
    endloop
  endfacet
  facet normal -0.573645 -0.819104 -0
    outer loop
      vertex 1.07153 26.277 -0.5
      vertex 0.8335 26.4437 -2
      vertex 1.07153 26.277 -2
    endloop
  endfacet
  facet normal 0.258796 -0.965932 0
    outer loop
      vertex -0.570148 26.5665 -2
      vertex -0.289471 26.6417 -0.5
      vertex -0.570148 26.5665 -0.5
    endloop
  endfacet
  facet normal 0.258796 -0.965932 0
    outer loop
      vertex -0.289471 26.6417 -0.5
      vertex -0.570148 26.5665 -2
      vertex -0.289471 26.6417 -2
    endloop
  endfacet
  facet normal 0.42261 0.906312 -0
    outer loop
      vertex -0.570148 23.4335 -2
      vertex -0.8335 23.5563 -0.5
      vertex -0.570148 23.4335 -0.5
    endloop
  endfacet
  facet normal 0.42261 0.906312 0
    outer loop
      vertex -0.8335 23.5563 -0.5
      vertex -0.570148 23.4335 -2
      vertex -0.8335 23.5563 -2
    endloop
  endfacet
  facet normal 0.707158 -0.707055 0
    outer loop
      vertex -1.277 26.0715 -0.5
      vertex -1.07153 26.277 -2
      vertex -1.07153 26.277 -0.5
    endloop
  endfacet
  facet normal 0.707158 -0.707055 0
    outer loop
      vertex -1.07153 26.277 -2
      vertex -1.277 26.0715 -0.5
      vertex -1.277 26.0715 -2
    endloop
  endfacet
  facet normal 0.0870689 -0.996202 0
    outer loop
      vertex -0.289471 26.6417 -2
      vertex 0 26.667 -0.5
      vertex -0.289471 26.6417 -0.5
    endloop
  endfacet
  facet normal 0.0870689 -0.996202 0
    outer loop
      vertex 0 26.667 -0.5
      vertex -0.289471 26.6417 -2
      vertex 0 26.667 -2
    endloop
  endfacet
  facet normal 0.906328 0.422575 0
    outer loop
      vertex -1.44366 24.1665 -0.5
      vertex -1.56647 24.4299 -2
      vertex -1.56647 24.4299 -0.5
    endloop
  endfacet
  facet normal 0.906328 0.422575 0
    outer loop
      vertex -1.56647 24.4299 -2
      vertex -1.44366 24.1665 -0.5
      vertex -1.44366 24.1665 -2
    endloop
  endfacet
  facet normal -0.0870689 -0.996202 0
    outer loop
      vertex 0 26.667 -2
      vertex 0.289471 26.6417 -0.5
      vertex 0 26.667 -0.5
    endloop
  endfacet
  facet normal -0.0870689 -0.996202 -0
    outer loop
      vertex 0.289471 26.6417 -0.5
      vertex 0 26.667 -2
      vertex 0.289471 26.6417 -2
    endloop
  endfacet
  facet normal 0.996194 -0.0871627 0
    outer loop
      vertex -1.667 25 -0.5
      vertex -1.64167 25.2895 -2
      vertex -1.64167 25.2895 -0.5
    endloop
  endfacet
  facet normal 0.996194 -0.0871627 0
    outer loop
      vertex -1.64167 25.2895 -2
      vertex -1.667 25 -0.5
      vertex -1.667 25 -2
    endloop
  endfacet
  facet normal 0.819135 0.573601 0
    outer loop
      vertex -1.277 23.9285 -0.5
      vertex -1.44366 24.1665 -2
      vertex -1.44366 24.1665 -0.5
    endloop
  endfacet
  facet normal 0.819135 0.573601 0
    outer loop
      vertex -1.44366 24.1665 -2
      vertex -1.277 23.9285 -0.5
      vertex -1.277 23.9285 -2
    endloop
  endfacet
  facet normal -0.707158 0.707055 0
    outer loop
      vertex 1.07153 23.723 -2
      vertex 1.277 23.9285 -0.5
      vertex 1.277 23.9285 -2
    endloop
  endfacet
  facet normal -0.707158 0.707055 0
    outer loop
      vertex 1.277 23.9285 -0.5
      vertex 1.07153 23.723 -2
      vertex 1.07153 23.723 -0.5
    endloop
  endfacet
  facet normal 0.707158 0.707055 0
    outer loop
      vertex -1.07153 23.723 -0.5
      vertex -1.277 23.9285 -2
      vertex -1.277 23.9285 -0.5
    endloop
  endfacet
  facet normal 0.707158 0.707055 0
    outer loop
      vertex -1.277 23.9285 -2
      vertex -1.07153 23.723 -0.5
      vertex -1.07153 23.723 -2
    endloop
  endfacet
  facet normal -0.42261 0.906312 0
    outer loop
      vertex 0.8335 23.5563 -2
      vertex 0.570148 23.4335 -0.5
      vertex 0.8335 23.5563 -0.5
    endloop
  endfacet
  facet normal -0.42261 0.906312 0
    outer loop
      vertex 0.570148 23.4335 -0.5
      vertex 0.8335 23.5563 -2
      vertex 0.570148 23.4335 -2
    endloop
  endfacet
  facet normal 0.819135 -0.573601 0
    outer loop
      vertex -1.44366 25.8335 -0.5
      vertex -1.277 26.0715 -2
      vertex -1.277 26.0715 -0.5
    endloop
  endfacet
  facet normal 0.819135 -0.573601 0
    outer loop
      vertex -1.277 26.0715 -2
      vertex -1.44366 25.8335 -0.5
      vertex -1.44366 25.8335 -2
    endloop
  endfacet
  facet normal -0.258796 -0.965932 0
    outer loop
      vertex 0.289471 26.6417 -2
      vertex 0.570148 26.5665 -0.5
      vertex 0.289471 26.6417 -0.5
    endloop
  endfacet
  facet normal -0.258796 -0.965932 -0
    outer loop
      vertex 0.570148 26.5665 -0.5
      vertex 0.289471 26.6417 -2
      vertex 0.570148 26.5665 -2
    endloop
  endfacet
  facet normal 0.0870689 0.996202 -0
    outer loop
      vertex 0 23.333 -2
      vertex -0.289471 23.3583 -0.5
      vertex 0 23.333 -0.5
    endloop
  endfacet
  facet normal 0.0870689 0.996202 0
    outer loop
      vertex -0.289471 23.3583 -0.5
      vertex 0 23.333 -2
      vertex -0.289471 23.3583 -2
    endloop
  endfacet
  facet normal 0.258796 0.965932 -0
    outer loop
      vertex -0.289471 23.3583 -2
      vertex -0.570148 23.4335 -0.5
      vertex -0.289471 23.3583 -0.5
    endloop
  endfacet
  facet normal 0.258796 0.965932 0
    outer loop
      vertex -0.570148 23.4335 -0.5
      vertex -0.289471 23.3583 -2
      vertex -0.570148 23.4335 -2
    endloop
  endfacet
  facet normal 0 0 1
    outer loop
      vertex 1.64167 25.2895 -2
      vertex 1.64167 24.7105 -2
      vertex 1.667 25 -2
    endloop
  endfacet
  facet normal 0 0 1
    outer loop
      vertex 1.56647 25.5701 -2
      vertex 1.64167 24.7105 -2
      vertex 1.64167 25.2895 -2
    endloop
  endfacet
  facet normal 0 0 1
    outer loop
      vertex 1.56647 25.5701 -2
      vertex 1.56647 24.4299 -2
      vertex 1.64167 24.7105 -2
    endloop
  endfacet
  facet normal 0 0 1
    outer loop
      vertex 1.44366 25.8335 -2
      vertex 1.56647 24.4299 -2
      vertex 1.56647 25.5701 -2
    endloop
  endfacet
  facet normal 0 0 1
    outer loop
      vertex 1.44366 25.8335 -2
      vertex 1.44366 24.1665 -2
      vertex 1.56647 24.4299 -2
    endloop
  endfacet
  facet normal 0 0 1
    outer loop
      vertex 1.277 26.0715 -2
      vertex 1.44366 24.1665 -2
      vertex 1.44366 25.8335 -2
    endloop
  endfacet
  facet normal 0 0 1
    outer loop
      vertex 1.277 26.0715 -2
      vertex 1.277 23.9285 -2
      vertex 1.44366 24.1665 -2
    endloop
  endfacet
  facet normal 0 0 1
    outer loop
      vertex 1.07153 26.277 -2
      vertex 1.277 23.9285 -2
      vertex 1.277 26.0715 -2
    endloop
  endfacet
  facet normal 0 0 1
    outer loop
      vertex 1.07153 26.277 -2
      vertex 1.07153 23.723 -2
      vertex 1.277 23.9285 -2
    endloop
  endfacet
  facet normal 0 0 1
    outer loop
      vertex 0.8335 26.4437 -2
      vertex 1.07153 23.723 -2
      vertex 1.07153 26.277 -2
    endloop
  endfacet
  facet normal 0 0 1
    outer loop
      vertex 0.8335 26.4437 -2
      vertex 0.8335 23.5563 -2
      vertex 1.07153 23.723 -2
    endloop
  endfacet
  facet normal 0 0 1
    outer loop
      vertex 0.570148 26.5665 -2
      vertex 0.8335 23.5563 -2
      vertex 0.8335 26.4437 -2
    endloop
  endfacet
  facet normal 0 0 1
    outer loop
      vertex 0.570148 26.5665 -2
      vertex 0.570148 23.4335 -2
      vertex 0.8335 23.5563 -2
    endloop
  endfacet
  facet normal 0 0 1
    outer loop
      vertex 0.289471 26.6417 -2
      vertex 0.570148 23.4335 -2
      vertex 0.570148 26.5665 -2
    endloop
  endfacet
  facet normal 0 0 1
    outer loop
      vertex 0.289471 26.6417 -2
      vertex 0.289471 23.3583 -2
      vertex 0.570148 23.4335 -2
    endloop
  endfacet
  facet normal 0 0 1
    outer loop
      vertex 0 26.667 -2
      vertex 0.289471 23.3583 -2
      vertex 0.289471 26.6417 -2
    endloop
  endfacet
  facet normal 0 0 1
    outer loop
      vertex 0 26.667 -2
      vertex 0 23.333 -2
      vertex 0.289471 23.3583 -2
    endloop
  endfacet
  facet normal -0 0 1
    outer loop
      vertex -0.289471 26.6417 -2
      vertex 0 23.333 -2
      vertex 0 26.667 -2
    endloop
  endfacet
  facet normal 0 0 1
    outer loop
      vertex -0.289471 26.6417 -2
      vertex -0.289471 23.3583 -2
      vertex 0 23.333 -2
    endloop
  endfacet
  facet normal -0 0 1
    outer loop
      vertex -0.570148 26.5665 -2
      vertex -0.289471 23.3583 -2
      vertex -0.289471 26.6417 -2
    endloop
  endfacet
  facet normal 0 0 1
    outer loop
      vertex -0.570148 26.5665 -2
      vertex -0.570148 23.4335 -2
      vertex -0.289471 23.3583 -2
    endloop
  endfacet
  facet normal -0 0 1
    outer loop
      vertex -0.8335 26.4437 -2
      vertex -0.570148 23.4335 -2
      vertex -0.570148 26.5665 -2
    endloop
  endfacet
  facet normal 0 0 1
    outer loop
      vertex -0.8335 26.4437 -2
      vertex -0.8335 23.5563 -2
      vertex -0.570148 23.4335 -2
    endloop
  endfacet
  facet normal -0 0 1
    outer loop
      vertex -1.07153 26.277 -2
      vertex -0.8335 23.5563 -2
      vertex -0.8335 26.4437 -2
    endloop
  endfacet
  facet normal 0 0 1
    outer loop
      vertex -1.07153 26.277 -2
      vertex -1.07153 23.723 -2
      vertex -0.8335 23.5563 -2
    endloop
  endfacet
  facet normal -0 0 1
    outer loop
      vertex -1.277 26.0715 -2
      vertex -1.07153 23.723 -2
      vertex -1.07153 26.277 -2
    endloop
  endfacet
  facet normal 0 0 1
    outer loop
      vertex -1.277 26.0715 -2
      vertex -1.277 23.9285 -2
      vertex -1.07153 23.723 -2
    endloop
  endfacet
  facet normal -0 0 1
    outer loop
      vertex -1.44366 25.8335 -2
      vertex -1.277 23.9285 -2
      vertex -1.277 26.0715 -2
    endloop
  endfacet
  facet normal 0 0 1
    outer loop
      vertex -1.44366 25.8335 -2
      vertex -1.44366 24.1665 -2
      vertex -1.277 23.9285 -2
    endloop
  endfacet
  facet normal -0 0 1
    outer loop
      vertex -1.56647 25.5701 -2
      vertex -1.44366 24.1665 -2
      vertex -1.44366 25.8335 -2
    endloop
  endfacet
  facet normal 0 0 1
    outer loop
      vertex -1.56647 25.5701 -2
      vertex -1.56647 24.4299 -2
      vertex -1.44366 24.1665 -2
    endloop
  endfacet
  facet normal -0 0 1
    outer loop
      vertex -1.64167 25.2895 -2
      vertex -1.56647 24.4299 -2
      vertex -1.56647 25.5701 -2
    endloop
  endfacet
  facet normal 0 0 1
    outer loop
      vertex -1.64167 25.2895 -2
      vertex -1.64167 24.7105 -2
      vertex -1.56647 24.4299 -2
    endloop
  endfacet
  facet normal 0 -0 1
    outer loop
      vertex -1.64167 24.7105 -2
      vertex -1.64167 25.2895 -2
      vertex -1.667 25 -2
    endloop
  endfacet
  facet normal 0.573645 0.819104 -0
    outer loop
      vertex -0.8335 23.5563 -2
      vertex -1.07153 23.723 -0.5
      vertex -0.8335 23.5563 -0.5
    endloop
  endfacet
  facet normal 0.573645 0.819104 0
    outer loop
      vertex -1.07153 23.723 -0.5
      vertex -0.8335 23.5563 -2
      vertex -1.07153 23.723 -2
    endloop
  endfacet
  facet normal 0.707107 0.707107 0
    outer loop
      vertex -3.21394 -3.83022 5.01
      vertex -3.83022 -3.21394 -0.5
      vertex -3.83022 -3.21394 5.01
    endloop
  endfacet
  facet normal 0.707107 0.707107 0
    outer loop
      vertex -3.83022 -3.21394 -0.5
      vertex -3.21394 -3.83022 5.01
      vertex -3.21394 -3.83022 -0.5
    endloop
  endfacet
  facet normal 0.906311 -0.422612 0
    outer loop
      vertex -4.69846 1.7101 5.01
      vertex -4.33013 2.5 -0.5
      vertex -4.33013 2.5 5.01
    endloop
  endfacet
  facet normal 0.906311 -0.422612 0
    outer loop
      vertex -4.33013 2.5 -0.5
      vertex -4.69846 1.7101 5.01
      vertex -4.69846 1.7101 -0.5
    endloop
  endfacet
  facet normal -0.573579 0.81915 0
    outer loop
      vertex 3.21394 -3.83022 -0.5
      vertex 2.5 -4.33013 5.01
      vertex 3.21394 -3.83022 5.01
    endloop
  endfacet
  facet normal -0.573579 0.81915 0
    outer loop
      vertex 2.5 -4.33013 5.01
      vertex 3.21394 -3.83022 -0.5
      vertex 2.5 -4.33013 -0.5
    endloop
  endfacet
  facet normal 0.0871544 0.996195 -0
    outer loop
      vertex 0 -5 -0.5
      vertex -0.86824 -4.92404 5.01
      vertex 0 -5 5.01
    endloop
  endfacet
  facet normal 0.0871544 0.996195 0
    outer loop
      vertex -0.86824 -4.92404 5.01
      vertex 0 -5 -0.5
      vertex -0.86824 -4.92404 -0.5
    endloop
  endfacet
  facet normal -0.422612 0.906311 0
    outer loop
      vertex 2.5 -4.33013 -0.5
      vertex 1.7101 -4.69846 5.01
      vertex 2.5 -4.33013 5.01
    endloop
  endfacet
  facet normal -0.422612 0.906311 0
    outer loop
      vertex 1.7101 -4.69846 5.01
      vertex 2.5 -4.33013 -0.5
      vertex 1.7101 -4.69846 -0.5
    endloop
  endfacet
  facet normal 0.258824 -0.965925 0
    outer loop
      vertex -1.7101 4.69846 -0.5
      vertex -0.86824 4.92404 5.01
      vertex -1.7101 4.69846 5.01
    endloop
  endfacet
  facet normal 0.258824 -0.965925 0
    outer loop
      vertex -0.86824 4.92404 5.01
      vertex -1.7101 4.69846 -0.5
      vertex -0.86824 4.92404 -0.5
    endloop
  endfacet
  facet normal 0.422612 -0.906311 0
    outer loop
      vertex -2.5 4.33013 -0.5
      vertex -1.7101 4.69846 5.01
      vertex -2.5 4.33013 5.01
    endloop
  endfacet
  facet normal 0.422612 -0.906311 0
    outer loop
      vertex -1.7101 4.69846 5.01
      vertex -2.5 4.33013 -0.5
      vertex -1.7101 4.69846 -0.5
    endloop
  endfacet
  facet normal -0.0871544 0.996195 0
    outer loop
      vertex 0.86824 -4.92404 -0.5
      vertex 0 -5 5.01
      vertex 0.86824 -4.92404 5.01
    endloop
  endfacet
  facet normal -0.0871544 0.996195 0
    outer loop
      vertex 0 -5 5.01
      vertex 0.86824 -4.92404 -0.5
      vertex 0 -5 -0.5
    endloop
  endfacet
  facet normal 0.965925 0.258824 0
    outer loop
      vertex -4.69846 -1.7101 5.01
      vertex -4.92404 -0.86824 -0.5
      vertex -4.92404 -0.86824 5.01
    endloop
  endfacet
  facet normal 0.965925 0.258824 0
    outer loop
      vertex -4.92404 -0.86824 -0.5
      vertex -4.69846 -1.7101 5.01
      vertex -4.69846 -1.7101 -0.5
    endloop
  endfacet
  facet normal 0.573579 0.81915 -0
    outer loop
      vertex -2.5 -4.33013 -0.5
      vertex -3.21394 -3.83022 5.01
      vertex -2.5 -4.33013 5.01
    endloop
  endfacet
  facet normal 0.573579 0.81915 0
    outer loop
      vertex -3.21394 -3.83022 5.01
      vertex -2.5 -4.33013 -0.5
      vertex -3.21394 -3.83022 -0.5
    endloop
  endfacet
  facet normal 0.81915 -0.573579 0
    outer loop
      vertex -4.33013 2.5 5.01
      vertex -3.83022 3.21394 -0.5
      vertex -3.83022 3.21394 5.01
    endloop
  endfacet
  facet normal 0.81915 -0.573579 0
    outer loop
      vertex -3.83022 3.21394 -0.5
      vertex -4.33013 2.5 5.01
      vertex -4.33013 2.5 -0.5
    endloop
  endfacet
  facet normal 0.81915 0.573579 0
    outer loop
      vertex -3.83022 -3.21394 5.01
      vertex -4.33013 -2.5 -0.5
      vertex -4.33013 -2.5 5.01
    endloop
  endfacet
  facet normal 0.81915 0.573579 0
    outer loop
      vertex -4.33013 -2.5 -0.5
      vertex -3.83022 -3.21394 5.01
      vertex -3.83022 -3.21394 -0.5
    endloop
  endfacet
  facet normal 0.573579 -0.81915 0
    outer loop
      vertex -3.21394 3.83022 -0.5
      vertex -2.5 4.33013 5.01
      vertex -3.21394 3.83022 5.01
    endloop
  endfacet
  facet normal 0.573579 -0.81915 0
    outer loop
      vertex -2.5 4.33013 5.01
      vertex -3.21394 3.83022 -0.5
      vertex -2.5 4.33013 -0.5
    endloop
  endfacet
  facet normal 0.996195 -0.0871544 0
    outer loop
      vertex -5 0 5.01
      vertex -4.92404 0.86824 -0.5
      vertex -4.92404 0.86824 5.01
    endloop
  endfacet
  facet normal 0.996195 -0.0871544 0
    outer loop
      vertex -4.92404 0.86824 -0.5
      vertex -5 0 5.01
      vertex -5 0 -0.5
    endloop
  endfacet
  facet normal -0.422612 -0.906311 0
    outer loop
      vertex 1.7101 4.69846 -0.5
      vertex 2.5 4.33013 5.01
      vertex 1.7101 4.69846 5.01
    endloop
  endfacet
  facet normal -0.422612 -0.906311 -0
    outer loop
      vertex 2.5 4.33013 5.01
      vertex 1.7101 4.69846 -0.5
      vertex 2.5 4.33013 -0.5
    endloop
  endfacet
  facet normal -0.707107 -0.707107 0
    outer loop
      vertex 3.54416 3.5 -0.5
      vertex 3.21394 3.83022 5.01
      vertex 3.21394 3.83022 -0.5
    endloop
  endfacet
  facet normal -0.707107 -0.707107 0
    outer loop
      vertex 3.21394 3.83022 5.01
      vertex 3.54416 3.5 -0.5
      vertex 3.54416 3.5 5.01
    endloop
  endfacet
  facet normal -0.258824 0.965925 0
    outer loop
      vertex 1.7101 -4.69846 -0.5
      vertex 0.86824 -4.92404 5.01
      vertex 1.7101 -4.69846 5.01
    endloop
  endfacet
  facet normal -0.258824 0.965925 0
    outer loop
      vertex 0.86824 -4.92404 5.01
      vertex 1.7101 -4.69846 -0.5
      vertex 0.86824 -4.92404 -0.5
    endloop
  endfacet
  facet normal -0 0 1
    outer loop
      vertex 3.54416 3.5 -0.5
      vertex 10 -3.5 -0.5
      vertex 10 3.5 -0.5
    endloop
  endfacet
  facet normal 0 0 1
    outer loop
      vertex 3.54416 3.5 -0.5
      vertex 3.54416 -3.5 -0.5
      vertex 10 -3.5 -0.5
    endloop
  endfacet
  facet normal 0 0 1
    outer loop
      vertex 1.07153 1.277 -0.5
      vertex 3.54416 3.5 -0.5
      vertex 3.21394 3.83022 -0.5
    endloop
  endfacet
  facet normal 0 0 1
    outer loop
      vertex 3.54416 3.5 -0.5
      vertex 1.667 0 -0.5
      vertex 3.54416 -3.5 -0.5
    endloop
  endfacet
  facet normal 0 0 1
    outer loop
      vertex 1.07153 1.277 -0.5
      vertex 3.21394 3.83022 -0.5
      vertex 2.5 4.33013 -0.5
    endloop
  endfacet
  facet normal -0 0 1
    outer loop
      vertex 1.64167 -0.289471 -0.5
      vertex 3.54416 -3.5 -0.5
      vertex 1.667 0 -0.5
    endloop
  endfacet
  facet normal 0 0 1
    outer loop
      vertex 0.8335 1.44366 -0.5
      vertex 2.5 4.33013 -0.5
      vertex 1.7101 4.69846 -0.5
    endloop
  endfacet
  facet normal -0 0 1
    outer loop
      vertex 1.56647 -0.570148 -0.5
      vertex 3.54416 -3.5 -0.5
      vertex 1.64167 -0.289471 -0.5
    endloop
  endfacet
  facet normal -0 0 1
    outer loop
      vertex 1.44366 -0.8335 -0.5
      vertex 3.54416 -3.5 -0.5
      vertex 1.56647 -0.570148 -0.5
    endloop
  endfacet
  facet normal 0 0 1
    outer loop
      vertex 3.54416 3.5 -0.5
      vertex 1.64167 0.289471 -0.5
      vertex 1.667 0 -0.5
    endloop
  endfacet
  facet normal 0 0 1
    outer loop
      vertex 3.54416 3.5 -0.5
      vertex 1.56647 0.570148 -0.5
      vertex 1.64167 0.289471 -0.5
    endloop
  endfacet
  facet normal 0 0 1
    outer loop
      vertex 3.54416 3.5 -0.5
      vertex 1.44366 0.8335 -0.5
      vertex 1.56647 0.570148 -0.5
    endloop
  endfacet
  facet normal 0 0 1
    outer loop
      vertex 3.54416 3.5 -0.5
      vertex 1.277 1.07153 -0.5
      vertex 1.44366 0.8335 -0.5
    endloop
  endfacet
  facet normal 0 0 1
    outer loop
      vertex 3.54416 3.5 -0.5
      vertex 1.07153 1.277 -0.5
      vertex 1.277 1.07153 -0.5
    endloop
  endfacet
  facet normal 0 0 1
    outer loop
      vertex 0.570148 1.56647 -0.5
      vertex 1.7101 4.69846 -0.5
      vertex 0.86824 4.92404 -0.5
    endloop
  endfacet
  facet normal 0 0 1
    outer loop
      vertex 2.5 4.33013 -0.5
      vertex 0.8335 1.44366 -0.5
      vertex 1.07153 1.277 -0.5
    endloop
  endfacet
  facet normal 0 0 1
    outer loop
      vertex 1.7101 4.69846 -0.5
      vertex 0.570148 1.56647 -0.5
      vertex 0.8335 1.44366 -0.5
    endloop
  endfacet
  facet normal 0 0 1
    outer loop
      vertex 0.86824 4.92404 -0.5
      vertex 0.289471 1.64167 -0.5
      vertex 0.570148 1.56647 -0.5
    endloop
  endfacet
  facet normal 0 0 1
    outer loop
      vertex 0 5 -0.5
      vertex 0.289471 1.64167 -0.5
      vertex 0.86824 4.92404 -0.5
    endloop
  endfacet
  facet normal 0 0 1
    outer loop
      vertex 0 5 -0.5
      vertex 0 1.667 -0.5
      vertex 0.289471 1.64167 -0.5
    endloop
  endfacet
  facet normal 0 0 1
    outer loop
      vertex 0 5 -0.5
      vertex -0.289471 1.64167 -0.5
      vertex 0 1.667 -0.5
    endloop
  endfacet
  facet normal -0 0 1
    outer loop
      vertex -0.86824 4.92404 -0.5
      vertex -0.289471 1.64167 -0.5
      vertex 0 5 -0.5
    endloop
  endfacet
  facet normal 0 0 1
    outer loop
      vertex -0.289471 1.64167 -0.5
      vertex -0.86824 4.92404 -0.5
      vertex -0.570148 1.56647 -0.5
    endloop
  endfacet
  facet normal -0 0 1
    outer loop
      vertex -1.7101 4.69846 -0.5
      vertex -0.570148 1.56647 -0.5
      vertex -0.86824 4.92404 -0.5
    endloop
  endfacet
  facet normal 0 0 1
    outer loop
      vertex -0.570148 1.56647 -0.5
      vertex -1.7101 4.69846 -0.5
      vertex -0.8335 1.44366 -0.5
    endloop
  endfacet
  facet normal -0 0 1
    outer loop
      vertex -2.5 4.33013 -0.5
      vertex -0.8335 1.44366 -0.5
      vertex -1.7101 4.69846 -0.5
    endloop
  endfacet
  facet normal 0 0 1
    outer loop
      vertex -0.8335 1.44366 -0.5
      vertex -2.5 4.33013 -0.5
      vertex -1.07153 1.277 -0.5
    endloop
  endfacet
  facet normal -0 0 1
    outer loop
      vertex -3.21394 3.83022 -0.5
      vertex -1.07153 1.277 -0.5
      vertex -2.5 4.33013 -0.5
    endloop
  endfacet
  facet normal 0 0 1
    outer loop
      vertex -1.07153 1.277 -0.5
      vertex -3.21394 3.83022 -0.5
      vertex -1.277 1.07153 -0.5
    endloop
  endfacet
  facet normal 0 0 1
    outer loop
      vertex -1.277 1.07153 -0.5
      vertex -3.83022 3.21394 -0.5
      vertex -1.44366 0.8335 -0.5
    endloop
  endfacet
  facet normal -0 0 1
    outer loop
      vertex -3.83022 3.21394 -0.5
      vertex -1.277 1.07153 -0.5
      vertex -3.21394 3.83022 -0.5
    endloop
  endfacet
  facet normal -0 0 1
    outer loop
      vertex 1.277 -1.07153 -0.5
      vertex 3.54416 -3.5 -0.5
      vertex 1.44366 -0.8335 -0.5
    endloop
  endfacet
  facet normal -0 0 1
    outer loop
      vertex 1.07153 -1.277 -0.5
      vertex 3.54416 -3.5 -0.5
      vertex 1.277 -1.07153 -0.5
    endloop
  endfacet
  facet normal 0 0 1
    outer loop
      vertex 3.54416 -3.5 -0.5
      vertex 1.07153 -1.277 -0.5
      vertex 3.21394 -3.83022 -0.5
    endloop
  endfacet
  facet normal 0 0 1
    outer loop
      vertex 3.21394 -3.83022 -0.5
      vertex 1.07153 -1.277 -0.5
      vertex 2.5 -4.33013 -0.5
    endloop
  endfacet
  facet normal -0 0 1
    outer loop
      vertex 0.8335 -1.44366 -0.5
      vertex 2.5 -4.33013 -0.5
      vertex 1.07153 -1.277 -0.5
    endloop
  endfacet
  facet normal 0 0 1
    outer loop
      vertex 2.5 -4.33013 -0.5
      vertex 0.8335 -1.44366 -0.5
      vertex 1.7101 -4.69846 -0.5
    endloop
  endfacet
  facet normal -0 0 1
    outer loop
      vertex 0.570148 -1.56647 -0.5
      vertex 1.7101 -4.69846 -0.5
      vertex 0.8335 -1.44366 -0.5
    endloop
  endfacet
  facet normal 0 0 1
    outer loop
      vertex 1.7101 -4.69846 -0.5
      vertex 0.570148 -1.56647 -0.5
      vertex 0.86824 -4.92404 -0.5
    endloop
  endfacet
  facet normal -0 0 1
    outer loop
      vertex 0.289471 -1.64167 -0.5
      vertex 0.86824 -4.92404 -0.5
      vertex 0.570148 -1.56647 -0.5
    endloop
  endfacet
  facet normal -0 0 1
    outer loop
      vertex 0 -1.667 -0.5
      vertex 0.86824 -4.92404 -0.5
      vertex 0.289471 -1.64167 -0.5
    endloop
  endfacet
  facet normal 0 0 1
    outer loop
      vertex 0 -1.667 -0.5
      vertex 0 -5 -0.5
      vertex 0.86824 -4.92404 -0.5
    endloop
  endfacet
  facet normal 0 0 1
    outer loop
      vertex -0.289471 -1.64167 -0.5
      vertex 0 -5 -0.5
      vertex 0 -1.667 -0.5
    endloop
  endfacet
  facet normal 0 0 1
    outer loop
      vertex -0.86824 -4.92404 -0.5
      vertex -0.289471 -1.64167 -0.5
      vertex -0.570148 -1.56647 -0.5
    endloop
  endfacet
  facet normal 0 0 1
    outer loop
      vertex -1.7101 -4.69846 -0.5
      vertex -0.570148 -1.56647 -0.5
      vertex -0.8335 -1.44366 -0.5
    endloop
  endfacet
  facet normal 0 0 1
    outer loop
      vertex -0.289471 -1.64167 -0.5
      vertex -0.86824 -4.92404 -0.5
      vertex 0 -5 -0.5
    endloop
  endfacet
  facet normal 0 0 1
    outer loop
      vertex -2.5 -4.33013 -0.5
      vertex -0.8335 -1.44366 -0.5
      vertex -1.07153 -1.277 -0.5
    endloop
  endfacet
  facet normal 0 0 1
    outer loop
      vertex -3.21394 -3.83022 -0.5
      vertex -1.07153 -1.277 -0.5
      vertex -1.277 -1.07153 -0.5
    endloop
  endfacet
  facet normal 0 0 1
    outer loop
      vertex -3.83022 -3.21394 -0.5
      vertex -1.277 -1.07153 -0.5
      vertex -1.44366 -0.8335 -0.5
    endloop
  endfacet
  facet normal 0 0 1
    outer loop
      vertex -4.33013 -2.5 -0.5
      vertex -1.44366 -0.8335 -0.5
      vertex -1.56647 -0.570148 -0.5
    endloop
  endfacet
  facet normal 0 0 1
    outer loop
      vertex -4.69846 -1.7101 -0.5
      vertex -1.56647 -0.570148 -0.5
      vertex -1.64167 -0.289471 -0.5
    endloop
  endfacet
  facet normal 0 0 1
    outer loop
      vertex -0.570148 -1.56647 -0.5
      vertex -1.7101 -4.69846 -0.5
      vertex -0.86824 -4.92404 -0.5
    endloop
  endfacet
  facet normal 0 0 1
    outer loop
      vertex -4.92404 -0.86824 -0.5
      vertex -1.64167 -0.289471 -0.5
      vertex -1.667 0 -0.5
    endloop
  endfacet
  facet normal -0 0 1
    outer loop
      vertex -4.33013 2.5 -0.5
      vertex -1.44366 0.8335 -0.5
      vertex -3.83022 3.21394 -0.5
    endloop
  endfacet
  facet normal 0 0 1
    outer loop
      vertex -1.44366 0.8335 -0.5
      vertex -4.33013 2.5 -0.5
      vertex -1.56647 0.570148 -0.5
    endloop
  endfacet
  facet normal 0 0 1
    outer loop
      vertex -0.8335 -1.44366 -0.5
      vertex -2.5 -4.33013 -0.5
      vertex -1.7101 -4.69846 -0.5
    endloop
  endfacet
  facet normal -0 0 1
    outer loop
      vertex -4.69846 1.7101 -0.5
      vertex -1.56647 0.570148 -0.5
      vertex -4.33013 2.5 -0.5
    endloop
  endfacet
  facet normal 0 0 1
    outer loop
      vertex -1.07153 -1.277 -0.5
      vertex -3.21394 -3.83022 -0.5
      vertex -2.5 -4.33013 -0.5
    endloop
  endfacet
  facet normal 0 0 1
    outer loop
      vertex -1.56647 0.570148 -0.5
      vertex -4.69846 1.7101 -0.5
      vertex -1.64167 0.289471 -0.5
    endloop
  endfacet
  facet normal 0 0 1
    outer loop
      vertex -1.277 -1.07153 -0.5
      vertex -3.83022 -3.21394 -0.5
      vertex -3.21394 -3.83022 -0.5
    endloop
  endfacet
  facet normal -0 0 1
    outer loop
      vertex -4.92404 0.86824 -0.5
      vertex -1.64167 0.289471 -0.5
      vertex -4.69846 1.7101 -0.5
    endloop
  endfacet
  facet normal 0 0 1
    outer loop
      vertex -1.44366 -0.8335 -0.5
      vertex -4.33013 -2.5 -0.5
      vertex -3.83022 -3.21394 -0.5
    endloop
  endfacet
  facet normal 0 0 1
    outer loop
      vertex -1.64167 0.289471 -0.5
      vertex -4.92404 0.86824 -0.5
      vertex -1.667 0 -0.5
    endloop
  endfacet
  facet normal 0 0 1
    outer loop
      vertex -1.56647 -0.570148 -0.5
      vertex -4.69846 -1.7101 -0.5
      vertex -4.33013 -2.5 -0.5
    endloop
  endfacet
  facet normal 0 0 1
    outer loop
      vertex -5 0 -0.5
      vertex -1.667 0 -0.5
      vertex -4.92404 0.86824 -0.5
    endloop
  endfacet
  facet normal 0 0 1
    outer loop
      vertex -1.64167 -0.289471 -0.5
      vertex -4.92404 -0.86824 -0.5
      vertex -4.69846 -1.7101 -0.5
    endloop
  endfacet
  facet normal 0 0 1
    outer loop
      vertex -1.667 0 -0.5
      vertex -5 0 -0.5
      vertex -4.92404 -0.86824 -0.5
    endloop
  endfacet
  facet normal -0.573579 -0.81915 0
    outer loop
      vertex 2.5 4.33013 -0.5
      vertex 3.21394 3.83022 5.01
      vertex 2.5 4.33013 5.01
    endloop
  endfacet
  facet normal -0.573579 -0.81915 -0
    outer loop
      vertex 3.21394 3.83022 5.01
      vertex 2.5 4.33013 -0.5
      vertex 3.21394 3.83022 -0.5
    endloop
  endfacet
  facet normal 0.422612 0.906311 -0
    outer loop
      vertex -1.7101 -4.69846 -0.5
      vertex -2.5 -4.33013 5.01
      vertex -1.7101 -4.69846 5.01
    endloop
  endfacet
  facet normal 0.422612 0.906311 0
    outer loop
      vertex -2.5 -4.33013 5.01
      vertex -1.7101 -4.69846 -0.5
      vertex -2.5 -4.33013 -0.5
    endloop
  endfacet
  facet normal 0.0871544 -0.996195 0
    outer loop
      vertex -0.86824 4.92404 -0.5
      vertex 0 5 5.01
      vertex -0.86824 4.92404 5.01
    endloop
  endfacet
  facet normal 0.0871544 -0.996195 0
    outer loop
      vertex 0 5 5.01
      vertex -0.86824 4.92404 -0.5
      vertex 0 5 -0.5
    endloop
  endfacet
  facet normal 0.258824 0.965925 -0
    outer loop
      vertex -0.86824 -4.92404 -0.5
      vertex -1.7101 -4.69846 5.01
      vertex -0.86824 -4.92404 5.01
    endloop
  endfacet
  facet normal 0.258824 0.965925 0
    outer loop
      vertex -1.7101 -4.69846 5.01
      vertex -0.86824 -4.92404 -0.5
      vertex -1.7101 -4.69846 -0.5
    endloop
  endfacet
  facet normal 0.906311 0.422612 0
    outer loop
      vertex -4.33013 -2.5 5.01
      vertex -4.69846 -1.7101 -0.5
      vertex -4.69846 -1.7101 5.01
    endloop
  endfacet
  facet normal 0.906311 0.422612 0
    outer loop
      vertex -4.69846 -1.7101 -0.5
      vertex -4.33013 -2.5 5.01
      vertex -4.33013 -2.5 -0.5
    endloop
  endfacet
  facet normal -0.0871544 -0.996195 0
    outer loop
      vertex 0 5 -0.5
      vertex 0.86824 4.92404 5.01
      vertex 0 5 5.01
    endloop
  endfacet
  facet normal -0.0871544 -0.996195 -0
    outer loop
      vertex 0.86824 4.92404 5.01
      vertex 0 5 -0.5
      vertex 0.86824 4.92404 -0.5
    endloop
  endfacet
  facet normal -0.707107 0.707107 0
    outer loop
      vertex 3.21394 -3.83022 -0.5
      vertex 3.54416 -3.5 5.01
      vertex 3.54416 -3.5 -0.5
    endloop
  endfacet
  facet normal -0.707107 0.707107 0
    outer loop
      vertex 3.54416 -3.5 5.01
      vertex 3.21394 -3.83022 -0.5
      vertex 3.21394 -3.83022 5.01
    endloop
  endfacet
  facet normal 0.996195 0.0871544 0
    outer loop
      vertex -4.92404 -0.86824 5.01
      vertex -5 0 -0.5
      vertex -5 0 5.01
    endloop
  endfacet
  facet normal 0.996195 0.0871544 0
    outer loop
      vertex -5 0 -0.5
      vertex -4.92404 -0.86824 5.01
      vertex -4.92404 -0.86824 -0.5
    endloop
  endfacet
  facet normal -0.258824 -0.965925 0
    outer loop
      vertex 0.86824 4.92404 -0.5
      vertex 1.7101 4.69846 5.01
      vertex 0.86824 4.92404 5.01
    endloop
  endfacet
  facet normal -0.258824 -0.965925 -0
    outer loop
      vertex 1.7101 4.69846 5.01
      vertex 0.86824 4.92404 -0.5
      vertex 1.7101 4.69846 -0.5
    endloop
  endfacet
  facet normal 0.965925 -0.258824 0
    outer loop
      vertex -4.92404 0.86824 5.01
      vertex -4.69846 1.7101 -0.5
      vertex -4.69846 1.7101 5.01
    endloop
  endfacet
  facet normal 0.965925 -0.258824 0
    outer loop
      vertex -4.69846 1.7101 -0.5
      vertex -4.92404 0.86824 5.01
      vertex -4.92404 0.86824 -0.5
    endloop
  endfacet
  facet normal 0.707107 -0.707107 0
    outer loop
      vertex -3.83022 3.21394 5.01
      vertex -3.21394 3.83022 -0.5
      vertex -3.21394 3.83022 5.01
    endloop
  endfacet
  facet normal 0.707107 -0.707107 0
    outer loop
      vertex -3.21394 3.83022 -0.5
      vertex -3.83022 3.21394 5.01
      vertex -3.83022 3.21394 -0.5
    endloop
  endfacet
  facet normal -1 0 0
    outer loop
      vertex 10 -3.5 -0.5
      vertex 10 3.5 5.01
      vertex 10 3.5 -0.5
    endloop
  endfacet
  facet normal -1 -0 0
    outer loop
      vertex 10 3.5 5.01
      vertex 10 -3.5 -0.5
      vertex 10 -3.5 5.01
    endloop
  endfacet
  facet normal 0 -1 0
    outer loop
      vertex 3.54416 3.5 -0.5
      vertex 10 3.5 5.01
      vertex 3.54416 3.5 5.01
    endloop
  endfacet
  facet normal 0 -1 -0
    outer loop
      vertex 10 3.5 5.01
      vertex 3.54416 3.5 -0.5
      vertex 10 3.5 -0.5
    endloop
  endfacet
  facet normal 0 1 -0
    outer loop
      vertex 10 -3.5 -0.5
      vertex 3.54416 -3.5 5.01
      vertex 10 -3.5 5.01
    endloop
  endfacet
  facet normal 0 1 0
    outer loop
      vertex 3.54416 -3.5 5.01
      vertex 10 -3.5 -0.5
      vertex 3.54416 -3.5 -0.5
    endloop
  endfacet
  facet normal -0.0871713 0.996193 0
    outer loop
      vertex 0.289471 -1.64167 -2
      vertex 0 -1.667 -0.5
      vertex 0.289471 -1.64167 -0.5
    endloop
  endfacet
  facet normal -0.0871713 0.996193 0
    outer loop
      vertex 0 -1.667 -0.5
      vertex 0.289471 -1.64167 -2
      vertex 0 -1.667 -2
    endloop
  endfacet
  facet normal -0.965932 -0.258796 0
    outer loop
      vertex 1.64167 0.289471 -2
      vertex 1.56647 0.570148 -0.5
      vertex 1.56647 0.570148 -2
    endloop
  endfacet
  facet normal -0.965932 -0.258796 0
    outer loop
      vertex 1.56647 0.570148 -0.5
      vertex 1.64167 0.289471 -2
      vertex 1.64167 0.289471 -0.5
    endloop
  endfacet
  facet normal -0.996193 -0.0871713 0
    outer loop
      vertex 1.667 0 -2
      vertex 1.64167 0.289471 -0.5
      vertex 1.64167 0.289471 -2
    endloop
  endfacet
  facet normal -0.996193 -0.0871713 0
    outer loop
      vertex 1.64167 0.289471 -0.5
      vertex 1.667 0 -2
      vertex 1.667 0 -0.5
    endloop
  endfacet
  facet normal -0.906299 -0.422638 0
    outer loop
      vertex 1.56647 0.570148 -2
      vertex 1.44366 0.8335 -0.5
      vertex 1.44366 0.8335 -2
    endloop
  endfacet
  facet normal -0.906299 -0.422638 0
    outer loop
      vertex 1.44366 0.8335 -0.5
      vertex 1.56647 0.570148 -2
      vertex 1.56647 0.570148 -0.5
    endloop
  endfacet
  facet normal -0.819169 -0.573552 0
    outer loop
      vertex 1.44366 0.8335 -2
      vertex 1.277 1.07153 -0.5
      vertex 1.277 1.07153 -2
    endloop
  endfacet
  facet normal -0.819169 -0.573552 0
    outer loop
      vertex 1.277 1.07153 -0.5
      vertex 1.44366 0.8335 -2
      vertex 1.44366 0.8335 -0.5
    endloop
  endfacet
  facet normal -0.707107 -0.707107 0
    outer loop
      vertex 1.277 1.07153 -2
      vertex 1.07153 1.277 -0.5
      vertex 1.07153 1.277 -2
    endloop
  endfacet
  facet normal -0.707107 -0.707107 0
    outer loop
      vertex 1.07153 1.277 -0.5
      vertex 1.277 1.07153 -2
      vertex 1.277 1.07153 -0.5
    endloop
  endfacet
  facet normal -0.965932 0.258796 0
    outer loop
      vertex 1.56647 -0.570148 -2
      vertex 1.64167 -0.289471 -0.5
      vertex 1.64167 -0.289471 -2
    endloop
  endfacet
  facet normal -0.965932 0.258796 0
    outer loop
      vertex 1.64167 -0.289471 -0.5
      vertex 1.56647 -0.570148 -2
      vertex 1.56647 -0.570148 -0.5
    endloop
  endfacet
  facet normal -0.258796 0.965932 0
    outer loop
      vertex 0.570148 -1.56647 -2
      vertex 0.289471 -1.64167 -0.5
      vertex 0.570148 -1.56647 -0.5
    endloop
  endfacet
  facet normal -0.258796 0.965932 0
    outer loop
      vertex 0.289471 -1.64167 -0.5
      vertex 0.570148 -1.56647 -2
      vertex 0.289471 -1.64167 -2
    endloop
  endfacet
  facet normal 0.906299 -0.422638 0
    outer loop
      vertex -1.56647 0.570148 -0.5
      vertex -1.44366 0.8335 -2
      vertex -1.44366 0.8335 -0.5
    endloop
  endfacet
  facet normal 0.906299 -0.422638 0
    outer loop
      vertex -1.44366 0.8335 -2
      vertex -1.56647 0.570148 -0.5
      vertex -1.56647 0.570148 -2
    endloop
  endfacet
  facet normal 0.996193 0.0871713 0
    outer loop
      vertex -1.64167 -0.289471 -0.5
      vertex -1.667 0 -2
      vertex -1.667 0 -0.5
    endloop
  endfacet
  facet normal 0.996193 0.0871713 0
    outer loop
      vertex -1.667 0 -2
      vertex -1.64167 -0.289471 -0.5
      vertex -1.64167 -0.289471 -2
    endloop
  endfacet
  facet normal -0.819169 0.573552 0
    outer loop
      vertex 1.277 -1.07153 -2
      vertex 1.44366 -0.8335 -0.5
      vertex 1.44366 -0.8335 -2
    endloop
  endfacet
  facet normal -0.819169 0.573552 0
    outer loop
      vertex 1.44366 -0.8335 -0.5
      vertex 1.277 -1.07153 -2
      vertex 1.277 -1.07153 -0.5
    endloop
  endfacet
  facet normal 0.965932 -0.258796 0
    outer loop
      vertex -1.64167 0.289471 -0.5
      vertex -1.56647 0.570148 -2
      vertex -1.56647 0.570148 -0.5
    endloop
  endfacet
  facet normal 0.965932 -0.258796 0
    outer loop
      vertex -1.56647 0.570148 -2
      vertex -1.64167 0.289471 -0.5
      vertex -1.64167 0.289471 -2
    endloop
  endfacet
  facet normal -0.906299 0.422638 0
    outer loop
      vertex 1.44366 -0.8335 -2
      vertex 1.56647 -0.570148 -0.5
      vertex 1.56647 -0.570148 -2
    endloop
  endfacet
  facet normal -0.906299 0.422638 0
    outer loop
      vertex 1.56647 -0.570148 -0.5
      vertex 1.44366 -0.8335 -2
      vertex 1.44366 -0.8335 -0.5
    endloop
  endfacet
  facet normal -0.422638 -0.906299 0
    outer loop
      vertex 0.570148 1.56647 -2
      vertex 0.8335 1.44366 -0.5
      vertex 0.570148 1.56647 -0.5
    endloop
  endfacet
  facet normal -0.422638 -0.906299 -0
    outer loop
      vertex 0.8335 1.44366 -0.5
      vertex 0.570148 1.56647 -2
      vertex 0.8335 1.44366 -2
    endloop
  endfacet
  facet normal 0.965932 0.258796 0
    outer loop
      vertex -1.56647 -0.570148 -0.5
      vertex -1.64167 -0.289471 -2
      vertex -1.64167 -0.289471 -0.5
    endloop
  endfacet
  facet normal 0.965932 0.258796 0
    outer loop
      vertex -1.64167 -0.289471 -2
      vertex -1.56647 -0.570148 -0.5
      vertex -1.56647 -0.570148 -2
    endloop
  endfacet
  facet normal -0.996193 0.0871713 0
    outer loop
      vertex 1.64167 -0.289471 -2
      vertex 1.667 0 -0.5
      vertex 1.667 0 -2
    endloop
  endfacet
  facet normal -0.996193 0.0871713 0
    outer loop
      vertex 1.667 0 -0.5
      vertex 1.64167 -0.289471 -2
      vertex 1.64167 -0.289471 -0.5
    endloop
  endfacet
  facet normal -0.573552 0.819169 0
    outer loop
      vertex 1.07153 -1.277 -2
      vertex 0.8335 -1.44366 -0.5
      vertex 1.07153 -1.277 -0.5
    endloop
  endfacet
  facet normal -0.573552 0.819169 0
    outer loop
      vertex 0.8335 -1.44366 -0.5
      vertex 1.07153 -1.277 -2
      vertex 0.8335 -1.44366 -2
    endloop
  endfacet
  facet normal 0.573552 -0.819169 0
    outer loop
      vertex -1.07153 1.277 -2
      vertex -0.8335 1.44366 -0.5
      vertex -1.07153 1.277 -0.5
    endloop
  endfacet
  facet normal 0.573552 -0.819169 0
    outer loop
      vertex -0.8335 1.44366 -0.5
      vertex -1.07153 1.277 -2
      vertex -0.8335 1.44366 -2
    endloop
  endfacet
  facet normal 0.422638 -0.906299 0
    outer loop
      vertex -0.8335 1.44366 -2
      vertex -0.570148 1.56647 -0.5
      vertex -0.8335 1.44366 -0.5
    endloop
  endfacet
  facet normal 0.422638 -0.906299 0
    outer loop
      vertex -0.570148 1.56647 -0.5
      vertex -0.8335 1.44366 -2
      vertex -0.570148 1.56647 -2
    endloop
  endfacet
  facet normal -0.573552 -0.819169 0
    outer loop
      vertex 0.8335 1.44366 -2
      vertex 1.07153 1.277 -0.5
      vertex 0.8335 1.44366 -0.5
    endloop
  endfacet
  facet normal -0.573552 -0.819169 -0
    outer loop
      vertex 1.07153 1.277 -0.5
      vertex 0.8335 1.44366 -2
      vertex 1.07153 1.277 -2
    endloop
  endfacet
  facet normal 0.258796 -0.965932 0
    outer loop
      vertex -0.570148 1.56647 -2
      vertex -0.289471 1.64167 -0.5
      vertex -0.570148 1.56647 -0.5
    endloop
  endfacet
  facet normal 0.258796 -0.965932 0
    outer loop
      vertex -0.289471 1.64167 -0.5
      vertex -0.570148 1.56647 -2
      vertex -0.289471 1.64167 -2
    endloop
  endfacet
  facet normal 0.422638 0.906299 -0
    outer loop
      vertex -0.570148 -1.56647 -2
      vertex -0.8335 -1.44366 -0.5
      vertex -0.570148 -1.56647 -0.5
    endloop
  endfacet
  facet normal 0.422638 0.906299 0
    outer loop
      vertex -0.8335 -1.44366 -0.5
      vertex -0.570148 -1.56647 -2
      vertex -0.8335 -1.44366 -2
    endloop
  endfacet
  facet normal 0.707107 -0.707107 0
    outer loop
      vertex -1.277 1.07153 -0.5
      vertex -1.07153 1.277 -2
      vertex -1.07153 1.277 -0.5
    endloop
  endfacet
  facet normal 0.707107 -0.707107 0
    outer loop
      vertex -1.07153 1.277 -2
      vertex -1.277 1.07153 -0.5
      vertex -1.277 1.07153 -2
    endloop
  endfacet
  facet normal 0.0871713 -0.996193 0
    outer loop
      vertex -0.289471 1.64167 -2
      vertex 0 1.667 -0.5
      vertex -0.289471 1.64167 -0.5
    endloop
  endfacet
  facet normal 0.0871713 -0.996193 0
    outer loop
      vertex 0 1.667 -0.5
      vertex -0.289471 1.64167 -2
      vertex 0 1.667 -2
    endloop
  endfacet
  facet normal 0.906299 0.422638 0
    outer loop
      vertex -1.44366 -0.8335 -0.5
      vertex -1.56647 -0.570148 -2
      vertex -1.56647 -0.570148 -0.5
    endloop
  endfacet
  facet normal 0.906299 0.422638 0
    outer loop
      vertex -1.56647 -0.570148 -2
      vertex -1.44366 -0.8335 -0.5
      vertex -1.44366 -0.8335 -2
    endloop
  endfacet
  facet normal -0.0871713 -0.996193 0
    outer loop
      vertex 0 1.667 -2
      vertex 0.289471 1.64167 -0.5
      vertex 0 1.667 -0.5
    endloop
  endfacet
  facet normal -0.0871713 -0.996193 -0
    outer loop
      vertex 0.289471 1.64167 -0.5
      vertex 0 1.667 -2
      vertex 0.289471 1.64167 -2
    endloop
  endfacet
  facet normal 0.996193 -0.0871713 0
    outer loop
      vertex -1.667 0 -0.5
      vertex -1.64167 0.289471 -2
      vertex -1.64167 0.289471 -0.5
    endloop
  endfacet
  facet normal 0.996193 -0.0871713 0
    outer loop
      vertex -1.64167 0.289471 -2
      vertex -1.667 0 -0.5
      vertex -1.667 0 -2
    endloop
  endfacet
  facet normal 0.819169 0.573552 0
    outer loop
      vertex -1.277 -1.07153 -0.5
      vertex -1.44366 -0.8335 -2
      vertex -1.44366 -0.8335 -0.5
    endloop
  endfacet
  facet normal 0.819169 0.573552 0
    outer loop
      vertex -1.44366 -0.8335 -2
      vertex -1.277 -1.07153 -0.5
      vertex -1.277 -1.07153 -2
    endloop
  endfacet
  facet normal -0.707107 0.707107 0
    outer loop
      vertex 1.07153 -1.277 -2
      vertex 1.277 -1.07153 -0.5
      vertex 1.277 -1.07153 -2
    endloop
  endfacet
  facet normal -0.707107 0.707107 0
    outer loop
      vertex 1.277 -1.07153 -0.5
      vertex 1.07153 -1.277 -2
      vertex 1.07153 -1.277 -0.5
    endloop
  endfacet
  facet normal 0.707107 0.707107 0
    outer loop
      vertex -1.07153 -1.277 -0.5
      vertex -1.277 -1.07153 -2
      vertex -1.277 -1.07153 -0.5
    endloop
  endfacet
  facet normal 0.707107 0.707107 0
    outer loop
      vertex -1.277 -1.07153 -2
      vertex -1.07153 -1.277 -0.5
      vertex -1.07153 -1.277 -2
    endloop
  endfacet
  facet normal -0.422638 0.906299 0
    outer loop
      vertex 0.8335 -1.44366 -2
      vertex 0.570148 -1.56647 -0.5
      vertex 0.8335 -1.44366 -0.5
    endloop
  endfacet
  facet normal -0.422638 0.906299 0
    outer loop
      vertex 0.570148 -1.56647 -0.5
      vertex 0.8335 -1.44366 -2
      vertex 0.570148 -1.56647 -2
    endloop
  endfacet
  facet normal 0.819169 -0.573552 0
    outer loop
      vertex -1.44366 0.8335 -0.5
      vertex -1.277 1.07153 -2
      vertex -1.277 1.07153 -0.5
    endloop
  endfacet
  facet normal 0.819169 -0.573552 0
    outer loop
      vertex -1.277 1.07153 -2
      vertex -1.44366 0.8335 -0.5
      vertex -1.44366 0.8335 -2
    endloop
  endfacet
  facet normal -0.258796 -0.965932 0
    outer loop
      vertex 0.289471 1.64167 -2
      vertex 0.570148 1.56647 -0.5
      vertex 0.289471 1.64167 -0.5
    endloop
  endfacet
  facet normal -0.258796 -0.965932 -0
    outer loop
      vertex 0.570148 1.56647 -0.5
      vertex 0.289471 1.64167 -2
      vertex 0.570148 1.56647 -2
    endloop
  endfacet
  facet normal 0.0871713 0.996193 -0
    outer loop
      vertex 0 -1.667 -2
      vertex -0.289471 -1.64167 -0.5
      vertex 0 -1.667 -0.5
    endloop
  endfacet
  facet normal 0.0871713 0.996193 0
    outer loop
      vertex -0.289471 -1.64167 -0.5
      vertex 0 -1.667 -2
      vertex -0.289471 -1.64167 -2
    endloop
  endfacet
  facet normal 0.258796 0.965932 -0
    outer loop
      vertex -0.289471 -1.64167 -2
      vertex -0.570148 -1.56647 -0.5
      vertex -0.289471 -1.64167 -0.5
    endloop
  endfacet
  facet normal 0.258796 0.965932 0
    outer loop
      vertex -0.570148 -1.56647 -0.5
      vertex -0.289471 -1.64167 -2
      vertex -0.570148 -1.56647 -2
    endloop
  endfacet
  facet normal 0 0 1
    outer loop
      vertex 1.64167 0.289471 -2
      vertex 1.64167 -0.289471 -2
      vertex 1.667 0 -2
    endloop
  endfacet
  facet normal 0 0 1
    outer loop
      vertex 1.56647 0.570148 -2
      vertex 1.64167 -0.289471 -2
      vertex 1.64167 0.289471 -2
    endloop
  endfacet
  facet normal 0 0 1
    outer loop
      vertex 1.56647 0.570148 -2
      vertex 1.56647 -0.570148 -2
      vertex 1.64167 -0.289471 -2
    endloop
  endfacet
  facet normal 0 0 1
    outer loop
      vertex 1.44366 0.8335 -2
      vertex 1.56647 -0.570148 -2
      vertex 1.56647 0.570148 -2
    endloop
  endfacet
  facet normal 0 0 1
    outer loop
      vertex 1.44366 0.8335 -2
      vertex 1.44366 -0.8335 -2
      vertex 1.56647 -0.570148 -2
    endloop
  endfacet
  facet normal 0 0 1
    outer loop
      vertex 1.277 1.07153 -2
      vertex 1.44366 -0.8335 -2
      vertex 1.44366 0.8335 -2
    endloop
  endfacet
  facet normal 0 0 1
    outer loop
      vertex 1.277 1.07153 -2
      vertex 1.277 -1.07153 -2
      vertex 1.44366 -0.8335 -2
    endloop
  endfacet
  facet normal 0 0 1
    outer loop
      vertex 1.07153 1.277 -2
      vertex 1.277 -1.07153 -2
      vertex 1.277 1.07153 -2
    endloop
  endfacet
  facet normal 0 0 1
    outer loop
      vertex 1.07153 1.277 -2
      vertex 1.07153 -1.277 -2
      vertex 1.277 -1.07153 -2
    endloop
  endfacet
  facet normal 0 0 1
    outer loop
      vertex 0.8335 1.44366 -2
      vertex 1.07153 -1.277 -2
      vertex 1.07153 1.277 -2
    endloop
  endfacet
  facet normal 0 0 1
    outer loop
      vertex 0.8335 1.44366 -2
      vertex 0.8335 -1.44366 -2
      vertex 1.07153 -1.277 -2
    endloop
  endfacet
  facet normal 0 0 1
    outer loop
      vertex 0.570148 1.56647 -2
      vertex 0.8335 -1.44366 -2
      vertex 0.8335 1.44366 -2
    endloop
  endfacet
  facet normal 0 0 1
    outer loop
      vertex 0.570148 1.56647 -2
      vertex 0.570148 -1.56647 -2
      vertex 0.8335 -1.44366 -2
    endloop
  endfacet
  facet normal 0 0 1
    outer loop
      vertex 0.289471 1.64167 -2
      vertex 0.570148 -1.56647 -2
      vertex 0.570148 1.56647 -2
    endloop
  endfacet
  facet normal 0 0 1
    outer loop
      vertex 0.289471 1.64167 -2
      vertex 0.289471 -1.64167 -2
      vertex 0.570148 -1.56647 -2
    endloop
  endfacet
  facet normal 0 0 1
    outer loop
      vertex 0 1.667 -2
      vertex 0.289471 -1.64167 -2
      vertex 0.289471 1.64167 -2
    endloop
  endfacet
  facet normal 0 0 1
    outer loop
      vertex 0 1.667 -2
      vertex 0 -1.667 -2
      vertex 0.289471 -1.64167 -2
    endloop
  endfacet
  facet normal -0 0 1
    outer loop
      vertex -0.289471 1.64167 -2
      vertex 0 -1.667 -2
      vertex 0 1.667 -2
    endloop
  endfacet
  facet normal 0 0 1
    outer loop
      vertex -0.289471 1.64167 -2
      vertex -0.289471 -1.64167 -2
      vertex 0 -1.667 -2
    endloop
  endfacet
  facet normal -0 0 1
    outer loop
      vertex -0.570148 1.56647 -2
      vertex -0.289471 -1.64167 -2
      vertex -0.289471 1.64167 -2
    endloop
  endfacet
  facet normal 0 0 1
    outer loop
      vertex -0.570148 1.56647 -2
      vertex -0.570148 -1.56647 -2
      vertex -0.289471 -1.64167 -2
    endloop
  endfacet
  facet normal -0 0 1
    outer loop
      vertex -0.8335 1.44366 -2
      vertex -0.570148 -1.56647 -2
      vertex -0.570148 1.56647 -2
    endloop
  endfacet
  facet normal 0 0 1
    outer loop
      vertex -0.8335 1.44366 -2
      vertex -0.8335 -1.44366 -2
      vertex -0.570148 -1.56647 -2
    endloop
  endfacet
  facet normal -0 0 1
    outer loop
      vertex -1.07153 1.277 -2
      vertex -0.8335 -1.44366 -2
      vertex -0.8335 1.44366 -2
    endloop
  endfacet
  facet normal 0 0 1
    outer loop
      vertex -1.07153 1.277 -2
      vertex -1.07153 -1.277 -2
      vertex -0.8335 -1.44366 -2
    endloop
  endfacet
  facet normal -0 0 1
    outer loop
      vertex -1.277 1.07153 -2
      vertex -1.07153 -1.277 -2
      vertex -1.07153 1.277 -2
    endloop
  endfacet
  facet normal 0 0 1
    outer loop
      vertex -1.277 1.07153 -2
      vertex -1.277 -1.07153 -2
      vertex -1.07153 -1.277 -2
    endloop
  endfacet
  facet normal -0 0 1
    outer loop
      vertex -1.44366 0.8335 -2
      vertex -1.277 -1.07153 -2
      vertex -1.277 1.07153 -2
    endloop
  endfacet
  facet normal 0 0 1
    outer loop
      vertex -1.44366 0.8335 -2
      vertex -1.44366 -0.8335 -2
      vertex -1.277 -1.07153 -2
    endloop
  endfacet
  facet normal -0 0 1
    outer loop
      vertex -1.56647 0.570148 -2
      vertex -1.44366 -0.8335 -2
      vertex -1.44366 0.8335 -2
    endloop
  endfacet
  facet normal 0 0 1
    outer loop
      vertex -1.56647 0.570148 -2
      vertex -1.56647 -0.570148 -2
      vertex -1.44366 -0.8335 -2
    endloop
  endfacet
  facet normal -0 0 1
    outer loop
      vertex -1.64167 0.289471 -2
      vertex -1.56647 -0.570148 -2
      vertex -1.56647 0.570148 -2
    endloop
  endfacet
  facet normal 0 0 1
    outer loop
      vertex -1.64167 0.289471 -2
      vertex -1.64167 -0.289471 -2
      vertex -1.56647 -0.570148 -2
    endloop
  endfacet
  facet normal 0 -0 1
    outer loop
      vertex -1.64167 -0.289471 -2
      vertex -1.64167 0.289471 -2
      vertex -1.667 0 -2
    endloop
  endfacet
  facet normal 0.573552 0.819169 -0
    outer loop
      vertex -0.8335 -1.44366 -2
      vertex -1.07153 -1.277 -0.5
      vertex -0.8335 -1.44366 -0.5
    endloop
  endfacet
  facet normal 0.573552 0.819169 0
    outer loop
      vertex -1.07153 -1.277 -0.5
      vertex -0.8335 -1.44366 -2
      vertex -1.07153 -1.277 -2
    endloop
  endfacet
  facet normal 0.707118 0.707095 0
    outer loop
      vertex -3.21394 -28.8302 5.01
      vertex -3.83022 -28.2139 -0.5
      vertex -3.83022 -28.2139 5.01
    endloop
  endfacet
  facet normal 0.707118 0.707095 0
    outer loop
      vertex -3.83022 -28.2139 -0.5
      vertex -3.21394 -28.8302 5.01
      vertex -3.21394 -28.8302 -0.5
    endloop
  endfacet
  facet normal 0.906311 -0.422612 0
    outer loop
      vertex -4.69846 -23.2899 5.01
      vertex -4.33013 -22.5 -0.5
      vertex -4.33013 -22.5 5.01
    endloop
  endfacet
  facet normal 0.906311 -0.422612 0
    outer loop
      vertex -4.33013 -22.5 -0.5
      vertex -4.69846 -23.2899 5.01
      vertex -4.69846 -23.2899 -0.5
    endloop
  endfacet
  facet normal -0.573572 0.819155 0
    outer loop
      vertex 3.21394 -28.8302 -0.5
      vertex 2.5 -29.3301 5.01
      vertex 3.21394 -28.8302 5.01
    endloop
  endfacet
  facet normal -0.573572 0.819155 0
    outer loop
      vertex 2.5 -29.3301 5.01
      vertex 3.21394 -28.8302 -0.5
      vertex 2.5 -29.3301 -0.5
    endloop
  endfacet
  facet normal 0.0872 0.996191 -0
    outer loop
      vertex 0 -30 -0.5
      vertex -0.86824 -29.924 5.01
      vertex 0 -30 5.01
    endloop
  endfacet
  facet normal 0.0872 0.996191 0
    outer loop
      vertex -0.86824 -29.924 5.01
      vertex 0 -30 -0.5
      vertex -0.86824 -29.924 -0.5
    endloop
  endfacet
  facet normal -0.422678 0.90628 0
    outer loop
      vertex 2.5 -29.3301 -0.5
      vertex 1.7101 -29.6985 5.01
      vertex 2.5 -29.3301 5.01
    endloop
  endfacet
  facet normal -0.422678 0.90628 0
    outer loop
      vertex 1.7101 -29.6985 5.01
      vertex 2.5 -29.3301 -0.5
      vertex 1.7101 -29.6985 -0.5
    endloop
  endfacet
  facet normal 0.258738 -0.965948 0
    outer loop
      vertex -1.7101 -20.3015 -0.5
      vertex -0.86824 -20.076 5.01
      vertex -1.7101 -20.3015 5.01
    endloop
  endfacet
  facet normal 0.258738 -0.965948 0
    outer loop
      vertex -0.86824 -20.076 5.01
      vertex -1.7101 -20.3015 -0.5
      vertex -0.86824 -20.076 -0.5
    endloop
  endfacet
  facet normal 0.422678 -0.90628 0
    outer loop
      vertex -2.5 -20.6699 -0.5
      vertex -1.7101 -20.3015 5.01
      vertex -2.5 -20.6699 5.01
    endloop
  endfacet
  facet normal 0.422678 -0.90628 0
    outer loop
      vertex -1.7101 -20.3015 5.01
      vertex -2.5 -20.6699 -0.5
      vertex -1.7101 -20.3015 -0.5
    endloop
  endfacet
  facet normal -0.0872 0.996191 0
    outer loop
      vertex 0.86824 -29.924 -0.5
      vertex 0 -30 5.01
      vertex 0.86824 -29.924 5.01
    endloop
  endfacet
  facet normal -0.0872 0.996191 0
    outer loop
      vertex 0 -30 5.01
      vertex 0.86824 -29.924 -0.5
      vertex 0 -30 -0.5
    endloop
  endfacet
  facet normal 0.965928 0.258812 0
    outer loop
      vertex -4.69846 -26.7101 5.01
      vertex -4.92404 -25.8682 -0.5
      vertex -4.92404 -25.8682 5.01
    endloop
  endfacet
  facet normal 0.965928 0.258812 0
    outer loop
      vertex -4.92404 -25.8682 -0.5
      vertex -4.69846 -26.7101 5.01
      vertex -4.69846 -26.7101 -0.5
    endloop
  endfacet
  facet normal 0.573572 0.819155 -0
    outer loop
      vertex -2.5 -29.3301 -0.5
      vertex -3.21394 -28.8302 5.01
      vertex -2.5 -29.3301 5.01
    endloop
  endfacet
  facet normal 0.573572 0.819155 0
    outer loop
      vertex -3.21394 -28.8302 5.01
      vertex -2.5 -29.3301 -0.5
      vertex -3.21394 -28.8302 -0.5
    endloop
  endfacet
  facet normal 0.819135 -0.573601 0
    outer loop
      vertex -4.33013 -22.5 5.01
      vertex -3.83022 -21.7861 -0.5
      vertex -3.83022 -21.7861 5.01
    endloop
  endfacet
  facet normal 0.819135 -0.573601 0
    outer loop
      vertex -3.83022 -21.7861 -0.5
      vertex -4.33013 -22.5 5.01
      vertex -4.33013 -22.5 -0.5
    endloop
  endfacet
  facet normal 0.819135 0.573601 0
    outer loop
      vertex -3.83022 -28.2139 5.01
      vertex -4.33013 -27.5 -0.5
      vertex -4.33013 -27.5 5.01
    endloop
  endfacet
  facet normal 0.819135 0.573601 0
    outer loop
      vertex -4.33013 -27.5 -0.5
      vertex -3.83022 -28.2139 5.01
      vertex -3.83022 -28.2139 -0.5
    endloop
  endfacet
  facet normal 0.573572 -0.819155 0
    outer loop
      vertex -3.21394 -21.1698 -0.5
      vertex -2.5 -20.6699 5.01
      vertex -3.21394 -21.1698 5.01
    endloop
  endfacet
  facet normal 0.573572 -0.819155 0
    outer loop
      vertex -2.5 -20.6699 5.01
      vertex -3.21394 -21.1698 -0.5
      vertex -2.5 -20.6699 -0.5
    endloop
  endfacet
  facet normal 0.996194 -0.0871584 0
    outer loop
      vertex -5 -25 5.01
      vertex -4.92404 -24.1318 -0.5
      vertex -4.92404 -24.1318 5.01
    endloop
  endfacet
  facet normal 0.996194 -0.0871584 0
    outer loop
      vertex -4.92404 -24.1318 -0.5
      vertex -5 -25 5.01
      vertex -5 -25 -0.5
    endloop
  endfacet
  facet normal -0.422678 -0.90628 0
    outer loop
      vertex 1.7101 -20.3015 -0.5
      vertex 2.5 -20.6699 5.01
      vertex 1.7101 -20.3015 5.01
    endloop
  endfacet
  facet normal -0.422678 -0.90628 -0
    outer loop
      vertex 2.5 -20.6699 5.01
      vertex 1.7101 -20.3015 -0.5
      vertex 2.5 -20.6699 -0.5
    endloop
  endfacet
  facet normal -0.707085 -0.707128 0
    outer loop
      vertex 3.54416 -21.5 -0.5
      vertex 3.21394 -21.1698 5.01
      vertex 3.21394 -21.1698 -0.5
    endloop
  endfacet
  facet normal -0.707085 -0.707128 0
    outer loop
      vertex 3.21394 -21.1698 5.01
      vertex 3.54416 -21.5 -0.5
      vertex 3.54416 -21.5 5.01
    endloop
  endfacet
  facet normal -0.258738 0.965948 0
    outer loop
      vertex 1.7101 -29.6985 -0.5
      vertex 0.86824 -29.924 5.01
      vertex 1.7101 -29.6985 5.01
    endloop
  endfacet
  facet normal -0.258738 0.965948 0
    outer loop
      vertex 0.86824 -29.924 5.01
      vertex 1.7101 -29.6985 -0.5
      vertex 0.86824 -29.924 -0.5
    endloop
  endfacet
  facet normal -0 0 1
    outer loop
      vertex 3.54416 -21.5 -0.5
      vertex 10 -28.5 -0.5
      vertex 10 -21.5 -0.5
    endloop
  endfacet
  facet normal 0 0 1
    outer loop
      vertex 3.54416 -21.5 -0.5
      vertex 3.54416 -28.5 -0.5
      vertex 10 -28.5 -0.5
    endloop
  endfacet
  facet normal 0 0 1
    outer loop
      vertex 1.07153 -23.723 -0.5
      vertex 3.54416 -21.5 -0.5
      vertex 3.21394 -21.1698 -0.5
    endloop
  endfacet
  facet normal 0 0 1
    outer loop
      vertex 3.54416 -21.5 -0.5
      vertex 1.667 -25 -0.5
      vertex 3.54416 -28.5 -0.5
    endloop
  endfacet
  facet normal 0 0 1
    outer loop
      vertex 1.07153 -23.723 -0.5
      vertex 3.21394 -21.1698 -0.5
      vertex 2.5 -20.6699 -0.5
    endloop
  endfacet
  facet normal -0 0 1
    outer loop
      vertex 1.64167 -25.2895 -0.5
      vertex 3.54416 -28.5 -0.5
      vertex 1.667 -25 -0.5
    endloop
  endfacet
  facet normal 0 0 1
    outer loop
      vertex 0.8335 -23.5563 -0.5
      vertex 2.5 -20.6699 -0.5
      vertex 1.7101 -20.3015 -0.5
    endloop
  endfacet
  facet normal -0 0 1
    outer loop
      vertex 1.56647 -25.5701 -0.5
      vertex 3.54416 -28.5 -0.5
      vertex 1.64167 -25.2895 -0.5
    endloop
  endfacet
  facet normal -0 0 1
    outer loop
      vertex 1.44366 -25.8335 -0.5
      vertex 3.54416 -28.5 -0.5
      vertex 1.56647 -25.5701 -0.5
    endloop
  endfacet
  facet normal 0 0 1
    outer loop
      vertex 3.54416 -21.5 -0.5
      vertex 1.64167 -24.7105 -0.5
      vertex 1.667 -25 -0.5
    endloop
  endfacet
  facet normal 0 0 1
    outer loop
      vertex 3.54416 -21.5 -0.5
      vertex 1.56647 -24.4299 -0.5
      vertex 1.64167 -24.7105 -0.5
    endloop
  endfacet
  facet normal 0 0 1
    outer loop
      vertex 3.54416 -21.5 -0.5
      vertex 1.44366 -24.1665 -0.5
      vertex 1.56647 -24.4299 -0.5
    endloop
  endfacet
  facet normal 0 0 1
    outer loop
      vertex 3.54416 -21.5 -0.5
      vertex 1.277 -23.9285 -0.5
      vertex 1.44366 -24.1665 -0.5
    endloop
  endfacet
  facet normal 0 0 1
    outer loop
      vertex 3.54416 -21.5 -0.5
      vertex 1.07153 -23.723 -0.5
      vertex 1.277 -23.9285 -0.5
    endloop
  endfacet
  facet normal 0 0 1
    outer loop
      vertex 0.570148 -23.4335 -0.5
      vertex 1.7101 -20.3015 -0.5
      vertex 0.86824 -20.076 -0.5
    endloop
  endfacet
  facet normal 0 0 1
    outer loop
      vertex 2.5 -20.6699 -0.5
      vertex 0.8335 -23.5563 -0.5
      vertex 1.07153 -23.723 -0.5
    endloop
  endfacet
  facet normal 0 0 1
    outer loop
      vertex 1.7101 -20.3015 -0.5
      vertex 0.570148 -23.4335 -0.5
      vertex 0.8335 -23.5563 -0.5
    endloop
  endfacet
  facet normal 0 0 1
    outer loop
      vertex 0.86824 -20.076 -0.5
      vertex 0.289471 -23.3583 -0.5
      vertex 0.570148 -23.4335 -0.5
    endloop
  endfacet
  facet normal 0 0 1
    outer loop
      vertex 0 -20 -0.5
      vertex 0.289471 -23.3583 -0.5
      vertex 0.86824 -20.076 -0.5
    endloop
  endfacet
  facet normal 0 0 1
    outer loop
      vertex 0 -20 -0.5
      vertex 0 -23.333 -0.5
      vertex 0.289471 -23.3583 -0.5
    endloop
  endfacet
  facet normal 0 0 1
    outer loop
      vertex 0 -20 -0.5
      vertex -0.289471 -23.3583 -0.5
      vertex 0 -23.333 -0.5
    endloop
  endfacet
  facet normal -0 0 1
    outer loop
      vertex -0.86824 -20.076 -0.5
      vertex -0.289471 -23.3583 -0.5
      vertex 0 -20 -0.5
    endloop
  endfacet
  facet normal 0 0 1
    outer loop
      vertex -0.289471 -23.3583 -0.5
      vertex -0.86824 -20.076 -0.5
      vertex -0.570148 -23.4335 -0.5
    endloop
  endfacet
  facet normal -0 0 1
    outer loop
      vertex -1.7101 -20.3015 -0.5
      vertex -0.570148 -23.4335 -0.5
      vertex -0.86824 -20.076 -0.5
    endloop
  endfacet
  facet normal 0 0 1
    outer loop
      vertex -0.570148 -23.4335 -0.5
      vertex -1.7101 -20.3015 -0.5
      vertex -0.8335 -23.5563 -0.5
    endloop
  endfacet
  facet normal -0 0 1
    outer loop
      vertex -2.5 -20.6699 -0.5
      vertex -0.8335 -23.5563 -0.5
      vertex -1.7101 -20.3015 -0.5
    endloop
  endfacet
  facet normal 0 0 1
    outer loop
      vertex -0.8335 -23.5563 -0.5
      vertex -2.5 -20.6699 -0.5
      vertex -1.07153 -23.723 -0.5
    endloop
  endfacet
  facet normal -0 0 1
    outer loop
      vertex -3.21394 -21.1698 -0.5
      vertex -1.07153 -23.723 -0.5
      vertex -2.5 -20.6699 -0.5
    endloop
  endfacet
  facet normal 0 0 1
    outer loop
      vertex -1.07153 -23.723 -0.5
      vertex -3.21394 -21.1698 -0.5
      vertex -1.277 -23.9285 -0.5
    endloop
  endfacet
  facet normal 0 0 1
    outer loop
      vertex -1.277 -23.9285 -0.5
      vertex -3.83022 -21.7861 -0.5
      vertex -1.44366 -24.1665 -0.5
    endloop
  endfacet
  facet normal -0 0 1
    outer loop
      vertex -3.83022 -21.7861 -0.5
      vertex -1.277 -23.9285 -0.5
      vertex -3.21394 -21.1698 -0.5
    endloop
  endfacet
  facet normal -0 0 1
    outer loop
      vertex 1.277 -26.0715 -0.5
      vertex 3.54416 -28.5 -0.5
      vertex 1.44366 -25.8335 -0.5
    endloop
  endfacet
  facet normal -0 0 1
    outer loop
      vertex 1.07153 -26.277 -0.5
      vertex 3.54416 -28.5 -0.5
      vertex 1.277 -26.0715 -0.5
    endloop
  endfacet
  facet normal 0 0 1
    outer loop
      vertex 3.54416 -28.5 -0.5
      vertex 1.07153 -26.277 -0.5
      vertex 3.21394 -28.8302 -0.5
    endloop
  endfacet
  facet normal 0 0 1
    outer loop
      vertex 3.21394 -28.8302 -0.5
      vertex 1.07153 -26.277 -0.5
      vertex 2.5 -29.3301 -0.5
    endloop
  endfacet
  facet normal -0 0 1
    outer loop
      vertex 0.8335 -26.4437 -0.5
      vertex 2.5 -29.3301 -0.5
      vertex 1.07153 -26.277 -0.5
    endloop
  endfacet
  facet normal 0 0 1
    outer loop
      vertex 2.5 -29.3301 -0.5
      vertex 0.8335 -26.4437 -0.5
      vertex 1.7101 -29.6985 -0.5
    endloop
  endfacet
  facet normal -0 0 1
    outer loop
      vertex 0.570148 -26.5665 -0.5
      vertex 1.7101 -29.6985 -0.5
      vertex 0.8335 -26.4437 -0.5
    endloop
  endfacet
  facet normal 0 0 1
    outer loop
      vertex 1.7101 -29.6985 -0.5
      vertex 0.570148 -26.5665 -0.5
      vertex 0.86824 -29.924 -0.5
    endloop
  endfacet
  facet normal -0 0 1
    outer loop
      vertex 0.289471 -26.6417 -0.5
      vertex 0.86824 -29.924 -0.5
      vertex 0.570148 -26.5665 -0.5
    endloop
  endfacet
  facet normal -0 0 1
    outer loop
      vertex 0 -26.667 -0.5
      vertex 0.86824 -29.924 -0.5
      vertex 0.289471 -26.6417 -0.5
    endloop
  endfacet
  facet normal 0 0 1
    outer loop
      vertex 0 -26.667 -0.5
      vertex 0 -30 -0.5
      vertex 0.86824 -29.924 -0.5
    endloop
  endfacet
  facet normal 0 0 1
    outer loop
      vertex -0.289471 -26.6417 -0.5
      vertex 0 -30 -0.5
      vertex 0 -26.667 -0.5
    endloop
  endfacet
  facet normal 0 0 1
    outer loop
      vertex -0.86824 -29.924 -0.5
      vertex -0.289471 -26.6417 -0.5
      vertex -0.570148 -26.5665 -0.5
    endloop
  endfacet
  facet normal 0 0 1
    outer loop
      vertex -1.7101 -29.6985 -0.5
      vertex -0.570148 -26.5665 -0.5
      vertex -0.8335 -26.4437 -0.5
    endloop
  endfacet
  facet normal 0 0 1
    outer loop
      vertex -0.289471 -26.6417 -0.5
      vertex -0.86824 -29.924 -0.5
      vertex 0 -30 -0.5
    endloop
  endfacet
  facet normal 0 0 1
    outer loop
      vertex -2.5 -29.3301 -0.5
      vertex -0.8335 -26.4437 -0.5
      vertex -1.07153 -26.277 -0.5
    endloop
  endfacet
  facet normal 0 0 1
    outer loop
      vertex -3.21394 -28.8302 -0.5
      vertex -1.07153 -26.277 -0.5
      vertex -1.277 -26.0715 -0.5
    endloop
  endfacet
  facet normal 0 0 1
    outer loop
      vertex -3.83022 -28.2139 -0.5
      vertex -1.277 -26.0715 -0.5
      vertex -1.44366 -25.8335 -0.5
    endloop
  endfacet
  facet normal 0 0 1
    outer loop
      vertex -4.33013 -27.5 -0.5
      vertex -1.44366 -25.8335 -0.5
      vertex -1.56647 -25.5701 -0.5
    endloop
  endfacet
  facet normal 0 0 1
    outer loop
      vertex -4.69846 -26.7101 -0.5
      vertex -1.56647 -25.5701 -0.5
      vertex -1.64167 -25.2895 -0.5
    endloop
  endfacet
  facet normal 0 0 1
    outer loop
      vertex -0.570148 -26.5665 -0.5
      vertex -1.7101 -29.6985 -0.5
      vertex -0.86824 -29.924 -0.5
    endloop
  endfacet
  facet normal 0 0 1
    outer loop
      vertex -4.92404 -25.8682 -0.5
      vertex -1.64167 -25.2895 -0.5
      vertex -1.667 -25 -0.5
    endloop
  endfacet
  facet normal -0 0 1
    outer loop
      vertex -4.33013 -22.5 -0.5
      vertex -1.44366 -24.1665 -0.5
      vertex -3.83022 -21.7861 -0.5
    endloop
  endfacet
  facet normal 0 0 1
    outer loop
      vertex -1.44366 -24.1665 -0.5
      vertex -4.33013 -22.5 -0.5
      vertex -1.56647 -24.4299 -0.5
    endloop
  endfacet
  facet normal 0 0 1
    outer loop
      vertex -0.8335 -26.4437 -0.5
      vertex -2.5 -29.3301 -0.5
      vertex -1.7101 -29.6985 -0.5
    endloop
  endfacet
  facet normal -0 0 1
    outer loop
      vertex -4.69846 -23.2899 -0.5
      vertex -1.56647 -24.4299 -0.5
      vertex -4.33013 -22.5 -0.5
    endloop
  endfacet
  facet normal 0 0 1
    outer loop
      vertex -1.07153 -26.277 -0.5
      vertex -3.21394 -28.8302 -0.5
      vertex -2.5 -29.3301 -0.5
    endloop
  endfacet
  facet normal 0 0 1
    outer loop
      vertex -1.56647 -24.4299 -0.5
      vertex -4.69846 -23.2899 -0.5
      vertex -1.64167 -24.7105 -0.5
    endloop
  endfacet
  facet normal 0 0 1
    outer loop
      vertex -1.277 -26.0715 -0.5
      vertex -3.83022 -28.2139 -0.5
      vertex -3.21394 -28.8302 -0.5
    endloop
  endfacet
  facet normal -0 0 1
    outer loop
      vertex -4.92404 -24.1318 -0.5
      vertex -1.64167 -24.7105 -0.5
      vertex -4.69846 -23.2899 -0.5
    endloop
  endfacet
  facet normal 0 0 1
    outer loop
      vertex -1.44366 -25.8335 -0.5
      vertex -4.33013 -27.5 -0.5
      vertex -3.83022 -28.2139 -0.5
    endloop
  endfacet
  facet normal 0 0 1
    outer loop
      vertex -1.64167 -24.7105 -0.5
      vertex -4.92404 -24.1318 -0.5
      vertex -1.667 -25 -0.5
    endloop
  endfacet
  facet normal 0 0 1
    outer loop
      vertex -1.56647 -25.5701 -0.5
      vertex -4.69846 -26.7101 -0.5
      vertex -4.33013 -27.5 -0.5
    endloop
  endfacet
  facet normal 0 0 1
    outer loop
      vertex -5 -25 -0.5
      vertex -1.667 -25 -0.5
      vertex -4.92404 -24.1318 -0.5
    endloop
  endfacet
  facet normal 0 0 1
    outer loop
      vertex -1.64167 -25.2895 -0.5
      vertex -4.92404 -25.8682 -0.5
      vertex -4.69846 -26.7101 -0.5
    endloop
  endfacet
  facet normal 0 0 1
    outer loop
      vertex -1.667 -25 -0.5
      vertex -5 -25 -0.5
      vertex -4.92404 -25.8682 -0.5
    endloop
  endfacet
  facet normal -0.573572 -0.819155 0
    outer loop
      vertex 2.5 -20.6699 -0.5
      vertex 3.21394 -21.1698 5.01
      vertex 2.5 -20.6699 5.01
    endloop
  endfacet
  facet normal -0.573572 -0.819155 -0
    outer loop
      vertex 3.21394 -21.1698 5.01
      vertex 2.5 -20.6699 -0.5
      vertex 3.21394 -21.1698 -0.5
    endloop
  endfacet
  facet normal 0.422678 0.90628 -0
    outer loop
      vertex -1.7101 -29.6985 -0.5
      vertex -2.5 -29.3301 5.01
      vertex -1.7101 -29.6985 5.01
    endloop
  endfacet
  facet normal 0.422678 0.90628 0
    outer loop
      vertex -2.5 -29.3301 5.01
      vertex -1.7101 -29.6985 -0.5
      vertex -2.5 -29.3301 -0.5
    endloop
  endfacet
  facet normal 0.0872 -0.996191 0
    outer loop
      vertex -0.86824 -20.076 -0.5
      vertex 0 -20 5.01
      vertex -0.86824 -20.076 5.01
    endloop
  endfacet
  facet normal 0.0872 -0.996191 0
    outer loop
      vertex 0 -20 5.01
      vertex -0.86824 -20.076 -0.5
      vertex 0 -20 -0.5
    endloop
  endfacet
  facet normal 0.258738 0.965948 -0
    outer loop
      vertex -0.86824 -29.924 -0.5
      vertex -1.7101 -29.6985 5.01
      vertex -0.86824 -29.924 5.01
    endloop
  endfacet
  facet normal 0.258738 0.965948 0
    outer loop
      vertex -1.7101 -29.6985 5.01
      vertex -0.86824 -29.924 -0.5
      vertex -1.7101 -29.6985 -0.5
    endloop
  endfacet
  facet normal 0.906311 0.422612 0
    outer loop
      vertex -4.33013 -27.5 5.01
      vertex -4.69846 -26.7101 -0.5
      vertex -4.69846 -26.7101 5.01
    endloop
  endfacet
  facet normal 0.906311 0.422612 0
    outer loop
      vertex -4.69846 -26.7101 -0.5
      vertex -4.33013 -27.5 5.01
      vertex -4.33013 -27.5 -0.5
    endloop
  endfacet
  facet normal -0.0872 -0.996191 0
    outer loop
      vertex 0 -20 -0.5
      vertex 0.86824 -20.076 5.01
      vertex 0 -20 5.01
    endloop
  endfacet
  facet normal -0.0872 -0.996191 -0
    outer loop
      vertex 0.86824 -20.076 5.01
      vertex 0 -20 -0.5
      vertex 0.86824 -20.076 -0.5
    endloop
  endfacet
  facet normal -0.707085 0.707128 0
    outer loop
      vertex 3.21394 -28.8302 -0.5
      vertex 3.54416 -28.5 5.01
      vertex 3.54416 -28.5 -0.5
    endloop
  endfacet
  facet normal -0.707085 0.707128 0
    outer loop
      vertex 3.54416 -28.5 5.01
      vertex 3.21394 -28.8302 -0.5
      vertex 3.21394 -28.8302 5.01
    endloop
  endfacet
  facet normal 0.996194 0.0871584 0
    outer loop
      vertex -4.92404 -25.8682 5.01
      vertex -5 -25 -0.5
      vertex -5 -25 5.01
    endloop
  endfacet
  facet normal 0.996194 0.0871584 0
    outer loop
      vertex -5 -25 -0.5
      vertex -4.92404 -25.8682 5.01
      vertex -4.92404 -25.8682 -0.5
    endloop
  endfacet
  facet normal -0.258738 -0.965948 0
    outer loop
      vertex 0.86824 -20.076 -0.5
      vertex 1.7101 -20.3015 5.01
      vertex 0.86824 -20.076 5.01
    endloop
  endfacet
  facet normal -0.258738 -0.965948 -0
    outer loop
      vertex 1.7101 -20.3015 5.01
      vertex 0.86824 -20.076 -0.5
      vertex 1.7101 -20.3015 -0.5
    endloop
  endfacet
  facet normal 0.965928 -0.258812 0
    outer loop
      vertex -4.92404 -24.1318 5.01
      vertex -4.69846 -23.2899 -0.5
      vertex -4.69846 -23.2899 5.01
    endloop
  endfacet
  facet normal 0.965928 -0.258812 0
    outer loop
      vertex -4.69846 -23.2899 -0.5
      vertex -4.92404 -24.1318 5.01
      vertex -4.92404 -24.1318 -0.5
    endloop
  endfacet
  facet normal 0.707118 -0.707095 0
    outer loop
      vertex -3.83022 -21.7861 5.01
      vertex -3.21394 -21.1698 -0.5
      vertex -3.21394 -21.1698 5.01
    endloop
  endfacet
  facet normal 0.707118 -0.707095 0
    outer loop
      vertex -3.21394 -21.1698 -0.5
      vertex -3.83022 -21.7861 5.01
      vertex -3.83022 -21.7861 -0.5
    endloop
  endfacet
  facet normal -1 0 0
    outer loop
      vertex 10 -28.5 -0.5
      vertex 10 -21.5 5.01
      vertex 10 -21.5 -0.5
    endloop
  endfacet
  facet normal -1 -0 0
    outer loop
      vertex 10 -21.5 5.01
      vertex 10 -28.5 -0.5
      vertex 10 -28.5 5.01
    endloop
  endfacet
  facet normal 0 -1 0
    outer loop
      vertex 3.54416 -21.5 -0.5
      vertex 10 -21.5 5.01
      vertex 3.54416 -21.5 5.01
    endloop
  endfacet
  facet normal 0 -1 -0
    outer loop
      vertex 10 -21.5 5.01
      vertex 3.54416 -21.5 -0.5
      vertex 10 -21.5 -0.5
    endloop
  endfacet
  facet normal 0 1 -0
    outer loop
      vertex 10 -28.5 -0.5
      vertex 3.54416 -28.5 5.01
      vertex 10 -28.5 5.01
    endloop
  endfacet
  facet normal 0 1 0
    outer loop
      vertex 3.54416 -28.5 5.01
      vertex 10 -28.5 -0.5
      vertex 3.54416 -28.5 -0.5
    endloop
  endfacet
  facet normal -0.0870689 0.996202 0
    outer loop
      vertex 0.289471 -26.6417 -2
      vertex 0 -26.667 -0.5
      vertex 0.289471 -26.6417 -0.5
    endloop
  endfacet
  facet normal -0.0870689 0.996202 0
    outer loop
      vertex 0 -26.667 -0.5
      vertex 0.289471 -26.6417 -2
      vertex 0 -26.667 -2
    endloop
  endfacet
  facet normal -0.965914 -0.258862 0
    outer loop
      vertex 1.64167 -24.7105 -2
      vertex 1.56647 -24.4299 -0.5
      vertex 1.56647 -24.4299 -2
    endloop
  endfacet
  facet normal -0.965914 -0.258862 0
    outer loop
      vertex 1.56647 -24.4299 -0.5
      vertex 1.64167 -24.7105 -2
      vertex 1.64167 -24.7105 -0.5
    endloop
  endfacet
  facet normal -0.996194 -0.0871627 0
    outer loop
      vertex 1.667 -25 -2
      vertex 1.64167 -24.7105 -0.5
      vertex 1.64167 -24.7105 -2
    endloop
  endfacet
  facet normal -0.996194 -0.0871627 0
    outer loop
      vertex 1.64167 -24.7105 -0.5
      vertex 1.667 -25 -2
      vertex 1.667 -25 -0.5
    endloop
  endfacet
  facet normal -0.906328 -0.422575 0
    outer loop
      vertex 1.56647 -24.4299 -2
      vertex 1.44366 -24.1665 -0.5
      vertex 1.44366 -24.1665 -2
    endloop
  endfacet
  facet normal -0.906328 -0.422575 0
    outer loop
      vertex 1.44366 -24.1665 -0.5
      vertex 1.56647 -24.4299 -2
      vertex 1.56647 -24.4299 -0.5
    endloop
  endfacet
  facet normal -0.819135 -0.573601 0
    outer loop
      vertex 1.44366 -24.1665 -2
      vertex 1.277 -23.9285 -0.5
      vertex 1.277 -23.9285 -2
    endloop
  endfacet
  facet normal -0.819135 -0.573601 0
    outer loop
      vertex 1.277 -23.9285 -0.5
      vertex 1.44366 -24.1665 -2
      vertex 1.44366 -24.1665 -0.5
    endloop
  endfacet
  facet normal -0.707158 -0.707055 0
    outer loop
      vertex 1.277 -23.9285 -2
      vertex 1.07153 -23.723 -0.5
      vertex 1.07153 -23.723 -2
    endloop
  endfacet
  facet normal -0.707158 -0.707055 0
    outer loop
      vertex 1.07153 -23.723 -0.5
      vertex 1.277 -23.9285 -2
      vertex 1.277 -23.9285 -0.5
    endloop
  endfacet
  facet normal -0.965914 0.258862 0
    outer loop
      vertex 1.56647 -25.5701 -2
      vertex 1.64167 -25.2895 -0.5
      vertex 1.64167 -25.2895 -2
    endloop
  endfacet
  facet normal -0.965914 0.258862 0
    outer loop
      vertex 1.64167 -25.2895 -0.5
      vertex 1.56647 -25.5701 -2
      vertex 1.56647 -25.5701 -0.5
    endloop
  endfacet
  facet normal -0.258796 0.965932 0
    outer loop
      vertex 0.570148 -26.5665 -2
      vertex 0.289471 -26.6417 -0.5
      vertex 0.570148 -26.5665 -0.5
    endloop
  endfacet
  facet normal -0.258796 0.965932 0
    outer loop
      vertex 0.289471 -26.6417 -0.5
      vertex 0.570148 -26.5665 -2
      vertex 0.289471 -26.6417 -2
    endloop
  endfacet
  facet normal 0.906328 -0.422575 0
    outer loop
      vertex -1.56647 -24.4299 -0.5
      vertex -1.44366 -24.1665 -2
      vertex -1.44366 -24.1665 -0.5
    endloop
  endfacet
  facet normal 0.906328 -0.422575 0
    outer loop
      vertex -1.44366 -24.1665 -2
      vertex -1.56647 -24.4299 -0.5
      vertex -1.56647 -24.4299 -2
    endloop
  endfacet
  facet normal 0.996194 0.0871627 0
    outer loop
      vertex -1.64167 -25.2895 -0.5
      vertex -1.667 -25 -2
      vertex -1.667 -25 -0.5
    endloop
  endfacet
  facet normal 0.996194 0.0871627 0
    outer loop
      vertex -1.667 -25 -2
      vertex -1.64167 -25.2895 -0.5
      vertex -1.64167 -25.2895 -2
    endloop
  endfacet
  facet normal -0.819135 0.573601 0
    outer loop
      vertex 1.277 -26.0715 -2
      vertex 1.44366 -25.8335 -0.5
      vertex 1.44366 -25.8335 -2
    endloop
  endfacet
  facet normal -0.819135 0.573601 0
    outer loop
      vertex 1.44366 -25.8335 -0.5
      vertex 1.277 -26.0715 -2
      vertex 1.277 -26.0715 -0.5
    endloop
  endfacet
  facet normal 0.965914 -0.258862 0
    outer loop
      vertex -1.64167 -24.7105 -0.5
      vertex -1.56647 -24.4299 -2
      vertex -1.56647 -24.4299 -0.5
    endloop
  endfacet
  facet normal 0.965914 -0.258862 0
    outer loop
      vertex -1.56647 -24.4299 -2
      vertex -1.64167 -24.7105 -0.5
      vertex -1.64167 -24.7105 -2
    endloop
  endfacet
  facet normal -0.906328 0.422575 0
    outer loop
      vertex 1.44366 -25.8335 -2
      vertex 1.56647 -25.5701 -0.5
      vertex 1.56647 -25.5701 -2
    endloop
  endfacet
  facet normal -0.906328 0.422575 0
    outer loop
      vertex 1.56647 -25.5701 -0.5
      vertex 1.44366 -25.8335 -2
      vertex 1.44366 -25.8335 -0.5
    endloop
  endfacet
  facet normal -0.42261 -0.906312 0
    outer loop
      vertex 0.570148 -23.4335 -2
      vertex 0.8335 -23.5563 -0.5
      vertex 0.570148 -23.4335 -0.5
    endloop
  endfacet
  facet normal -0.42261 -0.906312 -0
    outer loop
      vertex 0.8335 -23.5563 -0.5
      vertex 0.570148 -23.4335 -2
      vertex 0.8335 -23.5563 -2
    endloop
  endfacet
  facet normal 0.965914 0.258862 0
    outer loop
      vertex -1.56647 -25.5701 -0.5
      vertex -1.64167 -25.2895 -2
      vertex -1.64167 -25.2895 -0.5
    endloop
  endfacet
  facet normal 0.965914 0.258862 0
    outer loop
      vertex -1.64167 -25.2895 -2
      vertex -1.56647 -25.5701 -0.5
      vertex -1.56647 -25.5701 -2
    endloop
  endfacet
  facet normal -0.996194 0.0871627 0
    outer loop
      vertex 1.64167 -25.2895 -2
      vertex 1.667 -25 -0.5
      vertex 1.667 -25 -2
    endloop
  endfacet
  facet normal -0.996194 0.0871627 0
    outer loop
      vertex 1.667 -25 -0.5
      vertex 1.64167 -25.2895 -2
      vertex 1.64167 -25.2895 -0.5
    endloop
  endfacet
  facet normal -0.573645 0.819104 0
    outer loop
      vertex 1.07153 -26.277 -2
      vertex 0.8335 -26.4437 -0.5
      vertex 1.07153 -26.277 -0.5
    endloop
  endfacet
  facet normal -0.573645 0.819104 0
    outer loop
      vertex 0.8335 -26.4437 -0.5
      vertex 1.07153 -26.277 -2
      vertex 0.8335 -26.4437 -2
    endloop
  endfacet
  facet normal 0.573645 -0.819104 0
    outer loop
      vertex -1.07153 -23.723 -2
      vertex -0.8335 -23.5563 -0.5
      vertex -1.07153 -23.723 -0.5
    endloop
  endfacet
  facet normal 0.573645 -0.819104 0
    outer loop
      vertex -0.8335 -23.5563 -0.5
      vertex -1.07153 -23.723 -2
      vertex -0.8335 -23.5563 -2
    endloop
  endfacet
  facet normal 0.42261 -0.906312 0
    outer loop
      vertex -0.8335 -23.5563 -2
      vertex -0.570148 -23.4335 -0.5
      vertex -0.8335 -23.5563 -0.5
    endloop
  endfacet
  facet normal 0.42261 -0.906312 0
    outer loop
      vertex -0.570148 -23.4335 -0.5
      vertex -0.8335 -23.5563 -2
      vertex -0.570148 -23.4335 -2
    endloop
  endfacet
  facet normal -0.573645 -0.819104 0
    outer loop
      vertex 0.8335 -23.5563 -2
      vertex 1.07153 -23.723 -0.5
      vertex 0.8335 -23.5563 -0.5
    endloop
  endfacet
  facet normal -0.573645 -0.819104 -0
    outer loop
      vertex 1.07153 -23.723 -0.5
      vertex 0.8335 -23.5563 -2
      vertex 1.07153 -23.723 -2
    endloop
  endfacet
  facet normal 0.258796 -0.965932 0
    outer loop
      vertex -0.570148 -23.4335 -2
      vertex -0.289471 -23.3583 -0.5
      vertex -0.570148 -23.4335 -0.5
    endloop
  endfacet
  facet normal 0.258796 -0.965932 0
    outer loop
      vertex -0.289471 -23.3583 -0.5
      vertex -0.570148 -23.4335 -2
      vertex -0.289471 -23.3583 -2
    endloop
  endfacet
  facet normal 0.42261 0.906312 -0
    outer loop
      vertex -0.570148 -26.5665 -2
      vertex -0.8335 -26.4437 -0.5
      vertex -0.570148 -26.5665 -0.5
    endloop
  endfacet
  facet normal 0.42261 0.906312 0
    outer loop
      vertex -0.8335 -26.4437 -0.5
      vertex -0.570148 -26.5665 -2
      vertex -0.8335 -26.4437 -2
    endloop
  endfacet
  facet normal 0.707158 -0.707055 0
    outer loop
      vertex -1.277 -23.9285 -0.5
      vertex -1.07153 -23.723 -2
      vertex -1.07153 -23.723 -0.5
    endloop
  endfacet
  facet normal 0.707158 -0.707055 0
    outer loop
      vertex -1.07153 -23.723 -2
      vertex -1.277 -23.9285 -0.5
      vertex -1.277 -23.9285 -2
    endloop
  endfacet
  facet normal 0.0870689 -0.996202 0
    outer loop
      vertex -0.289471 -23.3583 -2
      vertex 0 -23.333 -0.5
      vertex -0.289471 -23.3583 -0.5
    endloop
  endfacet
  facet normal 0.0870689 -0.996202 0
    outer loop
      vertex 0 -23.333 -0.5
      vertex -0.289471 -23.3583 -2
      vertex 0 -23.333 -2
    endloop
  endfacet
  facet normal 0.906328 0.422575 0
    outer loop
      vertex -1.44366 -25.8335 -0.5
      vertex -1.56647 -25.5701 -2
      vertex -1.56647 -25.5701 -0.5
    endloop
  endfacet
  facet normal 0.906328 0.422575 0
    outer loop
      vertex -1.56647 -25.5701 -2
      vertex -1.44366 -25.8335 -0.5
      vertex -1.44366 -25.8335 -2
    endloop
  endfacet
  facet normal -0.0870689 -0.996202 0
    outer loop
      vertex 0 -23.333 -2
      vertex 0.289471 -23.3583 -0.5
      vertex 0 -23.333 -0.5
    endloop
  endfacet
  facet normal -0.0870689 -0.996202 -0
    outer loop
      vertex 0.289471 -23.3583 -0.5
      vertex 0 -23.333 -2
      vertex 0.289471 -23.3583 -2
    endloop
  endfacet
  facet normal 0.996194 -0.0871627 0
    outer loop
      vertex -1.667 -25 -0.5
      vertex -1.64167 -24.7105 -2
      vertex -1.64167 -24.7105 -0.5
    endloop
  endfacet
  facet normal 0.996194 -0.0871627 0
    outer loop
      vertex -1.64167 -24.7105 -2
      vertex -1.667 -25 -0.5
      vertex -1.667 -25 -2
    endloop
  endfacet
  facet normal 0.819135 0.573601 0
    outer loop
      vertex -1.277 -26.0715 -0.5
      vertex -1.44366 -25.8335 -2
      vertex -1.44366 -25.8335 -0.5
    endloop
  endfacet
  facet normal 0.819135 0.573601 0
    outer loop
      vertex -1.44366 -25.8335 -2
      vertex -1.277 -26.0715 -0.5
      vertex -1.277 -26.0715 -2
    endloop
  endfacet
  facet normal -0.707158 0.707055 0
    outer loop
      vertex 1.07153 -26.277 -2
      vertex 1.277 -26.0715 -0.5
      vertex 1.277 -26.0715 -2
    endloop
  endfacet
  facet normal -0.707158 0.707055 0
    outer loop
      vertex 1.277 -26.0715 -0.5
      vertex 1.07153 -26.277 -2
      vertex 1.07153 -26.277 -0.5
    endloop
  endfacet
  facet normal 0.707158 0.707055 0
    outer loop
      vertex -1.07153 -26.277 -0.5
      vertex -1.277 -26.0715 -2
      vertex -1.277 -26.0715 -0.5
    endloop
  endfacet
  facet normal 0.707158 0.707055 0
    outer loop
      vertex -1.277 -26.0715 -2
      vertex -1.07153 -26.277 -0.5
      vertex -1.07153 -26.277 -2
    endloop
  endfacet
  facet normal -0.42261 0.906312 0
    outer loop
      vertex 0.8335 -26.4437 -2
      vertex 0.570148 -26.5665 -0.5
      vertex 0.8335 -26.4437 -0.5
    endloop
  endfacet
  facet normal -0.42261 0.906312 0
    outer loop
      vertex 0.570148 -26.5665 -0.5
      vertex 0.8335 -26.4437 -2
      vertex 0.570148 -26.5665 -2
    endloop
  endfacet
  facet normal 0.819135 -0.573601 0
    outer loop
      vertex -1.44366 -24.1665 -0.5
      vertex -1.277 -23.9285 -2
      vertex -1.277 -23.9285 -0.5
    endloop
  endfacet
  facet normal 0.819135 -0.573601 0
    outer loop
      vertex -1.277 -23.9285 -2
      vertex -1.44366 -24.1665 -0.5
      vertex -1.44366 -24.1665 -2
    endloop
  endfacet
  facet normal -0.258796 -0.965932 0
    outer loop
      vertex 0.289471 -23.3583 -2
      vertex 0.570148 -23.4335 -0.5
      vertex 0.289471 -23.3583 -0.5
    endloop
  endfacet
  facet normal -0.258796 -0.965932 -0
    outer loop
      vertex 0.570148 -23.4335 -0.5
      vertex 0.289471 -23.3583 -2
      vertex 0.570148 -23.4335 -2
    endloop
  endfacet
  facet normal 0.0870689 0.996202 -0
    outer loop
      vertex 0 -26.667 -2
      vertex -0.289471 -26.6417 -0.5
      vertex 0 -26.667 -0.5
    endloop
  endfacet
  facet normal 0.0870689 0.996202 0
    outer loop
      vertex -0.289471 -26.6417 -0.5
      vertex 0 -26.667 -2
      vertex -0.289471 -26.6417 -2
    endloop
  endfacet
  facet normal 0.258796 0.965932 -0
    outer loop
      vertex -0.289471 -26.6417 -2
      vertex -0.570148 -26.5665 -0.5
      vertex -0.289471 -26.6417 -0.5
    endloop
  endfacet
  facet normal 0.258796 0.965932 0
    outer loop
      vertex -0.570148 -26.5665 -0.5
      vertex -0.289471 -26.6417 -2
      vertex -0.570148 -26.5665 -2
    endloop
  endfacet
  facet normal 0 0 1
    outer loop
      vertex 1.64167 -24.7105 -2
      vertex 1.64167 -25.2895 -2
      vertex 1.667 -25 -2
    endloop
  endfacet
  facet normal 0 0 1
    outer loop
      vertex 1.56647 -24.4299 -2
      vertex 1.64167 -25.2895 -2
      vertex 1.64167 -24.7105 -2
    endloop
  endfacet
  facet normal 0 0 1
    outer loop
      vertex 1.56647 -24.4299 -2
      vertex 1.56647 -25.5701 -2
      vertex 1.64167 -25.2895 -2
    endloop
  endfacet
  facet normal 0 0 1
    outer loop
      vertex 1.44366 -24.1665 -2
      vertex 1.56647 -25.5701 -2
      vertex 1.56647 -24.4299 -2
    endloop
  endfacet
  facet normal 0 0 1
    outer loop
      vertex 1.44366 -24.1665 -2
      vertex 1.44366 -25.8335 -2
      vertex 1.56647 -25.5701 -2
    endloop
  endfacet
  facet normal 0 0 1
    outer loop
      vertex 1.277 -23.9285 -2
      vertex 1.44366 -25.8335 -2
      vertex 1.44366 -24.1665 -2
    endloop
  endfacet
  facet normal 0 0 1
    outer loop
      vertex 1.277 -23.9285 -2
      vertex 1.277 -26.0715 -2
      vertex 1.44366 -25.8335 -2
    endloop
  endfacet
  facet normal 0 0 1
    outer loop
      vertex 1.07153 -23.723 -2
      vertex 1.277 -26.0715 -2
      vertex 1.277 -23.9285 -2
    endloop
  endfacet
  facet normal 0 0 1
    outer loop
      vertex 1.07153 -23.723 -2
      vertex 1.07153 -26.277 -2
      vertex 1.277 -26.0715 -2
    endloop
  endfacet
  facet normal 0 0 1
    outer loop
      vertex 0.8335 -23.5563 -2
      vertex 1.07153 -26.277 -2
      vertex 1.07153 -23.723 -2
    endloop
  endfacet
  facet normal 0 0 1
    outer loop
      vertex 0.8335 -23.5563 -2
      vertex 0.8335 -26.4437 -2
      vertex 1.07153 -26.277 -2
    endloop
  endfacet
  facet normal 0 0 1
    outer loop
      vertex 0.570148 -23.4335 -2
      vertex 0.8335 -26.4437 -2
      vertex 0.8335 -23.5563 -2
    endloop
  endfacet
  facet normal 0 0 1
    outer loop
      vertex 0.570148 -23.4335 -2
      vertex 0.570148 -26.5665 -2
      vertex 0.8335 -26.4437 -2
    endloop
  endfacet
  facet normal 0 0 1
    outer loop
      vertex 0.289471 -23.3583 -2
      vertex 0.570148 -26.5665 -2
      vertex 0.570148 -23.4335 -2
    endloop
  endfacet
  facet normal 0 0 1
    outer loop
      vertex 0.289471 -23.3583 -2
      vertex 0.289471 -26.6417 -2
      vertex 0.570148 -26.5665 -2
    endloop
  endfacet
  facet normal 0 0 1
    outer loop
      vertex 0 -23.333 -2
      vertex 0.289471 -26.6417 -2
      vertex 0.289471 -23.3583 -2
    endloop
  endfacet
  facet normal 0 0 1
    outer loop
      vertex 0 -23.333 -2
      vertex 0 -26.667 -2
      vertex 0.289471 -26.6417 -2
    endloop
  endfacet
  facet normal -0 0 1
    outer loop
      vertex -0.289471 -23.3583 -2
      vertex 0 -26.667 -2
      vertex 0 -23.333 -2
    endloop
  endfacet
  facet normal 0 0 1
    outer loop
      vertex -0.289471 -23.3583 -2
      vertex -0.289471 -26.6417 -2
      vertex 0 -26.667 -2
    endloop
  endfacet
  facet normal -0 0 1
    outer loop
      vertex -0.570148 -23.4335 -2
      vertex -0.289471 -26.6417 -2
      vertex -0.289471 -23.3583 -2
    endloop
  endfacet
  facet normal 0 0 1
    outer loop
      vertex -0.570148 -23.4335 -2
      vertex -0.570148 -26.5665 -2
      vertex -0.289471 -26.6417 -2
    endloop
  endfacet
  facet normal -0 0 1
    outer loop
      vertex -0.8335 -23.5563 -2
      vertex -0.570148 -26.5665 -2
      vertex -0.570148 -23.4335 -2
    endloop
  endfacet
  facet normal 0 0 1
    outer loop
      vertex -0.8335 -23.5563 -2
      vertex -0.8335 -26.4437 -2
      vertex -0.570148 -26.5665 -2
    endloop
  endfacet
  facet normal -0 0 1
    outer loop
      vertex -1.07153 -23.723 -2
      vertex -0.8335 -26.4437 -2
      vertex -0.8335 -23.5563 -2
    endloop
  endfacet
  facet normal 0 0 1
    outer loop
      vertex -1.07153 -23.723 -2
      vertex -1.07153 -26.277 -2
      vertex -0.8335 -26.4437 -2
    endloop
  endfacet
  facet normal -0 0 1
    outer loop
      vertex -1.277 -23.9285 -2
      vertex -1.07153 -26.277 -2
      vertex -1.07153 -23.723 -2
    endloop
  endfacet
  facet normal 0 0 1
    outer loop
      vertex -1.277 -23.9285 -2
      vertex -1.277 -26.0715 -2
      vertex -1.07153 -26.277 -2
    endloop
  endfacet
  facet normal -0 0 1
    outer loop
      vertex -1.44366 -24.1665 -2
      vertex -1.277 -26.0715 -2
      vertex -1.277 -23.9285 -2
    endloop
  endfacet
  facet normal 0 0 1
    outer loop
      vertex -1.44366 -24.1665 -2
      vertex -1.44366 -25.8335 -2
      vertex -1.277 -26.0715 -2
    endloop
  endfacet
  facet normal -0 0 1
    outer loop
      vertex -1.56647 -24.4299 -2
      vertex -1.44366 -25.8335 -2
      vertex -1.44366 -24.1665 -2
    endloop
  endfacet
  facet normal 0 0 1
    outer loop
      vertex -1.56647 -24.4299 -2
      vertex -1.56647 -25.5701 -2
      vertex -1.44366 -25.8335 -2
    endloop
  endfacet
  facet normal -0 0 1
    outer loop
      vertex -1.64167 -24.7105 -2
      vertex -1.56647 -25.5701 -2
      vertex -1.56647 -24.4299 -2
    endloop
  endfacet
  facet normal 0 0 1
    outer loop
      vertex -1.64167 -24.7105 -2
      vertex -1.64167 -25.2895 -2
      vertex -1.56647 -25.5701 -2
    endloop
  endfacet
  facet normal 0 -0 1
    outer loop
      vertex -1.64167 -25.2895 -2
      vertex -1.64167 -24.7105 -2
      vertex -1.667 -25 -2
    endloop
  endfacet
  facet normal 0.573645 0.819104 -0
    outer loop
      vertex -0.8335 -26.4437 -2
      vertex -1.07153 -26.277 -0.5
      vertex -0.8335 -26.4437 -0.5
    endloop
  endfacet
  facet normal 0.573645 0.819104 0
    outer loop
      vertex -1.07153 -26.277 -0.5
      vertex -0.8335 -26.4437 -2
      vertex -1.07153 -26.277 -2
    endloop
  endfacet
  facet normal 0.422645 0.906295 -0
    outer loop
      vertex 28.5 39.5981 -5
      vertex 28.0261 39.8191 5.01
      vertex 28.5 39.5981 5.01
    endloop
  endfacet
  facet normal 0.422645 0.906295 0
    outer loop
      vertex 28.0261 39.8191 5.01
      vertex 28.5 39.5981 -5
      vertex 28.0261 39.8191 -5
    endloop
  endfacet
  facet normal 0.258698 -0.965958 0
    outer loop
      vertex 27.5209 -39.9544 -5
      vertex 28.0261 -39.8191 5.01
      vertex 27.5209 -39.9544 5.01
    endloop
  endfacet
  facet normal 0.258698 -0.965958 0
    outer loop
      vertex 28.0261 -39.8191 5.01
      vertex 27.5209 -39.9544 -5
      vertex 28.0261 -39.8191 -5
    endloop
  endfacet
  facet normal -0.965958 0.258698 0
    outer loop
      vertex -29.9544 37.5209 -5
      vertex -29.8191 38.0261 5.01
      vertex -29.8191 38.0261 -5
    endloop
  endfacet
  facet normal -0.965958 0.258698 0
    outer loop
      vertex -29.8191 38.0261 5.01
      vertex -29.9544 37.5209 -5
      vertex -29.9544 37.5209 5.01
    endloop
  endfacet
  facet normal 0.99619 0.0872073 0
    outer loop
      vertex 30 37 5.01
      vertex 29.9544 37.5209 -5
      vertex 29.9544 37.5209 5.01
    endloop
  endfacet
  facet normal 0.99619 0.0872073 0
    outer loop
      vertex 29.9544 37.5209 -5
      vertex 30 37 5.01
      vertex 30 37 -5
    endloop
  endfacet
  facet normal 0.573616 0.819124 -0
    outer loop
      vertex 28.9284 39.2981 -5
      vertex 28.5 39.5981 5.01
      vertex 28.9284 39.2981 5.01
    endloop
  endfacet
  facet normal 0.573616 0.819124 0
    outer loop
      vertex 28.5 39.5981 5.01
      vertex 28.9284 39.2981 -5
      vertex 28.5 39.5981 -5
    endloop
  endfacet
  facet normal 0 -1 0
    outer loop
      vertex -27 -40 -5
      vertex 27 -40 5.01
      vertex -27 -40 5.01
    endloop
  endfacet
  facet normal 0 -1 -0
    outer loop
      vertex 27 -40 5.01
      vertex -27 -40 -5
      vertex 27 -40 -5
    endloop
  endfacet
  facet normal 0.965958 -0.258698 0
    outer loop
      vertex 29.8191 -38.0261 5.01
      vertex 29.9544 -37.5209 -5
      vertex 29.9544 -37.5209 5.01
    endloop
  endfacet
  facet normal 0.965958 -0.258698 0
    outer loop
      vertex 29.9544 -37.5209 -5
      vertex 29.8191 -38.0261 5.01
      vertex 29.8191 -38.0261 -5
    endloop
  endfacet
  facet normal -1 0 0
    outer loop
      vertex -30 -37 -5
      vertex -30 37 5.01
      vertex -30 37 -5
    endloop
  endfacet
  facet normal -1 -0 0
    outer loop
      vertex -30 37 5.01
      vertex -30 -37 -5
      vertex -30 -37 5.01
    endloop
  endfacet
  facet normal 1 -0 0
    outer loop
      vertex 30 -37 5.01
      vertex 30 37 -5
      vertex 30 37 5.01
    endloop
  endfacet
  facet normal 1 0 0
    outer loop
      vertex 30 37 -5
      vertex 30 -37 5.01
      vertex 30 -37 -5
    endloop
  endfacet
  facet normal 0 1 -0
    outer loop
      vertex 27 40 -5
      vertex -27 40 5.01
      vertex 27 40 5.01
    endloop
  endfacet
  facet normal 0 1 0
    outer loop
      vertex -27 40 5.01
      vertex 27 40 -5
      vertex -27 40 -5
    endloop
  endfacet
  facet normal 0 0 -1
    outer loop
      vertex 27 -40 -5
      vertex 30 -37 -5
      vertex 29.9544 -37.5209 -5
    endloop
  endfacet
  facet normal 0 0 -1
    outer loop
      vertex 30 -37 -5
      vertex -30 -37 -5
      vertex 30 37 -5
    endloop
  endfacet
  facet normal 0 0 -1
    outer loop
      vertex 27 -40 -5
      vertex 29.9544 -37.5209 -5
      vertex 29.8191 -38.0261 -5
    endloop
  endfacet
  facet normal -0 0 -1
    outer loop
      vertex 30 -37 -5
      vertex 27 -40 -5
      vertex -30 -37 -5
    endloop
  endfacet
  facet normal 0 0 -1
    outer loop
      vertex 27 -40 -5
      vertex 29.8191 -38.0261 -5
      vertex 29.5981 -38.5 -5
    endloop
  endfacet
  facet normal 0 0 -1
    outer loop
      vertex -30 37 -5
      vertex 30 37 -5
      vertex -30 -37 -5
    endloop
  endfacet
  facet normal 0 0 -1
    outer loop
      vertex 27 -40 -5
      vertex 29.5981 -38.5 -5
      vertex 29.2981 -38.9284 -5
    endloop
  endfacet
  facet normal 0 0 -1
    outer loop
      vertex 29.9544 37.5209 -5
      vertex 27 40 -5
      vertex 29.8191 38.0261 -5
    endloop
  endfacet
  facet normal 0 0 -1
    outer loop
      vertex 27 -40 -5
      vertex 29.2981 -38.9284 -5
      vertex 28.9284 -39.2981 -5
    endloop
  endfacet
  facet normal 0 0 -1
    outer loop
      vertex 29.8191 38.0261 -5
      vertex 27 40 -5
      vertex 29.5981 38.5 -5
    endloop
  endfacet
  facet normal 0 0 -1
    outer loop
      vertex 27 -40 -5
      vertex 28.9284 -39.2981 -5
      vertex 28.5 -39.5981 -5
    endloop
  endfacet
  facet normal 0 0 -1
    outer loop
      vertex 29.5981 38.5 -5
      vertex 27 40 -5
      vertex 29.2981 38.9284 -5
    endloop
  endfacet
  facet normal 0 0 -1
    outer loop
      vertex 27 -40 -5
      vertex 28.5 -39.5981 -5
      vertex 28.0261 -39.8191 -5
    endloop
  endfacet
  facet normal 0 0 -1
    outer loop
      vertex 29.2981 38.9284 -5
      vertex 27 40 -5
      vertex 28.9284 39.2981 -5
    endloop
  endfacet
  facet normal 0 0 -1
    outer loop
      vertex 27 -40 -5
      vertex 28.0261 -39.8191 -5
      vertex 27.5209 -39.9544 -5
    endloop
  endfacet
  facet normal 0 0 -1
    outer loop
      vertex 28.9284 39.2981 -5
      vertex 27 40 -5
      vertex 28.5 39.5981 -5
    endloop
  endfacet
  facet normal 0 0 -1
    outer loop
      vertex 28.5 39.5981 -5
      vertex 27 40 -5
      vertex 28.0261 39.8191 -5
    endloop
  endfacet
  facet normal 0 0 -1
    outer loop
      vertex 28.0261 39.8191 -5
      vertex 27 40 -5
      vertex 27.5209 39.9544 -5
    endloop
  endfacet
  facet normal 0 0 -1
    outer loop
      vertex -30 -37 -5
      vertex 27 -40 -5
      vertex -27 -40 -5
    endloop
  endfacet
  facet normal 0 -0 -1
    outer loop
      vertex 27 40 -5
      vertex 30 37 -5
      vertex -30 37 -5
    endloop
  endfacet
  facet normal 0 0 -1
    outer loop
      vertex -30 -37 -5
      vertex -27 -40 -5
      vertex -27.5209 -39.9544 -5
    endloop
  endfacet
  facet normal 0 0 -1
    outer loop
      vertex 30 37 -5
      vertex 27 40 -5
      vertex 29.9544 37.5209 -5
    endloop
  endfacet
  facet normal 0 0 -1
    outer loop
      vertex -30 -37 -5
      vertex -27.5209 -39.9544 -5
      vertex -28.0261 -39.8191 -5
    endloop
  endfacet
  facet normal -0 0 -1
    outer loop
      vertex 27 40 -5
      vertex -30 37 -5
      vertex -27 40 -5
    endloop
  endfacet
  facet normal 0 0 -1
    outer loop
      vertex -30 -37 -5
      vertex -28.0261 -39.8191 -5
      vertex -28.5 -39.5981 -5
    endloop
  endfacet
  facet normal 0 0 -1
    outer loop
      vertex -27 40 -5
      vertex -30 37 -5
      vertex -27.5209 39.9544 -5
    endloop
  endfacet
  facet normal 0 0 -1
    outer loop
      vertex -30 -37 -5
      vertex -28.5 -39.5981 -5
      vertex -28.9284 -39.2981 -5
    endloop
  endfacet
  facet normal 0 0 -1
    outer loop
      vertex -27.5209 39.9544 -5
      vertex -30 37 -5
      vertex -28.0261 39.8191 -5
    endloop
  endfacet
  facet normal 0 0 -1
    outer loop
      vertex -30 -37 -5
      vertex -28.9284 -39.2981 -5
      vertex -29.2981 -38.9284 -5
    endloop
  endfacet
  facet normal 0 0 -1
    outer loop
      vertex -28.0261 39.8191 -5
      vertex -30 37 -5
      vertex -28.5 39.5981 -5
    endloop
  endfacet
  facet normal 0 0 -1
    outer loop
      vertex -30 -37 -5
      vertex -29.2981 -38.9284 -5
      vertex -29.5981 -38.5 -5
    endloop
  endfacet
  facet normal 0 0 -1
    outer loop
      vertex -28.5 39.5981 -5
      vertex -30 37 -5
      vertex -28.9284 39.2981 -5
    endloop
  endfacet
  facet normal 0 0 -1
    outer loop
      vertex -30 -37 -5
      vertex -29.5981 -38.5 -5
      vertex -29.8191 -38.0261 -5
    endloop
  endfacet
  facet normal 0 0 -1
    outer loop
      vertex -28.9284 39.2981 -5
      vertex -30 37 -5
      vertex -29.2981 38.9284 -5
    endloop
  endfacet
  facet normal 0 0 -1
    outer loop
      vertex -30 -37 -5
      vertex -29.8191 -38.0261 -5
      vertex -29.9544 -37.5209 -5
    endloop
  endfacet
  facet normal 0 0 -1
    outer loop
      vertex -29.2981 38.9284 -5
      vertex -30 37 -5
      vertex -29.5981 38.5 -5
    endloop
  endfacet
  facet normal 0 0 -1
    outer loop
      vertex -29.5981 38.5 -5
      vertex -30 37 -5
      vertex -29.8191 38.0261 -5
    endloop
  endfacet
  facet normal 0 0 -1
    outer loop
      vertex -29.8191 38.0261 -5
      vertex -30 37 -5
      vertex -29.9544 37.5209 -5
    endloop
  endfacet
  facet normal -0.573616 -0.819124 0
    outer loop
      vertex -28.9284 -39.2981 -5
      vertex -28.5 -39.5981 5.01
      vertex -28.9284 -39.2981 5.01
    endloop
  endfacet
  facet normal -0.573616 -0.819124 -0
    outer loop
      vertex -28.5 -39.5981 5.01
      vertex -28.9284 -39.2981 -5
      vertex -28.5 -39.5981 -5
    endloop
  endfacet
  facet normal -0.258698 0.965958 0
    outer loop
      vertex -27.5209 39.9544 -5
      vertex -28.0261 39.8191 5.01
      vertex -27.5209 39.9544 5.01
    endloop
  endfacet
  facet normal -0.258698 0.965958 0
    outer loop
      vertex -28.0261 39.8191 5.01
      vertex -27.5209 39.9544 -5
      vertex -28.0261 39.8191 -5
    endloop
  endfacet
  facet normal -0.0872073 0.99619 0
    outer loop
      vertex -27 40 -5
      vertex -27.5209 39.9544 5.01
      vertex -27 40 5.01
    endloop
  endfacet
  facet normal -0.0872073 0.99619 0
    outer loop
      vertex -27.5209 39.9544 5.01
      vertex -27 40 -5
      vertex -27.5209 39.9544 -5
    endloop
  endfacet
  facet normal -0.906295 -0.422645 0
    outer loop
      vertex -29.5981 -38.5 -5
      vertex -29.8191 -38.0261 5.01
      vertex -29.8191 -38.0261 -5
    endloop
  endfacet
  facet normal -0.906295 -0.422645 0
    outer loop
      vertex -29.8191 -38.0261 5.01
      vertex -29.5981 -38.5 -5
      vertex -29.5981 -38.5 5.01
    endloop
  endfacet
  facet normal 0.422645 -0.906295 0
    outer loop
      vertex 28.0261 -39.8191 -5
      vertex 28.5 -39.5981 5.01
      vertex 28.0261 -39.8191 5.01
    endloop
  endfacet
  facet normal 0.422645 -0.906295 0
    outer loop
      vertex 28.5 -39.5981 5.01
      vertex 28.0261 -39.8191 -5
      vertex 28.5 -39.5981 -5
    endloop
  endfacet
  facet normal -0.707107 0.707107 0
    outer loop
      vertex -29.2981 38.9284 -5
      vertex -28.9284 39.2981 5.01
      vertex -28.9284 39.2981 -5
    endloop
  endfacet
  facet normal -0.707107 0.707107 0
    outer loop
      vertex -28.9284 39.2981 5.01
      vertex -29.2981 38.9284 -5
      vertex -29.2981 38.9284 5.01
    endloop
  endfacet
  facet normal -0.258698 -0.965958 0
    outer loop
      vertex -28.0261 -39.8191 -5
      vertex -27.5209 -39.9544 5.01
      vertex -28.0261 -39.8191 5.01
    endloop
  endfacet
  facet normal -0.258698 -0.965958 -0
    outer loop
      vertex -27.5209 -39.9544 5.01
      vertex -28.0261 -39.8191 -5
      vertex -27.5209 -39.9544 -5
    endloop
  endfacet
  facet normal 0.819124 -0.573616 0
    outer loop
      vertex 29.2981 -38.9284 5.01
      vertex 29.5981 -38.5 -5
      vertex 29.5981 -38.5 5.01
    endloop
  endfacet
  facet normal 0.819124 -0.573616 0
    outer loop
      vertex 29.5981 -38.5 -5
      vertex 29.2981 -38.9284 5.01
      vertex 29.2981 -38.9284 -5
    endloop
  endfacet
  facet normal 0.906295 0.422645 0
    outer loop
      vertex 29.8191 38.0261 5.01
      vertex 29.5981 38.5 -5
      vertex 29.5981 38.5 5.01
    endloop
  endfacet
  facet normal 0.906295 0.422645 0
    outer loop
      vertex 29.5981 38.5 -5
      vertex 29.8191 38.0261 5.01
      vertex 29.8191 38.0261 -5
    endloop
  endfacet
  facet normal 0.906295 -0.422645 0
    outer loop
      vertex 29.5981 -38.5 5.01
      vertex 29.8191 -38.0261 -5
      vertex 29.8191 -38.0261 5.01
    endloop
  endfacet
  facet normal 0.906295 -0.422645 0
    outer loop
      vertex 29.8191 -38.0261 -5
      vertex 29.5981 -38.5 5.01
      vertex 29.5981 -38.5 -5
    endloop
  endfacet
  facet normal -0.906295 0.422645 0
    outer loop
      vertex -29.8191 38.0261 -5
      vertex -29.5981 38.5 5.01
      vertex -29.5981 38.5 -5
    endloop
  endfacet
  facet normal -0.906295 0.422645 0
    outer loop
      vertex -29.5981 38.5 5.01
      vertex -29.8191 38.0261 -5
      vertex -29.8191 38.0261 5.01
    endloop
  endfacet
  facet normal 0.573616 -0.819124 0
    outer loop
      vertex 28.5 -39.5981 -5
      vertex 28.9284 -39.2981 5.01
      vertex 28.5 -39.5981 5.01
    endloop
  endfacet
  facet normal 0.573616 -0.819124 0
    outer loop
      vertex 28.9284 -39.2981 5.01
      vertex 28.5 -39.5981 -5
      vertex 28.9284 -39.2981 -5
    endloop
  endfacet
  facet normal 0.0872073 -0.99619 0
    outer loop
      vertex 27 -40 -5
      vertex 27.5209 -39.9544 5.01
      vertex 27 -40 5.01
    endloop
  endfacet
  facet normal 0.0872073 -0.99619 0
    outer loop
      vertex 27.5209 -39.9544 5.01
      vertex 27 -40 -5
      vertex 27.5209 -39.9544 -5
    endloop
  endfacet
  facet normal -0.0872073 -0.99619 0
    outer loop
      vertex -27.5209 -39.9544 -5
      vertex -27 -40 5.01
      vertex -27.5209 -39.9544 5.01
    endloop
  endfacet
  facet normal -0.0872073 -0.99619 -0
    outer loop
      vertex -27 -40 5.01
      vertex -27.5209 -39.9544 -5
      vertex -27 -40 -5
    endloop
  endfacet
  facet normal 0.0872073 0.99619 -0
    outer loop
      vertex 27.5209 39.9544 -5
      vertex 27 40 5.01
      vertex 27.5209 39.9544 5.01
    endloop
  endfacet
  facet normal 0.0872073 0.99619 0
    outer loop
      vertex 27 40 5.01
      vertex 27.5209 39.9544 -5
      vertex 27 40 -5
    endloop
  endfacet
  facet normal -0.573616 0.819124 0
    outer loop
      vertex -28.5 39.5981 -5
      vertex -28.9284 39.2981 5.01
      vertex -28.5 39.5981 5.01
    endloop
  endfacet
  facet normal -0.573616 0.819124 0
    outer loop
      vertex -28.9284 39.2981 5.01
      vertex -28.5 39.5981 -5
      vertex -28.9284 39.2981 -5
    endloop
  endfacet
  facet normal -0.965958 -0.258698 0
    outer loop
      vertex -29.8191 -38.0261 -5
      vertex -29.9544 -37.5209 5.01
      vertex -29.9544 -37.5209 -5
    endloop
  endfacet
  facet normal -0.965958 -0.258698 0
    outer loop
      vertex -29.9544 -37.5209 5.01
      vertex -29.8191 -38.0261 -5
      vertex -29.8191 -38.0261 5.01
    endloop
  endfacet
  facet normal -0.99619 0.0872073 0
    outer loop
      vertex -30 37 -5
      vertex -29.9544 37.5209 5.01
      vertex -29.9544 37.5209 -5
    endloop
  endfacet
  facet normal -0.99619 0.0872073 0
    outer loop
      vertex -29.9544 37.5209 5.01
      vertex -30 37 -5
      vertex -30 37 5.01
    endloop
  endfacet
  facet normal -0.422645 -0.906295 0
    outer loop
      vertex -28.5 -39.5981 -5
      vertex -28.0261 -39.8191 5.01
      vertex -28.5 -39.5981 5.01
    endloop
  endfacet
  facet normal -0.422645 -0.906295 -0
    outer loop
      vertex -28.0261 -39.8191 5.01
      vertex -28.5 -39.5981 -5
      vertex -28.0261 -39.8191 -5
    endloop
  endfacet
  facet normal 0.965958 0.258698 0
    outer loop
      vertex 29.9544 37.5209 5.01
      vertex 29.8191 38.0261 -5
      vertex 29.8191 38.0261 5.01
    endloop
  endfacet
  facet normal 0.965958 0.258698 0
    outer loop
      vertex 29.8191 38.0261 -5
      vertex 29.9544 37.5209 5.01
      vertex 29.9544 37.5209 -5
    endloop
  endfacet
  facet normal 0.99619 -0.0872073 0
    outer loop
      vertex 29.9544 -37.5209 5.01
      vertex 30 -37 -5
      vertex 30 -37 5.01
    endloop
  endfacet
  facet normal 0.99619 -0.0872073 0
    outer loop
      vertex 30 -37 -5
      vertex 29.9544 -37.5209 5.01
      vertex 29.9544 -37.5209 -5
    endloop
  endfacet
  facet normal 0.707107 -0.707107 0
    outer loop
      vertex 28.9284 -39.2981 5.01
      vertex 29.2981 -38.9284 -5
      vertex 29.2981 -38.9284 5.01
    endloop
  endfacet
  facet normal 0.707107 -0.707107 0
    outer loop
      vertex 29.2981 -38.9284 -5
      vertex 28.9284 -39.2981 5.01
      vertex 28.9284 -39.2981 -5
    endloop
  endfacet
  facet normal -0.819124 0.573616 0
    outer loop
      vertex -29.5981 38.5 -5
      vertex -29.2981 38.9284 5.01
      vertex -29.2981 38.9284 -5
    endloop
  endfacet
  facet normal -0.819124 0.573616 0
    outer loop
      vertex -29.2981 38.9284 5.01
      vertex -29.5981 38.5 -5
      vertex -29.5981 38.5 5.01
    endloop
  endfacet
  facet normal -0.422645 0.906295 0
    outer loop
      vertex -28.0261 39.8191 -5
      vertex -28.5 39.5981 5.01
      vertex -28.0261 39.8191 5.01
    endloop
  endfacet
  facet normal -0.422645 0.906295 0
    outer loop
      vertex -28.5 39.5981 5.01
      vertex -28.0261 39.8191 -5
      vertex -28.5 39.5981 -5
    endloop
  endfacet
  facet normal -0.819124 -0.573616 0
    outer loop
      vertex -29.2981 -38.9284 -5
      vertex -29.5981 -38.5 5.01
      vertex -29.5981 -38.5 -5
    endloop
  endfacet
  facet normal -0.819124 -0.573616 0
    outer loop
      vertex -29.5981 -38.5 5.01
      vertex -29.2981 -38.9284 -5
      vertex -29.2981 -38.9284 5.01
    endloop
  endfacet
  facet normal 0.258698 0.965958 -0
    outer loop
      vertex 28.0261 39.8191 -5
      vertex 27.5209 39.9544 5.01
      vertex 28.0261 39.8191 5.01
    endloop
  endfacet
  facet normal 0.258698 0.965958 0
    outer loop
      vertex 27.5209 39.9544 5.01
      vertex 28.0261 39.8191 -5
      vertex 27.5209 39.9544 -5
    endloop
  endfacet
  facet normal 0.819124 0.573616 0
    outer loop
      vertex 29.5981 38.5 5.01
      vertex 29.2981 38.9284 -5
      vertex 29.2981 38.9284 5.01
    endloop
  endfacet
  facet normal 0.819124 0.573616 0
    outer loop
      vertex 29.2981 38.9284 -5
      vertex 29.5981 38.5 5.01
      vertex 29.5981 38.5 -5
    endloop
  endfacet
  facet normal -0.99619 -0.0872073 0
    outer loop
      vertex -29.9544 -37.5209 -5
      vertex -30 -37 5.01
      vertex -30 -37 -5
    endloop
  endfacet
  facet normal -0.99619 -0.0872073 0
    outer loop
      vertex -30 -37 5.01
      vertex -29.9544 -37.5209 -5
      vertex -29.9544 -37.5209 5.01
    endloop
  endfacet
  facet normal -0.707107 -0.707107 0
    outer loop
      vertex -28.9284 -39.2981 -5
      vertex -29.2981 -38.9284 5.01
      vertex -29.2981 -38.9284 -5
    endloop
  endfacet
  facet normal -0.707107 -0.707107 0
    outer loop
      vertex -29.2981 -38.9284 5.01
      vertex -28.9284 -39.2981 -5
      vertex -28.9284 -39.2981 5.01
    endloop
  endfacet
  facet normal 0.707107 0.707107 0
    outer loop
      vertex 29.2981 38.9284 5.01
      vertex 28.9284 39.2981 -5
      vertex 28.9284 39.2981 5.01
    endloop
  endfacet
  facet normal 0.707107 0.707107 0
    outer loop
      vertex 28.9284 39.2981 -5
      vertex 29.2981 38.9284 5.01
      vertex 29.2981 38.9284 -5
    endloop
  endfacet
  facet normal 0 0 1
    outer loop
      vertex 3.21394 -3.83022 5.01
      vertex 10 -3.5 5.01
      vertex 3.54416 -3.5 5.01
    endloop
  endfacet
  facet normal 0 0 1
    outer loop
      vertex 2.5 -4.33013 5.01
      vertex 10 -3.5 5.01
      vertex 3.21394 -3.83022 5.01
    endloop
  endfacet
  facet normal 0 0 1
    outer loop
      vertex 10 -3.5 5.01
      vertex 2.5 -4.33013 5.01
      vertex 10 -21.5 5.01
    endloop
  endfacet
  facet normal 0 0 1
    outer loop
      vertex 10 -21.5 5.01
      vertex 3.21394 -21.1698 5.01
      vertex 3.54416 -21.5 5.01
    endloop
  endfacet
  facet normal -0 0 1
    outer loop
      vertex 2.5 -20.6699 5.01
      vertex 10 -21.5 5.01
      vertex 2.5 -4.33013 5.01
    endloop
  endfacet
  facet normal 0 0 1
    outer loop
      vertex 10 -21.5 5.01
      vertex 2.5 -20.6699 5.01
      vertex 3.21394 -21.1698 5.01
    endloop
  endfacet
  facet normal -0 0 1
    outer loop
      vertex 1.7101 -4.69846 5.01
      vertex 2.5 -20.6699 5.01
      vertex 2.5 -4.33013 5.01
    endloop
  endfacet
  facet normal 0 0 1
    outer loop
      vertex 1.7101 -4.69846 5.01
      vertex 1.7101 -20.3015 5.01
      vertex 2.5 -20.6699 5.01
    endloop
  endfacet
  facet normal -0 0 1
    outer loop
      vertex 0.86824 -4.92404 5.01
      vertex 1.7101 -20.3015 5.01
      vertex 1.7101 -4.69846 5.01
    endloop
  endfacet
  facet normal 0 0 1
    outer loop
      vertex 0.86824 -4.92404 5.01
      vertex 0.86824 -20.076 5.01
      vertex 1.7101 -20.3015 5.01
    endloop
  endfacet
  facet normal -0 0 1
    outer loop
      vertex 0 -5 5.01
      vertex 0.86824 -20.076 5.01
      vertex 0.86824 -4.92404 5.01
    endloop
  endfacet
  facet normal 0 0 1
    outer loop
      vertex 0 -5 5.01
      vertex 0 -20 5.01
      vertex 0.86824 -20.076 5.01
    endloop
  endfacet
  facet normal 0 0 1
    outer loop
      vertex -0.86824 -4.92404 5.01
      vertex 0 -20 5.01
      vertex 0 -5 5.01
    endloop
  endfacet
  facet normal 0 0 1
    outer loop
      vertex -0.86824 -4.92404 5.01
      vertex -0.86824 -20.076 5.01
      vertex 0 -20 5.01
    endloop
  endfacet
  facet normal 0 0 1
    outer loop
      vertex -1.7101 -4.69846 5.01
      vertex -0.86824 -20.076 5.01
      vertex -0.86824 -4.92404 5.01
    endloop
  endfacet
  facet normal 0 0 1
    outer loop
      vertex -1.7101 -4.69846 5.01
      vertex -1.7101 -20.3015 5.01
      vertex -0.86824 -20.076 5.01
    endloop
  endfacet
  facet normal 0 0 1
    outer loop
      vertex -2.5 -4.33013 5.01
      vertex -1.7101 -20.3015 5.01
      vertex -1.7101 -4.69846 5.01
    endloop
  endfacet
  facet normal 0 0 1
    outer loop
      vertex -2.5 -4.33013 5.01
      vertex -2.5 -20.6699 5.01
      vertex -1.7101 -20.3015 5.01
    endloop
  endfacet
  facet normal 0 0 1
    outer loop
      vertex -3.21394 -3.83022 5.01
      vertex -2.5 -20.6699 5.01
      vertex -2.5 -4.33013 5.01
    endloop
  endfacet
  facet normal 0 0 1
    outer loop
      vertex -3.21394 -3.83022 5.01
      vertex -3.21394 -21.1698 5.01
      vertex -2.5 -20.6699 5.01
    endloop
  endfacet
  facet normal 0 0 1
    outer loop
      vertex -3.83022 -3.21394 5.01
      vertex -3.21394 -21.1698 5.01
      vertex -3.21394 -3.83022 5.01
    endloop
  endfacet
  facet normal 0 0 1
    outer loop
      vertex -3.83022 -3.21394 5.01
      vertex -3.83022 -21.7861 5.01
      vertex -3.21394 -21.1698 5.01
    endloop
  endfacet
  facet normal 0 0 1
    outer loop
      vertex -4.33013 -2.5 5.01
      vertex -3.83022 -21.7861 5.01
      vertex -3.83022 -3.21394 5.01
    endloop
  endfacet
  facet normal 0 0 1
    outer loop
      vertex -4.33013 -2.5 5.01
      vertex -4.33013 -22.5 5.01
      vertex -3.83022 -21.7861 5.01
    endloop
  endfacet
  facet normal 0 0 1
    outer loop
      vertex -4.69846 -1.7101 5.01
      vertex -4.33013 -22.5 5.01
      vertex -4.33013 -2.5 5.01
    endloop
  endfacet
  facet normal 0 0 1
    outer loop
      vertex -4.69846 -1.7101 5.01
      vertex -4.69846 -23.2899 5.01
      vertex -4.33013 -22.5 5.01
    endloop
  endfacet
  facet normal 0 0 1
    outer loop
      vertex -30 -37 5.01
      vertex -4.69846 -1.7101 5.01
      vertex -4.92404 -0.86824 5.01
    endloop
  endfacet
  facet normal 0 0 1
    outer loop
      vertex -4.69846 -1.7101 5.01
      vertex -30 -37 5.01
      vertex -4.69846 -23.2899 5.01
    endloop
  endfacet
  facet normal 0 0 1
    outer loop
      vertex -30 -37 5.01
      vertex -4.92404 -0.86824 5.01
      vertex -5 0 5.01
    endloop
  endfacet
  facet normal 0 0 1
    outer loop
      vertex -4.69846 -23.2899 5.01
      vertex -30 -37 5.01
      vertex -4.92404 -24.1318 5.01
    endloop
  endfacet
  facet normal 0 0 1
    outer loop
      vertex 3.21394 21.1698 5.01
      vertex 10 21.5 5.01
      vertex 3.54416 21.5 5.01
    endloop
  endfacet
  facet normal 0 0 1
    outer loop
      vertex 2.5 20.6699 5.01
      vertex 10 21.5 5.01
      vertex 3.21394 21.1698 5.01
    endloop
  endfacet
  facet normal 0 0 1
    outer loop
      vertex 10 21.5 5.01
      vertex 2.5 20.6699 5.01
      vertex 10 3.5 5.01
    endloop
  endfacet
  facet normal 0 0 1
    outer loop
      vertex 10 3.5 5.01
      vertex 3.21394 3.83022 5.01
      vertex 3.54416 3.5 5.01
    endloop
  endfacet
  facet normal -0 0 1
    outer loop
      vertex 2.5 4.33013 5.01
      vertex 10 3.5 5.01
      vertex 2.5 20.6699 5.01
    endloop
  endfacet
  facet normal 0 0 1
    outer loop
      vertex 10 3.5 5.01
      vertex 2.5 4.33013 5.01
      vertex 3.21394 3.83022 5.01
    endloop
  endfacet
  facet normal -0 0 1
    outer loop
      vertex 1.7101 20.3015 5.01
      vertex 2.5 4.33013 5.01
      vertex 2.5 20.6699 5.01
    endloop
  endfacet
  facet normal 0 0 1
    outer loop
      vertex 1.7101 20.3015 5.01
      vertex 1.7101 4.69846 5.01
      vertex 2.5 4.33013 5.01
    endloop
  endfacet
  facet normal -0 0 1
    outer loop
      vertex 0.86824 20.076 5.01
      vertex 1.7101 4.69846 5.01
      vertex 1.7101 20.3015 5.01
    endloop
  endfacet
  facet normal 0 0 1
    outer loop
      vertex 0.86824 20.076 5.01
      vertex 0.86824 4.92404 5.01
      vertex 1.7101 4.69846 5.01
    endloop
  endfacet
  facet normal -0 0 1
    outer loop
      vertex 0 20 5.01
      vertex 0.86824 4.92404 5.01
      vertex 0.86824 20.076 5.01
    endloop
  endfacet
  facet normal 0 0 1
    outer loop
      vertex 0 20 5.01
      vertex 0 5 5.01
      vertex 0.86824 4.92404 5.01
    endloop
  endfacet
  facet normal 0 0 1
    outer loop
      vertex -0.86824 20.076 5.01
      vertex 0 5 5.01
      vertex 0 20 5.01
    endloop
  endfacet
  facet normal 0 0 1
    outer loop
      vertex -0.86824 20.076 5.01
      vertex -0.86824 4.92404 5.01
      vertex 0 5 5.01
    endloop
  endfacet
  facet normal 0 0 1
    outer loop
      vertex -1.7101 20.3015 5.01
      vertex -0.86824 4.92404 5.01
      vertex -0.86824 20.076 5.01
    endloop
  endfacet
  facet normal 0 0 1
    outer loop
      vertex -1.7101 20.3015 5.01
      vertex -1.7101 4.69846 5.01
      vertex -0.86824 4.92404 5.01
    endloop
  endfacet
  facet normal 0 0 1
    outer loop
      vertex -2.5 20.6699 5.01
      vertex -1.7101 4.69846 5.01
      vertex -1.7101 20.3015 5.01
    endloop
  endfacet
  facet normal 0 0 1
    outer loop
      vertex -2.5 20.6699 5.01
      vertex -2.5 4.33013 5.01
      vertex -1.7101 4.69846 5.01
    endloop
  endfacet
  facet normal 0 0 1
    outer loop
      vertex -3.21394 21.1698 5.01
      vertex -2.5 4.33013 5.01
      vertex -2.5 20.6699 5.01
    endloop
  endfacet
  facet normal 0 0 1
    outer loop
      vertex -3.21394 21.1698 5.01
      vertex -3.21394 3.83022 5.01
      vertex -2.5 4.33013 5.01
    endloop
  endfacet
  facet normal 0 0 1
    outer loop
      vertex -3.83022 21.7861 5.01
      vertex -3.21394 3.83022 5.01
      vertex -3.21394 21.1698 5.01
    endloop
  endfacet
  facet normal 0 0 1
    outer loop
      vertex -3.83022 21.7861 5.01
      vertex -3.83022 3.21394 5.01
      vertex -3.21394 3.83022 5.01
    endloop
  endfacet
  facet normal 0 0 1
    outer loop
      vertex -4.33013 22.5 5.01
      vertex -3.83022 3.21394 5.01
      vertex -3.83022 21.7861 5.01
    endloop
  endfacet
  facet normal 0 0 1
    outer loop
      vertex -4.33013 22.5 5.01
      vertex -4.33013 2.5 5.01
      vertex -3.83022 3.21394 5.01
    endloop
  endfacet
  facet normal 0 0 1
    outer loop
      vertex -4.69846 23.2899 5.01
      vertex -4.33013 2.5 5.01
      vertex -4.33013 22.5 5.01
    endloop
  endfacet
  facet normal 0 0 1
    outer loop
      vertex -4.69846 23.2899 5.01
      vertex -4.69846 1.7101 5.01
      vertex -4.33013 2.5 5.01
    endloop
  endfacet
  facet normal 0 0 1
    outer loop
      vertex -30 37 5.01
      vertex -4.69846 23.2899 5.01
      vertex -4.92404 24.1318 5.01
    endloop
  endfacet
  facet normal 0 0 1
    outer loop
      vertex -4.69846 23.2899 5.01
      vertex -30 37 5.01
      vertex -4.69846 1.7101 5.01
    endloop
  endfacet
  facet normal 0 0 1
    outer loop
      vertex -30 37 5.01
      vertex -4.92404 24.1318 5.01
      vertex -5 25 5.01
    endloop
  endfacet
  facet normal 0 0 1
    outer loop
      vertex -4.69846 1.7101 5.01
      vertex -30 37 5.01
      vertex -4.92404 0.86824 5.01
    endloop
  endfacet
  facet normal 0 0 1
    outer loop
      vertex 27 40 5.01
      vertex 30 37 5.01
      vertex 29.9544 37.5209 5.01
    endloop
  endfacet
  facet normal 0 0 1
    outer loop
      vertex 30 37 5.01
      vertex 10 3.5 5.01
      vertex 30 -37 5.01
    endloop
  endfacet
  facet normal 0 0 1
    outer loop
      vertex 27 40 5.01
      vertex 29.9544 37.5209 5.01
      vertex 29.8191 38.0261 5.01
    endloop
  endfacet
  facet normal -0 0 1
    outer loop
      vertex 10 -3.5 5.01
      vertex 30 -37 5.01
      vertex 10 3.5 5.01
    endloop
  endfacet
  facet normal 0 0 1
    outer loop
      vertex 27 40 5.01
      vertex 29.8191 38.0261 5.01
      vertex 29.5981 38.5 5.01
    endloop
  endfacet
  facet normal -0 0 1
    outer loop
      vertex 10 -21.5 5.01
      vertex 30 -37 5.01
      vertex 10 -3.5 5.01
    endloop
  endfacet
  facet normal 0 0 1
    outer loop
      vertex 27 40 5.01
      vertex 29.5981 38.5 5.01
      vertex 29.2981 38.9284 5.01
    endloop
  endfacet
  facet normal -0 0 1
    outer loop
      vertex 10 -28.5 5.01
      vertex 30 -37 5.01
      vertex 10 -21.5 5.01
    endloop
  endfacet
  facet normal 0 0 1
    outer loop
      vertex 27 40 5.01
      vertex 29.2981 38.9284 5.01
      vertex 28.9284 39.2981 5.01
    endloop
  endfacet
  facet normal 0 -0 1
    outer loop
      vertex 27 -40 5.01
      vertex 30 -37 5.01
      vertex 10 -28.5 5.01
    endloop
  endfacet
  facet normal 0 0 1
    outer loop
      vertex 27 40 5.01
      vertex 28.9284 39.2981 5.01
      vertex 28.5 39.5981 5.01
    endloop
  endfacet
  facet normal 0 0 1
    outer loop
      vertex 30 -37 5.01
      vertex 27 -40 5.01
      vertex 29.9544 -37.5209 5.01
    endloop
  endfacet
  facet normal 0 0 1
    outer loop
      vertex 27 40 5.01
      vertex 28.5 39.5981 5.01
      vertex 28.0261 39.8191 5.01
    endloop
  endfacet
  facet normal 0 0 1
    outer loop
      vertex 29.9544 -37.5209 5.01
      vertex 27 -40 5.01
      vertex 29.8191 -38.0261 5.01
    endloop
  endfacet
  facet normal 0 0 1
    outer loop
      vertex 27 40 5.01
      vertex 28.0261 39.8191 5.01
      vertex 27.5209 39.9544 5.01
    endloop
  endfacet
  facet normal 0 0 1
    outer loop
      vertex 29.8191 -38.0261 5.01
      vertex 27 -40 5.01
      vertex 29.5981 -38.5 5.01
    endloop
  endfacet
  facet normal 0 0 1
    outer loop
      vertex 30 37 5.01
      vertex 27 40 5.01
      vertex 10 28.5 5.01
    endloop
  endfacet
  facet normal 0 0 1
    outer loop
      vertex 29.5981 -38.5 5.01
      vertex 27 -40 5.01
      vertex 29.2981 -38.9284 5.01
    endloop
  endfacet
  facet normal 0 0 1
    outer loop
      vertex 30 37 5.01
      vertex 10 28.5 5.01
      vertex 10 21.5 5.01
    endloop
  endfacet
  facet normal -0 0 1
    outer loop
      vertex 1.7101 29.6985 5.01
      vertex 10 28.5 5.01
      vertex 27 40 5.01
    endloop
  endfacet
  facet normal 0 0 1
    outer loop
      vertex 10 28.5 5.01
      vertex 3.21394 28.8302 5.01
      vertex 3.54416 28.5 5.01
    endloop
  endfacet
  facet normal 0 0 1
    outer loop
      vertex 10 28.5 5.01
      vertex 2.5 29.3301 5.01
      vertex 3.21394 28.8302 5.01
    endloop
  endfacet
  facet normal 0 0 1
    outer loop
      vertex 10 28.5 5.01
      vertex 1.7101 29.6985 5.01
      vertex 2.5 29.3301 5.01
    endloop
  endfacet
  facet normal 0 0 1
    outer loop
      vertex 27 40 5.01
      vertex 0.86824 29.924 5.01
      vertex 1.7101 29.6985 5.01
    endloop
  endfacet
  facet normal 0 0 1
    outer loop
      vertex 27 40 5.01
      vertex 0 30 5.01
      vertex 0.86824 29.924 5.01
    endloop
  endfacet
  facet normal -0 0 1
    outer loop
      vertex -27 40 5.01
      vertex 0 30 5.01
      vertex 27 40 5.01
    endloop
  endfacet
  facet normal 0 0 1
    outer loop
      vertex 0 30 5.01
      vertex -27 40 5.01
      vertex -0.86824 29.924 5.01
    endloop
  endfacet
  facet normal 0 0 1
    outer loop
      vertex -4.92404 0.86824 5.01
      vertex -30 37 5.01
      vertex -5 0 5.01
    endloop
  endfacet
  facet normal 0 0 1
    outer loop
      vertex -4.92404 25.8682 5.01
      vertex -30 37 5.01
      vertex -5 25 5.01
    endloop
  endfacet
  facet normal -0 0 1
    outer loop
      vertex -30 37 5.01
      vertex -4.92404 25.8682 5.01
      vertex -27 40 5.01
    endloop
  endfacet
  facet normal 0 0 1
    outer loop
      vertex -4.69846 26.7101 5.01
      vertex -27 40 5.01
      vertex -4.92404 25.8682 5.01
    endloop
  endfacet
  facet normal 0 0 1
    outer loop
      vertex -4.33013 27.5 5.01
      vertex -27 40 5.01
      vertex -4.69846 26.7101 5.01
    endloop
  endfacet
  facet normal 0 0 1
    outer loop
      vertex -3.83022 28.2139 5.01
      vertex -27 40 5.01
      vertex -4.33013 27.5 5.01
    endloop
  endfacet
  facet normal 0 0 1
    outer loop
      vertex -3.21394 28.8302 5.01
      vertex -27 40 5.01
      vertex -3.83022 28.2139 5.01
    endloop
  endfacet
  facet normal 0 0 1
    outer loop
      vertex -2.5 29.3301 5.01
      vertex -27 40 5.01
      vertex -3.21394 28.8302 5.01
    endloop
  endfacet
  facet normal 0 0 1
    outer loop
      vertex -1.7101 29.6985 5.01
      vertex -27 40 5.01
      vertex -2.5 29.3301 5.01
    endloop
  endfacet
  facet normal 0 0 1
    outer loop
      vertex -0.86824 29.924 5.01
      vertex -27 40 5.01
      vertex -1.7101 29.6985 5.01
    endloop
  endfacet
  facet normal 0 0 1
    outer loop
      vertex 30 37 5.01
      vertex 10 21.5 5.01
      vertex 10 3.5 5.01
    endloop
  endfacet
  facet normal 0 0 1
    outer loop
      vertex 29.2981 -38.9284 5.01
      vertex 27 -40 5.01
      vertex 28.9284 -39.2981 5.01
    endloop
  endfacet
  facet normal 0 0 1
    outer loop
      vertex 28.5 -39.5981 5.01
      vertex 27 -40 5.01
      vertex 28.0261 -39.8191 5.01
    endloop
  endfacet
  facet normal 0 0 1
    outer loop
      vertex 28.0261 -39.8191 5.01
      vertex 27 -40 5.01
      vertex 27.5209 -39.9544 5.01
    endloop
  endfacet
  facet normal 0 0 1
    outer loop
      vertex 28.9284 -39.2981 5.01
      vertex 27 -40 5.01
      vertex 28.5 -39.5981 5.01
    endloop
  endfacet
  facet normal 0 0 1
    outer loop
      vertex 3.21394 -28.8302 5.01
      vertex 10 -28.5 5.01
      vertex 3.54416 -28.5 5.01
    endloop
  endfacet
  facet normal 0 0 1
    outer loop
      vertex 2.5 -29.3301 5.01
      vertex 10 -28.5 5.01
      vertex 3.21394 -28.8302 5.01
    endloop
  endfacet
  facet normal 0 0 1
    outer loop
      vertex 1.7101 -29.6985 5.01
      vertex 10 -28.5 5.01
      vertex 2.5 -29.3301 5.01
    endloop
  endfacet
  facet normal 0 0 1
    outer loop
      vertex 10 -28.5 5.01
      vertex 1.7101 -29.6985 5.01
      vertex 27 -40 5.01
    endloop
  endfacet
  facet normal -0 0 1
    outer loop
      vertex 0.86824 -29.924 5.01
      vertex 27 -40 5.01
      vertex 1.7101 -29.6985 5.01
    endloop
  endfacet
  facet normal -0 0 1
    outer loop
      vertex 0 -30 5.01
      vertex 27 -40 5.01
      vertex 0.86824 -29.924 5.01
    endloop
  endfacet
  facet normal 0 0 1
    outer loop
      vertex -27 -40 5.01
      vertex 0 -30 5.01
      vertex -0.86824 -29.924 5.01
    endloop
  endfacet
  facet normal 0 0 1
    outer loop
      vertex -27 -40 5.01
      vertex -0.86824 -29.924 5.01
      vertex -1.7101 -29.6985 5.01
    endloop
  endfacet
  facet normal 0 0 1
    outer loop
      vertex -30 -37 5.01
      vertex -5 0 5.01
      vertex -30 37 5.01
    endloop
  endfacet
  facet normal 0 0 1
    outer loop
      vertex -4.92404 -24.1318 5.01
      vertex -30 -37 5.01
      vertex -5 -25 5.01
    endloop
  endfacet
  facet normal 0 0 1
    outer loop
      vertex 0 -30 5.01
      vertex -27 -40 5.01
      vertex 27 -40 5.01
    endloop
  endfacet
  facet normal 0 0 1
    outer loop
      vertex -2.5 -29.3301 5.01
      vertex -27 -40 5.01
      vertex -1.7101 -29.6985 5.01
    endloop
  endfacet
  facet normal 0 0 1
    outer loop
      vertex -3.21394 -28.8302 5.01
      vertex -27 -40 5.01
      vertex -2.5 -29.3301 5.01
    endloop
  endfacet
  facet normal 0 0 1
    outer loop
      vertex -3.83022 -28.2139 5.01
      vertex -27 -40 5.01
      vertex -3.21394 -28.8302 5.01
    endloop
  endfacet
  facet normal 0 0 1
    outer loop
      vertex -4.33013 -27.5 5.01
      vertex -27 -40 5.01
      vertex -3.83022 -28.2139 5.01
    endloop
  endfacet
  facet normal 0 0 1
    outer loop
      vertex -4.69846 -26.7101 5.01
      vertex -27 -40 5.01
      vertex -4.33013 -27.5 5.01
    endloop
  endfacet
  facet normal 0 0 1
    outer loop
      vertex -5 -25 5.01
      vertex -30 -37 5.01
      vertex -4.92404 -25.8682 5.01
    endloop
  endfacet
  facet normal 0 0 1
    outer loop
      vertex -30 37 5.01
      vertex -27 40 5.01
      vertex -27.5209 39.9544 5.01
    endloop
  endfacet
  facet normal 0 -0 1
    outer loop
      vertex -27 -40 5.01
      vertex -4.92404 -25.8682 5.01
      vertex -30 -37 5.01
    endloop
  endfacet
  facet normal 0 0 1
    outer loop
      vertex -30 37 5.01
      vertex -27.5209 39.9544 5.01
      vertex -28.0261 39.8191 5.01
    endloop
  endfacet
  facet normal 0 0 1
    outer loop
      vertex -4.92404 -25.8682 5.01
      vertex -27 -40 5.01
      vertex -4.69846 -26.7101 5.01
    endloop
  endfacet
  facet normal 0 0 1
    outer loop
      vertex -30 37 5.01
      vertex -28.0261 39.8191 5.01
      vertex -28.5 39.5981 5.01
    endloop
  endfacet
  facet normal 0 0 1
    outer loop
      vertex -27 -40 5.01
      vertex -30 -37 5.01
      vertex -27.5209 -39.9544 5.01
    endloop
  endfacet
  facet normal 0 0 1
    outer loop
      vertex -30 37 5.01
      vertex -28.5 39.5981 5.01
      vertex -28.9284 39.2981 5.01
    endloop
  endfacet
  facet normal 0 0 1
    outer loop
      vertex -27.5209 -39.9544 5.01
      vertex -30 -37 5.01
      vertex -28.0261 -39.8191 5.01
    endloop
  endfacet
  facet normal 0 0 1
    outer loop
      vertex -30 37 5.01
      vertex -28.9284 39.2981 5.01
      vertex -29.2981 38.9284 5.01
    endloop
  endfacet
  facet normal 0 0 1
    outer loop
      vertex -28.0261 -39.8191 5.01
      vertex -30 -37 5.01
      vertex -28.5 -39.5981 5.01
    endloop
  endfacet
  facet normal 0 0 1
    outer loop
      vertex -30 37 5.01
      vertex -29.2981 38.9284 5.01
      vertex -29.5981 38.5 5.01
    endloop
  endfacet
  facet normal 0 0 1
    outer loop
      vertex -28.5 -39.5981 5.01
      vertex -30 -37 5.01
      vertex -28.9284 -39.2981 5.01
    endloop
  endfacet
  facet normal 0 0 1
    outer loop
      vertex -30 37 5.01
      vertex -29.5981 38.5 5.01
      vertex -29.8191 38.0261 5.01
    endloop
  endfacet
  facet normal 0 0 1
    outer loop
      vertex -28.9284 -39.2981 5.01
      vertex -30 -37 5.01
      vertex -29.2981 -38.9284 5.01
    endloop
  endfacet
  facet normal 0 0 1
    outer loop
      vertex -30 37 5.01
      vertex -29.8191 38.0261 5.01
      vertex -29.9544 37.5209 5.01
    endloop
  endfacet
  facet normal 0 0 1
    outer loop
      vertex -29.2981 -38.9284 5.01
      vertex -30 -37 5.01
      vertex -29.5981 -38.5 5.01
    endloop
  endfacet
  facet normal 0 0 1
    outer loop
      vertex -29.5981 -38.5 5.01
      vertex -30 -37 5.01
      vertex -29.8191 -38.0261 5.01
    endloop
  endfacet
  facet normal 0 0 1
    outer loop
      vertex -29.8191 -38.0261 5.01
      vertex -30 -37 5.01
      vertex -29.9544 -37.5209 5.01
    endloop
  endfacet
endsolid OpenSCAD_Model
