solid OpenSCAD_Model
  facet normal 0.05445 -0.709753 -0.702343
    outer loop
      vertex -75.5759 5.26059 0
      vertex -76.2423 4.63644 0.579071
      vertex -76.3928 5.19792 0
    endloop
  endfacet
  facet normal 0.0453454 -0.705033 -0.707724
    outer loop
      vertex -75 4.97677 0.31964
      vertex -75.5759 5.26059 0
      vertex -75 5.29763 0
    endloop
  endfacet
  facet normal 0.0453428 -0.705035 -0.707721
    outer loop
      vertex -75.6525 4.87502 0.379199
      vertex -75.5759 5.26059 0
      vertex -75 4.97677 0.31964
    endloop
  endfacet
  facet normal 0.0453709 -0.705037 -0.707718
    outer loop
      vertex -75.854 4.84358 0.397602
      vertex -75.5759 5.26059 0
      vertex -75.6525 4.87502 0.379199
    endloop
  endfacet
  facet normal 0.045386 -0.705064 -0.707689
    outer loop
      vertex -76.2423 4.63644 0.579071
      vertex -75.854 4.84358 0.397602
      vertex -76.0443 4.66252 0.565786
    endloop
  endfacet
  facet normal 0.0453517 -0.705031 -0.707725
    outer loop
      vertex -75.854 4.84358 0.397602
      vertex -76.2423 4.63644 0.579071
      vertex -75.5759 5.26059 0
    endloop
  endfacet
  facet normal -0.064659 -0.0172945 -0.997758
    outer loop
      vertex -76.2423 4.63644 0.579071
      vertex -76.0596 4.65757 0.566865
      vertex -76.233 4.60167 0.579071
    endloop
  endfacet
  facet normal -0.0645972 -0.0178258 -0.997752
    outer loop
      vertex -76.0596 4.65757 0.566865
      vertex -76.2423 4.63644 0.579071
      vertex -76.0443 4.66252 0.565786
    endloop
  endfacet
  facet normal 0.226232 -0.669272 -0.707739
    outer loop
      vertex -76.533 4.51605 0.599994
      vertex -76.3928 5.19792 0
      vertex -76.2423 4.63644 0.579071
    endloop
  endfacet
  facet normal 0.226274 -0.669266 -0.707731
    outer loop
      vertex -76.8485 5.04386 0
      vertex -76.533 4.51605 0.599994
      vertex -76.8369 4.43462 0.579836
    endloop
  endfacet
  facet normal 0.226263 -0.669271 -0.70773
    outer loop
      vertex -76.533 4.51605 0.599994
      vertex -76.8485 5.04386 0
      vertex -76.3928 5.19792 0
    endloop
  endfacet
  facet normal 0.22631 -0.669259 -0.707726
    outer loop
      vertex -77.1093 4.27732 0.641481
      vertex -76.8485 5.04386 0
      vertex -76.8369 4.43462 0.579836
    endloop
  endfacet
  facet normal 0.226248 -0.669257 -0.707748
    outer loop
      vertex -76.8485 5.04386 0
      vertex -77.1093 4.27732 0.641481
      vertex -77.4 4.15692 0.662404
    endloop
  endfacet
  facet normal 0.236299 -0.671472 -0.702345
    outer loop
      vertex -76.8485 5.04386 0
      vertex -77.4 4.15692 0.662404
      vertex -77.7325 4.73277 0
    endloop
  endfacet
  facet normal -0.12829 -0.034314 -0.991143
    outer loop
      vertex -76.233 4.60167 0.579071
      vertex -76.2417 4.59838 0.580311
      vertex -76.2423 4.63644 0.579071
    endloop
  endfacet
  facet normal -0.0579889 -0.0334213 -0.997758
    outer loop
      vertex -76.3221 4.57255 0.585849
      vertex -76.2423 4.63644 0.579071
      vertex -76.2417 4.59838 0.580311
    endloop
  endfacet
  facet normal -0.0579542 -0.0334648 -0.997758
    outer loop
      vertex -76.2423 4.63644 0.579071
      vertex -76.3221 4.57255 0.585849
      vertex -76.533 4.51605 0.599994
    endloop
  endfacet
  facet normal -0.0579716 -0.03342 -0.997759
    outer loop
      vertex -77.1093 4.27732 0.641481
      vertex -77.3795 4.12136 0.662404
      vertex -77.4 4.15692 0.662404
    endloop
  endfacet
  facet normal 0.40206 -0.587432 -0.702332
    outer loop
      vertex -78.0528 4.51931 0
      vertex -78.3941 3.39411 0.745738
      vertex -78.9234 3.92344 0
    endloop
  endfacet
  facet normal 0.391777 -0.587904 -0.707729
    outer loop
      vertex -78.0528 4.51931 0
      vertex -77.4 4.15692 0.662404
      vertex -77.6496 3.9654 0.683327
    endloop
  endfacet
  facet normal 0.391738 -0.587931 -0.707728
    outer loop
      vertex -78.0528 4.51931 0
      vertex -77.6496 3.9654 0.683327
      vertex -77.9221 3.8081 0.663168
    endloop
  endfacet
  facet normal 0.391791 -0.587888 -0.707734
    outer loop
      vertex -77.4 4.15692 0.662404
      vertex -78.0528 4.51931 0
      vertex -77.7325 4.73277 0
    endloop
  endfacet
  facet normal 0.39189 -0.587871 -0.707693
    outer loop
      vertex -78.1445 3.58563 0.724815
      vertex -78.0528 4.51931 0
      vertex -77.9221 3.8081 0.663168
    endloop
  endfacet
  facet normal 0.391769 -0.587895 -0.70774
    outer loop
      vertex -78.0528 4.51931 0
      vertex -78.1445 3.58563 0.724815
      vertex -78.3941 3.39411 0.745738
    endloop
  endfacet
  facet normal -0.0473446 -0.0472999 -0.997758
    outer loop
      vertex -77.4 4.15692 0.662404
      vertex -77.3884 4.11622 0.663783
      vertex -77.6496 3.9654 0.683327
    endloop
  endfacet
  facet normal -0.0473464 -0.0472975 -0.997758
    outer loop
      vertex -78.1445 3.58563 0.724815
      vertex -78.3651 3.36508 0.745738
      vertex -78.3941 3.39411 0.745738
    endloop
  endfacet
  facet normal -0.11521 -0.0664173 -0.991118
    outer loop
      vertex -77.3795 4.12136 0.662404
      vertex -77.3884 4.11622 0.663783
      vertex -77.4 4.15692 0.662404
    endloop
  endfacet
  facet normal 0.530563 -0.466507 -0.707725
    outer loop
      vertex -79.1141 3.70653 0
      vertex -78.5856 3.14452 0.76666
      vertex -78.8081 2.92205 0.746502
    endloop
  endfacet
  facet normal 0.53062 -0.466448 -0.707721
    outer loop
      vertex -78.5856 3.14452 0.76666
      vertex -79.1141 3.70653 0
      vertex -78.3941 3.39411 0.745738
    endloop
  endfacet
  facet normal 0.53062 -0.466468 -0.707707
    outer loop
      vertex -79.1141 3.70653 0
      vertex -78.8081 2.92205 0.746502
      vertex -78.9654 2.64959 0.808148
    endloop
  endfacet
  facet normal 0.530598 -0.466484 -0.707714
    outer loop
      vertex -78.3941 3.39411 0.745738
      vertex -79.1141 3.70653 0
      vertex -78.9234 3.92344 0
    endloop
  endfacet
  facet normal 0.530636 -0.466461 -0.7077
    outer loop
      vertex -79.1141 3.70653 0
      vertex -78.9654 2.64959 0.808148
      vertex -79.1569 2.4 0.829071
    endloop
  endfacet
  facet normal 0.540341 -0.463387 -0.702356
    outer loop
      vertex -79.1141 3.70653 0
      vertex -79.1569 2.4 0.829071
      vertex -79.8777 2.81612 0
    endloop
  endfacet
  facet normal -0.0334357 -0.0579836 -0.997757
    outer loop
      vertex -78.3941 3.39411 0.745738
      vertex -78.3723 3.35781 0.747117
      vertex -78.5856 3.14452 0.76666
    endloop
  endfacet
  facet normal -0.0335044 -0.057935 -0.997758
    outer loop
      vertex -78.9654 2.64959 0.808148
      vertex -79.1214 2.37947 0.829071
      vertex -79.1569 2.4 0.829071
    endloop
  endfacet
  facet normal -0.0944958 -0.0943981 -0.99104
    outer loop
      vertex -78.3651 3.36508 0.745738
      vertex -78.3723 3.35781 0.747117
      vertex -78.3941 3.39411 0.745738
    endloop
  endfacet
  facet normal 0.64189 -0.307713 -0.702346
    outer loop
      vertex -79.9631 2.64337 0
      vertex -79.6364 1.24233 0.912404
      vertex -80.5211 1.47938 0
    endloop
  endfacet
  facet normal 0.633252 -0.313236 -0.707725
    outer loop
      vertex -79.9631 2.64337 0
      vertex -79.2773 2.10934 0.849994
      vertex -79.4346 1.83688 0.829836
    endloop
  endfacet
  facet normal 0.633226 -0.313248 -0.707743
    outer loop
      vertex -79.9631 2.64337 0
      vertex -79.516 1.53299 0.891481
      vertex -79.6364 1.24233 0.912404
    endloop
  endfacet
  facet normal 0.633242 -0.313253 -0.707727
    outer loop
      vertex -79.2773 2.10934 0.849994
      vertex -79.9631 2.64337 0
      vertex -79.1569 2.4 0.829071
    endloop
  endfacet
  facet normal 0.633291 -0.313194 -0.707709
    outer loop
      vertex -79.516 1.53299 0.891481
      vertex -79.9631 2.64337 0
      vertex -79.4346 1.83688 0.829836
    endloop
  endfacet
  facet normal 0.63331 -0.31308 -0.707742
    outer loop
      vertex -79.1569 2.4 0.829071
      vertex -79.9631 2.64337 0
      vertex -79.8777 2.81612 0
    endloop
  endfacet
  facet normal -0.017324 -0.0646469 -0.997758
    outer loop
      vertex -79.1569 2.4 0.829071
      vertex -79.1265 2.37057 0.83045
      vertex -79.2773 2.10934 0.849994
    endloop
  endfacet
  facet normal -0.0173505 -0.064636 -0.997758
    outer loop
      vertex -79.516 1.53299 0.891481
      vertex -79.5968 1.2317 0.912404
      vertex -79.6364 1.24233 0.912404
    endloop
  endfacet
  facet normal -0.0667021 -0.11534 -0.991084
    outer loop
      vertex -79.1214 2.37947 0.829071
      vertex -79.1265 2.37057 0.83045
      vertex -79.1569 2.4 0.829071
    endloop
  endfacet
  facet normal 0.692673 -0.138749 -0.70778
    outer loop
      vertex -80.5401 1.38463 0
      vertex -79.7589 0.311914 0.974815
      vertex -79.8 0 0.995738
    endloop
  endfacet
  facet normal 0.692759 -0.138617 -0.707722
    outer loop
      vertex -80.5401 1.38463 0
      vertex -79.6775 0.930416 0.933327
      vertex -79.7589 0.626525 0.913169
    endloop
  endfacet
  facet normal 0.692711 -0.138751 -0.707743
    outer loop
      vertex -79.6775 0.930416 0.933327
      vertex -80.5401 1.38463 0
      vertex -79.6364 1.24233 0.912404
    endloop
  endfacet
  facet normal 0.692725 -0.138678 -0.707743
    outer loop
      vertex -79.7589 0.311914 0.974815
      vertex -80.5401 1.38463 0
      vertex -79.7589 0.626525 0.913169
    endloop
  endfacet
  facet normal 0.692684 -0.138902 -0.707739
    outer loop
      vertex -79.6364 1.24233 0.912404
      vertex -80.5401 1.38463 0
      vertex -80.5211 1.47938 0
    endloop
  endfacet
  facet normal 0.699683 -0.13108 -0.702326
    outer loop
      vertex -80.5401 1.38463 0
      vertex -79.8 0 0.995738
      vertex -80.7995 0 0
    endloop
  endfacet
  facet normal -0.0345199 -0.128597 -0.991096
    outer loop
      vertex -79.5968 1.2317 0.912404
      vertex -79.5994 1.22177 0.913783
      vertex -79.6364 1.24233 0.912404
    endloop
  endfacet
  facet normal 0 -0.066929 -0.997758
    outer loop
      vertex -79.7589 0.311914 0.974815
      vertex -79.7589 0 0.995738
      vertex -79.8 0 0.995738
    endloop
  endfacet
  facet normal -3.82433e-06 -0.0669285 -0.997758
    outer loop
      vertex -79.6364 1.24233 0.912404
      vertex -79.5994 1.22177 0.913783
      vertex -79.6775 0.930416 0.933327
    endloop
  endfacet
  facet normal 0.699713 0.131102 0.702292
    outer loop
      vertex -80.6024 -1.50115 0.0795277
      vertex -80.5433 -1.39056 0
      vertex -80.791 -0.0685482 0
    endloop
  endfacet
  facet normal 0.71018 0.0552985 -0.701845
    outer loop
      vertex -79.6364 -1.24233 1.07907
      vertex -80.7989 -0.00823146 0
      vertex -80.7995 -0.000525864 0
    endloop
  endfacet
  facet normal 0.709735 0.0544261 -0.702364
    outer loop
      vertex -80.7989 -0.00823146 0
      vertex -79.6364 -1.24233 1.07907
      vertex -80.6024 -1.50115 0.0828761
    endloop
  endfacet
  facet normal 0.705069 0.0454409 -0.707681
    outer loop
      vertex -80.7995 -0.000525864 0
      vertex -79.6775 -0.930416 1.05815
      vertex -79.6364 -1.24233 1.07907
    endloop
  endfacet
  facet normal 0.705022 0.0453465 -0.707734
    outer loop
      vertex -80.7995 -0.000525864 0
      vertex -79.7589 -0.311914 1.01666
      vertex -79.7589 -0.626525 0.996502
    endloop
  endfacet
  facet normal 0.704998 0.0452619 -0.707763
    outer loop
      vertex -79.6775 -0.930416 1.05815
      vertex -80.7995 -0.000525864 0
      vertex -79.7589 -0.626525 0.996502
    endloop
  endfacet
  facet normal 0.705032 0.0454289 -0.707719
    outer loop
      vertex -79.7589 -0.311914 1.01666
      vertex -80.7995 -0.000525864 0
      vertex -79.8 0 0.995738
    endloop
  endfacet
  facet normal 0.705772 0 -0.708439
    outer loop
      vertex -79.8 0 0.995738
      vertex -80.7995 -0.000525864 0
      vertex -80.7995 0 0
    endloop
  endfacet
  facet normal 0.991466 0.129857 -0.01154
    outer loop
      vertex -80.6024 -1.50115 0.0828761
      vertex -80.791 -0.0685482 0
      vertex -80.7989 -0.00823146 0
    endloop
  endfacet
  facet normal 0.991445 0.130522 0
    outer loop
      vertex -80.791 -0.0685482 0
      vertex -80.6024 -1.50115 0.0828761
      vertex -80.6024 -1.50115 0.0795277
    endloop
  endfacet
  facet normal 0.692798 0.138668 0.707673
    outer loop
      vertex -80.5253 -1.48049 0
      vertex -80.5433 -1.39056 0
      vertex -80.6024 -1.50115 0.0795277
    endloop
  endfacet
  facet normal 0.0173498 -0.0646333 -0.997758
    outer loop
      vertex -79.5968 -1.2317 1.07907
      vertex -79.6364 -1.24233 1.07907
      vertex -79.6775 -0.930416 1.05815
    endloop
  endfacet
  facet normal 0.0173112 -0.0646448 -0.997758
    outer loop
      vertex -79.7589 -0.010278 0.997117
      vertex -79.7589 -0.311914 1.01666
      vertex -79.8 0 0.995738
    endloop
  endfacet
  facet normal -0 -0.132978 -0.991119
    outer loop
      vertex -79.7589 0 0.995738
      vertex -79.7589 -0.010278 0.997117
      vertex -79.8 0 0.995738
    endloop
  endfacet
  facet normal 0.641925 0.30778 0.702285
    outer loop
      vertex -80.6024 -1.50115 0.0795277
      vertex -79.9646 -2.64992 0
      vertex -80.5253 -1.48049 0
    endloop
  endfacet
  facet normal 0.641879 0.307751 0.70234
    outer loop
      vertex -79.9646 -2.64992 0
      vertex -80.6024 -1.50115 0.0795277
      vertex -80.0229 -2.9 0.162861
    endloop
  endfacet
  facet normal 0.669259 0.226289 -0.707733
    outer loop
      vertex -80.6024 -1.50115 0.0828761
      vertex -79.2773 -2.10934 1.14148
      vertex -79.1569 -2.4 1.1624
    endloop
  endfacet
  facet normal 0.669256 0.226197 -0.707765
    outer loop
      vertex -80.6024 -1.50115 0.0828761
      vertex -79.516 -1.53299 1.09999
      vertex -79.4346 -1.83688 1.07984
    endloop
  endfacet
  facet normal 0.669244 0.226281 -0.70775
    outer loop
      vertex -79.516 -1.53299 1.09999
      vertex -80.6024 -1.50115 0.0828761
      vertex -79.6364 -1.24233 1.07907
    endloop
  endfacet
  facet normal 0.669257 0.226268 -0.707742
    outer loop
      vertex -79.2773 -2.10934 1.14148
      vertex -80.6024 -1.50115 0.0828761
      vertex -79.4346 -1.83688 1.07984
    endloop
  endfacet
  facet normal 0.671472 0.23633 -0.702335
    outer loop
      vertex -79.1569 -2.4 1.1624
      vertex -80.0229 -2.9 0.166209
      vertex -80.6024 -1.50115 0.0828761
    endloop
  endfacet
  facet normal 0.923861 0.382727 -0
    outer loop
      vertex -80.0229 -2.9 0.162861
      vertex -80.6024 -1.50115 0.0828761
      vertex -80.0229 -2.9 0.166209
    endloop
  endfacet
  facet normal 0.923861 0.382727 0
    outer loop
      vertex -80.6024 -1.50115 0.0828761
      vertex -80.0229 -2.9 0.162861
      vertex -80.6024 -1.50115 0.0795277
    endloop
  endfacet
  facet normal 0.633504 0.313102 0.707559
    outer loop
      vertex -79.8814 -2.81826 0
      vertex -79.9646 -2.64992 0
      vertex -80.0229 -2.9 0.162861
    endloop
  endfacet
  facet normal 0.034459 -0.12837 -0.991127
    outer loop
      vertex -79.5968 -1.2317 1.07907
      vertex -79.5941 -1.24163 1.08045
      vertex -79.6364 -1.24233 1.07907
    endloop
  endfacet
  facet normal 0.0335097 -0.0579321 -0.997758
    outer loop
      vertex -79.5941 -1.24163 1.08045
      vertex -79.516 -1.53299 1.09999
      vertex -79.6364 -1.24233 1.07907
    endloop
  endfacet
  facet normal 0.033504 -0.0579344 -0.997758
    outer loop
      vertex -79.1214 -2.37947 1.1624
      vertex -79.1569 -2.4 1.1624
      vertex -79.2773 -2.10934 1.14148
    endloop
  endfacet
  facet normal 0.540465 0.463482 0.702198
    outer loop
      vertex -80.0229 -2.9 0.162861
      vertex -79.1139 -3.71324 0
      vertex -79.8814 -2.81826 0
    endloop
  endfacet
  facet normal 0.540384 0.463362 0.70234
    outer loop
      vertex -79.1139 -3.71324 0
      vertex -80.0229 -2.9 0.162861
      vertex -79.1012 -4.10122 0.246195
    endloop
  endfacet
  facet normal 0.58745 0.402028 -0.702335
    outer loop
      vertex -78.3941 -3.39411 1.24574
      vertex -79.1012 -4.10122 0.249543
      vertex -80.0229 -2.9 0.166209
    endloop
  endfacet
  facet normal 0.587912 0.39176 -0.707732
    outer loop
      vertex -80.0229 -2.9 0.166209
      vertex -78.5856 -3.14452 1.22482
      vertex -78.3941 -3.39411 1.24574
    endloop
  endfacet
  facet normal 0.587916 0.391788 -0.707712
    outer loop
      vertex -80.0229 -2.9 0.166209
      vertex -78.9654 -2.64959 1.18333
      vertex -78.8081 -2.92205 1.16317
    endloop
  endfacet
  facet normal 0.587933 0.391749 -0.70772
    outer loop
      vertex -78.9654 -2.64959 1.18333
      vertex -80.0229 -2.9 0.166209
      vertex -79.1569 -2.4 1.1624
    endloop
  endfacet
  facet normal 0.587896 0.391864 -0.707687
    outer loop
      vertex -78.5856 -3.14452 1.22482
      vertex -80.0229 -2.9 0.166209
      vertex -78.8081 -2.92205 1.16317
    endloop
  endfacet
  facet normal 0.793362 0.60875 -0
    outer loop
      vertex -79.1012 -4.10122 0.246195
      vertex -80.0229 -2.9 0.166209
      vertex -79.1012 -4.10122 0.249543
    endloop
  endfacet
  facet normal 0.793362 0.60875 0
    outer loop
      vertex -80.0229 -2.9 0.166209
      vertex -79.1012 -4.10122 0.246195
      vertex -80.0229 -2.9 0.162861
    endloop
  endfacet
  facet normal 0.530714 0.466425 0.707665
    outer loop
      vertex -79.1012 -4.10122 0.246195
      vertex -78.9265 -3.92647 0
      vertex -79.1139 -3.71324 0
    endloop
  endfacet
  facet normal 0.0473493 -0.0473004 -0.997758
    outer loop
      vertex -78.3651 -3.36508 1.24574
      vertex -78.3941 -3.39411 1.24574
      vertex -78.5856 -3.14452 1.22482
    endloop
  endfacet
  facet normal 0.0473564 -0.0473347 -0.997756
    outer loop
      vertex -79.1162 -2.38837 1.16378
      vertex -78.9654 -2.64959 1.18333
      vertex -79.1569 -2.4 1.1624
    endloop
  endfacet
  facet normal 0.0664312 -0.114871 -0.991157
    outer loop
      vertex -79.1214 -2.37947 1.1624
      vertex -79.1162 -2.38837 1.16378
      vertex -79.1569 -2.4 1.1624
    endloop
  endfacet
  facet normal 0.402041 0.587493 0.702293
    outer loop
      vertex -79.1012 -4.10122 0.246195
      vertex -78.0508 -4.52574 0
      vertex -78.9265 -3.92647 0
    endloop
  endfacet
  facet normal 0.402028 0.587423 0.702359
    outer loop
      vertex -78.0508 -4.52574 0
      vertex -79.1012 -4.10122 0.246195
      vertex -77.9 -5.02295 0.329528
    endloop
  endfacet
  facet normal 0.466464 0.530619 -0.707711
    outer loop
      vertex -79.1012 -4.10122 0.249543
      vertex -77.6496 -3.9654 1.30815
      vertex -77.4 -4.15692 1.32907
    endloop
  endfacet
  facet normal 0.466529 0.530518 -0.707744
    outer loop
      vertex -79.1012 -4.10122 0.249543
      vertex -78.1445 -3.58563 1.26666
      vertex -77.9221 -3.8081 1.2465
    endloop
  endfacet
  facet normal 0.466458 0.530609 -0.707723
    outer loop
      vertex -78.1445 -3.58563 1.26666
      vertex -79.1012 -4.10122 0.249543
      vertex -78.3941 -3.39411 1.24574
    endloop
  endfacet
  facet normal 0.466438 0.530679 -0.707683
    outer loop
      vertex -77.6496 -3.9654 1.30815
      vertex -79.1012 -4.10122 0.249543
      vertex -77.9221 -3.8081 1.2465
    endloop
  endfacet
  facet normal 0.463375 0.540373 -0.70234
    outer loop
      vertex -77.4 -4.15692 1.32907
      vertex -77.9 -5.02295 0.332876
      vertex -79.1012 -4.10122 0.249543
    endloop
  endfacet
  facet normal 0.608768 0.793348 -0
    outer loop
      vertex -77.9 -5.02295 0.329528
      vertex -79.1012 -4.10122 0.249543
      vertex -77.9 -5.02295 0.332876
    endloop
  endfacet
  facet normal 0.608768 0.793348 0
    outer loop
      vertex -79.1012 -4.10122 0.249543
      vertex -77.9 -5.02295 0.329528
      vertex -79.1012 -4.10122 0.246195
    endloop
  endfacet
  facet normal 0.39181 0.587883 0.707728
    outer loop
      vertex -77.9 -5.02295 0.329528
      vertex -77.7346 -4.73648 0
      vertex -78.0508 -4.52574 0
    endloop
  endfacet
  facet normal 0.0579779 -0.0334264 -0.997758
    outer loop
      vertex -78.3578 -3.37234 1.24712
      vertex -78.1445 -3.58563 1.26666
      vertex -78.3941 -3.39411 1.24574
    endloop
  endfacet
  facet normal 0.0579793 -0.0334245 -0.997758
    outer loop
      vertex -77.3795 -4.12136 1.32907
      vertex -77.4 -4.15692 1.32907
      vertex -77.6496 -3.9654 1.30815
    endloop
  endfacet
  facet normal 0.0939885 -0.0938914 -0.991136
    outer loop
      vertex -78.3651 -3.36508 1.24574
      vertex -78.3578 -3.37234 1.24712
      vertex -78.3941 -3.39411 1.24574
    endloop
  endfacet
  facet normal 0.236289 0.671479 0.702341
    outer loop
      vertex -77.9 -5.02295 0.329528
      vertex -76.8449 -5.04956 0
      vertex -77.7346 -4.73648 0
    endloop
  endfacet
  facet normal 0.236294 0.671461 0.702357
    outer loop
      vertex -76.8449 -5.04956 0
      vertex -77.9 -5.02295 0.329528
      vertex -76.5012 -5.60237 0.412861
    endloop
  endfacet
  facet normal 0.307725 0.641877 -0.702353
    outer loop
      vertex -76.2423 -4.63644 1.4124
      vertex -76.5012 -5.60237 0.416209
      vertex -77.9 -5.02295 0.332876
    endloop
  endfacet
  facet normal 0.313203 0.633302 -0.707696
    outer loop
      vertex -77.9 -5.02295 0.332876
      vertex -76.533 -4.51605 1.39148
      vertex -76.2423 -4.63644 1.4124
    endloop
  endfacet
  facet normal 0.313295 0.633202 -0.707744
    outer loop
      vertex -77.9 -5.02295 0.332876
      vertex -77.1093 -4.27732 1.34999
      vertex -76.8369 -4.43462 1.32984
    endloop
  endfacet
  facet normal 0.313212 0.633264 -0.707725
    outer loop
      vertex -77.1093 -4.27732 1.34999
      vertex -77.9 -5.02295 0.332876
      vertex -77.4 -4.15692 1.32907
    endloop
  endfacet
  facet normal 0.31323 0.633268 -0.707714
    outer loop
      vertex -76.533 -4.51605 1.39148
      vertex -77.9 -5.02295 0.332876
      vertex -76.8369 -4.43462 1.32984
    endloop
  endfacet
  facet normal 0.382694 0.923875 -0
    outer loop
      vertex -76.5012 -5.60237 0.412861
      vertex -77.9 -5.02295 0.332876
      vertex -76.5012 -5.60237 0.416209
    endloop
  endfacet
  facet normal 0.382694 0.923875 0
    outer loop
      vertex -77.9 -5.02295 0.332876
      vertex -76.5012 -5.60237 0.412861
      vertex -77.9 -5.02295 0.329528
    endloop
  endfacet
  facet normal 0.226286 0.669256 0.707737
    outer loop
      vertex -76.5012 -5.60237 0.412861
      vertex -76.3939 -5.20205 0
      vertex -76.8449 -5.04956 0
    endloop
  endfacet
  facet normal 0.0646652 -0.0172337 -0.997758
    outer loop
      vertex -77.3706 -4.1265 1.33045
      vertex -77.1093 -4.27732 1.34999
      vertex -77.4 -4.15692 1.32907
    endloop
  endfacet
  facet normal 0.0646473 -0.0172784 -0.997759
    outer loop
      vertex -76.2317 -4.59678 1.4124
      vertex -76.2423 -4.63644 1.4124
      vertex -76.533 -4.51605 1.39148
    endloop
  endfacet
  facet normal 0.115292 -0.0664646 -0.991106
    outer loop
      vertex -77.3795 -4.12136 1.32907
      vertex -77.3706 -4.1265 1.33045
      vertex -77.4 -4.15692 1.32907
    endloop
  endfacet
  facet normal 0.0544493 0.709753 0.702344
    outer loop
      vertex -75.571 -5.26518 0
      vertex -76.5012 -5.60237 0.412861
      vertex -75 -5.8 0.496195
    endloop
  endfacet
  facet normal 0.0544497 0.709752 0.702344
    outer loop
      vertex -76.5012 -5.60237 0.412861
      vertex -75.571 -5.26518 0
      vertex -76.3939 -5.20205 0
    endloop
  endfacet
  facet normal 0.138686 0.692731 -0.707736
    outer loop
      vertex -76.5012 -5.60237 0.416209
      vertex -75.3119 -4.75893 1.47482
      vertex -75 -4.8 1.49574
    endloop
  endfacet
  facet normal 0.138651 0.692751 -0.707723
    outer loop
      vertex -76.5012 -5.60237 0.416209
      vertex -75.9304 -4.67751 1.43333
      vertex -75.6265 -4.75893 1.41317
    endloop
  endfacet
  facet normal 0.138709 0.692728 -0.707734
    outer loop
      vertex -75.9304 -4.67751 1.43333
      vertex -76.5012 -5.60237 0.416209
      vertex -76.2423 -4.63644 1.4124
    endloop
  endfacet
  facet normal 0.138691 0.692728 -0.707738
    outer loop
      vertex -75.3119 -4.75893 1.47482
      vertex -76.5012 -5.60237 0.416209
      vertex -75.6265 -4.75893 1.41317
    endloop
  endfacet
  facet normal 0.131098 0.699667 -0.702338
    outer loop
      vertex -75 -4.8 1.49574
      vertex -75 -5.8 0.499543
      vertex -76.5012 -5.60237 0.416209
    endloop
  endfacet
  facet normal 0.130522 0.991445 -0
    outer loop
      vertex -75 -5.8 0.496195
      vertex -76.5012 -5.60237 0.416209
      vertex -75 -5.8 0.499543
    endloop
  endfacet
  facet normal 0.130522 0.991445 0
    outer loop
      vertex -76.5012 -5.60237 0.416209
      vertex -75 -5.8 0.496195
      vertex -76.5012 -5.60237 0.412861
    endloop
  endfacet
  facet normal 0.0453517 0.705032 0.707724
    outer loop
      vertex -75 -5.8 0.496195
      vertex -75 -5.30191 0
      vertex -75.571 -5.26518 0
    endloop
  endfacet
  facet normal 0.128892 -0.0344491 -0.99106
    outer loop
      vertex -76.2317 -4.59678 1.4124
      vertex -76.2218 -4.59944 1.41378
      vertex -76.2423 -4.63644 1.4124
    endloop
  endfacet
  facet normal 0.0669224 0 -0.997758
    outer loop
      vertex -75 -4.75893 1.49574
      vertex -75 -4.8 1.49574
      vertex -75.3119 -4.75893 1.47482
    endloop
  endfacet
  facet normal 0.0669686 0.000109346 -0.997755
    outer loop
      vertex -76.2218 -4.59944 1.41378
      vertex -75.9304 -4.67751 1.43333
      vertex -76.2423 -4.63644 1.4124
    endloop
  endfacet
  facet normal 0.131167 -0.699657 0.702336
    outer loop
      vertex -75 5.8 1.49619
      vertex -75.0357 4.8191 0.525698
      vertex -75 4.82375 0.523663
    endloop
  endfacet
  facet normal 0.1311 -0.699662 0.702343
    outer loop
      vertex -75.0357 4.8191 0.525698
      vertex -75 5.8 1.49619
      vertex -76.5012 5.60237 1.57953
    endloop
  endfacet
  facet normal 0.0544465 -0.709753 -0.702344
    outer loop
      vertex -75 5.8 1.49954
      vertex -76.2423 4.63644 2.57907
      vertex -76.5012 5.60237 1.58288
    endloop
  endfacet
  facet normal 0.0453676 -0.705033 -0.707722
    outer loop
      vertex -75.3119 4.75893 2.51666
      vertex -75 5.8 1.49954
      vertex -75 4.8 2.49574
    endloop
  endfacet
  facet normal 0.045352 -0.705031 -0.707725
    outer loop
      vertex -75.6265 4.75893 2.4965
      vertex -75 5.8 1.49954
      vertex -75.3119 4.75893 2.51666
    endloop
  endfacet
  facet normal 0.0453132 -0.70502 -0.707738
    outer loop
      vertex -75.9304 4.67751 2.55815
      vertex -75 5.8 1.49954
      vertex -75.6265 4.75893 2.4965
    endloop
  endfacet
  facet normal 0.0453695 -0.705042 -0.707712
    outer loop
      vertex -75 5.8 1.49954
      vertex -75.9304 4.67751 2.55815
      vertex -76.2423 4.63644 2.57907
    endloop
  endfacet
  facet normal 0.130522 -0.991445 0
    outer loop
      vertex -76.5012 5.60237 1.57953
      vertex -75 5.8 1.49954
      vertex -76.5012 5.60237 1.58288
    endloop
  endfacet
  facet normal 0.130522 -0.991445 0
    outer loop
      vertex -75 5.8 1.49954
      vertex -76.5012 5.60237 1.57953
      vertex -75 5.8 1.49619
    endloop
  endfacet
  facet normal 0.138659 -0.692753 0.707719
    outer loop
      vertex -76.5012 5.60237 1.57953
      vertex -75.4808 4.75893 0.554006
      vertex -75.0357 4.8191 0.525698
    endloop
  endfacet
  facet normal 0.138602 -0.69278 0.707704
    outer loop
      vertex -76.5012 5.60237 1.57953
      vertex -75.775 4.71916 0.572721
      vertex -75.6265 4.75893 0.582569
    endloop
  endfacet
  facet normal 0.138663 -0.692747 0.707725
    outer loop
      vertex -76.5012 5.60237 1.57953
      vertex -76.0268 4.66482 0.568873
      vertex -75.8308 4.71161 0.576271
    endloop
  endfacet
  facet normal 0.138753 -0.692705 0.707748
    outer loop
      vertex -75.775 4.71916 0.572721
      vertex -76.5012 5.60237 1.57953
      vertex -75.8308 4.71161 0.576271
    endloop
  endfacet
  facet normal 0.138717 -0.692728 0.707732
    outer loop
      vertex -76.0268 4.66482 0.568873
      vertex -76.5012 5.60237 1.57953
      vertex -76.2423 4.63644 0.583333
    endloop
  endfacet
  facet normal 0.138749 -0.692693 0.70776
    outer loop
      vertex -75.4808 4.75893 0.554006
      vertex -76.5012 5.60237 1.57953
      vertex -75.6265 4.75893 0.582569
    endloop
  endfacet
  facet normal -0.0646473 -0.0172784 -0.997759
    outer loop
      vertex -75.9304 4.67751 2.55815
      vertex -76.2317 4.59678 2.57907
      vertex -76.2423 4.63644 2.57907
    endloop
  endfacet
  facet normal -0.0646426 -0.017314 -0.997758
    outer loop
      vertex -75 4.8 2.49574
      vertex -75.0103 4.75893 2.49712
      vertex -75.3119 4.75893 2.51666
    endloop
  endfacet
  facet normal -0.132794 -0 -0.991144
    outer loop
      vertex -75 4.8 2.49574
      vertex -75 4.75893 2.49574
      vertex -75.0103 4.75893 2.49712
    endloop
  endfacet
  facet normal 0.128417 0.0342673 0.991128
    outer loop
      vertex -76.2322 4.59859 0.583333
      vertex -76.2232 4.602 0.582049
      vertex -76.2423 4.63644 0.583333
    endloop
  endfacet
  facet normal 0.0668561 0.000710094 0.997762
    outer loop
      vertex -76.2423 4.63644 0.583333
      vertex -76.0597 4.65428 0.571085
      vertex -76.0268 4.66482 0.568873
    endloop
  endfacet
  facet normal 0.0669328 -7.85023e-05 0.997757
    outer loop
      vertex -76.0597 4.65428 0.571085
      vertex -76.2423 4.63644 0.583333
      vertex -76.2232 4.602 0.582049
    endloop
  endfacet
  facet normal 0.307724 -0.641879 0.702351
    outer loop
      vertex -76.2423 4.63644 0.583333
      vertex -76.5012 5.60237 1.57953
      vertex -77.9 5.02295 1.66286
    endloop
  endfacet
  facet normal 0.226239 -0.66927 -0.707738
    outer loop
      vertex -76.533 4.51605 2.59999
      vertex -76.5012 5.60237 1.58288
      vertex -76.2423 4.63644 2.57907
    endloop
  endfacet
  facet normal 0.226256 -0.669268 -0.707735
    outer loop
      vertex -76.8369 4.43462 2.57984
      vertex -76.5012 5.60237 1.58288
      vertex -76.533 4.51605 2.59999
    endloop
  endfacet
  facet normal 0.226331 -0.669268 -0.70771
    outer loop
      vertex -77.1093 4.27732 2.64148
      vertex -76.5012 5.60237 1.58288
      vertex -76.8369 4.43462 2.57984
    endloop
  endfacet
  facet normal 0.226257 -0.66926 -0.707742
    outer loop
      vertex -76.5012 5.60237 1.58288
      vertex -77.1093 4.27732 2.64148
      vertex -77.4 4.15692 2.6624
    endloop
  endfacet
  facet normal 0.236302 -0.671473 -0.702343
    outer loop
      vertex -76.5012 5.60237 1.58288
      vertex -77.4 4.15692 2.6624
      vertex -77.9 5.02295 1.66621
    endloop
  endfacet
  facet normal 0.382694 -0.923875 0
    outer loop
      vertex -77.9 5.02295 1.66286
      vertex -76.5012 5.60237 1.58288
      vertex -77.9 5.02295 1.66621
    endloop
  endfacet
  facet normal 0.382694 -0.923875 0
    outer loop
      vertex -76.5012 5.60237 1.58288
      vertex -77.9 5.02295 1.66286
      vertex -76.5012 5.60237 1.57953
    endloop
  endfacet
  facet normal 0.313208 -0.633295 0.707699
    outer loop
      vertex -77.9 5.02295 1.66286
      vertex -76.533 4.51605 0.604256
      vertex -76.2423 4.63644 0.583333
    endloop
  endfacet
  facet normal 0.313281 -0.633213 0.70774
    outer loop
      vertex -77.9 5.02295 1.66286
      vertex -77.1093 4.27732 0.645743
      vertex -76.8369 4.43462 0.665901
    endloop
  endfacet
  facet normal 0.313218 -0.633261 0.707725
    outer loop
      vertex -77.1093 4.27732 0.645743
      vertex -77.9 5.02295 1.66286
      vertex -77.4 4.15692 0.666666
    endloop
  endfacet
  facet normal 0.313239 -0.633256 0.70772
    outer loop
      vertex -76.533 4.51605 0.604256
      vertex -77.9 5.02295 1.66286
      vertex -76.8369 4.43462 0.665901
    endloop
  endfacet
  facet normal -0.128892 -0.0344491 -0.99106
    outer loop
      vertex -76.2317 4.59678 2.57907
      vertex -76.2416 4.59412 2.58045
      vertex -76.2423 4.63644 2.57907
    endloop
  endfacet
  facet normal -0.0579318 -0.0334938 -0.997759
    outer loop
      vertex -76.2423 4.63644 2.57907
      vertex -76.2416 4.59412 2.58045
      vertex -76.533 4.51605 2.59999
    endloop
  endfacet
  facet normal -0.0579633 -0.0334153 -0.997759
    outer loop
      vertex -77.1093 4.27732 2.64148
      vertex -77.3795 4.12136 2.6624
      vertex -77.4 4.15692 2.6624
    endloop
  endfacet
  facet normal 0.11521 0.0664173 0.991118
    outer loop
      vertex -77.3795 4.12136 0.666666
      vertex -77.3706 4.1265 0.665287
      vertex -77.4 4.15692 0.666666
    endloop
  endfacet
  facet normal 0.064743 0.0172762 0.997752
    outer loop
      vertex -76.2423 4.63644 0.583333
      vertex -76.2679 4.58707 0.585849
      vertex -76.2322 4.59859 0.583333
    endloop
  endfacet
  facet normal 0.0646352 0.0173324 0.997758
    outer loop
      vertex -76.2679 4.58707 0.585849
      vertex -76.2423 4.63644 0.583333
      vertex -76.533 4.51605 0.604256
    endloop
  endfacet
  facet normal 0.0646628 0.0172642 0.997758
    outer loop
      vertex -77.3706 4.1265 0.665287
      vertex -77.1093 4.27732 0.645743
      vertex -77.4 4.15692 0.666666
    endloop
  endfacet
  facet normal 0.463374 -0.540374 0.70234
    outer loop
      vertex -77.4 4.15692 0.666666
      vertex -77.9 5.02295 1.66286
      vertex -79.1012 4.10122 1.74619
    endloop
  endfacet
  facet normal 0.402043 -0.587439 -0.702337
    outer loop
      vertex -77.9 5.02295 1.66621
      vertex -78.3941 3.39411 2.74574
      vertex -79.1012 4.10122 1.74954
    endloop
  endfacet
  facet normal 0.391764 -0.587913 -0.707728
    outer loop
      vertex -77.6496 3.9654 2.68333
      vertex -77.9 5.02295 1.66621
      vertex -77.4 4.15692 2.6624
    endloop
  endfacet
  facet normal 0.391737 -0.587924 -0.707734
    outer loop
      vertex -77.9221 3.8081 2.66317
      vertex -77.9 5.02295 1.66621
      vertex -77.6496 3.9654 2.68333
    endloop
  endfacet
  facet normal 0.391897 -0.587883 -0.70768
    outer loop
      vertex -78.1445 3.58563 2.72482
      vertex -77.9 5.02295 1.66621
      vertex -77.9221 3.8081 2.66317
    endloop
  endfacet
  facet normal 0.391782 -0.5879 -0.707729
    outer loop
      vertex -77.9 5.02295 1.66621
      vertex -78.1445 3.58563 2.72482
      vertex -78.3941 3.39411 2.74574
    endloop
  endfacet
  facet normal 0.608768 -0.793348 0
    outer loop
      vertex -79.1012 4.10122 1.74619
      vertex -77.9 5.02295 1.66621
      vertex -79.1012 4.10122 1.74954
    endloop
  endfacet
  facet normal 0.608768 -0.793348 0
    outer loop
      vertex -77.9 5.02295 1.66621
      vertex -79.1012 4.10122 1.74619
      vertex -77.9 5.02295 1.66286
    endloop
  endfacet
  facet normal 0.466466 -0.53061 0.707717
    outer loop
      vertex -79.1012 4.10122 1.74619
      vertex -77.6496 3.9654 0.687589
      vertex -77.4 4.15692 0.666666
    endloop
  endfacet
  facet normal 0.466531 -0.530513 0.707746
    outer loop
      vertex -79.1012 4.10122 1.74619
      vertex -78.1445 3.58563 0.729077
      vertex -77.9221 3.8081 0.749235
    endloop
  endfacet
  facet normal 0.466461 -0.530602 0.707725
    outer loop
      vertex -78.1445 3.58563 0.729077
      vertex -79.1012 4.10122 1.74619
      vertex -78.3941 3.39411 0.75
    endloop
  endfacet
  facet normal 0.466432 -0.530688 0.70768
    outer loop
      vertex -77.6496 3.9654 0.687589
      vertex -79.1012 4.10122 1.74619
      vertex -77.9221 3.8081 0.749235
    endloop
  endfacet
  facet normal -0.0473521 -0.0473265 -0.997756
    outer loop
      vertex -77.4 4.15692 2.6624
      vertex -77.3884 4.11622 2.66378
      vertex -77.6496 3.9654 2.68333
    endloop
  endfacet
  facet normal -0.0473397 -0.0472908 -0.997759
    outer loop
      vertex -78.1445 3.58563 2.72482
      vertex -78.3651 3.36508 2.74574
      vertex -78.3941 3.39411 2.74574
    endloop
  endfacet
  facet normal -0.115292 -0.0664646 -0.991106
    outer loop
      vertex -77.3795 4.12136 2.6624
      vertex -77.3884 4.11622 2.66378
      vertex -77.4 4.15692 2.6624
    endloop
  endfacet
  facet normal 0.0939216 0.0938246 0.991149
    outer loop
      vertex -78.3651 3.36508 0.75
      vertex -78.3578 3.37234 0.748621
      vertex -78.3941 3.39411 0.75
    endloop
  endfacet
  facet normal 0.0579876 0.0334293 0.997757
    outer loop
      vertex -77.3795 4.12136 0.666666
      vertex -77.4 4.15692 0.666666
      vertex -77.6496 3.9654 0.687589
    endloop
  endfacet
  facet normal 0.0579677 0.0334552 0.997758
    outer loop
      vertex -78.3578 3.37234 0.748621
      vertex -78.1445 3.58563 0.729077
      vertex -78.3941 3.39411 0.75
    endloop
  endfacet
  facet normal 0.58745 -0.402025 0.702338
    outer loop
      vertex -78.3941 3.39411 0.75
      vertex -79.1012 4.10122 1.74619
      vertex -80.0229 2.9 1.82953
    endloop
  endfacet
  facet normal 0.793362 -0.60875 0
    outer loop
      vertex -80.0229 2.9 1.82953
      vertex -79.1012 4.10122 1.74954
      vertex -80.0229 2.9 1.83288
    endloop
  endfacet
  facet normal 0.793362 -0.60875 0
    outer loop
      vertex -79.1012 4.10122 1.74954
      vertex -80.0229 2.9 1.82953
      vertex -79.1012 4.10122 1.74619
    endloop
  endfacet
  facet normal 0.530558 -0.466496 -0.707736
    outer loop
      vertex -79.1012 4.10122 1.74954
      vertex -78.5856 3.14452 2.76666
      vertex -78.8081 2.92205 2.7465
    endloop
  endfacet
  facet normal 0.530623 -0.466444 -0.707721
    outer loop
      vertex -78.5856 3.14452 2.76666
      vertex -79.1012 4.10122 1.74954
      vertex -78.3941 3.39411 2.74574
    endloop
  endfacet
  facet normal 0.530602 -0.466471 -0.707719
    outer loop
      vertex -78.9654 2.64959 2.80815
      vertex -79.1012 4.10122 1.74954
      vertex -78.8081 2.92205 2.7465
    endloop
  endfacet
  facet normal 0.530639 -0.466455 -0.707702
    outer loop
      vertex -79.1012 4.10122 1.74954
      vertex -78.9654 2.64959 2.80815
      vertex -79.1569 2.4 2.82907
    endloop
  endfacet
  facet normal 0.540386 -0.463368 -0.702334
    outer loop
      vertex -79.1012 4.10122 1.74954
      vertex -79.1569 2.4 2.82907
      vertex -80.0229 2.9 1.83288
    endloop
  endfacet
  facet normal 0.587912 -0.391754 0.707735
    outer loop
      vertex -80.0229 2.9 1.82953
      vertex -78.5856 3.14452 0.770922
      vertex -78.3941 3.39411 0.75
    endloop
  endfacet
  facet normal 0.587917 -0.391786 0.707713
    outer loop
      vertex -80.0229 2.9 1.82953
      vertex -78.9654 2.64959 0.81241
      vertex -78.8081 2.92205 0.832569
    endloop
  endfacet
  facet normal 0.587926 -0.391764 0.707717
    outer loop
      vertex -78.9654 2.64959 0.81241
      vertex -80.0229 2.9 1.82953
      vertex -79.1569 2.4 0.833333
    endloop
  endfacet
  facet normal 0.587894 -0.391873 0.707684
    outer loop
      vertex -78.5856 3.14452 0.770922
      vertex -80.0229 2.9 1.82953
      vertex -78.8081 2.92205 0.832569
    endloop
  endfacet
  facet normal -0.0334098 -0.0579956 -0.997758
    outer loop
      vertex -78.3941 3.39411 2.74574
      vertex -78.3723 3.35781 2.74712
      vertex -78.5856 3.14452 2.76666
    endloop
  endfacet
  facet normal -0.0334996 -0.0579267 -0.997759
    outer loop
      vertex -78.9654 2.64959 2.80815
      vertex -79.1214 2.37947 2.82907
      vertex -79.1569 2.4 2.82907
    endloop
  endfacet
  facet normal -0.0945631 -0.0944653 -0.991027
    outer loop
      vertex -78.3651 3.36508 2.74574
      vertex -78.3723 3.35781 2.74712
      vertex -78.3941 3.39411 2.74574
    endloop
  endfacet
  facet normal 0.0663839 0.114789 0.991169
    outer loop
      vertex -79.1214 2.37947 0.833333
      vertex -79.1162 2.38837 0.831954
      vertex -79.1569 2.4 0.833333
    endloop
  endfacet
  facet normal 0.0473538 0.0473049 0.997757
    outer loop
      vertex -78.3651 3.36508 0.75
      vertex -78.3941 3.39411 0.75
      vertex -78.5856 3.14452 0.770922
    endloop
  endfacet
  facet normal 0.0473298 0.0473273 0.997757
    outer loop
      vertex -79.1162 2.38837 0.831954
      vertex -78.9654 2.64959 0.81241
      vertex -79.1569 2.4 0.833333
    endloop
  endfacet
  facet normal 0.671473 -0.236332 0.702333
    outer loop
      vertex -79.1569 2.4 0.833333
      vertex -80.0229 2.9 1.82953
      vertex -80.6024 1.50115 1.91286
    endloop
  endfacet
  facet normal 0.641859 -0.307742 -0.702362
    outer loop
      vertex -80.0229 2.9 1.83288
      vertex -79.6364 1.24233 2.9124
      vertex -80.6024 1.50115 1.91621
    endloop
  endfacet
  facet normal 0.633249 -0.313255 -0.70772
    outer loop
      vertex -80.0229 2.9 1.83288
      vertex -79.2773 2.10934 2.84999
      vertex -79.4346 1.83688 2.82984
    endloop
  endfacet
  facet normal 0.633243 -0.313246 -0.707729
    outer loop
      vertex -80.0229 2.9 1.83288
      vertex -79.516 1.53299 2.89148
      vertex -79.6364 1.24233 2.9124
    endloop
  endfacet
  facet normal 0.633253 -0.31325 -0.707718
    outer loop
      vertex -79.2773 2.10934 2.84999
      vertex -80.0229 2.9 1.83288
      vertex -79.1569 2.4 2.82907
    endloop
  endfacet
  facet normal 0.633319 -0.313186 -0.707687
    outer loop
      vertex -79.516 1.53299 2.89148
      vertex -80.0229 2.9 1.83288
      vertex -79.4346 1.83688 2.82984
    endloop
  endfacet
  facet normal 0.923861 -0.382727 0
    outer loop
      vertex -80.6024 1.50115 1.91286
      vertex -80.0229 2.9 1.83288
      vertex -80.6024 1.50115 1.91621
    endloop
  endfacet
  facet normal 0.923861 -0.382727 0
    outer loop
      vertex -80.0229 2.9 1.83288
      vertex -80.6024 1.50115 1.91286
      vertex -80.0229 2.9 1.82953
    endloop
  endfacet
  facet normal 0.669258 -0.226281 0.707736
    outer loop
      vertex -80.6024 1.50115 1.91286
      vertex -79.2773 2.10934 0.854256
      vertex -79.1569 2.4 0.833333
    endloop
  endfacet
  facet normal 0.669255 -0.226215 0.707761
    outer loop
      vertex -80.6024 1.50115 1.91286
      vertex -79.516 1.53299 0.895743
      vertex -79.4346 1.83688 0.915901
    endloop
  endfacet
  facet normal 0.669246 -0.226275 0.70775
    outer loop
      vertex -79.516 1.53299 0.895743
      vertex -80.6024 1.50115 1.91286
      vertex -79.6364 1.24233 0.916666
    endloop
  endfacet
  facet normal 0.669255 -0.226252 0.707748
    outer loop
      vertex -79.2773 2.10934 0.854256
      vertex -80.6024 1.50115 1.91286
      vertex -79.4346 1.83688 0.915901
    endloop
  endfacet
  facet normal -0.017348 -0.0646267 -0.997759
    outer loop
      vertex -79.516 1.53299 2.89148
      vertex -79.5968 1.2317 2.9124
      vertex -79.6364 1.24233 2.9124
    endloop
  endfacet
  facet normal -0.0172935 -0.0646493 -0.997758
    outer loop
      vertex -79.1569 2.4 2.82907
      vertex -79.1265 2.37057 2.83045
      vertex -79.2773 2.10934 2.84999
    endloop
  endfacet
  facet normal -0.0667496 -0.115422 -0.991071
    outer loop
      vertex -79.1214 2.37947 2.82907
      vertex -79.1265 2.37057 2.83045
      vertex -79.1569 2.4 2.82907
    endloop
  endfacet
  facet normal 0.0344345 0.128279 0.99114
    outer loop
      vertex -79.5968 1.2317 0.916666
      vertex -79.5941 1.24163 0.915287
      vertex -79.6364 1.24233 0.916666
    endloop
  endfacet
  facet normal 0.0334864 0.057952 0.997758
    outer loop
      vertex -79.5941 1.24163 0.915287
      vertex -79.516 1.53299 0.895743
      vertex -79.6364 1.24233 0.916666
    endloop
  endfacet
  facet normal 0.0335088 0.0579427 0.997757
    outer loop
      vertex -79.1214 2.37947 0.833333
      vertex -79.1569 2.4 0.833333
      vertex -79.2773 2.10934 0.854256
    endloop
  endfacet
  facet normal 0.709733 -0.0544351 0.702364
    outer loop
      vertex -79.6364 1.24233 0.916666
      vertex -80.6024 1.50115 1.91286
      vertex -80.8 0 1.99619
    endloop
  endfacet
  facet normal 0.692672 -0.138742 -0.707783
    outer loop
      vertex -80.6024 1.50115 1.91621
      vertex -79.7589 0.311914 2.97482
      vertex -79.8 0 2.99574
    endloop
  endfacet
  facet normal 0.692757 -0.138611 -0.707725
    outer loop
      vertex -80.6024 1.50115 1.91621
      vertex -79.6775 0.930416 2.93333
      vertex -79.7589 0.626525 2.91317
    endloop
  endfacet
  facet normal 0.692695 -0.138766 -0.707755
    outer loop
      vertex -79.6775 0.930416 2.93333
      vertex -80.6024 1.50115 1.91621
      vertex -79.6364 1.24233 2.9124
    endloop
  endfacet
  facet normal 0.692711 -0.138689 -0.707754
    outer loop
      vertex -79.7589 0.311914 2.97482
      vertex -80.6024 1.50115 1.91621
      vertex -79.7589 0.626525 2.91317
    endloop
  endfacet
  facet normal 0.699669 -0.131087 -0.702338
    outer loop
      vertex -80.6024 1.50115 1.91621
      vertex -79.8 0 2.99574
      vertex -80.8 0 1.99954
    endloop
  endfacet
  facet normal 0.991447 -0.130507 0
    outer loop
      vertex -80.8 0 1.99619
      vertex -80.6024 1.50115 1.91621
      vertex -80.8 0 1.99954
    endloop
  endfacet
  facet normal 0.991447 -0.130507 0
    outer loop
      vertex -80.6024 1.50115 1.91621
      vertex -80.8 0 1.99619
      vertex -80.6024 1.50115 1.91286
    endloop
  endfacet
  facet normal 0.705062 -0.0454326 0.707689
    outer loop
      vertex -80.8 0 1.99619
      vertex -79.6775 0.930416 0.937589
      vertex -79.6364 1.24233 0.916666
    endloop
  endfacet
  facet normal 0.705018 -0.0453468 0.707738
    outer loop
      vertex -80.8 0 1.99619
      vertex -79.7589 0.311914 0.979077
      vertex -79.7589 0.626525 0.999235
    endloop
  endfacet
  facet normal 0.705027 -0.0454257 0.707724
    outer loop
      vertex -79.7589 0.311914 0.979077
      vertex -80.8 0 1.99619
      vertex -79.8 0 1
    endloop
  endfacet
  facet normal 0.704995 -0.0452652 0.707766
    outer loop
      vertex -79.6775 0.930416 0.937589
      vertex -80.8 0 1.99619
      vertex -79.7589 0.626525 0.999235
    endloop
  endfacet
  facet normal -0.0345445 -0.128689 -0.991083
    outer loop
      vertex -79.5968 1.2317 2.9124
      vertex -79.5994 1.22177 2.91378
      vertex -79.6364 1.24233 2.9124
    endloop
  endfacet
  facet normal 0 -0.0669194 -0.997758
    outer loop
      vertex -79.7589 0.311914 2.97482
      vertex -79.7589 0 2.99574
      vertex -79.8 0 2.99574
    endloop
  endfacet
  facet normal 9.70864e-06 -0.0669525 -0.997756
    outer loop
      vertex -79.6364 1.24233 2.9124
      vertex -79.5994 1.22177 2.91378
      vertex -79.6775 0.930416 2.93333
    endloop
  endfacet
  facet normal 0 0.132978 0.991119
    outer loop
      vertex -79.7589 0 1
      vertex -79.7589 0.010278 0.998621
      vertex -79.8 0 1
    endloop
  endfacet
  facet normal 0.0173104 0.0646481 0.997758
    outer loop
      vertex -79.7589 0.010278 0.998621
      vertex -79.7589 0.311914 0.979077
      vertex -79.8 0 1
    endloop
  endfacet
  facet normal 0.0173523 0.0646425 0.997758
    outer loop
      vertex -79.5968 1.2317 0.916666
      vertex -79.6364 1.24233 0.916666
      vertex -79.6775 0.930416 0.937589
    endloop
  endfacet
  facet normal 0.699665 0.131091 0.702341
    outer loop
      vertex -80.6024 -1.50115 2.07953
      vertex -79.8 0 1
      vertex -80.8 0 1.99619
    endloop
  endfacet
  facet normal 0.709733 0.0544303 -0.702365
    outer loop
      vertex -79.6364 -1.24233 3.07907
      vertex -80.6024 -1.50115 2.08288
      vertex -80.8 0 1.99954
    endloop
  endfacet
  facet normal 0.705068 0.0454406 -0.707683
    outer loop
      vertex -80.8 0 1.99954
      vertex -79.6775 -0.930416 3.05815
      vertex -79.6364 -1.24233 3.07907
    endloop
  endfacet
  facet normal 0.705021 0.0453511 -0.707735
    outer loop
      vertex -80.8 0 1.99954
      vertex -79.7589 -0.311914 3.01666
      vertex -79.7589 -0.626525 2.9965
    endloop
  endfacet
  facet normal 0.705031 0.0454332 -0.70772
    outer loop
      vertex -79.7589 -0.311914 3.01666
      vertex -80.8 0 1.99954
      vertex -79.8 0 2.99574
    endloop
  endfacet
  facet normal 0.704994 0.0452552 -0.707768
    outer loop
      vertex -79.6775 -0.930416 3.05815
      vertex -80.8 0 1.99954
      vertex -79.7589 -0.626525 2.9965
    endloop
  endfacet
  facet normal 0.991447 0.130507 -0
    outer loop
      vertex -80.6024 -1.50115 2.07953
      vertex -80.8 0 1.99954
      vertex -80.6024 -1.50115 2.08288
    endloop
  endfacet
  facet normal 0.991447 0.130507 0
    outer loop
      vertex -80.8 0 1.99954
      vertex -80.6024 -1.50115 2.07953
      vertex -80.8 0 1.99619
    endloop
  endfacet
  facet normal 0.692672 0.138742 0.707783
    outer loop
      vertex -80.6024 -1.50115 2.07953
      vertex -79.7589 -0.311914 1.02092
      vertex -79.8 0 1
    endloop
  endfacet
  facet normal 0.692757 0.138611 0.707725
    outer loop
      vertex -80.6024 -1.50115 2.07953
      vertex -79.6775 -0.930416 1.06241
      vertex -79.7589 -0.626525 1.08257
    endloop
  endfacet
  facet normal 0.692704 0.138744 0.707751
    outer loop
      vertex -79.6775 -0.930416 1.06241
      vertex -80.6024 -1.50115 2.07953
      vertex -79.6364 -1.24233 1.08333
    endloop
  endfacet
  facet normal 0.692711 0.138689 0.707754
    outer loop
      vertex -79.7589 -0.311914 1.02092
      vertex -80.6024 -1.50115 2.07953
      vertex -79.7589 -0.626525 1.08257
    endloop
  endfacet
  facet normal 0.0173379 -0.0646349 -0.997758
    outer loop
      vertex -79.7589 -0.010278 2.99712
      vertex -79.7589 -0.311914 3.01666
      vertex -79.8 0 2.99574
    endloop
  endfacet
  facet normal 0.0173498 -0.0646333 -0.997758
    outer loop
      vertex -79.5968 -1.2317 3.07907
      vertex -79.6364 -1.24233 3.07907
      vertex -79.6775 -0.930416 3.05815
    endloop
  endfacet
  facet normal -0 -0.133073 -0.991106
    outer loop
      vertex -79.7589 0 2.99574
      vertex -79.7589 -0.010278 2.99712
      vertex -79.8 0 2.99574
    endloop
  endfacet
  facet normal -0.0345445 0.128689 0.991083
    outer loop
      vertex -79.5968 -1.2317 1.08333
      vertex -79.5994 -1.22177 1.08195
      vertex -79.6364 -1.24233 1.08333
    endloop
  endfacet
  facet normal 0 0.0669194 0.997758
    outer loop
      vertex -79.7589 -0.311914 1.02092
      vertex -79.7589 0 1
      vertex -79.8 0 1
    endloop
  endfacet
  facet normal 2.62711e-05 0.0669229 0.997758
    outer loop
      vertex -79.6364 -1.24233 1.08333
      vertex -79.5994 -1.22177 1.08195
      vertex -79.6775 -0.930416 1.06241
    endloop
  endfacet
  facet normal 0.641862 0.307743 0.702358
    outer loop
      vertex -80.0229 -2.9 2.16286
      vertex -79.6364 -1.24233 1.08333
      vertex -80.6024 -1.50115 2.07953
    endloop
  endfacet
  facet normal 0.669258 0.226288 -0.707734
    outer loop
      vertex -80.6024 -1.50115 2.08288
      vertex -79.2773 -2.10934 3.14148
      vertex -79.1569 -2.4 3.1624
    endloop
  endfacet
  facet normal 0.669255 0.226196 -0.707766
    outer loop
      vertex -80.6024 -1.50115 2.08288
      vertex -79.516 -1.53299 3.09999
      vertex -79.4346 -1.83688 3.07984
    endloop
  endfacet
  facet normal 0.669243 0.22628 -0.707751
    outer loop
      vertex -79.516 -1.53299 3.09999
      vertex -80.6024 -1.50115 2.08288
      vertex -79.6364 -1.24233 3.07907
    endloop
  endfacet
  facet normal 0.669255 0.226266 -0.707743
    outer loop
      vertex -79.2773 -2.10934 3.14148
      vertex -80.6024 -1.50115 2.08288
      vertex -79.4346 -1.83688 3.07984
    endloop
  endfacet
  facet normal 0.671471 0.236331 -0.702335
    outer loop
      vertex -79.1569 -2.4 3.1624
      vertex -80.0229 -2.9 2.16621
      vertex -80.6024 -1.50115 2.08288
    endloop
  endfacet
  facet normal 0.923861 0.382727 -0
    outer loop
      vertex -80.0229 -2.9 2.16286
      vertex -80.6024 -1.50115 2.08288
      vertex -80.0229 -2.9 2.16621
    endloop
  endfacet
  facet normal 0.923861 0.382727 0
    outer loop
      vertex -80.6024 -1.50115 2.08288
      vertex -80.0229 -2.9 2.16286
      vertex -80.6024 -1.50115 2.07953
    endloop
  endfacet
  facet normal 0.633265 0.313239 0.707712
    outer loop
      vertex -80.0229 -2.9 2.16286
      vertex -79.2773 -2.10934 1.14574
      vertex -79.4346 -1.83688 1.1659
    endloop
  endfacet
  facet normal 0.633222 0.313263 0.70774
    outer loop
      vertex -80.0229 -2.9 2.16286
      vertex -79.516 -1.53299 1.10426
      vertex -79.6364 -1.24233 1.08333
    endloop
  endfacet
  facet normal 0.633242 0.31327 0.707719
    outer loop
      vertex -79.2773 -2.10934 1.14574
      vertex -80.0229 -2.9 2.16286
      vertex -79.1569 -2.4 1.16667
    endloop
  endfacet
  facet normal 0.633319 0.313186 0.707687
    outer loop
      vertex -79.516 -1.53299 1.10426
      vertex -80.0229 -2.9 2.16286
      vertex -79.4346 -1.83688 1.1659
    endloop
  endfacet
  facet normal 0.034459 -0.12837 -0.991127
    outer loop
      vertex -79.5968 -1.2317 3.07907
      vertex -79.5941 -1.24163 3.08045
      vertex -79.6364 -1.24233 3.07907
    endloop
  endfacet
  facet normal 0.0335097 -0.0579321 -0.997758
    outer loop
      vertex -79.5941 -1.24163 3.08045
      vertex -79.516 -1.53299 3.09999
      vertex -79.6364 -1.24233 3.07907
    endloop
  endfacet
  facet normal 0.033504 -0.0579344 -0.997758
    outer loop
      vertex -79.1214 -2.37947 3.1624
      vertex -79.1569 -2.4 3.1624
      vertex -79.2773 -2.10934 3.14148
    endloop
  endfacet
  facet normal -0.0667496 0.115422 0.991071
    outer loop
      vertex -79.1214 -2.37947 1.16667
      vertex -79.1265 -2.37057 1.16529
      vertex -79.1569 -2.4 1.16667
    endloop
  endfacet
  facet normal -0.0173563 0.0646575 0.997757
    outer loop
      vertex -79.516 -1.53299 1.10426
      vertex -79.5968 -1.2317 1.08333
      vertex -79.6364 -1.24233 1.08333
    endloop
  endfacet
  facet normal -0.0173172 0.0646737 0.997756
    outer loop
      vertex -79.1569 -2.4 1.16667
      vertex -79.1265 -2.37057 1.16529
      vertex -79.2773 -2.10934 1.14574
    endloop
  endfacet
  facet normal 0.540389 0.463364 0.702335
    outer loop
      vertex -79.1012 -4.10122 2.24619
      vertex -79.1569 -2.4 1.16667
      vertex -80.0229 -2.9 2.16286
    endloop
  endfacet
  facet normal 0.58745 0.402031 -0.702335
    outer loop
      vertex -78.3941 -3.39411 3.24574
      vertex -79.1012 -4.10122 2.24954
      vertex -80.0229 -2.9 2.16621
    endloop
  endfacet
  facet normal 0.587911 0.39176 -0.707732
    outer loop
      vertex -80.0229 -2.9 2.16621
      vertex -78.5856 -3.14452 3.22482
      vertex -78.3941 -3.39411 3.24574
    endloop
  endfacet
  facet normal 0.587916 0.391788 -0.707713
    outer loop
      vertex -80.0229 -2.9 2.16621
      vertex -78.9654 -2.64959 3.18333
      vertex -78.8081 -2.92205 3.16317
    endloop
  endfacet
  facet normal 0.587933 0.391749 -0.70772
    outer loop
      vertex -78.9654 -2.64959 3.18333
      vertex -80.0229 -2.9 2.16621
      vertex -79.1569 -2.4 3.1624
    endloop
  endfacet
  facet normal 0.587896 0.391864 -0.707687
    outer loop
      vertex -78.5856 -3.14452 3.22482
      vertex -80.0229 -2.9 2.16621
      vertex -78.8081 -2.92205 3.16317
    endloop
  endfacet
  facet normal 0.793362 0.60875 -0
    outer loop
      vertex -79.1012 -4.10122 2.24619
      vertex -80.0229 -2.9 2.16621
      vertex -79.1012 -4.10122 2.24954
    endloop
  endfacet
  facet normal 0.793362 0.60875 0
    outer loop
      vertex -80.0229 -2.9 2.16621
      vertex -79.1012 -4.10122 2.24619
      vertex -80.0229 -2.9 2.16286
    endloop
  endfacet
  facet normal 0.530556 0.466493 0.707739
    outer loop
      vertex -79.1012 -4.10122 2.24619
      vertex -78.5856 -3.14452 1.22908
      vertex -78.8081 -2.92205 1.24924
    endloop
  endfacet
  facet normal 0.53062 0.466442 0.707724
    outer loop
      vertex -78.5856 -3.14452 1.22908
      vertex -79.1012 -4.10122 2.24619
      vertex -78.3941 -3.39411 1.25
    endloop
  endfacet
  facet normal 0.530598 0.466469 0.707723
    outer loop
      vertex -78.9654 -2.64959 1.18759
      vertex -79.1012 -4.10122 2.24619
      vertex -78.8081 -2.92205 1.24924
    endloop
  endfacet
  facet normal 0.530636 0.466453 0.707706
    outer loop
      vertex -79.1012 -4.10122 2.24619
      vertex -78.9654 -2.64959 1.18759
      vertex -79.1569 -2.4 1.16667
    endloop
  endfacet
  facet normal 0.0473564 -0.0473347 -0.997756
    outer loop
      vertex -79.1162 -2.38837 3.16378
      vertex -78.9654 -2.64959 3.18333
      vertex -79.1569 -2.4 3.1624
    endloop
  endfacet
  facet normal 0.0473493 -0.0473004 -0.997758
    outer loop
      vertex -78.3651 -3.36508 3.24574
      vertex -78.3941 -3.39411 3.24574
      vertex -78.5856 -3.14452 3.22482
    endloop
  endfacet
  facet normal 0.0664312 -0.114871 -0.991157
    outer loop
      vertex -79.1214 -2.37947 3.1624
      vertex -79.1162 -2.38837 3.16378
      vertex -79.1569 -2.4 3.1624
    endloop
  endfacet
  facet normal -0.0945631 0.0944653 0.991027
    outer loop
      vertex -78.3651 -3.36508 1.25
      vertex -78.3723 -3.35781 1.24862
      vertex -78.3941 -3.39411 1.25
    endloop
  endfacet
  facet normal -0.0334996 0.0579267 0.997759
    outer loop
      vertex -78.9654 -2.64959 1.18759
      vertex -79.1214 -2.37947 1.16667
      vertex -79.1569 -2.4 1.16667
    endloop
  endfacet
  facet normal -0.0334098 0.0579956 0.997758
    outer loop
      vertex -78.3941 -3.39411 1.25
      vertex -78.3723 -3.35781 1.24862
      vertex -78.5856 -3.14452 1.22908
    endloop
  endfacet
  facet normal 0.402037 0.587439 0.70234
    outer loop
      vertex -77.9 -5.02295 2.32953
      vertex -78.3941 -3.39411 1.25
      vertex -79.1012 -4.10122 2.24619
    endloop
  endfacet
  facet normal 0.466465 0.53062 -0.70771
    outer loop
      vertex -79.1012 -4.10122 2.24954
      vertex -77.6496 -3.9654 3.30815
      vertex -77.4 -4.15692 3.32907
    endloop
  endfacet
  facet normal 0.46653 0.530518 -0.707743
    outer loop
      vertex -79.1012 -4.10122 2.24954
      vertex -78.1445 -3.58563 3.26666
      vertex -77.9221 -3.8081 3.2465
    endloop
  endfacet
  facet normal 0.466458 0.53061 -0.707722
    outer loop
      vertex -78.1445 -3.58563 3.26666
      vertex -79.1012 -4.10122 2.24954
      vertex -78.3941 -3.39411 3.24574
    endloop
  endfacet
  facet normal 0.466439 0.53068 -0.707682
    outer loop
      vertex -77.6496 -3.9654 3.30815
      vertex -79.1012 -4.10122 2.24954
      vertex -77.9221 -3.8081 3.2465
    endloop
  endfacet
  facet normal 0.463377 0.54037 -0.702341
    outer loop
      vertex -77.4 -4.15692 3.32907
      vertex -77.9 -5.02295 2.33288
      vertex -79.1012 -4.10122 2.24954
    endloop
  endfacet
  facet normal 0.608768 0.793348 -0
    outer loop
      vertex -77.9 -5.02295 2.32953
      vertex -79.1012 -4.10122 2.24954
      vertex -77.9 -5.02295 2.33288
    endloop
  endfacet
  facet normal 0.608768 0.793348 0
    outer loop
      vertex -79.1012 -4.10122 2.24954
      vertex -77.9 -5.02295 2.32953
      vertex -79.1012 -4.10122 2.24619
    endloop
  endfacet
  facet normal 0.391786 0.587903 0.707724
    outer loop
      vertex -77.6496 -3.9654 1.31241
      vertex -77.9 -5.02295 2.32953
      vertex -77.4 -4.15692 1.33333
    endloop
  endfacet
  facet normal 0.391737 0.587924 0.707734
    outer loop
      vertex -77.9221 -3.8081 1.33257
      vertex -77.9 -5.02295 2.32953
      vertex -77.6496 -3.9654 1.31241
    endloop
  endfacet
  facet normal 0.391897 0.587883 0.70768
    outer loop
      vertex -78.1445 -3.58563 1.27092
      vertex -77.9 -5.02295 2.32953
      vertex -77.9221 -3.8081 1.33257
    endloop
  endfacet
  facet normal 0.391782 0.5879 0.707729
    outer loop
      vertex -77.9 -5.02295 2.32953
      vertex -78.1445 -3.58563 1.27092
      vertex -78.3941 -3.39411 1.25
    endloop
  endfacet
  facet normal 0.0579793 -0.0334245 -0.997758
    outer loop
      vertex -77.3795 -4.12136 3.32907
      vertex -77.4 -4.15692 3.32907
      vertex -77.6496 -3.9654 3.30815
    endloop
  endfacet
  facet normal 0.0579779 -0.0334264 -0.997758
    outer loop
      vertex -78.3578 -3.37234 3.24712
      vertex -78.1445 -3.58563 3.26666
      vertex -78.3941 -3.39411 3.24574
    endloop
  endfacet
  facet normal 0.0939885 -0.0938914 -0.991136
    outer loop
      vertex -78.3651 -3.36508 3.24574
      vertex -78.3578 -3.37234 3.24712
      vertex -78.3941 -3.39411 3.24574
    endloop
  endfacet
  facet normal -0.115292 0.0664646 0.991106
    outer loop
      vertex -77.3795 -4.12136 1.33333
      vertex -77.3884 -4.11622 1.33195
      vertex -77.4 -4.15692 1.33333
    endloop
  endfacet
  facet normal -0.0473194 0.0473172 0.997758
    outer loop
      vertex -77.4 -4.15692 1.33333
      vertex -77.3884 -4.11622 1.33195
      vertex -77.6496 -3.9654 1.31241
    endloop
  endfacet
  facet normal -0.0473397 0.0472908 0.997759
    outer loop
      vertex -78.1445 -3.58563 1.27092
      vertex -78.3651 -3.36508 1.25
      vertex -78.3941 -3.39411 1.25
    endloop
  endfacet
  facet normal 0.236303 0.671476 0.702339
    outer loop
      vertex -76.5012 -5.60237 2.41286
      vertex -77.4 -4.15692 1.33333
      vertex -77.9 -5.02295 2.32953
    endloop
  endfacet
  facet normal 0.307723 0.641877 -0.702354
    outer loop
      vertex -76.2423 -4.63644 3.4124
      vertex -76.5012 -5.60237 2.41621
      vertex -77.9 -5.02295 2.33288
    endloop
  endfacet
  facet normal 0.313203 0.6333 -0.707697
    outer loop
      vertex -77.9 -5.02295 2.33288
      vertex -76.533 -4.51605 3.39148
      vertex -76.2423 -4.63644 3.4124
    endloop
  endfacet
  facet normal 0.313294 0.633201 -0.707746
    outer loop
      vertex -77.9 -5.02295 2.33288
      vertex -77.1093 -4.27732 3.34999
      vertex -76.8369 -4.43462 3.32984
    endloop
  endfacet
  facet normal 0.313211 0.633263 -0.707727
    outer loop
      vertex -77.1093 -4.27732 3.34999
      vertex -77.9 -5.02295 2.33288
      vertex -77.4 -4.15692 3.32907
    endloop
  endfacet
  facet normal 0.31323 0.633266 -0.707715
    outer loop
      vertex -76.533 -4.51605 3.39148
      vertex -77.9 -5.02295 2.33288
      vertex -76.8369 -4.43462 3.32984
    endloop
  endfacet
  facet normal 0.382694 0.923875 -0
    outer loop
      vertex -76.5012 -5.60237 2.41286
      vertex -77.9 -5.02295 2.33288
      vertex -76.5012 -5.60237 2.41621
    endloop
  endfacet
  facet normal 0.382694 0.923875 0
    outer loop
      vertex -77.9 -5.02295 2.33288
      vertex -76.5012 -5.60237 2.41286
      vertex -77.9 -5.02295 2.32953
    endloop
  endfacet
  facet normal 0.226217 0.669277 0.707739
    outer loop
      vertex -76.533 -4.51605 1.39574
      vertex -76.5012 -5.60237 2.41286
      vertex -76.2423 -4.63644 1.41667
    endloop
  endfacet
  facet normal 0.226279 0.669268 0.707727
    outer loop
      vertex -76.8369 -4.43462 1.4159
      vertex -76.5012 -5.60237 2.41286
      vertex -76.533 -4.51605 1.39574
    endloop
  endfacet
  facet normal 0.226331 0.669268 0.70771
    outer loop
      vertex -77.1093 -4.27732 1.35426
      vertex -76.5012 -5.60237 2.41286
      vertex -76.8369 -4.43462 1.4159
    endloop
  endfacet
  facet normal 0.226231 0.669257 0.707754
    outer loop
      vertex -76.5012 -5.60237 2.41286
      vertex -77.1093 -4.27732 1.35426
      vertex -77.4 -4.15692 1.33333
    endloop
  endfacet
  facet normal 0.0646473 -0.0172784 -0.997759
    outer loop
      vertex -76.2317 -4.59678 3.4124
      vertex -76.2423 -4.63644 3.4124
      vertex -76.533 -4.51605 3.39148
    endloop
  endfacet
  facet normal 0.0646652 -0.0172337 -0.997758
    outer loop
      vertex -77.3706 -4.1265 3.33045
      vertex -77.1093 -4.27732 3.34999
      vertex -77.4 -4.15692 3.32907
    endloop
  endfacet
  facet normal 0.115292 -0.0664646 -0.991106
    outer loop
      vertex -77.3795 -4.12136 3.32907
      vertex -77.3706 -4.1265 3.33045
      vertex -77.4 -4.15692 3.32907
    endloop
  endfacet
  facet normal -0.128892 0.0344491 0.99106
    outer loop
      vertex -76.2317 -4.59678 1.41667
      vertex -76.2416 -4.59412 1.41529
      vertex -76.2423 -4.63644 1.41667
    endloop
  endfacet
  facet normal -0.0579909 0.0334312 0.997757
    outer loop
      vertex -77.1093 -4.27732 1.35426
      vertex -77.3795 -4.12136 1.33333
      vertex -77.4 -4.15692 1.33333
    endloop
  endfacet
  facet normal -0.0579658 0.0334943 0.997757
    outer loop
      vertex -76.2423 -4.63644 1.41667
      vertex -76.2416 -4.59412 1.41529
      vertex -76.533 -4.51605 1.39574
    endloop
  endfacet
  facet normal 0.0544511 0.709752 0.702344
    outer loop
      vertex -75 -5.8 2.49619
      vertex -76.2423 -4.63644 1.41667
      vertex -76.5012 -5.60237 2.41286
    endloop
  endfacet
  facet normal 0.138686 0.692731 -0.707736
    outer loop
      vertex -76.5012 -5.60237 2.41621
      vertex -75.3119 -4.75893 3.47482
      vertex -75 -4.8 3.49574
    endloop
  endfacet
  facet normal 0.138651 0.692751 -0.707723
    outer loop
      vertex -76.5012 -5.60237 2.41621
      vertex -75.9304 -4.67751 3.43333
      vertex -75.6265 -4.75893 3.41317
    endloop
  endfacet
  facet normal 0.138709 0.692728 -0.707735
    outer loop
      vertex -75.9304 -4.67751 3.43333
      vertex -76.5012 -5.60237 2.41621
      vertex -76.2423 -4.63644 3.4124
    endloop
  endfacet
  facet normal 0.138691 0.692728 -0.707738
    outer loop
      vertex -75.3119 -4.75893 3.47482
      vertex -76.5012 -5.60237 2.41621
      vertex -75.6265 -4.75893 3.41317
    endloop
  endfacet
  facet normal 0.131096 0.699669 -0.702337
    outer loop
      vertex -75 -4.8 3.49574
      vertex -75 -5.8 2.49954
      vertex -76.5012 -5.60237 2.41621
    endloop
  endfacet
  facet normal 0.130522 0.991445 -0
    outer loop
      vertex -75 -5.8 2.49619
      vertex -76.5012 -5.60237 2.41621
      vertex -75 -5.8 2.49954
    endloop
  endfacet
  facet normal 0.130522 0.991445 0
    outer loop
      vertex -76.5012 -5.60237 2.41621
      vertex -75 -5.8 2.49619
      vertex -76.5012 -5.60237 2.41286
    endloop
  endfacet
  facet normal 0.0453669 0.705029 0.707726
    outer loop
      vertex -75.3119 -4.75893 1.47908
      vertex -75 -5.8 2.49619
      vertex -75 -4.8 1.5
    endloop
  endfacet
  facet normal 0.0453522 0.705027 0.707728
    outer loop
      vertex -75.6265 -4.75893 1.49924
      vertex -75 -5.8 2.49619
      vertex -75.3119 -4.75893 1.47908
    endloop
  endfacet
  facet normal 0.0453113 0.705016 0.707742
    outer loop
      vertex -75.9304 -4.67751 1.43759
      vertex -75 -5.8 2.49619
      vertex -75.6265 -4.75893 1.49924
    endloop
  endfacet
  facet normal 0.0453688 0.705039 0.707716
    outer loop
      vertex -75 -5.8 2.49619
      vertex -75.9304 -4.67751 1.43759
      vertex -76.2423 -4.63644 1.41667
    endloop
  endfacet
  facet normal 0.128892 -0.0344491 -0.99106
    outer loop
      vertex -76.2317 -4.59678 3.4124
      vertex -76.2218 -4.59944 3.41378
      vertex -76.2423 -4.63644 3.4124
    endloop
  endfacet
  facet normal 0.0669686 0.000109346 -0.997755
    outer loop
      vertex -76.2218 -4.59944 3.41378
      vertex -75.9304 -4.67751 3.43333
      vertex -76.2423 -4.63644 3.4124
    endloop
  endfacet
  facet normal 0.0669224 0 -0.997758
    outer loop
      vertex -75 -4.75893 3.49574
      vertex -75 -4.8 3.49574
      vertex -75.3119 -4.75893 3.47482
    endloop
  endfacet
  facet normal -0.132794 0 0.991144
    outer loop
      vertex -75 -4.8 1.5
      vertex -75 -4.75893 1.5
      vertex -75.0103 -4.75893 1.49862
    endloop
  endfacet
  facet normal -0.0646473 0.0172784 0.997759
    outer loop
      vertex -75.9304 -4.67751 1.43759
      vertex -76.2317 -4.59678 1.41667
      vertex -76.2423 -4.63644 1.41667
    endloop
  endfacet
  facet normal -0.0646426 0.017314 0.997758
    outer loop
      vertex -75 -4.8 1.5
      vertex -75.0103 -4.75893 1.49862
      vertex -75.3119 -4.75893 1.47908
    endloop
  endfacet
  facet normal 0.1311 -0.699665 0.702341
    outer loop
      vertex -75 4.8 2.5
      vertex -75 5.8 3.49619
      vertex -76.5012 5.60237 3.57953
    endloop
  endfacet
  facet normal 0.0544465 -0.709753 -0.702344
    outer loop
      vertex -75 5.8 3.49954
      vertex -76.2423 4.63644 4.57907
      vertex -76.5012 5.60237 3.58288
    endloop
  endfacet
  facet normal 0.0453676 -0.705033 -0.707722
    outer loop
      vertex -75.3119 4.75893 4.51666
      vertex -75 5.8 3.49954
      vertex -75 4.8 4.49574
    endloop
  endfacet
  facet normal 0.045352 -0.705031 -0.707725
    outer loop
      vertex -75.6265 4.75893 4.4965
      vertex -75 5.8 3.49954
      vertex -75.3119 4.75893 4.51666
    endloop
  endfacet
  facet normal 0.0453132 -0.70502 -0.707738
    outer loop
      vertex -75.9304 4.67751 4.55815
      vertex -75 5.8 3.49954
      vertex -75.6265 4.75893 4.4965
    endloop
  endfacet
  facet normal 0.0453695 -0.705042 -0.707712
    outer loop
      vertex -75 5.8 3.49954
      vertex -75.9304 4.67751 4.55815
      vertex -76.2423 4.63644 4.57907
    endloop
  endfacet
  facet normal 0.130522 -0.991445 0
    outer loop
      vertex -76.5012 5.60237 3.57953
      vertex -75 5.8 3.49954
      vertex -76.5012 5.60237 3.58288
    endloop
  endfacet
  facet normal 0.130522 -0.991445 0
    outer loop
      vertex -75 5.8 3.49954
      vertex -76.5012 5.60237 3.57953
      vertex -75 5.8 3.49619
    endloop
  endfacet
  facet normal 0.138686 -0.692731 0.707736
    outer loop
      vertex -76.5012 5.60237 3.57953
      vertex -75.3119 4.75893 2.52092
      vertex -75 4.8 2.5
    endloop
  endfacet
  facet normal 0.138651 -0.692751 0.707723
    outer loop
      vertex -76.5012 5.60237 3.57953
      vertex -75.9304 4.67751 2.56241
      vertex -75.6265 4.75893 2.58257
    endloop
  endfacet
  facet normal 0.138687 -0.692736 0.70773
    outer loop
      vertex -75.9304 4.67751 2.56241
      vertex -76.5012 5.60237 3.57953
      vertex -76.2423 4.63644 2.58333
    endloop
  endfacet
  facet normal 0.138691 -0.692728 0.707738
    outer loop
      vertex -75.3119 4.75893 2.52092
      vertex -76.5012 5.60237 3.57953
      vertex -75.6265 4.75893 2.58257
    endloop
  endfacet
  facet normal -0.0646473 -0.0172784 -0.997759
    outer loop
      vertex -75.9304 4.67751 4.55815
      vertex -76.2317 4.59678 4.57907
      vertex -76.2423 4.63644 4.57907
    endloop
  endfacet
  facet normal -0.0646426 -0.017314 -0.997758
    outer loop
      vertex -75 4.8 4.49574
      vertex -75.0103 4.75893 4.49712
      vertex -75.3119 4.75893 4.51666
    endloop
  endfacet
  facet normal -0.132794 -0 -0.991144
    outer loop
      vertex -75 4.8 4.49574
      vertex -75 4.75893 4.49574
      vertex -75.0103 4.75893 4.49712
    endloop
  endfacet
  facet normal 0.128892 0.0344491 0.99106
    outer loop
      vertex -76.2317 4.59678 2.58333
      vertex -76.2218 4.59944 2.58195
      vertex -76.2423 4.63644 2.58333
    endloop
  endfacet
  facet normal 0.0669224 -0 0.997758
    outer loop
      vertex -75 4.75893 2.5
      vertex -75 4.8 2.5
      vertex -75.3119 4.75893 2.52092
    endloop
  endfacet
  facet normal 0.0669389 -0.000125866 0.997757
    outer loop
      vertex -76.2218 4.59944 2.58195
      vertex -75.9304 4.67751 2.56241
      vertex -76.2423 4.63644 2.58333
    endloop
  endfacet
  facet normal 0.307724 -0.64188 0.70235
    outer loop
      vertex -76.2423 4.63644 2.58333
      vertex -76.5012 5.60237 3.57953
      vertex -77.9 5.02295 3.66286
    endloop
  endfacet
  facet normal 0.226239 -0.66927 -0.707738
    outer loop
      vertex -76.533 4.51605 4.59999
      vertex -76.5012 5.60237 3.58288
      vertex -76.2423 4.63644 4.57907
    endloop
  endfacet
  facet normal 0.226256 -0.669268 -0.707735
    outer loop
      vertex -76.8369 4.43462 4.57984
      vertex -76.5012 5.60237 3.58288
      vertex -76.533 4.51605 4.59999
    endloop
  endfacet
  facet normal 0.226331 -0.669268 -0.70771
    outer loop
      vertex -77.1093 4.27732 4.64148
      vertex -76.5012 5.60237 3.58288
      vertex -76.8369 4.43462 4.57984
    endloop
  endfacet
  facet normal 0.226257 -0.66926 -0.707742
    outer loop
      vertex -76.5012 5.60237 3.58288
      vertex -77.1093 4.27732 4.64148
      vertex -77.4 4.15692 4.6624
    endloop
  endfacet
  facet normal 0.236302 -0.671473 -0.702343
    outer loop
      vertex -76.5012 5.60237 3.58288
      vertex -77.4 4.15692 4.6624
      vertex -77.9 5.02295 3.66621
    endloop
  endfacet
  facet normal 0.382694 -0.923875 0
    outer loop
      vertex -77.9 5.02295 3.66286
      vertex -76.5012 5.60237 3.58288
      vertex -77.9 5.02295 3.66621
    endloop
  endfacet
  facet normal 0.382694 -0.923875 0
    outer loop
      vertex -76.5012 5.60237 3.58288
      vertex -77.9 5.02295 3.66286
      vertex -76.5012 5.60237 3.57953
    endloop
  endfacet
  facet normal 0.313219 -0.633279 0.707708
    outer loop
      vertex -77.9 5.02295 3.66286
      vertex -76.533 4.51605 2.60426
      vertex -76.2423 4.63644 2.58333
    endloop
  endfacet
  facet normal 0.313278 -0.633217 0.707738
    outer loop
      vertex -77.9 5.02295 3.66286
      vertex -77.1093 4.27732 2.64574
      vertex -76.8369 4.43462 2.6659
    endloop
  endfacet
  facet normal 0.313231 -0.633252 0.707727
    outer loop
      vertex -77.1093 4.27732 2.64574
      vertex -77.9 5.02295 3.66286
      vertex -77.4 4.15692 2.66667
    endloop
  endfacet
  facet normal 0.31323 -0.633266 0.707715
    outer loop
      vertex -76.533 4.51605 2.60426
      vertex -77.9 5.02295 3.66286
      vertex -76.8369 4.43462 2.6659
    endloop
  endfacet
  facet normal -0.128892 -0.0344491 -0.99106
    outer loop
      vertex -76.2317 4.59678 4.57907
      vertex -76.2416 4.59412 4.58045
      vertex -76.2423 4.63644 4.57907
    endloop
  endfacet
  facet normal -0.0579633 -0.0334153 -0.997759
    outer loop
      vertex -77.1093 4.27732 4.64148
      vertex -77.3795 4.12136 4.6624
      vertex -77.4 4.15692 4.6624
    endloop
  endfacet
  facet normal -0.0579318 -0.0334938 -0.997759
    outer loop
      vertex -76.2423 4.63644 4.57907
      vertex -76.2416 4.59412 4.58045
      vertex -76.533 4.51605 4.59999
    endloop
  endfacet
  facet normal 0.115292 0.0664646 0.991106
    outer loop
      vertex -77.3795 4.12136 2.66667
      vertex -77.3706 4.1265 2.66529
      vertex -77.4 4.15692 2.66667
    endloop
  endfacet
  facet normal 0.0646895 0.0172574 0.997756
    outer loop
      vertex -77.3706 4.1265 2.66529
      vertex -77.1093 4.27732 2.64574
      vertex -77.4 4.15692 2.66667
    endloop
  endfacet
  facet normal 0.064678 0.0172866 0.997756
    outer loop
      vertex -76.2317 4.59678 2.58333
      vertex -76.2423 4.63644 2.58333
      vertex -76.533 4.51605 2.60426
    endloop
  endfacet
  facet normal 0.463373 -0.540372 0.702341
    outer loop
      vertex -77.4 4.15692 2.66667
      vertex -77.9 5.02295 3.66286
      vertex -79.1012 4.10122 3.74619
    endloop
  endfacet
  facet normal 0.402043 -0.587439 -0.702337
    outer loop
      vertex -77.9 5.02295 3.66621
      vertex -78.3941 3.39411 4.74574
      vertex -79.1012 4.10122 3.74954
    endloop
  endfacet
  facet normal 0.391764 -0.587913 -0.707728
    outer loop
      vertex -77.6496 3.9654 4.68333
      vertex -77.9 5.02295 3.66621
      vertex -77.4 4.15692 4.6624
    endloop
  endfacet
  facet normal 0.391737 -0.587924 -0.707734
    outer loop
      vertex -77.9221 3.8081 4.66317
      vertex -77.9 5.02295 3.66621
      vertex -77.6496 3.9654 4.68333
    endloop
  endfacet
  facet normal 0.391897 -0.587883 -0.70768
    outer loop
      vertex -78.1445 3.58563 4.72482
      vertex -77.9 5.02295 3.66621
      vertex -77.9221 3.8081 4.66317
    endloop
  endfacet
  facet normal 0.391782 -0.5879 -0.707729
    outer loop
      vertex -77.9 5.02295 3.66621
      vertex -78.1445 3.58563 4.72482
      vertex -78.3941 3.39411 4.74574
    endloop
  endfacet
  facet normal 0.608768 -0.793348 0
    outer loop
      vertex -79.1012 4.10122 3.74619
      vertex -77.9 5.02295 3.66621
      vertex -79.1012 4.10122 3.74954
    endloop
  endfacet
  facet normal 0.608768 -0.793348 0
    outer loop
      vertex -77.9 5.02295 3.66621
      vertex -79.1012 4.10122 3.74619
      vertex -77.9 5.02295 3.66286
    endloop
  endfacet
  facet normal 0.466463 -0.530617 0.707714
    outer loop
      vertex -79.1012 4.10122 3.74619
      vertex -77.6496 3.9654 2.68759
      vertex -77.4 4.15692 2.66667
    endloop
  endfacet
  facet normal 0.466528 -0.530516 0.707746
    outer loop
      vertex -79.1012 4.10122 3.74619
      vertex -78.1445 3.58563 2.72908
      vertex -77.9221 3.8081 2.74924
    endloop
  endfacet
  facet normal 0.466456 -0.530607 0.707725
    outer loop
      vertex -78.1445 3.58563 2.72908
      vertex -79.1012 4.10122 3.74619
      vertex -78.3941 3.39411 2.75
    endloop
  endfacet
  facet normal 0.466437 -0.530676 0.707686
    outer loop
      vertex -77.6496 3.9654 2.68759
      vertex -79.1012 4.10122 3.74619
      vertex -77.9221 3.8081 2.74924
    endloop
  endfacet
  facet normal -0.0473397 -0.0472908 -0.997759
    outer loop
      vertex -78.1445 3.58563 4.72482
      vertex -78.3651 3.36508 4.74574
      vertex -78.3941 3.39411 4.74574
    endloop
  endfacet
  facet normal -0.0473521 -0.0473265 -0.997756
    outer loop
      vertex -77.4 4.15692 4.6624
      vertex -77.3884 4.11622 4.66378
      vertex -77.6496 3.9654 4.68333
    endloop
  endfacet
  facet normal -0.115292 -0.0664646 -0.991106
    outer loop
      vertex -77.3795 4.12136 4.6624
      vertex -77.3884 4.11622 4.66378
      vertex -77.4 4.15692 4.6624
    endloop
  endfacet
  facet normal 0.0939885 0.0938914 0.991136
    outer loop
      vertex -78.3651 3.36508 2.75
      vertex -78.3578 3.37234 2.74862
      vertex -78.3941 3.39411 2.75
    endloop
  endfacet
  facet normal 0.0579793 0.0334245 0.997758
    outer loop
      vertex -77.3795 4.12136 2.66667
      vertex -77.4 4.15692 2.66667
      vertex -77.6496 3.9654 2.68759
    endloop
  endfacet
  facet normal 0.0579779 0.0334264 0.997758
    outer loop
      vertex -78.3578 3.37234 2.74862
      vertex -78.1445 3.58563 2.72908
      vertex -78.3941 3.39411 2.75
    endloop
  endfacet
  facet normal 0.58745 -0.402025 0.702338
    outer loop
      vertex -78.3941 3.39411 2.75
      vertex -79.1012 4.10122 3.74619
      vertex -80.0229 2.9 3.82953
    endloop
  endfacet
  facet normal 0.530558 -0.466496 -0.707736
    outer loop
      vertex -79.1012 4.10122 3.74954
      vertex -78.5856 3.14452 4.76666
      vertex -78.8081 2.92205 4.7465
    endloop
  endfacet
  facet normal 0.530623 -0.466444 -0.707721
    outer loop
      vertex -78.5856 3.14452 4.76666
      vertex -79.1012 4.10122 3.74954
      vertex -78.3941 3.39411 4.74574
    endloop
  endfacet
  facet normal 0.530602 -0.466471 -0.707719
    outer loop
      vertex -78.9654 2.64959 4.80815
      vertex -79.1012 4.10122 3.74954
      vertex -78.8081 2.92205 4.7465
    endloop
  endfacet
  facet normal 0.530639 -0.466455 -0.707702
    outer loop
      vertex -79.1012 4.10122 3.74954
      vertex -78.9654 2.64959 4.80815
      vertex -79.1569 2.4 4.82907
    endloop
  endfacet
  facet normal 0.540386 -0.463368 -0.702334
    outer loop
      vertex -79.1012 4.10122 3.74954
      vertex -79.1569 2.4 4.82907
      vertex -80.0229 2.9 3.83288
    endloop
  endfacet
  facet normal 0.793362 -0.60875 0
    outer loop
      vertex -80.0229 2.9 3.82953
      vertex -79.1012 4.10122 3.74954
      vertex -80.0229 2.9 3.83288
    endloop
  endfacet
  facet normal 0.793362 -0.60875 0
    outer loop
      vertex -79.1012 4.10122 3.74954
      vertex -80.0229 2.9 3.82953
      vertex -79.1012 4.10122 3.74619
    endloop
  endfacet
  facet normal 0.587911 -0.39176 0.707732
    outer loop
      vertex -80.0229 2.9 3.82953
      vertex -78.5856 3.14452 2.77092
      vertex -78.3941 3.39411 2.75
    endloop
  endfacet
  facet normal 0.587916 -0.391788 0.707713
    outer loop
      vertex -80.0229 2.9 3.82953
      vertex -78.9654 2.64959 2.81241
      vertex -78.8081 2.92205 2.83257
    endloop
  endfacet
  facet normal 0.587923 -0.39177 0.707716
    outer loop
      vertex -78.9654 2.64959 2.81241
      vertex -80.0229 2.9 3.82953
      vertex -79.1569 2.4 2.83333
    endloop
  endfacet
  facet normal 0.587896 -0.391864 0.707687
    outer loop
      vertex -78.5856 3.14452 2.77092
      vertex -80.0229 2.9 3.82953
      vertex -78.8081 2.92205 2.83257
    endloop
  endfacet
  facet normal -0.0334098 -0.0579956 -0.997758
    outer loop
      vertex -78.3941 3.39411 4.74574
      vertex -78.3723 3.35781 4.74712
      vertex -78.5856 3.14452 4.76666
    endloop
  endfacet
  facet normal -0.0334996 -0.0579267 -0.997759
    outer loop
      vertex -78.9654 2.64959 4.80815
      vertex -79.1214 2.37947 4.82907
      vertex -79.1569 2.4 4.82907
    endloop
  endfacet
  facet normal -0.0945631 -0.0944653 -0.991027
    outer loop
      vertex -78.3651 3.36508 4.74574
      vertex -78.3723 3.35781 4.74712
      vertex -78.3941 3.39411 4.74574
    endloop
  endfacet
  facet normal 0.0664312 0.114871 0.991157
    outer loop
      vertex -79.1214 2.37947 2.83333
      vertex -79.1162 2.38837 2.83195
      vertex -79.1569 2.4 2.83333
    endloop
  endfacet
  facet normal 0.0473493 0.0473004 0.997758
    outer loop
      vertex -78.3651 3.36508 2.75
      vertex -78.3941 3.39411 2.75
      vertex -78.5856 3.14452 2.77092
    endloop
  endfacet
  facet normal 0.0473471 0.047302 0.997758
    outer loop
      vertex -79.1162 2.38837 2.83195
      vertex -78.9654 2.64959 2.81241
      vertex -79.1569 2.4 2.83333
    endloop
  endfacet
  facet normal 0.671474 -0.236333 0.702332
    outer loop
      vertex -79.1569 2.4 2.83333
      vertex -80.0229 2.9 3.82953
      vertex -80.6024 1.50115 3.91286
    endloop
  endfacet
  facet normal 0.641859 -0.307742 -0.702362
    outer loop
      vertex -80.0229 2.9 3.83288
      vertex -79.6364 1.24233 4.9124
      vertex -80.6024 1.50115 3.91621
    endloop
  endfacet
  facet normal 0.633249 -0.313255 -0.70772
    outer loop
      vertex -80.0229 2.9 3.83288
      vertex -79.2773 2.10934 4.84999
      vertex -79.4346 1.83688 4.82984
    endloop
  endfacet
  facet normal 0.633243 -0.313246 -0.707729
    outer loop
      vertex -80.0229 2.9 3.83288
      vertex -79.516 1.53299 4.89148
      vertex -79.6364 1.24233 4.9124
    endloop
  endfacet
  facet normal 0.633253 -0.31325 -0.707718
    outer loop
      vertex -79.2773 2.10934 4.84999
      vertex -80.0229 2.9 3.83288
      vertex -79.1569 2.4 4.82907
    endloop
  endfacet
  facet normal 0.633319 -0.313186 -0.707687
    outer loop
      vertex -79.516 1.53299 4.89148
      vertex -80.0229 2.9 3.83288
      vertex -79.4346 1.83688 4.82984
    endloop
  endfacet
  facet normal 0.923861 -0.382727 0
    outer loop
      vertex -80.6024 1.50115 3.91286
      vertex -80.0229 2.9 3.83288
      vertex -80.6024 1.50115 3.91621
    endloop
  endfacet
  facet normal 0.923861 -0.382727 0
    outer loop
      vertex -80.0229 2.9 3.83288
      vertex -80.6024 1.50115 3.91286
      vertex -80.0229 2.9 3.82953
    endloop
  endfacet
  facet normal 0.669255 -0.226261 0.707746
    outer loop
      vertex -80.6024 1.50115 3.91286
      vertex -79.2773 2.10934 2.85426
      vertex -79.1569 2.4 2.83333
    endloop
  endfacet
  facet normal 0.669255 -0.226219 0.707759
    outer loop
      vertex -80.6024 1.50115 3.91286
      vertex -79.516 1.53299 2.89574
      vertex -79.4346 1.83688 2.9159
    endloop
  endfacet
  facet normal 0.669249 -0.226259 0.707752
    outer loop
      vertex -79.516 1.53299 2.89574
      vertex -80.6024 1.50115 3.91286
      vertex -79.6364 1.24233 2.91667
    endloop
  endfacet
  facet normal 0.669255 -0.226266 0.707743
    outer loop
      vertex -79.2773 2.10934 2.85426
      vertex -80.6024 1.50115 3.91286
      vertex -79.4346 1.83688 2.9159
    endloop
  endfacet
  facet normal -0.017348 -0.0646267 -0.997759
    outer loop
      vertex -79.516 1.53299 4.89148
      vertex -79.5968 1.2317 4.9124
      vertex -79.6364 1.24233 4.9124
    endloop
  endfacet
  facet normal -0.0172935 -0.0646493 -0.997758
    outer loop
      vertex -79.1569 2.4 4.82907
      vertex -79.1265 2.37057 4.83045
      vertex -79.2773 2.10934 4.84999
    endloop
  endfacet
  facet normal -0.0667496 -0.115422 -0.991071
    outer loop
      vertex -79.1214 2.37947 4.82907
      vertex -79.1265 2.37057 4.83045
      vertex -79.1569 2.4 4.82907
    endloop
  endfacet
  facet normal 0.034459 0.12837 0.991127
    outer loop
      vertex -79.5968 1.2317 2.91667
      vertex -79.5941 1.24163 2.91529
      vertex -79.6364 1.24233 2.91667
    endloop
  endfacet
  facet normal 0.0335102 0.057966 0.997756
    outer loop
      vertex -79.5941 1.24163 2.91529
      vertex -79.516 1.53299 2.89574
      vertex -79.6364 1.24233 2.91667
    endloop
  endfacet
  facet normal 0.03352 0.057962 0.997756
    outer loop
      vertex -79.1214 2.37947 2.83333
      vertex -79.1569 2.4 2.83333
      vertex -79.2773 2.10934 2.85426
    endloop
  endfacet
  facet normal 0.709732 -0.0544348 0.702366
    outer loop
      vertex -79.6364 1.24233 2.91667
      vertex -80.6024 1.50115 3.91286
      vertex -80.8 0 3.99619
    endloop
  endfacet
  facet normal 0.692652 -0.138763 -0.707798
    outer loop
      vertex -80.6024 1.50115 3.91621
      vertex -79.7589 0.311914 4.97481
      vertex -79.8 0 4.99574
    endloop
  endfacet
  facet normal 0.692757 -0.138611 -0.707725
    outer loop
      vertex -80.6024 1.50115 3.91621
      vertex -79.6775 0.930416 4.93333
      vertex -79.7589 0.626525 4.91317
    endloop
  endfacet
  facet normal 0.692695 -0.138766 -0.707755
    outer loop
      vertex -79.6775 0.930416 4.93333
      vertex -80.6024 1.50115 3.91621
      vertex -79.6364 1.24233 4.9124
    endloop
  endfacet
  facet normal 0.692726 -0.138665 -0.707745
    outer loop
      vertex -79.7589 0.311914 4.97481
      vertex -80.6024 1.50115 3.91621
      vertex -79.7589 0.626525 4.91317
    endloop
  endfacet
  facet normal 0.699669 -0.131087 -0.702338
    outer loop
      vertex -80.6024 1.50115 3.91621
      vertex -79.8 0 4.99574
      vertex -80.8 0 3.99954
    endloop
  endfacet
  facet normal 0.991447 -0.130507 0
    outer loop
      vertex -80.8 0 3.99619
      vertex -80.6024 1.50115 3.91621
      vertex -80.8 0 3.99954
    endloop
  endfacet
  facet normal 0.991447 -0.130507 0
    outer loop
      vertex -80.6024 1.50115 3.91621
      vertex -80.8 0 3.99619
      vertex -80.6024 1.50115 3.91286
    endloop
  endfacet
  facet normal 0.705064 -0.0454399 0.707686
    outer loop
      vertex -80.8 0 3.99619
      vertex -79.6775 0.930416 2.93759
      vertex -79.6364 1.24233 2.91667
    endloop
  endfacet
  facet normal 0.705017 -0.0453513 0.707738
    outer loop
      vertex -80.8 0 3.99619
      vertex -79.7589 0.311914 2.97908
      vertex -79.7589 0.626525 2.99924
    endloop
  endfacet
  facet normal 0.705027 -0.0454325 0.707724
    outer loop
      vertex -79.7589 0.311914 2.97908
      vertex -80.8 0 3.99619
      vertex -79.8 0 3
    endloop
  endfacet
  facet normal 0.70499 -0.0452533 0.707772
    outer loop
      vertex -79.6775 0.930416 2.93759
      vertex -80.8 0 3.99619
      vertex -79.7589 0.626525 2.99924
    endloop
  endfacet
  facet normal -0.0345445 -0.128689 -0.991083
    outer loop
      vertex -79.5968 1.2317 4.9124
      vertex -79.5994 1.22177 4.91378
      vertex -79.6364 1.24233 4.9124
    endloop
  endfacet
  facet normal 9.70864e-06 -0.0669525 -0.997756
    outer loop
      vertex -79.6364 1.24233 4.9124
      vertex -79.5994 1.22177 4.91378
      vertex -79.6775 0.930416 4.93333
    endloop
  endfacet
  facet normal 0 -0.0669513 -0.997756
    outer loop
      vertex -79.7589 0.311914 4.97481
      vertex -79.7589 0 4.99574
      vertex -79.8 0 4.99574
    endloop
  endfacet
  facet normal 0 0.133073 0.991106
    outer loop
      vertex -79.7589 0 3
      vertex -79.7589 0.010278 2.99862
      vertex -79.8 0 3
    endloop
  endfacet
  facet normal 0.0173498 0.0646333 0.997758
    outer loop
      vertex -79.5968 1.2317 2.91667
      vertex -79.6364 1.24233 2.91667
      vertex -79.6775 0.930416 2.93759
    endloop
  endfacet
  facet normal 0.0173379 0.0646349 0.997758
    outer loop
      vertex -79.7589 0.010278 2.99862
      vertex -79.7589 0.311914 2.97908
      vertex -79.8 0 3
    endloop
  endfacet
  facet normal 0.699665 0.131091 0.702341
    outer loop
      vertex -80.6024 -1.50115 4.07953
      vertex -79.8 0 3
      vertex -80.8 0 3.99619
    endloop
  endfacet
  facet normal 0.709733 0.0544303 -0.702365
    outer loop
      vertex -79.6364 -1.24233 5.07907
      vertex -80.6024 -1.50115 4.08288
      vertex -80.8 0 3.99954
    endloop
  endfacet
  facet normal 0.705068 0.0454406 -0.707683
    outer loop
      vertex -80.8 0 3.99954
      vertex -79.6775 -0.930416 5.05815
      vertex -79.6364 -1.24233 5.07907
    endloop
  endfacet
  facet normal 0.705021 0.0453511 -0.707735
    outer loop
      vertex -80.8 0 3.99954
      vertex -79.7589 -0.311914 5.01666
      vertex -79.7589 -0.626525 4.9965
    endloop
  endfacet
  facet normal 0.705031 0.0454332 -0.70772
    outer loop
      vertex -79.7589 -0.311914 5.01666
      vertex -80.8 0 3.99954
      vertex -79.8 0 4.99574
    endloop
  endfacet
  facet normal 0.704994 0.0452552 -0.707768
    outer loop
      vertex -79.6775 -0.930416 5.05815
      vertex -80.8 0 3.99954
      vertex -79.7589 -0.626525 4.9965
    endloop
  endfacet
  facet normal 0.991447 0.130507 -0
    outer loop
      vertex -80.6024 -1.50115 4.07953
      vertex -80.8 0 3.99954
      vertex -80.6024 -1.50115 4.08288
    endloop
  endfacet
  facet normal 0.991447 0.130507 0
    outer loop
      vertex -80.8 0 3.99954
      vertex -80.6024 -1.50115 4.07953
      vertex -80.8 0 3.99619
    endloop
  endfacet
  facet normal 0.692672 0.138742 0.707783
    outer loop
      vertex -80.6024 -1.50115 4.07953
      vertex -79.7589 -0.311914 3.02092
      vertex -79.8 0 3
    endloop
  endfacet
  facet normal 0.692757 0.138611 0.707725
    outer loop
      vertex -80.6024 -1.50115 4.07953
      vertex -79.6775 -0.930416 3.06241
      vertex -79.7589 -0.626525 3.08257
    endloop
  endfacet
  facet normal 0.692704 0.138744 0.707751
    outer loop
      vertex -79.6775 -0.930416 3.06241
      vertex -80.6024 -1.50115 4.07953
      vertex -79.6364 -1.24233 3.08333
    endloop
  endfacet
  facet normal 0.692711 0.138689 0.707754
    outer loop
      vertex -79.7589 -0.311914 3.02092
      vertex -80.6024 -1.50115 4.07953
      vertex -79.7589 -0.626525 3.08257
    endloop
  endfacet
  facet normal 0.0173379 -0.0646349 -0.997758
    outer loop
      vertex -79.7589 -0.010278 4.99712
      vertex -79.7589 -0.311914 5.01666
      vertex -79.8 0 4.99574
    endloop
  endfacet
  facet normal 0.0173498 -0.0646333 -0.997758
    outer loop
      vertex -79.5968 -1.2317 5.07907
      vertex -79.6364 -1.24233 5.07907
      vertex -79.6775 -0.930416 5.05815
    endloop
  endfacet
  facet normal -0 -0.133073 -0.991106
    outer loop
      vertex -79.7589 0 4.99574
      vertex -79.7589 -0.010278 4.99712
      vertex -79.8 0 4.99574
    endloop
  endfacet
  facet normal -0.0345445 0.128689 0.991083
    outer loop
      vertex -79.5968 -1.2317 3.08333
      vertex -79.5994 -1.22177 3.08195
      vertex -79.6364 -1.24233 3.08333
    endloop
  endfacet
  facet normal 0 0.0669194 0.997758
    outer loop
      vertex -79.7589 -0.311914 3.02092
      vertex -79.7589 0 3
      vertex -79.8 0 3
    endloop
  endfacet
  facet normal 2.62711e-05 0.0669229 0.997758
    outer loop
      vertex -79.6364 -1.24233 3.08333
      vertex -79.5994 -1.22177 3.08195
      vertex -79.6775 -0.930416 3.06241
    endloop
  endfacet
  facet normal 0.641862 0.307743 0.702358
    outer loop
      vertex -80.0229 -2.9 4.16286
      vertex -79.6364 -1.24233 3.08333
      vertex -80.6024 -1.50115 4.07953
    endloop
  endfacet
  facet normal 0.669258 0.226288 -0.707734
    outer loop
      vertex -80.6024 -1.50115 4.08288
      vertex -79.2773 -2.10934 5.14148
      vertex -79.1569 -2.4 5.1624
    endloop
  endfacet
  facet normal 0.669255 0.226196 -0.707766
    outer loop
      vertex -80.6024 -1.50115 4.08288
      vertex -79.516 -1.53299 5.09999
      vertex -79.4346 -1.83688 5.07984
    endloop
  endfacet
  facet normal 0.669243 0.22628 -0.707751
    outer loop
      vertex -79.516 -1.53299 5.09999
      vertex -80.6024 -1.50115 4.08288
      vertex -79.6364 -1.24233 5.07907
    endloop
  endfacet
  facet normal 0.669255 0.226266 -0.707743
    outer loop
      vertex -79.2773 -2.10934 5.14148
      vertex -80.6024 -1.50115 4.08288
      vertex -79.4346 -1.83688 5.07984
    endloop
  endfacet
  facet normal 0.671471 0.236331 -0.702335
    outer loop
      vertex -79.1569 -2.4 5.1624
      vertex -80.0229 -2.9 4.16621
      vertex -80.6024 -1.50115 4.08288
    endloop
  endfacet
  facet normal 0.923861 0.382727 -0
    outer loop
      vertex -80.0229 -2.9 4.16286
      vertex -80.6024 -1.50115 4.08288
      vertex -80.0229 -2.9 4.16621
    endloop
  endfacet
  facet normal 0.923861 0.382727 0
    outer loop
      vertex -80.6024 -1.50115 4.08288
      vertex -80.0229 -2.9 4.16286
      vertex -80.6024 -1.50115 4.07953
    endloop
  endfacet
  facet normal 0.633265 0.313239 0.707712
    outer loop
      vertex -80.0229 -2.9 4.16286
      vertex -79.2773 -2.10934 3.14574
      vertex -79.4346 -1.83688 3.1659
    endloop
  endfacet
  facet normal 0.633222 0.313263 0.70774
    outer loop
      vertex -80.0229 -2.9 4.16286
      vertex -79.516 -1.53299 3.10426
      vertex -79.6364 -1.24233 3.08333
    endloop
  endfacet
  facet normal 0.633242 0.31327 0.707719
    outer loop
      vertex -79.2773 -2.10934 3.14574
      vertex -80.0229 -2.9 4.16286
      vertex -79.1569 -2.4 3.16667
    endloop
  endfacet
  facet normal 0.633319 0.313186 0.707687
    outer loop
      vertex -79.516 -1.53299 3.10426
      vertex -80.0229 -2.9 4.16286
      vertex -79.4346 -1.83688 3.1659
    endloop
  endfacet
  facet normal 0.034459 -0.12837 -0.991127
    outer loop
      vertex -79.5968 -1.2317 5.07907
      vertex -79.5941 -1.24163 5.08045
      vertex -79.6364 -1.24233 5.07907
    endloop
  endfacet
  facet normal 0.033504 -0.0579344 -0.997758
    outer loop
      vertex -79.1214 -2.37947 5.1624
      vertex -79.1569 -2.4 5.1624
      vertex -79.2773 -2.10934 5.14148
    endloop
  endfacet
  facet normal 0.0335097 -0.0579321 -0.997758
    outer loop
      vertex -79.5941 -1.24163 5.08045
      vertex -79.516 -1.53299 5.09999
      vertex -79.6364 -1.24233 5.07907
    endloop
  endfacet
  facet normal -0.0667496 0.115422 0.991071
    outer loop
      vertex -79.1214 -2.37947 3.16667
      vertex -79.1265 -2.37057 3.16529
      vertex -79.1569 -2.4 3.16667
    endloop
  endfacet
  facet normal -0.0173172 0.0646737 0.997756
    outer loop
      vertex -79.1569 -2.4 3.16667
      vertex -79.1265 -2.37057 3.16529
      vertex -79.2773 -2.10934 3.14574
    endloop
  endfacet
  facet normal -0.0173563 0.0646575 0.997757
    outer loop
      vertex -79.516 -1.53299 3.10426
      vertex -79.5968 -1.2317 3.08333
      vertex -79.6364 -1.24233 3.08333
    endloop
  endfacet
  facet normal 0.540389 0.463364 0.702335
    outer loop
      vertex -79.1012 -4.10122 4.24619
      vertex -79.1569 -2.4 3.16667
      vertex -80.0229 -2.9 4.16286
    endloop
  endfacet
  facet normal 0.58745 0.402031 -0.702335
    outer loop
      vertex -78.3941 -3.39411 5.24574
      vertex -79.1012 -4.10122 4.24954
      vertex -80.0229 -2.9 4.16621
    endloop
  endfacet
  facet normal 0.587911 0.39176 -0.707732
    outer loop
      vertex -80.0229 -2.9 4.16621
      vertex -78.5856 -3.14452 5.22482
      vertex -78.3941 -3.39411 5.24574
    endloop
  endfacet
  facet normal 0.587916 0.391788 -0.707713
    outer loop
      vertex -80.0229 -2.9 4.16621
      vertex -78.9654 -2.64959 5.18333
      vertex -78.8081 -2.92205 5.16317
    endloop
  endfacet
  facet normal 0.587933 0.391749 -0.70772
    outer loop
      vertex -78.9654 -2.64959 5.18333
      vertex -80.0229 -2.9 4.16621
      vertex -79.1569 -2.4 5.1624
    endloop
  endfacet
  facet normal 0.587896 0.391864 -0.707687
    outer loop
      vertex -78.5856 -3.14452 5.22482
      vertex -80.0229 -2.9 4.16621
      vertex -78.8081 -2.92205 5.16317
    endloop
  endfacet
  facet normal 0.793362 0.60875 -0
    outer loop
      vertex -79.1012 -4.10122 4.24619
      vertex -80.0229 -2.9 4.16621
      vertex -79.1012 -4.10122 4.24954
    endloop
  endfacet
  facet normal 0.793362 0.60875 0
    outer loop
      vertex -80.0229 -2.9 4.16621
      vertex -79.1012 -4.10122 4.24619
      vertex -80.0229 -2.9 4.16286
    endloop
  endfacet
  facet normal 0.530556 0.466493 0.707739
    outer loop
      vertex -79.1012 -4.10122 4.24619
      vertex -78.5856 -3.14452 3.22908
      vertex -78.8081 -2.92205 3.24924
    endloop
  endfacet
  facet normal 0.53062 0.466442 0.707724
    outer loop
      vertex -78.5856 -3.14452 3.22908
      vertex -79.1012 -4.10122 4.24619
      vertex -78.3941 -3.39411 3.25
    endloop
  endfacet
  facet normal 0.530598 0.466469 0.707723
    outer loop
      vertex -78.9654 -2.64959 3.18759
      vertex -79.1012 -4.10122 4.24619
      vertex -78.8081 -2.92205 3.24924
    endloop
  endfacet
  facet normal 0.530636 0.466453 0.707706
    outer loop
      vertex -79.1012 -4.10122 4.24619
      vertex -78.9654 -2.64959 3.18759
      vertex -79.1569 -2.4 3.16667
    endloop
  endfacet
  facet normal 0.0473493 -0.0473004 -0.997758
    outer loop
      vertex -78.3651 -3.36508 5.24574
      vertex -78.3941 -3.39411 5.24574
      vertex -78.5856 -3.14452 5.22482
    endloop
  endfacet
  facet normal 0.0473564 -0.0473347 -0.997756
    outer loop
      vertex -79.1162 -2.38837 5.16378
      vertex -78.9654 -2.64959 5.18333
      vertex -79.1569 -2.4 5.1624
    endloop
  endfacet
  facet normal 0.0664312 -0.114871 -0.991157
    outer loop
      vertex -79.1214 -2.37947 5.1624
      vertex -79.1162 -2.38837 5.16378
      vertex -79.1569 -2.4 5.1624
    endloop
  endfacet
  facet normal -0.0945631 0.0944653 0.991027
    outer loop
      vertex -78.3651 -3.36508 3.25
      vertex -78.3723 -3.35781 3.24862
      vertex -78.3941 -3.39411 3.25
    endloop
  endfacet
  facet normal -0.0334098 0.0579956 0.997758
    outer loop
      vertex -78.3941 -3.39411 3.25
      vertex -78.3723 -3.35781 3.24862
      vertex -78.5856 -3.14452 3.22908
    endloop
  endfacet
  facet normal -0.0334996 0.0579267 0.997759
    outer loop
      vertex -78.9654 -2.64959 3.18759
      vertex -79.1214 -2.37947 3.16667
      vertex -79.1569 -2.4 3.16667
    endloop
  endfacet
  facet normal 0.402037 0.587439 0.70234
    outer loop
      vertex -77.9 -5.02295 4.32953
      vertex -78.3941 -3.39411 3.25
      vertex -79.1012 -4.10122 4.24619
    endloop
  endfacet
  facet normal 0.466465 0.53062 -0.70771
    outer loop
      vertex -79.1012 -4.10122 4.24954
      vertex -77.6496 -3.9654 5.30815
      vertex -77.4 -4.15692 5.32907
    endloop
  endfacet
  facet normal 0.46653 0.530518 -0.707743
    outer loop
      vertex -79.1012 -4.10122 4.24954
      vertex -78.1445 -3.58563 5.26666
      vertex -77.9221 -3.8081 5.2465
    endloop
  endfacet
  facet normal 0.466458 0.53061 -0.707722
    outer loop
      vertex -78.1445 -3.58563 5.26666
      vertex -79.1012 -4.10122 4.24954
      vertex -78.3941 -3.39411 5.24574
    endloop
  endfacet
  facet normal 0.466439 0.53068 -0.707682
    outer loop
      vertex -77.6496 -3.9654 5.30815
      vertex -79.1012 -4.10122 4.24954
      vertex -77.9221 -3.8081 5.2465
    endloop
  endfacet
  facet normal 0.463377 0.54037 -0.702341
    outer loop
      vertex -77.4 -4.15692 5.32907
      vertex -77.9 -5.02295 4.33288
      vertex -79.1012 -4.10122 4.24954
    endloop
  endfacet
  facet normal 0.608768 0.793348 -0
    outer loop
      vertex -77.9 -5.02295 4.32953
      vertex -79.1012 -4.10122 4.24954
      vertex -77.9 -5.02295 4.33288
    endloop
  endfacet
  facet normal 0.608768 0.793348 0
    outer loop
      vertex -79.1012 -4.10122 4.24954
      vertex -77.9 -5.02295 4.32953
      vertex -79.1012 -4.10122 4.24619
    endloop
  endfacet
  facet normal 0.391786 0.587903 0.707724
    outer loop
      vertex -77.6496 -3.9654 3.31241
      vertex -77.9 -5.02295 4.32953
      vertex -77.4 -4.15692 3.33333
    endloop
  endfacet
  facet normal 0.391737 0.587924 0.707734
    outer loop
      vertex -77.9221 -3.8081 3.33257
      vertex -77.9 -5.02295 4.32953
      vertex -77.6496 -3.9654 3.31241
    endloop
  endfacet
  facet normal 0.391897 0.587883 0.70768
    outer loop
      vertex -78.1445 -3.58563 3.27092
      vertex -77.9 -5.02295 4.32953
      vertex -77.9221 -3.8081 3.33257
    endloop
  endfacet
  facet normal 0.391782 0.5879 0.707729
    outer loop
      vertex -77.9 -5.02295 4.32953
      vertex -78.1445 -3.58563 3.27092
      vertex -78.3941 -3.39411 3.25
    endloop
  endfacet
  facet normal 0.0579779 -0.0334264 -0.997758
    outer loop
      vertex -78.3578 -3.37234 5.24712
      vertex -78.1445 -3.58563 5.26666
      vertex -78.3941 -3.39411 5.24574
    endloop
  endfacet
  facet normal 0.0579793 -0.0334245 -0.997758
    outer loop
      vertex -77.3795 -4.12136 5.32907
      vertex -77.4 -4.15692 5.32907
      vertex -77.6496 -3.9654 5.30815
    endloop
  endfacet
  facet normal 0.0939885 -0.0938914 -0.991136
    outer loop
      vertex -78.3651 -3.36508 5.24574
      vertex -78.3578 -3.37234 5.24712
      vertex -78.3941 -3.39411 5.24574
    endloop
  endfacet
  facet normal -0.115292 0.0664646 0.991106
    outer loop
      vertex -77.3795 -4.12136 3.33333
      vertex -77.3884 -4.11622 3.33195
      vertex -77.4 -4.15692 3.33333
    endloop
  endfacet
  facet normal -0.0473397 0.0472908 0.997759
    outer loop
      vertex -78.1445 -3.58563 3.27092
      vertex -78.3651 -3.36508 3.25
      vertex -78.3941 -3.39411 3.25
    endloop
  endfacet
  facet normal -0.0473194 0.0473172 0.997758
    outer loop
      vertex -77.4 -4.15692 3.33333
      vertex -77.3884 -4.11622 3.33195
      vertex -77.6496 -3.9654 3.31241
    endloop
  endfacet
  facet normal 0.236303 0.671476 0.702339
    outer loop
      vertex -76.5012 -5.60237 4.41286
      vertex -77.4 -4.15692 3.33333
      vertex -77.9 -5.02295 4.32953
    endloop
  endfacet
  facet normal 0.307723 0.641877 -0.702354
    outer loop
      vertex -76.2423 -4.63644 5.4124
      vertex -76.5012 -5.60237 4.41621
      vertex -77.9 -5.02295 4.33288
    endloop
  endfacet
  facet normal 0.313203 0.6333 -0.707697
    outer loop
      vertex -77.9 -5.02295 4.33288
      vertex -76.533 -4.51605 5.39148
      vertex -76.2423 -4.63644 5.4124
    endloop
  endfacet
  facet normal 0.313294 0.633201 -0.707746
    outer loop
      vertex -77.9 -5.02295 4.33288
      vertex -77.1093 -4.27732 5.34999
      vertex -76.8369 -4.43462 5.32984
    endloop
  endfacet
  facet normal 0.313211 0.633263 -0.707727
    outer loop
      vertex -77.1093 -4.27732 5.34999
      vertex -77.9 -5.02295 4.33288
      vertex -77.4 -4.15692 5.32907
    endloop
  endfacet
  facet normal 0.31323 0.633266 -0.707715
    outer loop
      vertex -76.533 -4.51605 5.39148
      vertex -77.9 -5.02295 4.33288
      vertex -76.8369 -4.43462 5.32984
    endloop
  endfacet
  facet normal 0.382694 0.923875 -0
    outer loop
      vertex -76.5012 -5.60237 4.41286
      vertex -77.9 -5.02295 4.33288
      vertex -76.5012 -5.60237 4.41621
    endloop
  endfacet
  facet normal 0.382694 0.923875 0
    outer loop
      vertex -77.9 -5.02295 4.33288
      vertex -76.5012 -5.60237 4.41286
      vertex -77.9 -5.02295 4.32953
    endloop
  endfacet
  facet normal 0.226217 0.669277 0.707739
    outer loop
      vertex -76.533 -4.51605 3.39574
      vertex -76.5012 -5.60237 4.41286
      vertex -76.2423 -4.63644 3.41667
    endloop
  endfacet
  facet normal 0.226279 0.669268 0.707727
    outer loop
      vertex -76.8369 -4.43462 3.4159
      vertex -76.5012 -5.60237 4.41286
      vertex -76.533 -4.51605 3.39574
    endloop
  endfacet
  facet normal 0.226331 0.669268 0.70771
    outer loop
      vertex -77.1093 -4.27732 3.35426
      vertex -76.5012 -5.60237 4.41286
      vertex -76.8369 -4.43462 3.4159
    endloop
  endfacet
  facet normal 0.226231 0.669257 0.707754
    outer loop
      vertex -76.5012 -5.60237 4.41286
      vertex -77.1093 -4.27732 3.35426
      vertex -77.4 -4.15692 3.33333
    endloop
  endfacet
  facet normal 0.0646652 -0.0172337 -0.997758
    outer loop
      vertex -77.3706 -4.1265 5.33045
      vertex -77.1093 -4.27732 5.34999
      vertex -77.4 -4.15692 5.32907
    endloop
  endfacet
  facet normal 0.0646473 -0.0172784 -0.997759
    outer loop
      vertex -76.2317 -4.59678 5.4124
      vertex -76.2423 -4.63644 5.4124
      vertex -76.533 -4.51605 5.39148
    endloop
  endfacet
  facet normal 0.115292 -0.0664646 -0.991106
    outer loop
      vertex -77.3795 -4.12136 5.32907
      vertex -77.3706 -4.1265 5.33045
      vertex -77.4 -4.15692 5.32907
    endloop
  endfacet
  facet normal -0.128892 0.0344491 0.99106
    outer loop
      vertex -76.2317 -4.59678 3.41667
      vertex -76.2416 -4.59412 3.41529
      vertex -76.2423 -4.63644 3.41667
    endloop
  endfacet
  facet normal -0.0579909 0.0334312 0.997757
    outer loop
      vertex -77.1093 -4.27732 3.35426
      vertex -77.3795 -4.12136 3.33333
      vertex -77.4 -4.15692 3.33333
    endloop
  endfacet
  facet normal -0.0579658 0.0334943 0.997757
    outer loop
      vertex -76.2423 -4.63644 3.41667
      vertex -76.2416 -4.59412 3.41529
      vertex -76.533 -4.51605 3.39574
    endloop
  endfacet
  facet normal 0.0544511 0.709752 0.702344
    outer loop
      vertex -75 -5.8 4.49619
      vertex -76.2423 -4.63644 3.41667
      vertex -76.5012 -5.60237 4.41286
    endloop
  endfacet
  facet normal 0.138708 0.692711 -0.707751
    outer loop
      vertex -76.5012 -5.60237 4.41621
      vertex -75.3119 -4.75893 5.47481
      vertex -75 -4.8 5.49574
    endloop
  endfacet
  facet normal 0.138651 0.692751 -0.707723
    outer loop
      vertex -76.5012 -5.60237 4.41621
      vertex -75.9304 -4.67751 5.43333
      vertex -75.6265 -4.75893 5.41317
    endloop
  endfacet
  facet normal 0.138709 0.692728 -0.707735
    outer loop
      vertex -75.9304 -4.67751 5.43333
      vertex -76.5012 -5.60237 4.41621
      vertex -76.2423 -4.63644 5.4124
    endloop
  endfacet
  facet normal 0.138666 0.692742 -0.707729
    outer loop
      vertex -75.3119 -4.75893 5.47481
      vertex -76.5012 -5.60237 4.41621
      vertex -75.6265 -4.75893 5.41317
    endloop
  endfacet
  facet normal 0.131096 0.699669 -0.702337
    outer loop
      vertex -75 -4.8 5.49574
      vertex -75 -5.8 4.49954
      vertex -76.5012 -5.60237 4.41621
    endloop
  endfacet
  facet normal 0.130522 0.991445 -0
    outer loop
      vertex -75 -5.8 4.49619
      vertex -76.5012 -5.60237 4.41621
      vertex -75 -5.8 4.49954
    endloop
  endfacet
  facet normal 0.130522 0.991445 0
    outer loop
      vertex -76.5012 -5.60237 4.41621
      vertex -75 -5.8 4.49619
      vertex -76.5012 -5.60237 4.41286
    endloop
  endfacet
  facet normal 0.0453669 0.705029 0.707726
    outer loop
      vertex -75.3119 -4.75893 3.47908
      vertex -75 -5.8 4.49619
      vertex -75 -4.8 3.5
    endloop
  endfacet
  facet normal 0.0453522 0.705027 0.707728
    outer loop
      vertex -75.6265 -4.75893 3.49924
      vertex -75 -5.8 4.49619
      vertex -75.3119 -4.75893 3.47908
    endloop
  endfacet
  facet normal 0.0453113 0.705016 0.707742
    outer loop
      vertex -75.9304 -4.67751 3.43759
      vertex -75 -5.8 4.49619
      vertex -75.6265 -4.75893 3.49924
    endloop
  endfacet
  facet normal 0.0453688 0.705039 0.707716
    outer loop
      vertex -75 -5.8 4.49619
      vertex -75.9304 -4.67751 3.43759
      vertex -76.2423 -4.63644 3.41667
    endloop
  endfacet
  facet normal 0.128892 -0.0344491 -0.99106
    outer loop
      vertex -76.2317 -4.59678 5.4124
      vertex -76.2218 -4.59944 5.41378
      vertex -76.2423 -4.63644 5.4124
    endloop
  endfacet
  facet normal 0.0669543 0 -0.997756
    outer loop
      vertex -75 -4.75893 5.49574
      vertex -75 -4.8 5.49574
      vertex -75.3119 -4.75893 5.47481
    endloop
  endfacet
  facet normal 0.0669686 0.000109346 -0.997755
    outer loop
      vertex -76.2218 -4.59944 5.41378
      vertex -75.9304 -4.67751 5.43333
      vertex -76.2423 -4.63644 5.4124
    endloop
  endfacet
  facet normal -0.132794 0 0.991144
    outer loop
      vertex -75 -4.8 3.5
      vertex -75 -4.75893 3.5
      vertex -75.0103 -4.75893 3.49862
    endloop
  endfacet
  facet normal -0.0646426 0.017314 0.997758
    outer loop
      vertex -75 -4.8 3.5
      vertex -75.0103 -4.75893 3.49862
      vertex -75.3119 -4.75893 3.47908
    endloop
  endfacet
  facet normal -0.0646473 0.0172784 0.997759
    outer loop
      vertex -75.9304 -4.67751 3.43759
      vertex -76.2317 -4.59678 3.41667
      vertex -76.2423 -4.63644 3.41667
    endloop
  endfacet
  facet normal 0.1311 -0.699665 0.702341
    outer loop
      vertex -75 4.8 4.5
      vertex -75 5.8 5.49619
      vertex -76.5012 5.60237 5.57953
    endloop
  endfacet
  facet normal 0.0544465 -0.709753 -0.702344
    outer loop
      vertex -75 5.8 5.49954
      vertex -76.2423 4.63644 6.57907
      vertex -76.5012 5.60237 5.58288
    endloop
  endfacet
  facet normal 0.0453676 -0.705033 -0.707722
    outer loop
      vertex -75.3119 4.75893 6.51666
      vertex -75 5.8 5.49954
      vertex -75 4.8 6.49574
    endloop
  endfacet
  facet normal 0.045352 -0.705031 -0.707725
    outer loop
      vertex -75.6265 4.75893 6.4965
      vertex -75 5.8 5.49954
      vertex -75.3119 4.75893 6.51666
    endloop
  endfacet
  facet normal 0.0453132 -0.70502 -0.707738
    outer loop
      vertex -75.9304 4.67751 6.55815
      vertex -75 5.8 5.49954
      vertex -75.6265 4.75893 6.4965
    endloop
  endfacet
  facet normal 0.0453695 -0.705042 -0.707712
    outer loop
      vertex -75 5.8 5.49954
      vertex -75.9304 4.67751 6.55815
      vertex -76.2423 4.63644 6.57907
    endloop
  endfacet
  facet normal 0.130522 -0.991445 0
    outer loop
      vertex -76.5012 5.60237 5.57953
      vertex -75 5.8 5.49954
      vertex -76.5012 5.60237 5.58288
    endloop
  endfacet
  facet normal 0.130522 -0.991445 0
    outer loop
      vertex -75 5.8 5.49954
      vertex -76.5012 5.60237 5.57953
      vertex -75 5.8 5.49619
    endloop
  endfacet
  facet normal 0.138686 -0.692731 0.707736
    outer loop
      vertex -76.5012 5.60237 5.57953
      vertex -75.3119 4.75893 4.52092
      vertex -75 4.8 4.5
    endloop
  endfacet
  facet normal 0.138651 -0.692751 0.707723
    outer loop
      vertex -76.5012 5.60237 5.57953
      vertex -75.9304 4.67751 4.56241
      vertex -75.6265 4.75893 4.58257
    endloop
  endfacet
  facet normal 0.138687 -0.692736 0.70773
    outer loop
      vertex -75.9304 4.67751 4.56241
      vertex -76.5012 5.60237 5.57953
      vertex -76.2423 4.63644 4.58333
    endloop
  endfacet
  facet normal 0.138691 -0.692728 0.707738
    outer loop
      vertex -75.3119 4.75893 4.52092
      vertex -76.5012 5.60237 5.57953
      vertex -75.6265 4.75893 4.58257
    endloop
  endfacet
  facet normal -0.0646473 -0.0172784 -0.997759
    outer loop
      vertex -75.9304 4.67751 6.55815
      vertex -76.2317 4.59678 6.57907
      vertex -76.2423 4.63644 6.57907
    endloop
  endfacet
  facet normal -0.0646426 -0.017314 -0.997758
    outer loop
      vertex -75 4.8 6.49574
      vertex -75.0103 4.75893 6.49712
      vertex -75.3119 4.75893 6.51666
    endloop
  endfacet
  facet normal -0.132794 -0 -0.991144
    outer loop
      vertex -75 4.8 6.49574
      vertex -75 4.75893 6.49574
      vertex -75.0103 4.75893 6.49712
    endloop
  endfacet
  facet normal 0.128892 0.0344491 0.99106
    outer loop
      vertex -76.2317 4.59678 4.58333
      vertex -76.2218 4.59944 4.58195
      vertex -76.2423 4.63644 4.58333
    endloop
  endfacet
  facet normal 0.0669224 -0 0.997758
    outer loop
      vertex -75 4.75893 4.5
      vertex -75 4.8 4.5
      vertex -75.3119 4.75893 4.52092
    endloop
  endfacet
  facet normal 0.0669389 -0.000125866 0.997757
    outer loop
      vertex -76.2218 4.59944 4.58195
      vertex -75.9304 4.67751 4.56241
      vertex -76.2423 4.63644 4.58333
    endloop
  endfacet
  facet normal 0.307724 -0.64188 0.70235
    outer loop
      vertex -76.2423 4.63644 4.58333
      vertex -76.5012 5.60237 5.57953
      vertex -77.9 5.02295 5.66286
    endloop
  endfacet
  facet normal 0.226239 -0.66927 -0.707738
    outer loop
      vertex -76.533 4.51605 6.59999
      vertex -76.5012 5.60237 5.58288
      vertex -76.2423 4.63644 6.57907
    endloop
  endfacet
  facet normal 0.226256 -0.669268 -0.707735
    outer loop
      vertex -76.8369 4.43462 6.57984
      vertex -76.5012 5.60237 5.58288
      vertex -76.533 4.51605 6.59999
    endloop
  endfacet
  facet normal 0.226331 -0.669268 -0.70771
    outer loop
      vertex -77.1093 4.27732 6.64148
      vertex -76.5012 5.60237 5.58288
      vertex -76.8369 4.43462 6.57984
    endloop
  endfacet
  facet normal 0.226257 -0.66926 -0.707742
    outer loop
      vertex -76.5012 5.60237 5.58288
      vertex -77.1093 4.27732 6.64148
      vertex -77.4 4.15692 6.6624
    endloop
  endfacet
  facet normal 0.236302 -0.671473 -0.702343
    outer loop
      vertex -76.5012 5.60237 5.58288
      vertex -77.4 4.15692 6.6624
      vertex -77.9 5.02295 5.66621
    endloop
  endfacet
  facet normal 0.382694 -0.923875 0
    outer loop
      vertex -77.9 5.02295 5.66286
      vertex -76.5012 5.60237 5.58288
      vertex -77.9 5.02295 5.66621
    endloop
  endfacet
  facet normal 0.382694 -0.923875 0
    outer loop
      vertex -76.5012 5.60237 5.58288
      vertex -77.9 5.02295 5.66286
      vertex -76.5012 5.60237 5.57953
    endloop
  endfacet
  facet normal 0.313219 -0.633279 0.707708
    outer loop
      vertex -77.9 5.02295 5.66286
      vertex -76.533 4.51605 4.60426
      vertex -76.2423 4.63644 4.58333
    endloop
  endfacet
  facet normal 0.313278 -0.633217 0.707738
    outer loop
      vertex -77.9 5.02295 5.66286
      vertex -77.1093 4.27732 4.64574
      vertex -76.8369 4.43462 4.6659
    endloop
  endfacet
  facet normal 0.313231 -0.633252 0.707727
    outer loop
      vertex -77.1093 4.27732 4.64574
      vertex -77.9 5.02295 5.66286
      vertex -77.4 4.15692 4.66667
    endloop
  endfacet
  facet normal 0.31323 -0.633266 0.707715
    outer loop
      vertex -76.533 4.51605 4.60426
      vertex -77.9 5.02295 5.66286
      vertex -76.8369 4.43462 4.6659
    endloop
  endfacet
  facet normal -0.128892 -0.0344491 -0.99106
    outer loop
      vertex -76.2317 4.59678 6.57907
      vertex -76.2416 4.59412 6.58045
      vertex -76.2423 4.63644 6.57907
    endloop
  endfacet
  facet normal -0.0579318 -0.0334938 -0.997759
    outer loop
      vertex -76.2423 4.63644 6.57907
      vertex -76.2416 4.59412 6.58045
      vertex -76.533 4.51605 6.59999
    endloop
  endfacet
  facet normal -0.0579633 -0.0334153 -0.997759
    outer loop
      vertex -77.1093 4.27732 6.64148
      vertex -77.3795 4.12136 6.6624
      vertex -77.4 4.15692 6.6624
    endloop
  endfacet
  facet normal 0.115292 0.0664646 0.991106
    outer loop
      vertex -77.3795 4.12136 4.66667
      vertex -77.3706 4.1265 4.66529
      vertex -77.4 4.15692 4.66667
    endloop
  endfacet
  facet normal 0.064678 0.0172866 0.997756
    outer loop
      vertex -76.2317 4.59678 4.58333
      vertex -76.2423 4.63644 4.58333
      vertex -76.533 4.51605 4.60426
    endloop
  endfacet
  facet normal 0.0646895 0.0172574 0.997756
    outer loop
      vertex -77.3706 4.1265 4.66529
      vertex -77.1093 4.27732 4.64574
      vertex -77.4 4.15692 4.66667
    endloop
  endfacet
  facet normal 0.463373 -0.540372 0.702341
    outer loop
      vertex -77.4 4.15692 4.66667
      vertex -77.9 5.02295 5.66286
      vertex -79.1012 4.10122 5.74619
    endloop
  endfacet
  facet normal 0.402043 -0.587439 -0.702337
    outer loop
      vertex -77.9 5.02295 5.66621
      vertex -78.3941 3.39411 6.74574
      vertex -79.1012 4.10122 5.74954
    endloop
  endfacet
  facet normal 0.391764 -0.587913 -0.707728
    outer loop
      vertex -77.6496 3.9654 6.68333
      vertex -77.9 5.02295 5.66621
      vertex -77.4 4.15692 6.6624
    endloop
  endfacet
  facet normal 0.391737 -0.587924 -0.707734
    outer loop
      vertex -77.9221 3.8081 6.66317
      vertex -77.9 5.02295 5.66621
      vertex -77.6496 3.9654 6.68333
    endloop
  endfacet
  facet normal 0.391897 -0.587883 -0.70768
    outer loop
      vertex -78.1445 3.58563 6.72482
      vertex -77.9 5.02295 5.66621
      vertex -77.9221 3.8081 6.66317
    endloop
  endfacet
  facet normal 0.391782 -0.5879 -0.707729
    outer loop
      vertex -77.9 5.02295 5.66621
      vertex -78.1445 3.58563 6.72482
      vertex -78.3941 3.39411 6.74574
    endloop
  endfacet
  facet normal 0.608768 -0.793348 0
    outer loop
      vertex -79.1012 4.10122 5.74619
      vertex -77.9 5.02295 5.66621
      vertex -79.1012 4.10122 5.74954
    endloop
  endfacet
  facet normal 0.608768 -0.793348 0
    outer loop
      vertex -77.9 5.02295 5.66621
      vertex -79.1012 4.10122 5.74619
      vertex -77.9 5.02295 5.66286
    endloop
  endfacet
  facet normal 0.466463 -0.530617 0.707714
    outer loop
      vertex -79.1012 4.10122 5.74619
      vertex -77.6496 3.9654 4.68759
      vertex -77.4 4.15692 4.66667
    endloop
  endfacet
  facet normal 0.466528 -0.530516 0.707746
    outer loop
      vertex -79.1012 4.10122 5.74619
      vertex -78.1445 3.58563 4.72908
      vertex -77.9221 3.8081 4.74924
    endloop
  endfacet
  facet normal 0.466456 -0.530607 0.707725
    outer loop
      vertex -78.1445 3.58563 4.72908
      vertex -79.1012 4.10122 5.74619
      vertex -78.3941 3.39411 4.75
    endloop
  endfacet
  facet normal 0.466437 -0.530676 0.707686
    outer loop
      vertex -77.6496 3.9654 4.68759
      vertex -79.1012 4.10122 5.74619
      vertex -77.9221 3.8081 4.74924
    endloop
  endfacet
  facet normal -0.0473397 -0.0472908 -0.997759
    outer loop
      vertex -78.1445 3.58563 6.72482
      vertex -78.3651 3.36508 6.74574
      vertex -78.3941 3.39411 6.74574
    endloop
  endfacet
  facet normal -0.0473521 -0.0473265 -0.997756
    outer loop
      vertex -77.4 4.15692 6.6624
      vertex -77.3884 4.11622 6.66378
      vertex -77.6496 3.9654 6.68333
    endloop
  endfacet
  facet normal -0.115292 -0.0664646 -0.991106
    outer loop
      vertex -77.3795 4.12136 6.6624
      vertex -77.3884 4.11622 6.66378
      vertex -77.4 4.15692 6.6624
    endloop
  endfacet
  facet normal 0.0939885 0.0938914 0.991136
    outer loop
      vertex -78.3651 3.36508 4.75
      vertex -78.3578 3.37234 4.74862
      vertex -78.3941 3.39411 4.75
    endloop
  endfacet
  facet normal 0.0579793 0.0334245 0.997758
    outer loop
      vertex -77.3795 4.12136 4.66667
      vertex -77.4 4.15692 4.66667
      vertex -77.6496 3.9654 4.68759
    endloop
  endfacet
  facet normal 0.0579779 0.0334264 0.997758
    outer loop
      vertex -78.3578 3.37234 4.74862
      vertex -78.1445 3.58563 4.72908
      vertex -78.3941 3.39411 4.75
    endloop
  endfacet
  facet normal 0.58745 -0.402025 0.702338
    outer loop
      vertex -78.3941 3.39411 4.75
      vertex -79.1012 4.10122 5.74619
      vertex -80.0229 2.9 5.82953
    endloop
  endfacet
  facet normal 0.530558 -0.466496 -0.707736
    outer loop
      vertex -79.1012 4.10122 5.74954
      vertex -78.5856 3.14452 6.76666
      vertex -78.8081 2.92205 6.7465
    endloop
  endfacet
  facet normal 0.530623 -0.466444 -0.707721
    outer loop
      vertex -78.5856 3.14452 6.76666
      vertex -79.1012 4.10122 5.74954
      vertex -78.3941 3.39411 6.74574
    endloop
  endfacet
  facet normal 0.530602 -0.466471 -0.707719
    outer loop
      vertex -78.9654 2.64959 6.80815
      vertex -79.1012 4.10122 5.74954
      vertex -78.8081 2.92205 6.7465
    endloop
  endfacet
  facet normal 0.530639 -0.466455 -0.707702
    outer loop
      vertex -79.1012 4.10122 5.74954
      vertex -78.9654 2.64959 6.80815
      vertex -79.1569 2.4 6.82907
    endloop
  endfacet
  facet normal 0.540386 -0.463368 -0.702334
    outer loop
      vertex -79.1012 4.10122 5.74954
      vertex -79.1569 2.4 6.82907
      vertex -80.0229 2.9 5.83288
    endloop
  endfacet
  facet normal 0.793362 -0.60875 0
    outer loop
      vertex -80.0229 2.9 5.82953
      vertex -79.1012 4.10122 5.74954
      vertex -80.0229 2.9 5.83288
    endloop
  endfacet
  facet normal 0.793362 -0.60875 0
    outer loop
      vertex -79.1012 4.10122 5.74954
      vertex -80.0229 2.9 5.82953
      vertex -79.1012 4.10122 5.74619
    endloop
  endfacet
  facet normal 0.587911 -0.39176 0.707732
    outer loop
      vertex -80.0229 2.9 5.82953
      vertex -78.5856 3.14452 4.77092
      vertex -78.3941 3.39411 4.75
    endloop
  endfacet
  facet normal 0.587916 -0.391788 0.707713
    outer loop
      vertex -80.0229 2.9 5.82953
      vertex -78.9654 2.64959 4.81241
      vertex -78.8081 2.92205 4.83257
    endloop
  endfacet
  facet normal 0.587923 -0.39177 0.707716
    outer loop
      vertex -78.9654 2.64959 4.81241
      vertex -80.0229 2.9 5.82953
      vertex -79.1569 2.4 4.83333
    endloop
  endfacet
  facet normal 0.587896 -0.391864 0.707687
    outer loop
      vertex -78.5856 3.14452 4.77092
      vertex -80.0229 2.9 5.82953
      vertex -78.8081 2.92205 4.83257
    endloop
  endfacet
  facet normal -0.0334098 -0.0579956 -0.997758
    outer loop
      vertex -78.3941 3.39411 6.74574
      vertex -78.3723 3.35781 6.74712
      vertex -78.5856 3.14452 6.76666
    endloop
  endfacet
  facet normal -0.0334996 -0.0579267 -0.997759
    outer loop
      vertex -78.9654 2.64959 6.80815
      vertex -79.1214 2.37947 6.82907
      vertex -79.1569 2.4 6.82907
    endloop
  endfacet
  facet normal -0.0945631 -0.0944653 -0.991027
    outer loop
      vertex -78.3651 3.36508 6.74574
      vertex -78.3723 3.35781 6.74712
      vertex -78.3941 3.39411 6.74574
    endloop
  endfacet
  facet normal 0.0664312 0.114871 0.991157
    outer loop
      vertex -79.1214 2.37947 4.83333
      vertex -79.1162 2.38837 4.83195
      vertex -79.1569 2.4 4.83333
    endloop
  endfacet
  facet normal 0.0473493 0.0473004 0.997758
    outer loop
      vertex -78.3651 3.36508 4.75
      vertex -78.3941 3.39411 4.75
      vertex -78.5856 3.14452 4.77092
    endloop
  endfacet
  facet normal 0.0473471 0.047302 0.997758
    outer loop
      vertex -79.1162 2.38837 4.83195
      vertex -78.9654 2.64959 4.81241
      vertex -79.1569 2.4 4.83333
    endloop
  endfacet
  facet normal 0.671474 -0.236333 0.702332
    outer loop
      vertex -79.1569 2.4 4.83333
      vertex -80.0229 2.9 5.82953
      vertex -80.6024 1.50115 5.91286
    endloop
  endfacet
  facet normal 0.641859 -0.307742 -0.702362
    outer loop
      vertex -80.0229 2.9 5.83288
      vertex -79.6364 1.24233 6.9124
      vertex -80.6024 1.50115 5.91621
    endloop
  endfacet
  facet normal 0.633249 -0.313255 -0.70772
    outer loop
      vertex -80.0229 2.9 5.83288
      vertex -79.2773 2.10934 6.84999
      vertex -79.4346 1.83688 6.82984
    endloop
  endfacet
  facet normal 0.633243 -0.313246 -0.707729
    outer loop
      vertex -80.0229 2.9 5.83288
      vertex -79.516 1.53299 6.89148
      vertex -79.6364 1.24233 6.9124
    endloop
  endfacet
  facet normal 0.633253 -0.31325 -0.707718
    outer loop
      vertex -79.2773 2.10934 6.84999
      vertex -80.0229 2.9 5.83288
      vertex -79.1569 2.4 6.82907
    endloop
  endfacet
  facet normal 0.633319 -0.313186 -0.707687
    outer loop
      vertex -79.516 1.53299 6.89148
      vertex -80.0229 2.9 5.83288
      vertex -79.4346 1.83688 6.82984
    endloop
  endfacet
  facet normal 0.923861 -0.382727 0
    outer loop
      vertex -80.6024 1.50115 5.91286
      vertex -80.0229 2.9 5.83288
      vertex -80.6024 1.50115 5.91621
    endloop
  endfacet
  facet normal 0.923861 -0.382727 0
    outer loop
      vertex -80.0229 2.9 5.83288
      vertex -80.6024 1.50115 5.91286
      vertex -80.0229 2.9 5.82953
    endloop
  endfacet
  facet normal 0.669255 -0.226261 0.707746
    outer loop
      vertex -80.6024 1.50115 5.91286
      vertex -79.2773 2.10934 4.85426
      vertex -79.1569 2.4 4.83333
    endloop
  endfacet
  facet normal 0.669255 -0.226219 0.707759
    outer loop
      vertex -80.6024 1.50115 5.91286
      vertex -79.516 1.53299 4.89574
      vertex -79.4346 1.83688 4.9159
    endloop
  endfacet
  facet normal 0.669249 -0.226259 0.707752
    outer loop
      vertex -79.516 1.53299 4.89574
      vertex -80.6024 1.50115 5.91286
      vertex -79.6364 1.24233 4.91667
    endloop
  endfacet
  facet normal 0.669255 -0.226266 0.707743
    outer loop
      vertex -79.2773 2.10934 4.85426
      vertex -80.6024 1.50115 5.91286
      vertex -79.4346 1.83688 4.9159
    endloop
  endfacet
  facet normal -0.0172935 -0.0646493 -0.997758
    outer loop
      vertex -79.1569 2.4 6.82907
      vertex -79.1265 2.37057 6.83045
      vertex -79.2773 2.10934 6.84999
    endloop
  endfacet
  facet normal -0.017348 -0.0646267 -0.997759
    outer loop
      vertex -79.516 1.53299 6.89148
      vertex -79.5968 1.2317 6.9124
      vertex -79.6364 1.24233 6.9124
    endloop
  endfacet
  facet normal -0.0667496 -0.115422 -0.991071
    outer loop
      vertex -79.1214 2.37947 6.82907
      vertex -79.1265 2.37057 6.83045
      vertex -79.1569 2.4 6.82907
    endloop
  endfacet
  facet normal 0.034459 0.12837 0.991127
    outer loop
      vertex -79.5968 1.2317 4.91667
      vertex -79.5941 1.24163 4.91529
      vertex -79.6364 1.24233 4.91667
    endloop
  endfacet
  facet normal 0.03352 0.057962 0.997756
    outer loop
      vertex -79.1214 2.37947 4.83333
      vertex -79.1569 2.4 4.83333
      vertex -79.2773 2.10934 4.85426
    endloop
  endfacet
  facet normal 0.0335102 0.057966 0.997756
    outer loop
      vertex -79.5941 1.24163 4.91529
      vertex -79.516 1.53299 4.89574
      vertex -79.6364 1.24233 4.91667
    endloop
  endfacet
  facet normal 0.709732 -0.0544348 0.702366
    outer loop
      vertex -79.6364 1.24233 4.91667
      vertex -80.6024 1.50115 5.91286
      vertex -80.8 0 5.99619
    endloop
  endfacet
  facet normal 0.692652 -0.138763 -0.707798
    outer loop
      vertex -80.6024 1.50115 5.91621
      vertex -79.7589 0.311914 6.97481
      vertex -79.8 0 6.99574
    endloop
  endfacet
  facet normal 0.692757 -0.138611 -0.707725
    outer loop
      vertex -80.6024 1.50115 5.91621
      vertex -79.6775 0.930416 6.93333
      vertex -79.7589 0.626525 6.91317
    endloop
  endfacet
  facet normal 0.692695 -0.138766 -0.707755
    outer loop
      vertex -79.6775 0.930416 6.93333
      vertex -80.6024 1.50115 5.91621
      vertex -79.6364 1.24233 6.9124
    endloop
  endfacet
  facet normal 0.692726 -0.138665 -0.707745
    outer loop
      vertex -79.7589 0.311914 6.97481
      vertex -80.6024 1.50115 5.91621
      vertex -79.7589 0.626525 6.91317
    endloop
  endfacet
  facet normal 0.699669 -0.131087 -0.702338
    outer loop
      vertex -80.6024 1.50115 5.91621
      vertex -79.8 0 6.99574
      vertex -80.8 0 5.99954
    endloop
  endfacet
  facet normal 0.991447 -0.130507 0
    outer loop
      vertex -80.8 0 5.99619
      vertex -80.6024 1.50115 5.91621
      vertex -80.8 0 5.99954
    endloop
  endfacet
  facet normal 0.991447 -0.130507 0
    outer loop
      vertex -80.6024 1.50115 5.91621
      vertex -80.8 0 5.99619
      vertex -80.6024 1.50115 5.91286
    endloop
  endfacet
  facet normal 0.705064 -0.0454399 0.707686
    outer loop
      vertex -80.8 0 5.99619
      vertex -79.6775 0.930416 4.93759
      vertex -79.6364 1.24233 4.91667
    endloop
  endfacet
  facet normal 0.705017 -0.0453513 0.707738
    outer loop
      vertex -80.8 0 5.99619
      vertex -79.7589 0.311914 4.97908
      vertex -79.7589 0.626525 4.99924
    endloop
  endfacet
  facet normal 0.705027 -0.0454325 0.707724
    outer loop
      vertex -79.7589 0.311914 4.97908
      vertex -80.8 0 5.99619
      vertex -79.8 0 5
    endloop
  endfacet
  facet normal 0.70499 -0.0452533 0.707772
    outer loop
      vertex -79.6775 0.930416 4.93759
      vertex -80.8 0 5.99619
      vertex -79.7589 0.626525 4.99924
    endloop
  endfacet
  facet normal -0.0345445 -0.128689 -0.991083
    outer loop
      vertex -79.5968 1.2317 6.9124
      vertex -79.5994 1.22177 6.91378
      vertex -79.6364 1.24233 6.9124
    endloop
  endfacet
  facet normal 0 -0.0669513 -0.997756
    outer loop
      vertex -79.7589 0.311914 6.97481
      vertex -79.7589 0 6.99574
      vertex -79.8 0 6.99574
    endloop
  endfacet
  facet normal 9.70864e-06 -0.0669525 -0.997756
    outer loop
      vertex -79.6364 1.24233 6.9124
      vertex -79.5994 1.22177 6.91378
      vertex -79.6775 0.930416 6.93333
    endloop
  endfacet
  facet normal 0 0.133073 0.991106
    outer loop
      vertex -79.7589 0 5
      vertex -79.7589 0.010278 4.99862
      vertex -79.8 0 5
    endloop
  endfacet
  facet normal 0.0173379 0.0646349 0.997758
    outer loop
      vertex -79.7589 0.010278 4.99862
      vertex -79.7589 0.311914 4.97908
      vertex -79.8 0 5
    endloop
  endfacet
  facet normal 0.0173498 0.0646333 0.997758
    outer loop
      vertex -79.5968 1.2317 4.91667
      vertex -79.6364 1.24233 4.91667
      vertex -79.6775 0.930416 4.93759
    endloop
  endfacet
  facet normal 0.699665 0.131091 0.702341
    outer loop
      vertex -80.6024 -1.50115 6.07953
      vertex -79.8 0 5
      vertex -80.8 0 5.99619
    endloop
  endfacet
  facet normal 0.709733 0.0544303 -0.702365
    outer loop
      vertex -79.6364 -1.24233 7.07907
      vertex -80.6024 -1.50115 6.08288
      vertex -80.8 0 5.99954
    endloop
  endfacet
  facet normal 0.705068 0.0454406 -0.707683
    outer loop
      vertex -80.8 0 5.99954
      vertex -79.6775 -0.930416 7.05815
      vertex -79.6364 -1.24233 7.07907
    endloop
  endfacet
  facet normal 0.705021 0.0453511 -0.707735
    outer loop
      vertex -80.8 0 5.99954
      vertex -79.7589 -0.311914 7.01666
      vertex -79.7589 -0.626525 6.9965
    endloop
  endfacet
  facet normal 0.705031 0.0454332 -0.70772
    outer loop
      vertex -79.7589 -0.311914 7.01666
      vertex -80.8 0 5.99954
      vertex -79.8 0 6.99574
    endloop
  endfacet
  facet normal 0.704994 0.0452552 -0.707768
    outer loop
      vertex -79.6775 -0.930416 7.05815
      vertex -80.8 0 5.99954
      vertex -79.7589 -0.626525 6.9965
    endloop
  endfacet
  facet normal 0.991447 0.130507 -0
    outer loop
      vertex -80.6024 -1.50115 6.07953
      vertex -80.8 0 5.99954
      vertex -80.6024 -1.50115 6.08288
    endloop
  endfacet
  facet normal 0.991447 0.130507 0
    outer loop
      vertex -80.8 0 5.99954
      vertex -80.6024 -1.50115 6.07953
      vertex -80.8 0 5.99619
    endloop
  endfacet
  facet normal 0.692672 0.138742 0.707783
    outer loop
      vertex -80.6024 -1.50115 6.07953
      vertex -79.7589 -0.311914 5.02092
      vertex -79.8 0 5
    endloop
  endfacet
  facet normal 0.692757 0.138611 0.707725
    outer loop
      vertex -80.6024 -1.50115 6.07953
      vertex -79.6775 -0.930416 5.06241
      vertex -79.7589 -0.626525 5.08257
    endloop
  endfacet
  facet normal 0.692704 0.138744 0.707751
    outer loop
      vertex -79.6775 -0.930416 5.06241
      vertex -80.6024 -1.50115 6.07953
      vertex -79.6364 -1.24233 5.08333
    endloop
  endfacet
  facet normal 0.692711 0.138689 0.707754
    outer loop
      vertex -79.7589 -0.311914 5.02092
      vertex -80.6024 -1.50115 6.07953
      vertex -79.7589 -0.626525 5.08257
    endloop
  endfacet
  facet normal 0.0173379 -0.0646349 -0.997758
    outer loop
      vertex -79.7589 -0.010278 6.99712
      vertex -79.7589 -0.311914 7.01666
      vertex -79.8 0 6.99574
    endloop
  endfacet
  facet normal 0.0173498 -0.0646333 -0.997758
    outer loop
      vertex -79.5968 -1.2317 7.07907
      vertex -79.6364 -1.24233 7.07907
      vertex -79.6775 -0.930416 7.05815
    endloop
  endfacet
  facet normal -0 -0.133073 -0.991106
    outer loop
      vertex -79.7589 0 6.99574
      vertex -79.7589 -0.010278 6.99712
      vertex -79.8 0 6.99574
    endloop
  endfacet
  facet normal -0.0345445 0.128689 0.991083
    outer loop
      vertex -79.5968 -1.2317 5.08333
      vertex -79.5994 -1.22177 5.08195
      vertex -79.6364 -1.24233 5.08333
    endloop
  endfacet
  facet normal 0 0.0669194 0.997758
    outer loop
      vertex -79.7589 -0.311914 5.02092
      vertex -79.7589 0 5
      vertex -79.8 0 5
    endloop
  endfacet
  facet normal 2.62711e-05 0.0669229 0.997758
    outer loop
      vertex -79.6364 -1.24233 5.08333
      vertex -79.5994 -1.22177 5.08195
      vertex -79.6775 -0.930416 5.06241
    endloop
  endfacet
  facet normal 0.641862 0.307743 0.702358
    outer loop
      vertex -80.0229 -2.9 6.16286
      vertex -79.6364 -1.24233 5.08333
      vertex -80.6024 -1.50115 6.07953
    endloop
  endfacet
  facet normal 0.669258 0.226288 -0.707734
    outer loop
      vertex -80.6024 -1.50115 6.08288
      vertex -79.2773 -2.10934 7.14148
      vertex -79.1569 -2.4 7.1624
    endloop
  endfacet
  facet normal 0.669255 0.226196 -0.707766
    outer loop
      vertex -80.6024 -1.50115 6.08288
      vertex -79.516 -1.53299 7.09999
      vertex -79.4346 -1.83688 7.07984
    endloop
  endfacet
  facet normal 0.669243 0.22628 -0.707751
    outer loop
      vertex -79.516 -1.53299 7.09999
      vertex -80.6024 -1.50115 6.08288
      vertex -79.6364 -1.24233 7.07907
    endloop
  endfacet
  facet normal 0.669255 0.226266 -0.707743
    outer loop
      vertex -79.2773 -2.10934 7.14148
      vertex -80.6024 -1.50115 6.08288
      vertex -79.4346 -1.83688 7.07984
    endloop
  endfacet
  facet normal 0.671471 0.236331 -0.702335
    outer loop
      vertex -79.1569 -2.4 7.1624
      vertex -80.0229 -2.9 6.16621
      vertex -80.6024 -1.50115 6.08288
    endloop
  endfacet
  facet normal 0.923861 0.382727 -0
    outer loop
      vertex -80.0229 -2.9 6.16286
      vertex -80.6024 -1.50115 6.08288
      vertex -80.0229 -2.9 6.16621
    endloop
  endfacet
  facet normal 0.923861 0.382727 0
    outer loop
      vertex -80.6024 -1.50115 6.08288
      vertex -80.0229 -2.9 6.16286
      vertex -80.6024 -1.50115 6.07953
    endloop
  endfacet
  facet normal 0.633265 0.313239 0.707712
    outer loop
      vertex -80.0229 -2.9 6.16286
      vertex -79.2773 -2.10934 5.14574
      vertex -79.4346 -1.83688 5.1659
    endloop
  endfacet
  facet normal 0.633222 0.313263 0.70774
    outer loop
      vertex -80.0229 -2.9 6.16286
      vertex -79.516 -1.53299 5.10426
      vertex -79.6364 -1.24233 5.08333
    endloop
  endfacet
  facet normal 0.633242 0.31327 0.707719
    outer loop
      vertex -79.2773 -2.10934 5.14574
      vertex -80.0229 -2.9 6.16286
      vertex -79.1569 -2.4 5.16667
    endloop
  endfacet
  facet normal 0.633319 0.313186 0.707687
    outer loop
      vertex -79.516 -1.53299 5.10426
      vertex -80.0229 -2.9 6.16286
      vertex -79.4346 -1.83688 5.1659
    endloop
  endfacet
  facet normal 0.034459 -0.12837 -0.991127
    outer loop
      vertex -79.5968 -1.2317 7.07907
      vertex -79.5941 -1.24163 7.08045
      vertex -79.6364 -1.24233 7.07907
    endloop
  endfacet
  facet normal 0.0335097 -0.0579321 -0.997758
    outer loop
      vertex -79.5941 -1.24163 7.08045
      vertex -79.516 -1.53299 7.09999
      vertex -79.6364 -1.24233 7.07907
    endloop
  endfacet
  facet normal 0.033504 -0.0579344 -0.997758
    outer loop
      vertex -79.1214 -2.37947 7.1624
      vertex -79.1569 -2.4 7.1624
      vertex -79.2773 -2.10934 7.14148
    endloop
  endfacet
  facet normal -0.0667496 0.115422 0.991071
    outer loop
      vertex -79.1214 -2.37947 5.16667
      vertex -79.1265 -2.37057 5.16529
      vertex -79.1569 -2.4 5.16667
    endloop
  endfacet
  facet normal -0.0173563 0.0646575 0.997757
    outer loop
      vertex -79.516 -1.53299 5.10426
      vertex -79.5968 -1.2317 5.08333
      vertex -79.6364 -1.24233 5.08333
    endloop
  endfacet
  facet normal -0.0173172 0.0646737 0.997756
    outer loop
      vertex -79.1569 -2.4 5.16667
      vertex -79.1265 -2.37057 5.16529
      vertex -79.2773 -2.10934 5.14574
    endloop
  endfacet
  facet normal 0.540389 0.463364 0.702335
    outer loop
      vertex -79.1012 -4.10122 6.24619
      vertex -79.1569 -2.4 5.16667
      vertex -80.0229 -2.9 6.16286
    endloop
  endfacet
  facet normal 0.58745 0.402031 -0.702335
    outer loop
      vertex -78.3941 -3.39411 7.24574
      vertex -79.1012 -4.10122 6.24954
      vertex -80.0229 -2.9 6.16621
    endloop
  endfacet
  facet normal 0.587911 0.39176 -0.707732
    outer loop
      vertex -80.0229 -2.9 6.16621
      vertex -78.5856 -3.14452 7.22482
      vertex -78.3941 -3.39411 7.24574
    endloop
  endfacet
  facet normal 0.587916 0.391788 -0.707713
    outer loop
      vertex -80.0229 -2.9 6.16621
      vertex -78.9654 -2.64959 7.18333
      vertex -78.8081 -2.92205 7.16317
    endloop
  endfacet
  facet normal 0.587933 0.391749 -0.70772
    outer loop
      vertex -78.9654 -2.64959 7.18333
      vertex -80.0229 -2.9 6.16621
      vertex -79.1569 -2.4 7.1624
    endloop
  endfacet
  facet normal 0.587896 0.391864 -0.707687
    outer loop
      vertex -78.5856 -3.14452 7.22482
      vertex -80.0229 -2.9 6.16621
      vertex -78.8081 -2.92205 7.16317
    endloop
  endfacet
  facet normal 0.793362 0.60875 -0
    outer loop
      vertex -79.1012 -4.10122 6.24619
      vertex -80.0229 -2.9 6.16621
      vertex -79.1012 -4.10122 6.24954
    endloop
  endfacet
  facet normal 0.793362 0.60875 0
    outer loop
      vertex -80.0229 -2.9 6.16621
      vertex -79.1012 -4.10122 6.24619
      vertex -80.0229 -2.9 6.16286
    endloop
  endfacet
  facet normal 0.530556 0.466493 0.707739
    outer loop
      vertex -79.1012 -4.10122 6.24619
      vertex -78.5856 -3.14452 5.22908
      vertex -78.8081 -2.92205 5.24924
    endloop
  endfacet
  facet normal 0.53062 0.466442 0.707724
    outer loop
      vertex -78.5856 -3.14452 5.22908
      vertex -79.1012 -4.10122 6.24619
      vertex -78.3941 -3.39411 5.25
    endloop
  endfacet
  facet normal 0.530598 0.466469 0.707723
    outer loop
      vertex -78.9654 -2.64959 5.18759
      vertex -79.1012 -4.10122 6.24619
      vertex -78.8081 -2.92205 5.24924
    endloop
  endfacet
  facet normal 0.530636 0.466453 0.707706
    outer loop
      vertex -79.1012 -4.10122 6.24619
      vertex -78.9654 -2.64959 5.18759
      vertex -79.1569 -2.4 5.16667
    endloop
  endfacet
  facet normal 0.0473564 -0.0473347 -0.997756
    outer loop
      vertex -79.1162 -2.38837 7.16378
      vertex -78.9654 -2.64959 7.18333
      vertex -79.1569 -2.4 7.1624
    endloop
  endfacet
  facet normal 0.0473493 -0.0473004 -0.997758
    outer loop
      vertex -78.3651 -3.36508 7.24574
      vertex -78.3941 -3.39411 7.24574
      vertex -78.5856 -3.14452 7.22482
    endloop
  endfacet
  facet normal 0.0664312 -0.114871 -0.991157
    outer loop
      vertex -79.1214 -2.37947 7.1624
      vertex -79.1162 -2.38837 7.16378
      vertex -79.1569 -2.4 7.1624
    endloop
  endfacet
  facet normal -0.0945631 0.0944653 0.991027
    outer loop
      vertex -78.3651 -3.36508 5.25
      vertex -78.3723 -3.35781 5.24862
      vertex -78.3941 -3.39411 5.25
    endloop
  endfacet
  facet normal -0.0334996 0.0579267 0.997759
    outer loop
      vertex -78.9654 -2.64959 5.18759
      vertex -79.1214 -2.37947 5.16667
      vertex -79.1569 -2.4 5.16667
    endloop
  endfacet
  facet normal -0.0334098 0.0579956 0.997758
    outer loop
      vertex -78.3941 -3.39411 5.25
      vertex -78.3723 -3.35781 5.24862
      vertex -78.5856 -3.14452 5.22908
    endloop
  endfacet
  facet normal 0.402037 0.587439 0.70234
    outer loop
      vertex -77.9 -5.02295 6.32953
      vertex -78.3941 -3.39411 5.25
      vertex -79.1012 -4.10122 6.24619
    endloop
  endfacet
  facet normal 0.466465 0.53062 -0.70771
    outer loop
      vertex -79.1012 -4.10122 6.24954
      vertex -77.6496 -3.9654 7.30815
      vertex -77.4 -4.15692 7.32907
    endloop
  endfacet
  facet normal 0.46653 0.530518 -0.707743
    outer loop
      vertex -79.1012 -4.10122 6.24954
      vertex -78.1445 -3.58563 7.26666
      vertex -77.9221 -3.8081 7.2465
    endloop
  endfacet
  facet normal 0.466458 0.53061 -0.707722
    outer loop
      vertex -78.1445 -3.58563 7.26666
      vertex -79.1012 -4.10122 6.24954
      vertex -78.3941 -3.39411 7.24574
    endloop
  endfacet
  facet normal 0.466439 0.53068 -0.707682
    outer loop
      vertex -77.6496 -3.9654 7.30815
      vertex -79.1012 -4.10122 6.24954
      vertex -77.9221 -3.8081 7.2465
    endloop
  endfacet
  facet normal 0.463377 0.54037 -0.702341
    outer loop
      vertex -77.4 -4.15692 7.32907
      vertex -77.9 -5.02295 6.33288
      vertex -79.1012 -4.10122 6.24954
    endloop
  endfacet
  facet normal 0.608768 0.793348 -0
    outer loop
      vertex -77.9 -5.02295 6.32953
      vertex -79.1012 -4.10122 6.24954
      vertex -77.9 -5.02295 6.33288
    endloop
  endfacet
  facet normal 0.608768 0.793348 0
    outer loop
      vertex -79.1012 -4.10122 6.24954
      vertex -77.9 -5.02295 6.32953
      vertex -79.1012 -4.10122 6.24619
    endloop
  endfacet
  facet normal 0.391786 0.587903 0.707724
    outer loop
      vertex -77.6496 -3.9654 5.31241
      vertex -77.9 -5.02295 6.32953
      vertex -77.4 -4.15692 5.33333
    endloop
  endfacet
  facet normal 0.391737 0.587924 0.707734
    outer loop
      vertex -77.9221 -3.8081 5.33257
      vertex -77.9 -5.02295 6.32953
      vertex -77.6496 -3.9654 5.31241
    endloop
  endfacet
  facet normal 0.391897 0.587883 0.70768
    outer loop
      vertex -78.1445 -3.58563 5.27092
      vertex -77.9 -5.02295 6.32953
      vertex -77.9221 -3.8081 5.33257
    endloop
  endfacet
  facet normal 0.391782 0.5879 0.707729
    outer loop
      vertex -77.9 -5.02295 6.32953
      vertex -78.1445 -3.58563 5.27092
      vertex -78.3941 -3.39411 5.25
    endloop
  endfacet
  facet normal 0.0579793 -0.0334245 -0.997758
    outer loop
      vertex -77.3795 -4.12136 7.32907
      vertex -77.4 -4.15692 7.32907
      vertex -77.6496 -3.9654 7.30815
    endloop
  endfacet
  facet normal 0.0579779 -0.0334264 -0.997758
    outer loop
      vertex -78.3578 -3.37234 7.24712
      vertex -78.1445 -3.58563 7.26666
      vertex -78.3941 -3.39411 7.24574
    endloop
  endfacet
  facet normal 0.0939885 -0.0938914 -0.991136
    outer loop
      vertex -78.3651 -3.36508 7.24574
      vertex -78.3578 -3.37234 7.24712
      vertex -78.3941 -3.39411 7.24574
    endloop
  endfacet
  facet normal -0.115292 0.0664646 0.991106
    outer loop
      vertex -77.3795 -4.12136 5.33333
      vertex -77.3884 -4.11622 5.33195
      vertex -77.4 -4.15692 5.33333
    endloop
  endfacet
  facet normal -0.0473194 0.0473172 0.997758
    outer loop
      vertex -77.4 -4.15692 5.33333
      vertex -77.3884 -4.11622 5.33195
      vertex -77.6496 -3.9654 5.31241
    endloop
  endfacet
  facet normal -0.0473397 0.0472908 0.997759
    outer loop
      vertex -78.1445 -3.58563 5.27092
      vertex -78.3651 -3.36508 5.25
      vertex -78.3941 -3.39411 5.25
    endloop
  endfacet
  facet normal 0.236303 0.671476 0.702339
    outer loop
      vertex -76.5012 -5.60237 6.41286
      vertex -77.4 -4.15692 5.33333
      vertex -77.9 -5.02295 6.32953
    endloop
  endfacet
  facet normal 0.307723 0.641877 -0.702354
    outer loop
      vertex -76.2423 -4.63644 7.4124
      vertex -76.5012 -5.60237 6.41621
      vertex -77.9 -5.02295 6.33288
    endloop
  endfacet
  facet normal 0.313203 0.6333 -0.707697
    outer loop
      vertex -77.9 -5.02295 6.33288
      vertex -76.533 -4.51605 7.39148
      vertex -76.2423 -4.63644 7.4124
    endloop
  endfacet
  facet normal 0.313294 0.633201 -0.707746
    outer loop
      vertex -77.9 -5.02295 6.33288
      vertex -77.1093 -4.27732 7.34999
      vertex -76.8369 -4.43462 7.32984
    endloop
  endfacet
  facet normal 0.313211 0.633263 -0.707727
    outer loop
      vertex -77.1093 -4.27732 7.34999
      vertex -77.9 -5.02295 6.33288
      vertex -77.4 -4.15692 7.32907
    endloop
  endfacet
  facet normal 0.31323 0.633266 -0.707715
    outer loop
      vertex -76.533 -4.51605 7.39148
      vertex -77.9 -5.02295 6.33288
      vertex -76.8369 -4.43462 7.32984
    endloop
  endfacet
  facet normal 0.382694 0.923875 -0
    outer loop
      vertex -76.5012 -5.60237 6.41286
      vertex -77.9 -5.02295 6.33288
      vertex -76.5012 -5.60237 6.41621
    endloop
  endfacet
  facet normal 0.382694 0.923875 0
    outer loop
      vertex -77.9 -5.02295 6.33288
      vertex -76.5012 -5.60237 6.41286
      vertex -77.9 -5.02295 6.32953
    endloop
  endfacet
  facet normal 0.226217 0.669277 0.707739
    outer loop
      vertex -76.533 -4.51605 5.39574
      vertex -76.5012 -5.60237 6.41286
      vertex -76.2423 -4.63644 5.41667
    endloop
  endfacet
  facet normal 0.226279 0.669268 0.707727
    outer loop
      vertex -76.8369 -4.43462 5.4159
      vertex -76.5012 -5.60237 6.41286
      vertex -76.533 -4.51605 5.39574
    endloop
  endfacet
  facet normal 0.226331 0.669268 0.70771
    outer loop
      vertex -77.1093 -4.27732 5.35426
      vertex -76.5012 -5.60237 6.41286
      vertex -76.8369 -4.43462 5.4159
    endloop
  endfacet
  facet normal 0.226231 0.669257 0.707754
    outer loop
      vertex -76.5012 -5.60237 6.41286
      vertex -77.1093 -4.27732 5.35426
      vertex -77.4 -4.15692 5.33333
    endloop
  endfacet
  facet normal 0.0646473 -0.0172784 -0.997759
    outer loop
      vertex -76.2317 -4.59678 7.4124
      vertex -76.2423 -4.63644 7.4124
      vertex -76.533 -4.51605 7.39148
    endloop
  endfacet
  facet normal 0.0646652 -0.0172337 -0.997758
    outer loop
      vertex -77.3706 -4.1265 7.33045
      vertex -77.1093 -4.27732 7.34999
      vertex -77.4 -4.15692 7.32907
    endloop
  endfacet
  facet normal 0.115292 -0.0664646 -0.991106
    outer loop
      vertex -77.3795 -4.12136 7.32907
      vertex -77.3706 -4.1265 7.33045
      vertex -77.4 -4.15692 7.32907
    endloop
  endfacet
  facet normal -0.128892 0.0344491 0.99106
    outer loop
      vertex -76.2317 -4.59678 5.41667
      vertex -76.2416 -4.59412 5.41529
      vertex -76.2423 -4.63644 5.41667
    endloop
  endfacet
  facet normal -0.0579658 0.0334943 0.997757
    outer loop
      vertex -76.2423 -4.63644 5.41667
      vertex -76.2416 -4.59412 5.41529
      vertex -76.533 -4.51605 5.39574
    endloop
  endfacet
  facet normal -0.0579909 0.0334312 0.997757
    outer loop
      vertex -77.1093 -4.27732 5.35426
      vertex -77.3795 -4.12136 5.33333
      vertex -77.4 -4.15692 5.33333
    endloop
  endfacet
  facet normal 0.0544511 0.709752 0.702344
    outer loop
      vertex -75 -5.8 6.49619
      vertex -76.2423 -4.63644 5.41667
      vertex -76.5012 -5.60237 6.41286
    endloop
  endfacet
  facet normal 0.138708 0.692711 -0.707751
    outer loop
      vertex -76.5012 -5.60237 6.41621
      vertex -75.3119 -4.75893 7.47481
      vertex -75 -4.8 7.49574
    endloop
  endfacet
  facet normal 0.138651 0.692751 -0.707723
    outer loop
      vertex -76.5012 -5.60237 6.41621
      vertex -75.9304 -4.67751 7.43333
      vertex -75.6265 -4.75893 7.41317
    endloop
  endfacet
  facet normal 0.138709 0.692728 -0.707735
    outer loop
      vertex -75.9304 -4.67751 7.43333
      vertex -76.5012 -5.60237 6.41621
      vertex -76.2423 -4.63644 7.4124
    endloop
  endfacet
  facet normal 0.138666 0.692742 -0.707729
    outer loop
      vertex -75.3119 -4.75893 7.47481
      vertex -76.5012 -5.60237 6.41621
      vertex -75.6265 -4.75893 7.41317
    endloop
  endfacet
  facet normal 0.131096 0.699669 -0.702337
    outer loop
      vertex -75 -4.8 7.49574
      vertex -75 -5.8 6.49954
      vertex -76.5012 -5.60237 6.41621
    endloop
  endfacet
  facet normal 0.130522 0.991445 -0
    outer loop
      vertex -75 -5.8 6.49619
      vertex -76.5012 -5.60237 6.41621
      vertex -75 -5.8 6.49954
    endloop
  endfacet
  facet normal 0.130522 0.991445 0
    outer loop
      vertex -76.5012 -5.60237 6.41621
      vertex -75 -5.8 6.49619
      vertex -76.5012 -5.60237 6.41286
    endloop
  endfacet
  facet normal 0.0453669 0.705029 0.707726
    outer loop
      vertex -75.3119 -4.75893 5.47908
      vertex -75 -5.8 6.49619
      vertex -75 -4.8 5.5
    endloop
  endfacet
  facet normal 0.0453522 0.705027 0.707728
    outer loop
      vertex -75.6265 -4.75893 5.49924
      vertex -75 -5.8 6.49619
      vertex -75.3119 -4.75893 5.47908
    endloop
  endfacet
  facet normal 0.0453113 0.705016 0.707742
    outer loop
      vertex -75.9304 -4.67751 5.43759
      vertex -75 -5.8 6.49619
      vertex -75.6265 -4.75893 5.49924
    endloop
  endfacet
  facet normal 0.0453688 0.705039 0.707716
    outer loop
      vertex -75 -5.8 6.49619
      vertex -75.9304 -4.67751 5.43759
      vertex -76.2423 -4.63644 5.41667
    endloop
  endfacet
  facet normal 0.128892 -0.0344491 -0.99106
    outer loop
      vertex -76.2317 -4.59678 7.4124
      vertex -76.2218 -4.59944 7.41378
      vertex -76.2423 -4.63644 7.4124
    endloop
  endfacet
  facet normal 0.0669686 0.000109346 -0.997755
    outer loop
      vertex -76.2218 -4.59944 7.41378
      vertex -75.9304 -4.67751 7.43333
      vertex -76.2423 -4.63644 7.4124
    endloop
  endfacet
  facet normal 0.0669543 0 -0.997756
    outer loop
      vertex -75 -4.75893 7.49574
      vertex -75 -4.8 7.49574
      vertex -75.3119 -4.75893 7.47481
    endloop
  endfacet
  facet normal -0.132794 0 0.991144
    outer loop
      vertex -75 -4.8 5.5
      vertex -75 -4.75893 5.5
      vertex -75.0103 -4.75893 5.49862
    endloop
  endfacet
  facet normal -0.0646473 0.0172784 0.997759
    outer loop
      vertex -75.9304 -4.67751 5.43759
      vertex -76.2317 -4.59678 5.41667
      vertex -76.2423 -4.63644 5.41667
    endloop
  endfacet
  facet normal -0.0646426 0.017314 0.997758
    outer loop
      vertex -75 -4.8 5.5
      vertex -75.0103 -4.75893 5.49862
      vertex -75.3119 -4.75893 5.47908
    endloop
  endfacet
  facet normal 0.1311 -0.699665 0.702341
    outer loop
      vertex -75 4.8 6.5
      vertex -75 5.8 7.49619
      vertex -76.5012 5.60237 7.57953
    endloop
  endfacet
  facet normal 0.0544465 -0.709753 -0.702344
    outer loop
      vertex -75 5.8 7.49954
      vertex -76.2423 4.63644 8.57907
      vertex -76.5012 5.60237 7.58288
    endloop
  endfacet
  facet normal 0.0453676 -0.705033 -0.707722
    outer loop
      vertex -75.3119 4.75893 8.51666
      vertex -75 5.8 7.49954
      vertex -75 4.8 8.49574
    endloop
  endfacet
  facet normal 0.045352 -0.705031 -0.707725
    outer loop
      vertex -75.6265 4.75893 8.4965
      vertex -75 5.8 7.49954
      vertex -75.3119 4.75893 8.51666
    endloop
  endfacet
  facet normal 0.0453132 -0.70502 -0.707738
    outer loop
      vertex -75.9304 4.67751 8.55815
      vertex -75 5.8 7.49954
      vertex -75.6265 4.75893 8.4965
    endloop
  endfacet
  facet normal 0.0453695 -0.705042 -0.707712
    outer loop
      vertex -75 5.8 7.49954
      vertex -75.9304 4.67751 8.55815
      vertex -76.2423 4.63644 8.57907
    endloop
  endfacet
  facet normal 0.130522 -0.991445 0
    outer loop
      vertex -76.5012 5.60237 7.57953
      vertex -75 5.8 7.49954
      vertex -76.5012 5.60237 7.58288
    endloop
  endfacet
  facet normal 0.130522 -0.991445 0
    outer loop
      vertex -75 5.8 7.49954
      vertex -76.5012 5.60237 7.57953
      vertex -75 5.8 7.49619
    endloop
  endfacet
  facet normal 0.138686 -0.692731 0.707736
    outer loop
      vertex -76.5012 5.60237 7.57953
      vertex -75.3119 4.75893 6.52092
      vertex -75 4.8 6.5
    endloop
  endfacet
  facet normal 0.138651 -0.692751 0.707723
    outer loop
      vertex -76.5012 5.60237 7.57953
      vertex -75.9304 4.67751 6.56241
      vertex -75.6265 4.75893 6.58257
    endloop
  endfacet
  facet normal 0.138687 -0.692736 0.70773
    outer loop
      vertex -75.9304 4.67751 6.56241
      vertex -76.5012 5.60237 7.57953
      vertex -76.2423 4.63644 6.58333
    endloop
  endfacet
  facet normal 0.138691 -0.692728 0.707738
    outer loop
      vertex -75.3119 4.75893 6.52092
      vertex -76.5012 5.60237 7.57953
      vertex -75.6265 4.75893 6.58257
    endloop
  endfacet
  facet normal -0.0646473 -0.0172784 -0.997759
    outer loop
      vertex -75.9304 4.67751 8.55815
      vertex -76.2317 4.59678 8.57907
      vertex -76.2423 4.63644 8.57907
    endloop
  endfacet
  facet normal -0.0646426 -0.017314 -0.997758
    outer loop
      vertex -75 4.8 8.49574
      vertex -75.0103 4.75893 8.49712
      vertex -75.3119 4.75893 8.51666
    endloop
  endfacet
  facet normal -0.132794 -0 -0.991144
    outer loop
      vertex -75 4.8 8.49574
      vertex -75 4.75893 8.49574
      vertex -75.0103 4.75893 8.49712
    endloop
  endfacet
  facet normal 0.128892 0.0344491 0.99106
    outer loop
      vertex -76.2317 4.59678 6.58333
      vertex -76.2218 4.59944 6.58195
      vertex -76.2423 4.63644 6.58333
    endloop
  endfacet
  facet normal 0.0669389 -0.000125866 0.997757
    outer loop
      vertex -76.2218 4.59944 6.58195
      vertex -75.9304 4.67751 6.56241
      vertex -76.2423 4.63644 6.58333
    endloop
  endfacet
  facet normal 0.0669224 -0 0.997758
    outer loop
      vertex -75 4.75893 6.5
      vertex -75 4.8 6.5
      vertex -75.3119 4.75893 6.52092
    endloop
  endfacet
  facet normal 0.307724 -0.64188 0.70235
    outer loop
      vertex -76.2423 4.63644 6.58333
      vertex -76.5012 5.60237 7.57953
      vertex -77.9 5.02295 7.66286
    endloop
  endfacet
  facet normal 0.226239 -0.66927 -0.707738
    outer loop
      vertex -76.533 4.51605 8.59999
      vertex -76.5012 5.60237 7.58288
      vertex -76.2423 4.63644 8.57907
    endloop
  endfacet
  facet normal 0.226256 -0.669268 -0.707735
    outer loop
      vertex -76.8369 4.43462 8.57984
      vertex -76.5012 5.60237 7.58288
      vertex -76.533 4.51605 8.59999
    endloop
  endfacet
  facet normal 0.226331 -0.669268 -0.70771
    outer loop
      vertex -77.1093 4.27732 8.64148
      vertex -76.5012 5.60237 7.58288
      vertex -76.8369 4.43462 8.57984
    endloop
  endfacet
  facet normal 0.226257 -0.66926 -0.707742
    outer loop
      vertex -76.5012 5.60237 7.58288
      vertex -77.1093 4.27732 8.64148
      vertex -77.4 4.15692 8.6624
    endloop
  endfacet
  facet normal 0.236302 -0.671473 -0.702343
    outer loop
      vertex -76.5012 5.60237 7.58288
      vertex -77.4 4.15692 8.6624
      vertex -77.9 5.02295 7.66621
    endloop
  endfacet
  facet normal 0.382694 -0.923875 0
    outer loop
      vertex -77.9 5.02295 7.66286
      vertex -76.5012 5.60237 7.58288
      vertex -77.9 5.02295 7.66621
    endloop
  endfacet
  facet normal 0.382694 -0.923875 0
    outer loop
      vertex -76.5012 5.60237 7.58288
      vertex -77.9 5.02295 7.66286
      vertex -76.5012 5.60237 7.57953
    endloop
  endfacet
  facet normal 0.313219 -0.633279 0.707708
    outer loop
      vertex -77.9 5.02295 7.66286
      vertex -76.533 4.51605 6.60426
      vertex -76.2423 4.63644 6.58333
    endloop
  endfacet
  facet normal 0.313278 -0.633217 0.707738
    outer loop
      vertex -77.9 5.02295 7.66286
      vertex -77.1093 4.27732 6.64574
      vertex -76.8369 4.43462 6.6659
    endloop
  endfacet
  facet normal 0.313231 -0.633252 0.707727
    outer loop
      vertex -77.1093 4.27732 6.64574
      vertex -77.9 5.02295 7.66286
      vertex -77.4 4.15692 6.66667
    endloop
  endfacet
  facet normal 0.31323 -0.633266 0.707715
    outer loop
      vertex -76.533 4.51605 6.60426
      vertex -77.9 5.02295 7.66286
      vertex -76.8369 4.43462 6.6659
    endloop
  endfacet
  facet normal -0.128892 -0.0344491 -0.99106
    outer loop
      vertex -76.2317 4.59678 8.57907
      vertex -76.2416 4.59412 8.58045
      vertex -76.2423 4.63644 8.57907
    endloop
  endfacet
  facet normal -0.0579318 -0.0334938 -0.997759
    outer loop
      vertex -76.2423 4.63644 8.57907
      vertex -76.2416 4.59412 8.58045
      vertex -76.533 4.51605 8.59999
    endloop
  endfacet
  facet normal -0.0579633 -0.0334153 -0.997759
    outer loop
      vertex -77.1093 4.27732 8.64148
      vertex -77.3795 4.12136 8.6624
      vertex -77.4 4.15692 8.6624
    endloop
  endfacet
  facet normal 0.115292 0.0664646 0.991106
    outer loop
      vertex -77.3795 4.12136 6.66667
      vertex -77.3706 4.1265 6.66529
      vertex -77.4 4.15692 6.66667
    endloop
  endfacet
  facet normal 0.064678 0.0172866 0.997756
    outer loop
      vertex -76.2317 4.59678 6.58333
      vertex -76.2423 4.63644 6.58333
      vertex -76.533 4.51605 6.60426
    endloop
  endfacet
  facet normal 0.0646895 0.0172574 0.997756
    outer loop
      vertex -77.3706 4.1265 6.66529
      vertex -77.1093 4.27732 6.64574
      vertex -77.4 4.15692 6.66667
    endloop
  endfacet
  facet normal 0.463373 -0.540372 0.702341
    outer loop
      vertex -77.4 4.15692 6.66667
      vertex -77.9 5.02295 7.66286
      vertex -79.1012 4.10122 7.74619
    endloop
  endfacet
  facet normal 0.402043 -0.587439 -0.702337
    outer loop
      vertex -77.9 5.02295 7.66621
      vertex -78.3941 3.39411 8.74574
      vertex -79.1012 4.10122 7.74954
    endloop
  endfacet
  facet normal 0.391764 -0.587913 -0.707728
    outer loop
      vertex -77.6496 3.9654 8.68333
      vertex -77.9 5.02295 7.66621
      vertex -77.4 4.15692 8.6624
    endloop
  endfacet
  facet normal 0.391737 -0.587924 -0.707734
    outer loop
      vertex -77.9221 3.8081 8.66317
      vertex -77.9 5.02295 7.66621
      vertex -77.6496 3.9654 8.68333
    endloop
  endfacet
  facet normal 0.391897 -0.587883 -0.70768
    outer loop
      vertex -78.1445 3.58563 8.72482
      vertex -77.9 5.02295 7.66621
      vertex -77.9221 3.8081 8.66317
    endloop
  endfacet
  facet normal 0.391782 -0.5879 -0.707729
    outer loop
      vertex -77.9 5.02295 7.66621
      vertex -78.1445 3.58563 8.72482
      vertex -78.3941 3.39411 8.74574
    endloop
  endfacet
  facet normal 0.608768 -0.793348 0
    outer loop
      vertex -79.1012 4.10122 7.74619
      vertex -77.9 5.02295 7.66621
      vertex -79.1012 4.10122 7.74954
    endloop
  endfacet
  facet normal 0.608768 -0.793348 0
    outer loop
      vertex -77.9 5.02295 7.66621
      vertex -79.1012 4.10122 7.74619
      vertex -77.9 5.02295 7.66286
    endloop
  endfacet
  facet normal 0.466463 -0.530617 0.707714
    outer loop
      vertex -79.1012 4.10122 7.74619
      vertex -77.6496 3.9654 6.68759
      vertex -77.4 4.15692 6.66667
    endloop
  endfacet
  facet normal 0.466528 -0.530516 0.707746
    outer loop
      vertex -79.1012 4.10122 7.74619
      vertex -78.1445 3.58563 6.72908
      vertex -77.9221 3.8081 6.74924
    endloop
  endfacet
  facet normal 0.466456 -0.530607 0.707725
    outer loop
      vertex -78.1445 3.58563 6.72908
      vertex -79.1012 4.10122 7.74619
      vertex -78.3941 3.39411 6.75
    endloop
  endfacet
  facet normal 0.466437 -0.530676 0.707686
    outer loop
      vertex -77.6496 3.9654 6.68759
      vertex -79.1012 4.10122 7.74619
      vertex -77.9221 3.8081 6.74924
    endloop
  endfacet
  facet normal -0.0473397 -0.0472908 -0.997759
    outer loop
      vertex -78.1445 3.58563 8.72482
      vertex -78.3651 3.36508 8.74574
      vertex -78.3941 3.39411 8.74574
    endloop
  endfacet
  facet normal -0.0473521 -0.0473265 -0.997756
    outer loop
      vertex -77.4 4.15692 8.6624
      vertex -77.3884 4.11622 8.66378
      vertex -77.6496 3.9654 8.68333
    endloop
  endfacet
  facet normal -0.115292 -0.0664646 -0.991106
    outer loop
      vertex -77.3795 4.12136 8.6624
      vertex -77.3884 4.11622 8.66378
      vertex -77.4 4.15692 8.6624
    endloop
  endfacet
  facet normal 0.0939885 0.0938914 0.991136
    outer loop
      vertex -78.3651 3.36508 6.75
      vertex -78.3578 3.37234 6.74862
      vertex -78.3941 3.39411 6.75
    endloop
  endfacet
  facet normal 0.0579779 0.0334264 0.997758
    outer loop
      vertex -78.3578 3.37234 6.74862
      vertex -78.1445 3.58563 6.72908
      vertex -78.3941 3.39411 6.75
    endloop
  endfacet
  facet normal 0.0579793 0.0334245 0.997758
    outer loop
      vertex -77.3795 4.12136 6.66667
      vertex -77.4 4.15692 6.66667
      vertex -77.6496 3.9654 6.68759
    endloop
  endfacet
  facet normal 0.58745 -0.402025 0.702338
    outer loop
      vertex -78.3941 3.39411 6.75
      vertex -79.1012 4.10122 7.74619
      vertex -80.0229 2.9 7.82953
    endloop
  endfacet
  facet normal 0.530558 -0.466496 -0.707736
    outer loop
      vertex -79.1012 4.10122 7.74954
      vertex -78.5856 3.14452 8.76666
      vertex -78.8081 2.92205 8.7465
    endloop
  endfacet
  facet normal 0.530623 -0.466444 -0.707721
    outer loop
      vertex -78.5856 3.14452 8.76666
      vertex -79.1012 4.10122 7.74954
      vertex -78.3941 3.39411 8.74574
    endloop
  endfacet
  facet normal 0.530602 -0.466471 -0.707719
    outer loop
      vertex -78.9654 2.64959 8.80815
      vertex -79.1012 4.10122 7.74954
      vertex -78.8081 2.92205 8.7465
    endloop
  endfacet
  facet normal 0.530639 -0.466455 -0.707702
    outer loop
      vertex -79.1012 4.10122 7.74954
      vertex -78.9654 2.64959 8.80815
      vertex -79.1569 2.4 8.82907
    endloop
  endfacet
  facet normal 0.540386 -0.463368 -0.702334
    outer loop
      vertex -79.1012 4.10122 7.74954
      vertex -79.1569 2.4 8.82907
      vertex -80.0229 2.9 7.83288
    endloop
  endfacet
  facet normal 0.793362 -0.60875 0
    outer loop
      vertex -80.0229 2.9 7.82953
      vertex -79.1012 4.10122 7.74954
      vertex -80.0229 2.9 7.83288
    endloop
  endfacet
  facet normal 0.793362 -0.60875 0
    outer loop
      vertex -79.1012 4.10122 7.74954
      vertex -80.0229 2.9 7.82953
      vertex -79.1012 4.10122 7.74619
    endloop
  endfacet
  facet normal 0.587911 -0.39176 0.707732
    outer loop
      vertex -80.0229 2.9 7.82953
      vertex -78.5856 3.14452 6.77092
      vertex -78.3941 3.39411 6.75
    endloop
  endfacet
  facet normal 0.587916 -0.391788 0.707713
    outer loop
      vertex -80.0229 2.9 7.82953
      vertex -78.9654 2.64959 6.81241
      vertex -78.8081 2.92205 6.83257
    endloop
  endfacet
  facet normal 0.587923 -0.39177 0.707716
    outer loop
      vertex -78.9654 2.64959 6.81241
      vertex -80.0229 2.9 7.82953
      vertex -79.1569 2.4 6.83333
    endloop
  endfacet
  facet normal 0.587896 -0.391864 0.707687
    outer loop
      vertex -78.5856 3.14452 6.77092
      vertex -80.0229 2.9 7.82953
      vertex -78.8081 2.92205 6.83257
    endloop
  endfacet
  facet normal -0.0334098 -0.0579956 -0.997758
    outer loop
      vertex -78.3941 3.39411 8.74574
      vertex -78.3723 3.35781 8.74712
      vertex -78.5856 3.14452 8.76666
    endloop
  endfacet
  facet normal -0.0334996 -0.0579267 -0.997759
    outer loop
      vertex -78.9654 2.64959 8.80815
      vertex -79.1214 2.37947 8.82907
      vertex -79.1569 2.4 8.82907
    endloop
  endfacet
  facet normal -0.0945631 -0.0944653 -0.991027
    outer loop
      vertex -78.3651 3.36508 8.74574
      vertex -78.3723 3.35781 8.74712
      vertex -78.3941 3.39411 8.74574
    endloop
  endfacet
  facet normal 0.0664312 0.114871 0.991157
    outer loop
      vertex -79.1214 2.37947 6.83333
      vertex -79.1162 2.38837 6.83195
      vertex -79.1569 2.4 6.83333
    endloop
  endfacet
  facet normal 0.0473493 0.0473004 0.997758
    outer loop
      vertex -78.3651 3.36508 6.75
      vertex -78.3941 3.39411 6.75
      vertex -78.5856 3.14452 6.77092
    endloop
  endfacet
  facet normal 0.0473471 0.047302 0.997758
    outer loop
      vertex -79.1162 2.38837 6.83195
      vertex -78.9654 2.64959 6.81241
      vertex -79.1569 2.4 6.83333
    endloop
  endfacet
  facet normal 0.671474 -0.236333 0.702332
    outer loop
      vertex -79.1569 2.4 6.83333
      vertex -80.0229 2.9 7.82953
      vertex -80.6024 1.50115 7.91286
    endloop
  endfacet
  facet normal 0.641859 -0.307742 -0.702362
    outer loop
      vertex -80.0229 2.9 7.83288
      vertex -79.6364 1.24233 8.9124
      vertex -80.6024 1.50115 7.91621
    endloop
  endfacet
  facet normal 0.633249 -0.313255 -0.70772
    outer loop
      vertex -80.0229 2.9 7.83288
      vertex -79.2773 2.10934 8.84999
      vertex -79.4346 1.83688 8.82984
    endloop
  endfacet
  facet normal 0.633243 -0.313246 -0.707729
    outer loop
      vertex -80.0229 2.9 7.83288
      vertex -79.516 1.53299 8.89148
      vertex -79.6364 1.24233 8.9124
    endloop
  endfacet
  facet normal 0.633253 -0.31325 -0.707718
    outer loop
      vertex -79.2773 2.10934 8.84999
      vertex -80.0229 2.9 7.83288
      vertex -79.1569 2.4 8.82907
    endloop
  endfacet
  facet normal 0.633319 -0.313186 -0.707687
    outer loop
      vertex -79.516 1.53299 8.89148
      vertex -80.0229 2.9 7.83288
      vertex -79.4346 1.83688 8.82984
    endloop
  endfacet
  facet normal 0.923861 -0.382727 0
    outer loop
      vertex -80.6024 1.50115 7.91286
      vertex -80.0229 2.9 7.83288
      vertex -80.6024 1.50115 7.91621
    endloop
  endfacet
  facet normal 0.923861 -0.382727 0
    outer loop
      vertex -80.0229 2.9 7.83288
      vertex -80.6024 1.50115 7.91286
      vertex -80.0229 2.9 7.82953
    endloop
  endfacet
  facet normal 0.669255 -0.226261 0.707746
    outer loop
      vertex -80.6024 1.50115 7.91286
      vertex -79.2773 2.10934 6.85426
      vertex -79.1569 2.4 6.83333
    endloop
  endfacet
  facet normal 0.669255 -0.226219 0.707759
    outer loop
      vertex -80.6024 1.50115 7.91286
      vertex -79.516 1.53299 6.89574
      vertex -79.4346 1.83688 6.9159
    endloop
  endfacet
  facet normal 0.669249 -0.226259 0.707752
    outer loop
      vertex -79.516 1.53299 6.89574
      vertex -80.6024 1.50115 7.91286
      vertex -79.6364 1.24233 6.91667
    endloop
  endfacet
  facet normal 0.669255 -0.226266 0.707743
    outer loop
      vertex -79.2773 2.10934 6.85426
      vertex -80.6024 1.50115 7.91286
      vertex -79.4346 1.83688 6.9159
    endloop
  endfacet
  facet normal -0.017348 -0.0646267 -0.997759
    outer loop
      vertex -79.516 1.53299 8.89148
      vertex -79.5968 1.2317 8.9124
      vertex -79.6364 1.24233 8.9124
    endloop
  endfacet
  facet normal -0.0172935 -0.0646493 -0.997758
    outer loop
      vertex -79.1569 2.4 8.82907
      vertex -79.1265 2.37057 8.83045
      vertex -79.2773 2.10934 8.84999
    endloop
  endfacet
  facet normal -0.0667496 -0.115422 -0.991071
    outer loop
      vertex -79.1214 2.37947 8.82907
      vertex -79.1265 2.37057 8.83045
      vertex -79.1569 2.4 8.82907
    endloop
  endfacet
  facet normal 0.034459 0.12837 0.991127
    outer loop
      vertex -79.5968 1.2317 6.91667
      vertex -79.5941 1.24163 6.91529
      vertex -79.6364 1.24233 6.91667
    endloop
  endfacet
  facet normal 0.0335102 0.057966 0.997756
    outer loop
      vertex -79.5941 1.24163 6.91529
      vertex -79.516 1.53299 6.89574
      vertex -79.6364 1.24233 6.91667
    endloop
  endfacet
  facet normal 0.03352 0.057962 0.997756
    outer loop
      vertex -79.1214 2.37947 6.83333
      vertex -79.1569 2.4 6.83333
      vertex -79.2773 2.10934 6.85426
    endloop
  endfacet
  facet normal 0.709732 -0.0544348 0.702366
    outer loop
      vertex -79.6364 1.24233 6.91667
      vertex -80.6024 1.50115 7.91286
      vertex -80.8 0 7.99619
    endloop
  endfacet
  facet normal 0.692672 -0.138742 -0.707783
    outer loop
      vertex -80.6024 1.50115 7.91621
      vertex -79.7589 0.311914 8.97482
      vertex -79.8 0 8.99574
    endloop
  endfacet
  facet normal 0.692757 -0.138611 -0.707725
    outer loop
      vertex -80.6024 1.50115 7.91621
      vertex -79.6775 0.930416 8.93333
      vertex -79.7589 0.626525 8.91317
    endloop
  endfacet
  facet normal 0.692695 -0.138766 -0.707755
    outer loop
      vertex -79.6775 0.930416 8.93333
      vertex -80.6024 1.50115 7.91621
      vertex -79.6364 1.24233 8.9124
    endloop
  endfacet
  facet normal 0.692711 -0.138689 -0.707754
    outer loop
      vertex -79.7589 0.311914 8.97482
      vertex -80.6024 1.50115 7.91621
      vertex -79.7589 0.626525 8.91317
    endloop
  endfacet
  facet normal 0.699669 -0.131087 -0.702338
    outer loop
      vertex -80.6024 1.50115 7.91621
      vertex -79.8 0 8.99574
      vertex -80.8 0 7.99954
    endloop
  endfacet
  facet normal 0.991447 -0.130507 0
    outer loop
      vertex -80.8 0 7.99619
      vertex -80.6024 1.50115 7.91621
      vertex -80.8 0 7.99954
    endloop
  endfacet
  facet normal 0.991447 -0.130507 0
    outer loop
      vertex -80.6024 1.50115 7.91621
      vertex -80.8 0 7.99619
      vertex -80.6024 1.50115 7.91286
    endloop
  endfacet
  facet normal 0.705064 -0.0454399 0.707686
    outer loop
      vertex -80.8 0 7.99619
      vertex -79.6775 0.930416 6.93759
      vertex -79.6364 1.24233 6.91667
    endloop
  endfacet
  facet normal 0.705017 -0.0453513 0.707738
    outer loop
      vertex -80.8 0 7.99619
      vertex -79.7589 0.311914 6.97908
      vertex -79.7589 0.626525 6.99924
    endloop
  endfacet
  facet normal 0.705027 -0.0454325 0.707724
    outer loop
      vertex -79.7589 0.311914 6.97908
      vertex -80.8 0 7.99619
      vertex -79.8 0 7
    endloop
  endfacet
  facet normal 0.70499 -0.0452533 0.707772
    outer loop
      vertex -79.6775 0.930416 6.93759
      vertex -80.8 0 7.99619
      vertex -79.7589 0.626525 6.99924
    endloop
  endfacet
  facet normal -0.0345445 -0.128689 -0.991083
    outer loop
      vertex -79.5968 1.2317 8.9124
      vertex -79.5994 1.22177 8.91378
      vertex -79.6364 1.24233 8.9124
    endloop
  endfacet
  facet normal 0 -0.0669194 -0.997758
    outer loop
      vertex -79.7589 0.311914 8.97482
      vertex -79.7589 0 8.99574
      vertex -79.8 0 8.99574
    endloop
  endfacet
  facet normal 9.70864e-06 -0.0669525 -0.997756
    outer loop
      vertex -79.6364 1.24233 8.9124
      vertex -79.5994 1.22177 8.91378
      vertex -79.6775 0.930416 8.93333
    endloop
  endfacet
  facet normal 0 0.133073 0.991106
    outer loop
      vertex -79.7589 0 7
      vertex -79.7589 0.010278 6.99862
      vertex -79.8 0 7
    endloop
  endfacet
  facet normal 0.0173379 0.0646349 0.997758
    outer loop
      vertex -79.7589 0.010278 6.99862
      vertex -79.7589 0.311914 6.97908
      vertex -79.8 0 7
    endloop
  endfacet
  facet normal 0.0173498 0.0646333 0.997758
    outer loop
      vertex -79.5968 1.2317 6.91667
      vertex -79.6364 1.24233 6.91667
      vertex -79.6775 0.930416 6.93759
    endloop
  endfacet
  facet normal 0.699665 0.131091 0.702341
    outer loop
      vertex -80.6024 -1.50115 8.07953
      vertex -79.8 0 7
      vertex -80.8 0 7.99619
    endloop
  endfacet
  facet normal 0.709733 0.0544303 -0.702365
    outer loop
      vertex -79.6364 -1.24233 9.07907
      vertex -80.6024 -1.50115 8.08288
      vertex -80.8 0 7.99954
    endloop
  endfacet
  facet normal 0.705068 0.0454406 -0.707683
    outer loop
      vertex -80.8 0 7.99954
      vertex -79.6775 -0.930416 9.05815
      vertex -79.6364 -1.24233 9.07907
    endloop
  endfacet
  facet normal 0.705021 0.0453511 -0.707735
    outer loop
      vertex -80.8 0 7.99954
      vertex -79.7589 -0.311914 9.01666
      vertex -79.7589 -0.626525 8.9965
    endloop
  endfacet
  facet normal 0.705031 0.0454332 -0.70772
    outer loop
      vertex -79.7589 -0.311914 9.01666
      vertex -80.8 0 7.99954
      vertex -79.8 0 8.99574
    endloop
  endfacet
  facet normal 0.704994 0.0452552 -0.707768
    outer loop
      vertex -79.6775 -0.930416 9.05815
      vertex -80.8 0 7.99954
      vertex -79.7589 -0.626525 8.9965
    endloop
  endfacet
  facet normal 0.991447 0.130507 -0
    outer loop
      vertex -80.6024 -1.50115 8.07953
      vertex -80.8 0 7.99954
      vertex -80.6024 -1.50115 8.08288
    endloop
  endfacet
  facet normal 0.991447 0.130507 0
    outer loop
      vertex -80.8 0 7.99954
      vertex -80.6024 -1.50115 8.07953
      vertex -80.8 0 7.99619
    endloop
  endfacet
  facet normal 0.692672 0.138742 0.707783
    outer loop
      vertex -80.6024 -1.50115 8.07953
      vertex -79.7589 -0.311914 7.02092
      vertex -79.8 0 7
    endloop
  endfacet
  facet normal 0.692757 0.138611 0.707725
    outer loop
      vertex -80.6024 -1.50115 8.07953
      vertex -79.6775 -0.930416 7.06241
      vertex -79.7589 -0.626525 7.08257
    endloop
  endfacet
  facet normal 0.692704 0.138744 0.707751
    outer loop
      vertex -79.6775 -0.930416 7.06241
      vertex -80.6024 -1.50115 8.07953
      vertex -79.6364 -1.24233 7.08333
    endloop
  endfacet
  facet normal 0.692711 0.138689 0.707754
    outer loop
      vertex -79.7589 -0.311914 7.02092
      vertex -80.6024 -1.50115 8.07953
      vertex -79.7589 -0.626525 7.08257
    endloop
  endfacet
  facet normal 0.0173498 -0.0646333 -0.997758
    outer loop
      vertex -79.5968 -1.2317 9.07907
      vertex -79.6364 -1.24233 9.07907
      vertex -79.6775 -0.930416 9.05815
    endloop
  endfacet
  facet normal 0.0173379 -0.0646349 -0.997758
    outer loop
      vertex -79.7589 -0.010278 8.99712
      vertex -79.7589 -0.311914 9.01666
      vertex -79.8 0 8.99574
    endloop
  endfacet
  facet normal -0 -0.133073 -0.991106
    outer loop
      vertex -79.7589 0 8.99574
      vertex -79.7589 -0.010278 8.99712
      vertex -79.8 0 8.99574
    endloop
  endfacet
  facet normal -0.0345445 0.128689 0.991083
    outer loop
      vertex -79.5968 -1.2317 7.08333
      vertex -79.5994 -1.22177 7.08195
      vertex -79.6364 -1.24233 7.08333
    endloop
  endfacet
  facet normal 0 0.0669194 0.997758
    outer loop
      vertex -79.7589 -0.311914 7.02092
      vertex -79.7589 0 7
      vertex -79.8 0 7
    endloop
  endfacet
  facet normal 2.62711e-05 0.0669229 0.997758
    outer loop
      vertex -79.6364 -1.24233 7.08333
      vertex -79.5994 -1.22177 7.08195
      vertex -79.6775 -0.930416 7.06241
    endloop
  endfacet
  facet normal 0.641862 0.307743 0.702358
    outer loop
      vertex -80.0229 -2.9 8.16286
      vertex -79.6364 -1.24233 7.08333
      vertex -80.6024 -1.50115 8.07953
    endloop
  endfacet
  facet normal 0.669258 0.226288 -0.707734
    outer loop
      vertex -80.6024 -1.50115 8.08288
      vertex -79.2773 -2.10934 9.14148
      vertex -79.1569 -2.4 9.1624
    endloop
  endfacet
  facet normal 0.669255 0.226196 -0.707766
    outer loop
      vertex -80.6024 -1.50115 8.08288
      vertex -79.516 -1.53299 9.09999
      vertex -79.4346 -1.83688 9.07984
    endloop
  endfacet
  facet normal 0.669243 0.22628 -0.707751
    outer loop
      vertex -79.516 -1.53299 9.09999
      vertex -80.6024 -1.50115 8.08288
      vertex -79.6364 -1.24233 9.07907
    endloop
  endfacet
  facet normal 0.669255 0.226266 -0.707743
    outer loop
      vertex -79.2773 -2.10934 9.14148
      vertex -80.6024 -1.50115 8.08288
      vertex -79.4346 -1.83688 9.07984
    endloop
  endfacet
  facet normal 0.671471 0.236331 -0.702335
    outer loop
      vertex -79.1569 -2.4 9.1624
      vertex -80.0229 -2.9 8.16621
      vertex -80.6024 -1.50115 8.08288
    endloop
  endfacet
  facet normal 0.923861 0.382727 -0
    outer loop
      vertex -80.0229 -2.9 8.16286
      vertex -80.6024 -1.50115 8.08288
      vertex -80.0229 -2.9 8.16621
    endloop
  endfacet
  facet normal 0.923861 0.382727 0
    outer loop
      vertex -80.6024 -1.50115 8.08288
      vertex -80.0229 -2.9 8.16286
      vertex -80.6024 -1.50115 8.07953
    endloop
  endfacet
  facet normal 0.633265 0.313239 0.707712
    outer loop
      vertex -80.0229 -2.9 8.16286
      vertex -79.2773 -2.10934 7.14574
      vertex -79.4346 -1.83688 7.1659
    endloop
  endfacet
  facet normal 0.633222 0.313263 0.70774
    outer loop
      vertex -80.0229 -2.9 8.16286
      vertex -79.516 -1.53299 7.10426
      vertex -79.6364 -1.24233 7.08333
    endloop
  endfacet
  facet normal 0.633242 0.31327 0.707719
    outer loop
      vertex -79.2773 -2.10934 7.14574
      vertex -80.0229 -2.9 8.16286
      vertex -79.1569 -2.4 7.16667
    endloop
  endfacet
  facet normal 0.633319 0.313186 0.707687
    outer loop
      vertex -79.516 -1.53299 7.10426
      vertex -80.0229 -2.9 8.16286
      vertex -79.4346 -1.83688 7.1659
    endloop
  endfacet
  facet normal 0.034459 -0.12837 -0.991127
    outer loop
      vertex -79.5968 -1.2317 9.07907
      vertex -79.5941 -1.24163 9.08045
      vertex -79.6364 -1.24233 9.07907
    endloop
  endfacet
  facet normal 0.0335097 -0.0579321 -0.997758
    outer loop
      vertex -79.5941 -1.24163 9.08045
      vertex -79.516 -1.53299 9.09999
      vertex -79.6364 -1.24233 9.07907
    endloop
  endfacet
  facet normal 0.033504 -0.0579344 -0.997758
    outer loop
      vertex -79.1214 -2.37947 9.1624
      vertex -79.1569 -2.4 9.1624
      vertex -79.2773 -2.10934 9.14148
    endloop
  endfacet
  facet normal -0.0667496 0.115422 0.991071
    outer loop
      vertex -79.1214 -2.37947 7.16667
      vertex -79.1265 -2.37057 7.16529
      vertex -79.1569 -2.4 7.16667
    endloop
  endfacet
  facet normal -0.0173563 0.0646575 0.997757
    outer loop
      vertex -79.516 -1.53299 7.10426
      vertex -79.5968 -1.2317 7.08333
      vertex -79.6364 -1.24233 7.08333
    endloop
  endfacet
  facet normal -0.0173172 0.0646737 0.997756
    outer loop
      vertex -79.1569 -2.4 7.16667
      vertex -79.1265 -2.37057 7.16529
      vertex -79.2773 -2.10934 7.14574
    endloop
  endfacet
  facet normal 0.540389 0.463364 0.702335
    outer loop
      vertex -79.1012 -4.10122 8.24619
      vertex -79.1569 -2.4 7.16667
      vertex -80.0229 -2.9 8.16286
    endloop
  endfacet
  facet normal 0.58745 0.402031 -0.702335
    outer loop
      vertex -78.3941 -3.39411 9.24574
      vertex -79.1012 -4.10122 8.24954
      vertex -80.0229 -2.9 8.16621
    endloop
  endfacet
  facet normal 0.587911 0.39176 -0.707732
    outer loop
      vertex -80.0229 -2.9 8.16621
      vertex -78.5856 -3.14452 9.22482
      vertex -78.3941 -3.39411 9.24574
    endloop
  endfacet
  facet normal 0.587916 0.391788 -0.707713
    outer loop
      vertex -80.0229 -2.9 8.16621
      vertex -78.9654 -2.64959 9.18333
      vertex -78.8081 -2.92205 9.16317
    endloop
  endfacet
  facet normal 0.587933 0.391749 -0.70772
    outer loop
      vertex -78.9654 -2.64959 9.18333
      vertex -80.0229 -2.9 8.16621
      vertex -79.1569 -2.4 9.1624
    endloop
  endfacet
  facet normal 0.587896 0.391864 -0.707687
    outer loop
      vertex -78.5856 -3.14452 9.22482
      vertex -80.0229 -2.9 8.16621
      vertex -78.8081 -2.92205 9.16317
    endloop
  endfacet
  facet normal 0.793362 0.60875 -0
    outer loop
      vertex -79.1012 -4.10122 8.24619
      vertex -80.0229 -2.9 8.16621
      vertex -79.1012 -4.10122 8.24954
    endloop
  endfacet
  facet normal 0.793362 0.60875 0
    outer loop
      vertex -80.0229 -2.9 8.16621
      vertex -79.1012 -4.10122 8.24619
      vertex -80.0229 -2.9 8.16286
    endloop
  endfacet
  facet normal 0.530556 0.466493 0.707739
    outer loop
      vertex -79.1012 -4.10122 8.24619
      vertex -78.5856 -3.14452 7.22908
      vertex -78.8081 -2.92205 7.24924
    endloop
  endfacet
  facet normal 0.53062 0.466442 0.707724
    outer loop
      vertex -78.5856 -3.14452 7.22908
      vertex -79.1012 -4.10122 8.24619
      vertex -78.3941 -3.39411 7.25
    endloop
  endfacet
  facet normal 0.530598 0.466469 0.707723
    outer loop
      vertex -78.9654 -2.64959 7.18759
      vertex -79.1012 -4.10122 8.24619
      vertex -78.8081 -2.92205 7.24924
    endloop
  endfacet
  facet normal 0.530636 0.466453 0.707706
    outer loop
      vertex -79.1012 -4.10122 8.24619
      vertex -78.9654 -2.64959 7.18759
      vertex -79.1569 -2.4 7.16667
    endloop
  endfacet
  facet normal 0.0473564 -0.0473347 -0.997756
    outer loop
      vertex -79.1162 -2.38837 9.16378
      vertex -78.9654 -2.64959 9.18333
      vertex -79.1569 -2.4 9.1624
    endloop
  endfacet
  facet normal 0.0473493 -0.0473004 -0.997758
    outer loop
      vertex -78.3651 -3.36508 9.24574
      vertex -78.3941 -3.39411 9.24574
      vertex -78.5856 -3.14452 9.22482
    endloop
  endfacet
  facet normal 0.0664312 -0.114871 -0.991157
    outer loop
      vertex -79.1214 -2.37947 9.1624
      vertex -79.1162 -2.38837 9.16378
      vertex -79.1569 -2.4 9.1624
    endloop
  endfacet
  facet normal -0.0945631 0.0944653 0.991027
    outer loop
      vertex -78.3651 -3.36508 7.25
      vertex -78.3723 -3.35781 7.24862
      vertex -78.3941 -3.39411 7.25
    endloop
  endfacet
  facet normal -0.0334996 0.0579267 0.997759
    outer loop
      vertex -78.9654 -2.64959 7.18759
      vertex -79.1214 -2.37947 7.16667
      vertex -79.1569 -2.4 7.16667
    endloop
  endfacet
  facet normal -0.0334098 0.0579956 0.997758
    outer loop
      vertex -78.3941 -3.39411 7.25
      vertex -78.3723 -3.35781 7.24862
      vertex -78.5856 -3.14452 7.22908
    endloop
  endfacet
  facet normal 0.402037 0.587439 0.70234
    outer loop
      vertex -77.9 -5.02295 8.32953
      vertex -78.3941 -3.39411 7.25
      vertex -79.1012 -4.10122 8.24619
    endloop
  endfacet
  facet normal 0.466465 0.53062 -0.70771
    outer loop
      vertex -79.1012 -4.10122 8.24954
      vertex -77.6496 -3.9654 9.30815
      vertex -77.4 -4.15692 9.32907
    endloop
  endfacet
  facet normal 0.46653 0.530518 -0.707743
    outer loop
      vertex -79.1012 -4.10122 8.24954
      vertex -78.1445 -3.58563 9.26666
      vertex -77.9221 -3.8081 9.2465
    endloop
  endfacet
  facet normal 0.466458 0.53061 -0.707722
    outer loop
      vertex -78.1445 -3.58563 9.26666
      vertex -79.1012 -4.10122 8.24954
      vertex -78.3941 -3.39411 9.24574
    endloop
  endfacet
  facet normal 0.466439 0.53068 -0.707682
    outer loop
      vertex -77.6496 -3.9654 9.30815
      vertex -79.1012 -4.10122 8.24954
      vertex -77.9221 -3.8081 9.2465
    endloop
  endfacet
  facet normal 0.463377 0.54037 -0.702341
    outer loop
      vertex -77.4 -4.15692 9.32907
      vertex -77.9 -5.02295 8.33288
      vertex -79.1012 -4.10122 8.24954
    endloop
  endfacet
  facet normal 0.608768 0.793348 -0
    outer loop
      vertex -77.9 -5.02295 8.32953
      vertex -79.1012 -4.10122 8.24954
      vertex -77.9 -5.02295 8.33288
    endloop
  endfacet
  facet normal 0.608768 0.793348 0
    outer loop
      vertex -79.1012 -4.10122 8.24954
      vertex -77.9 -5.02295 8.32953
      vertex -79.1012 -4.10122 8.24619
    endloop
  endfacet
  facet normal 0.391786 0.587903 0.707724
    outer loop
      vertex -77.6496 -3.9654 7.31241
      vertex -77.9 -5.02295 8.32953
      vertex -77.4 -4.15692 7.33333
    endloop
  endfacet
  facet normal 0.391737 0.587924 0.707734
    outer loop
      vertex -77.9221 -3.8081 7.33257
      vertex -77.9 -5.02295 8.32953
      vertex -77.6496 -3.9654 7.31241
    endloop
  endfacet
  facet normal 0.391897 0.587883 0.70768
    outer loop
      vertex -78.1445 -3.58563 7.27092
      vertex -77.9 -5.02295 8.32953
      vertex -77.9221 -3.8081 7.33257
    endloop
  endfacet
  facet normal 0.391782 0.5879 0.707729
    outer loop
      vertex -77.9 -5.02295 8.32953
      vertex -78.1445 -3.58563 7.27092
      vertex -78.3941 -3.39411 7.25
    endloop
  endfacet
  facet normal 0.0579793 -0.0334245 -0.997758
    outer loop
      vertex -77.3795 -4.12136 9.32907
      vertex -77.4 -4.15692 9.32907
      vertex -77.6496 -3.9654 9.30815
    endloop
  endfacet
  facet normal 0.0579779 -0.0334264 -0.997758
    outer loop
      vertex -78.3578 -3.37234 9.24712
      vertex -78.1445 -3.58563 9.26666
      vertex -78.3941 -3.39411 9.24574
    endloop
  endfacet
  facet normal 0.0939885 -0.0938914 -0.991136
    outer loop
      vertex -78.3651 -3.36508 9.24574
      vertex -78.3578 -3.37234 9.24712
      vertex -78.3941 -3.39411 9.24574
    endloop
  endfacet
  facet normal -0.115292 0.0664646 0.991106
    outer loop
      vertex -77.3795 -4.12136 7.33333
      vertex -77.3884 -4.11622 7.33195
      vertex -77.4 -4.15692 7.33333
    endloop
  endfacet
  facet normal -0.0473194 0.0473172 0.997758
    outer loop
      vertex -77.4 -4.15692 7.33333
      vertex -77.3884 -4.11622 7.33195
      vertex -77.6496 -3.9654 7.31241
    endloop
  endfacet
  facet normal -0.0473397 0.0472908 0.997759
    outer loop
      vertex -78.1445 -3.58563 7.27092
      vertex -78.3651 -3.36508 7.25
      vertex -78.3941 -3.39411 7.25
    endloop
  endfacet
  facet normal 0.236303 0.671476 0.702339
    outer loop
      vertex -76.5012 -5.60237 8.41286
      vertex -77.4 -4.15692 7.33333
      vertex -77.9 -5.02295 8.32953
    endloop
  endfacet
  facet normal 0.307723 0.641877 -0.702354
    outer loop
      vertex -76.2423 -4.63644 9.4124
      vertex -76.5012 -5.60237 8.41621
      vertex -77.9 -5.02295 8.33288
    endloop
  endfacet
  facet normal 0.313203 0.6333 -0.707697
    outer loop
      vertex -77.9 -5.02295 8.33288
      vertex -76.533 -4.51605 9.39148
      vertex -76.2423 -4.63644 9.4124
    endloop
  endfacet
  facet normal 0.313294 0.633201 -0.707746
    outer loop
      vertex -77.9 -5.02295 8.33288
      vertex -77.1093 -4.27732 9.34999
      vertex -76.8369 -4.43462 9.32984
    endloop
  endfacet
  facet normal 0.313211 0.633263 -0.707727
    outer loop
      vertex -77.1093 -4.27732 9.34999
      vertex -77.9 -5.02295 8.33288
      vertex -77.4 -4.15692 9.32907
    endloop
  endfacet
  facet normal 0.31323 0.633266 -0.707715
    outer loop
      vertex -76.533 -4.51605 9.39148
      vertex -77.9 -5.02295 8.33288
      vertex -76.8369 -4.43462 9.32984
    endloop
  endfacet
  facet normal 0.382694 0.923875 -0
    outer loop
      vertex -76.5012 -5.60237 8.41286
      vertex -77.9 -5.02295 8.33288
      vertex -76.5012 -5.60237 8.41621
    endloop
  endfacet
  facet normal 0.382694 0.923875 0
    outer loop
      vertex -77.9 -5.02295 8.33288
      vertex -76.5012 -5.60237 8.41286
      vertex -77.9 -5.02295 8.32953
    endloop
  endfacet
  facet normal 0.226217 0.669277 0.707739
    outer loop
      vertex -76.533 -4.51605 7.39574
      vertex -76.5012 -5.60237 8.41286
      vertex -76.2423 -4.63644 7.41667
    endloop
  endfacet
  facet normal 0.226279 0.669268 0.707727
    outer loop
      vertex -76.8369 -4.43462 7.4159
      vertex -76.5012 -5.60237 8.41286
      vertex -76.533 -4.51605 7.39574
    endloop
  endfacet
  facet normal 0.226331 0.669268 0.70771
    outer loop
      vertex -77.1093 -4.27732 7.35426
      vertex -76.5012 -5.60237 8.41286
      vertex -76.8369 -4.43462 7.4159
    endloop
  endfacet
  facet normal 0.226231 0.669257 0.707754
    outer loop
      vertex -76.5012 -5.60237 8.41286
      vertex -77.1093 -4.27732 7.35426
      vertex -77.4 -4.15692 7.33333
    endloop
  endfacet
  facet normal 0.0646652 -0.0172337 -0.997758
    outer loop
      vertex -77.3706 -4.1265 9.33045
      vertex -77.1093 -4.27732 9.34999
      vertex -77.4 -4.15692 9.32907
    endloop
  endfacet
  facet normal 0.0646473 -0.0172784 -0.997759
    outer loop
      vertex -76.2317 -4.59678 9.4124
      vertex -76.2423 -4.63644 9.4124
      vertex -76.533 -4.51605 9.39148
    endloop
  endfacet
  facet normal 0.115292 -0.0664646 -0.991106
    outer loop
      vertex -77.3795 -4.12136 9.32907
      vertex -77.3706 -4.1265 9.33045
      vertex -77.4 -4.15692 9.32907
    endloop
  endfacet
  facet normal -0.128892 0.0344491 0.99106
    outer loop
      vertex -76.2317 -4.59678 7.41667
      vertex -76.2416 -4.59412 7.41529
      vertex -76.2423 -4.63644 7.41667
    endloop
  endfacet
  facet normal -0.0579909 0.0334312 0.997757
    outer loop
      vertex -77.1093 -4.27732 7.35426
      vertex -77.3795 -4.12136 7.33333
      vertex -77.4 -4.15692 7.33333
    endloop
  endfacet
  facet normal -0.0579658 0.0334943 0.997757
    outer loop
      vertex -76.2423 -4.63644 7.41667
      vertex -76.2416 -4.59412 7.41529
      vertex -76.533 -4.51605 7.39574
    endloop
  endfacet
  facet normal 0.0544511 0.709752 0.702344
    outer loop
      vertex -75 -5.8 8.49619
      vertex -76.2423 -4.63644 7.41667
      vertex -76.5012 -5.60237 8.41286
    endloop
  endfacet
  facet normal 0.138686 0.692731 -0.707736
    outer loop
      vertex -76.5012 -5.60237 8.41621
      vertex -75.3119 -4.75893 9.47482
      vertex -75 -4.8 9.49574
    endloop
  endfacet
  facet normal 0.138651 0.692751 -0.707723
    outer loop
      vertex -76.5012 -5.60237 8.41621
      vertex -75.9304 -4.67751 9.43333
      vertex -75.6265 -4.75893 9.41317
    endloop
  endfacet
  facet normal 0.138709 0.692728 -0.707735
    outer loop
      vertex -75.9304 -4.67751 9.43333
      vertex -76.5012 -5.60237 8.41621
      vertex -76.2423 -4.63644 9.4124
    endloop
  endfacet
  facet normal 0.138691 0.692728 -0.707738
    outer loop
      vertex -75.3119 -4.75893 9.47482
      vertex -76.5012 -5.60237 8.41621
      vertex -75.6265 -4.75893 9.41317
    endloop
  endfacet
  facet normal 0.131096 0.699669 -0.702337
    outer loop
      vertex -75 -4.8 9.49574
      vertex -75 -5.8 8.49954
      vertex -76.5012 -5.60237 8.41621
    endloop
  endfacet
  facet normal 0.130522 0.991445 -0
    outer loop
      vertex -75 -5.8 8.49619
      vertex -76.5012 -5.60237 8.41621
      vertex -75 -5.8 8.49954
    endloop
  endfacet
  facet normal 0.130522 0.991445 0
    outer loop
      vertex -76.5012 -5.60237 8.41621
      vertex -75 -5.8 8.49619
      vertex -76.5012 -5.60237 8.41286
    endloop
  endfacet
  facet normal 0.0453669 0.705029 0.707726
    outer loop
      vertex -75.3119 -4.75893 7.47908
      vertex -75 -5.8 8.49619
      vertex -75 -4.8 7.5
    endloop
  endfacet
  facet normal 0.0453522 0.705027 0.707728
    outer loop
      vertex -75.6265 -4.75893 7.49924
      vertex -75 -5.8 8.49619
      vertex -75.3119 -4.75893 7.47908
    endloop
  endfacet
  facet normal 0.0453113 0.705016 0.707742
    outer loop
      vertex -75.9304 -4.67751 7.43759
      vertex -75 -5.8 8.49619
      vertex -75.6265 -4.75893 7.49924
    endloop
  endfacet
  facet normal 0.0453688 0.705039 0.707716
    outer loop
      vertex -75 -5.8 8.49619
      vertex -75.9304 -4.67751 7.43759
      vertex -76.2423 -4.63644 7.41667
    endloop
  endfacet
  facet normal 0.128892 -0.0344491 -0.99106
    outer loop
      vertex -76.2317 -4.59678 9.4124
      vertex -76.2218 -4.59944 9.41378
      vertex -76.2423 -4.63644 9.4124
    endloop
  endfacet
  facet normal 0.0669686 0.000109346 -0.997755
    outer loop
      vertex -76.2218 -4.59944 9.41378
      vertex -75.9304 -4.67751 9.43333
      vertex -76.2423 -4.63644 9.4124
    endloop
  endfacet
  facet normal 0.0669224 0 -0.997758
    outer loop
      vertex -75 -4.75893 9.49574
      vertex -75 -4.8 9.49574
      vertex -75.3119 -4.75893 9.47482
    endloop
  endfacet
  facet normal -0.132794 0 0.991144
    outer loop
      vertex -75 -4.8 7.5
      vertex -75 -4.75893 7.5
      vertex -75.0103 -4.75893 7.49862
    endloop
  endfacet
  facet normal -0.0646473 0.0172784 0.997759
    outer loop
      vertex -75.9304 -4.67751 7.43759
      vertex -76.2317 -4.59678 7.41667
      vertex -76.2423 -4.63644 7.41667
    endloop
  endfacet
  facet normal -0.0646426 0.017314 0.997758
    outer loop
      vertex -75 -4.8 7.5
      vertex -75.0103 -4.75893 7.49862
      vertex -75.3119 -4.75893 7.47908
    endloop
  endfacet
  facet normal 0.1311 -0.699665 0.702341
    outer loop
      vertex -75 4.8 8.5
      vertex -75 5.8 9.49619
      vertex -76.5012 5.60237 9.57953
    endloop
  endfacet
  facet normal 0.0544485 -0.709763 -0.702333
    outer loop
      vertex -75 5.8 9.49954
      vertex -76.2423 4.63644 10.5791
      vertex -76.5012 5.60237 9.58288
    endloop
  endfacet
  facet normal 0.0451836 -0.705024 -0.707742
    outer loop
      vertex -75.3119 4.75893 10.5167
      vertex -75 5.8 9.49954
      vertex -75 4.8 10.4957
    endloop
  endfacet
  facet normal 0.0454401 -0.705055 -0.707695
    outer loop
      vertex -75.6265 4.75893 10.4965
      vertex -75 5.8 9.49954
      vertex -75.3119 4.75893 10.5167
    endloop
  endfacet
  facet normal 0.0454491 -0.705058 -0.707692
    outer loop
      vertex -75.9304 4.67751 10.5581
      vertex -75 5.8 9.49954
      vertex -75.6265 4.75893 10.4965
    endloop
  endfacet
  facet normal 0.045168 -0.704946 -0.707821
    outer loop
      vertex -75 5.8 9.49954
      vertex -75.9304 4.67751 10.5581
      vertex -76.2423 4.63644 10.5791
    endloop
  endfacet
  facet normal 0.130522 -0.991445 0
    outer loop
      vertex -76.5012 5.60237 9.57953
      vertex -75 5.8 9.49954
      vertex -76.5012 5.60237 9.58288
    endloop
  endfacet
  facet normal 0.130522 -0.991445 0
    outer loop
      vertex -75 5.8 9.49954
      vertex -76.5012 5.60237 9.57953
      vertex -75 5.8 9.49619
    endloop
  endfacet
  facet normal 0.138686 -0.692731 0.707736
    outer loop
      vertex -76.5012 5.60237 9.57953
      vertex -75.3119 4.75893 8.52092
      vertex -75 4.8 8.5
    endloop
  endfacet
  facet normal 0.138651 -0.692751 0.707723
    outer loop
      vertex -76.5012 5.60237 9.57953
      vertex -75.9304 4.67751 8.56241
      vertex -75.6265 4.75893 8.58257
    endloop
  endfacet
  facet normal 0.138687 -0.692736 0.70773
    outer loop
      vertex -75.9304 4.67751 8.56241
      vertex -76.5012 5.60237 9.57953
      vertex -76.2423 4.63644 8.58333
    endloop
  endfacet
  facet normal 0.138691 -0.692728 0.707738
    outer loop
      vertex -75.3119 4.75893 8.52092
      vertex -76.5012 5.60237 9.57953
      vertex -75.6265 4.75893 8.58257
    endloop
  endfacet
  facet normal -0.0648934 -0.0173442 -0.997741
    outer loop
      vertex -75.9304 4.67751 10.5581
      vertex -76.2317 4.59678 10.5791
      vertex -76.2423 4.63644 10.5791
    endloop
  endfacet
  facet normal -0.0648397 -0.0177498 -0.997738
    outer loop
      vertex -75 4.8 10.4957
      vertex -75.0103 4.75893 10.4971
      vertex -75.3119 4.75893 10.5167
    endloop
  endfacet
  facet normal -0.134684 -0 -0.990889
    outer loop
      vertex -75 4.8 10.4957
      vertex -75 4.75893 10.4957
      vertex -75.0103 4.75893 10.4971
    endloop
  endfacet
  facet normal 0.128892 0.0344491 0.99106
    outer loop
      vertex -76.2317 4.59678 8.58333
      vertex -76.2218 4.59944 8.58195
      vertex -76.2423 4.63644 8.58333
    endloop
  endfacet
  facet normal 0.0669224 -0 0.997758
    outer loop
      vertex -75 4.75893 8.5
      vertex -75 4.8 8.5
      vertex -75.3119 4.75893 8.52092
    endloop
  endfacet
  facet normal 0.0669389 -0.000125866 0.997757
    outer loop
      vertex -76.2218 4.59944 8.58195
      vertex -75.9304 4.67751 8.56241
      vertex -76.2423 4.63644 8.58333
    endloop
  endfacet
  facet normal 0.307724 -0.64188 0.70235
    outer loop
      vertex -76.2423 4.63644 8.58333
      vertex -76.5012 5.60237 9.57953
      vertex -77.9 5.02295 9.66286
    endloop
  endfacet
  facet normal 0.226287 -0.669267 -0.707726
    outer loop
      vertex -76.533 4.51605 10.6
      vertex -76.5012 5.60237 9.58288
      vertex -76.2423 4.63644 10.5791
    endloop
  endfacet
  facet normal 0.226368 -0.669255 -0.707711
    outer loop
      vertex -76.8369 4.43462 10.5798
      vertex -76.5012 5.60237 9.58288
      vertex -76.533 4.51605 10.6
    endloop
  endfacet
  facet normal 0.226151 -0.669254 -0.707782
    outer loop
      vertex -77.1093 4.27732 10.6415
      vertex -76.5012 5.60237 9.58288
      vertex -76.8369 4.43462 10.5798
    endloop
  endfacet
  facet normal 0.226313 -0.669272 -0.707712
    outer loop
      vertex -76.5012 5.60237 9.58288
      vertex -77.1093 4.27732 10.6415
      vertex -77.4 4.15692 10.6624
    endloop
  endfacet
  facet normal 0.236302 -0.671473 -0.702343
    outer loop
      vertex -76.5012 5.60237 9.58288
      vertex -77.4 4.15692 10.6624
      vertex -77.9 5.02295 9.66621
    endloop
  endfacet
  facet normal 0.382694 -0.923875 0
    outer loop
      vertex -77.9 5.02295 9.66286
      vertex -76.5012 5.60237 9.58288
      vertex -77.9 5.02295 9.66621
    endloop
  endfacet
  facet normal 0.382694 -0.923875 0
    outer loop
      vertex -76.5012 5.60237 9.58288
      vertex -77.9 5.02295 9.66286
      vertex -76.5012 5.60237 9.57953
    endloop
  endfacet
  facet normal 0.313219 -0.633279 0.707708
    outer loop
      vertex -77.9 5.02295 9.66286
      vertex -76.533 4.51605 8.60426
      vertex -76.2423 4.63644 8.58333
    endloop
  endfacet
  facet normal 0.313278 -0.633217 0.707738
    outer loop
      vertex -77.9 5.02295 9.66286
      vertex -77.1093 4.27732 8.64574
      vertex -76.8369 4.43462 8.6659
    endloop
  endfacet
  facet normal 0.313231 -0.633252 0.707727
    outer loop
      vertex -77.1093 4.27732 8.64574
      vertex -77.9 5.02295 9.66286
      vertex -77.4 4.15692 8.66667
    endloop
  endfacet
  facet normal 0.31323 -0.633266 0.707715
    outer loop
      vertex -76.533 4.51605 8.60426
      vertex -77.9 5.02295 9.66286
      vertex -76.8369 4.43462 8.6659
    endloop
  endfacet
  facet normal -0.130726 -0.0349393 -0.990803
    outer loop
      vertex -76.2317 4.59678 10.5791
      vertex -76.2416 4.59412 10.5805
      vertex -76.2423 4.63644 10.5791
    endloop
  endfacet
  facet normal -0.0576697 -0.033961 -0.997758
    outer loop
      vertex -76.2423 4.63644 10.5791
      vertex -76.2416 4.59412 10.5805
      vertex -76.533 4.51605 10.6
    endloop
  endfacet
  facet normal -0.0579081 -0.0333835 -0.997764
    outer loop
      vertex -77.1093 4.27732 10.6415
      vertex -77.3795 4.12136 10.6624
      vertex -77.4 4.15692 10.6624
    endloop
  endfacet
  facet normal 0.115292 0.0664646 0.991106
    outer loop
      vertex -77.3795 4.12136 8.66667
      vertex -77.3706 4.1265 8.66529
      vertex -77.4 4.15692 8.66667
    endloop
  endfacet
  facet normal 0.064678 0.0172866 0.997756
    outer loop
      vertex -76.2317 4.59678 8.58333
      vertex -76.2423 4.63644 8.58333
      vertex -76.533 4.51605 8.60426
    endloop
  endfacet
  facet normal 0.0646895 0.0172574 0.997756
    outer loop
      vertex -77.3706 4.1265 8.66529
      vertex -77.1093 4.27732 8.64574
      vertex -77.4 4.15692 8.66667
    endloop
  endfacet
  facet normal 0.463373 -0.540372 0.702341
    outer loop
      vertex -77.4 4.15692 8.66667
      vertex -77.9 5.02295 9.66286
      vertex -79.1012 4.10122 9.74619
    endloop
  endfacet
  facet normal 0.402034 -0.587428 -0.702351
    outer loop
      vertex -77.9 5.02295 9.66621
      vertex -78.3941 3.39411 10.7457
      vertex -79.1012 4.10122 9.74954
    endloop
  endfacet
  facet normal 0.391822 -0.587877 -0.707726
    outer loop
      vertex -77.6496 3.9654 10.6833
      vertex -77.9 5.02295 9.66621
      vertex -77.4 4.15692 10.6624
    endloop
  endfacet
  facet normal 0.391609 -0.587968 -0.707768
    outer loop
      vertex -77.9221 3.8081 10.6632
      vertex -77.9 5.02295 9.66621
      vertex -77.6496 3.9654 10.6833
    endloop
  endfacet
  facet normal 0.392044 -0.587855 -0.707621
    outer loop
      vertex -78.1445 3.58563 10.7248
      vertex -77.9 5.02295 9.66621
      vertex -77.9221 3.8081 10.6632
    endloop
  endfacet
  facet normal 0.39183 -0.587887 -0.707714
    outer loop
      vertex -77.9 5.02295 9.66621
      vertex -78.1445 3.58563 10.7248
      vertex -78.3941 3.39411 10.7457
    endloop
  endfacet
  facet normal 0.608768 -0.793348 0
    outer loop
      vertex -79.1012 4.10122 9.74619
      vertex -77.9 5.02295 9.66621
      vertex -79.1012 4.10122 9.74954
    endloop
  endfacet
  facet normal 0.608768 -0.793348 0
    outer loop
      vertex -77.9 5.02295 9.66621
      vertex -79.1012 4.10122 9.74619
      vertex -77.9 5.02295 9.66286
    endloop
  endfacet
  facet normal 0.466463 -0.530617 0.707714
    outer loop
      vertex -79.1012 4.10122 9.74619
      vertex -77.6496 3.9654 8.68759
      vertex -77.4 4.15692 8.66667
    endloop
  endfacet
  facet normal 0.466528 -0.530516 0.707746
    outer loop
      vertex -79.1012 4.10122 9.74619
      vertex -78.1445 3.58563 8.72908
      vertex -77.9221 3.8081 8.74924
    endloop
  endfacet
  facet normal 0.466456 -0.530607 0.707725
    outer loop
      vertex -78.1445 3.58563 8.72908
      vertex -79.1012 4.10122 9.74619
      vertex -78.3941 3.39411 8.75
    endloop
  endfacet
  facet normal 0.466437 -0.530676 0.707686
    outer loop
      vertex -77.6496 3.9654 8.68759
      vertex -79.1012 4.10122 9.74619
      vertex -77.9221 3.8081 8.74924
    endloop
  endfacet
  facet normal -0.0472946 -0.0472458 -0.997763
    outer loop
      vertex -78.1445 3.58563 10.7248
      vertex -78.3651 3.36508 10.7457
      vertex -78.3941 3.39411 10.7457
    endloop
  endfacet
  facet normal -0.046945 -0.0477008 -0.997758
    outer loop
      vertex -77.4 4.15692 10.6624
      vertex -77.3884 4.11622 10.6638
      vertex -77.6496 3.9654 10.6833
    endloop
  endfacet
  facet normal -0.116933 -0.0674105 -0.990849
    outer loop
      vertex -77.3795 4.12136 10.6624
      vertex -77.3884 4.11622 10.6638
      vertex -77.4 4.15692 10.6624
    endloop
  endfacet
  facet normal 0.0939885 0.0938914 0.991136
    outer loop
      vertex -78.3651 3.36508 8.75
      vertex -78.3578 3.37234 8.74862
      vertex -78.3941 3.39411 8.75
    endloop
  endfacet
  facet normal 0.0579779 0.0334264 0.997758
    outer loop
      vertex -78.3578 3.37234 8.74862
      vertex -78.1445 3.58563 8.72908
      vertex -78.3941 3.39411 8.75
    endloop
  endfacet
  facet normal 0.0579793 0.0334245 0.997758
    outer loop
      vertex -77.3795 4.12136 8.66667
      vertex -77.4 4.15692 8.66667
      vertex -77.6496 3.9654 8.68759
    endloop
  endfacet
  facet normal 0.58745 -0.402025 0.702338
    outer loop
      vertex -78.3941 3.39411 8.75
      vertex -79.1012 4.10122 9.74619
      vertex -80.0229 2.9 9.82953
    endloop
  endfacet
  facet normal 0.530638 -0.466451 -0.707706
    outer loop
      vertex -79.1012 4.10122 9.74954
      vertex -78.5856 3.14452 10.7667
      vertex -78.8081 2.92205 10.7465
    endloop
  endfacet
  facet normal 0.530487 -0.466569 -0.707741
    outer loop
      vertex -78.5856 3.14452 10.7667
      vertex -79.1012 4.10122 9.74954
      vertex -78.3941 3.39411 10.7457
    endloop
  endfacet
  facet normal 0.530725 -0.466401 -0.707673
    outer loop
      vertex -78.9654 2.64959 10.8081
      vertex -79.1012 4.10122 9.74954
      vertex -78.8081 2.92205 10.7465
    endloop
  endfacet
  facet normal 0.530428 -0.466529 -0.707811
    outer loop
      vertex -79.1012 4.10122 9.74954
      vertex -78.9654 2.64959 10.8081
      vertex -79.1569 2.4 10.8291
    endloop
  endfacet
  facet normal 0.540395 -0.463374 -0.702324
    outer loop
      vertex -79.1012 4.10122 9.74954
      vertex -79.1569 2.4 10.8291
      vertex -80.0229 2.9 9.83288
    endloop
  endfacet
  facet normal 0.793362 -0.60875 0
    outer loop
      vertex -80.0229 2.9 9.82953
      vertex -79.1012 4.10122 9.74954
      vertex -80.0229 2.9 9.83288
    endloop
  endfacet
  facet normal 0.793362 -0.60875 0
    outer loop
      vertex -79.1012 4.10122 9.74954
      vertex -80.0229 2.9 9.82953
      vertex -79.1012 4.10122 9.74619
    endloop
  endfacet
  facet normal 0.587911 -0.39176 0.707732
    outer loop
      vertex -80.0229 2.9 9.82953
      vertex -78.5856 3.14452 8.77092
      vertex -78.3941 3.39411 8.75
    endloop
  endfacet
  facet normal 0.587916 -0.391788 0.707713
    outer loop
      vertex -80.0229 2.9 9.82953
      vertex -78.9654 2.64959 8.81241
      vertex -78.8081 2.92205 8.83257
    endloop
  endfacet
  facet normal 0.587923 -0.39177 0.707716
    outer loop
      vertex -78.9654 2.64959 8.81241
      vertex -80.0229 2.9 9.82953
      vertex -79.1569 2.4 8.83333
    endloop
  endfacet
  facet normal 0.587896 -0.391864 0.707687
    outer loop
      vertex -78.5856 3.14452 8.77092
      vertex -80.0229 2.9 9.82953
      vertex -78.8081 2.92205 8.83257
    endloop
  endfacet
  facet normal -0.033241 -0.0584431 -0.997737
    outer loop
      vertex -78.3941 3.39411 10.7457
      vertex -78.3723 3.35781 10.7471
      vertex -78.5856 3.14452 10.7667
    endloop
  endfacet
  facet normal -0.0336271 -0.0581473 -0.997742
    outer loop
      vertex -78.9654 2.64959 10.8081
      vertex -79.1214 2.37947 10.8291
      vertex -79.1569 2.4 10.8291
    endloop
  endfacet
  facet normal -0.0959085 -0.0958094 -0.990768
    outer loop
      vertex -78.3651 3.36508 10.7457
      vertex -78.3723 3.35781 10.7471
      vertex -78.3941 3.39411 10.7457
    endloop
  endfacet
  facet normal 0.0664312 0.114871 0.991157
    outer loop
      vertex -79.1214 2.37947 8.83333
      vertex -79.1162 2.38837 8.83195
      vertex -79.1569 2.4 8.83333
    endloop
  endfacet
  facet normal 0.0473493 0.0473004 0.997758
    outer loop
      vertex -78.3651 3.36508 8.75
      vertex -78.3941 3.39411 8.75
      vertex -78.5856 3.14452 8.77092
    endloop
  endfacet
  facet normal 0.0473471 0.047302 0.997758
    outer loop
      vertex -79.1162 2.38837 8.83195
      vertex -78.9654 2.64959 8.81241
      vertex -79.1569 2.4 8.83333
    endloop
  endfacet
  facet normal 0.671474 -0.236333 0.702332
    outer loop
      vertex -79.1569 2.4 8.83333
      vertex -80.0229 2.9 9.82953
      vertex -80.6024 1.50115 9.91286
    endloop
  endfacet
  facet normal 0.641859 -0.307742 -0.702362
    outer loop
      vertex -80.0229 2.9 9.83288
      vertex -79.6364 1.24233 10.9124
      vertex -80.6024 1.50115 9.91621
    endloop
  endfacet
  facet normal 0.633319 -0.313167 -0.707696
    outer loop
      vertex -80.0229 2.9 9.83288
      vertex -79.2773 2.10934 10.85
      vertex -79.4346 1.83688 10.8298
    endloop
  endfacet
  facet normal 0.633292 -0.313216 -0.707699
    outer loop
      vertex -80.0229 2.9 9.83288
      vertex -79.516 1.53299 10.8915
      vertex -79.6364 1.24233 10.9124
    endloop
  endfacet
  facet normal 0.633285 -0.313213 -0.707706
    outer loop
      vertex -79.2773 2.10934 10.85
      vertex -80.0229 2.9 9.83288
      vertex -79.1569 2.4 10.8291
    endloop
  endfacet
  facet normal 0.633181 -0.313303 -0.707759
    outer loop
      vertex -79.516 1.53299 10.8915
      vertex -80.0229 2.9 9.83288
      vertex -79.4346 1.83688 10.8298
    endloop
  endfacet
  facet normal 0.923861 -0.382727 0
    outer loop
      vertex -80.6024 1.50115 9.91286
      vertex -80.0229 2.9 9.83288
      vertex -80.6024 1.50115 9.91621
    endloop
  endfacet
  facet normal 0.923861 -0.382727 0
    outer loop
      vertex -80.0229 2.9 9.83288
      vertex -80.6024 1.50115 9.91286
      vertex -80.0229 2.9 9.82953
    endloop
  endfacet
  facet normal 0.669255 -0.226261 0.707746
    outer loop
      vertex -80.6024 1.50115 9.91286
      vertex -79.2773 2.10934 8.85426
      vertex -79.1569 2.4 8.83333
    endloop
  endfacet
  facet normal 0.669255 -0.226219 0.707759
    outer loop
      vertex -80.6024 1.50115 9.91286
      vertex -79.516 1.53299 8.89574
      vertex -79.4346 1.83688 8.9159
    endloop
  endfacet
  facet normal 0.669249 -0.226259 0.707752
    outer loop
      vertex -79.516 1.53299 8.89574
      vertex -80.6024 1.50115 9.91286
      vertex -79.6364 1.24233 8.91667
    endloop
  endfacet
  facet normal 0.669255 -0.226266 0.707743
    outer loop
      vertex -79.2773 2.10934 8.85426
      vertex -80.6024 1.50115 9.91286
      vertex -79.4346 1.83688 8.9159
    endloop
  endfacet
  facet normal -0.0167775 -0.0647943 -0.997758
    outer loop
      vertex -79.1569 2.4 10.8291
      vertex -79.1265 2.37057 10.8305
      vertex -79.2773 2.10934 10.85
    endloop
  endfacet
  facet normal -0.0173315 -0.0645652 -0.997763
    outer loop
      vertex -79.516 1.53299 10.8915
      vertex -79.5968 1.2317 10.9124
      vertex -79.6364 1.24233 10.9124
    endloop
  endfacet
  facet normal -0.0676995 -0.117064 -0.990814
    outer loop
      vertex -79.1214 2.37947 10.8291
      vertex -79.1265 2.37057 10.8305
      vertex -79.1569 2.4 10.8291
    endloop
  endfacet
  facet normal 0.034459 0.12837 0.991127
    outer loop
      vertex -79.5968 1.2317 8.91667
      vertex -79.5941 1.24163 8.91529
      vertex -79.6364 1.24233 8.91667
    endloop
  endfacet
  facet normal 0.03352 0.057962 0.997756
    outer loop
      vertex -79.1214 2.37947 8.83333
      vertex -79.1569 2.4 8.83333
      vertex -79.2773 2.10934 8.85426
    endloop
  endfacet
  facet normal 0.0335102 0.057966 0.997756
    outer loop
      vertex -79.5941 1.24163 8.91529
      vertex -79.516 1.53299 8.89574
      vertex -79.6364 1.24233 8.91667
    endloop
  endfacet
  facet normal 0.709732 -0.0544348 0.702366
    outer loop
      vertex -79.6364 1.24233 8.91667
      vertex -80.6024 1.50115 9.91286
      vertex -80.8 0 9.99619
    endloop
  endfacet
  facet normal 0.692696 -0.138699 -0.707767
    outer loop
      vertex -80.6024 1.50115 9.91621
      vertex -79.7589 0.311914 10.9748
      vertex -79.8 0 10.9957
    endloop
  endfacet
  facet normal 0.692697 -0.138733 -0.70776
    outer loop
      vertex -80.6024 1.50115 9.91621
      vertex -79.6775 0.930416 10.9333
      vertex -79.7589 0.626525 10.9132
    endloop
  endfacet
  facet normal 0.69271 -0.1387 -0.707753
    outer loop
      vertex -79.6775 0.930416 10.9333
      vertex -80.6024 1.50115 9.91621
      vertex -79.6364 1.24233 10.9124
    endloop
  endfacet
  facet normal 0.692796 -0.138565 -0.707696
    outer loop
      vertex -79.7589 0.311914 10.9748
      vertex -80.6024 1.50115 9.91621
      vertex -79.7589 0.626525 10.9132
    endloop
  endfacet
  facet normal 0.699655 -0.131085 -0.702352
    outer loop
      vertex -80.6024 1.50115 9.91621
      vertex -79.8 0 10.9957
      vertex -80.8 0 9.99954
    endloop
  endfacet
  facet normal 0.991447 -0.130507 0
    outer loop
      vertex -80.8 0 9.99619
      vertex -80.6024 1.50115 9.91621
      vertex -80.8 0 9.99954
    endloop
  endfacet
  facet normal 0.991447 -0.130507 0
    outer loop
      vertex -80.6024 1.50115 9.91621
      vertex -80.8 0 9.99619
      vertex -80.6024 1.50115 9.91286
    endloop
  endfacet
  facet normal 0.705064 -0.0454399 0.707686
    outer loop
      vertex -80.8 0 9.99619
      vertex -79.6775 0.930416 8.93759
      vertex -79.6364 1.24233 8.91667
    endloop
  endfacet
  facet normal 0.705017 -0.0453513 0.707738
    outer loop
      vertex -80.8 0 9.99619
      vertex -79.7589 0.311914 8.97908
      vertex -79.7589 0.626525 8.99924
    endloop
  endfacet
  facet normal 0.705027 -0.0454325 0.707724
    outer loop
      vertex -79.7589 0.311914 8.97908
      vertex -80.8 0 9.99619
      vertex -79.8 0 9
    endloop
  endfacet
  facet normal 0.70499 -0.0452533 0.707772
    outer loop
      vertex -79.6775 0.930416 8.93759
      vertex -80.8 0 9.99619
      vertex -79.7589 0.626525 8.99924
    endloop
  endfacet
  facet normal -0.035036 -0.13052 -0.990826
    outer loop
      vertex -79.5968 1.2317 10.9124
      vertex -79.5994 1.22177 10.9138
      vertex -79.6364 1.24233 10.9124
    endloop
  endfacet
  facet normal 0 -0.0668557 -0.997763
    outer loop
      vertex -79.7589 0.311914 10.9748
      vertex -79.7589 0 10.9957
      vertex -79.8 0 10.9957
    endloop
  endfacet
  facet normal 0.000561929 -0.0669294 -0.997758
    outer loop
      vertex -79.6364 1.24233 10.9124
      vertex -79.5994 1.22177 10.9138
      vertex -79.6775 0.930416 10.9333
    endloop
  endfacet
  facet normal 0 0.133073 0.991106
    outer loop
      vertex -79.7589 0 9
      vertex -79.7589 0.010278 8.99862
      vertex -79.8 0 9
    endloop
  endfacet
  facet normal 0.0173379 0.0646349 0.997758
    outer loop
      vertex -79.7589 0.010278 8.99862
      vertex -79.7589 0.311914 8.97908
      vertex -79.8 0 9
    endloop
  endfacet
  facet normal 0.0173498 0.0646333 0.997758
    outer loop
      vertex -79.5968 1.2317 8.91667
      vertex -79.6364 1.24233 8.91667
      vertex -79.6775 0.930416 8.93759
    endloop
  endfacet
  facet normal 0.699667 0.131077 0.702343
    outer loop
      vertex -80.6024 -1.50115 10.0795
      vertex -79.8 0 9
      vertex -80.8 0 9.99619
    endloop
  endfacet
  facet normal 0.709738 0.0544218 -0.702361
    outer loop
      vertex -79.6364 -1.24233 11.0791
      vertex -80.6024 -1.50115 10.0829
      vertex -80.8 0 9.99954
    endloop
  endfacet
  facet normal 0.704972 0.0452391 -0.707791
    outer loop
      vertex -80.8 0 9.99954
      vertex -79.6775 -0.930416 11.0581
      vertex -79.6364 -1.24233 11.0791
    endloop
  endfacet
  facet normal 0.705045 0.0454391 -0.707705
    outer loop
      vertex -80.8 0 9.99954
      vertex -79.7589 -0.311914 11.0167
      vertex -79.7589 -0.626525 10.9965
    endloop
  endfacet
  facet normal 0.705022 0.0452493 -0.70774
    outer loop
      vertex -79.7589 -0.311914 11.0167
      vertex -80.8 0 9.99954
      vertex -79.8 0 10.9957
    endloop
  endfacet
  facet normal 0.705032 0.0453911 -0.707721
    outer loop
      vertex -79.6775 -0.930416 11.0581
      vertex -80.8 0 9.99954
      vertex -79.7589 -0.626525 10.9965
    endloop
  endfacet
  facet normal 0.991447 0.130507 -0
    outer loop
      vertex -80.6024 -1.50115 10.0795
      vertex -80.8 0 9.99954
      vertex -80.6024 -1.50115 10.0829
    endloop
  endfacet
  facet normal 0.991447 0.130507 0
    outer loop
      vertex -80.8 0 9.99954
      vertex -80.6024 -1.50115 10.0795
      vertex -80.8 0 9.99619
    endloop
  endfacet
  facet normal 0.692661 0.138741 0.707793
    outer loop
      vertex -80.6024 -1.50115 10.0795
      vertex -79.7589 -0.311914 9.02092
      vertex -79.8 0 9
    endloop
  endfacet
  facet normal 0.692747 0.138608 0.707735
    outer loop
      vertex -80.6024 -1.50115 10.0795
      vertex -79.6775 -0.930416 9.06241
      vertex -79.7589 -0.626525 9.08257
    endloop
  endfacet
  facet normal 0.692693 0.138744 0.707762
    outer loop
      vertex -79.6775 -0.930416 9.06241
      vertex -80.6024 -1.50115 10.0795
      vertex -79.6364 -1.24233 9.08333
    endloop
  endfacet
  facet normal 0.692698 0.138691 0.707767
    outer loop
      vertex -79.7589 -0.311914 9.02092
      vertex -80.6024 -1.50115 10.0795
      vertex -79.7589 -0.626525 9.08257
    endloop
  endfacet
  facet normal 0.0174158 -0.0648793 -0.997741
    outer loop
      vertex -79.5968 -1.2317 11.0791
      vertex -79.6364 -1.24233 11.0791
      vertex -79.6775 -0.930416 11.0581
    endloop
  endfacet
  facet normal 0.0177735 -0.064832 -0.997738
    outer loop
      vertex -79.7589 -0.010278 10.9971
      vertex -79.7589 -0.311914 11.0167
      vertex -79.8 0 10.9957
    endloop
  endfacet
  facet normal -0 -0.134967 -0.99085
    outer loop
      vertex -79.7589 0 10.9957
      vertex -79.7589 -0.010278 10.9971
      vertex -79.8 0 10.9957
    endloop
  endfacet
  facet normal -0.0345445 0.128689 0.991083
    outer loop
      vertex -79.5968 -1.2317 9.08333
      vertex -79.5994 -1.22177 9.08195
      vertex -79.6364 -1.24233 9.08333
    endloop
  endfacet
  facet normal 2.62711e-05 0.0669229 0.997758
    outer loop
      vertex -79.6364 -1.24233 9.08333
      vertex -79.5994 -1.22177 9.08195
      vertex -79.6775 -0.930416 9.06241
    endloop
  endfacet
  facet normal 0 0.0669194 0.997758
    outer loop
      vertex -79.7589 -0.311914 9.02092
      vertex -79.7589 0 9
      vertex -79.8 0 9
    endloop
  endfacet
  facet normal 0.641841 0.30777 0.702366
    outer loop
      vertex -80.0229 -2.9 10.1629
      vertex -79.6364 -1.24233 9.08333
      vertex -80.6024 -1.50115 10.0795
    endloop
  endfacet
  facet normal 0.669264 0.226341 -0.707712
    outer loop
      vertex -80.6024 -1.50115 10.0829
      vertex -79.2773 -2.10934 11.1415
      vertex -79.1569 -2.4 11.1624
    endloop
  endfacet
  facet normal 0.669236 0.226307 -0.707749
    outer loop
      vertex -80.6024 -1.50115 10.0829
      vertex -79.516 -1.53299 11.1
      vertex -79.4346 -1.83688 11.0798
    endloop
  endfacet
  facet normal 0.669233 0.226325 -0.707746
    outer loop
      vertex -79.516 -1.53299 11.1
      vertex -80.6024 -1.50115 10.0829
      vertex -79.6364 -1.24233 11.0791
    endloop
  endfacet
  facet normal 0.669234 0.22608 -0.707824
    outer loop
      vertex -79.2773 -2.10934 11.1415
      vertex -80.6024 -1.50115 10.0829
      vertex -79.4346 -1.83688 11.0798
    endloop
  endfacet
  facet normal 0.671468 0.236345 -0.702333
    outer loop
      vertex -79.1569 -2.4 11.1624
      vertex -80.0229 -2.9 10.1662
      vertex -80.6024 -1.50115 10.0829
    endloop
  endfacet
  facet normal 0.923861 0.382727 -0
    outer loop
      vertex -80.0229 -2.9 10.1629
      vertex -80.6024 -1.50115 10.0829
      vertex -80.0229 -2.9 10.1662
    endloop
  endfacet
  facet normal 0.923861 0.382727 0
    outer loop
      vertex -80.6024 -1.50115 10.0829
      vertex -80.0229 -2.9 10.1629
      vertex -80.6024 -1.50115 10.0795
    endloop
  endfacet
  facet normal 0.633277 0.313247 0.707699
    outer loop
      vertex -80.0229 -2.9 10.1629
      vertex -79.2773 -2.10934 9.14574
      vertex -79.4346 -1.83688 9.1659
    endloop
  endfacet
  facet normal 0.633236 0.313267 0.707726
    outer loop
      vertex -80.0229 -2.9 10.1629
      vertex -79.516 -1.53299 9.10426
      vertex -79.6364 -1.24233 9.08333
    endloop
  endfacet
  facet normal 0.633256 0.313274 0.707705
    outer loop
      vertex -79.2773 -2.10934 9.14574
      vertex -80.0229 -2.9 10.1629
      vertex -79.1569 -2.4 9.16667
    endloop
  endfacet
  facet normal 0.633337 0.313187 0.707671
    outer loop
      vertex -79.516 -1.53299 9.10426
      vertex -80.0229 -2.9 10.1629
      vertex -79.4346 -1.83688 9.1659
    endloop
  endfacet
  facet normal 0.0349494 -0.130197 -0.990872
    outer loop
      vertex -79.5968 -1.2317 11.0791
      vertex -79.5941 -1.24163 11.0805
      vertex -79.6364 -1.24233 11.0791
    endloop
  endfacet
  facet normal 0.033977 -0.0576698 -0.997757
    outer loop
      vertex -79.5941 -1.24163 11.0805
      vertex -79.516 -1.53299 11.1
      vertex -79.6364 -1.24233 11.0791
    endloop
  endfacet
  facet normal 0.0334721 -0.0578793 -0.997762
    outer loop
      vertex -79.1214 -2.37947 11.1624
      vertex -79.1569 -2.4 11.1624
      vertex -79.2773 -2.10934 11.1415
    endloop
  endfacet
  facet normal -0.0667496 0.115422 0.991071
    outer loop
      vertex -79.1214 -2.37947 9.16667
      vertex -79.1265 -2.37057 9.16529
      vertex -79.1569 -2.4 9.16667
    endloop
  endfacet
  facet normal -0.0173563 0.0646575 0.997757
    outer loop
      vertex -79.516 -1.53299 9.10426
      vertex -79.5968 -1.2317 9.08333
      vertex -79.6364 -1.24233 9.08333
    endloop
  endfacet
  facet normal -0.0173172 0.0646737 0.997756
    outer loop
      vertex -79.1569 -2.4 9.16667
      vertex -79.1265 -2.37057 9.16529
      vertex -79.2773 -2.10934 9.14574
    endloop
  endfacet
  facet normal 0.540408 0.46336 0.702322
    outer loop
      vertex -79.1012 -4.10122 10.2462
      vertex -79.1569 -2.4 9.16667
      vertex -80.0229 -2.9 10.1629
    endloop
  endfacet
  facet normal 0.587441 0.402041 -0.702336
    outer loop
      vertex -78.3941 -3.39411 11.2457
      vertex -79.1012 -4.10122 10.2495
      vertex -80.0229 -2.9 10.1662
    endloop
  endfacet
  facet normal 0.587901 0.39181 -0.707713
    outer loop
      vertex -80.0229 -2.9 10.1662
      vertex -78.5856 -3.14452 11.2248
      vertex -78.3941 -3.39411 11.2457
    endloop
  endfacet
  facet normal 0.587962 0.391662 -0.707744
    outer loop
      vertex -80.0229 -2.9 10.1662
      vertex -78.9654 -2.64959 11.1833
      vertex -78.8081 -2.92205 11.1632
    endloop
  endfacet
  facet normal 0.5879 0.391809 -0.707715
    outer loop
      vertex -78.9654 -2.64959 11.1833
      vertex -80.0229 -2.9 10.1662
      vertex -79.1569 -2.4 11.1624
    endloop
  endfacet
  facet normal 0.587871 0.392015 -0.707624
    outer loop
      vertex -78.5856 -3.14452 11.2248
      vertex -80.0229 -2.9 10.1662
      vertex -78.8081 -2.92205 11.1632
    endloop
  endfacet
  facet normal 0.793362 0.60875 -0
    outer loop
      vertex -79.1012 -4.10122 10.2462
      vertex -80.0229 -2.9 10.1662
      vertex -79.1012 -4.10122 10.2495
    endloop
  endfacet
  facet normal 0.793362 0.60875 0
    outer loop
      vertex -80.0229 -2.9 10.1662
      vertex -79.1012 -4.10122 10.2462
      vertex -80.0229 -2.9 10.1629
    endloop
  endfacet
  facet normal 0.530558 0.466496 0.707736
    outer loop
      vertex -79.1012 -4.10122 10.2462
      vertex -78.5856 -3.14452 9.22908
      vertex -78.8081 -2.92205 9.24924
    endloop
  endfacet
  facet normal 0.530623 0.466444 0.707721
    outer loop
      vertex -78.5856 -3.14452 9.22908
      vertex -79.1012 -4.10122 10.2462
      vertex -78.3941 -3.39411 9.25
    endloop
  endfacet
  facet normal 0.530602 0.466471 0.707719
    outer loop
      vertex -78.9654 -2.64959 9.18759
      vertex -79.1012 -4.10122 10.2462
      vertex -78.8081 -2.92205 9.24924
    endloop
  endfacet
  facet normal 0.530639 0.466455 0.707702
    outer loop
      vertex -79.1012 -4.10122 10.2462
      vertex -78.9654 -2.64959 9.18759
      vertex -79.1569 -2.4 9.16667
    endloop
  endfacet
  facet normal 0.0477305 -0.0469279 -0.997757
    outer loop
      vertex -79.1162 -2.38837 11.1638
      vertex -78.9654 -2.64959 11.1833
      vertex -79.1569 -2.4 11.1624
    endloop
  endfacet
  facet normal 0.0473042 -0.0472554 -0.997762
    outer loop
      vertex -78.3651 -3.36508 11.2457
      vertex -78.3941 -3.39411 11.2457
      vertex -78.5856 -3.14452 11.2248
    endloop
  endfacet
  facet normal 0.0673766 -0.116506 -0.990902
    outer loop
      vertex -79.1214 -2.37947 11.1624
      vertex -79.1162 -2.38837 11.1638
      vertex -79.1569 -2.4 11.1624
    endloop
  endfacet
  facet normal -0.0945631 0.0944653 0.991027
    outer loop
      vertex -78.3651 -3.36508 9.25
      vertex -78.3723 -3.35781 9.24862
      vertex -78.3941 -3.39411 9.25
    endloop
  endfacet
  facet normal -0.0334996 0.0579267 0.997759
    outer loop
      vertex -78.9654 -2.64959 9.18759
      vertex -79.1214 -2.37947 9.16667
      vertex -79.1569 -2.4 9.16667
    endloop
  endfacet
  facet normal -0.0334098 0.0579956 0.997758
    outer loop
      vertex -78.3941 -3.39411 9.25
      vertex -78.3723 -3.35781 9.24862
      vertex -78.5856 -3.14452 9.22908
    endloop
  endfacet
  facet normal 0.402054 0.58743 0.702338
    outer loop
      vertex -77.9 -5.02295 10.3295
      vertex -78.3941 -3.39411 9.25
      vertex -79.1012 -4.10122 10.2462
    endloop
  endfacet
  facet normal 0.466547 0.530421 -0.707804
    outer loop
      vertex -79.1012 -4.10122 10.2495
      vertex -77.6496 -3.9654 11.3081
      vertex -77.4 -4.15692 11.3291
    endloop
  endfacet
  facet normal 0.466495 0.530607 -0.707699
    outer loop
      vertex -79.1012 -4.10122 10.2495
      vertex -78.1445 -3.58563 11.2667
      vertex -77.9221 -3.8081 11.2465
    endloop
  endfacet
  facet normal 0.46659 0.530486 -0.707727
    outer loop
      vertex -78.1445 -3.58563 11.2667
      vertex -79.1012 -4.10122 10.2495
      vertex -78.3941 -3.39411 11.2457
    endloop
  endfacet
  facet normal 0.466375 0.530819 -0.707619
    outer loop
      vertex -77.6496 -3.9654 11.3081
      vertex -79.1012 -4.10122 10.2495
      vertex -77.9221 -3.8081 11.2465
    endloop
  endfacet
  facet normal 0.463401 0.540357 -0.702335
    outer loop
      vertex -77.4 -4.15692 11.3291
      vertex -77.9 -5.02295 10.3329
      vertex -79.1012 -4.10122 10.2495
    endloop
  endfacet
  facet normal 0.608768 0.793348 -0
    outer loop
      vertex -77.9 -5.02295 10.3295
      vertex -79.1012 -4.10122 10.2495
      vertex -77.9 -5.02295 10.3329
    endloop
  endfacet
  facet normal 0.608768 0.793348 0
    outer loop
      vertex -79.1012 -4.10122 10.2495
      vertex -77.9 -5.02295 10.3295
      vertex -79.1012 -4.10122 10.2462
    endloop
  endfacet
  facet normal 0.391778 0.587895 0.707735
    outer loop
      vertex -77.6496 -3.9654 9.31241
      vertex -77.9 -5.02295 10.3295
      vertex -77.4 -4.15692 9.33333
    endloop
  endfacet
  facet normal 0.391733 0.587915 0.707744
    outer loop
      vertex -77.9221 -3.8081 9.33257
      vertex -77.9 -5.02295 10.3295
      vertex -77.6496 -3.9654 9.31241
    endloop
  endfacet
  facet normal 0.391886 0.587875 0.707692
    outer loop
      vertex -78.1445 -3.58563 9.27092
      vertex -77.9 -5.02295 10.3295
      vertex -77.9221 -3.8081 9.33257
    endloop
  endfacet
  facet normal 0.391775 0.587892 0.70774
    outer loop
      vertex -77.9 -5.02295 10.3295
      vertex -78.1445 -3.58563 9.27092
      vertex -78.3941 -3.39411 9.25
    endloop
  endfacet
  facet normal 0.0582 -0.0335518 -0.997741
    outer loop
      vertex -77.3795 -4.12136 11.3291
      vertex -77.4 -4.15692 11.3291
      vertex -77.6496 -3.9654 11.3081
    endloop
  endfacet
  facet normal 0.0584256 -0.0332575 -0.997738
    outer loop
      vertex -78.3578 -3.37234 11.2471
      vertex -78.1445 -3.58563 11.2667
      vertex -78.3941 -3.39411 11.2457
    endloop
  endfacet
  facet normal 0.0953261 -0.0952276 -0.990881
    outer loop
      vertex -78.3651 -3.36508 11.2457
      vertex -78.3578 -3.37234 11.2471
      vertex -78.3941 -3.39411 11.2457
    endloop
  endfacet
  facet normal -0.115292 0.0664646 0.991106
    outer loop
      vertex -77.3795 -4.12136 9.33333
      vertex -77.3884 -4.11622 9.33195
      vertex -77.4 -4.15692 9.33333
    endloop
  endfacet
  facet normal -0.0473194 0.0473172 0.997758
    outer loop
      vertex -77.4 -4.15692 9.33333
      vertex -77.3884 -4.11622 9.33195
      vertex -77.6496 -3.9654 9.31241
    endloop
  endfacet
  facet normal -0.0473397 0.0472908 0.997759
    outer loop
      vertex -78.1445 -3.58563 9.27092
      vertex -78.3651 -3.36508 9.25
      vertex -78.3941 -3.39411 9.25
    endloop
  endfacet
  facet normal 0.236269 0.67148 0.702347
    outer loop
      vertex -76.5012 -5.60237 10.4129
      vertex -77.4 -4.15692 9.33333
      vertex -77.9 -5.02295 10.3295
    endloop
  endfacet
  facet normal 0.307711 0.641885 -0.702351
    outer loop
      vertex -76.2423 -4.63644 11.4124
      vertex -76.5012 -5.60237 10.4162
      vertex -77.9 -5.02295 10.3329
    endloop
  endfacet
  facet normal 0.31317 0.633342 -0.707674
    outer loop
      vertex -77.9 -5.02295 10.3329
      vertex -76.533 -4.51605 11.3915
      vertex -76.2423 -4.63644 11.4124
    endloop
  endfacet
  facet normal 0.313203 0.633265 -0.707729
    outer loop
      vertex -77.9 -5.02295 10.3329
      vertex -77.1093 -4.27732 11.35
      vertex -76.8369 -4.43462 11.3298
    endloop
  endfacet
  facet normal 0.313172 0.633288 -0.707722
    outer loop
      vertex -77.1093 -4.27732 11.35
      vertex -77.9 -5.02295 10.3329
      vertex -77.4 -4.15692 11.3291
    endloop
  endfacet
  facet normal 0.313346 0.633119 -0.707795
    outer loop
      vertex -76.533 -4.51605 11.3915
      vertex -77.9 -5.02295 10.3329
      vertex -76.8369 -4.43462 11.3298
    endloop
  endfacet
  facet normal 0.382694 0.923875 -0
    outer loop
      vertex -76.5012 -5.60237 10.4129
      vertex -77.9 -5.02295 10.3329
      vertex -76.5012 -5.60237 10.4162
    endloop
  endfacet
  facet normal 0.382694 0.923875 0
    outer loop
      vertex -77.9 -5.02295 10.3329
      vertex -76.5012 -5.60237 10.4129
      vertex -77.9 -5.02295 10.3295
    endloop
  endfacet
  facet normal 0.226223 0.66929 0.707725
    outer loop
      vertex -76.533 -4.51605 9.39574
      vertex -76.5012 -5.60237 10.4129
      vertex -76.2423 -4.63644 9.41667
    endloop
  endfacet
  facet normal 0.226282 0.669281 0.707714
    outer loop
      vertex -76.8369 -4.43462 9.4159
      vertex -76.5012 -5.60237 10.4129
      vertex -76.533 -4.51605 9.39574
    endloop
  endfacet
  facet normal 0.226343 0.669282 0.707694
    outer loop
      vertex -77.1093 -4.27732 9.35426
      vertex -76.5012 -5.60237 10.4129
      vertex -76.8369 -4.43462 9.4159
    endloop
  endfacet
  facet normal 0.226237 0.66927 0.707739
    outer loop
      vertex -76.5012 -5.60237 10.4129
      vertex -77.1093 -4.27732 9.35426
      vertex -77.4 -4.15692 9.33333
    endloop
  endfacet
  facet normal 0.0648101 -0.0167179 -0.997758
    outer loop
      vertex -77.3706 -4.1265 11.3305
      vertex -77.1093 -4.27732 11.35
      vertex -77.4 -4.15692 11.3291
    endloop
  endfacet
  facet normal 0.0645857 -0.017262 -0.997763
    outer loop
      vertex -76.2317 -4.59678 11.4124
      vertex -76.2423 -4.63644 11.4124
      vertex -76.533 -4.51605 11.3915
    endloop
  endfacet
  facet normal 0.116933 -0.0674105 -0.990849
    outer loop
      vertex -77.3795 -4.12136 11.3291
      vertex -77.3706 -4.1265 11.3305
      vertex -77.4 -4.15692 11.3291
    endloop
  endfacet
  facet normal -0.128892 0.0344491 0.99106
    outer loop
      vertex -76.2317 -4.59678 9.41667
      vertex -76.2416 -4.59412 9.41529
      vertex -76.2423 -4.63644 9.41667
    endloop
  endfacet
  facet normal -0.0579909 0.0334312 0.997757
    outer loop
      vertex -77.1093 -4.27732 9.35426
      vertex -77.3795 -4.12136 9.33333
      vertex -77.4 -4.15692 9.33333
    endloop
  endfacet
  facet normal -0.0579658 0.0334943 0.997757
    outer loop
      vertex -76.2423 -4.63644 9.41667
      vertex -76.2416 -4.59412 9.41529
      vertex -76.533 -4.51605 9.39574
    endloop
  endfacet
  facet normal 0.0544673 0.709763 0.702331
    outer loop
      vertex -75 -5.8 10.4962
      vertex -76.2423 -4.63644 9.41667
      vertex -76.5012 -5.60237 10.4129
    endloop
  endfacet
  facet normal 0.138643 0.692759 -0.707717
    outer loop
      vertex -76.5012 -5.60237 10.4162
      vertex -75.3119 -4.75893 11.4748
      vertex -75 -4.8 11.4957
    endloop
  endfacet
  facet normal 0.138774 0.692694 -0.707755
    outer loop
      vertex -76.5012 -5.60237 10.4162
      vertex -75.9304 -4.67751 11.4333
      vertex -75.6265 -4.75893 11.4132
    endloop
  endfacet
  facet normal 0.138643 0.692747 -0.707729
    outer loop
      vertex -75.9304 -4.67751 11.4333
      vertex -76.5012 -5.60237 10.4162
      vertex -76.2423 -4.63644 11.4124
    endloop
  endfacet
  facet normal 0.138566 0.692816 -0.707676
    outer loop
      vertex -75.3119 -4.75893 11.4748
      vertex -76.5012 -5.60237 10.4162
      vertex -75.6265 -4.75893 11.4132
    endloop
  endfacet
  facet normal 0.131082 0.69967 -0.702339
    outer loop
      vertex -75 -4.8 11.4957
      vertex -75 -5.8 10.4995
      vertex -76.5012 -5.60237 10.4162
    endloop
  endfacet
  facet normal 0.130522 0.991445 -0
    outer loop
      vertex -75 -5.8 10.4962
      vertex -76.5012 -5.60237 10.4162
      vertex -75 -5.8 10.4995
    endloop
  endfacet
  facet normal 0.130522 0.991445 0
    outer loop
      vertex -76.5012 -5.60237 10.4162
      vertex -75 -5.8 10.4962
      vertex -76.5012 -5.60237 10.4129
    endloop
  endfacet
  facet normal 0.0453676 0.705033 0.707722
    outer loop
      vertex -75.3119 -4.75893 9.47908
      vertex -75 -5.8 10.4962
      vertex -75 -4.8 9.5
    endloop
  endfacet
  facet normal 0.045352 0.705031 0.707725
    outer loop
      vertex -75.6265 -4.75893 9.49924
      vertex -75 -5.8 10.4962
      vertex -75.3119 -4.75893 9.47908
    endloop
  endfacet
  facet normal 0.0453132 0.70502 0.707738
    outer loop
      vertex -75.9304 -4.67751 9.43759
      vertex -75 -5.8 10.4962
      vertex -75.6265 -4.75893 9.49924
    endloop
  endfacet
  facet normal 0.0453695 0.705042 0.707712
    outer loop
      vertex -75 -5.8 10.4962
      vertex -75.9304 -4.67751 9.43759
      vertex -76.2423 -4.63644 9.41667
    endloop
  endfacet
  facet normal 0.130726 -0.0349393 -0.990803
    outer loop
      vertex -76.2317 -4.59678 11.4124
      vertex -76.2218 -4.59944 11.4138
      vertex -76.2423 -4.63644 11.4124
    endloop
  endfacet
  facet normal 0.0669454 0.000661559 -0.997756
    outer loop
      vertex -76.2218 -4.59944 11.4138
      vertex -75.9304 -4.67751 11.4333
      vertex -76.2423 -4.63644 11.4124
    endloop
  endfacet
  facet normal 0.0668587 0 -0.997762
    outer loop
      vertex -75 -4.75893 11.4957
      vertex -75 -4.8 11.4957
      vertex -75.3119 -4.75893 11.4748
    endloop
  endfacet
  facet normal -0.132794 0 0.991144
    outer loop
      vertex -75 -4.8 9.5
      vertex -75 -4.75893 9.5
      vertex -75.0103 -4.75893 9.49862
    endloop
  endfacet
  facet normal -0.0646473 0.0172784 0.997759
    outer loop
      vertex -75.9304 -4.67751 9.43759
      vertex -76.2317 -4.59678 9.41667
      vertex -76.2423 -4.63644 9.41667
    endloop
  endfacet
  facet normal -0.0646426 0.017314 0.997758
    outer loop
      vertex -75 -4.8 9.5
      vertex -75.0103 -4.75893 9.49862
      vertex -75.3119 -4.75893 9.47908
    endloop
  endfacet
  facet normal 0.131082 -0.69967 0.702339
    outer loop
      vertex -75 4.8 10.5
      vertex -75 5.8 11.4962
      vertex -76.5012 5.60237 11.5795
    endloop
  endfacet
  facet normal 0.0544199 -0.709761 -0.702338
    outer loop
      vertex -75 5.8 11.4995
      vertex -76.2423 4.63644 12.5791
      vertex -76.5012 5.60237 11.5829
    endloop
  endfacet
  facet normal 0.130522 -0.991445 0
    outer loop
      vertex -76.5012 5.60237 11.5795
      vertex -75 5.8 11.4995
      vertex -76.5012 5.60237 11.5829
    endloop
  endfacet
  facet normal 0.130522 -0.991445 0
    outer loop
      vertex -75 5.8 11.4995
      vertex -76.5012 5.60237 11.5795
      vertex -75 5.8 11.4962
    endloop
  endfacet
  facet normal 0.0451864 -0.705039 -0.707728
    outer loop
      vertex -75.3119 4.75893 12.5167
      vertex -75 5.8 11.4995
      vertex -75 4.8 12.4957
    endloop
  endfacet
  facet normal 0.0454392 -0.705069 -0.707681
    outer loop
      vertex -75.6265 4.75893 12.4965
      vertex -75 5.8 11.4995
      vertex -75.3119 4.75893 12.5167
    endloop
  endfacet
  facet normal 0.0454567 -0.705074 -0.707676
    outer loop
      vertex -75.9304 4.67751 12.5581
      vertex -75 5.8 11.4995
      vertex -75.6265 4.75893 12.4965
    endloop
  endfacet
  facet normal 0.0451708 -0.70496 -0.707807
    outer loop
      vertex -75 5.8 11.4995
      vertex -75.9304 4.67751 12.5581
      vertex -76.2423 4.63644 12.5791
    endloop
  endfacet
  facet normal 0.138643 -0.692759 0.707717
    outer loop
      vertex -76.5012 5.60237 11.5795
      vertex -75.3119 4.75893 10.5209
      vertex -75 4.8 10.5
    endloop
  endfacet
  facet normal 0.138566 -0.692778 0.707714
    outer loop
      vertex -76.5012 5.60237 11.5795
      vertex -75.9304 4.67751 10.5624
      vertex -75.6265 4.75893 10.5826
    endloop
  endfacet
  facet normal 0.138643 -0.692747 0.707729
    outer loop
      vertex -75.9304 4.67751 10.5624
      vertex -76.5012 5.60237 11.5795
      vertex -76.2423 4.63644 10.5833
    endloop
  endfacet
  facet normal 0.138817 -0.69263 0.707809
    outer loop
      vertex -75.3119 4.75893 10.5209
      vertex -76.5012 5.60237 11.5795
      vertex -75.6265 4.75893 10.5826
    endloop
  endfacet
  facet normal -0.0648934 -0.0173442 -0.997741
    outer loop
      vertex -75.9304 4.67751 12.5581
      vertex -76.2317 4.59678 12.5791
      vertex -76.2423 4.63644 12.5791
    endloop
  endfacet
  facet normal -0.0648397 -0.0177498 -0.997738
    outer loop
      vertex -75 4.8 12.4957
      vertex -75.0103 4.75893 12.4971
      vertex -75.3119 4.75893 12.5167
    endloop
  endfacet
  facet normal -0.134684 -0 -0.990889
    outer loop
      vertex -75 4.8 12.4957
      vertex -75 4.75893 12.4957
      vertex -75.0103 4.75893 12.4971
    endloop
  endfacet
  facet normal 0.121542 0.0324846 0.992055
    outer loop
      vertex -76.2317 4.59678 10.5833
      vertex -76.2218 4.59944 10.582
      vertex -76.2423 4.63644 10.5833
    endloop
  endfacet
  facet normal 0.0668587 -0 0.997762
    outer loop
      vertex -75 4.75893 10.5
      vertex -75 4.8 10.5
      vertex -75.3119 4.75893 10.5209
    endloop
  endfacet
  facet normal 0.0666159 0.00185176 0.997777
    outer loop
      vertex -76.2218 4.59944 10.582
      vertex -75.9304 4.67751 10.5624
      vertex -76.2423 4.63644 10.5833
    endloop
  endfacet
  facet normal 0.307755 -0.641869 0.702347
    outer loop
      vertex -76.2423 4.63644 10.5833
      vertex -76.5012 5.60237 11.5795
      vertex -77.9 5.02295 11.6629
    endloop
  endfacet
  facet normal 0.226284 -0.669261 -0.707733
    outer loop
      vertex -76.533 4.51605 12.6
      vertex -76.5012 5.60237 11.5829
      vertex -76.2423 4.63644 12.5791
    endloop
  endfacet
  facet normal 0.226367 -0.669249 -0.707718
    outer loop
      vertex -76.8369 4.43462 12.5798
      vertex -76.5012 5.60237 11.5829
      vertex -76.533 4.51605 12.6
    endloop
  endfacet
  facet normal 0.226145 -0.669247 -0.70779
    outer loop
      vertex -77.1093 4.27732 12.6415
      vertex -76.5012 5.60237 11.5829
      vertex -76.8369 4.43462 12.5798
    endloop
  endfacet
  facet normal 0.22631 -0.669266 -0.707719
    outer loop
      vertex -76.5012 5.60237 11.5829
      vertex -77.1093 4.27732 12.6415
      vertex -77.4 4.15692 12.6624
    endloop
  endfacet
  facet normal 0.236316 -0.671471 -0.70234
    outer loop
      vertex -76.5012 5.60237 11.5829
      vertex -77.4 4.15692 12.6624
      vertex -77.9 5.02295 11.6662
    endloop
  endfacet
  facet normal 0.382694 -0.923875 0
    outer loop
      vertex -77.9 5.02295 11.6629
      vertex -76.5012 5.60237 11.5829
      vertex -77.9 5.02295 11.6662
    endloop
  endfacet
  facet normal 0.382694 -0.923875 0
    outer loop
      vertex -76.5012 5.60237 11.5829
      vertex -77.9 5.02295 11.6629
      vertex -76.5012 5.60237 11.5795
    endloop
  endfacet
  facet normal 0.313335 -0.633133 0.707788
    outer loop
      vertex -77.9 5.02295 11.6629
      vertex -76.533 4.51605 10.6043
      vertex -76.2423 4.63644 10.5833
    endloop
  endfacet
  facet normal 0.313222 -0.633293 0.707695
    outer loop
      vertex -77.9 5.02295 11.6629
      vertex -77.1093 4.27732 10.6457
      vertex -76.8369 4.43462 10.6659
    endloop
  endfacet
  facet normal 0.313372 -0.633181 0.707729
    outer loop
      vertex -77.1093 4.27732 10.6457
      vertex -77.9 5.02295 11.6629
      vertex -77.4 4.15692 10.6667
    endloop
  endfacet
  facet normal 0.313152 -0.633364 0.707662
    outer loop
      vertex -76.533 4.51605 10.6043
      vertex -77.9 5.02295 11.6629
      vertex -76.8369 4.43462 10.6659
    endloop
  endfacet
  facet normal -0.130726 -0.0349393 -0.990803
    outer loop
      vertex -76.2317 4.59678 12.5791
      vertex -76.2416 4.59412 12.5805
      vertex -76.2423 4.63644 12.5791
    endloop
  endfacet
  facet normal -0.0576697 -0.033961 -0.997758
    outer loop
      vertex -76.2423 4.63644 12.5791
      vertex -76.2416 4.59412 12.5805
      vertex -76.533 4.51605 12.6
    endloop
  endfacet
  facet normal -0.0579081 -0.0333835 -0.997764
    outer loop
      vertex -77.1093 4.27732 12.6415
      vertex -77.3795 4.12136 12.6624
      vertex -77.4 4.15692 12.6624
    endloop
  endfacet
  facet normal 0.116933 0.0674105 0.990849
    outer loop
      vertex -77.3795 4.12136 10.6667
      vertex -77.3706 4.1265 10.6653
      vertex -77.4 4.15692 10.6667
    endloop
  endfacet
  facet normal 0.0648934 0.0173442 0.997741
    outer loop
      vertex -76.2317 4.59678 10.5833
      vertex -76.2423 4.63644 10.5833
      vertex -76.533 4.51605 10.6043
    endloop
  endfacet
  facet normal 0.0650539 0.0169544 0.997738
    outer loop
      vertex -77.3706 4.1265 10.6653
      vertex -77.1093 4.27732 10.6457
      vertex -77.4 4.15692 10.6667
    endloop
  endfacet
  facet normal 0.463364 -0.540383 0.702339
    outer loop
      vertex -77.4 4.15692 10.6667
      vertex -77.9 5.02295 11.6629
      vertex -79.1012 4.10122 11.7462
    endloop
  endfacet
  facet normal 0.402054 -0.58743 -0.702338
    outer loop
      vertex -77.9 5.02295 11.6662
      vertex -78.3941 3.39411 12.7457
      vertex -79.1012 4.10122 11.7495
    endloop
  endfacet
  facet normal 0.608768 -0.793348 0
    outer loop
      vertex -79.1012 4.10122 11.7462
      vertex -77.9 5.02295 11.6662
      vertex -79.1012 4.10122 11.7495
    endloop
  endfacet
  facet normal 0.608768 -0.793348 0
    outer loop
      vertex -77.9 5.02295 11.6662
      vertex -79.1012 4.10122 11.7462
      vertex -77.9 5.02295 11.6629
    endloop
  endfacet
  facet normal 0.391824 -0.58788 -0.707723
    outer loop
      vertex -77.6496 3.9654 12.6833
      vertex -77.9 5.02295 11.6662
      vertex -77.4 4.15692 12.6624
    endloop
  endfacet
  facet normal 0.391611 -0.587971 -0.707765
    outer loop
      vertex -77.9221 3.8081 12.6632
      vertex -77.9 5.02295 11.6662
      vertex -77.6496 3.9654 12.6833
    endloop
  endfacet
  facet normal 0.392048 -0.587857 -0.707617
    outer loop
      vertex -78.1445 3.58563 12.7248
      vertex -77.9 5.02295 11.6662
      vertex -77.9221 3.8081 12.6632
    endloop
  endfacet
  facet normal 0.391833 -0.587889 -0.70771
    outer loop
      vertex -77.9 5.02295 11.6662
      vertex -78.1445 3.58563 12.7248
      vertex -78.3941 3.39411 12.7457
    endloop
  endfacet
  facet normal 0.466442 -0.530666 0.707691
    outer loop
      vertex -79.1012 4.10122 11.7462
      vertex -77.6496 3.9654 10.6876
      vertex -77.4 4.15692 10.6667
    endloop
  endfacet
  facet normal 0.466608 -0.530408 0.707774
    outer loop
      vertex -79.1012 4.10122 11.7462
      vertex -78.1445 3.58563 10.7291
      vertex -77.9221 3.8081 10.7492
    endloop
  endfacet
  facet normal 0.466425 -0.530641 0.70772
    outer loop
      vertex -78.1445 3.58563 10.7291
      vertex -79.1012 4.10122 11.7462
      vertex -78.3941 3.39411 10.75
    endloop
  endfacet
  facet normal 0.466375 -0.530819 0.707619
    outer loop
      vertex -77.6496 3.9654 10.6876
      vertex -79.1012 4.10122 11.7462
      vertex -77.9221 3.8081 10.7492
    endloop
  endfacet
  facet normal -0.046945 -0.0477008 -0.997758
    outer loop
      vertex -77.4 4.15692 12.6624
      vertex -77.3884 4.11622 12.6638
      vertex -77.6496 3.9654 12.6833
    endloop
  endfacet
  facet normal -0.0472946 -0.0472458 -0.997763
    outer loop
      vertex -78.1445 3.58563 12.7248
      vertex -78.3651 3.36508 12.7457
      vertex -78.3941 3.39411 12.7457
    endloop
  endfacet
  facet normal -0.116933 -0.0674105 -0.990849
    outer loop
      vertex -77.3795 4.12136 12.6624
      vertex -77.3884 4.11622 12.6638
      vertex -77.4 4.15692 12.6624
    endloop
  endfacet
  facet normal 0.0953261 0.0952276 0.990881
    outer loop
      vertex -78.3651 3.36508 10.75
      vertex -78.3578 3.37234 10.7486
      vertex -78.3941 3.39411 10.75
    endloop
  endfacet
  facet normal 0.0579241 0.0333927 0.997762
    outer loop
      vertex -77.3795 4.12136 10.6667
      vertex -77.4 4.15692 10.6667
      vertex -77.6496 3.9654 10.6876
    endloop
  endfacet
  facet normal 0.0582514 0.0329657 0.997758
    outer loop
      vertex -78.3578 3.37234 10.7486
      vertex -78.1445 3.58563 10.7291
      vertex -78.3941 3.39411 10.75
    endloop
  endfacet
  facet normal 0.587441 -0.402041 0.702336
    outer loop
      vertex -78.3941 3.39411 10.75
      vertex -79.1012 4.10122 11.7462
      vertex -80.0229 2.9 11.8295
    endloop
  endfacet
  facet normal 0.530647 -0.466461 -0.707692
    outer loop
      vertex -79.1012 4.10122 11.7495
      vertex -78.5856 3.14452 12.7667
      vertex -78.8081 2.92205 12.7465
    endloop
  endfacet
  facet normal 0.530499 -0.466577 -0.707726
    outer loop
      vertex -78.5856 3.14452 12.7667
      vertex -79.1012 4.10122 11.7495
      vertex -78.3941 3.39411 12.7457
    endloop
  endfacet
  facet normal 0.530742 -0.466407 -0.707657
    outer loop
      vertex -78.9654 2.64959 12.8081
      vertex -79.1012 4.10122 11.7495
      vertex -78.8081 2.92205 12.7465
    endloop
  endfacet
  facet normal 0.53044 -0.466537 -0.707797
    outer loop
      vertex -79.1012 4.10122 11.7495
      vertex -78.9654 2.64959 12.8081
      vertex -79.1569 2.4 12.8291
    endloop
  endfacet
  facet normal 0.540373 -0.463392 -0.702328
    outer loop
      vertex -79.1012 4.10122 11.7495
      vertex -79.1569 2.4 12.8291
      vertex -80.0229 2.9 11.8329
    endloop
  endfacet
  facet normal 0.793362 -0.60875 0
    outer loop
      vertex -80.0229 2.9 11.8295
      vertex -79.1012 4.10122 11.7495
      vertex -80.0229 2.9 11.8329
    endloop
  endfacet
  facet normal 0.793362 -0.60875 0
    outer loop
      vertex -79.1012 4.10122 11.7495
      vertex -80.0229 2.9 11.8295
      vertex -79.1012 4.10122 11.7462
    endloop
  endfacet
  facet normal 0.587901 -0.39181 0.707713
    outer loop
      vertex -80.0229 2.9 11.8295
      vertex -78.5856 3.14452 10.7709
      vertex -78.3941 3.39411 10.75
    endloop
  endfacet
  facet normal 0.587874 -0.391868 0.707703
    outer loop
      vertex -80.0229 2.9 11.8295
      vertex -78.9654 2.64959 10.8124
      vertex -78.8081 2.92205 10.8326
    endloop
  endfacet
  facet normal 0.5879 -0.391809 0.707715
    outer loop
      vertex -78.9654 2.64959 10.8124
      vertex -80.0229 2.9 11.8295
      vertex -79.1569 2.4 10.8333
    endloop
  endfacet
  facet normal 0.587916 -0.391706 0.707758
    outer loop
      vertex -78.5856 3.14452 10.7709
      vertex -80.0229 2.9 11.8295
      vertex -78.8081 2.92205 10.8326
    endloop
  endfacet
  facet normal -0.0336271 -0.0581473 -0.997742
    outer loop
      vertex -78.9654 2.64959 12.8081
      vertex -79.1214 2.37947 12.8291
      vertex -79.1569 2.4 12.8291
    endloop
  endfacet
  facet normal -0.033241 -0.0584431 -0.997737
    outer loop
      vertex -78.3941 3.39411 12.7457
      vertex -78.3723 3.35781 12.7471
      vertex -78.5856 3.14452 12.7667
    endloop
  endfacet
  facet normal -0.0959085 -0.0958094 -0.990768
    outer loop
      vertex -78.3651 3.36508 12.7457
      vertex -78.3723 3.35781 12.7471
      vertex -78.3941 3.39411 12.7457
    endloop
  endfacet
  facet normal 0.0626422 0.108319 0.992141
    outer loop
      vertex -79.1214 2.37947 10.8333
      vertex -79.1162 2.38837 10.832
      vertex -79.1569 2.4 10.8333
    endloop
  endfacet
  facet normal 0.0457208 0.0484716 0.997778
    outer loop
      vertex -79.1162 2.38837 10.832
      vertex -78.9654 2.64959 10.8124
      vertex -79.1569 2.4 10.8333
    endloop
  endfacet
  facet normal 0.0473042 0.0472554 0.997762
    outer loop
      vertex -78.3651 3.36508 10.75
      vertex -78.3941 3.39411 10.75
      vertex -78.5856 3.14452 10.7709
    endloop
  endfacet
  facet normal 0.671487 -0.236303 0.702329
    outer loop
      vertex -79.1569 2.4 10.8333
      vertex -80.0229 2.9 11.8295
      vertex -80.6024 1.50115 11.9129
    endloop
  endfacet
  facet normal 0.641867 -0.30773 -0.702359
    outer loop
      vertex -80.0229 2.9 11.8329
      vertex -79.6364 1.24233 12.9124
      vertex -80.6024 1.50115 11.9162
    endloop
  endfacet
  facet normal 0.633313 -0.313164 -0.707703
    outer loop
      vertex -80.0229 2.9 11.8329
      vertex -79.2773 2.10934 12.85
      vertex -79.4346 1.83688 12.8298
    endloop
  endfacet
  facet normal 0.633285 -0.313213 -0.707706
    outer loop
      vertex -80.0229 2.9 11.8329
      vertex -79.516 1.53299 12.8915
      vertex -79.6364 1.24233 12.9124
    endloop
  endfacet
  facet normal 0.633278 -0.313211 -0.707713
    outer loop
      vertex -79.2773 2.10934 12.85
      vertex -80.0229 2.9 11.8329
      vertex -79.1569 2.4 12.8291
    endloop
  endfacet
  facet normal 0.633172 -0.313302 -0.707767
    outer loop
      vertex -79.516 1.53299 12.8915
      vertex -80.0229 2.9 11.8329
      vertex -79.4346 1.83688 12.8298
    endloop
  endfacet
  facet normal 0.923861 -0.382727 0
    outer loop
      vertex -80.6024 1.50115 11.9129
      vertex -80.0229 2.9 11.8329
      vertex -80.6024 1.50115 11.9162
    endloop
  endfacet
  facet normal 0.923861 -0.382727 0
    outer loop
      vertex -80.0229 2.9 11.8329
      vertex -80.6024 1.50115 11.9129
      vertex -80.0229 2.9 11.8295
    endloop
  endfacet
  facet normal 0.669233 -0.226076 0.707825
    outer loop
      vertex -80.6024 1.50115 11.9129
      vertex -79.2773 2.10934 10.8543
      vertex -79.1569 2.4 10.8333
    endloop
  endfacet
  facet normal 0.669269 -0.226313 0.707715
    outer loop
      vertex -80.6024 1.50115 11.9129
      vertex -79.516 1.53299 10.8957
      vertex -79.4346 1.83688 10.9159
    endloop
  endfacet
  facet normal 0.669298 -0.226109 0.707753
    outer loop
      vertex -79.516 1.53299 10.8957
      vertex -80.6024 1.50115 11.9129
      vertex -79.6364 1.24233 10.9167
    endloop
  endfacet
  facet normal 0.66927 -0.226391 0.70769
    outer loop
      vertex -79.2773 2.10934 10.8543
      vertex -80.6024 1.50115 11.9129
      vertex -79.4346 1.83688 10.9159
    endloop
  endfacet
  facet normal -0.0173315 -0.0645652 -0.997763
    outer loop
      vertex -79.516 1.53299 12.8915
      vertex -79.5968 1.2317 12.9124
      vertex -79.6364 1.24233 12.9124
    endloop
  endfacet
  facet normal -0.0167775 -0.0647943 -0.997758
    outer loop
      vertex -79.1569 2.4 12.8291
      vertex -79.1265 2.37057 12.8305
      vertex -79.2773 2.10934 12.85
    endloop
  endfacet
  facet normal -0.0676995 -0.117064 -0.990814
    outer loop
      vertex -79.1214 2.37947 12.8291
      vertex -79.1265 2.37057 12.8305
      vertex -79.1569 2.4 12.8291
    endloop
  endfacet
  facet normal 0.0349494 0.130197 0.990872
    outer loop
      vertex -79.5968 1.2317 10.9167
      vertex -79.5941 1.24163 10.9153
      vertex -79.6364 1.24233 10.9167
    endloop
  endfacet
  facet normal 0.033982 0.0580095 0.997737
    outer loop
      vertex -79.5941 1.24163 10.9153
      vertex -79.516 1.53299 10.8957
      vertex -79.6364 1.24233 10.9167
    endloop
  endfacet
  facet normal 0.0336316 0.0581549 0.997741
    outer loop
      vertex -79.1214 2.37947 10.8333
      vertex -79.1569 2.4 10.8333
      vertex -79.2773 2.10934 10.8543
    endloop
  endfacet
  facet normal 0.709733 -0.0544492 0.702364
    outer loop
      vertex -79.6364 1.24233 10.9167
      vertex -80.6024 1.50115 11.9129
      vertex -80.8 0 11.9962
    endloop
  endfacet
  facet normal 0.6927 -0.138699 -0.707764
    outer loop
      vertex -80.6024 1.50115 11.9162
      vertex -79.7589 0.311914 12.9748
      vertex -79.8 0 12.9957
    endloop
  endfacet
  facet normal 0.692701 -0.138734 -0.707756
    outer loop
      vertex -80.6024 1.50115 11.9162
      vertex -79.6775 0.930416 12.9333
      vertex -79.7589 0.626525 12.9132
    endloop
  endfacet
  facet normal 0.692714 -0.1387 -0.70775
    outer loop
      vertex -79.6775 0.930416 12.9333
      vertex -80.6024 1.50115 11.9162
      vertex -79.6364 1.24233 12.9124
    endloop
  endfacet
  facet normal 0.6928 -0.138564 -0.707692
    outer loop
      vertex -79.7589 0.311914 12.9748
      vertex -80.6024 1.50115 11.9162
      vertex -79.7589 0.626525 12.9132
    endloop
  endfacet
  facet normal 0.699671 -0.131073 -0.70234
    outer loop
      vertex -80.6024 1.50115 11.9162
      vertex -79.8 0 12.9957
      vertex -80.8 0 11.9995
    endloop
  endfacet
  facet normal 0.991447 -0.130507 0
    outer loop
      vertex -80.8 0 11.9962
      vertex -80.6024 1.50115 11.9162
      vertex -80.8 0 11.9995
    endloop
  endfacet
  facet normal 0.991447 -0.130507 0
    outer loop
      vertex -80.6024 1.50115 11.9162
      vertex -80.8 0 11.9962
      vertex -80.6024 1.50115 11.9129
    endloop
  endfacet
  facet normal 0.705084 -0.0454894 0.707663
    outer loop
      vertex -80.8 0 11.9962
      vertex -79.6775 0.930416 10.9376
      vertex -79.6364 1.24233 10.9167
    endloop
  endfacet
  facet normal 0.704998 -0.0452181 0.707766
    outer loop
      vertex -80.8 0 11.9962
      vertex -79.7589 0.311914 10.9791
      vertex -79.7589 0.626525 10.9992
    endloop
  endfacet
  facet normal 0.705029 -0.0454785 0.707719
    outer loop
      vertex -79.7589 0.311914 10.9791
      vertex -80.8 0 11.9962
      vertex -79.8 0 11
    endloop
  endfacet
  facet normal 0.705048 -0.0453987 0.707705
    outer loop
      vertex -79.6775 0.930416 10.9376
      vertex -80.8 0 11.9962
      vertex -79.7589 0.626525 10.9992
    endloop
  endfacet
  facet normal -0.035036 -0.13052 -0.990826
    outer loop
      vertex -79.5968 1.2317 12.9124
      vertex -79.5994 1.22177 12.9138
      vertex -79.6364 1.24233 12.9124
    endloop
  endfacet
  facet normal 0 -0.0668557 -0.997763
    outer loop
      vertex -79.7589 0.311914 12.9748
      vertex -79.7589 0 12.9957
      vertex -79.8 0 12.9957
    endloop
  endfacet
  facet normal 0.000561929 -0.0669294 -0.997758
    outer loop
      vertex -79.6364 1.24233 12.9124
      vertex -79.5994 1.22177 12.9138
      vertex -79.6775 0.930416 12.9333
    endloop
  endfacet
  facet normal 0 0.134967 0.99085
    outer loop
      vertex -79.7589 0 11
      vertex -79.7589 0.010278 10.9986
      vertex -79.8 0 11
    endloop
  endfacet
  facet normal 0.0178565 0.0645025 0.997758
    outer loop
      vertex -79.7589 0.010278 10.9986
      vertex -79.7589 0.311914 10.9791
      vertex -79.8 0 11
    endloop
  endfacet
  facet normal 0.0173333 0.0645718 0.997763
    outer loop
      vertex -79.5968 1.2317 10.9167
      vertex -79.6364 1.24233 10.9167
      vertex -79.6775 0.930416 10.9376
    endloop
  endfacet
  facet normal 0.699671 0.131073 0.70234
    outer loop
      vertex -80.6024 -1.50115 12.0795
      vertex -79.8 0 11
      vertex -80.8 0 11.9962
    endloop
  endfacet
  facet normal 0.709741 0.0544036 -0.702359
    outer loop
      vertex -79.6364 -1.24233 13.0791
      vertex -80.6024 -1.50115 12.0829
      vertex -80.8 0 11.9995
    endloop
  endfacet
  facet normal 0.704986 0.045242 -0.707777
    outer loop
      vertex -80.8 0 11.9995
      vertex -79.6775 -0.930416 13.0581
      vertex -79.6364 -1.24233 13.0791
    endloop
  endfacet
  facet normal 0.705059 0.0454382 -0.707692
    outer loop
      vertex -80.8 0 11.9995
      vertex -79.7589 -0.311914 13.0167
      vertex -79.7589 -0.626525 12.9965
    endloop
  endfacet
  facet normal 0.705036 0.0452521 -0.707726
    outer loop
      vertex -79.7589 -0.311914 13.0167
      vertex -80.8 0 11.9995
      vertex -79.8 0 12.9957
    endloop
  endfacet
  facet normal 0.705048 0.0453987 -0.707705
    outer loop
      vertex -79.6775 -0.930416 13.0581
      vertex -80.8 0 11.9995
      vertex -79.7589 -0.626525 12.9965
    endloop
  endfacet
  facet normal 0.991447 0.130507 -0
    outer loop
      vertex -80.6024 -1.50115 12.0795
      vertex -80.8 0 11.9995
      vertex -80.6024 -1.50115 12.0829
    endloop
  endfacet
  facet normal 0.991447 0.130507 0
    outer loop
      vertex -80.8 0 11.9995
      vertex -80.6024 -1.50115 12.0795
      vertex -80.8 0 11.9962
    endloop
  endfacet
  facet normal 0.6927 0.138699 0.707764
    outer loop
      vertex -80.6024 -1.50115 12.0795
      vertex -79.7589 -0.311914 11.0209
      vertex -79.8 0 11
    endloop
  endfacet
  facet normal 0.692784 0.138526 0.707715
    outer loop
      vertex -80.6024 -1.50115 12.0795
      vertex -79.6775 -0.930416 11.0624
      vertex -79.7589 -0.626525 11.0826
    endloop
  endfacet
  facet normal 0.692714 0.1387 0.70775
    outer loop
      vertex -79.6775 -0.930416 11.0624
      vertex -80.6024 -1.50115 12.0795
      vertex -79.6364 -1.24233 11.0833
    endloop
  endfacet
  facet normal 0.692614 0.138815 0.707825
    outer loop
      vertex -79.7589 -0.311914 11.0209
      vertex -80.6024 -1.50115 12.0795
      vertex -79.7589 -0.626525 11.0826
    endloop
  endfacet
  facet normal 0.0177735 -0.064832 -0.997738
    outer loop
      vertex -79.7589 -0.010278 12.9971
      vertex -79.7589 -0.311914 13.0167
      vertex -79.8 0 12.9957
    endloop
  endfacet
  facet normal 0.0174158 -0.0648793 -0.997741
    outer loop
      vertex -79.5968 -1.2317 13.0791
      vertex -79.6364 -1.24233 13.0791
      vertex -79.6775 -0.930416 13.0581
    endloop
  endfacet
  facet normal -0 -0.134967 -0.99085
    outer loop
      vertex -79.7589 0 12.9957
      vertex -79.7589 -0.010278 12.9971
      vertex -79.8 0 12.9957
    endloop
  endfacet
  facet normal -0.0325745 0.12135 0.992075
    outer loop
      vertex -79.5968 -1.2317 11.0833
      vertex -79.5994 -1.22177 11.082
      vertex -79.6364 -1.24233 11.0833
    endloop
  endfacet
  facet normal 0 0.0668557 0.997763
    outer loop
      vertex -79.7589 -0.311914 11.0209
      vertex -79.7589 0 11
      vertex -79.8 0 11
    endloop
  endfacet
  facet normal -0.00195078 0.0665997 0.997778
    outer loop
      vertex -79.6364 -1.24233 11.0833
      vertex -79.5994 -1.22177 11.082
      vertex -79.6775 -0.930416 11.0624
    endloop
  endfacet
  facet normal 0.641851 0.307774 0.702355
    outer loop
      vertex -80.0229 -2.9 12.1629
      vertex -79.6364 -1.24233 11.0833
      vertex -80.6024 -1.50115 12.0795
    endloop
  endfacet
  facet normal 0.669264 0.226341 -0.707712
    outer loop
      vertex -80.6024 -1.50115 12.0829
      vertex -79.2773 -2.10934 13.1415
      vertex -79.1569 -2.4 13.1624
    endloop
  endfacet
  facet normal 0.669236 0.226307 -0.707749
    outer loop
      vertex -80.6024 -1.50115 12.0829
      vertex -79.516 -1.53299 13.1
      vertex -79.4346 -1.83688 13.0798
    endloop
  endfacet
  facet normal 0.669233 0.226325 -0.707746
    outer loop
      vertex -79.516 -1.53299 13.1
      vertex -80.6024 -1.50115 12.0829
      vertex -79.6364 -1.24233 13.0791
    endloop
  endfacet
  facet normal 0.669234 0.22608 -0.707824
    outer loop
      vertex -79.2773 -2.10934 13.1415
      vertex -80.6024 -1.50115 12.0829
      vertex -79.4346 -1.83688 13.0798
    endloop
  endfacet
  facet normal 0.671468 0.236345 -0.702333
    outer loop
      vertex -79.1569 -2.4 13.1624
      vertex -80.0229 -2.9 12.1662
      vertex -80.6024 -1.50115 12.0829
    endloop
  endfacet
  facet normal 0.923861 0.382727 -0
    outer loop
      vertex -80.0229 -2.9 12.1629
      vertex -80.6024 -1.50115 12.0829
      vertex -80.0229 -2.9 12.1662
    endloop
  endfacet
  facet normal 0.923861 0.382727 0
    outer loop
      vertex -80.6024 -1.50115 12.0829
      vertex -80.0229 -2.9 12.1629
      vertex -80.6024 -1.50115 12.0795
    endloop
  endfacet
  facet normal 0.633342 0.313183 0.707669
    outer loop
      vertex -80.0229 -2.9 12.1629
      vertex -79.2773 -2.10934 11.1457
      vertex -79.4346 -1.83688 11.1659
    endloop
  endfacet
  facet normal 0.633076 0.313378 0.70782
    outer loop
      vertex -80.0229 -2.9 12.1629
      vertex -79.516 -1.53299 11.1043
      vertex -79.6364 -1.24233 11.0833
    endloop
  endfacet
  facet normal 0.633171 0.313411 0.707721
    outer loop
      vertex -79.2773 -2.10934 11.1457
      vertex -80.0229 -2.9 12.1629
      vertex -79.1569 -2.4 11.1667
    endloop
  endfacet
  facet normal 0.633417 0.313108 0.707634
    outer loop
      vertex -79.516 -1.53299 11.1043
      vertex -80.0229 -2.9 12.1629
      vertex -79.4346 -1.83688 11.1659
    endloop
  endfacet
  facet normal 0.0349494 -0.130197 -0.990872
    outer loop
      vertex -79.5968 -1.2317 13.0791
      vertex -79.5941 -1.24163 13.0805
      vertex -79.6364 -1.24233 13.0791
    endloop
  endfacet
  facet normal 0.033977 -0.0576698 -0.997757
    outer loop
      vertex -79.5941 -1.24163 13.0805
      vertex -79.516 -1.53299 13.1
      vertex -79.6364 -1.24233 13.0791
    endloop
  endfacet
  facet normal 0.0334721 -0.0578793 -0.997762
    outer loop
      vertex -79.1214 -2.37947 13.1624
      vertex -79.1569 -2.4 13.1624
      vertex -79.2773 -2.10934 13.1415
    endloop
  endfacet
  facet normal -0.0676995 0.117064 0.990814
    outer loop
      vertex -79.1214 -2.37947 11.1667
      vertex -79.1265 -2.37057 11.1653
      vertex -79.1569 -2.4 11.1667
    endloop
  endfacet
  facet normal -0.0174141 0.0648728 0.997742
    outer loop
      vertex -79.516 -1.53299 11.1043
      vertex -79.5968 -1.2317 11.0833
      vertex -79.6364 -1.24233 11.0833
    endloop
  endfacet
  facet normal -0.0170144 0.0650381 0.997738
    outer loop
      vertex -79.1569 -2.4 11.1667
      vertex -79.1265 -2.37057 11.1653
      vertex -79.2773 -2.10934 11.1457
    endloop
  endfacet
  facet normal 0.5404 0.463355 0.702332
    outer loop
      vertex -79.1012 -4.10122 12.2462
      vertex -79.1569 -2.4 11.1667
      vertex -80.0229 -2.9 12.1629
    endloop
  endfacet
  facet normal 0.587441 0.402041 -0.702336
    outer loop
      vertex -78.3941 -3.39411 13.2457
      vertex -79.1012 -4.10122 12.2495
      vertex -80.0229 -2.9 12.1662
    endloop
  endfacet
  facet normal 0.587901 0.39181 -0.707713
    outer loop
      vertex -80.0229 -2.9 12.1662
      vertex -78.5856 -3.14452 13.2248
      vertex -78.3941 -3.39411 13.2457
    endloop
  endfacet
  facet normal 0.587962 0.391662 -0.707744
    outer loop
      vertex -80.0229 -2.9 12.1662
      vertex -78.9654 -2.64959 13.1833
      vertex -78.8081 -2.92205 13.1632
    endloop
  endfacet
  facet normal 0.5879 0.391809 -0.707715
    outer loop
      vertex -78.9654 -2.64959 13.1833
      vertex -80.0229 -2.9 12.1662
      vertex -79.1569 -2.4 13.1624
    endloop
  endfacet
  facet normal 0.587871 0.392015 -0.707624
    outer loop
      vertex -78.5856 -3.14452 13.2248
      vertex -80.0229 -2.9 12.1662
      vertex -78.8081 -2.92205 13.1632
    endloop
  endfacet
  facet normal 0.793362 0.60875 -0
    outer loop
      vertex -79.1012 -4.10122 12.2462
      vertex -80.0229 -2.9 12.1662
      vertex -79.1012 -4.10122 12.2495
    endloop
  endfacet
  facet normal 0.793362 0.60875 0
    outer loop
      vertex -80.0229 -2.9 12.1662
      vertex -79.1012 -4.10122 12.2462
      vertex -80.0229 -2.9 12.1629
    endloop
  endfacet
  facet normal 0.530448 0.466573 0.707767
    outer loop
      vertex -79.1012 -4.10122 12.2462
      vertex -78.5856 -3.14452 11.2291
      vertex -78.8081 -2.92205 11.2492
    endloop
  endfacet
  facet normal 0.530654 0.466411 0.707719
    outer loop
      vertex -78.5856 -3.14452 11.2291
      vertex -79.1012 -4.10122 12.2462
      vertex -78.3941 -3.39411 11.25
    endloop
  endfacet
  facet normal 0.530742 0.466407 0.707657
    outer loop
      vertex -78.9654 -2.64959 11.1876
      vertex -79.1012 -4.10122 12.2462
      vertex -78.8081 -2.92205 11.2492
    endloop
  endfacet
  facet normal 0.530685 0.466432 0.707683
    outer loop
      vertex -79.1012 -4.10122 12.2462
      vertex -78.9654 -2.64959 11.1876
      vertex -79.1569 -2.4 11.1667
    endloop
  endfacet
  facet normal 0.0477305 -0.0469279 -0.997757
    outer loop
      vertex -79.1162 -2.38837 13.1638
      vertex -78.9654 -2.64959 13.1833
      vertex -79.1569 -2.4 13.1624
    endloop
  endfacet
  facet normal 0.0473042 -0.0472554 -0.997762
    outer loop
      vertex -78.3651 -3.36508 13.2457
      vertex -78.3941 -3.39411 13.2457
      vertex -78.5856 -3.14452 13.2248
    endloop
  endfacet
  facet normal 0.0673766 -0.116506 -0.990902
    outer loop
      vertex -79.1214 -2.37947 13.1624
      vertex -79.1162 -2.38837 13.1638
      vertex -79.1569 -2.4 13.1624
    endloop
  endfacet
  facet normal -0.0959085 0.0958094 0.990768
    outer loop
      vertex -78.3651 -3.36508 11.25
      vertex -78.3723 -3.35781 11.2486
      vertex -78.3941 -3.39411 11.25
    endloop
  endfacet
  facet normal -0.0334677 0.0578716 0.997763
    outer loop
      vertex -78.9654 -2.64959 11.1876
      vertex -79.1214 -2.37947 11.1667
      vertex -79.1569 -2.4 11.1667
    endloop
  endfacet
  facet normal -0.0329494 0.0582688 0.997757
    outer loop
      vertex -78.3941 -3.39411 11.25
      vertex -78.3723 -3.35781 11.2486
      vertex -78.5856 -3.14452 11.2291
    endloop
  endfacet
  facet normal 0.402054 0.58743 0.702338
    outer loop
      vertex -77.9 -5.02295 12.3295
      vertex -78.3941 -3.39411 11.25
      vertex -79.1012 -4.10122 12.2462
    endloop
  endfacet
  facet normal 0.466547 0.530421 -0.707804
    outer loop
      vertex -79.1012 -4.10122 12.2495
      vertex -77.6496 -3.9654 13.3081
      vertex -77.4 -4.15692 13.3291
    endloop
  endfacet
  facet normal 0.466495 0.530607 -0.707699
    outer loop
      vertex -79.1012 -4.10122 12.2495
      vertex -78.1445 -3.58563 13.2667
      vertex -77.9221 -3.8081 13.2465
    endloop
  endfacet
  facet normal 0.46659 0.530486 -0.707727
    outer loop
      vertex -78.1445 -3.58563 13.2667
      vertex -79.1012 -4.10122 12.2495
      vertex -78.3941 -3.39411 13.2457
    endloop
  endfacet
  facet normal 0.466375 0.530819 -0.707619
    outer loop
      vertex -77.6496 -3.9654 13.3081
      vertex -79.1012 -4.10122 12.2495
      vertex -77.9221 -3.8081 13.2465
    endloop
  endfacet
  facet normal 0.463401 0.540357 -0.702335
    outer loop
      vertex -77.4 -4.15692 13.3291
      vertex -77.9 -5.02295 12.3329
      vertex -79.1012 -4.10122 12.2495
    endloop
  endfacet
  facet normal 0.608768 0.793348 -0
    outer loop
      vertex -77.9 -5.02295 12.3295
      vertex -79.1012 -4.10122 12.2495
      vertex -77.9 -5.02295 12.3329
    endloop
  endfacet
  facet normal 0.608768 0.793348 0
    outer loop
      vertex -79.1012 -4.10122 12.2495
      vertex -77.9 -5.02295 12.3295
      vertex -79.1012 -4.10122 12.2462
    endloop
  endfacet
  facet normal 0.391824 0.58788 0.707723
    outer loop
      vertex -77.6496 -3.9654 11.3124
      vertex -77.9 -5.02295 12.3295
      vertex -77.4 -4.15692 11.3333
    endloop
  endfacet
  facet normal 0.391817 0.587883 0.707724
    outer loop
      vertex -77.9221 -3.8081 11.3326
      vertex -77.9 -5.02295 12.3295
      vertex -77.6496 -3.9654 11.3124
    endloop
  endfacet
  facet normal 0.391738 0.587903 0.707751
    outer loop
      vertex -78.1445 -3.58563 11.2709
      vertex -77.9 -5.02295 12.3295
      vertex -77.9221 -3.8081 11.3326
    endloop
  endfacet
  facet normal 0.391833 0.587889 0.70771
    outer loop
      vertex -77.9 -5.02295 12.3295
      vertex -78.1445 -3.58563 11.2709
      vertex -78.3941 -3.39411 11.25
    endloop
  endfacet
  facet normal 0.0582 -0.0335518 -0.997741
    outer loop
      vertex -77.3795 -4.12136 13.3291
      vertex -77.4 -4.15692 13.3291
      vertex -77.6496 -3.9654 13.3081
    endloop
  endfacet
  facet normal 0.0584256 -0.0332575 -0.997738
    outer loop
      vertex -78.3578 -3.37234 13.2471
      vertex -78.1445 -3.58563 13.2667
      vertex -78.3941 -3.39411 13.2457
    endloop
  endfacet
  facet normal 0.0953261 -0.0952276 -0.990881
    outer loop
      vertex -78.3651 -3.36508 13.2457
      vertex -78.3578 -3.37234 13.2471
      vertex -78.3941 -3.39411 13.2457
    endloop
  endfacet
  facet normal -0.108717 0.0626741 0.992095
    outer loop
      vertex -77.3795 -4.12136 11.3333
      vertex -77.3884 -4.11622 11.332
      vertex -77.4 -4.15692 11.3333
    endloop
  endfacet
  facet normal -0.0484895 0.0456902 0.997778
    outer loop
      vertex -77.4 -4.15692 11.3333
      vertex -77.3884 -4.11622 11.332
      vertex -77.6496 -3.9654 11.3124
    endloop
  endfacet
  facet normal -0.0472946 0.0472458 0.997763
    outer loop
      vertex -78.1445 -3.58563 11.2709
      vertex -78.3651 -3.36508 11.25
      vertex -78.3941 -3.39411 11.25
    endloop
  endfacet
  facet normal 0.236274 0.67149 0.702336
    outer loop
      vertex -76.5012 -5.60237 12.4129
      vertex -77.4 -4.15692 11.3333
      vertex -77.9 -5.02295 12.3295
    endloop
  endfacet
  facet normal 0.307711 0.641885 -0.702351
    outer loop
      vertex -76.2423 -4.63644 13.4124
      vertex -76.5012 -5.60237 12.4162
      vertex -77.9 -5.02295 12.3329
    endloop
  endfacet
  facet normal 0.31317 0.633342 -0.707674
    outer loop
      vertex -77.9 -5.02295 12.3329
      vertex -76.533 -4.51605 13.3915
      vertex -76.2423 -4.63644 13.4124
    endloop
  endfacet
  facet normal 0.313203 0.633265 -0.707729
    outer loop
      vertex -77.9 -5.02295 12.3329
      vertex -77.1093 -4.27732 13.35
      vertex -76.8369 -4.43462 13.3298
    endloop
  endfacet
  facet normal 0.313172 0.633288 -0.707722
    outer loop
      vertex -77.1093 -4.27732 13.35
      vertex -77.9 -5.02295 12.3329
      vertex -77.4 -4.15692 13.3291
    endloop
  endfacet
  facet normal 0.313346 0.633119 -0.707795
    outer loop
      vertex -76.533 -4.51605 13.3915
      vertex -77.9 -5.02295 12.3329
      vertex -76.8369 -4.43462 13.3298
    endloop
  endfacet
  facet normal 0.382694 0.923875 -0
    outer loop
      vertex -76.5012 -5.60237 12.4129
      vertex -77.9 -5.02295 12.3329
      vertex -76.5012 -5.60237 12.4162
    endloop
  endfacet
  facet normal 0.382694 0.923875 0
    outer loop
      vertex -77.9 -5.02295 12.3329
      vertex -76.5012 -5.60237 12.4129
      vertex -77.9 -5.02295 12.3295
    endloop
  endfacet
  facet normal 0.226067 0.669326 0.70774
    outer loop
      vertex -76.533 -4.51605 11.3957
      vertex -76.5012 -5.60237 12.4129
      vertex -76.2423 -4.63644 11.4167
    endloop
  endfacet
  facet normal 0.226373 0.669282 0.707684
    outer loop
      vertex -76.8369 -4.43462 11.4159
      vertex -76.5012 -5.60237 12.4129
      vertex -76.533 -4.51605 11.3957
    endloop
  endfacet
  facet normal 0.226456 0.669283 0.707657
    outer loop
      vertex -77.1093 -4.27732 11.3543
      vertex -76.5012 -5.60237 12.4129
      vertex -76.8369 -4.43462 11.4159
    endloop
  endfacet
  facet normal 0.226046 0.669235 0.707833
    outer loop
      vertex -76.5012 -5.60237 12.4129
      vertex -77.1093 -4.27732 11.3543
      vertex -77.4 -4.15692 11.3333
    endloop
  endfacet
  facet normal 0.0645857 -0.017262 -0.997763
    outer loop
      vertex -76.2317 -4.59678 13.4124
      vertex -76.2423 -4.63644 13.4124
      vertex -76.533 -4.51605 13.3915
    endloop
  endfacet
  facet normal 0.0648101 -0.0167179 -0.997758
    outer loop
      vertex -77.3706 -4.1265 13.3305
      vertex -77.1093 -4.27732 13.35
      vertex -77.4 -4.15692 13.3291
    endloop
  endfacet
  facet normal 0.116933 -0.0674105 -0.990849
    outer loop
      vertex -77.3795 -4.12136 13.3291
      vertex -77.3706 -4.1265 13.3305
      vertex -77.4 -4.15692 13.3291
    endloop
  endfacet
  facet normal -0.130726 0.0349393 0.990803
    outer loop
      vertex -76.2317 -4.59678 11.4167
      vertex -76.2416 -4.59412 11.4153
      vertex -76.2423 -4.63644 11.4167
    endloop
  endfacet
  facet normal -0.0581839 0.0335425 0.997742
    outer loop
      vertex -77.1093 -4.27732 11.3543
      vertex -77.3795 -4.12136 11.3333
      vertex -77.4 -4.15692 11.3333
    endloop
  endfacet
  facet normal -0.0580094 0.033966 0.997738
    outer loop
      vertex -76.2423 -4.63644 11.4167
      vertex -76.2416 -4.59412 11.4153
      vertex -76.533 -4.51605 11.3957
    endloop
  endfacet
  facet normal 0.0544654 0.709753 0.702342
    outer loop
      vertex -75 -5.8 12.4962
      vertex -76.2423 -4.63644 11.4167
      vertex -76.5012 -5.60237 12.4129
    endloop
  endfacet
  facet normal 0.138643 0.692759 -0.707717
    outer loop
      vertex -76.5012 -5.60237 12.4162
      vertex -75.3119 -4.75893 13.4748
      vertex -75 -4.8 13.4957
    endloop
  endfacet
  facet normal 0.138774 0.692694 -0.707755
    outer loop
      vertex -76.5012 -5.60237 12.4162
      vertex -75.9304 -4.67751 13.4333
      vertex -75.6265 -4.75893 13.4132
    endloop
  endfacet
  facet normal 0.138643 0.692747 -0.707729
    outer loop
      vertex -75.9304 -4.67751 13.4333
      vertex -76.5012 -5.60237 12.4162
      vertex -76.2423 -4.63644 13.4124
    endloop
  endfacet
  facet normal 0.138566 0.692816 -0.707676
    outer loop
      vertex -75.3119 -4.75893 13.4748
      vertex -76.5012 -5.60237 12.4162
      vertex -75.6265 -4.75893 13.4132
    endloop
  endfacet
  facet normal 0.131082 0.69967 -0.702339
    outer loop
      vertex -75 -4.8 13.4957
      vertex -75 -5.8 12.4995
      vertex -76.5012 -5.60237 12.4162
    endloop
  endfacet
  facet normal 0.130522 0.991445 -0
    outer loop
      vertex -75 -5.8 12.4962
      vertex -76.5012 -5.60237 12.4162
      vertex -75 -5.8 12.4995
    endloop
  endfacet
  facet normal 0.130522 0.991445 0
    outer loop
      vertex -76.5012 -5.60237 12.4162
      vertex -75 -5.8 12.4962
      vertex -76.5012 -5.60237 12.4129
    endloop
  endfacet
  facet normal 0.0454129 0.705031 0.707721
    outer loop
      vertex -75.3119 -4.75893 11.4791
      vertex -75 -5.8 12.4962
      vertex -75 -4.8 11.5
    endloop
  endfacet
  facet normal 0.045219 0.705008 0.707756
    outer loop
      vertex -75.6265 -4.75893 11.4992
      vertex -75 -5.8 12.4962
      vertex -75.3119 -4.75893 11.4791
    endloop
  endfacet
  facet normal 0.0454567 0.705074 0.707676
    outer loop
      vertex -75.9304 -4.67751 11.4376
      vertex -75 -5.8 12.4962
      vertex -75.6265 -4.75893 11.4992
    endloop
  endfacet
  facet normal 0.0454183 0.705059 0.707693
    outer loop
      vertex -75 -5.8 12.4962
      vertex -75.9304 -4.67751 11.4376
      vertex -76.2423 -4.63644 11.4167
    endloop
  endfacet
  facet normal 0.130726 -0.0349393 -0.990803
    outer loop
      vertex -76.2317 -4.59678 13.4124
      vertex -76.2218 -4.59944 13.4138
      vertex -76.2423 -4.63644 13.4124
    endloop
  endfacet
  facet normal 0.0668587 0 -0.997762
    outer loop
      vertex -75 -4.75893 13.4957
      vertex -75 -4.8 13.4957
      vertex -75.3119 -4.75893 13.4748
    endloop
  endfacet
  facet normal 0.0669454 0.000661559 -0.997756
    outer loop
      vertex -76.2218 -4.59944 13.4138
      vertex -75.9304 -4.67751 13.4333
      vertex -76.2423 -4.63644 13.4124
    endloop
  endfacet
  facet normal -0.134684 0 0.990889
    outer loop
      vertex -75 -4.8 11.5
      vertex -75 -4.75893 11.5
      vertex -75.0103 -4.75893 11.4986
    endloop
  endfacet
  facet normal -0.0645102 0.0178331 0.997758
    outer loop
      vertex -75 -4.8 11.5
      vertex -75.0103 -4.75893 11.4986
      vertex -75.3119 -4.75893 11.4791
    endloop
  endfacet
  facet normal -0.0645857 0.017262 0.997763
    outer loop
      vertex -75.9304 -4.67751 11.4376
      vertex -76.2317 -4.59678 11.4167
      vertex -76.2423 -4.63644 11.4167
    endloop
  endfacet
  facet normal 0.131082 -0.69967 0.702339
    outer loop
      vertex -75 4.8 12.5
      vertex -75 5.8 13.4962
      vertex -76.5012 5.60237 13.5795
    endloop
  endfacet
  facet normal 0.0544199 -0.709761 -0.702338
    outer loop
      vertex -75 5.8 13.4995
      vertex -76.2423 4.63644 14.5791
      vertex -76.5012 5.60237 13.5829
    endloop
  endfacet
  facet normal 0.0451864 -0.705039 -0.707728
    outer loop
      vertex -75.3119 4.75893 14.5167
      vertex -75 5.8 13.4995
      vertex -75 4.8 14.4957
    endloop
  endfacet
  facet normal 0.0454392 -0.705069 -0.707681
    outer loop
      vertex -75.6265 4.75893 14.4965
      vertex -75 5.8 13.4995
      vertex -75.3119 4.75893 14.5167
    endloop
  endfacet
  facet normal 0.0454567 -0.705074 -0.707676
    outer loop
      vertex -75.9304 4.67751 14.5581
      vertex -75 5.8 13.4995
      vertex -75.6265 4.75893 14.4965
    endloop
  endfacet
  facet normal 0.0451708 -0.70496 -0.707807
    outer loop
      vertex -75 5.8 13.4995
      vertex -75.9304 4.67751 14.5581
      vertex -76.2423 4.63644 14.5791
    endloop
  endfacet
  facet normal 0.130522 -0.991445 0
    outer loop
      vertex -76.5012 5.60237 13.5795
      vertex -75 5.8 13.4995
      vertex -76.5012 5.60237 13.5829
    endloop
  endfacet
  facet normal 0.130522 -0.991445 0
    outer loop
      vertex -75 5.8 13.4995
      vertex -76.5012 5.60237 13.5795
      vertex -75 5.8 13.4962
    endloop
  endfacet
  facet normal 0.138643 -0.692759 0.707717
    outer loop
      vertex -76.5012 5.60237 13.5795
      vertex -75.3119 4.75893 12.5209
      vertex -75 4.8 12.5
    endloop
  endfacet
  facet normal 0.138566 -0.692778 0.707714
    outer loop
      vertex -76.5012 5.60237 13.5795
      vertex -75.9304 4.67751 12.5624
      vertex -75.6265 4.75893 12.5826
    endloop
  endfacet
  facet normal 0.138643 -0.692747 0.707729
    outer loop
      vertex -75.9304 4.67751 12.5624
      vertex -76.5012 5.60237 13.5795
      vertex -76.2423 4.63644 12.5833
    endloop
  endfacet
  facet normal 0.138817 -0.69263 0.707809
    outer loop
      vertex -75.3119 4.75893 12.5209
      vertex -76.5012 5.60237 13.5795
      vertex -75.6265 4.75893 12.5826
    endloop
  endfacet
  facet normal -0.0648397 -0.0177498 -0.997738
    outer loop
      vertex -75 4.8 14.4957
      vertex -75.0103 4.75893 14.4971
      vertex -75.3119 4.75893 14.5167
    endloop
  endfacet
  facet normal -0.0648934 -0.0173442 -0.997741
    outer loop
      vertex -75.9304 4.67751 14.5581
      vertex -76.2317 4.59678 14.5791
      vertex -76.2423 4.63644 14.5791
    endloop
  endfacet
  facet normal -0.134684 -0 -0.990889
    outer loop
      vertex -75 4.8 14.4957
      vertex -75 4.75893 14.4957
      vertex -75.0103 4.75893 14.4971
    endloop
  endfacet
  facet normal 0.121542 0.0324846 0.992055
    outer loop
      vertex -76.2317 4.59678 12.5833
      vertex -76.2218 4.59944 12.582
      vertex -76.2423 4.63644 12.5833
    endloop
  endfacet
  facet normal 0.0668587 -0 0.997762
    outer loop
      vertex -75 4.75893 12.5
      vertex -75 4.8 12.5
      vertex -75.3119 4.75893 12.5209
    endloop
  endfacet
  facet normal 0.0666159 0.00185176 0.997777
    outer loop
      vertex -76.2218 4.59944 12.582
      vertex -75.9304 4.67751 12.5624
      vertex -76.2423 4.63644 12.5833
    endloop
  endfacet
  facet normal 0.307755 -0.641869 0.702347
    outer loop
      vertex -76.2423 4.63644 12.5833
      vertex -76.5012 5.60237 13.5795
      vertex -77.9 5.02295 13.6629
    endloop
  endfacet
  facet normal 0.226284 -0.669261 -0.707733
    outer loop
      vertex -76.533 4.51605 14.6
      vertex -76.5012 5.60237 13.5829
      vertex -76.2423 4.63644 14.5791
    endloop
  endfacet
  facet normal 0.226367 -0.669249 -0.707718
    outer loop
      vertex -76.8369 4.43462 14.5798
      vertex -76.5012 5.60237 13.5829
      vertex -76.533 4.51605 14.6
    endloop
  endfacet
  facet normal 0.226145 -0.669247 -0.70779
    outer loop
      vertex -77.1093 4.27732 14.6415
      vertex -76.5012 5.60237 13.5829
      vertex -76.8369 4.43462 14.5798
    endloop
  endfacet
  facet normal 0.22631 -0.669266 -0.707719
    outer loop
      vertex -76.5012 5.60237 13.5829
      vertex -77.1093 4.27732 14.6415
      vertex -77.4 4.15692 14.6624
    endloop
  endfacet
  facet normal 0.236316 -0.671471 -0.70234
    outer loop
      vertex -76.5012 5.60237 13.5829
      vertex -77.4 4.15692 14.6624
      vertex -77.9 5.02295 13.6662
    endloop
  endfacet
  facet normal 0.382694 -0.923875 0
    outer loop
      vertex -77.9 5.02295 13.6629
      vertex -76.5012 5.60237 13.5829
      vertex -77.9 5.02295 13.6662
    endloop
  endfacet
  facet normal 0.382694 -0.923875 0
    outer loop
      vertex -76.5012 5.60237 13.5829
      vertex -77.9 5.02295 13.6629
      vertex -76.5012 5.60237 13.5795
    endloop
  endfacet
  facet normal 0.313335 -0.633133 0.707788
    outer loop
      vertex -77.9 5.02295 13.6629
      vertex -76.533 4.51605 12.6043
      vertex -76.2423 4.63644 12.5833
    endloop
  endfacet
  facet normal 0.313222 -0.633293 0.707695
    outer loop
      vertex -77.9 5.02295 13.6629
      vertex -77.1093 4.27732 12.6457
      vertex -76.8369 4.43462 12.6659
    endloop
  endfacet
  facet normal 0.313372 -0.633181 0.707729
    outer loop
      vertex -77.1093 4.27732 12.6457
      vertex -77.9 5.02295 13.6629
      vertex -77.4 4.15692 12.6667
    endloop
  endfacet
  facet normal 0.313152 -0.633364 0.707662
    outer loop
      vertex -76.533 4.51605 12.6043
      vertex -77.9 5.02295 13.6629
      vertex -76.8369 4.43462 12.6659
    endloop
  endfacet
  facet normal -0.130726 -0.0349393 -0.990803
    outer loop
      vertex -76.2317 4.59678 14.5791
      vertex -76.2416 4.59412 14.5805
      vertex -76.2423 4.63644 14.5791
    endloop
  endfacet
  facet normal -0.0576697 -0.033961 -0.997758
    outer loop
      vertex -76.2423 4.63644 14.5791
      vertex -76.2416 4.59412 14.5805
      vertex -76.533 4.51605 14.6
    endloop
  endfacet
  facet normal -0.0579081 -0.0333835 -0.997764
    outer loop
      vertex -77.1093 4.27732 14.6415
      vertex -77.3795 4.12136 14.6624
      vertex -77.4 4.15692 14.6624
    endloop
  endfacet
  facet normal 0.116933 0.0674105 0.990849
    outer loop
      vertex -77.3795 4.12136 12.6667
      vertex -77.3706 4.1265 12.6653
      vertex -77.4 4.15692 12.6667
    endloop
  endfacet
  facet normal 0.0648934 0.0173442 0.997741
    outer loop
      vertex -76.2317 4.59678 12.5833
      vertex -76.2423 4.63644 12.5833
      vertex -76.533 4.51605 12.6043
    endloop
  endfacet
  facet normal 0.0650539 0.0169544 0.997738
    outer loop
      vertex -77.3706 4.1265 12.6653
      vertex -77.1093 4.27732 12.6457
      vertex -77.4 4.15692 12.6667
    endloop
  endfacet
  facet normal 0.463364 -0.540383 0.702339
    outer loop
      vertex -77.4 4.15692 12.6667
      vertex -77.9 5.02295 13.6629
      vertex -79.1012 4.10122 13.7462
    endloop
  endfacet
  facet normal 0.402054 -0.58743 -0.702338
    outer loop
      vertex -77.9 5.02295 13.6662
      vertex -78.3941 3.39411 14.7457
      vertex -79.1012 4.10122 13.7495
    endloop
  endfacet
  facet normal 0.391824 -0.58788 -0.707723
    outer loop
      vertex -77.6496 3.9654 14.6833
      vertex -77.9 5.02295 13.6662
      vertex -77.4 4.15692 14.6624
    endloop
  endfacet
  facet normal 0.391611 -0.587971 -0.707765
    outer loop
      vertex -77.9221 3.8081 14.6632
      vertex -77.9 5.02295 13.6662
      vertex -77.6496 3.9654 14.6833
    endloop
  endfacet
  facet normal 0.392048 -0.587857 -0.707617
    outer loop
      vertex -78.1445 3.58563 14.7248
      vertex -77.9 5.02295 13.6662
      vertex -77.9221 3.8081 14.6632
    endloop
  endfacet
  facet normal 0.391833 -0.587889 -0.70771
    outer loop
      vertex -77.9 5.02295 13.6662
      vertex -78.1445 3.58563 14.7248
      vertex -78.3941 3.39411 14.7457
    endloop
  endfacet
  facet normal 0.608768 -0.793348 0
    outer loop
      vertex -79.1012 4.10122 13.7462
      vertex -77.9 5.02295 13.6662
      vertex -79.1012 4.10122 13.7495
    endloop
  endfacet
  facet normal 0.608768 -0.793348 0
    outer loop
      vertex -77.9 5.02295 13.6662
      vertex -79.1012 4.10122 13.7462
      vertex -77.9 5.02295 13.6629
    endloop
  endfacet
  facet normal 0.466442 -0.530666 0.707691
    outer loop
      vertex -79.1012 4.10122 13.7462
      vertex -77.6496 3.9654 12.6876
      vertex -77.4 4.15692 12.6667
    endloop
  endfacet
  facet normal 0.466608 -0.530408 0.707774
    outer loop
      vertex -79.1012 4.10122 13.7462
      vertex -78.1445 3.58563 12.7291
      vertex -77.9221 3.8081 12.7492
    endloop
  endfacet
  facet normal 0.466425 -0.530641 0.70772
    outer loop
      vertex -78.1445 3.58563 12.7291
      vertex -79.1012 4.10122 13.7462
      vertex -78.3941 3.39411 12.75
    endloop
  endfacet
  facet normal 0.466375 -0.530819 0.707619
    outer loop
      vertex -77.6496 3.9654 12.6876
      vertex -79.1012 4.10122 13.7462
      vertex -77.9221 3.8081 12.7492
    endloop
  endfacet
  facet normal -0.0472946 -0.0472458 -0.997763
    outer loop
      vertex -78.1445 3.58563 14.7248
      vertex -78.3651 3.36508 14.7457
      vertex -78.3941 3.39411 14.7457
    endloop
  endfacet
  facet normal -0.046945 -0.0477008 -0.997758
    outer loop
      vertex -77.4 4.15692 14.6624
      vertex -77.3884 4.11622 14.6638
      vertex -77.6496 3.9654 14.6833
    endloop
  endfacet
  facet normal -0.116933 -0.0674105 -0.990849
    outer loop
      vertex -77.3795 4.12136 14.6624
      vertex -77.3884 4.11622 14.6638
      vertex -77.4 4.15692 14.6624
    endloop
  endfacet
  facet normal 0.0953261 0.0952276 0.990881
    outer loop
      vertex -78.3651 3.36508 12.75
      vertex -78.3578 3.37234 12.7486
      vertex -78.3941 3.39411 12.75
    endloop
  endfacet
  facet normal 0.0582514 0.0329657 0.997758
    outer loop
      vertex -78.3578 3.37234 12.7486
      vertex -78.1445 3.58563 12.7291
      vertex -78.3941 3.39411 12.75
    endloop
  endfacet
  facet normal 0.0579241 0.0333927 0.997762
    outer loop
      vertex -77.3795 4.12136 12.6667
      vertex -77.4 4.15692 12.6667
      vertex -77.6496 3.9654 12.6876
    endloop
  endfacet
  facet normal 0.587441 -0.402041 0.702336
    outer loop
      vertex -78.3941 3.39411 12.75
      vertex -79.1012 4.10122 13.7462
      vertex -80.0229 2.9 13.8295
    endloop
  endfacet
  facet normal 0.530647 -0.466461 -0.707692
    outer loop
      vertex -79.1012 4.10122 13.7495
      vertex -78.5856 3.14452 14.7667
      vertex -78.8081 2.92205 14.7465
    endloop
  endfacet
  facet normal 0.530499 -0.466577 -0.707726
    outer loop
      vertex -78.5856 3.14452 14.7667
      vertex -79.1012 4.10122 13.7495
      vertex -78.3941 3.39411 14.7457
    endloop
  endfacet
  facet normal 0.530742 -0.466407 -0.707657
    outer loop
      vertex -78.9654 2.64959 14.8081
      vertex -79.1012 4.10122 13.7495
      vertex -78.8081 2.92205 14.7465
    endloop
  endfacet
  facet normal 0.53044 -0.466537 -0.707797
    outer loop
      vertex -79.1012 4.10122 13.7495
      vertex -78.9654 2.64959 14.8081
      vertex -79.1569 2.4 14.8291
    endloop
  endfacet
  facet normal 0.540373 -0.463392 -0.702328
    outer loop
      vertex -79.1012 4.10122 13.7495
      vertex -79.1569 2.4 14.8291
      vertex -80.0229 2.9 13.8329
    endloop
  endfacet
  facet normal 0.793362 -0.60875 0
    outer loop
      vertex -80.0229 2.9 13.8295
      vertex -79.1012 4.10122 13.7495
      vertex -80.0229 2.9 13.8329
    endloop
  endfacet
  facet normal 0.793362 -0.60875 0
    outer loop
      vertex -79.1012 4.10122 13.7495
      vertex -80.0229 2.9 13.8295
      vertex -79.1012 4.10122 13.7462
    endloop
  endfacet
  facet normal 0.587901 -0.39181 0.707713
    outer loop
      vertex -80.0229 2.9 13.8295
      vertex -78.5856 3.14452 12.7709
      vertex -78.3941 3.39411 12.75
    endloop
  endfacet
  facet normal 0.587874 -0.391868 0.707703
    outer loop
      vertex -80.0229 2.9 13.8295
      vertex -78.9654 2.64959 12.8124
      vertex -78.8081 2.92205 12.8326
    endloop
  endfacet
  facet normal 0.5879 -0.391809 0.707715
    outer loop
      vertex -78.9654 2.64959 12.8124
      vertex -80.0229 2.9 13.8295
      vertex -79.1569 2.4 12.8333
    endloop
  endfacet
  facet normal 0.587916 -0.391706 0.707758
    outer loop
      vertex -78.5856 3.14452 12.7709
      vertex -80.0229 2.9 13.8295
      vertex -78.8081 2.92205 12.8326
    endloop
  endfacet
  facet normal -0.033241 -0.0584431 -0.997737
    outer loop
      vertex -78.3941 3.39411 14.7457
      vertex -78.3723 3.35781 14.7471
      vertex -78.5856 3.14452 14.7667
    endloop
  endfacet
  facet normal -0.0336271 -0.0581473 -0.997742
    outer loop
      vertex -78.9654 2.64959 14.8081
      vertex -79.1214 2.37947 14.8291
      vertex -79.1569 2.4 14.8291
    endloop
  endfacet
  facet normal -0.0959085 -0.0958094 -0.990768
    outer loop
      vertex -78.3651 3.36508 14.7457
      vertex -78.3723 3.35781 14.7471
      vertex -78.3941 3.39411 14.7457
    endloop
  endfacet
  facet normal 0.0626422 0.108319 0.992141
    outer loop
      vertex -79.1214 2.37947 12.8333
      vertex -79.1162 2.38837 12.832
      vertex -79.1569 2.4 12.8333
    endloop
  endfacet
  facet normal 0.0473042 0.0472554 0.997762
    outer loop
      vertex -78.3651 3.36508 12.75
      vertex -78.3941 3.39411 12.75
      vertex -78.5856 3.14452 12.7709
    endloop
  endfacet
  facet normal 0.0457208 0.0484716 0.997778
    outer loop
      vertex -79.1162 2.38837 12.832
      vertex -78.9654 2.64959 12.8124
      vertex -79.1569 2.4 12.8333
    endloop
  endfacet
  facet normal 0.671487 -0.236303 0.702329
    outer loop
      vertex -79.1569 2.4 12.8333
      vertex -80.0229 2.9 13.8295
      vertex -80.6024 1.50115 13.9129
    endloop
  endfacet
  facet normal 0.641867 -0.30773 -0.702359
    outer loop
      vertex -80.0229 2.9 13.8329
      vertex -79.6364 1.24233 14.9124
      vertex -80.6024 1.50115 13.9162
    endloop
  endfacet
  facet normal 0.633313 -0.313164 -0.707703
    outer loop
      vertex -80.0229 2.9 13.8329
      vertex -79.2773 2.10934 14.85
      vertex -79.4346 1.83688 14.8298
    endloop
  endfacet
  facet normal 0.633285 -0.313213 -0.707706
    outer loop
      vertex -80.0229 2.9 13.8329
      vertex -79.516 1.53299 14.8915
      vertex -79.6364 1.24233 14.9124
    endloop
  endfacet
  facet normal 0.633278 -0.313211 -0.707713
    outer loop
      vertex -79.2773 2.10934 14.85
      vertex -80.0229 2.9 13.8329
      vertex -79.1569 2.4 14.8291
    endloop
  endfacet
  facet normal 0.633172 -0.313302 -0.707767
    outer loop
      vertex -79.516 1.53299 14.8915
      vertex -80.0229 2.9 13.8329
      vertex -79.4346 1.83688 14.8298
    endloop
  endfacet
  facet normal 0.923861 -0.382727 0
    outer loop
      vertex -80.6024 1.50115 13.9129
      vertex -80.0229 2.9 13.8329
      vertex -80.6024 1.50115 13.9162
    endloop
  endfacet
  facet normal 0.923861 -0.382727 0
    outer loop
      vertex -80.0229 2.9 13.8329
      vertex -80.6024 1.50115 13.9129
      vertex -80.0229 2.9 13.8295
    endloop
  endfacet
  facet normal 0.669233 -0.226076 0.707825
    outer loop
      vertex -80.6024 1.50115 13.9129
      vertex -79.2773 2.10934 12.8543
      vertex -79.1569 2.4 12.8333
    endloop
  endfacet
  facet normal 0.669269 -0.226313 0.707715
    outer loop
      vertex -80.6024 1.50115 13.9129
      vertex -79.516 1.53299 12.8957
      vertex -79.4346 1.83688 12.9159
    endloop
  endfacet
  facet normal 0.669298 -0.226109 0.707753
    outer loop
      vertex -79.516 1.53299 12.8957
      vertex -80.6024 1.50115 13.9129
      vertex -79.6364 1.24233 12.9167
    endloop
  endfacet
  facet normal 0.66927 -0.226391 0.70769
    outer loop
      vertex -79.2773 2.10934 12.8543
      vertex -80.6024 1.50115 13.9129
      vertex -79.4346 1.83688 12.9159
    endloop
  endfacet
  facet normal -0.0173315 -0.0645652 -0.997763
    outer loop
      vertex -79.516 1.53299 14.8915
      vertex -79.5968 1.2317 14.9124
      vertex -79.6364 1.24233 14.9124
    endloop
  endfacet
  facet normal -0.0167775 -0.0647943 -0.997758
    outer loop
      vertex -79.1569 2.4 14.8291
      vertex -79.1265 2.37057 14.8305
      vertex -79.2773 2.10934 14.85
    endloop
  endfacet
  facet normal -0.0676995 -0.117064 -0.990814
    outer loop
      vertex -79.1214 2.37947 14.8291
      vertex -79.1265 2.37057 14.8305
      vertex -79.1569 2.4 14.8291
    endloop
  endfacet
  facet normal 0.0349494 0.130197 0.990872
    outer loop
      vertex -79.5968 1.2317 12.9167
      vertex -79.5941 1.24163 12.9153
      vertex -79.6364 1.24233 12.9167
    endloop
  endfacet
  facet normal 0.033982 0.0580095 0.997737
    outer loop
      vertex -79.5941 1.24163 12.9153
      vertex -79.516 1.53299 12.8957
      vertex -79.6364 1.24233 12.9167
    endloop
  endfacet
  facet normal 0.0336316 0.0581549 0.997741
    outer loop
      vertex -79.1214 2.37947 12.8333
      vertex -79.1569 2.4 12.8333
      vertex -79.2773 2.10934 12.8543
    endloop
  endfacet
  facet normal 0.709733 -0.0544492 0.702364
    outer loop
      vertex -79.6364 1.24233 12.9167
      vertex -80.6024 1.50115 13.9129
      vertex -80.8 0 13.9962
    endloop
  endfacet
  facet normal 0.991447 -0.130507 0
    outer loop
      vertex -80.8 0 13.9962
      vertex -80.6024 1.50115 13.9162
      vertex -80.8 0 13.9995
    endloop
  endfacet
  facet normal 0.991447 -0.130507 0
    outer loop
      vertex -80.6024 1.50115 13.9162
      vertex -80.8 0 13.9962
      vertex -80.6024 1.50115 13.9129
    endloop
  endfacet
  facet normal 0.6927 -0.138699 -0.707764
    outer loop
      vertex -80.6024 1.50115 13.9162
      vertex -79.7589 0.311914 14.9748
      vertex -79.8 0 14.9957
    endloop
  endfacet
  facet normal 0.692701 -0.138734 -0.707756
    outer loop
      vertex -80.6024 1.50115 13.9162
      vertex -79.6775 0.930416 14.9333
      vertex -79.7589 0.626525 14.9132
    endloop
  endfacet
  facet normal 0.692714 -0.1387 -0.70775
    outer loop
      vertex -79.6775 0.930416 14.9333
      vertex -80.6024 1.50115 13.9162
      vertex -79.6364 1.24233 14.9124
    endloop
  endfacet
  facet normal 0.6928 -0.138564 -0.707692
    outer loop
      vertex -79.7589 0.311914 14.9748
      vertex -80.6024 1.50115 13.9162
      vertex -79.7589 0.626525 14.9132
    endloop
  endfacet
  facet normal 0.699671 -0.131073 -0.70234
    outer loop
      vertex -80.6024 1.50115 13.9162
      vertex -79.8 0 14.9957
      vertex -80.8 0 13.9995
    endloop
  endfacet
  facet normal 0.705084 -0.0454894 0.707663
    outer loop
      vertex -80.8 0 13.9962
      vertex -79.6775 0.930416 12.9376
      vertex -79.6364 1.24233 12.9167
    endloop
  endfacet
  facet normal 0.704998 -0.0452181 0.707766
    outer loop
      vertex -80.8 0 13.9962
      vertex -79.7589 0.311914 12.9791
      vertex -79.7589 0.626525 12.9992
    endloop
  endfacet
  facet normal 0.705029 -0.0454785 0.707719
    outer loop
      vertex -79.7589 0.311914 12.9791
      vertex -80.8 0 13.9962
      vertex -79.8 0 13
    endloop
  endfacet
  facet normal 0.705048 -0.0453987 0.707705
    outer loop
      vertex -79.6775 0.930416 12.9376
      vertex -80.8 0 13.9962
      vertex -79.7589 0.626525 12.9992
    endloop
  endfacet
  facet normal -0.035036 -0.13052 -0.990826
    outer loop
      vertex -79.5968 1.2317 14.9124
      vertex -79.5994 1.22177 14.9138
      vertex -79.6364 1.24233 14.9124
    endloop
  endfacet
  facet normal 0.000561929 -0.0669294 -0.997758
    outer loop
      vertex -79.6364 1.24233 14.9124
      vertex -79.5994 1.22177 14.9138
      vertex -79.6775 0.930416 14.9333
    endloop
  endfacet
  facet normal 0 -0.0668557 -0.997763
    outer loop
      vertex -79.7589 0.311914 14.9748
      vertex -79.7589 0 14.9957
      vertex -79.8 0 14.9957
    endloop
  endfacet
  facet normal 0 0.134967 0.99085
    outer loop
      vertex -79.7589 0 13
      vertex -79.7589 0.010278 12.9986
      vertex -79.8 0 13
    endloop
  endfacet
  facet normal 0.0173333 0.0645718 0.997763
    outer loop
      vertex -79.5968 1.2317 12.9167
      vertex -79.6364 1.24233 12.9167
      vertex -79.6775 0.930416 12.9376
    endloop
  endfacet
  facet normal 0.0178565 0.0645025 0.997758
    outer loop
      vertex -79.7589 0.010278 12.9986
      vertex -79.7589 0.311914 12.9791
      vertex -79.8 0 13
    endloop
  endfacet
  facet normal 0.699671 0.131073 0.70234
    outer loop
      vertex -80.6024 -1.50115 14.0795
      vertex -79.8 0 13
      vertex -80.8 0 13.9962
    endloop
  endfacet
  facet normal 0.709741 0.0544036 -0.702359
    outer loop
      vertex -79.6364 -1.24233 15.0791
      vertex -80.6024 -1.50115 14.0829
      vertex -80.8 0 13.9995
    endloop
  endfacet
  facet normal 0.704986 0.045242 -0.707777
    outer loop
      vertex -80.8 0 13.9995
      vertex -79.6775 -0.930416 15.0581
      vertex -79.6364 -1.24233 15.0791
    endloop
  endfacet
  facet normal 0.705059 0.0454382 -0.707692
    outer loop
      vertex -80.8 0 13.9995
      vertex -79.7589 -0.311914 15.0167
      vertex -79.7589 -0.626525 14.9965
    endloop
  endfacet
  facet normal 0.705036 0.0452521 -0.707726
    outer loop
      vertex -79.7589 -0.311914 15.0167
      vertex -80.8 0 13.9995
      vertex -79.8 0 14.9957
    endloop
  endfacet
  facet normal 0.705048 0.0453987 -0.707705
    outer loop
      vertex -79.6775 -0.930416 15.0581
      vertex -80.8 0 13.9995
      vertex -79.7589 -0.626525 14.9965
    endloop
  endfacet
  facet normal 0.991447 0.130507 -0
    outer loop
      vertex -80.6024 -1.50115 14.0795
      vertex -80.8 0 13.9995
      vertex -80.6024 -1.50115 14.0829
    endloop
  endfacet
  facet normal 0.991447 0.130507 0
    outer loop
      vertex -80.8 0 13.9995
      vertex -80.6024 -1.50115 14.0795
      vertex -80.8 0 13.9962
    endloop
  endfacet
  facet normal 0.6927 0.138699 0.707764
    outer loop
      vertex -80.6024 -1.50115 14.0795
      vertex -79.7589 -0.311914 13.0209
      vertex -79.8 0 13
    endloop
  endfacet
  facet normal 0.692784 0.138526 0.707715
    outer loop
      vertex -80.6024 -1.50115 14.0795
      vertex -79.6775 -0.930416 13.0624
      vertex -79.7589 -0.626525 13.0826
    endloop
  endfacet
  facet normal 0.692714 0.1387 0.70775
    outer loop
      vertex -79.6775 -0.930416 13.0624
      vertex -80.6024 -1.50115 14.0795
      vertex -79.6364 -1.24233 13.0833
    endloop
  endfacet
  facet normal 0.692614 0.138815 0.707825
    outer loop
      vertex -79.7589 -0.311914 13.0209
      vertex -80.6024 -1.50115 14.0795
      vertex -79.7589 -0.626525 13.0826
    endloop
  endfacet
  facet normal 0.0177735 -0.064832 -0.997738
    outer loop
      vertex -79.7589 -0.010278 14.9971
      vertex -79.7589 -0.311914 15.0167
      vertex -79.8 0 14.9957
    endloop
  endfacet
  facet normal 0.0174158 -0.0648793 -0.997741
    outer loop
      vertex -79.5968 -1.2317 15.0791
      vertex -79.6364 -1.24233 15.0791
      vertex -79.6775 -0.930416 15.0581
    endloop
  endfacet
  facet normal -0 -0.134967 -0.99085
    outer loop
      vertex -79.7589 0 14.9957
      vertex -79.7589 -0.010278 14.9971
      vertex -79.8 0 14.9957
    endloop
  endfacet
  facet normal -0.0325745 0.12135 0.992075
    outer loop
      vertex -79.5968 -1.2317 13.0833
      vertex -79.5994 -1.22177 13.082
      vertex -79.6364 -1.24233 13.0833
    endloop
  endfacet
  facet normal 0 0.0668557 0.997763
    outer loop
      vertex -79.7589 -0.311914 13.0209
      vertex -79.7589 0 13
      vertex -79.8 0 13
    endloop
  endfacet
  facet normal -0.00195078 0.0665997 0.997778
    outer loop
      vertex -79.6364 -1.24233 13.0833
      vertex -79.5994 -1.22177 13.082
      vertex -79.6775 -0.930416 13.0624
    endloop
  endfacet
  facet normal 0.641851 0.307774 0.702355
    outer loop
      vertex -80.0229 -2.9 14.1629
      vertex -79.6364 -1.24233 13.0833
      vertex -80.6024 -1.50115 14.0795
    endloop
  endfacet
  facet normal 0.669264 0.226341 -0.707712
    outer loop
      vertex -80.6024 -1.50115 14.0829
      vertex -79.2773 -2.10934 15.1415
      vertex -79.1569 -2.4 15.1624
    endloop
  endfacet
  facet normal 0.669236 0.226307 -0.707749
    outer loop
      vertex -80.6024 -1.50115 14.0829
      vertex -79.516 -1.53299 15.1
      vertex -79.4346 -1.83688 15.0798
    endloop
  endfacet
  facet normal 0.669233 0.226325 -0.707746
    outer loop
      vertex -79.516 -1.53299 15.1
      vertex -80.6024 -1.50115 14.0829
      vertex -79.6364 -1.24233 15.0791
    endloop
  endfacet
  facet normal 0.669234 0.22608 -0.707824
    outer loop
      vertex -79.2773 -2.10934 15.1415
      vertex -80.6024 -1.50115 14.0829
      vertex -79.4346 -1.83688 15.0798
    endloop
  endfacet
  facet normal 0.671468 0.236345 -0.702333
    outer loop
      vertex -79.1569 -2.4 15.1624
      vertex -80.0229 -2.9 14.1662
      vertex -80.6024 -1.50115 14.0829
    endloop
  endfacet
  facet normal 0.923861 0.382727 -0
    outer loop
      vertex -80.0229 -2.9 14.1629
      vertex -80.6024 -1.50115 14.0829
      vertex -80.0229 -2.9 14.1662
    endloop
  endfacet
  facet normal 0.923861 0.382727 0
    outer loop
      vertex -80.6024 -1.50115 14.0829
      vertex -80.0229 -2.9 14.1629
      vertex -80.6024 -1.50115 14.0795
    endloop
  endfacet
  facet normal 0.633342 0.313183 0.707669
    outer loop
      vertex -80.0229 -2.9 14.1629
      vertex -79.2773 -2.10934 13.1457
      vertex -79.4346 -1.83688 13.1659
    endloop
  endfacet
  facet normal 0.633076 0.313378 0.70782
    outer loop
      vertex -80.0229 -2.9 14.1629
      vertex -79.516 -1.53299 13.1043
      vertex -79.6364 -1.24233 13.0833
    endloop
  endfacet
  facet normal 0.633171 0.313411 0.707721
    outer loop
      vertex -79.2773 -2.10934 13.1457
      vertex -80.0229 -2.9 14.1629
      vertex -79.1569 -2.4 13.1667
    endloop
  endfacet
  facet normal 0.633417 0.313108 0.707634
    outer loop
      vertex -79.516 -1.53299 13.1043
      vertex -80.0229 -2.9 14.1629
      vertex -79.4346 -1.83688 13.1659
    endloop
  endfacet
  facet normal 0.0349494 -0.130197 -0.990872
    outer loop
      vertex -79.5968 -1.2317 15.0791
      vertex -79.5941 -1.24163 15.0805
      vertex -79.6364 -1.24233 15.0791
    endloop
  endfacet
  facet normal 0.0334721 -0.0578793 -0.997762
    outer loop
      vertex -79.1214 -2.37947 15.1624
      vertex -79.1569 -2.4 15.1624
      vertex -79.2773 -2.10934 15.1415
    endloop
  endfacet
  facet normal 0.033977 -0.0576698 -0.997757
    outer loop
      vertex -79.5941 -1.24163 15.0805
      vertex -79.516 -1.53299 15.1
      vertex -79.6364 -1.24233 15.0791
    endloop
  endfacet
  facet normal -0.0676995 0.117064 0.990814
    outer loop
      vertex -79.1214 -2.37947 13.1667
      vertex -79.1265 -2.37057 13.1653
      vertex -79.1569 -2.4 13.1667
    endloop
  endfacet
  facet normal -0.0170144 0.0650381 0.997738
    outer loop
      vertex -79.1569 -2.4 13.1667
      vertex -79.1265 -2.37057 13.1653
      vertex -79.2773 -2.10934 13.1457
    endloop
  endfacet
  facet normal -0.0174141 0.0648728 0.997742
    outer loop
      vertex -79.516 -1.53299 13.1043
      vertex -79.5968 -1.2317 13.0833
      vertex -79.6364 -1.24233 13.0833
    endloop
  endfacet
  facet normal 0.5404 0.463355 0.702332
    outer loop
      vertex -79.1012 -4.10122 14.2462
      vertex -79.1569 -2.4 13.1667
      vertex -80.0229 -2.9 14.1629
    endloop
  endfacet
  facet normal 0.587441 0.402041 -0.702336
    outer loop
      vertex -78.3941 -3.39411 15.2457
      vertex -79.1012 -4.10122 14.2495
      vertex -80.0229 -2.9 14.1662
    endloop
  endfacet
  facet normal 0.587901 0.39181 -0.707713
    outer loop
      vertex -80.0229 -2.9 14.1662
      vertex -78.5856 -3.14452 15.2248
      vertex -78.3941 -3.39411 15.2457
    endloop
  endfacet
  facet normal 0.587962 0.391662 -0.707744
    outer loop
      vertex -80.0229 -2.9 14.1662
      vertex -78.9654 -2.64959 15.1833
      vertex -78.8081 -2.92205 15.1632
    endloop
  endfacet
  facet normal 0.5879 0.391809 -0.707715
    outer loop
      vertex -78.9654 -2.64959 15.1833
      vertex -80.0229 -2.9 14.1662
      vertex -79.1569 -2.4 15.1624
    endloop
  endfacet
  facet normal 0.587871 0.392015 -0.707624
    outer loop
      vertex -78.5856 -3.14452 15.2248
      vertex -80.0229 -2.9 14.1662
      vertex -78.8081 -2.92205 15.1632
    endloop
  endfacet
  facet normal 0.793362 0.60875 -0
    outer loop
      vertex -79.1012 -4.10122 14.2462
      vertex -80.0229 -2.9 14.1662
      vertex -79.1012 -4.10122 14.2495
    endloop
  endfacet
  facet normal 0.793362 0.60875 0
    outer loop
      vertex -80.0229 -2.9 14.1662
      vertex -79.1012 -4.10122 14.2462
      vertex -80.0229 -2.9 14.1629
    endloop
  endfacet
  facet normal 0.530448 0.466573 0.707767
    outer loop
      vertex -79.1012 -4.10122 14.2462
      vertex -78.5856 -3.14452 13.2291
      vertex -78.8081 -2.92205 13.2492
    endloop
  endfacet
  facet normal 0.530654 0.466411 0.707719
    outer loop
      vertex -78.5856 -3.14452 13.2291
      vertex -79.1012 -4.10122 14.2462
      vertex -78.3941 -3.39411 13.25
    endloop
  endfacet
  facet normal 0.530742 0.466407 0.707657
    outer loop
      vertex -78.9654 -2.64959 13.1876
      vertex -79.1012 -4.10122 14.2462
      vertex -78.8081 -2.92205 13.2492
    endloop
  endfacet
  facet normal 0.530685 0.466432 0.707683
    outer loop
      vertex -79.1012 -4.10122 14.2462
      vertex -78.9654 -2.64959 13.1876
      vertex -79.1569 -2.4 13.1667
    endloop
  endfacet
  facet normal 0.0473042 -0.0472554 -0.997762
    outer loop
      vertex -78.3651 -3.36508 15.2457
      vertex -78.3941 -3.39411 15.2457
      vertex -78.5856 -3.14452 15.2248
    endloop
  endfacet
  facet normal 0.0477305 -0.0469279 -0.997757
    outer loop
      vertex -79.1162 -2.38837 15.1638
      vertex -78.9654 -2.64959 15.1833
      vertex -79.1569 -2.4 15.1624
    endloop
  endfacet
  facet normal 0.0673766 -0.116506 -0.990902
    outer loop
      vertex -79.1214 -2.37947 15.1624
      vertex -79.1162 -2.38837 15.1638
      vertex -79.1569 -2.4 15.1624
    endloop
  endfacet
  facet normal -0.0959085 0.0958094 0.990768
    outer loop
      vertex -78.3651 -3.36508 13.25
      vertex -78.3723 -3.35781 13.2486
      vertex -78.3941 -3.39411 13.25
    endloop
  endfacet
  facet normal -0.0329494 0.0582688 0.997757
    outer loop
      vertex -78.3941 -3.39411 13.25
      vertex -78.3723 -3.35781 13.2486
      vertex -78.5856 -3.14452 13.2291
    endloop
  endfacet
  facet normal -0.0334677 0.0578716 0.997763
    outer loop
      vertex -78.9654 -2.64959 13.1876
      vertex -79.1214 -2.37947 13.1667
      vertex -79.1569 -2.4 13.1667
    endloop
  endfacet
  facet normal 0.402054 0.58743 0.702338
    outer loop
      vertex -77.9 -5.02295 14.3295
      vertex -78.3941 -3.39411 13.25
      vertex -79.1012 -4.10122 14.2462
    endloop
  endfacet
  facet normal 0.466547 0.530421 -0.707804
    outer loop
      vertex -79.1012 -4.10122 14.2495
      vertex -77.6496 -3.9654 15.3081
      vertex -77.4 -4.15692 15.3291
    endloop
  endfacet
  facet normal 0.466495 0.530607 -0.707699
    outer loop
      vertex -79.1012 -4.10122 14.2495
      vertex -78.1445 -3.58563 15.2667
      vertex -77.9221 -3.8081 15.2465
    endloop
  endfacet
  facet normal 0.46659 0.530486 -0.707727
    outer loop
      vertex -78.1445 -3.58563 15.2667
      vertex -79.1012 -4.10122 14.2495
      vertex -78.3941 -3.39411 15.2457
    endloop
  endfacet
  facet normal 0.466375 0.530819 -0.707619
    outer loop
      vertex -77.6496 -3.9654 15.3081
      vertex -79.1012 -4.10122 14.2495
      vertex -77.9221 -3.8081 15.2465
    endloop
  endfacet
  facet normal 0.463401 0.540357 -0.702335
    outer loop
      vertex -77.4 -4.15692 15.3291
      vertex -77.9 -5.02295 14.3329
      vertex -79.1012 -4.10122 14.2495
    endloop
  endfacet
  facet normal 0.608768 0.793348 -0
    outer loop
      vertex -77.9 -5.02295 14.3295
      vertex -79.1012 -4.10122 14.2495
      vertex -77.9 -5.02295 14.3329
    endloop
  endfacet
  facet normal 0.608768 0.793348 0
    outer loop
      vertex -79.1012 -4.10122 14.2495
      vertex -77.9 -5.02295 14.3295
      vertex -79.1012 -4.10122 14.2462
    endloop
  endfacet
  facet normal 0.391824 0.58788 0.707723
    outer loop
      vertex -77.6496 -3.9654 13.3124
      vertex -77.9 -5.02295 14.3295
      vertex -77.4 -4.15692 13.3333
    endloop
  endfacet
  facet normal 0.391817 0.587883 0.707724
    outer loop
      vertex -77.9221 -3.8081 13.3326
      vertex -77.9 -5.02295 14.3295
      vertex -77.6496 -3.9654 13.3124
    endloop
  endfacet
  facet normal 0.391738 0.587903 0.707751
    outer loop
      vertex -78.1445 -3.58563 13.2709
      vertex -77.9 -5.02295 14.3295
      vertex -77.9221 -3.8081 13.3326
    endloop
  endfacet
  facet normal 0.391833 0.587889 0.70771
    outer loop
      vertex -77.9 -5.02295 14.3295
      vertex -78.1445 -3.58563 13.2709
      vertex -78.3941 -3.39411 13.25
    endloop
  endfacet
  facet normal 0.0584256 -0.0332575 -0.997738
    outer loop
      vertex -78.3578 -3.37234 15.2471
      vertex -78.1445 -3.58563 15.2667
      vertex -78.3941 -3.39411 15.2457
    endloop
  endfacet
  facet normal 0.0582 -0.0335518 -0.997741
    outer loop
      vertex -77.3795 -4.12136 15.3291
      vertex -77.4 -4.15692 15.3291
      vertex -77.6496 -3.9654 15.3081
    endloop
  endfacet
  facet normal 0.0953261 -0.0952276 -0.990881
    outer loop
      vertex -78.3651 -3.36508 15.2457
      vertex -78.3578 -3.37234 15.2471
      vertex -78.3941 -3.39411 15.2457
    endloop
  endfacet
  facet normal -0.108717 0.0626741 0.992095
    outer loop
      vertex -77.3795 -4.12136 13.3333
      vertex -77.3884 -4.11622 13.332
      vertex -77.4 -4.15692 13.3333
    endloop
  endfacet
  facet normal -0.0472946 0.0472458 0.997763
    outer loop
      vertex -78.1445 -3.58563 13.2709
      vertex -78.3651 -3.36508 13.25
      vertex -78.3941 -3.39411 13.25
    endloop
  endfacet
  facet normal -0.0484895 0.0456902 0.997778
    outer loop
      vertex -77.4 -4.15692 13.3333
      vertex -77.3884 -4.11622 13.332
      vertex -77.6496 -3.9654 13.3124
    endloop
  endfacet
  facet normal 0.236274 0.67149 0.702336
    outer loop
      vertex -76.5012 -5.60237 14.4129
      vertex -77.4 -4.15692 13.3333
      vertex -77.9 -5.02295 14.3295
    endloop
  endfacet
  facet normal 0.307711 0.641885 -0.702351
    outer loop
      vertex -76.2423 -4.63644 15.4124
      vertex -76.5012 -5.60237 14.4162
      vertex -77.9 -5.02295 14.3329
    endloop
  endfacet
  facet normal 0.31317 0.633342 -0.707674
    outer loop
      vertex -77.9 -5.02295 14.3329
      vertex -76.533 -4.51605 15.3915
      vertex -76.2423 -4.63644 15.4124
    endloop
  endfacet
  facet normal 0.313203 0.633265 -0.707729
    outer loop
      vertex -77.9 -5.02295 14.3329
      vertex -77.1093 -4.27732 15.35
      vertex -76.8369 -4.43462 15.3298
    endloop
  endfacet
  facet normal 0.313172 0.633288 -0.707722
    outer loop
      vertex -77.1093 -4.27732 15.35
      vertex -77.9 -5.02295 14.3329
      vertex -77.4 -4.15692 15.3291
    endloop
  endfacet
  facet normal 0.313346 0.633119 -0.707795
    outer loop
      vertex -76.533 -4.51605 15.3915
      vertex -77.9 -5.02295 14.3329
      vertex -76.8369 -4.43462 15.3298
    endloop
  endfacet
  facet normal 0.382694 0.923875 -0
    outer loop
      vertex -76.5012 -5.60237 14.4129
      vertex -77.9 -5.02295 14.3329
      vertex -76.5012 -5.60237 14.4162
    endloop
  endfacet
  facet normal 0.382694 0.923875 0
    outer loop
      vertex -77.9 -5.02295 14.3329
      vertex -76.5012 -5.60237 14.4129
      vertex -77.9 -5.02295 14.3295
    endloop
  endfacet
  facet normal 0.226067 0.669326 0.70774
    outer loop
      vertex -76.533 -4.51605 13.3957
      vertex -76.5012 -5.60237 14.4129
      vertex -76.2423 -4.63644 13.4167
    endloop
  endfacet
  facet normal 0.226373 0.669282 0.707684
    outer loop
      vertex -76.8369 -4.43462 13.4159
      vertex -76.5012 -5.60237 14.4129
      vertex -76.533 -4.51605 13.3957
    endloop
  endfacet
  facet normal 0.226456 0.669283 0.707657
    outer loop
      vertex -77.1093 -4.27732 13.3543
      vertex -76.5012 -5.60237 14.4129
      vertex -76.8369 -4.43462 13.4159
    endloop
  endfacet
  facet normal 0.226046 0.669235 0.707833
    outer loop
      vertex -76.5012 -5.60237 14.4129
      vertex -77.1093 -4.27732 13.3543
      vertex -77.4 -4.15692 13.3333
    endloop
  endfacet
  facet normal 0.0648101 -0.0167179 -0.997758
    outer loop
      vertex -77.3706 -4.1265 15.3305
      vertex -77.1093 -4.27732 15.35
      vertex -77.4 -4.15692 15.3291
    endloop
  endfacet
  facet normal 0.0645857 -0.017262 -0.997763
    outer loop
      vertex -76.2317 -4.59678 15.4124
      vertex -76.2423 -4.63644 15.4124
      vertex -76.533 -4.51605 15.3915
    endloop
  endfacet
  facet normal 0.116933 -0.0674105 -0.990849
    outer loop
      vertex -77.3795 -4.12136 15.3291
      vertex -77.3706 -4.1265 15.3305
      vertex -77.4 -4.15692 15.3291
    endloop
  endfacet
  facet normal -0.130726 0.0349393 0.990803
    outer loop
      vertex -76.2317 -4.59678 13.4167
      vertex -76.2416 -4.59412 13.4153
      vertex -76.2423 -4.63644 13.4167
    endloop
  endfacet
  facet normal -0.0581839 0.0335425 0.997742
    outer loop
      vertex -77.1093 -4.27732 13.3543
      vertex -77.3795 -4.12136 13.3333
      vertex -77.4 -4.15692 13.3333
    endloop
  endfacet
  facet normal -0.0580094 0.033966 0.997738
    outer loop
      vertex -76.2423 -4.63644 13.4167
      vertex -76.2416 -4.59412 13.4153
      vertex -76.533 -4.51605 13.3957
    endloop
  endfacet
  facet normal 0.0544654 0.709753 0.702342
    outer loop
      vertex -75 -5.8 14.4962
      vertex -76.2423 -4.63644 13.4167
      vertex -76.5012 -5.60237 14.4129
    endloop
  endfacet
  facet normal 0.138643 0.692759 -0.707717
    outer loop
      vertex -76.5012 -5.60237 14.4162
      vertex -75.3119 -4.75893 15.4748
      vertex -75 -4.8 15.4957
    endloop
  endfacet
  facet normal 0.138774 0.692694 -0.707755
    outer loop
      vertex -76.5012 -5.60237 14.4162
      vertex -75.9304 -4.67751 15.4333
      vertex -75.6265 -4.75893 15.4132
    endloop
  endfacet
  facet normal 0.138643 0.692747 -0.707729
    outer loop
      vertex -75.9304 -4.67751 15.4333
      vertex -76.5012 -5.60237 14.4162
      vertex -76.2423 -4.63644 15.4124
    endloop
  endfacet
  facet normal 0.138566 0.692816 -0.707676
    outer loop
      vertex -75.3119 -4.75893 15.4748
      vertex -76.5012 -5.60237 14.4162
      vertex -75.6265 -4.75893 15.4132
    endloop
  endfacet
  facet normal 0.131082 0.69967 -0.702339
    outer loop
      vertex -75 -4.8 15.4957
      vertex -75 -5.8 14.4995
      vertex -76.5012 -5.60237 14.4162
    endloop
  endfacet
  facet normal 0.130522 0.991445 -0
    outer loop
      vertex -75 -5.8 14.4962
      vertex -76.5012 -5.60237 14.4162
      vertex -75 -5.8 14.4995
    endloop
  endfacet
  facet normal 0.130522 0.991445 0
    outer loop
      vertex -76.5012 -5.60237 14.4162
      vertex -75 -5.8 14.4962
      vertex -76.5012 -5.60237 14.4129
    endloop
  endfacet
  facet normal 0.0454129 0.705031 0.707721
    outer loop
      vertex -75.3119 -4.75893 13.4791
      vertex -75 -5.8 14.4962
      vertex -75 -4.8 13.5
    endloop
  endfacet
  facet normal 0.045219 0.705008 0.707756
    outer loop
      vertex -75.6265 -4.75893 13.4992
      vertex -75 -5.8 14.4962
      vertex -75.3119 -4.75893 13.4791
    endloop
  endfacet
  facet normal 0.0454567 0.705074 0.707676
    outer loop
      vertex -75.9304 -4.67751 13.4376
      vertex -75 -5.8 14.4962
      vertex -75.6265 -4.75893 13.4992
    endloop
  endfacet
  facet normal 0.0454183 0.705059 0.707693
    outer loop
      vertex -75 -5.8 14.4962
      vertex -75.9304 -4.67751 13.4376
      vertex -76.2423 -4.63644 13.4167
    endloop
  endfacet
  facet normal 0.130726 -0.0349393 -0.990803
    outer loop
      vertex -76.2317 -4.59678 15.4124
      vertex -76.2218 -4.59944 15.4138
      vertex -76.2423 -4.63644 15.4124
    endloop
  endfacet
  facet normal 0.0669454 0.000661559 -0.997756
    outer loop
      vertex -76.2218 -4.59944 15.4138
      vertex -75.9304 -4.67751 15.4333
      vertex -76.2423 -4.63644 15.4124
    endloop
  endfacet
  facet normal 0.0668587 0 -0.997762
    outer loop
      vertex -75 -4.75893 15.4957
      vertex -75 -4.8 15.4957
      vertex -75.3119 -4.75893 15.4748
    endloop
  endfacet
  facet normal -0.134684 0 0.990889
    outer loop
      vertex -75 -4.8 13.5
      vertex -75 -4.75893 13.5
      vertex -75.0103 -4.75893 13.4986
    endloop
  endfacet
  facet normal -0.0645857 0.017262 0.997763
    outer loop
      vertex -75.9304 -4.67751 13.4376
      vertex -76.2317 -4.59678 13.4167
      vertex -76.2423 -4.63644 13.4167
    endloop
  endfacet
  facet normal -0.0645102 0.0178331 0.997758
    outer loop
      vertex -75 -4.8 13.5
      vertex -75.0103 -4.75893 13.4986
      vertex -75.3119 -4.75893 13.4791
    endloop
  endfacet
  facet normal 0.131082 -0.69967 0.702339
    outer loop
      vertex -75 4.8 14.5
      vertex -75 5.8 15.4962
      vertex -76.5012 5.60237 15.5795
    endloop
  endfacet
  facet normal 0.0544199 -0.709761 -0.702338
    outer loop
      vertex -75 5.8 15.4995
      vertex -76.2423 4.63644 16.5791
      vertex -76.5012 5.60237 15.5829
    endloop
  endfacet
  facet normal 0.0451864 -0.705039 -0.707728
    outer loop
      vertex -75.3119 4.75893 16.5167
      vertex -75 5.8 15.4995
      vertex -75 4.8 16.4957
    endloop
  endfacet
  facet normal 0.0454392 -0.705069 -0.707681
    outer loop
      vertex -75.6265 4.75893 16.4965
      vertex -75 5.8 15.4995
      vertex -75.3119 4.75893 16.5167
    endloop
  endfacet
  facet normal 0.0454567 -0.705074 -0.707676
    outer loop
      vertex -75.9304 4.67751 16.5581
      vertex -75 5.8 15.4995
      vertex -75.6265 4.75893 16.4965
    endloop
  endfacet
  facet normal 0.0451708 -0.70496 -0.707807
    outer loop
      vertex -75 5.8 15.4995
      vertex -75.9304 4.67751 16.5581
      vertex -76.2423 4.63644 16.5791
    endloop
  endfacet
  facet normal 0.130522 -0.991445 0
    outer loop
      vertex -76.5012 5.60237 15.5795
      vertex -75 5.8 15.4995
      vertex -76.5012 5.60237 15.5829
    endloop
  endfacet
  facet normal 0.130522 -0.991445 0
    outer loop
      vertex -75 5.8 15.4995
      vertex -76.5012 5.60237 15.5795
      vertex -75 5.8 15.4962
    endloop
  endfacet
  facet normal 0.138643 -0.692759 0.707717
    outer loop
      vertex -76.5012 5.60237 15.5795
      vertex -75.3119 4.75893 14.5209
      vertex -75 4.8 14.5
    endloop
  endfacet
  facet normal 0.138566 -0.692778 0.707714
    outer loop
      vertex -76.5012 5.60237 15.5795
      vertex -75.9304 4.67751 14.5624
      vertex -75.6265 4.75893 14.5826
    endloop
  endfacet
  facet normal 0.138643 -0.692747 0.707729
    outer loop
      vertex -75.9304 4.67751 14.5624
      vertex -76.5012 5.60237 15.5795
      vertex -76.2423 4.63644 14.5833
    endloop
  endfacet
  facet normal 0.138817 -0.69263 0.707809
    outer loop
      vertex -75.3119 4.75893 14.5209
      vertex -76.5012 5.60237 15.5795
      vertex -75.6265 4.75893 14.5826
    endloop
  endfacet
  facet normal -0.0648397 -0.0177498 -0.997738
    outer loop
      vertex -75 4.8 16.4957
      vertex -75.0103 4.75893 16.4971
      vertex -75.3119 4.75893 16.5167
    endloop
  endfacet
  facet normal -0.0648934 -0.0173442 -0.997741
    outer loop
      vertex -75.9304 4.67751 16.5581
      vertex -76.2317 4.59678 16.5791
      vertex -76.2423 4.63644 16.5791
    endloop
  endfacet
  facet normal -0.134684 -0 -0.990889
    outer loop
      vertex -75 4.8 16.4957
      vertex -75 4.75893 16.4957
      vertex -75.0103 4.75893 16.4971
    endloop
  endfacet
  facet normal 0.121542 0.0324846 0.992055
    outer loop
      vertex -76.2317 4.59678 14.5833
      vertex -76.2218 4.59944 14.582
      vertex -76.2423 4.63644 14.5833
    endloop
  endfacet
  facet normal 0.0668587 -0 0.997762
    outer loop
      vertex -75 4.75893 14.5
      vertex -75 4.8 14.5
      vertex -75.3119 4.75893 14.5209
    endloop
  endfacet
  facet normal 0.0666159 0.00185176 0.997777
    outer loop
      vertex -76.2218 4.59944 14.582
      vertex -75.9304 4.67751 14.5624
      vertex -76.2423 4.63644 14.5833
    endloop
  endfacet
  facet normal 0.307755 -0.641869 0.702347
    outer loop
      vertex -76.2423 4.63644 14.5833
      vertex -76.5012 5.60237 15.5795
      vertex -77.9 5.02295 15.6629
    endloop
  endfacet
  facet normal 0.226284 -0.669261 -0.707733
    outer loop
      vertex -76.533 4.51605 16.6
      vertex -76.5012 5.60237 15.5829
      vertex -76.2423 4.63644 16.5791
    endloop
  endfacet
  facet normal 0.226367 -0.669249 -0.707718
    outer loop
      vertex -76.8369 4.43462 16.5798
      vertex -76.5012 5.60237 15.5829
      vertex -76.533 4.51605 16.6
    endloop
  endfacet
  facet normal 0.226145 -0.669247 -0.70779
    outer loop
      vertex -77.1093 4.27732 16.6415
      vertex -76.5012 5.60237 15.5829
      vertex -76.8369 4.43462 16.5798
    endloop
  endfacet
  facet normal 0.22631 -0.669266 -0.707719
    outer loop
      vertex -76.5012 5.60237 15.5829
      vertex -77.1093 4.27732 16.6415
      vertex -77.4 4.15692 16.6624
    endloop
  endfacet
  facet normal 0.236316 -0.671471 -0.70234
    outer loop
      vertex -76.5012 5.60237 15.5829
      vertex -77.4 4.15692 16.6624
      vertex -77.9 5.02295 15.6662
    endloop
  endfacet
  facet normal 0.382694 -0.923875 0
    outer loop
      vertex -77.9 5.02295 15.6629
      vertex -76.5012 5.60237 15.5829
      vertex -77.9 5.02295 15.6662
    endloop
  endfacet
  facet normal 0.382694 -0.923875 0
    outer loop
      vertex -76.5012 5.60237 15.5829
      vertex -77.9 5.02295 15.6629
      vertex -76.5012 5.60237 15.5795
    endloop
  endfacet
  facet normal 0.313335 -0.633133 0.707788
    outer loop
      vertex -77.9 5.02295 15.6629
      vertex -76.533 4.51605 14.6043
      vertex -76.2423 4.63644 14.5833
    endloop
  endfacet
  facet normal 0.313222 -0.633293 0.707695
    outer loop
      vertex -77.9 5.02295 15.6629
      vertex -77.1093 4.27732 14.6457
      vertex -76.8369 4.43462 14.6659
    endloop
  endfacet
  facet normal 0.313372 -0.633181 0.707729
    outer loop
      vertex -77.1093 4.27732 14.6457
      vertex -77.9 5.02295 15.6629
      vertex -77.4 4.15692 14.6667
    endloop
  endfacet
  facet normal 0.313152 -0.633364 0.707662
    outer loop
      vertex -76.533 4.51605 14.6043
      vertex -77.9 5.02295 15.6629
      vertex -76.8369 4.43462 14.6659
    endloop
  endfacet
  facet normal -0.130726 -0.0349393 -0.990803
    outer loop
      vertex -76.2317 4.59678 16.5791
      vertex -76.2416 4.59412 16.5805
      vertex -76.2423 4.63644 16.5791
    endloop
  endfacet
  facet normal -0.0576697 -0.033961 -0.997758
    outer loop
      vertex -76.2423 4.63644 16.5791
      vertex -76.2416 4.59412 16.5805
      vertex -76.533 4.51605 16.6
    endloop
  endfacet
  facet normal -0.0579081 -0.0333835 -0.997764
    outer loop
      vertex -77.1093 4.27732 16.6415
      vertex -77.3795 4.12136 16.6624
      vertex -77.4 4.15692 16.6624
    endloop
  endfacet
  facet normal 0.116933 0.0674105 0.990849
    outer loop
      vertex -77.3795 4.12136 14.6667
      vertex -77.3706 4.1265 14.6653
      vertex -77.4 4.15692 14.6667
    endloop
  endfacet
  facet normal 0.0648934 0.0173442 0.997741
    outer loop
      vertex -76.2317 4.59678 14.5833
      vertex -76.2423 4.63644 14.5833
      vertex -76.533 4.51605 14.6043
    endloop
  endfacet
  facet normal 0.0650539 0.0169544 0.997738
    outer loop
      vertex -77.3706 4.1265 14.6653
      vertex -77.1093 4.27732 14.6457
      vertex -77.4 4.15692 14.6667
    endloop
  endfacet
  facet normal 0.463364 -0.540383 0.702339
    outer loop
      vertex -77.4 4.15692 14.6667
      vertex -77.9 5.02295 15.6629
      vertex -79.1012 4.10122 15.7462
    endloop
  endfacet
  facet normal 0.402054 -0.58743 -0.702338
    outer loop
      vertex -77.9 5.02295 15.6662
      vertex -78.3941 3.39411 16.7457
      vertex -79.1012 4.10122 15.7495
    endloop
  endfacet
  facet normal 0.391824 -0.58788 -0.707723
    outer loop
      vertex -77.6496 3.9654 16.6833
      vertex -77.9 5.02295 15.6662
      vertex -77.4 4.15692 16.6624
    endloop
  endfacet
  facet normal 0.391611 -0.587971 -0.707765
    outer loop
      vertex -77.9221 3.8081 16.6632
      vertex -77.9 5.02295 15.6662
      vertex -77.6496 3.9654 16.6833
    endloop
  endfacet
  facet normal 0.392048 -0.587857 -0.707617
    outer loop
      vertex -78.1445 3.58563 16.7248
      vertex -77.9 5.02295 15.6662
      vertex -77.9221 3.8081 16.6632
    endloop
  endfacet
  facet normal 0.391833 -0.587889 -0.70771
    outer loop
      vertex -77.9 5.02295 15.6662
      vertex -78.1445 3.58563 16.7248
      vertex -78.3941 3.39411 16.7457
    endloop
  endfacet
  facet normal 0.608768 -0.793348 0
    outer loop
      vertex -79.1012 4.10122 15.7462
      vertex -77.9 5.02295 15.6662
      vertex -79.1012 4.10122 15.7495
    endloop
  endfacet
  facet normal 0.608768 -0.793348 0
    outer loop
      vertex -77.9 5.02295 15.6662
      vertex -79.1012 4.10122 15.7462
      vertex -77.9 5.02295 15.6629
    endloop
  endfacet
  facet normal 0.466442 -0.530666 0.707691
    outer loop
      vertex -79.1012 4.10122 15.7462
      vertex -77.6496 3.9654 14.6876
      vertex -77.4 4.15692 14.6667
    endloop
  endfacet
  facet normal 0.466608 -0.530408 0.707774
    outer loop
      vertex -79.1012 4.10122 15.7462
      vertex -78.1445 3.58563 14.7291
      vertex -77.9221 3.8081 14.7492
    endloop
  endfacet
  facet normal 0.466425 -0.530641 0.70772
    outer loop
      vertex -78.1445 3.58563 14.7291
      vertex -79.1012 4.10122 15.7462
      vertex -78.3941 3.39411 14.75
    endloop
  endfacet
  facet normal 0.466375 -0.530819 0.707619
    outer loop
      vertex -77.6496 3.9654 14.6876
      vertex -79.1012 4.10122 15.7462
      vertex -77.9221 3.8081 14.7492
    endloop
  endfacet
  facet normal -0.0472946 -0.0472458 -0.997763
    outer loop
      vertex -78.1445 3.58563 16.7248
      vertex -78.3651 3.36508 16.7457
      vertex -78.3941 3.39411 16.7457
    endloop
  endfacet
  facet normal -0.046945 -0.0477008 -0.997758
    outer loop
      vertex -77.4 4.15692 16.6624
      vertex -77.3884 4.11622 16.6638
      vertex -77.6496 3.9654 16.6833
    endloop
  endfacet
  facet normal -0.116933 -0.0674105 -0.990849
    outer loop
      vertex -77.3795 4.12136 16.6624
      vertex -77.3884 4.11622 16.6638
      vertex -77.4 4.15692 16.6624
    endloop
  endfacet
  facet normal 0.0953261 0.0952276 0.990881
    outer loop
      vertex -78.3651 3.36508 14.75
      vertex -78.3578 3.37234 14.7486
      vertex -78.3941 3.39411 14.75
    endloop
  endfacet
  facet normal 0.0579241 0.0333927 0.997762
    outer loop
      vertex -77.3795 4.12136 14.6667
      vertex -77.4 4.15692 14.6667
      vertex -77.6496 3.9654 14.6876
    endloop
  endfacet
  facet normal 0.0582514 0.0329657 0.997758
    outer loop
      vertex -78.3578 3.37234 14.7486
      vertex -78.1445 3.58563 14.7291
      vertex -78.3941 3.39411 14.75
    endloop
  endfacet
  facet normal 0.587441 -0.402041 0.702336
    outer loop
      vertex -78.3941 3.39411 14.75
      vertex -79.1012 4.10122 15.7462
      vertex -80.0229 2.9 15.8295
    endloop
  endfacet
  facet normal 0.530647 -0.466461 -0.707692
    outer loop
      vertex -79.1012 4.10122 15.7495
      vertex -78.5856 3.14452 16.7667
      vertex -78.8081 2.92205 16.7465
    endloop
  endfacet
  facet normal 0.530499 -0.466577 -0.707726
    outer loop
      vertex -78.5856 3.14452 16.7667
      vertex -79.1012 4.10122 15.7495
      vertex -78.3941 3.39411 16.7457
    endloop
  endfacet
  facet normal 0.530742 -0.466407 -0.707657
    outer loop
      vertex -78.9654 2.64959 16.8081
      vertex -79.1012 4.10122 15.7495
      vertex -78.8081 2.92205 16.7465
    endloop
  endfacet
  facet normal 0.53044 -0.466537 -0.707797
    outer loop
      vertex -79.1012 4.10122 15.7495
      vertex -78.9654 2.64959 16.8081
      vertex -79.1569 2.4 16.8291
    endloop
  endfacet
  facet normal 0.540373 -0.463392 -0.702328
    outer loop
      vertex -79.1012 4.10122 15.7495
      vertex -79.1569 2.4 16.8291
      vertex -80.0229 2.9 15.8329
    endloop
  endfacet
  facet normal 0.793362 -0.60875 0
    outer loop
      vertex -80.0229 2.9 15.8295
      vertex -79.1012 4.10122 15.7495
      vertex -80.0229 2.9 15.8329
    endloop
  endfacet
  facet normal 0.793362 -0.60875 0
    outer loop
      vertex -79.1012 4.10122 15.7495
      vertex -80.0229 2.9 15.8295
      vertex -79.1012 4.10122 15.7462
    endloop
  endfacet
  facet normal 0.587901 -0.39181 0.707713
    outer loop
      vertex -80.0229 2.9 15.8295
      vertex -78.5856 3.14452 14.7709
      vertex -78.3941 3.39411 14.75
    endloop
  endfacet
  facet normal 0.587874 -0.391868 0.707703
    outer loop
      vertex -80.0229 2.9 15.8295
      vertex -78.9654 2.64959 14.8124
      vertex -78.8081 2.92205 14.8326
    endloop
  endfacet
  facet normal 0.5879 -0.391809 0.707715
    outer loop
      vertex -78.9654 2.64959 14.8124
      vertex -80.0229 2.9 15.8295
      vertex -79.1569 2.4 14.8333
    endloop
  endfacet
  facet normal 0.587916 -0.391706 0.707758
    outer loop
      vertex -78.5856 3.14452 14.7709
      vertex -80.0229 2.9 15.8295
      vertex -78.8081 2.92205 14.8326
    endloop
  endfacet
  facet normal -0.033241 -0.0584431 -0.997737
    outer loop
      vertex -78.3941 3.39411 16.7457
      vertex -78.3723 3.35781 16.7471
      vertex -78.5856 3.14452 16.7667
    endloop
  endfacet
  facet normal -0.0336271 -0.0581473 -0.997742
    outer loop
      vertex -78.9654 2.64959 16.8081
      vertex -79.1214 2.37947 16.8291
      vertex -79.1569 2.4 16.8291
    endloop
  endfacet
  facet normal -0.0959085 -0.0958094 -0.990768
    outer loop
      vertex -78.3651 3.36508 16.7457
      vertex -78.3723 3.35781 16.7471
      vertex -78.3941 3.39411 16.7457
    endloop
  endfacet
  facet normal 0.0626422 0.108319 0.992141
    outer loop
      vertex -79.1214 2.37947 14.8333
      vertex -79.1162 2.38837 14.832
      vertex -79.1569 2.4 14.8333
    endloop
  endfacet
  facet normal 0.0473042 0.0472554 0.997762
    outer loop
      vertex -78.3651 3.36508 14.75
      vertex -78.3941 3.39411 14.75
      vertex -78.5856 3.14452 14.7709
    endloop
  endfacet
  facet normal 0.0457208 0.0484716 0.997778
    outer loop
      vertex -79.1162 2.38837 14.832
      vertex -78.9654 2.64959 14.8124
      vertex -79.1569 2.4 14.8333
    endloop
  endfacet
  facet normal 0.671487 -0.236303 0.702329
    outer loop
      vertex -79.1569 2.4 14.8333
      vertex -80.0229 2.9 15.8295
      vertex -80.6024 1.50115 15.9129
    endloop
  endfacet
  facet normal 0.641867 -0.30773 -0.702359
    outer loop
      vertex -80.0229 2.9 15.8329
      vertex -79.6364 1.24233 16.9124
      vertex -80.6024 1.50115 15.9162
    endloop
  endfacet
  facet normal 0.633313 -0.313164 -0.707703
    outer loop
      vertex -80.0229 2.9 15.8329
      vertex -79.2773 2.10934 16.85
      vertex -79.4346 1.83688 16.8298
    endloop
  endfacet
  facet normal 0.633285 -0.313213 -0.707706
    outer loop
      vertex -80.0229 2.9 15.8329
      vertex -79.516 1.53299 16.8915
      vertex -79.6364 1.24233 16.9124
    endloop
  endfacet
  facet normal 0.633278 -0.313211 -0.707713
    outer loop
      vertex -79.2773 2.10934 16.85
      vertex -80.0229 2.9 15.8329
      vertex -79.1569 2.4 16.8291
    endloop
  endfacet
  facet normal 0.633172 -0.313302 -0.707767
    outer loop
      vertex -79.516 1.53299 16.8915
      vertex -80.0229 2.9 15.8329
      vertex -79.4346 1.83688 16.8298
    endloop
  endfacet
  facet normal 0.923861 -0.382727 0
    outer loop
      vertex -80.6024 1.50115 15.9129
      vertex -80.0229 2.9 15.8329
      vertex -80.6024 1.50115 15.9162
    endloop
  endfacet
  facet normal 0.923861 -0.382727 0
    outer loop
      vertex -80.0229 2.9 15.8329
      vertex -80.6024 1.50115 15.9129
      vertex -80.0229 2.9 15.8295
    endloop
  endfacet
  facet normal 0.669233 -0.226076 0.707825
    outer loop
      vertex -80.6024 1.50115 15.9129
      vertex -79.2773 2.10934 14.8543
      vertex -79.1569 2.4 14.8333
    endloop
  endfacet
  facet normal 0.669269 -0.226313 0.707715
    outer loop
      vertex -80.6024 1.50115 15.9129
      vertex -79.516 1.53299 14.8957
      vertex -79.4346 1.83688 14.9159
    endloop
  endfacet
  facet normal 0.669298 -0.226109 0.707753
    outer loop
      vertex -79.516 1.53299 14.8957
      vertex -80.6024 1.50115 15.9129
      vertex -79.6364 1.24233 14.9167
    endloop
  endfacet
  facet normal 0.66927 -0.226391 0.70769
    outer loop
      vertex -79.2773 2.10934 14.8543
      vertex -80.6024 1.50115 15.9129
      vertex -79.4346 1.83688 14.9159
    endloop
  endfacet
  facet normal -0.0173315 -0.0645652 -0.997763
    outer loop
      vertex -79.516 1.53299 16.8915
      vertex -79.5968 1.2317 16.9124
      vertex -79.6364 1.24233 16.9124
    endloop
  endfacet
  facet normal -0.0167775 -0.0647943 -0.997758
    outer loop
      vertex -79.1569 2.4 16.8291
      vertex -79.1265 2.37057 16.8305
      vertex -79.2773 2.10934 16.85
    endloop
  endfacet
  facet normal -0.0676995 -0.117064 -0.990814
    outer loop
      vertex -79.1214 2.37947 16.8291
      vertex -79.1265 2.37057 16.8305
      vertex -79.1569 2.4 16.8291
    endloop
  endfacet
  facet normal 0.0349494 0.130197 0.990872
    outer loop
      vertex -79.5968 1.2317 14.9167
      vertex -79.5941 1.24163 14.9153
      vertex -79.6364 1.24233 14.9167
    endloop
  endfacet
  facet normal 0.033982 0.0580095 0.997737
    outer loop
      vertex -79.5941 1.24163 14.9153
      vertex -79.516 1.53299 14.8957
      vertex -79.6364 1.24233 14.9167
    endloop
  endfacet
  facet normal 0.0336316 0.0581549 0.997741
    outer loop
      vertex -79.1214 2.37947 14.8333
      vertex -79.1569 2.4 14.8333
      vertex -79.2773 2.10934 14.8543
    endloop
  endfacet
  facet normal 0.709733 -0.0544492 0.702364
    outer loop
      vertex -79.6364 1.24233 14.9167
      vertex -80.6024 1.50115 15.9129
      vertex -80.8 0 15.9962
    endloop
  endfacet
  facet normal 0.6927 -0.138699 -0.707764
    outer loop
      vertex -80.6024 1.50115 15.9162
      vertex -79.7589 0.311914 16.9748
      vertex -79.8 0 16.9957
    endloop
  endfacet
  facet normal 0.692701 -0.138734 -0.707756
    outer loop
      vertex -80.6024 1.50115 15.9162
      vertex -79.6775 0.930416 16.9333
      vertex -79.7589 0.626525 16.9132
    endloop
  endfacet
  facet normal 0.692714 -0.1387 -0.70775
    outer loop
      vertex -79.6775 0.930416 16.9333
      vertex -80.6024 1.50115 15.9162
      vertex -79.6364 1.24233 16.9124
    endloop
  endfacet
  facet normal 0.6928 -0.138564 -0.707692
    outer loop
      vertex -79.7589 0.311914 16.9748
      vertex -80.6024 1.50115 15.9162
      vertex -79.7589 0.626525 16.9132
    endloop
  endfacet
  facet normal 0.699671 -0.131073 -0.70234
    outer loop
      vertex -80.6024 1.50115 15.9162
      vertex -79.8 0 16.9957
      vertex -80.8 0 15.9995
    endloop
  endfacet
  facet normal 0.991447 -0.130507 0
    outer loop
      vertex -80.8 0 15.9962
      vertex -80.6024 1.50115 15.9162
      vertex -80.8 0 15.9995
    endloop
  endfacet
  facet normal 0.991447 -0.130507 0
    outer loop
      vertex -80.6024 1.50115 15.9162
      vertex -80.8 0 15.9962
      vertex -80.6024 1.50115 15.9129
    endloop
  endfacet
  facet normal 0.705084 -0.0454894 0.707663
    outer loop
      vertex -80.8 0 15.9962
      vertex -79.6775 0.930416 14.9376
      vertex -79.6364 1.24233 14.9167
    endloop
  endfacet
  facet normal 0.704998 -0.0452181 0.707766
    outer loop
      vertex -80.8 0 15.9962
      vertex -79.7589 0.311914 14.9791
      vertex -79.7589 0.626525 14.9992
    endloop
  endfacet
  facet normal 0.705029 -0.0454785 0.707719
    outer loop
      vertex -79.7589 0.311914 14.9791
      vertex -80.8 0 15.9962
      vertex -79.8 0 15
    endloop
  endfacet
  facet normal 0.705048 -0.0453987 0.707705
    outer loop
      vertex -79.6775 0.930416 14.9376
      vertex -80.8 0 15.9962
      vertex -79.7589 0.626525 14.9992
    endloop
  endfacet
  facet normal -0.035036 -0.13052 -0.990826
    outer loop
      vertex -79.5968 1.2317 16.9124
      vertex -79.5994 1.22177 16.9138
      vertex -79.6364 1.24233 16.9124
    endloop
  endfacet
  facet normal 0.000561929 -0.0669294 -0.997758
    outer loop
      vertex -79.6364 1.24233 16.9124
      vertex -79.5994 1.22177 16.9138
      vertex -79.6775 0.930416 16.9333
    endloop
  endfacet
  facet normal 0 -0.0668557 -0.997763
    outer loop
      vertex -79.7589 0.311914 16.9748
      vertex -79.7589 0 16.9957
      vertex -79.8 0 16.9957
    endloop
  endfacet
  facet normal 0 0.134967 0.99085
    outer loop
      vertex -79.7589 0 15
      vertex -79.7589 0.010278 14.9986
      vertex -79.8 0 15
    endloop
  endfacet
  facet normal 0.0173333 0.0645718 0.997763
    outer loop
      vertex -79.5968 1.2317 14.9167
      vertex -79.6364 1.24233 14.9167
      vertex -79.6775 0.930416 14.9376
    endloop
  endfacet
  facet normal 0.0178565 0.0645025 0.997758
    outer loop
      vertex -79.7589 0.010278 14.9986
      vertex -79.7589 0.311914 14.9791
      vertex -79.8 0 15
    endloop
  endfacet
  facet normal 0.699671 0.131073 0.70234
    outer loop
      vertex -80.6024 -1.50115 16.0795
      vertex -79.8 0 15
      vertex -80.8 0 15.9962
    endloop
  endfacet
  facet normal 0.709741 0.0544036 -0.702359
    outer loop
      vertex -79.6364 -1.24233 17.0791
      vertex -80.6024 -1.50115 16.0829
      vertex -80.8 0 15.9995
    endloop
  endfacet
  facet normal 0.704986 0.045242 -0.707777
    outer loop
      vertex -80.8 0 15.9995
      vertex -79.6775 -0.930416 17.0581
      vertex -79.6364 -1.24233 17.0791
    endloop
  endfacet
  facet normal 0.705059 0.0454382 -0.707692
    outer loop
      vertex -80.8 0 15.9995
      vertex -79.7589 -0.311914 17.0167
      vertex -79.7589 -0.626525 16.9965
    endloop
  endfacet
  facet normal 0.705036 0.0452521 -0.707726
    outer loop
      vertex -79.7589 -0.311914 17.0167
      vertex -80.8 0 15.9995
      vertex -79.8 0 16.9957
    endloop
  endfacet
  facet normal 0.705048 0.0453987 -0.707705
    outer loop
      vertex -79.6775 -0.930416 17.0581
      vertex -80.8 0 15.9995
      vertex -79.7589 -0.626525 16.9965
    endloop
  endfacet
  facet normal 0.991447 0.130507 -0
    outer loop
      vertex -80.6024 -1.50115 16.0795
      vertex -80.8 0 15.9995
      vertex -80.6024 -1.50115 16.0829
    endloop
  endfacet
  facet normal 0.991447 0.130507 0
    outer loop
      vertex -80.8 0 15.9995
      vertex -80.6024 -1.50115 16.0795
      vertex -80.8 0 15.9962
    endloop
  endfacet
  facet normal 0.6927 0.138699 0.707764
    outer loop
      vertex -80.6024 -1.50115 16.0795
      vertex -79.7589 -0.311914 15.0209
      vertex -79.8 0 15
    endloop
  endfacet
  facet normal 0.692784 0.138526 0.707715
    outer loop
      vertex -80.6024 -1.50115 16.0795
      vertex -79.6775 -0.930416 15.0624
      vertex -79.7589 -0.626525 15.0826
    endloop
  endfacet
  facet normal 0.692714 0.1387 0.70775
    outer loop
      vertex -79.6775 -0.930416 15.0624
      vertex -80.6024 -1.50115 16.0795
      vertex -79.6364 -1.24233 15.0833
    endloop
  endfacet
  facet normal 0.692614 0.138815 0.707825
    outer loop
      vertex -79.7589 -0.311914 15.0209
      vertex -80.6024 -1.50115 16.0795
      vertex -79.7589 -0.626525 15.0826
    endloop
  endfacet
  facet normal 0.0177735 -0.064832 -0.997738
    outer loop
      vertex -79.7589 -0.010278 16.9971
      vertex -79.7589 -0.311914 17.0167
      vertex -79.8 0 16.9957
    endloop
  endfacet
  facet normal 0.0174158 -0.0648793 -0.997741
    outer loop
      vertex -79.5968 -1.2317 17.0791
      vertex -79.6364 -1.24233 17.0791
      vertex -79.6775 -0.930416 17.0581
    endloop
  endfacet
  facet normal -0 -0.134967 -0.99085
    outer loop
      vertex -79.7589 0 16.9957
      vertex -79.7589 -0.010278 16.9971
      vertex -79.8 0 16.9957
    endloop
  endfacet
  facet normal -0.0325745 0.12135 0.992075
    outer loop
      vertex -79.5968 -1.2317 15.0833
      vertex -79.5994 -1.22177 15.082
      vertex -79.6364 -1.24233 15.0833
    endloop
  endfacet
  facet normal 0 0.0668557 0.997763
    outer loop
      vertex -79.7589 -0.311914 15.0209
      vertex -79.7589 0 15
      vertex -79.8 0 15
    endloop
  endfacet
  facet normal -0.00195078 0.0665997 0.997778
    outer loop
      vertex -79.6364 -1.24233 15.0833
      vertex -79.5994 -1.22177 15.082
      vertex -79.6775 -0.930416 15.0624
    endloop
  endfacet
  facet normal 0.641851 0.307774 0.702355
    outer loop
      vertex -80.0229 -2.9 16.1629
      vertex -79.6364 -1.24233 15.0833
      vertex -80.6024 -1.50115 16.0795
    endloop
  endfacet
  facet normal 0.669264 0.226341 -0.707712
    outer loop
      vertex -80.6024 -1.50115 16.0829
      vertex -79.2773 -2.10934 17.1415
      vertex -79.1569 -2.4 17.1624
    endloop
  endfacet
  facet normal 0.669236 0.226307 -0.707749
    outer loop
      vertex -80.6024 -1.50115 16.0829
      vertex -79.516 -1.53299 17.1
      vertex -79.4346 -1.83688 17.0798
    endloop
  endfacet
  facet normal 0.669233 0.226325 -0.707746
    outer loop
      vertex -79.516 -1.53299 17.1
      vertex -80.6024 -1.50115 16.0829
      vertex -79.6364 -1.24233 17.0791
    endloop
  endfacet
  facet normal 0.669234 0.22608 -0.707824
    outer loop
      vertex -79.2773 -2.10934 17.1415
      vertex -80.6024 -1.50115 16.0829
      vertex -79.4346 -1.83688 17.0798
    endloop
  endfacet
  facet normal 0.671468 0.236345 -0.702333
    outer loop
      vertex -79.1569 -2.4 17.1624
      vertex -80.0229 -2.9 16.1662
      vertex -80.6024 -1.50115 16.0829
    endloop
  endfacet
  facet normal 0.923861 0.382727 -0
    outer loop
      vertex -80.0229 -2.9 16.1629
      vertex -80.6024 -1.50115 16.0829
      vertex -80.0229 -2.9 16.1662
    endloop
  endfacet
  facet normal 0.923861 0.382727 0
    outer loop
      vertex -80.6024 -1.50115 16.0829
      vertex -80.0229 -2.9 16.1629
      vertex -80.6024 -1.50115 16.0795
    endloop
  endfacet
  facet normal 0.633342 0.313183 0.707669
    outer loop
      vertex -80.0229 -2.9 16.1629
      vertex -79.2773 -2.10934 15.1457
      vertex -79.4346 -1.83688 15.1659
    endloop
  endfacet
  facet normal 0.633076 0.313378 0.70782
    outer loop
      vertex -80.0229 -2.9 16.1629
      vertex -79.516 -1.53299 15.1043
      vertex -79.6364 -1.24233 15.0833
    endloop
  endfacet
  facet normal 0.633171 0.313411 0.707721
    outer loop
      vertex -79.2773 -2.10934 15.1457
      vertex -80.0229 -2.9 16.1629
      vertex -79.1569 -2.4 15.1667
    endloop
  endfacet
  facet normal 0.633417 0.313108 0.707634
    outer loop
      vertex -79.516 -1.53299 15.1043
      vertex -80.0229 -2.9 16.1629
      vertex -79.4346 -1.83688 15.1659
    endloop
  endfacet
  facet normal 0.0349494 -0.130197 -0.990872
    outer loop
      vertex -79.5968 -1.2317 17.0791
      vertex -79.5941 -1.24163 17.0805
      vertex -79.6364 -1.24233 17.0791
    endloop
  endfacet
  facet normal 0.0334721 -0.0578793 -0.997762
    outer loop
      vertex -79.1214 -2.37947 17.1624
      vertex -79.1569 -2.4 17.1624
      vertex -79.2773 -2.10934 17.1415
    endloop
  endfacet
  facet normal 0.033977 -0.0576698 -0.997757
    outer loop
      vertex -79.5941 -1.24163 17.0805
      vertex -79.516 -1.53299 17.1
      vertex -79.6364 -1.24233 17.0791
    endloop
  endfacet
  facet normal -0.0676995 0.117064 0.990814
    outer loop
      vertex -79.1214 -2.37947 15.1667
      vertex -79.1265 -2.37057 15.1653
      vertex -79.1569 -2.4 15.1667
    endloop
  endfacet
  facet normal -0.0170144 0.0650381 0.997738
    outer loop
      vertex -79.1569 -2.4 15.1667
      vertex -79.1265 -2.37057 15.1653
      vertex -79.2773 -2.10934 15.1457
    endloop
  endfacet
  facet normal -0.0174141 0.0648728 0.997742
    outer loop
      vertex -79.516 -1.53299 15.1043
      vertex -79.5968 -1.2317 15.0833
      vertex -79.6364 -1.24233 15.0833
    endloop
  endfacet
  facet normal 0.5404 0.463355 0.702332
    outer loop
      vertex -79.1012 -4.10122 16.2462
      vertex -79.1569 -2.4 15.1667
      vertex -80.0229 -2.9 16.1629
    endloop
  endfacet
  facet normal 0.587441 0.402041 -0.702336
    outer loop
      vertex -78.3941 -3.39411 17.2457
      vertex -79.1012 -4.10122 16.2495
      vertex -80.0229 -2.9 16.1662
    endloop
  endfacet
  facet normal 0.587901 0.39181 -0.707713
    outer loop
      vertex -80.0229 -2.9 16.1662
      vertex -78.5856 -3.14452 17.2248
      vertex -78.3941 -3.39411 17.2457
    endloop
  endfacet
  facet normal 0.587962 0.391662 -0.707744
    outer loop
      vertex -80.0229 -2.9 16.1662
      vertex -78.9654 -2.64959 17.1833
      vertex -78.8081 -2.92205 17.1632
    endloop
  endfacet
  facet normal 0.5879 0.391809 -0.707715
    outer loop
      vertex -78.9654 -2.64959 17.1833
      vertex -80.0229 -2.9 16.1662
      vertex -79.1569 -2.4 17.1624
    endloop
  endfacet
  facet normal 0.587871 0.392015 -0.707624
    outer loop
      vertex -78.5856 -3.14452 17.2248
      vertex -80.0229 -2.9 16.1662
      vertex -78.8081 -2.92205 17.1632
    endloop
  endfacet
  facet normal 0.793362 0.60875 -0
    outer loop
      vertex -79.1012 -4.10122 16.2462
      vertex -80.0229 -2.9 16.1662
      vertex -79.1012 -4.10122 16.2495
    endloop
  endfacet
  facet normal 0.793362 0.60875 0
    outer loop
      vertex -80.0229 -2.9 16.1662
      vertex -79.1012 -4.10122 16.2462
      vertex -80.0229 -2.9 16.1629
    endloop
  endfacet
  facet normal 0.530448 0.466573 0.707767
    outer loop
      vertex -79.1012 -4.10122 16.2462
      vertex -78.5856 -3.14452 15.2291
      vertex -78.8081 -2.92205 15.2492
    endloop
  endfacet
  facet normal 0.530654 0.466411 0.707719
    outer loop
      vertex -78.5856 -3.14452 15.2291
      vertex -79.1012 -4.10122 16.2462
      vertex -78.3941 -3.39411 15.25
    endloop
  endfacet
  facet normal 0.530742 0.466407 0.707657
    outer loop
      vertex -78.9654 -2.64959 15.1876
      vertex -79.1012 -4.10122 16.2462
      vertex -78.8081 -2.92205 15.2492
    endloop
  endfacet
  facet normal 0.530685 0.466432 0.707683
    outer loop
      vertex -79.1012 -4.10122 16.2462
      vertex -78.9654 -2.64959 15.1876
      vertex -79.1569 -2.4 15.1667
    endloop
  endfacet
  facet normal 0.0477305 -0.0469279 -0.997757
    outer loop
      vertex -79.1162 -2.38837 17.1638
      vertex -78.9654 -2.64959 17.1833
      vertex -79.1569 -2.4 17.1624
    endloop
  endfacet
  facet normal 0.0473042 -0.0472554 -0.997762
    outer loop
      vertex -78.3651 -3.36508 17.2457
      vertex -78.3941 -3.39411 17.2457
      vertex -78.5856 -3.14452 17.2248
    endloop
  endfacet
  facet normal 0.0673766 -0.116506 -0.990902
    outer loop
      vertex -79.1214 -2.37947 17.1624
      vertex -79.1162 -2.38837 17.1638
      vertex -79.1569 -2.4 17.1624
    endloop
  endfacet
  facet normal -0.0959085 0.0958094 0.990768
    outer loop
      vertex -78.3651 -3.36508 15.25
      vertex -78.3723 -3.35781 15.2486
      vertex -78.3941 -3.39411 15.25
    endloop
  endfacet
  facet normal -0.0334677 0.0578716 0.997763
    outer loop
      vertex -78.9654 -2.64959 15.1876
      vertex -79.1214 -2.37947 15.1667
      vertex -79.1569 -2.4 15.1667
    endloop
  endfacet
  facet normal -0.0329494 0.0582688 0.997757
    outer loop
      vertex -78.3941 -3.39411 15.25
      vertex -78.3723 -3.35781 15.2486
      vertex -78.5856 -3.14452 15.2291
    endloop
  endfacet
  facet normal 0.402054 0.58743 0.702338
    outer loop
      vertex -77.9 -5.02295 16.3295
      vertex -78.3941 -3.39411 15.25
      vertex -79.1012 -4.10122 16.2462
    endloop
  endfacet
  facet normal 0.466547 0.530421 -0.707804
    outer loop
      vertex -79.1012 -4.10122 16.2495
      vertex -77.6496 -3.9654 17.3081
      vertex -77.4 -4.15692 17.3291
    endloop
  endfacet
  facet normal 0.466495 0.530607 -0.707699
    outer loop
      vertex -79.1012 -4.10122 16.2495
      vertex -78.1445 -3.58563 17.2667
      vertex -77.9221 -3.8081 17.2465
    endloop
  endfacet
  facet normal 0.46659 0.530486 -0.707727
    outer loop
      vertex -78.1445 -3.58563 17.2667
      vertex -79.1012 -4.10122 16.2495
      vertex -78.3941 -3.39411 17.2457
    endloop
  endfacet
  facet normal 0.466375 0.530819 -0.707619
    outer loop
      vertex -77.6496 -3.9654 17.3081
      vertex -79.1012 -4.10122 16.2495
      vertex -77.9221 -3.8081 17.2465
    endloop
  endfacet
  facet normal 0.463401 0.540357 -0.702335
    outer loop
      vertex -77.4 -4.15692 17.3291
      vertex -77.9 -5.02295 16.3329
      vertex -79.1012 -4.10122 16.2495
    endloop
  endfacet
  facet normal 0.608768 0.793348 -0
    outer loop
      vertex -77.9 -5.02295 16.3295
      vertex -79.1012 -4.10122 16.2495
      vertex -77.9 -5.02295 16.3329
    endloop
  endfacet
  facet normal 0.608768 0.793348 0
    outer loop
      vertex -79.1012 -4.10122 16.2495
      vertex -77.9 -5.02295 16.3295
      vertex -79.1012 -4.10122 16.2462
    endloop
  endfacet
  facet normal 0.391824 0.58788 0.707723
    outer loop
      vertex -77.6496 -3.9654 15.3124
      vertex -77.9 -5.02295 16.3295
      vertex -77.4 -4.15692 15.3333
    endloop
  endfacet
  facet normal 0.391817 0.587883 0.707724
    outer loop
      vertex -77.9221 -3.8081 15.3326
      vertex -77.9 -5.02295 16.3295
      vertex -77.6496 -3.9654 15.3124
    endloop
  endfacet
  facet normal 0.391738 0.587903 0.707751
    outer loop
      vertex -78.1445 -3.58563 15.2709
      vertex -77.9 -5.02295 16.3295
      vertex -77.9221 -3.8081 15.3326
    endloop
  endfacet
  facet normal 0.391833 0.587889 0.70771
    outer loop
      vertex -77.9 -5.02295 16.3295
      vertex -78.1445 -3.58563 15.2709
      vertex -78.3941 -3.39411 15.25
    endloop
  endfacet
  facet normal 0.0584256 -0.0332575 -0.997738
    outer loop
      vertex -78.3578 -3.37234 17.2471
      vertex -78.1445 -3.58563 17.2667
      vertex -78.3941 -3.39411 17.2457
    endloop
  endfacet
  facet normal 0.0582 -0.0335518 -0.997741
    outer loop
      vertex -77.3795 -4.12136 17.3291
      vertex -77.4 -4.15692 17.3291
      vertex -77.6496 -3.9654 17.3081
    endloop
  endfacet
  facet normal 0.0953261 -0.0952276 -0.990881
    outer loop
      vertex -78.3651 -3.36508 17.2457
      vertex -78.3578 -3.37234 17.2471
      vertex -78.3941 -3.39411 17.2457
    endloop
  endfacet
  facet normal -0.108717 0.0626741 0.992095
    outer loop
      vertex -77.3795 -4.12136 15.3333
      vertex -77.3884 -4.11622 15.332
      vertex -77.4 -4.15692 15.3333
    endloop
  endfacet
  facet normal -0.0472946 0.0472458 0.997763
    outer loop
      vertex -78.1445 -3.58563 15.2709
      vertex -78.3651 -3.36508 15.25
      vertex -78.3941 -3.39411 15.25
    endloop
  endfacet
  facet normal -0.0484895 0.0456902 0.997778
    outer loop
      vertex -77.4 -4.15692 15.3333
      vertex -77.3884 -4.11622 15.332
      vertex -77.6496 -3.9654 15.3124
    endloop
  endfacet
  facet normal 0.236274 0.67149 0.702336
    outer loop
      vertex -76.5012 -5.60237 16.4129
      vertex -77.4 -4.15692 15.3333
      vertex -77.9 -5.02295 16.3295
    endloop
  endfacet
  facet normal 0.307711 0.641885 -0.702351
    outer loop
      vertex -76.2423 -4.63644 17.4124
      vertex -76.5012 -5.60237 16.4162
      vertex -77.9 -5.02295 16.3329
    endloop
  endfacet
  facet normal 0.31317 0.633342 -0.707674
    outer loop
      vertex -77.9 -5.02295 16.3329
      vertex -76.533 -4.51605 17.3915
      vertex -76.2423 -4.63644 17.4124
    endloop
  endfacet
  facet normal 0.313203 0.633265 -0.707729
    outer loop
      vertex -77.9 -5.02295 16.3329
      vertex -77.1093 -4.27732 17.35
      vertex -76.8369 -4.43462 17.3298
    endloop
  endfacet
  facet normal 0.313172 0.633288 -0.707722
    outer loop
      vertex -77.1093 -4.27732 17.35
      vertex -77.9 -5.02295 16.3329
      vertex -77.4 -4.15692 17.3291
    endloop
  endfacet
  facet normal 0.313346 0.633119 -0.707795
    outer loop
      vertex -76.533 -4.51605 17.3915
      vertex -77.9 -5.02295 16.3329
      vertex -76.8369 -4.43462 17.3298
    endloop
  endfacet
  facet normal 0.382694 0.923875 -0
    outer loop
      vertex -76.5012 -5.60237 16.4129
      vertex -77.9 -5.02295 16.3329
      vertex -76.5012 -5.60237 16.4162
    endloop
  endfacet
  facet normal 0.382694 0.923875 0
    outer loop
      vertex -77.9 -5.02295 16.3329
      vertex -76.5012 -5.60237 16.4129
      vertex -77.9 -5.02295 16.3295
    endloop
  endfacet
  facet normal 0.226067 0.669326 0.70774
    outer loop
      vertex -76.533 -4.51605 15.3957
      vertex -76.5012 -5.60237 16.4129
      vertex -76.2423 -4.63644 15.4167
    endloop
  endfacet
  facet normal 0.226373 0.669282 0.707684
    outer loop
      vertex -76.8369 -4.43462 15.4159
      vertex -76.5012 -5.60237 16.4129
      vertex -76.533 -4.51605 15.3957
    endloop
  endfacet
  facet normal 0.226456 0.669283 0.707657
    outer loop
      vertex -77.1093 -4.27732 15.3543
      vertex -76.5012 -5.60237 16.4129
      vertex -76.8369 -4.43462 15.4159
    endloop
  endfacet
  facet normal 0.226046 0.669235 0.707833
    outer loop
      vertex -76.5012 -5.60237 16.4129
      vertex -77.1093 -4.27732 15.3543
      vertex -77.4 -4.15692 15.3333
    endloop
  endfacet
  facet normal 0.0645857 -0.017262 -0.997763
    outer loop
      vertex -76.2317 -4.59678 17.4124
      vertex -76.2423 -4.63644 17.4124
      vertex -76.533 -4.51605 17.3915
    endloop
  endfacet
  facet normal 0.0648101 -0.0167179 -0.997758
    outer loop
      vertex -77.3706 -4.1265 17.3305
      vertex -77.1093 -4.27732 17.35
      vertex -77.4 -4.15692 17.3291
    endloop
  endfacet
  facet normal 0.116933 -0.0674105 -0.990849
    outer loop
      vertex -77.3795 -4.12136 17.3291
      vertex -77.3706 -4.1265 17.3305
      vertex -77.4 -4.15692 17.3291
    endloop
  endfacet
  facet normal -0.130726 0.0349393 0.990803
    outer loop
      vertex -76.2317 -4.59678 15.4167
      vertex -76.2416 -4.59412 15.4153
      vertex -76.2423 -4.63644 15.4167
    endloop
  endfacet
  facet normal -0.0581839 0.0335425 0.997742
    outer loop
      vertex -77.1093 -4.27732 15.3543
      vertex -77.3795 -4.12136 15.3333
      vertex -77.4 -4.15692 15.3333
    endloop
  endfacet
  facet normal -0.0580094 0.033966 0.997738
    outer loop
      vertex -76.2423 -4.63644 15.4167
      vertex -76.2416 -4.59412 15.4153
      vertex -76.533 -4.51605 15.3957
    endloop
  endfacet
  facet normal 0.0544654 0.709753 0.702342
    outer loop
      vertex -75 -5.8 16.4962
      vertex -76.2423 -4.63644 15.4167
      vertex -76.5012 -5.60237 16.4129
    endloop
  endfacet
  facet normal 0.138643 0.692759 -0.707717
    outer loop
      vertex -76.5012 -5.60237 16.4162
      vertex -75.3119 -4.75893 17.4748
      vertex -75 -4.8 17.4957
    endloop
  endfacet
  facet normal 0.138774 0.692694 -0.707755
    outer loop
      vertex -76.5012 -5.60237 16.4162
      vertex -75.9304 -4.67751 17.4333
      vertex -75.6265 -4.75893 17.4132
    endloop
  endfacet
  facet normal 0.138643 0.692747 -0.707729
    outer loop
      vertex -75.9304 -4.67751 17.4333
      vertex -76.5012 -5.60237 16.4162
      vertex -76.2423 -4.63644 17.4124
    endloop
  endfacet
  facet normal 0.138566 0.692816 -0.707676
    outer loop
      vertex -75.3119 -4.75893 17.4748
      vertex -76.5012 -5.60237 16.4162
      vertex -75.6265 -4.75893 17.4132
    endloop
  endfacet
  facet normal 0.131082 0.69967 -0.702339
    outer loop
      vertex -75 -4.8 17.4957
      vertex -75 -5.8 16.4995
      vertex -76.5012 -5.60237 16.4162
    endloop
  endfacet
  facet normal 0.130522 0.991445 -0
    outer loop
      vertex -75 -5.8 16.4962
      vertex -76.5012 -5.60237 16.4162
      vertex -75 -5.8 16.4995
    endloop
  endfacet
  facet normal 0.130522 0.991445 0
    outer loop
      vertex -76.5012 -5.60237 16.4162
      vertex -75 -5.8 16.4962
      vertex -76.5012 -5.60237 16.4129
    endloop
  endfacet
  facet normal 0.0454129 0.705031 0.707721
    outer loop
      vertex -75.3119 -4.75893 15.4791
      vertex -75 -5.8 16.4962
      vertex -75 -4.8 15.5
    endloop
  endfacet
  facet normal 0.045219 0.705008 0.707756
    outer loop
      vertex -75.6265 -4.75893 15.4992
      vertex -75 -5.8 16.4962
      vertex -75.3119 -4.75893 15.4791
    endloop
  endfacet
  facet normal 0.0454567 0.705074 0.707676
    outer loop
      vertex -75.9304 -4.67751 15.4376
      vertex -75 -5.8 16.4962
      vertex -75.6265 -4.75893 15.4992
    endloop
  endfacet
  facet normal 0.0454183 0.705059 0.707693
    outer loop
      vertex -75 -5.8 16.4962
      vertex -75.9304 -4.67751 15.4376
      vertex -76.2423 -4.63644 15.4167
    endloop
  endfacet
  facet normal 0.130726 -0.0349393 -0.990803
    outer loop
      vertex -76.2317 -4.59678 17.4124
      vertex -76.2218 -4.59944 17.4138
      vertex -76.2423 -4.63644 17.4124
    endloop
  endfacet
  facet normal 0.0669454 0.000661559 -0.997756
    outer loop
      vertex -76.2218 -4.59944 17.4138
      vertex -75.9304 -4.67751 17.4333
      vertex -76.2423 -4.63644 17.4124
    endloop
  endfacet
  facet normal 0.0668587 0 -0.997762
    outer loop
      vertex -75 -4.75893 17.4957
      vertex -75 -4.8 17.4957
      vertex -75.3119 -4.75893 17.4748
    endloop
  endfacet
  facet normal -0.134684 0 0.990889
    outer loop
      vertex -75 -4.8 15.5
      vertex -75 -4.75893 15.5
      vertex -75.0103 -4.75893 15.4986
    endloop
  endfacet
  facet normal -0.0645857 0.017262 0.997763
    outer loop
      vertex -75.9304 -4.67751 15.4376
      vertex -76.2317 -4.59678 15.4167
      vertex -76.2423 -4.63644 15.4167
    endloop
  endfacet
  facet normal -0.0645102 0.0178331 0.997758
    outer loop
      vertex -75 -4.8 15.5
      vertex -75.0103 -4.75893 15.4986
      vertex -75.3119 -4.75893 15.4791
    endloop
  endfacet
  facet normal 0.131082 -0.69967 0.702339
    outer loop
      vertex -75 4.8 16.5
      vertex -75 5.8 17.4962
      vertex -76.5012 5.60237 17.5795
    endloop
  endfacet
  facet normal 0.0544199 -0.709761 -0.702338
    outer loop
      vertex -75 5.8 17.4995
      vertex -76.2423 4.63644 18.5791
      vertex -76.5012 5.60237 17.5829
    endloop
  endfacet
  facet normal 0.0451864 -0.705039 -0.707728
    outer loop
      vertex -75.3119 4.75893 18.5167
      vertex -75 5.8 17.4995
      vertex -75 4.8 18.4957
    endloop
  endfacet
  facet normal 0.0454392 -0.705069 -0.707681
    outer loop
      vertex -75.6265 4.75893 18.4965
      vertex -75 5.8 17.4995
      vertex -75.3119 4.75893 18.5167
    endloop
  endfacet
  facet normal 0.0454567 -0.705074 -0.707676
    outer loop
      vertex -75.9304 4.67751 18.5581
      vertex -75 5.8 17.4995
      vertex -75.6265 4.75893 18.4965
    endloop
  endfacet
  facet normal 0.0451708 -0.70496 -0.707807
    outer loop
      vertex -75 5.8 17.4995
      vertex -75.9304 4.67751 18.5581
      vertex -76.2423 4.63644 18.5791
    endloop
  endfacet
  facet normal 0.130522 -0.991445 0
    outer loop
      vertex -76.5012 5.60237 17.5795
      vertex -75 5.8 17.4995
      vertex -76.5012 5.60237 17.5829
    endloop
  endfacet
  facet normal 0.130522 -0.991445 0
    outer loop
      vertex -75 5.8 17.4995
      vertex -76.5012 5.60237 17.5795
      vertex -75 5.8 17.4962
    endloop
  endfacet
  facet normal 0.138643 -0.692759 0.707717
    outer loop
      vertex -76.5012 5.60237 17.5795
      vertex -75.3119 4.75893 16.5209
      vertex -75 4.8 16.5
    endloop
  endfacet
  facet normal 0.138566 -0.692778 0.707714
    outer loop
      vertex -76.5012 5.60237 17.5795
      vertex -75.9304 4.67751 16.5624
      vertex -75.6265 4.75893 16.5826
    endloop
  endfacet
  facet normal 0.138643 -0.692747 0.707729
    outer loop
      vertex -75.9304 4.67751 16.5624
      vertex -76.5012 5.60237 17.5795
      vertex -76.2423 4.63644 16.5833
    endloop
  endfacet
  facet normal 0.138817 -0.69263 0.707809
    outer loop
      vertex -75.3119 4.75893 16.5209
      vertex -76.5012 5.60237 17.5795
      vertex -75.6265 4.75893 16.5826
    endloop
  endfacet
  facet normal -0.0648934 -0.0173442 -0.997741
    outer loop
      vertex -75.9304 4.67751 18.5581
      vertex -76.2317 4.59678 18.5791
      vertex -76.2423 4.63644 18.5791
    endloop
  endfacet
  facet normal -0.0648397 -0.0177498 -0.997738
    outer loop
      vertex -75 4.8 18.4957
      vertex -75.0103 4.75893 18.4971
      vertex -75.3119 4.75893 18.5167
    endloop
  endfacet
  facet normal -0.134684 -0 -0.990889
    outer loop
      vertex -75 4.8 18.4957
      vertex -75 4.75893 18.4957
      vertex -75.0103 4.75893 18.4971
    endloop
  endfacet
  facet normal 0.121542 0.0324846 0.992055
    outer loop
      vertex -76.2317 4.59678 16.5833
      vertex -76.2218 4.59944 16.582
      vertex -76.2423 4.63644 16.5833
    endloop
  endfacet
  facet normal 0.0666159 0.00185176 0.997777
    outer loop
      vertex -76.2218 4.59944 16.582
      vertex -75.9304 4.67751 16.5624
      vertex -76.2423 4.63644 16.5833
    endloop
  endfacet
  facet normal 0.0668587 -0 0.997762
    outer loop
      vertex -75 4.75893 16.5
      vertex -75 4.8 16.5
      vertex -75.3119 4.75893 16.5209
    endloop
  endfacet
  facet normal 0.307755 -0.641869 0.702347
    outer loop
      vertex -76.2423 4.63644 16.5833
      vertex -76.5012 5.60237 17.5795
      vertex -77.9 5.02295 17.6629
    endloop
  endfacet
  facet normal 0.226284 -0.669261 -0.707733
    outer loop
      vertex -76.533 4.51605 18.6
      vertex -76.5012 5.60237 17.5829
      vertex -76.2423 4.63644 18.5791
    endloop
  endfacet
  facet normal 0.226367 -0.669249 -0.707718
    outer loop
      vertex -76.8369 4.43462 18.5798
      vertex -76.5012 5.60237 17.5829
      vertex -76.533 4.51605 18.6
    endloop
  endfacet
  facet normal 0.226145 -0.669247 -0.70779
    outer loop
      vertex -77.1093 4.27732 18.6415
      vertex -76.5012 5.60237 17.5829
      vertex -76.8369 4.43462 18.5798
    endloop
  endfacet
  facet normal 0.22631 -0.669266 -0.707719
    outer loop
      vertex -76.5012 5.60237 17.5829
      vertex -77.1093 4.27732 18.6415
      vertex -77.4 4.15692 18.6624
    endloop
  endfacet
  facet normal 0.236316 -0.671471 -0.70234
    outer loop
      vertex -76.5012 5.60237 17.5829
      vertex -77.4 4.15692 18.6624
      vertex -77.9 5.02295 17.6662
    endloop
  endfacet
  facet normal 0.382694 -0.923875 0
    outer loop
      vertex -77.9 5.02295 17.6629
      vertex -76.5012 5.60237 17.5829
      vertex -77.9 5.02295 17.6662
    endloop
  endfacet
  facet normal 0.382694 -0.923875 0
    outer loop
      vertex -76.5012 5.60237 17.5829
      vertex -77.9 5.02295 17.6629
      vertex -76.5012 5.60237 17.5795
    endloop
  endfacet
  facet normal 0.313335 -0.633133 0.707788
    outer loop
      vertex -77.9 5.02295 17.6629
      vertex -76.533 4.51605 16.6043
      vertex -76.2423 4.63644 16.5833
    endloop
  endfacet
  facet normal 0.313222 -0.633293 0.707695
    outer loop
      vertex -77.9 5.02295 17.6629
      vertex -77.1093 4.27732 16.6457
      vertex -76.8369 4.43462 16.6659
    endloop
  endfacet
  facet normal 0.313372 -0.633181 0.707729
    outer loop
      vertex -77.1093 4.27732 16.6457
      vertex -77.9 5.02295 17.6629
      vertex -77.4 4.15692 16.6667
    endloop
  endfacet
  facet normal 0.313152 -0.633364 0.707662
    outer loop
      vertex -76.533 4.51605 16.6043
      vertex -77.9 5.02295 17.6629
      vertex -76.8369 4.43462 16.6659
    endloop
  endfacet
  facet normal -0.130726 -0.0349393 -0.990803
    outer loop
      vertex -76.2317 4.59678 18.5791
      vertex -76.2416 4.59412 18.5805
      vertex -76.2423 4.63644 18.5791
    endloop
  endfacet
  facet normal -0.0579081 -0.0333835 -0.997764
    outer loop
      vertex -77.1093 4.27732 18.6415
      vertex -77.3795 4.12136 18.6624
      vertex -77.4 4.15692 18.6624
    endloop
  endfacet
  facet normal -0.0576697 -0.033961 -0.997758
    outer loop
      vertex -76.2423 4.63644 18.5791
      vertex -76.2416 4.59412 18.5805
      vertex -76.533 4.51605 18.6
    endloop
  endfacet
  facet normal 0.116933 0.0674105 0.990849
    outer loop
      vertex -77.3795 4.12136 16.6667
      vertex -77.3706 4.1265 16.6653
      vertex -77.4 4.15692 16.6667
    endloop
  endfacet
  facet normal 0.0650539 0.0169544 0.997738
    outer loop
      vertex -77.3706 4.1265 16.6653
      vertex -77.1093 4.27732 16.6457
      vertex -77.4 4.15692 16.6667
    endloop
  endfacet
  facet normal 0.0648934 0.0173442 0.997741
    outer loop
      vertex -76.2317 4.59678 16.5833
      vertex -76.2423 4.63644 16.5833
      vertex -76.533 4.51605 16.6043
    endloop
  endfacet
  facet normal 0.463364 -0.540383 0.702339
    outer loop
      vertex -77.4 4.15692 16.6667
      vertex -77.9 5.02295 17.6629
      vertex -79.1012 4.10122 17.7462
    endloop
  endfacet
  facet normal 0.402054 -0.58743 -0.702338
    outer loop
      vertex -77.9 5.02295 17.6662
      vertex -78.3941 3.39411 18.7457
      vertex -79.1012 4.10122 17.7495
    endloop
  endfacet
  facet normal 0.391824 -0.58788 -0.707723
    outer loop
      vertex -77.6496 3.9654 18.6833
      vertex -77.9 5.02295 17.6662
      vertex -77.4 4.15692 18.6624
    endloop
  endfacet
  facet normal 0.391611 -0.587971 -0.707765
    outer loop
      vertex -77.9221 3.8081 18.6632
      vertex -77.9 5.02295 17.6662
      vertex -77.6496 3.9654 18.6833
    endloop
  endfacet
  facet normal 0.392048 -0.587857 -0.707617
    outer loop
      vertex -78.1445 3.58563 18.7248
      vertex -77.9 5.02295 17.6662
      vertex -77.9221 3.8081 18.6632
    endloop
  endfacet
  facet normal 0.391833 -0.587889 -0.70771
    outer loop
      vertex -77.9 5.02295 17.6662
      vertex -78.1445 3.58563 18.7248
      vertex -78.3941 3.39411 18.7457
    endloop
  endfacet
  facet normal 0.608768 -0.793348 0
    outer loop
      vertex -79.1012 4.10122 17.7462
      vertex -77.9 5.02295 17.6662
      vertex -79.1012 4.10122 17.7495
    endloop
  endfacet
  facet normal 0.608768 -0.793348 0
    outer loop
      vertex -77.9 5.02295 17.6662
      vertex -79.1012 4.10122 17.7462
      vertex -77.9 5.02295 17.6629
    endloop
  endfacet
  facet normal 0.466442 -0.530666 0.707691
    outer loop
      vertex -79.1012 4.10122 17.7462
      vertex -77.6496 3.9654 16.6876
      vertex -77.4 4.15692 16.6667
    endloop
  endfacet
  facet normal 0.466608 -0.530408 0.707774
    outer loop
      vertex -79.1012 4.10122 17.7462
      vertex -78.1445 3.58563 16.7291
      vertex -77.9221 3.8081 16.7492
    endloop
  endfacet
  facet normal 0.466425 -0.530641 0.70772
    outer loop
      vertex -78.1445 3.58563 16.7291
      vertex -79.1012 4.10122 17.7462
      vertex -78.3941 3.39411 16.75
    endloop
  endfacet
  facet normal 0.466375 -0.530819 0.707619
    outer loop
      vertex -77.6496 3.9654 16.6876
      vertex -79.1012 4.10122 17.7462
      vertex -77.9221 3.8081 16.7492
    endloop
  endfacet
  facet normal -0.0472946 -0.0472458 -0.997763
    outer loop
      vertex -78.1445 3.58563 18.7248
      vertex -78.3651 3.36508 18.7457
      vertex -78.3941 3.39411 18.7457
    endloop
  endfacet
  facet normal -0.046945 -0.0477008 -0.997758
    outer loop
      vertex -77.4 4.15692 18.6624
      vertex -77.3884 4.11622 18.6638
      vertex -77.6496 3.9654 18.6833
    endloop
  endfacet
  facet normal -0.116933 -0.0674105 -0.990849
    outer loop
      vertex -77.3795 4.12136 18.6624
      vertex -77.3884 4.11622 18.6638
      vertex -77.4 4.15692 18.6624
    endloop
  endfacet
  facet normal 0.0953261 0.0952276 0.990881
    outer loop
      vertex -78.3651 3.36508 16.75
      vertex -78.3578 3.37234 16.7486
      vertex -78.3941 3.39411 16.75
    endloop
  endfacet
  facet normal 0.0579241 0.0333927 0.997762
    outer loop
      vertex -77.3795 4.12136 16.6667
      vertex -77.4 4.15692 16.6667
      vertex -77.6496 3.9654 16.6876
    endloop
  endfacet
  facet normal 0.0582514 0.0329657 0.997758
    outer loop
      vertex -78.3578 3.37234 16.7486
      vertex -78.1445 3.58563 16.7291
      vertex -78.3941 3.39411 16.75
    endloop
  endfacet
  facet normal 0.587441 -0.402041 0.702336
    outer loop
      vertex -78.3941 3.39411 16.75
      vertex -79.1012 4.10122 17.7462
      vertex -80.0229 2.9 17.8295
    endloop
  endfacet
  facet normal 0.530647 -0.466461 -0.707692
    outer loop
      vertex -79.1012 4.10122 17.7495
      vertex -78.5856 3.14452 18.7667
      vertex -78.8081 2.92205 18.7465
    endloop
  endfacet
  facet normal 0.530499 -0.466577 -0.707726
    outer loop
      vertex -78.5856 3.14452 18.7667
      vertex -79.1012 4.10122 17.7495
      vertex -78.3941 3.39411 18.7457
    endloop
  endfacet
  facet normal 0.530742 -0.466407 -0.707657
    outer loop
      vertex -78.9654 2.64959 18.8081
      vertex -79.1012 4.10122 17.7495
      vertex -78.8081 2.92205 18.7465
    endloop
  endfacet
  facet normal 0.53044 -0.466537 -0.707797
    outer loop
      vertex -79.1012 4.10122 17.7495
      vertex -78.9654 2.64959 18.8081
      vertex -79.1569 2.4 18.8291
    endloop
  endfacet
  facet normal 0.540373 -0.463392 -0.702328
    outer loop
      vertex -79.1012 4.10122 17.7495
      vertex -79.1569 2.4 18.8291
      vertex -80.0229 2.9 17.8329
    endloop
  endfacet
  facet normal 0.793362 -0.60875 0
    outer loop
      vertex -80.0229 2.9 17.8295
      vertex -79.1012 4.10122 17.7495
      vertex -80.0229 2.9 17.8329
    endloop
  endfacet
  facet normal 0.793362 -0.60875 0
    outer loop
      vertex -79.1012 4.10122 17.7495
      vertex -80.0229 2.9 17.8295
      vertex -79.1012 4.10122 17.7462
    endloop
  endfacet
  facet normal 0.587901 -0.39181 0.707713
    outer loop
      vertex -80.0229 2.9 17.8295
      vertex -78.5856 3.14452 16.7709
      vertex -78.3941 3.39411 16.75
    endloop
  endfacet
  facet normal 0.587874 -0.391868 0.707703
    outer loop
      vertex -80.0229 2.9 17.8295
      vertex -78.9654 2.64959 16.8124
      vertex -78.8081 2.92205 16.8326
    endloop
  endfacet
  facet normal 0.5879 -0.391809 0.707715
    outer loop
      vertex -78.9654 2.64959 16.8124
      vertex -80.0229 2.9 17.8295
      vertex -79.1569 2.4 16.8333
    endloop
  endfacet
  facet normal 0.587916 -0.391706 0.707758
    outer loop
      vertex -78.5856 3.14452 16.7709
      vertex -80.0229 2.9 17.8295
      vertex -78.8081 2.92205 16.8326
    endloop
  endfacet
  facet normal -0.033241 -0.0584431 -0.997737
    outer loop
      vertex -78.3941 3.39411 18.7457
      vertex -78.3723 3.35781 18.7471
      vertex -78.5856 3.14452 18.7667
    endloop
  endfacet
  facet normal -0.0336271 -0.0581473 -0.997742
    outer loop
      vertex -78.9654 2.64959 18.8081
      vertex -79.1214 2.37947 18.8291
      vertex -79.1569 2.4 18.8291
    endloop
  endfacet
  facet normal -0.0959085 -0.0958094 -0.990768
    outer loop
      vertex -78.3651 3.36508 18.7457
      vertex -78.3723 3.35781 18.7471
      vertex -78.3941 3.39411 18.7457
    endloop
  endfacet
  facet normal 0.0626422 0.108319 0.992141
    outer loop
      vertex -79.1214 2.37947 16.8333
      vertex -79.1162 2.38837 16.832
      vertex -79.1569 2.4 16.8333
    endloop
  endfacet
  facet normal 0.0473042 0.0472554 0.997762
    outer loop
      vertex -78.3651 3.36508 16.75
      vertex -78.3941 3.39411 16.75
      vertex -78.5856 3.14452 16.7709
    endloop
  endfacet
  facet normal 0.0457208 0.0484716 0.997778
    outer loop
      vertex -79.1162 2.38837 16.832
      vertex -78.9654 2.64959 16.8124
      vertex -79.1569 2.4 16.8333
    endloop
  endfacet
  facet normal 0.671487 -0.236303 0.702329
    outer loop
      vertex -79.1569 2.4 16.8333
      vertex -80.0229 2.9 17.8295
      vertex -80.6024 1.50115 17.9129
    endloop
  endfacet
  facet normal 0.641867 -0.30773 -0.702359
    outer loop
      vertex -80.0229 2.9 17.8329
      vertex -79.6364 1.24233 18.9124
      vertex -80.6024 1.50115 17.9162
    endloop
  endfacet
  facet normal 0.633313 -0.313164 -0.707703
    outer loop
      vertex -80.0229 2.9 17.8329
      vertex -79.2773 2.10934 18.85
      vertex -79.4346 1.83688 18.8298
    endloop
  endfacet
  facet normal 0.633285 -0.313213 -0.707706
    outer loop
      vertex -80.0229 2.9 17.8329
      vertex -79.516 1.53299 18.8915
      vertex -79.6364 1.24233 18.9124
    endloop
  endfacet
  facet normal 0.633278 -0.313211 -0.707713
    outer loop
      vertex -79.2773 2.10934 18.85
      vertex -80.0229 2.9 17.8329
      vertex -79.1569 2.4 18.8291
    endloop
  endfacet
  facet normal 0.633172 -0.313302 -0.707767
    outer loop
      vertex -79.516 1.53299 18.8915
      vertex -80.0229 2.9 17.8329
      vertex -79.4346 1.83688 18.8298
    endloop
  endfacet
  facet normal 0.923861 -0.382727 0
    outer loop
      vertex -80.6024 1.50115 17.9129
      vertex -80.0229 2.9 17.8329
      vertex -80.6024 1.50115 17.9162
    endloop
  endfacet
  facet normal 0.923861 -0.382727 0
    outer loop
      vertex -80.0229 2.9 17.8329
      vertex -80.6024 1.50115 17.9129
      vertex -80.0229 2.9 17.8295
    endloop
  endfacet
  facet normal 0.669233 -0.226076 0.707825
    outer loop
      vertex -80.6024 1.50115 17.9129
      vertex -79.2773 2.10934 16.8543
      vertex -79.1569 2.4 16.8333
    endloop
  endfacet
  facet normal 0.669269 -0.226313 0.707715
    outer loop
      vertex -80.6024 1.50115 17.9129
      vertex -79.516 1.53299 16.8957
      vertex -79.4346 1.83688 16.9159
    endloop
  endfacet
  facet normal 0.669298 -0.226109 0.707753
    outer loop
      vertex -79.516 1.53299 16.8957
      vertex -80.6024 1.50115 17.9129
      vertex -79.6364 1.24233 16.9167
    endloop
  endfacet
  facet normal 0.66927 -0.226391 0.70769
    outer loop
      vertex -79.2773 2.10934 16.8543
      vertex -80.6024 1.50115 17.9129
      vertex -79.4346 1.83688 16.9159
    endloop
  endfacet
  facet normal -0.0173315 -0.0645652 -0.997763
    outer loop
      vertex -79.516 1.53299 18.8915
      vertex -79.5968 1.2317 18.9124
      vertex -79.6364 1.24233 18.9124
    endloop
  endfacet
  facet normal -0.0167775 -0.0647943 -0.997758
    outer loop
      vertex -79.1569 2.4 18.8291
      vertex -79.1265 2.37057 18.8305
      vertex -79.2773 2.10934 18.85
    endloop
  endfacet
  facet normal -0.0676995 -0.117064 -0.990814
    outer loop
      vertex -79.1214 2.37947 18.8291
      vertex -79.1265 2.37057 18.8305
      vertex -79.1569 2.4 18.8291
    endloop
  endfacet
  facet normal 0.0349494 0.130197 0.990872
    outer loop
      vertex -79.5968 1.2317 16.9167
      vertex -79.5941 1.24163 16.9153
      vertex -79.6364 1.24233 16.9167
    endloop
  endfacet
  facet normal 0.033982 0.0580095 0.997737
    outer loop
      vertex -79.5941 1.24163 16.9153
      vertex -79.516 1.53299 16.8957
      vertex -79.6364 1.24233 16.9167
    endloop
  endfacet
  facet normal 0.0336316 0.0581549 0.997741
    outer loop
      vertex -79.1214 2.37947 16.8333
      vertex -79.1569 2.4 16.8333
      vertex -79.2773 2.10934 16.8543
    endloop
  endfacet
  facet normal 0.709733 -0.0544492 0.702364
    outer loop
      vertex -79.6364 1.24233 16.9167
      vertex -80.6024 1.50115 17.9129
      vertex -80.8 0 17.9962
    endloop
  endfacet
  facet normal 0.6927 -0.138699 -0.707764
    outer loop
      vertex -80.6024 1.50115 17.9162
      vertex -79.7589 0.311914 18.9748
      vertex -79.8 0 18.9957
    endloop
  endfacet
  facet normal 0.692701 -0.138734 -0.707756
    outer loop
      vertex -80.6024 1.50115 17.9162
      vertex -79.6775 0.930416 18.9333
      vertex -79.7589 0.626525 18.9132
    endloop
  endfacet
  facet normal 0.692714 -0.1387 -0.70775
    outer loop
      vertex -79.6775 0.930416 18.9333
      vertex -80.6024 1.50115 17.9162
      vertex -79.6364 1.24233 18.9124
    endloop
  endfacet
  facet normal 0.6928 -0.138564 -0.707692
    outer loop
      vertex -79.7589 0.311914 18.9748
      vertex -80.6024 1.50115 17.9162
      vertex -79.7589 0.626525 18.9132
    endloop
  endfacet
  facet normal 0.699671 -0.131073 -0.70234
    outer loop
      vertex -80.6024 1.50115 17.9162
      vertex -79.8 0 18.9957
      vertex -80.8 0 17.9995
    endloop
  endfacet
  facet normal 0.991447 -0.130507 0
    outer loop
      vertex -80.8 0 17.9962
      vertex -80.6024 1.50115 17.9162
      vertex -80.8 0 17.9995
    endloop
  endfacet
  facet normal 0.991447 -0.130507 0
    outer loop
      vertex -80.6024 1.50115 17.9162
      vertex -80.8 0 17.9962
      vertex -80.6024 1.50115 17.9129
    endloop
  endfacet
  facet normal 0.705084 -0.0454894 0.707663
    outer loop
      vertex -80.8 0 17.9962
      vertex -79.6775 0.930416 16.9376
      vertex -79.6364 1.24233 16.9167
    endloop
  endfacet
  facet normal 0.704998 -0.0452181 0.707766
    outer loop
      vertex -80.8 0 17.9962
      vertex -79.7589 0.311914 16.9791
      vertex -79.7589 0.626525 16.9992
    endloop
  endfacet
  facet normal 0.705029 -0.0454785 0.707719
    outer loop
      vertex -79.7589 0.311914 16.9791
      vertex -80.8 0 17.9962
      vertex -79.8 0 17
    endloop
  endfacet
  facet normal 0.705048 -0.0453987 0.707705
    outer loop
      vertex -79.6775 0.930416 16.9376
      vertex -80.8 0 17.9962
      vertex -79.7589 0.626525 16.9992
    endloop
  endfacet
  facet normal -0.035036 -0.13052 -0.990826
    outer loop
      vertex -79.5968 1.2317 18.9124
      vertex -79.5994 1.22177 18.9138
      vertex -79.6364 1.24233 18.9124
    endloop
  endfacet
  facet normal 0.000561929 -0.0669294 -0.997758
    outer loop
      vertex -79.6364 1.24233 18.9124
      vertex -79.5994 1.22177 18.9138
      vertex -79.6775 0.930416 18.9333
    endloop
  endfacet
  facet normal 0 -0.0668557 -0.997763
    outer loop
      vertex -79.7589 0.311914 18.9748
      vertex -79.7589 0 18.9957
      vertex -79.8 0 18.9957
    endloop
  endfacet
  facet normal 0 0.134967 0.99085
    outer loop
      vertex -79.7589 0 17
      vertex -79.7589 0.010278 16.9986
      vertex -79.8 0 17
    endloop
  endfacet
  facet normal 0.0173333 0.0645718 0.997763
    outer loop
      vertex -79.5968 1.2317 16.9167
      vertex -79.6364 1.24233 16.9167
      vertex -79.6775 0.930416 16.9376
    endloop
  endfacet
  facet normal 0.0178565 0.0645025 0.997758
    outer loop
      vertex -79.7589 0.010278 16.9986
      vertex -79.7589 0.311914 16.9791
      vertex -79.8 0 17
    endloop
  endfacet
  facet normal 0.699671 0.131073 0.70234
    outer loop
      vertex -80.6024 -1.50115 18.0795
      vertex -79.8 0 17
      vertex -80.8 0 17.9962
    endloop
  endfacet
  facet normal 0.709741 0.0544036 -0.702359
    outer loop
      vertex -79.6364 -1.24233 19.0791
      vertex -80.6024 -1.50115 18.0829
      vertex -80.8 0 17.9995
    endloop
  endfacet
  facet normal 0.704986 0.045242 -0.707777
    outer loop
      vertex -80.8 0 17.9995
      vertex -79.6775 -0.930416 19.0581
      vertex -79.6364 -1.24233 19.0791
    endloop
  endfacet
  facet normal 0.705059 0.0454382 -0.707692
    outer loop
      vertex -80.8 0 17.9995
      vertex -79.7589 -0.311914 19.0167
      vertex -79.7589 -0.626525 18.9965
    endloop
  endfacet
  facet normal 0.705036 0.0452521 -0.707726
    outer loop
      vertex -79.7589 -0.311914 19.0167
      vertex -80.8 0 17.9995
      vertex -79.8 0 18.9957
    endloop
  endfacet
  facet normal 0.705048 0.0453987 -0.707705
    outer loop
      vertex -79.6775 -0.930416 19.0581
      vertex -80.8 0 17.9995
      vertex -79.7589 -0.626525 18.9965
    endloop
  endfacet
  facet normal 0.991447 0.130507 -0
    outer loop
      vertex -80.6024 -1.50115 18.0795
      vertex -80.8 0 17.9995
      vertex -80.6024 -1.50115 18.0829
    endloop
  endfacet
  facet normal 0.991447 0.130507 0
    outer loop
      vertex -80.8 0 17.9995
      vertex -80.6024 -1.50115 18.0795
      vertex -80.8 0 17.9962
    endloop
  endfacet
  facet normal 0.6927 0.138699 0.707764
    outer loop
      vertex -80.6024 -1.50115 18.0795
      vertex -79.7589 -0.311914 17.0209
      vertex -79.8 0 17
    endloop
  endfacet
  facet normal 0.692784 0.138526 0.707715
    outer loop
      vertex -80.6024 -1.50115 18.0795
      vertex -79.6775 -0.930416 17.0624
      vertex -79.7589 -0.626525 17.0826
    endloop
  endfacet
  facet normal 0.692714 0.1387 0.70775
    outer loop
      vertex -79.6775 -0.930416 17.0624
      vertex -80.6024 -1.50115 18.0795
      vertex -79.6364 -1.24233 17.0833
    endloop
  endfacet
  facet normal 0.692614 0.138815 0.707825
    outer loop
      vertex -79.7589 -0.311914 17.0209
      vertex -80.6024 -1.50115 18.0795
      vertex -79.7589 -0.626525 17.0826
    endloop
  endfacet
  facet normal 0.0177735 -0.064832 -0.997738
    outer loop
      vertex -79.7589 -0.010278 18.9971
      vertex -79.7589 -0.311914 19.0167
      vertex -79.8 0 18.9957
    endloop
  endfacet
  facet normal 0.0174158 -0.0648793 -0.997741
    outer loop
      vertex -79.5968 -1.2317 19.0791
      vertex -79.6364 -1.24233 19.0791
      vertex -79.6775 -0.930416 19.0581
    endloop
  endfacet
  facet normal -0 -0.134967 -0.99085
    outer loop
      vertex -79.7589 0 18.9957
      vertex -79.7589 -0.010278 18.9971
      vertex -79.8 0 18.9957
    endloop
  endfacet
  facet normal -0.0325745 0.12135 0.992075
    outer loop
      vertex -79.5968 -1.2317 17.0833
      vertex -79.5994 -1.22177 17.082
      vertex -79.6364 -1.24233 17.0833
    endloop
  endfacet
  facet normal 0 0.0668557 0.997763
    outer loop
      vertex -79.7589 -0.311914 17.0209
      vertex -79.7589 0 17
      vertex -79.8 0 17
    endloop
  endfacet
  facet normal -0.00195078 0.0665997 0.997778
    outer loop
      vertex -79.6364 -1.24233 17.0833
      vertex -79.5994 -1.22177 17.082
      vertex -79.6775 -0.930416 17.0624
    endloop
  endfacet
  facet normal 0.641851 0.307774 0.702355
    outer loop
      vertex -80.0229 -2.9 18.1629
      vertex -79.6364 -1.24233 17.0833
      vertex -80.6024 -1.50115 18.0795
    endloop
  endfacet
  facet normal 0.669264 0.226341 -0.707712
    outer loop
      vertex -80.6024 -1.50115 18.0829
      vertex -79.2773 -2.10934 19.1415
      vertex -79.1569 -2.4 19.1624
    endloop
  endfacet
  facet normal 0.669236 0.226307 -0.707749
    outer loop
      vertex -80.6024 -1.50115 18.0829
      vertex -79.516 -1.53299 19.1
      vertex -79.4346 -1.83688 19.0798
    endloop
  endfacet
  facet normal 0.669233 0.226325 -0.707746
    outer loop
      vertex -79.516 -1.53299 19.1
      vertex -80.6024 -1.50115 18.0829
      vertex -79.6364 -1.24233 19.0791
    endloop
  endfacet
  facet normal 0.669234 0.22608 -0.707824
    outer loop
      vertex -79.2773 -2.10934 19.1415
      vertex -80.6024 -1.50115 18.0829
      vertex -79.4346 -1.83688 19.0798
    endloop
  endfacet
  facet normal 0.671468 0.236345 -0.702333
    outer loop
      vertex -79.1569 -2.4 19.1624
      vertex -80.0229 -2.9 18.1662
      vertex -80.6024 -1.50115 18.0829
    endloop
  endfacet
  facet normal 0.923861 0.382727 -0
    outer loop
      vertex -80.0229 -2.9 18.1629
      vertex -80.6024 -1.50115 18.0829
      vertex -80.0229 -2.9 18.1662
    endloop
  endfacet
  facet normal 0.923861 0.382727 0
    outer loop
      vertex -80.6024 -1.50115 18.0829
      vertex -80.0229 -2.9 18.1629
      vertex -80.6024 -1.50115 18.0795
    endloop
  endfacet
  facet normal 0.633342 0.313183 0.707669
    outer loop
      vertex -80.0229 -2.9 18.1629
      vertex -79.2773 -2.10934 17.1457
      vertex -79.4346 -1.83688 17.1659
    endloop
  endfacet
  facet normal 0.633076 0.313378 0.70782
    outer loop
      vertex -80.0229 -2.9 18.1629
      vertex -79.516 -1.53299 17.1043
      vertex -79.6364 -1.24233 17.0833
    endloop
  endfacet
  facet normal 0.633171 0.313411 0.707721
    outer loop
      vertex -79.2773 -2.10934 17.1457
      vertex -80.0229 -2.9 18.1629
      vertex -79.1569 -2.4 17.1667
    endloop
  endfacet
  facet normal 0.633417 0.313108 0.707634
    outer loop
      vertex -79.516 -1.53299 17.1043
      vertex -80.0229 -2.9 18.1629
      vertex -79.4346 -1.83688 17.1659
    endloop
  endfacet
  facet normal 0.0349494 -0.130197 -0.990872
    outer loop
      vertex -79.5968 -1.2317 19.0791
      vertex -79.5941 -1.24163 19.0805
      vertex -79.6364 -1.24233 19.0791
    endloop
  endfacet
  facet normal 0.033977 -0.0576698 -0.997757
    outer loop
      vertex -79.5941 -1.24163 19.0805
      vertex -79.516 -1.53299 19.1
      vertex -79.6364 -1.24233 19.0791
    endloop
  endfacet
  facet normal 0.0334721 -0.0578793 -0.997762
    outer loop
      vertex -79.1214 -2.37947 19.1624
      vertex -79.1569 -2.4 19.1624
      vertex -79.2773 -2.10934 19.1415
    endloop
  endfacet
  facet normal -0.0676995 0.117064 0.990814
    outer loop
      vertex -79.1214 -2.37947 17.1667
      vertex -79.1265 -2.37057 17.1653
      vertex -79.1569 -2.4 17.1667
    endloop
  endfacet
  facet normal -0.0174141 0.0648728 0.997742
    outer loop
      vertex -79.516 -1.53299 17.1043
      vertex -79.5968 -1.2317 17.0833
      vertex -79.6364 -1.24233 17.0833
    endloop
  endfacet
  facet normal -0.0170144 0.0650381 0.997738
    outer loop
      vertex -79.1569 -2.4 17.1667
      vertex -79.1265 -2.37057 17.1653
      vertex -79.2773 -2.10934 17.1457
    endloop
  endfacet
  facet normal 0.5404 0.463355 0.702332
    outer loop
      vertex -79.1012 -4.10122 18.2462
      vertex -79.1569 -2.4 17.1667
      vertex -80.0229 -2.9 18.1629
    endloop
  endfacet
  facet normal 0.587441 0.402041 -0.702336
    outer loop
      vertex -78.3941 -3.39411 19.2457
      vertex -79.1012 -4.10122 18.2495
      vertex -80.0229 -2.9 18.1662
    endloop
  endfacet
  facet normal 0.587901 0.39181 -0.707713
    outer loop
      vertex -80.0229 -2.9 18.1662
      vertex -78.5856 -3.14452 19.2248
      vertex -78.3941 -3.39411 19.2457
    endloop
  endfacet
  facet normal 0.587962 0.391662 -0.707744
    outer loop
      vertex -80.0229 -2.9 18.1662
      vertex -78.9654 -2.64959 19.1833
      vertex -78.8081 -2.92205 19.1632
    endloop
  endfacet
  facet normal 0.5879 0.391809 -0.707715
    outer loop
      vertex -78.9654 -2.64959 19.1833
      vertex -80.0229 -2.9 18.1662
      vertex -79.1569 -2.4 19.1624
    endloop
  endfacet
  facet normal 0.587871 0.392015 -0.707624
    outer loop
      vertex -78.5856 -3.14452 19.2248
      vertex -80.0229 -2.9 18.1662
      vertex -78.8081 -2.92205 19.1632
    endloop
  endfacet
  facet normal 0.793362 0.60875 -0
    outer loop
      vertex -79.1012 -4.10122 18.2462
      vertex -80.0229 -2.9 18.1662
      vertex -79.1012 -4.10122 18.2495
    endloop
  endfacet
  facet normal 0.793362 0.60875 0
    outer loop
      vertex -80.0229 -2.9 18.1662
      vertex -79.1012 -4.10122 18.2462
      vertex -80.0229 -2.9 18.1629
    endloop
  endfacet
  facet normal 0.530448 0.466573 0.707767
    outer loop
      vertex -79.1012 -4.10122 18.2462
      vertex -78.5856 -3.14452 17.2291
      vertex -78.8081 -2.92205 17.2492
    endloop
  endfacet
  facet normal 0.530654 0.466411 0.707719
    outer loop
      vertex -78.5856 -3.14452 17.2291
      vertex -79.1012 -4.10122 18.2462
      vertex -78.3941 -3.39411 17.25
    endloop
  endfacet
  facet normal 0.530742 0.466407 0.707657
    outer loop
      vertex -78.9654 -2.64959 17.1876
      vertex -79.1012 -4.10122 18.2462
      vertex -78.8081 -2.92205 17.2492
    endloop
  endfacet
  facet normal 0.530685 0.466432 0.707683
    outer loop
      vertex -79.1012 -4.10122 18.2462
      vertex -78.9654 -2.64959 17.1876
      vertex -79.1569 -2.4 17.1667
    endloop
  endfacet
  facet normal 0.0473042 -0.0472554 -0.997762
    outer loop
      vertex -78.3651 -3.36508 19.2457
      vertex -78.3941 -3.39411 19.2457
      vertex -78.5856 -3.14452 19.2248
    endloop
  endfacet
  facet normal 0.0477305 -0.0469279 -0.997757
    outer loop
      vertex -79.1162 -2.38837 19.1638
      vertex -78.9654 -2.64959 19.1833
      vertex -79.1569 -2.4 19.1624
    endloop
  endfacet
  facet normal 0.0673766 -0.116506 -0.990902
    outer loop
      vertex -79.1214 -2.37947 19.1624
      vertex -79.1162 -2.38837 19.1638
      vertex -79.1569 -2.4 19.1624
    endloop
  endfacet
  facet normal -0.0959085 0.0958094 0.990768
    outer loop
      vertex -78.3651 -3.36508 17.25
      vertex -78.3723 -3.35781 17.2486
      vertex -78.3941 -3.39411 17.25
    endloop
  endfacet
  facet normal -0.0329494 0.0582688 0.997757
    outer loop
      vertex -78.3941 -3.39411 17.25
      vertex -78.3723 -3.35781 17.2486
      vertex -78.5856 -3.14452 17.2291
    endloop
  endfacet
  facet normal -0.0334677 0.0578716 0.997763
    outer loop
      vertex -78.9654 -2.64959 17.1876
      vertex -79.1214 -2.37947 17.1667
      vertex -79.1569 -2.4 17.1667
    endloop
  endfacet
  facet normal 0.402054 0.58743 0.702338
    outer loop
      vertex -77.9 -5.02295 18.3295
      vertex -78.3941 -3.39411 17.25
      vertex -79.1012 -4.10122 18.2462
    endloop
  endfacet
  facet normal 0.466547 0.530421 -0.707804
    outer loop
      vertex -79.1012 -4.10122 18.2495
      vertex -77.6496 -3.9654 19.3081
      vertex -77.4 -4.15692 19.3291
    endloop
  endfacet
  facet normal 0.466495 0.530607 -0.707699
    outer loop
      vertex -79.1012 -4.10122 18.2495
      vertex -78.1445 -3.58563 19.2667
      vertex -77.9221 -3.8081 19.2465
    endloop
  endfacet
  facet normal 0.46659 0.530486 -0.707727
    outer loop
      vertex -78.1445 -3.58563 19.2667
      vertex -79.1012 -4.10122 18.2495
      vertex -78.3941 -3.39411 19.2457
    endloop
  endfacet
  facet normal 0.466375 0.530819 -0.707619
    outer loop
      vertex -77.6496 -3.9654 19.3081
      vertex -79.1012 -4.10122 18.2495
      vertex -77.9221 -3.8081 19.2465
    endloop
  endfacet
  facet normal 0.463401 0.540357 -0.702335
    outer loop
      vertex -77.4 -4.15692 19.3291
      vertex -77.9 -5.02295 18.3329
      vertex -79.1012 -4.10122 18.2495
    endloop
  endfacet
  facet normal 0.608768 0.793348 -0
    outer loop
      vertex -77.9 -5.02295 18.3295
      vertex -79.1012 -4.10122 18.2495
      vertex -77.9 -5.02295 18.3329
    endloop
  endfacet
  facet normal 0.608768 0.793348 0
    outer loop
      vertex -79.1012 -4.10122 18.2495
      vertex -77.9 -5.02295 18.3295
      vertex -79.1012 -4.10122 18.2462
    endloop
  endfacet
  facet normal 0.391824 0.58788 0.707723
    outer loop
      vertex -77.6496 -3.9654 17.3124
      vertex -77.9 -5.02295 18.3295
      vertex -77.4 -4.15692 17.3333
    endloop
  endfacet
  facet normal 0.391817 0.587883 0.707724
    outer loop
      vertex -77.9221 -3.8081 17.3326
      vertex -77.9 -5.02295 18.3295
      vertex -77.6496 -3.9654 17.3124
    endloop
  endfacet
  facet normal 0.391738 0.587903 0.707751
    outer loop
      vertex -78.1445 -3.58563 17.2709
      vertex -77.9 -5.02295 18.3295
      vertex -77.9221 -3.8081 17.3326
    endloop
  endfacet
  facet normal 0.391833 0.587889 0.70771
    outer loop
      vertex -77.9 -5.02295 18.3295
      vertex -78.1445 -3.58563 17.2709
      vertex -78.3941 -3.39411 17.25
    endloop
  endfacet
  facet normal 0.0584256 -0.0332575 -0.997738
    outer loop
      vertex -78.3578 -3.37234 19.2471
      vertex -78.1445 -3.58563 19.2667
      vertex -78.3941 -3.39411 19.2457
    endloop
  endfacet
  facet normal 0.0582 -0.0335518 -0.997741
    outer loop
      vertex -77.3795 -4.12136 19.3291
      vertex -77.4 -4.15692 19.3291
      vertex -77.6496 -3.9654 19.3081
    endloop
  endfacet
  facet normal 0.0953261 -0.0952276 -0.990881
    outer loop
      vertex -78.3651 -3.36508 19.2457
      vertex -78.3578 -3.37234 19.2471
      vertex -78.3941 -3.39411 19.2457
    endloop
  endfacet
  facet normal -0.108717 0.0626741 0.992095
    outer loop
      vertex -77.3795 -4.12136 17.3333
      vertex -77.3884 -4.11622 17.332
      vertex -77.4 -4.15692 17.3333
    endloop
  endfacet
  facet normal -0.0472946 0.0472458 0.997763
    outer loop
      vertex -78.1445 -3.58563 17.2709
      vertex -78.3651 -3.36508 17.25
      vertex -78.3941 -3.39411 17.25
    endloop
  endfacet
  facet normal -0.0484895 0.0456902 0.997778
    outer loop
      vertex -77.4 -4.15692 17.3333
      vertex -77.3884 -4.11622 17.332
      vertex -77.6496 -3.9654 17.3124
    endloop
  endfacet
  facet normal 0.236274 0.67149 0.702336
    outer loop
      vertex -76.5012 -5.60237 18.4129
      vertex -77.4 -4.15692 17.3333
      vertex -77.9 -5.02295 18.3295
    endloop
  endfacet
  facet normal 0.307711 0.641885 -0.702351
    outer loop
      vertex -76.2423 -4.63644 19.4124
      vertex -76.5012 -5.60237 18.4162
      vertex -77.9 -5.02295 18.3329
    endloop
  endfacet
  facet normal 0.31317 0.633342 -0.707674
    outer loop
      vertex -77.9 -5.02295 18.3329
      vertex -76.533 -4.51605 19.3915
      vertex -76.2423 -4.63644 19.4124
    endloop
  endfacet
  facet normal 0.313203 0.633265 -0.707729
    outer loop
      vertex -77.9 -5.02295 18.3329
      vertex -77.1093 -4.27732 19.35
      vertex -76.8369 -4.43462 19.3298
    endloop
  endfacet
  facet normal 0.313172 0.633288 -0.707722
    outer loop
      vertex -77.1093 -4.27732 19.35
      vertex -77.9 -5.02295 18.3329
      vertex -77.4 -4.15692 19.3291
    endloop
  endfacet
  facet normal 0.313346 0.633119 -0.707795
    outer loop
      vertex -76.533 -4.51605 19.3915
      vertex -77.9 -5.02295 18.3329
      vertex -76.8369 -4.43462 19.3298
    endloop
  endfacet
  facet normal 0.382694 0.923875 -0
    outer loop
      vertex -76.5012 -5.60237 18.4129
      vertex -77.9 -5.02295 18.3329
      vertex -76.5012 -5.60237 18.4162
    endloop
  endfacet
  facet normal 0.382694 0.923875 0
    outer loop
      vertex -77.9 -5.02295 18.3329
      vertex -76.5012 -5.60237 18.4129
      vertex -77.9 -5.02295 18.3295
    endloop
  endfacet
  facet normal 0.226067 0.669326 0.70774
    outer loop
      vertex -76.533 -4.51605 17.3957
      vertex -76.5012 -5.60237 18.4129
      vertex -76.2423 -4.63644 17.4167
    endloop
  endfacet
  facet normal 0.226373 0.669282 0.707684
    outer loop
      vertex -76.8369 -4.43462 17.4159
      vertex -76.5012 -5.60237 18.4129
      vertex -76.533 -4.51605 17.3957
    endloop
  endfacet
  facet normal 0.226456 0.669283 0.707657
    outer loop
      vertex -77.1093 -4.27732 17.3543
      vertex -76.5012 -5.60237 18.4129
      vertex -76.8369 -4.43462 17.4159
    endloop
  endfacet
  facet normal 0.226046 0.669235 0.707833
    outer loop
      vertex -76.5012 -5.60237 18.4129
      vertex -77.1093 -4.27732 17.3543
      vertex -77.4 -4.15692 17.3333
    endloop
  endfacet
  facet normal 0.0645857 -0.017262 -0.997763
    outer loop
      vertex -76.2317 -4.59678 19.4124
      vertex -76.2423 -4.63644 19.4124
      vertex -76.533 -4.51605 19.3915
    endloop
  endfacet
  facet normal 0.0648101 -0.0167179 -0.997758
    outer loop
      vertex -77.3706 -4.1265 19.3305
      vertex -77.1093 -4.27732 19.35
      vertex -77.4 -4.15692 19.3291
    endloop
  endfacet
  facet normal 0.116933 -0.0674105 -0.990849
    outer loop
      vertex -77.3795 -4.12136 19.3291
      vertex -77.3706 -4.1265 19.3305
      vertex -77.4 -4.15692 19.3291
    endloop
  endfacet
  facet normal -0.130726 0.0349393 0.990803
    outer loop
      vertex -76.2317 -4.59678 17.4167
      vertex -76.2416 -4.59412 17.4153
      vertex -76.2423 -4.63644 17.4167
    endloop
  endfacet
  facet normal -0.0580094 0.033966 0.997738
    outer loop
      vertex -76.2423 -4.63644 17.4167
      vertex -76.2416 -4.59412 17.4153
      vertex -76.533 -4.51605 17.3957
    endloop
  endfacet
  facet normal -0.0581839 0.0335425 0.997742
    outer loop
      vertex -77.1093 -4.27732 17.3543
      vertex -77.3795 -4.12136 17.3333
      vertex -77.4 -4.15692 17.3333
    endloop
  endfacet
  facet normal 0.0544654 0.709753 0.702342
    outer loop
      vertex -75 -5.8 18.4962
      vertex -76.2423 -4.63644 17.4167
      vertex -76.5012 -5.60237 18.4129
    endloop
  endfacet
  facet normal 0.138671 0.692742 -0.707728
    outer loop
      vertex -76.5012 -5.60237 18.4162
      vertex -75.4671 -4.75893 19.4444
      vertex -75.033 -4.81763 19.472
    endloop
  endfacet
  facet normal 0.138854 0.692647 -0.707785
    outer loop
      vertex -76.5012 -5.60237 18.4162
      vertex -75.7889 -4.71544 19.4239
      vertex -75.6265 -4.75893 19.4132
    endloop
  endfacet
  facet normal 0.138017 0.693053 -0.707551
    outer loop
      vertex -75.7889 -4.71544 19.4239
      vertex -76.5012 -5.60237 18.4162
      vertex -75.8305 -4.70981 19.4213
    endloop
  endfacet
  facet normal 0.138893 0.692648 -0.707776
    outer loop
      vertex -75.8305 -4.70981 19.4213
      vertex -76.5012 -5.60237 18.4162
      vertex -76.0092 -4.66713 19.428
    endloop
  endfacet
  facet normal 0.138573 0.692763 -0.707727
    outer loop
      vertex -76.0092 -4.66713 19.428
      vertex -76.5012 -5.60237 18.4162
      vertex -76.2423 -4.63644 19.4124
    endloop
  endfacet
  facet normal 0.138512 0.692848 -0.707655
    outer loop
      vertex -75.4671 -4.75893 19.4444
      vertex -76.5012 -5.60237 18.4162
      vertex -75.6265 -4.75893 19.4132
    endloop
  endfacet
  facet normal 0.13139 0.699654 -0.702297
    outer loop
      vertex -75 -5.8 18.4995
      vertex -75.033 -4.81763 19.472
      vertex -75 -4.82192 19.4739
    endloop
  endfacet
  facet normal 0.131083 0.699678 -0.702331
    outer loop
      vertex -75.033 -4.81763 19.472
      vertex -75 -5.8 18.4995
      vertex -76.5012 -5.60237 18.4162
    endloop
  endfacet
  facet normal 0.130522 0.991445 -0
    outer loop
      vertex -75 -5.8 18.4962
      vertex -76.5012 -5.60237 18.4162
      vertex -75 -5.8 18.4995
    endloop
  endfacet
  facet normal 0.130522 0.991445 0
    outer loop
      vertex -76.5012 -5.60237 18.4162
      vertex -75 -5.8 18.4962
      vertex -76.5012 -5.60237 18.4129
    endloop
  endfacet
  facet normal 0.0454129 0.705031 0.707721
    outer loop
      vertex -75.3119 -4.75893 17.4791
      vertex -75 -5.8 18.4962
      vertex -75 -4.8 17.5
    endloop
  endfacet
  facet normal 0.045219 0.705008 0.707756
    outer loop
      vertex -75.6265 -4.75893 17.4992
      vertex -75 -5.8 18.4962
      vertex -75.3119 -4.75893 17.4791
    endloop
  endfacet
  facet normal 0.0454567 0.705074 0.707676
    outer loop
      vertex -75.9304 -4.67751 17.4376
      vertex -75 -5.8 18.4962
      vertex -75.6265 -4.75893 17.4992
    endloop
  endfacet
  facet normal 0.0454183 0.705059 0.707693
    outer loop
      vertex -75 -5.8 18.4962
      vertex -75.9304 -4.67751 17.4376
      vertex -76.2423 -4.63644 17.4167
    endloop
  endfacet
  facet normal 0.130726 -0.0349393 -0.990803
    outer loop
      vertex -76.2317 -4.59678 19.4124
      vertex -76.2218 -4.59944 19.4138
      vertex -76.2423 -4.63644 19.4124
    endloop
  endfacet
  facet normal 0.0666792 -0.000728793 -0.997774
    outer loop
      vertex -76.2423 -4.63644 19.4124
      vertex -76.0599 -4.65094 19.4246
      vertex -76.0092 -4.66713 19.428
    endloop
  endfacet
  facet normal 0.0668648 0.00161791 -0.997761
    outer loop
      vertex -76.0599 -4.65094 19.4246
      vertex -76.2423 -4.63644 19.4124
      vertex -76.2163 -4.60091 19.4142
    endloop
  endfacet
  facet normal 0.071968 -0.00213454 -0.997405
    outer loop
      vertex -76.2163 -4.60091 19.4142
      vertex -76.2423 -4.63644 19.4124
      vertex -76.2218 -4.59944 19.4138
    endloop
  endfacet
  facet normal -0.134684 0 0.990889
    outer loop
      vertex -75 -4.8 17.5
      vertex -75 -4.75893 17.5
      vertex -75.0103 -4.75893 17.4986
    endloop
  endfacet
  facet normal -0.0645857 0.017262 0.997763
    outer loop
      vertex -75.9304 -4.67751 17.4376
      vertex -76.2317 -4.59678 17.4167
      vertex -76.2423 -4.63644 17.4167
    endloop
  endfacet
  facet normal -0.0645102 0.0178331 0.997758
    outer loop
      vertex -75 -4.8 17.5
      vertex -75.0103 -4.75893 17.4986
      vertex -75.3119 -4.75893 17.4791
    endloop
  endfacet
  facet normal 0.131082 -0.69967 0.702339
    outer loop
      vertex -75 4.8 18.5
      vertex -75 5.8 19.4962
      vertex -76.5012 5.60237 19.5795
    endloop
  endfacet
  facet normal 0.0544487 -0.709735 -0.702361
    outer loop
      vertex -76.5012 5.60237 19.5829
      vertex -75.5759 5.26059 20
      vertex -76.3928 5.19792 20
    endloop
  endfacet
  facet normal 0.0544215 -0.70977 -0.702329
    outer loop
      vertex -75.5759 5.26059 20
      vertex -76.5012 5.60237 19.5829
      vertex -75 5.8 19.4995
    endloop
  endfacet
  facet normal 0.0453472 -0.705061 -0.707695
    outer loop
      vertex -75 5.8 19.4995
      vertex -75 5.29763 20
      vertex -75.5759 5.26059 20
    endloop
  endfacet
  facet normal 0.130522 -0.991445 0
    outer loop
      vertex -76.5012 5.60237 19.5795
      vertex -75 5.8 19.4995
      vertex -76.5012 5.60237 19.5829
    endloop
  endfacet
  facet normal 0.130522 -0.991445 0
    outer loop
      vertex -75 5.8 19.4995
      vertex -76.5012 5.60237 19.5795
      vertex -75 5.8 19.4962
    endloop
  endfacet
  facet normal 0.138643 -0.692759 0.707717
    outer loop
      vertex -76.5012 5.60237 19.5795
      vertex -75.3119 4.75893 18.5209
      vertex -75 4.8 18.5
    endloop
  endfacet
  facet normal 0.138566 -0.692778 0.707714
    outer loop
      vertex -76.5012 5.60237 19.5795
      vertex -75.9304 4.67751 18.5624
      vertex -75.6265 4.75893 18.5826
    endloop
  endfacet
  facet normal 0.138643 -0.692747 0.707729
    outer loop
      vertex -75.9304 4.67751 18.5624
      vertex -76.5012 5.60237 19.5795
      vertex -76.2423 4.63644 18.5833
    endloop
  endfacet
  facet normal 0.138817 -0.69263 0.707809
    outer loop
      vertex -75.3119 4.75893 18.5209
      vertex -76.5012 5.60237 19.5795
      vertex -75.6265 4.75893 18.5826
    endloop
  endfacet
  facet normal 0.121542 0.0324846 0.992055
    outer loop
      vertex -76.2317 4.59678 18.5833
      vertex -76.2218 4.59944 18.582
      vertex -76.2423 4.63644 18.5833
    endloop
  endfacet
  facet normal 0.0668587 -0 0.997762
    outer loop
      vertex -75 4.75893 18.5
      vertex -75 4.8 18.5
      vertex -75.3119 4.75893 18.5209
    endloop
  endfacet
  facet normal 0.0666159 0.00185176 0.997777
    outer loop
      vertex -76.2218 4.59944 18.582
      vertex -75.9304 4.67751 18.5624
      vertex -76.2423 4.63644 18.5833
    endloop
  endfacet
  facet normal 0.307755 -0.641869 0.702347
    outer loop
      vertex -76.2423 4.63644 18.5833
      vertex -76.5012 5.60237 19.5795
      vertex -77.9 5.02295 19.6629
    endloop
  endfacet
  facet normal 0.226255 -0.669249 -0.707753
    outer loop
      vertex -76.5012 5.60237 19.5829
      vertex -76.3928 5.19792 20
      vertex -76.8485 5.04386 20
    endloop
  endfacet
  facet normal 0.236306 -0.671493 -0.702322
    outer loop
      vertex -77.9 5.02295 19.6662
      vertex -76.8485 5.04386 20
      vertex -77.7325 4.73277 20
    endloop
  endfacet
  facet normal 0.236313 -0.671465 -0.702346
    outer loop
      vertex -76.8485 5.04386 20
      vertex -77.9 5.02295 19.6662
      vertex -76.5012 5.60237 19.5829
    endloop
  endfacet
  facet normal 0.382694 -0.923875 0
    outer loop
      vertex -77.9 5.02295 19.6629
      vertex -76.5012 5.60237 19.5829
      vertex -77.9 5.02295 19.6662
    endloop
  endfacet
  facet normal 0.382694 -0.923875 0
    outer loop
      vertex -76.5012 5.60237 19.5829
      vertex -77.9 5.02295 19.6629
      vertex -76.5012 5.60237 19.5795
    endloop
  endfacet
  facet normal 0.313335 -0.633133 0.707788
    outer loop
      vertex -77.9 5.02295 19.6629
      vertex -76.533 4.51605 18.6043
      vertex -76.2423 4.63644 18.5833
    endloop
  endfacet
  facet normal 0.313222 -0.633293 0.707695
    outer loop
      vertex -77.9 5.02295 19.6629
      vertex -77.1093 4.27732 18.6457
      vertex -76.8369 4.43462 18.6659
    endloop
  endfacet
  facet normal 0.313372 -0.633181 0.707729
    outer loop
      vertex -77.1093 4.27732 18.6457
      vertex -77.9 5.02295 19.6629
      vertex -77.4 4.15692 18.6667
    endloop
  endfacet
  facet normal 0.313152 -0.633364 0.707662
    outer loop
      vertex -76.533 4.51605 18.6043
      vertex -77.9 5.02295 19.6629
      vertex -76.8369 4.43462 18.6659
    endloop
  endfacet
  facet normal 0.116933 0.0674105 0.990849
    outer loop
      vertex -77.3795 4.12136 18.6667
      vertex -77.3706 4.1265 18.6653
      vertex -77.4 4.15692 18.6667
    endloop
  endfacet
  facet normal 0.0648934 0.0173442 0.997741
    outer loop
      vertex -76.2317 4.59678 18.5833
      vertex -76.2423 4.63644 18.5833
      vertex -76.533 4.51605 18.6043
    endloop
  endfacet
  facet normal 0.0650539 0.0169544 0.997738
    outer loop
      vertex -77.3706 4.1265 18.6653
      vertex -77.1093 4.27732 18.6457
      vertex -77.4 4.15692 18.6667
    endloop
  endfacet
  facet normal 0.463364 -0.540383 0.702339
    outer loop
      vertex -77.4 4.15692 18.6667
      vertex -77.9 5.02295 19.6629
      vertex -79.1012 4.10122 19.7462
    endloop
  endfacet
  facet normal 0.402076 -0.587456 -0.702304
    outer loop
      vertex -79.1012 4.10122 19.7495
      vertex -78.0528 4.51931 20
      vertex -78.9234 3.92344 20
    endloop
  endfacet
  facet normal 0.402076 -0.587456 -0.702304
    outer loop
      vertex -78.0528 4.51931 20
      vertex -79.1012 4.10122 19.7495
      vertex -77.9 5.02295 19.6662
    endloop
  endfacet
  facet normal 0.39181 -0.587917 -0.707699
    outer loop
      vertex -77.9 5.02295 19.6662
      vertex -77.7325 4.73277 20
      vertex -78.0528 4.51931 20
    endloop
  endfacet
  facet normal 0.608768 -0.793348 0
    outer loop
      vertex -79.1012 4.10122 19.7462
      vertex -77.9 5.02295 19.6662
      vertex -79.1012 4.10122 19.7495
    endloop
  endfacet
  facet normal 0.608768 -0.793348 0
    outer loop
      vertex -77.9 5.02295 19.6662
      vertex -79.1012 4.10122 19.7462
      vertex -77.9 5.02295 19.6629
    endloop
  endfacet
  facet normal 0.466442 -0.530666 0.707691
    outer loop
      vertex -79.1012 4.10122 19.7462
      vertex -77.6496 3.9654 18.6876
      vertex -77.4 4.15692 18.6667
    endloop
  endfacet
  facet normal 0.466608 -0.530408 0.707774
    outer loop
      vertex -79.1012 4.10122 19.7462
      vertex -78.1445 3.58563 18.7291
      vertex -77.9221 3.8081 18.7492
    endloop
  endfacet
  facet normal 0.466425 -0.530641 0.70772
    outer loop
      vertex -78.1445 3.58563 18.7291
      vertex -79.1012 4.10122 19.7462
      vertex -78.3941 3.39411 18.75
    endloop
  endfacet
  facet normal 0.466375 -0.530819 0.707619
    outer loop
      vertex -77.6496 3.9654 18.6876
      vertex -79.1012 4.10122 19.7462
      vertex -77.9221 3.8081 18.7492
    endloop
  endfacet
  facet normal 0.0953261 0.0952276 0.990881
    outer loop
      vertex -78.3651 3.36508 18.75
      vertex -78.3578 3.37234 18.7486
      vertex -78.3941 3.39411 18.75
    endloop
  endfacet
  facet normal 0.0582514 0.0329657 0.997758
    outer loop
      vertex -78.3578 3.37234 18.7486
      vertex -78.1445 3.58563 18.7291
      vertex -78.3941 3.39411 18.75
    endloop
  endfacet
  facet normal 0.0579241 0.0333927 0.997762
    outer loop
      vertex -77.3795 4.12136 18.6667
      vertex -77.4 4.15692 18.6667
      vertex -77.6496 3.9654 18.6876
    endloop
  endfacet
  facet normal 0.587441 -0.402041 0.702336
    outer loop
      vertex -78.3941 3.39411 18.75
      vertex -79.1012 4.10122 19.7462
      vertex -80.0229 2.9 19.8295
    endloop
  endfacet
  facet normal 0.530614 -0.466498 -0.707693
    outer loop
      vertex -79.1012 4.10122 19.7495
      vertex -78.9234 3.92344 20
      vertex -79.1141 3.70653 20
    endloop
  endfacet
  facet normal 0.540426 -0.46346 -0.702243
    outer loop
      vertex -80.0229 2.9 19.8329
      vertex -79.1141 3.70653 20
      vertex -79.8777 2.81612 20
    endloop
  endfacet
  facet normal 0.540387 -0.463402 -0.702311
    outer loop
      vertex -79.1141 3.70653 20
      vertex -80.0229 2.9 19.8329
      vertex -79.1012 4.10122 19.7495
    endloop
  endfacet
  facet normal 0.793362 -0.60875 0
    outer loop
      vertex -80.0229 2.9 19.8295
      vertex -79.1012 4.10122 19.7495
      vertex -80.0229 2.9 19.8329
    endloop
  endfacet
  facet normal 0.793362 -0.60875 0
    outer loop
      vertex -79.1012 4.10122 19.7495
      vertex -80.0229 2.9 19.8295
      vertex -79.1012 4.10122 19.7462
    endloop
  endfacet
  facet normal 0.587901 -0.39181 0.707713
    outer loop
      vertex -80.0229 2.9 19.8295
      vertex -78.5856 3.14452 18.7709
      vertex -78.3941 3.39411 18.75
    endloop
  endfacet
  facet normal 0.587874 -0.391868 0.707703
    outer loop
      vertex -80.0229 2.9 19.8295
      vertex -78.9654 2.64959 18.8124
      vertex -78.8081 2.92205 18.8326
    endloop
  endfacet
  facet normal 0.5879 -0.391809 0.707715
    outer loop
      vertex -78.9654 2.64959 18.8124
      vertex -80.0229 2.9 19.8295
      vertex -79.1569 2.4 18.8333
    endloop
  endfacet
  facet normal 0.587916 -0.391706 0.707758
    outer loop
      vertex -78.5856 3.14452 18.7709
      vertex -80.0229 2.9 19.8295
      vertex -78.8081 2.92205 18.8326
    endloop
  endfacet
  facet normal 0.0626422 0.108319 0.992141
    outer loop
      vertex -79.1214 2.37947 18.8333
      vertex -79.1162 2.38837 18.832
      vertex -79.1569 2.4 18.8333
    endloop
  endfacet
  facet normal 0.0457208 0.0484716 0.997778
    outer loop
      vertex -79.1162 2.38837 18.832
      vertex -78.9654 2.64959 18.8124
      vertex -79.1569 2.4 18.8333
    endloop
  endfacet
  facet normal 0.0473042 0.0472554 0.997762
    outer loop
      vertex -78.3651 3.36508 18.75
      vertex -78.3941 3.39411 18.75
      vertex -78.5856 3.14452 18.7709
    endloop
  endfacet
  facet normal 0.671487 -0.236303 0.702329
    outer loop
      vertex -79.1569 2.4 18.8333
      vertex -80.0229 2.9 19.8295
      vertex -80.6024 1.50115 19.9129
    endloop
  endfacet
  facet normal 0.64174 -0.307641 -0.702515
    outer loop
      vertex -80.6024 1.50115 19.9162
      vertex -79.9631 2.64337 20
      vertex -80.5211 1.47938 20
    endloop
  endfacet
  facet normal 0.641891 -0.307739 -0.702334
    outer loop
      vertex -79.9631 2.64337 20
      vertex -80.6024 1.50115 19.9162
      vertex -80.0229 2.9 19.8329
    endloop
  endfacet
  facet normal 0.633433 -0.313141 -0.707605
    outer loop
      vertex -79.8777 2.81612 20
      vertex -79.9631 2.64337 20
      vertex -80.0229 2.9 19.8329
    endloop
  endfacet
  facet normal 0.923861 -0.382727 0
    outer loop
      vertex -80.6024 1.50115 19.9129
      vertex -80.0229 2.9 19.8329
      vertex -80.6024 1.50115 19.9162
    endloop
  endfacet
  facet normal 0.923861 -0.382727 0
    outer loop
      vertex -80.0229 2.9 19.8329
      vertex -80.6024 1.50115 19.9129
      vertex -80.0229 2.9 19.8295
    endloop
  endfacet
  facet normal 0.669233 -0.226076 0.707825
    outer loop
      vertex -80.6024 1.50115 19.9129
      vertex -79.2773 2.10934 18.8543
      vertex -79.1569 2.4 18.8333
    endloop
  endfacet
  facet normal 0.669269 -0.226313 0.707715
    outer loop
      vertex -80.6024 1.50115 19.9129
      vertex -79.516 1.53299 18.8957
      vertex -79.4346 1.83688 18.9159
    endloop
  endfacet
  facet normal 0.669298 -0.226109 0.707753
    outer loop
      vertex -79.516 1.53299 18.8957
      vertex -80.6024 1.50115 19.9129
      vertex -79.6364 1.24233 18.9167
    endloop
  endfacet
  facet normal 0.66927 -0.226391 0.70769
    outer loop
      vertex -79.2773 2.10934 18.8543
      vertex -80.6024 1.50115 19.9129
      vertex -79.4346 1.83688 18.9159
    endloop
  endfacet
  facet normal 0.0349494 0.130197 0.990872
    outer loop
      vertex -79.5968 1.2317 18.9167
      vertex -79.5941 1.24163 18.9153
      vertex -79.6364 1.24233 18.9167
    endloop
  endfacet
  facet normal 0.0336316 0.0581549 0.997741
    outer loop
      vertex -79.1214 2.37947 18.8333
      vertex -79.1569 2.4 18.8333
      vertex -79.2773 2.10934 18.8543
    endloop
  endfacet
  facet normal 0.033982 0.0580095 0.997737
    outer loop
      vertex -79.5941 1.24163 18.9153
      vertex -79.516 1.53299 18.8957
      vertex -79.6364 1.24233 18.9167
    endloop
  endfacet
  facet normal 0.709733 -0.0544492 0.702364
    outer loop
      vertex -79.6364 1.24233 18.9167
      vertex -80.6024 1.50115 19.9129
      vertex -80.8 0 19.9962
    endloop
  endfacet
  facet normal 0.692505 -0.138866 -0.707921
    outer loop
      vertex -80.5211 1.47938 20
      vertex -80.5401 1.38463 20
      vertex -80.6024 1.50115 19.9162
    endloop
  endfacet
  facet normal 0.700983 -0.131324 -0.700983
    outer loop
      vertex -80.8 0 19.9995
      vertex -80.5401 1.38463 20
      vertex -80.7995 0 20
    endloop
  endfacet
  facet normal 0.699632 -0.13107 -0.702379
    outer loop
      vertex -80.5401 1.38463 20
      vertex -80.8 0 19.9995
      vertex -80.6024 1.50115 19.9162
    endloop
  endfacet
  facet normal 0.991447 -0.130507 0
    outer loop
      vertex -80.8 0 19.9962
      vertex -80.6024 1.50115 19.9162
      vertex -80.8 0 19.9995
    endloop
  endfacet
  facet normal 0.991447 -0.130507 0
    outer loop
      vertex -80.6024 1.50115 19.9162
      vertex -80.8 0 19.9962
      vertex -80.6024 1.50115 19.9129
    endloop
  endfacet
  facet normal 0 1 0
    outer loop
      vertex -80.8 0 19.9962
      vertex -80.7995 0 20
      vertex -80.2165 0 20
    endloop
  endfacet
  facet normal 0 1 0
    outer loop
      vertex -80.7995 0 20
      vertex -80.8 0 19.9962
      vertex -80.8 0 19.9995
    endloop
  endfacet
  facet normal 0 1 0
    outer loop
      vertex -79.7589 0 19.3899
      vertex -80.8 0 19.9962
      vertex -80.2165 0 20
    endloop
  endfacet
  facet normal 0 1 0
    outer loop
      vertex -79.8 0 19
      vertex -79.7589 0 19.3899
      vertex -79.7589 0 19
    endloop
  endfacet
  facet normal 0 1 0
    outer loop
      vertex -79.7589 0 19.3899
      vertex -79.8 0 19
      vertex -80.8 0 19.9962
    endloop
  endfacet
  facet normal 0.705084 -0.0454894 0.707663
    outer loop
      vertex -80.8 0 19.9962
      vertex -79.6775 0.930416 18.9376
      vertex -79.6364 1.24233 18.9167
    endloop
  endfacet
  facet normal 0.704998 -0.0452181 0.707766
    outer loop
      vertex -80.8 0 19.9962
      vertex -79.7589 0.311914 18.9791
      vertex -79.7589 0.626525 18.9992
    endloop
  endfacet
  facet normal 0.705029 -0.0454785 0.707719
    outer loop
      vertex -79.7589 0.311914 18.9791
      vertex -80.8 0 19.9962
      vertex -79.8 0 19
    endloop
  endfacet
  facet normal 0.705048 -0.0453987 0.707705
    outer loop
      vertex -79.6775 0.930416 18.9376
      vertex -80.8 0 19.9962
      vertex -79.7589 0.626525 18.9992
    endloop
  endfacet
  facet normal 0 0.134967 0.99085
    outer loop
      vertex -79.7589 0 19
      vertex -79.7589 0.010278 18.9986
      vertex -79.8 0 19
    endloop
  endfacet
  facet normal 0.0173333 0.0645718 0.997763
    outer loop
      vertex -79.5968 1.2317 18.9167
      vertex -79.6364 1.24233 18.9167
      vertex -79.6775 0.930416 18.9376
    endloop
  endfacet
  facet normal 0.0178565 0.0645025 0.997758
    outer loop
      vertex -79.7589 0.010278 18.9986
      vertex -79.7589 0.311914 18.9791
      vertex -79.8 0 19
    endloop
  endfacet
  facet normal 0.49988 0.866094 0.000290048
    outer loop
      vertex -77.3706 -4.1265 19.3305
      vertex -77.174 -4.24 19.4176
      vertex -77.1093 -4.27732 19.35
    endloop
  endfacet
  facet normal 0.499952 0.866053 0.000381833
    outer loop
      vertex -76.8369 -4.43462 19.463
      vertex -77.1093 -4.27732 19.35
      vertex -77.174 -4.24 19.4176
    endloop
  endfacet
  facet normal 0.500071 0.865984 0
    outer loop
      vertex -77.1093 -4.27732 19.35
      vertex -76.8369 -4.43462 19.463
      vertex -76.8369 -4.43462 19.3298
    endloop
  endfacet
  facet normal 0.499985 0.866034 -2.6009e-05
    outer loop
      vertex -77.174 -4.24 19.4176
      vertex -77.3706 -4.1265 19.3305
      vertex -77.3795 -4.12136 19.3899
    endloop
  endfacet
  facet normal 0.500115 0.865959 -0
    outer loop
      vertex -77.3795 -4.12136 19.3291
      vertex -77.3795 -4.12136 19.3899
      vertex -77.3706 -4.1265 19.3305
    endloop
  endfacet
  facet normal 0.499983 0.866035 0
    outer loop
      vertex -77.3795 -4.12136 19.3899
      vertex -77.3795 -4.12136 19.3291
      vertex -77.585 -4.00272 19.4176
    endloop
  endfacet
  facet normal 0.500033 0.866006 0.000157002
    outer loop
      vertex -77.6496 -3.9654 19.3081
      vertex -77.585 -4.00272 19.4176
      vertex -77.3795 -4.12136 19.3291
    endloop
  endfacet
  facet normal 0.500009 0.86602 0.000176485
    outer loop
      vertex -77.585 -4.00272 19.4176
      vertex -77.6496 -3.9654 19.3081
      vertex -77.9221 -3.8081 19.463
    endloop
  endfacet
  facet normal 0.499933 0.866064 0
    outer loop
      vertex -77.9221 -3.8081 19.463
      vertex -77.6496 -3.9654 19.3081
      vertex -77.9221 -3.8081 19.2465
    endloop
  endfacet
  facet normal 0.500071 0.865984 -0
    outer loop
      vertex -76.8369 -4.43462 1.32984
      vertex -77.1093 -4.27732 1.35426
      vertex -76.8369 -4.43462 1.4159
    endloop
  endfacet
  facet normal 0.500071 0.865984 0
    outer loop
      vertex -77.1093 -4.27732 1.35426
      vertex -76.8369 -4.43462 1.32984
      vertex -77.1093 -4.27732 1.34999
    endloop
  endfacet
  facet normal 0.499897 0.866085 0
    outer loop
      vertex -77.3706 -4.1265 1.33045
      vertex -77.1093 -4.27732 1.35426
      vertex -77.1093 -4.27732 1.34999
    endloop
  endfacet
  facet normal 0.499945 0.866057 -0.000704014
    outer loop
      vertex -77.1093 -4.27732 1.35426
      vertex -77.3706 -4.1265 1.33045
      vertex -77.3795 -4.12136 1.33333
    endloop
  endfacet
  facet normal 0.500115 0.865959 -0
    outer loop
      vertex -77.3795 -4.12136 1.32907
      vertex -77.3795 -4.12136 1.33333
      vertex -77.3706 -4.1265 1.33045
    endloop
  endfacet
  facet normal 0.500115 0.865959 0
    outer loop
      vertex -77.3795 -4.12136 1.33333
      vertex -77.3795 -4.12136 1.32907
      vertex -77.3884 -4.11622 1.33195
    endloop
  endfacet
  facet normal 0.500057 0.865993 -0.000242531
    outer loop
      vertex -77.6496 -3.9654 1.30815
      vertex -77.3884 -4.11622 1.33195
      vertex -77.3795 -4.12136 1.32907
    endloop
  endfacet
  facet normal 0.50004 0.866002 0
    outer loop
      vertex -77.3884 -4.11622 1.33195
      vertex -77.6496 -3.9654 1.30815
      vertex -77.6496 -3.9654 1.31241
    endloop
  endfacet
  facet normal 0.499933 0.866064 -0
    outer loop
      vertex -77.6496 -3.9654 1.30815
      vertex -77.9221 -3.8081 1.33257
      vertex -77.6496 -3.9654 1.31241
    endloop
  endfacet
  facet normal 0.499933 0.866064 0
    outer loop
      vertex -77.9221 -3.8081 1.33257
      vertex -77.6496 -3.9654 1.30815
      vertex -77.9221 -3.8081 1.2465
    endloop
  endfacet
  facet normal 0.500071 0.865984 -0
    outer loop
      vertex -76.8369 -4.43462 3.32984
      vertex -77.1093 -4.27732 3.35426
      vertex -76.8369 -4.43462 3.4159
    endloop
  endfacet
  facet normal 0.500071 0.865984 0
    outer loop
      vertex -77.1093 -4.27732 3.35426
      vertex -76.8369 -4.43462 3.32984
      vertex -77.1093 -4.27732 3.34999
    endloop
  endfacet
  facet normal 0.499897 0.866085 0
    outer loop
      vertex -77.3706 -4.1265 3.33045
      vertex -77.1093 -4.27732 3.35426
      vertex -77.1093 -4.27732 3.34999
    endloop
  endfacet
  facet normal 0.499945 0.866057 -0.000704014
    outer loop
      vertex -77.1093 -4.27732 3.35426
      vertex -77.3706 -4.1265 3.33045
      vertex -77.3795 -4.12136 3.33333
    endloop
  endfacet
  facet normal 0.500115 0.865959 -0
    outer loop
      vertex -77.3795 -4.12136 3.32907
      vertex -77.3795 -4.12136 3.33333
      vertex -77.3706 -4.1265 3.33045
    endloop
  endfacet
  facet normal 0.500115 0.865959 0
    outer loop
      vertex -77.3795 -4.12136 3.33333
      vertex -77.3795 -4.12136 3.32907
      vertex -77.3884 -4.11622 3.33195
    endloop
  endfacet
  facet normal 0.500057 0.865993 -0.000242531
    outer loop
      vertex -77.6496 -3.9654 3.30815
      vertex -77.3884 -4.11622 3.33195
      vertex -77.3795 -4.12136 3.32907
    endloop
  endfacet
  facet normal 0.50004 0.866002 0
    outer loop
      vertex -77.3884 -4.11622 3.33195
      vertex -77.6496 -3.9654 3.30815
      vertex -77.6496 -3.9654 3.31241
    endloop
  endfacet
  facet normal 0.499933 0.866064 -0
    outer loop
      vertex -77.6496 -3.9654 3.30815
      vertex -77.9221 -3.8081 3.33257
      vertex -77.6496 -3.9654 3.31241
    endloop
  endfacet
  facet normal 0.499933 0.866064 0
    outer loop
      vertex -77.9221 -3.8081 3.33257
      vertex -77.6496 -3.9654 3.30815
      vertex -77.9221 -3.8081 3.2465
    endloop
  endfacet
  facet normal 0.500071 0.865984 -0
    outer loop
      vertex -76.8369 -4.43462 5.32984
      vertex -77.1093 -4.27732 5.35426
      vertex -76.8369 -4.43462 5.4159
    endloop
  endfacet
  facet normal 0.500071 0.865984 0
    outer loop
      vertex -77.1093 -4.27732 5.35426
      vertex -76.8369 -4.43462 5.32984
      vertex -77.1093 -4.27732 5.34999
    endloop
  endfacet
  facet normal 0.499897 0.866085 0
    outer loop
      vertex -77.3706 -4.1265 5.33045
      vertex -77.1093 -4.27732 5.35426
      vertex -77.1093 -4.27732 5.34999
    endloop
  endfacet
  facet normal 0.499945 0.866057 -0.000704014
    outer loop
      vertex -77.1093 -4.27732 5.35426
      vertex -77.3706 -4.1265 5.33045
      vertex -77.3795 -4.12136 5.33333
    endloop
  endfacet
  facet normal 0.500115 0.865959 -0
    outer loop
      vertex -77.3795 -4.12136 5.32907
      vertex -77.3795 -4.12136 5.33333
      vertex -77.3706 -4.1265 5.33045
    endloop
  endfacet
  facet normal 0.500115 0.865959 0
    outer loop
      vertex -77.3795 -4.12136 5.33333
      vertex -77.3795 -4.12136 5.32907
      vertex -77.3884 -4.11622 5.33195
    endloop
  endfacet
  facet normal 0.500057 0.865993 -0.000242531
    outer loop
      vertex -77.6496 -3.9654 5.30815
      vertex -77.3884 -4.11622 5.33195
      vertex -77.3795 -4.12136 5.32907
    endloop
  endfacet
  facet normal 0.50004 0.866002 0
    outer loop
      vertex -77.3884 -4.11622 5.33195
      vertex -77.6496 -3.9654 5.30815
      vertex -77.6496 -3.9654 5.31241
    endloop
  endfacet
  facet normal 0.499933 0.866064 -0
    outer loop
      vertex -77.6496 -3.9654 5.30815
      vertex -77.9221 -3.8081 5.33257
      vertex -77.6496 -3.9654 5.31241
    endloop
  endfacet
  facet normal 0.499933 0.866064 0
    outer loop
      vertex -77.9221 -3.8081 5.33257
      vertex -77.6496 -3.9654 5.30815
      vertex -77.9221 -3.8081 5.2465
    endloop
  endfacet
  facet normal 0.500071 0.865984 -0
    outer loop
      vertex -76.8369 -4.43462 7.32984
      vertex -77.1093 -4.27732 7.35426
      vertex -76.8369 -4.43462 7.4159
    endloop
  endfacet
  facet normal 0.500071 0.865984 0
    outer loop
      vertex -77.1093 -4.27732 7.35426
      vertex -76.8369 -4.43462 7.32984
      vertex -77.1093 -4.27732 7.34999
    endloop
  endfacet
  facet normal 0.499897 0.866085 0
    outer loop
      vertex -77.3706 -4.1265 7.33045
      vertex -77.1093 -4.27732 7.35426
      vertex -77.1093 -4.27732 7.34999
    endloop
  endfacet
  facet normal 0.499945 0.866057 -0.000704014
    outer loop
      vertex -77.1093 -4.27732 7.35426
      vertex -77.3706 -4.1265 7.33045
      vertex -77.3795 -4.12136 7.33333
    endloop
  endfacet
  facet normal 0.500115 0.865959 -0
    outer loop
      vertex -77.3795 -4.12136 7.32907
      vertex -77.3795 -4.12136 7.33333
      vertex -77.3706 -4.1265 7.33045
    endloop
  endfacet
  facet normal 0.500115 0.865959 0
    outer loop
      vertex -77.3795 -4.12136 7.33333
      vertex -77.3795 -4.12136 7.32907
      vertex -77.3884 -4.11622 7.33195
    endloop
  endfacet
  facet normal 0.500057 0.865993 -0.000242531
    outer loop
      vertex -77.6496 -3.9654 7.30815
      vertex -77.3884 -4.11622 7.33195
      vertex -77.3795 -4.12136 7.32907
    endloop
  endfacet
  facet normal 0.50004 0.866002 0
    outer loop
      vertex -77.3884 -4.11622 7.33195
      vertex -77.6496 -3.9654 7.30815
      vertex -77.6496 -3.9654 7.31241
    endloop
  endfacet
  facet normal 0.499933 0.866064 -0
    outer loop
      vertex -77.6496 -3.9654 7.30815
      vertex -77.9221 -3.8081 7.33257
      vertex -77.6496 -3.9654 7.31241
    endloop
  endfacet
  facet normal 0.499933 0.866064 0
    outer loop
      vertex -77.9221 -3.8081 7.33257
      vertex -77.6496 -3.9654 7.30815
      vertex -77.9221 -3.8081 7.2465
    endloop
  endfacet
  facet normal 0.500071 0.865984 -0
    outer loop
      vertex -76.8369 -4.43462 9.32984
      vertex -77.1093 -4.27732 9.35426
      vertex -76.8369 -4.43462 9.4159
    endloop
  endfacet
  facet normal 0.500071 0.865984 0
    outer loop
      vertex -77.1093 -4.27732 9.35426
      vertex -76.8369 -4.43462 9.32984
      vertex -77.1093 -4.27732 9.34999
    endloop
  endfacet
  facet normal 0.499897 0.866085 0
    outer loop
      vertex -77.3706 -4.1265 9.33045
      vertex -77.1093 -4.27732 9.35426
      vertex -77.1093 -4.27732 9.34999
    endloop
  endfacet
  facet normal 0.499945 0.866057 -0.000704014
    outer loop
      vertex -77.1093 -4.27732 9.35426
      vertex -77.3706 -4.1265 9.33045
      vertex -77.3795 -4.12136 9.33333
    endloop
  endfacet
  facet normal 0.500115 0.865959 -0
    outer loop
      vertex -77.3795 -4.12136 9.32907
      vertex -77.3795 -4.12136 9.33333
      vertex -77.3706 -4.1265 9.33045
    endloop
  endfacet
  facet normal 0.500115 0.865959 0
    outer loop
      vertex -77.3795 -4.12136 9.33333
      vertex -77.3795 -4.12136 9.32907
      vertex -77.3884 -4.11622 9.33195
    endloop
  endfacet
  facet normal 0.500057 0.865993 -0.000242531
    outer loop
      vertex -77.6496 -3.9654 9.30815
      vertex -77.3884 -4.11622 9.33195
      vertex -77.3795 -4.12136 9.32907
    endloop
  endfacet
  facet normal 0.50004 0.866002 0
    outer loop
      vertex -77.3884 -4.11622 9.33195
      vertex -77.6496 -3.9654 9.30815
      vertex -77.6496 -3.9654 9.31241
    endloop
  endfacet
  facet normal 0.499933 0.866064 -0
    outer loop
      vertex -77.6496 -3.9654 9.30815
      vertex -77.9221 -3.8081 9.33257
      vertex -77.6496 -3.9654 9.31241
    endloop
  endfacet
  facet normal 0.499933 0.866064 0
    outer loop
      vertex -77.9221 -3.8081 9.33257
      vertex -77.6496 -3.9654 9.30815
      vertex -77.9221 -3.8081 9.2465
    endloop
  endfacet
  facet normal 0.500071 0.865984 -0
    outer loop
      vertex -76.8369 -4.43462 11.3298
      vertex -77.1093 -4.27732 11.3543
      vertex -76.8369 -4.43462 11.4159
    endloop
  endfacet
  facet normal 0.500071 0.865984 0
    outer loop
      vertex -77.1093 -4.27732 11.3543
      vertex -76.8369 -4.43462 11.3298
      vertex -77.1093 -4.27732 11.35
    endloop
  endfacet
  facet normal 0.499897 0.866085 0
    outer loop
      vertex -77.3706 -4.1265 11.3305
      vertex -77.1093 -4.27732 11.3543
      vertex -77.1093 -4.27732 11.35
    endloop
  endfacet
  facet normal 0.499946 0.866057 -0.000719679
    outer loop
      vertex -77.1093 -4.27732 11.3543
      vertex -77.3706 -4.1265 11.3305
      vertex -77.3795 -4.12136 11.3333
    endloop
  endfacet
  facet normal 0.500115 0.865959 -0
    outer loop
      vertex -77.3795 -4.12136 11.3291
      vertex -77.3795 -4.12136 11.3333
      vertex -77.3706 -4.1265 11.3305
    endloop
  endfacet
  facet normal 0.500115 0.865959 0
    outer loop
      vertex -77.3795 -4.12136 11.3333
      vertex -77.3795 -4.12136 11.3291
      vertex -77.3884 -4.11622 11.332
    endloop
  endfacet
  facet normal 0.500057 0.865993 -0.000241002
    outer loop
      vertex -77.6496 -3.9654 11.3081
      vertex -77.3884 -4.11622 11.332
      vertex -77.3795 -4.12136 11.3291
    endloop
  endfacet
  facet normal 0.50004 0.866002 0
    outer loop
      vertex -77.3884 -4.11622 11.332
      vertex -77.6496 -3.9654 11.3081
      vertex -77.6496 -3.9654 11.3124
    endloop
  endfacet
  facet normal 0.499933 0.866064 -0
    outer loop
      vertex -77.6496 -3.9654 11.3081
      vertex -77.9221 -3.8081 11.3326
      vertex -77.6496 -3.9654 11.3124
    endloop
  endfacet
  facet normal 0.499933 0.866064 0
    outer loop
      vertex -77.9221 -3.8081 11.3326
      vertex -77.6496 -3.9654 11.3081
      vertex -77.9221 -3.8081 11.2465
    endloop
  endfacet
  facet normal 0.500071 0.865984 -0
    outer loop
      vertex -76.8369 -4.43462 13.3298
      vertex -77.1093 -4.27732 13.3543
      vertex -76.8369 -4.43462 13.4159
    endloop
  endfacet
  facet normal 0.500071 0.865984 0
    outer loop
      vertex -77.1093 -4.27732 13.3543
      vertex -76.8369 -4.43462 13.3298
      vertex -77.1093 -4.27732 13.35
    endloop
  endfacet
  facet normal 0.499897 0.866085 0
    outer loop
      vertex -77.3706 -4.1265 13.3305
      vertex -77.1093 -4.27732 13.3543
      vertex -77.1093 -4.27732 13.35
    endloop
  endfacet
  facet normal 0.499946 0.866057 -0.000719679
    outer loop
      vertex -77.1093 -4.27732 13.3543
      vertex -77.3706 -4.1265 13.3305
      vertex -77.3795 -4.12136 13.3333
    endloop
  endfacet
  facet normal 0.500115 0.865959 -0
    outer loop
      vertex -77.3795 -4.12136 13.3291
      vertex -77.3795 -4.12136 13.3333
      vertex -77.3706 -4.1265 13.3305
    endloop
  endfacet
  facet normal 0.500115 0.865959 0
    outer loop
      vertex -77.3795 -4.12136 13.3333
      vertex -77.3795 -4.12136 13.3291
      vertex -77.3884 -4.11622 13.332
    endloop
  endfacet
  facet normal 0.500057 0.865993 -0.000241002
    outer loop
      vertex -77.6496 -3.9654 13.3081
      vertex -77.3884 -4.11622 13.332
      vertex -77.3795 -4.12136 13.3291
    endloop
  endfacet
  facet normal 0.50004 0.866002 0
    outer loop
      vertex -77.3884 -4.11622 13.332
      vertex -77.6496 -3.9654 13.3081
      vertex -77.6496 -3.9654 13.3124
    endloop
  endfacet
  facet normal 0.499933 0.866064 -0
    outer loop
      vertex -77.6496 -3.9654 13.3081
      vertex -77.9221 -3.8081 13.3326
      vertex -77.6496 -3.9654 13.3124
    endloop
  endfacet
  facet normal 0.499933 0.866064 0
    outer loop
      vertex -77.9221 -3.8081 13.3326
      vertex -77.6496 -3.9654 13.3081
      vertex -77.9221 -3.8081 13.2465
    endloop
  endfacet
  facet normal 0.500071 0.865984 -0
    outer loop
      vertex -76.8369 -4.43462 15.3298
      vertex -77.1093 -4.27732 15.3543
      vertex -76.8369 -4.43462 15.4159
    endloop
  endfacet
  facet normal 0.500071 0.865984 0
    outer loop
      vertex -77.1093 -4.27732 15.3543
      vertex -76.8369 -4.43462 15.3298
      vertex -77.1093 -4.27732 15.35
    endloop
  endfacet
  facet normal 0.499897 0.866085 0
    outer loop
      vertex -77.3706 -4.1265 15.3305
      vertex -77.1093 -4.27732 15.3543
      vertex -77.1093 -4.27732 15.35
    endloop
  endfacet
  facet normal 0.499946 0.866057 -0.000719679
    outer loop
      vertex -77.1093 -4.27732 15.3543
      vertex -77.3706 -4.1265 15.3305
      vertex -77.3795 -4.12136 15.3333
    endloop
  endfacet
  facet normal 0.500115 0.865959 -0
    outer loop
      vertex -77.3795 -4.12136 15.3291
      vertex -77.3795 -4.12136 15.3333
      vertex -77.3706 -4.1265 15.3305
    endloop
  endfacet
  facet normal 0.500115 0.865959 0
    outer loop
      vertex -77.3795 -4.12136 15.3333
      vertex -77.3795 -4.12136 15.3291
      vertex -77.3884 -4.11622 15.332
    endloop
  endfacet
  facet normal 0.500057 0.865993 -0.000241002
    outer loop
      vertex -77.6496 -3.9654 15.3081
      vertex -77.3884 -4.11622 15.332
      vertex -77.3795 -4.12136 15.3291
    endloop
  endfacet
  facet normal 0.50004 0.866002 0
    outer loop
      vertex -77.3884 -4.11622 15.332
      vertex -77.6496 -3.9654 15.3081
      vertex -77.6496 -3.9654 15.3124
    endloop
  endfacet
  facet normal 0.499933 0.866064 -0
    outer loop
      vertex -77.6496 -3.9654 15.3081
      vertex -77.9221 -3.8081 15.3326
      vertex -77.6496 -3.9654 15.3124
    endloop
  endfacet
  facet normal 0.499933 0.866064 0
    outer loop
      vertex -77.9221 -3.8081 15.3326
      vertex -77.6496 -3.9654 15.3081
      vertex -77.9221 -3.8081 15.2465
    endloop
  endfacet
  facet normal 0.500071 0.865984 -0
    outer loop
      vertex -76.8369 -4.43462 17.3298
      vertex -77.1093 -4.27732 17.3543
      vertex -76.8369 -4.43462 17.4159
    endloop
  endfacet
  facet normal 0.500071 0.865984 0
    outer loop
      vertex -77.1093 -4.27732 17.3543
      vertex -76.8369 -4.43462 17.3298
      vertex -77.1093 -4.27732 17.35
    endloop
  endfacet
  facet normal 0.499897 0.866085 0
    outer loop
      vertex -77.3706 -4.1265 17.3305
      vertex -77.1093 -4.27732 17.3543
      vertex -77.1093 -4.27732 17.35
    endloop
  endfacet
  facet normal 0.499946 0.866057 -0.000719679
    outer loop
      vertex -77.1093 -4.27732 17.3543
      vertex -77.3706 -4.1265 17.3305
      vertex -77.3795 -4.12136 17.3333
    endloop
  endfacet
  facet normal 0.500115 0.865959 -0
    outer loop
      vertex -77.3795 -4.12136 17.3291
      vertex -77.3795 -4.12136 17.3333
      vertex -77.3706 -4.1265 17.3305
    endloop
  endfacet
  facet normal 0.500115 0.865959 0
    outer loop
      vertex -77.3795 -4.12136 17.3333
      vertex -77.3795 -4.12136 17.3291
      vertex -77.3884 -4.11622 17.332
    endloop
  endfacet
  facet normal 0.500057 0.865993 -0.000241002
    outer loop
      vertex -77.6496 -3.9654 17.3081
      vertex -77.3884 -4.11622 17.332
      vertex -77.3795 -4.12136 17.3291
    endloop
  endfacet
  facet normal 0.50004 0.866002 0
    outer loop
      vertex -77.3884 -4.11622 17.332
      vertex -77.6496 -3.9654 17.3081
      vertex -77.6496 -3.9654 17.3124
    endloop
  endfacet
  facet normal 0.499933 0.866064 -0
    outer loop
      vertex -77.6496 -3.9654 17.3081
      vertex -77.9221 -3.8081 17.3326
      vertex -77.6496 -3.9654 17.3124
    endloop
  endfacet
  facet normal 0.499933 0.866064 0
    outer loop
      vertex -77.9221 -3.8081 17.3326
      vertex -77.6496 -3.9654 17.3081
      vertex -77.9221 -3.8081 17.2465
    endloop
  endfacet
  facet normal 0.707218 -0.706996 0
    outer loop
      vertex -78.1445 3.58563 0.724815
      vertex -77.9221 3.8081 0.749235
      vertex -78.1445 3.58563 0.729077
    endloop
  endfacet
  facet normal 0.707218 -0.706996 0
    outer loop
      vertex -77.9221 3.8081 0.749235
      vertex -78.1445 3.58563 0.724815
      vertex -77.9221 3.8081 0.663168
    endloop
  endfacet
  facet normal 0.70709 -0.707123 0
    outer loop
      vertex -78.3578 3.37234 0.748621
      vertex -78.1445 3.58563 0.724815
      vertex -78.1445 3.58563 0.729077
    endloop
  endfacet
  facet normal 0.706646 -0.707526 -0.00758813
    outer loop
      vertex -78.3578 3.37234 0.748621
      vertex -78.3651 3.36508 0.745738
      vertex -78.1445 3.58563 0.724815
    endloop
  endfacet
  facet normal 0.705162 -0.709047 0
    outer loop
      vertex -78.3651 3.36508 0.75
      vertex -78.3651 3.36508 0.745738
      vertex -78.3578 3.37234 0.748621
    endloop
  endfacet
  facet normal 0.710519 -0.703678 0
    outer loop
      vertex -78.3651 3.36508 0.75
      vertex -78.3723 3.35781 0.747117
      vertex -78.3651 3.36508 0.745738
    endloop
  endfacet
  facet normal 0.707778 -0.706307 0.013476
    outer loop
      vertex -78.5856 3.14452 0.770922
      vertex -78.3723 3.35781 0.747117
      vertex -78.3651 3.36508 0.75
    endloop
  endfacet
  facet normal 0.70709 -0.707123 0
    outer loop
      vertex -78.5856 3.14452 0.770922
      vertex -78.5856 3.14452 0.76666
      vertex -78.3723 3.35781 0.747117
    endloop
  endfacet
  facet normal 0.707059 -0.707154 0
    outer loop
      vertex -78.8081 2.92205 0.746502
      vertex -78.5856 3.14452 0.770922
      vertex -78.8081 2.92205 0.832569
    endloop
  endfacet
  facet normal 0.707059 -0.707154 0
    outer loop
      vertex -78.5856 3.14452 0.770922
      vertex -78.8081 2.92205 0.746502
      vertex -78.5856 3.14452 0.76666
    endloop
  endfacet
  facet normal 0.707218 -0.706996 0
    outer loop
      vertex -78.1445 3.58563 2.72482
      vertex -77.9221 3.8081 2.74924
      vertex -78.1445 3.58563 2.72908
    endloop
  endfacet
  facet normal 0.707218 -0.706996 0
    outer loop
      vertex -77.9221 3.8081 2.74924
      vertex -78.1445 3.58563 2.72482
      vertex -77.9221 3.8081 2.66317
    endloop
  endfacet
  facet normal 0.70709 -0.707123 0
    outer loop
      vertex -78.3578 3.37234 2.74862
      vertex -78.1445 3.58563 2.72482
      vertex -78.1445 3.58563 2.72908
    endloop
  endfacet
  facet normal 0.706646 -0.707527 -0.00759471
    outer loop
      vertex -78.3578 3.37234 2.74862
      vertex -78.3651 3.36508 2.74574
      vertex -78.1445 3.58563 2.72482
    endloop
  endfacet
  facet normal 0.705162 -0.709047 0
    outer loop
      vertex -78.3651 3.36508 2.75
      vertex -78.3651 3.36508 2.74574
      vertex -78.3578 3.37234 2.74862
    endloop
  endfacet
  facet normal 0.710519 -0.703678 0
    outer loop
      vertex -78.3651 3.36508 2.75
      vertex -78.3723 3.35781 2.74712
      vertex -78.3651 3.36508 2.74574
    endloop
  endfacet
  facet normal 0.707778 -0.706306 0.0134876
    outer loop
      vertex -78.5856 3.14452 2.77092
      vertex -78.3723 3.35781 2.74712
      vertex -78.3651 3.36508 2.75
    endloop
  endfacet
  facet normal 0.70709 -0.707123 0
    outer loop
      vertex -78.5856 3.14452 2.77092
      vertex -78.5856 3.14452 2.76666
      vertex -78.3723 3.35781 2.74712
    endloop
  endfacet
  facet normal 0.707059 -0.707154 0
    outer loop
      vertex -78.8081 2.92205 2.7465
      vertex -78.5856 3.14452 2.77092
      vertex -78.8081 2.92205 2.83257
    endloop
  endfacet
  facet normal 0.707059 -0.707154 0
    outer loop
      vertex -78.5856 3.14452 2.77092
      vertex -78.8081 2.92205 2.7465
      vertex -78.5856 3.14452 2.76666
    endloop
  endfacet
  facet normal 0.707218 -0.706996 0
    outer loop
      vertex -78.1445 3.58563 4.72482
      vertex -77.9221 3.8081 4.74924
      vertex -78.1445 3.58563 4.72908
    endloop
  endfacet
  facet normal 0.707218 -0.706996 0
    outer loop
      vertex -77.9221 3.8081 4.74924
      vertex -78.1445 3.58563 4.72482
      vertex -77.9221 3.8081 4.66317
    endloop
  endfacet
  facet normal 0.70709 -0.707123 0
    outer loop
      vertex -78.3578 3.37234 4.74862
      vertex -78.1445 3.58563 4.72482
      vertex -78.1445 3.58563 4.72908
    endloop
  endfacet
  facet normal 0.706646 -0.707527 -0.00759471
    outer loop
      vertex -78.3578 3.37234 4.74862
      vertex -78.3651 3.36508 4.74574
      vertex -78.1445 3.58563 4.72482
    endloop
  endfacet
  facet normal 0.705162 -0.709047 0
    outer loop
      vertex -78.3651 3.36508 4.75
      vertex -78.3651 3.36508 4.74574
      vertex -78.3578 3.37234 4.74862
    endloop
  endfacet
  facet normal 0.710519 -0.703678 0
    outer loop
      vertex -78.3651 3.36508 4.75
      vertex -78.3723 3.35781 4.74712
      vertex -78.3651 3.36508 4.74574
    endloop
  endfacet
  facet normal 0.707778 -0.706306 0.0134876
    outer loop
      vertex -78.5856 3.14452 4.77092
      vertex -78.3723 3.35781 4.74712
      vertex -78.3651 3.36508 4.75
    endloop
  endfacet
  facet normal 0.70709 -0.707123 0
    outer loop
      vertex -78.5856 3.14452 4.77092
      vertex -78.5856 3.14452 4.76666
      vertex -78.3723 3.35781 4.74712
    endloop
  endfacet
  facet normal 0.707059 -0.707154 0
    outer loop
      vertex -78.8081 2.92205 4.7465
      vertex -78.5856 3.14452 4.77092
      vertex -78.8081 2.92205 4.83257
    endloop
  endfacet
  facet normal 0.707059 -0.707154 0
    outer loop
      vertex -78.5856 3.14452 4.77092
      vertex -78.8081 2.92205 4.7465
      vertex -78.5856 3.14452 4.76666
    endloop
  endfacet
  facet normal 0.707218 -0.706996 0
    outer loop
      vertex -78.1445 3.58563 6.72482
      vertex -77.9221 3.8081 6.74924
      vertex -78.1445 3.58563 6.72908
    endloop
  endfacet
  facet normal 0.707218 -0.706996 0
    outer loop
      vertex -77.9221 3.8081 6.74924
      vertex -78.1445 3.58563 6.72482
      vertex -77.9221 3.8081 6.66317
    endloop
  endfacet
  facet normal 0.70709 -0.707123 0
    outer loop
      vertex -78.3578 3.37234 6.74862
      vertex -78.1445 3.58563 6.72482
      vertex -78.1445 3.58563 6.72908
    endloop
  endfacet
  facet normal 0.706646 -0.707527 -0.00759471
    outer loop
      vertex -78.3578 3.37234 6.74862
      vertex -78.3651 3.36508 6.74574
      vertex -78.1445 3.58563 6.72482
    endloop
  endfacet
  facet normal 0.705162 -0.709047 0
    outer loop
      vertex -78.3651 3.36508 6.75
      vertex -78.3651 3.36508 6.74574
      vertex -78.3578 3.37234 6.74862
    endloop
  endfacet
  facet normal 0.710519 -0.703678 0
    outer loop
      vertex -78.3651 3.36508 6.75
      vertex -78.3723 3.35781 6.74712
      vertex -78.3651 3.36508 6.74574
    endloop
  endfacet
  facet normal 0.707778 -0.706306 0.0134876
    outer loop
      vertex -78.5856 3.14452 6.77092
      vertex -78.3723 3.35781 6.74712
      vertex -78.3651 3.36508 6.75
    endloop
  endfacet
  facet normal 0.70709 -0.707123 0
    outer loop
      vertex -78.5856 3.14452 6.77092
      vertex -78.5856 3.14452 6.76666
      vertex -78.3723 3.35781 6.74712
    endloop
  endfacet
  facet normal 0.707059 -0.707154 0
    outer loop
      vertex -78.8081 2.92205 6.7465
      vertex -78.5856 3.14452 6.77092
      vertex -78.8081 2.92205 6.83257
    endloop
  endfacet
  facet normal 0.707059 -0.707154 0
    outer loop
      vertex -78.5856 3.14452 6.77092
      vertex -78.8081 2.92205 6.7465
      vertex -78.5856 3.14452 6.76666
    endloop
  endfacet
  facet normal 0.707218 -0.706996 0
    outer loop
      vertex -78.1445 3.58563 8.72482
      vertex -77.9221 3.8081 8.74924
      vertex -78.1445 3.58563 8.72908
    endloop
  endfacet
  facet normal 0.707218 -0.706996 0
    outer loop
      vertex -77.9221 3.8081 8.74924
      vertex -78.1445 3.58563 8.72482
      vertex -77.9221 3.8081 8.66317
    endloop
  endfacet
  facet normal 0.70709 -0.707123 0
    outer loop
      vertex -78.3578 3.37234 8.74862
      vertex -78.1445 3.58563 8.72482
      vertex -78.1445 3.58563 8.72908
    endloop
  endfacet
  facet normal 0.706646 -0.707527 -0.00759471
    outer loop
      vertex -78.3578 3.37234 8.74862
      vertex -78.3651 3.36508 8.74574
      vertex -78.1445 3.58563 8.72482
    endloop
  endfacet
  facet normal 0.705162 -0.709047 0
    outer loop
      vertex -78.3651 3.36508 8.75
      vertex -78.3651 3.36508 8.74574
      vertex -78.3578 3.37234 8.74862
    endloop
  endfacet
  facet normal 0.710519 -0.703678 0
    outer loop
      vertex -78.3651 3.36508 8.75
      vertex -78.3723 3.35781 8.74712
      vertex -78.3651 3.36508 8.74574
    endloop
  endfacet
  facet normal 0.707778 -0.706306 0.0134876
    outer loop
      vertex -78.5856 3.14452 8.77092
      vertex -78.3723 3.35781 8.74712
      vertex -78.3651 3.36508 8.75
    endloop
  endfacet
  facet normal 0.70709 -0.707123 0
    outer loop
      vertex -78.5856 3.14452 8.77092
      vertex -78.5856 3.14452 8.76666
      vertex -78.3723 3.35781 8.74712
    endloop
  endfacet
  facet normal 0.707059 -0.707154 0
    outer loop
      vertex -78.8081 2.92205 8.7465
      vertex -78.5856 3.14452 8.77092
      vertex -78.8081 2.92205 8.83257
    endloop
  endfacet
  facet normal 0.707059 -0.707154 0
    outer loop
      vertex -78.5856 3.14452 8.77092
      vertex -78.8081 2.92205 8.7465
      vertex -78.5856 3.14452 8.76666
    endloop
  endfacet
  facet normal 0.707218 -0.706996 0
    outer loop
      vertex -78.1445 3.58563 10.7248
      vertex -77.9221 3.8081 10.7492
      vertex -78.1445 3.58563 10.7291
    endloop
  endfacet
  facet normal 0.707218 -0.706996 0
    outer loop
      vertex -77.9221 3.8081 10.7492
      vertex -78.1445 3.58563 10.7248
      vertex -77.9221 3.8081 10.6632
    endloop
  endfacet
  facet normal 0.70709 -0.707123 0
    outer loop
      vertex -78.3578 3.37234 10.7486
      vertex -78.1445 3.58563 10.7248
      vertex -78.1445 3.58563 10.7291
    endloop
  endfacet
  facet normal 0.706648 -0.707524 -0.0075538
    outer loop
      vertex -78.3578 3.37234 10.7486
      vertex -78.3651 3.36508 10.7457
      vertex -78.1445 3.58563 10.7248
    endloop
  endfacet
  facet normal 0.705162 -0.709047 0
    outer loop
      vertex -78.3651 3.36508 10.75
      vertex -78.3651 3.36508 10.7457
      vertex -78.3578 3.37234 10.7486
    endloop
  endfacet
  facet normal 0.710519 -0.703678 0
    outer loop
      vertex -78.3651 3.36508 10.75
      vertex -78.3723 3.35781 10.7471
      vertex -78.3651 3.36508 10.7457
    endloop
  endfacet
  facet normal 0.707775 -0.706311 0.0134148
    outer loop
      vertex -78.5856 3.14452 10.7709
      vertex -78.3723 3.35781 10.7471
      vertex -78.3651 3.36508 10.75
    endloop
  endfacet
  facet normal 0.70709 -0.707123 0
    outer loop
      vertex -78.5856 3.14452 10.7709
      vertex -78.5856 3.14452 10.7667
      vertex -78.3723 3.35781 10.7471
    endloop
  endfacet
  facet normal 0.707059 -0.707154 0
    outer loop
      vertex -78.8081 2.92205 10.7465
      vertex -78.5856 3.14452 10.7709
      vertex -78.8081 2.92205 10.8326
    endloop
  endfacet
  facet normal 0.707059 -0.707154 0
    outer loop
      vertex -78.5856 3.14452 10.7709
      vertex -78.8081 2.92205 10.7465
      vertex -78.5856 3.14452 10.7667
    endloop
  endfacet
  facet normal 0.707218 -0.706996 0
    outer loop
      vertex -78.1445 3.58563 12.7248
      vertex -77.9221 3.8081 12.7492
      vertex -78.1445 3.58563 12.7291
    endloop
  endfacet
  facet normal 0.707218 -0.706996 0
    outer loop
      vertex -77.9221 3.8081 12.7492
      vertex -78.1445 3.58563 12.7248
      vertex -77.9221 3.8081 12.6632
    endloop
  endfacet
  facet normal 0.70709 -0.707123 0
    outer loop
      vertex -78.3578 3.37234 12.7486
      vertex -78.1445 3.58563 12.7248
      vertex -78.1445 3.58563 12.7291
    endloop
  endfacet
  facet normal 0.706648 -0.707524 -0.0075538
    outer loop
      vertex -78.3578 3.37234 12.7486
      vertex -78.3651 3.36508 12.7457
      vertex -78.1445 3.58563 12.7248
    endloop
  endfacet
  facet normal 0.705162 -0.709047 0
    outer loop
      vertex -78.3651 3.36508 12.75
      vertex -78.3651 3.36508 12.7457
      vertex -78.3578 3.37234 12.7486
    endloop
  endfacet
  facet normal 0.710519 -0.703678 0
    outer loop
      vertex -78.3651 3.36508 12.75
      vertex -78.3723 3.35781 12.7471
      vertex -78.3651 3.36508 12.7457
    endloop
  endfacet
  facet normal 0.707775 -0.706311 0.0134148
    outer loop
      vertex -78.5856 3.14452 12.7709
      vertex -78.3723 3.35781 12.7471
      vertex -78.3651 3.36508 12.75
    endloop
  endfacet
  facet normal 0.70709 -0.707123 0
    outer loop
      vertex -78.5856 3.14452 12.7709
      vertex -78.5856 3.14452 12.7667
      vertex -78.3723 3.35781 12.7471
    endloop
  endfacet
  facet normal 0.707059 -0.707154 0
    outer loop
      vertex -78.8081 2.92205 12.7465
      vertex -78.5856 3.14452 12.7709
      vertex -78.8081 2.92205 12.8326
    endloop
  endfacet
  facet normal 0.707059 -0.707154 0
    outer loop
      vertex -78.5856 3.14452 12.7709
      vertex -78.8081 2.92205 12.7465
      vertex -78.5856 3.14452 12.7667
    endloop
  endfacet
  facet normal 0.707218 -0.706996 0
    outer loop
      vertex -78.1445 3.58563 14.7248
      vertex -77.9221 3.8081 14.7492
      vertex -78.1445 3.58563 14.7291
    endloop
  endfacet
  facet normal 0.707218 -0.706996 0
    outer loop
      vertex -77.9221 3.8081 14.7492
      vertex -78.1445 3.58563 14.7248
      vertex -77.9221 3.8081 14.6632
    endloop
  endfacet
  facet normal 0.70709 -0.707123 0
    outer loop
      vertex -78.3578 3.37234 14.7486
      vertex -78.1445 3.58563 14.7248
      vertex -78.1445 3.58563 14.7291
    endloop
  endfacet
  facet normal 0.706648 -0.707524 -0.0075538
    outer loop
      vertex -78.3578 3.37234 14.7486
      vertex -78.3651 3.36508 14.7457
      vertex -78.1445 3.58563 14.7248
    endloop
  endfacet
  facet normal 0.705162 -0.709047 0
    outer loop
      vertex -78.3651 3.36508 14.75
      vertex -78.3651 3.36508 14.7457
      vertex -78.3578 3.37234 14.7486
    endloop
  endfacet
  facet normal 0.710519 -0.703678 0
    outer loop
      vertex -78.3651 3.36508 14.75
      vertex -78.3723 3.35781 14.7471
      vertex -78.3651 3.36508 14.7457
    endloop
  endfacet
  facet normal 0.707775 -0.706311 0.0134148
    outer loop
      vertex -78.5856 3.14452 14.7709
      vertex -78.3723 3.35781 14.7471
      vertex -78.3651 3.36508 14.75
    endloop
  endfacet
  facet normal 0.70709 -0.707123 0
    outer loop
      vertex -78.5856 3.14452 14.7709
      vertex -78.5856 3.14452 14.7667
      vertex -78.3723 3.35781 14.7471
    endloop
  endfacet
  facet normal 0.707059 -0.707154 0
    outer loop
      vertex -78.8081 2.92205 14.7465
      vertex -78.5856 3.14452 14.7709
      vertex -78.8081 2.92205 14.8326
    endloop
  endfacet
  facet normal 0.707059 -0.707154 0
    outer loop
      vertex -78.5856 3.14452 14.7709
      vertex -78.8081 2.92205 14.7465
      vertex -78.5856 3.14452 14.7667
    endloop
  endfacet
  facet normal 0.707218 -0.706996 0
    outer loop
      vertex -78.1445 3.58563 16.7248
      vertex -77.9221 3.8081 16.7492
      vertex -78.1445 3.58563 16.7291
    endloop
  endfacet
  facet normal 0.707218 -0.706996 0
    outer loop
      vertex -77.9221 3.8081 16.7492
      vertex -78.1445 3.58563 16.7248
      vertex -77.9221 3.8081 16.6632
    endloop
  endfacet
  facet normal 0.70709 -0.707123 0
    outer loop
      vertex -78.3578 3.37234 16.7486
      vertex -78.1445 3.58563 16.7248
      vertex -78.1445 3.58563 16.7291
    endloop
  endfacet
  facet normal 0.706648 -0.707524 -0.0075538
    outer loop
      vertex -78.3578 3.37234 16.7486
      vertex -78.3651 3.36508 16.7457
      vertex -78.1445 3.58563 16.7248
    endloop
  endfacet
  facet normal 0.705162 -0.709047 0
    outer loop
      vertex -78.3651 3.36508 16.75
      vertex -78.3651 3.36508 16.7457
      vertex -78.3578 3.37234 16.7486
    endloop
  endfacet
  facet normal 0.710519 -0.703678 0
    outer loop
      vertex -78.3651 3.36508 16.75
      vertex -78.3723 3.35781 16.7471
      vertex -78.3651 3.36508 16.7457
    endloop
  endfacet
  facet normal 0.707775 -0.706311 0.0134148
    outer loop
      vertex -78.5856 3.14452 16.7709
      vertex -78.3723 3.35781 16.7471
      vertex -78.3651 3.36508 16.75
    endloop
  endfacet
  facet normal 0.70709 -0.707123 0
    outer loop
      vertex -78.5856 3.14452 16.7709
      vertex -78.5856 3.14452 16.7667
      vertex -78.3723 3.35781 16.7471
    endloop
  endfacet
  facet normal 0.707059 -0.707154 0
    outer loop
      vertex -78.8081 2.92205 16.7465
      vertex -78.5856 3.14452 16.7709
      vertex -78.8081 2.92205 16.8326
    endloop
  endfacet
  facet normal 0.707059 -0.707154 0
    outer loop
      vertex -78.5856 3.14452 16.7709
      vertex -78.8081 2.92205 16.7465
      vertex -78.5856 3.14452 16.7667
    endloop
  endfacet
  facet normal 0.707218 -0.706996 0
    outer loop
      vertex -78.1445 3.58563 18.7248
      vertex -77.9221 3.8081 18.7492
      vertex -78.1445 3.58563 18.7291
    endloop
  endfacet
  facet normal 0.707218 -0.706996 0
    outer loop
      vertex -77.9221 3.8081 18.7492
      vertex -78.1445 3.58563 18.7248
      vertex -77.9221 3.8081 18.6632
    endloop
  endfacet
  facet normal 0.70709 -0.707123 0
    outer loop
      vertex -78.3578 3.37234 18.7486
      vertex -78.1445 3.58563 18.7248
      vertex -78.1445 3.58563 18.7291
    endloop
  endfacet
  facet normal 0.706648 -0.707524 -0.0075538
    outer loop
      vertex -78.3578 3.37234 18.7486
      vertex -78.3651 3.36508 18.7457
      vertex -78.1445 3.58563 18.7248
    endloop
  endfacet
  facet normal 0.705162 -0.709047 0
    outer loop
      vertex -78.3651 3.36508 18.75
      vertex -78.3651 3.36508 18.7457
      vertex -78.3578 3.37234 18.7486
    endloop
  endfacet
  facet normal 0.710519 -0.703678 0
    outer loop
      vertex -78.3651 3.36508 18.75
      vertex -78.3723 3.35781 18.7471
      vertex -78.3651 3.36508 18.7457
    endloop
  endfacet
  facet normal 0.707775 -0.706311 0.0134148
    outer loop
      vertex -78.5856 3.14452 18.7709
      vertex -78.3723 3.35781 18.7471
      vertex -78.3651 3.36508 18.75
    endloop
  endfacet
  facet normal 0.70709 -0.707123 0
    outer loop
      vertex -78.5856 3.14452 18.7709
      vertex -78.5856 3.14452 18.7667
      vertex -78.3723 3.35781 18.7471
    endloop
  endfacet
  facet normal 0.707059 -0.707154 0
    outer loop
      vertex -78.8081 2.92205 18.7465
      vertex -78.5856 3.14452 18.7709
      vertex -78.8081 2.92205 18.8326
    endloop
  endfacet
  facet normal 0.707059 -0.707154 0
    outer loop
      vertex -78.5856 3.14452 18.7709
      vertex -78.8081 2.92205 18.7465
      vertex -78.5856 3.14452 18.7667
    endloop
  endfacet
  facet normal 1 0 0
    outer loop
      vertex -79.7589 -0.010278 18.9971
      vertex -79.7589 0 19
      vertex -79.7589 0 19.3899
    endloop
  endfacet
  facet normal 1 0 0
    outer loop
      vertex -79.7589 0 19
      vertex -79.7589 -0.010278 18.9971
      vertex -79.7589 0 18.9957
    endloop
  endfacet
  facet normal 1 0 0
    outer loop
      vertex -79.7589 0 19.3899
      vertex -79.7589 -0.311914 19.0167
      vertex -79.7589 -0.010278 18.9971
    endloop
  endfacet
  facet normal 1 0 0
    outer loop
      vertex -79.7589 -0.605328 19.4605
      vertex -79.7589 -0.311914 19.0167
      vertex -79.7589 0 19.3899
    endloop
  endfacet
  facet normal 1 0 0
    outer loop
      vertex -79.7589 -0.626525 18.9965
      vertex -79.7589 -0.605328 19.4605
      vertex -79.7589 -0.626525 19.463
    endloop
  endfacet
  facet normal 1 0 0
    outer loop
      vertex -79.7589 -0.605328 19.4605
      vertex -79.7589 -0.626525 18.9965
      vertex -79.7589 -0.311914 19.0167
    endloop
  endfacet
  facet normal 1 0 0
    outer loop
      vertex -79.7589 0.311914 18.9748
      vertex -79.7589 0.626525 18.9992
      vertex -79.7589 0.311914 18.9791
    endloop
  endfacet
  facet normal 1 0 0
    outer loop
      vertex -79.7589 0.626525 18.9992
      vertex -79.7589 0.311914 18.9748
      vertex -79.7589 0.626525 18.9132
    endloop
  endfacet
  facet normal 1 0 0
    outer loop
      vertex -79.7589 0.010278 18.9986
      vertex -79.7589 0.311914 18.9748
      vertex -79.7589 0.311914 18.9791
    endloop
  endfacet
  facet normal 1 0 0
    outer loop
      vertex -79.7589 0.010278 18.9986
      vertex -79.7589 0 18.9957
      vertex -79.7589 0.311914 18.9748
    endloop
  endfacet
  facet normal 1 0 0
    outer loop
      vertex -79.7589 0 18.9957
      vertex -79.7589 0.010278 18.9986
      vertex -79.7589 0 19
    endloop
  endfacet
  facet normal 1 0 0
    outer loop
      vertex -79.7589 0.311914 0.974815
      vertex -79.7589 0.626525 0.999235
      vertex -79.7589 0.311914 0.979077
    endloop
  endfacet
  facet normal 1 0 0
    outer loop
      vertex -79.7589 0.626525 0.999235
      vertex -79.7589 0.311914 0.974815
      vertex -79.7589 0.626525 0.913169
    endloop
  endfacet
  facet normal 1 0 0
    outer loop
      vertex -79.7589 0.010278 0.998621
      vertex -79.7589 0.311914 0.974815
      vertex -79.7589 0.311914 0.979077
    endloop
  endfacet
  facet normal 1 0 0
    outer loop
      vertex -79.7589 0.010278 0.998621
      vertex -79.7589 0 0.995738
      vertex -79.7589 0.311914 0.974815
    endloop
  endfacet
  facet normal 1 0 0
    outer loop
      vertex -79.7589 0 1
      vertex -79.7589 0 0.995738
      vertex -79.7589 0.010278 0.998621
    endloop
  endfacet
  facet normal 1 0 0
    outer loop
      vertex -79.7589 0 1
      vertex -79.7589 -0.010278 0.997117
      vertex -79.7589 0 0.995738
    endloop
  endfacet
  facet normal 1 0 0
    outer loop
      vertex -79.7589 -0.311914 1.02092
      vertex -79.7589 -0.010278 0.997117
      vertex -79.7589 0 1
    endloop
  endfacet
  facet normal 1 0 0
    outer loop
      vertex -79.7589 -0.311914 1.02092
      vertex -79.7589 -0.311914 1.01666
      vertex -79.7589 -0.010278 0.997117
    endloop
  endfacet
  facet normal 1 0 0
    outer loop
      vertex -79.7589 -0.626525 0.996502
      vertex -79.7589 -0.311914 1.02092
      vertex -79.7589 -0.626525 1.08257
    endloop
  endfacet
  facet normal 1 0 0
    outer loop
      vertex -79.7589 -0.311914 1.02092
      vertex -79.7589 -0.626525 0.996502
      vertex -79.7589 -0.311914 1.01666
    endloop
  endfacet
  facet normal 1 0 0
    outer loop
      vertex -79.7589 0.311914 2.97482
      vertex -79.7589 0.626525 2.99924
      vertex -79.7589 0.311914 2.97908
    endloop
  endfacet
  facet normal 1 0 0
    outer loop
      vertex -79.7589 0.626525 2.99924
      vertex -79.7589 0.311914 2.97482
      vertex -79.7589 0.626525 2.91317
    endloop
  endfacet
  facet normal 1 0 0
    outer loop
      vertex -79.7589 0.010278 2.99862
      vertex -79.7589 0.311914 2.97482
      vertex -79.7589 0.311914 2.97908
    endloop
  endfacet
  facet normal 1 0 0
    outer loop
      vertex -79.7589 0.010278 2.99862
      vertex -79.7589 0 2.99574
      vertex -79.7589 0.311914 2.97482
    endloop
  endfacet
  facet normal 1 0 0
    outer loop
      vertex -79.7589 0 3
      vertex -79.7589 0 2.99574
      vertex -79.7589 0.010278 2.99862
    endloop
  endfacet
  facet normal 1 0 0
    outer loop
      vertex -79.7589 0 3
      vertex -79.7589 -0.010278 2.99712
      vertex -79.7589 0 2.99574
    endloop
  endfacet
  facet normal 1 0 0
    outer loop
      vertex -79.7589 -0.311914 3.02092
      vertex -79.7589 -0.010278 2.99712
      vertex -79.7589 0 3
    endloop
  endfacet
  facet normal 1 0 0
    outer loop
      vertex -79.7589 -0.311914 3.02092
      vertex -79.7589 -0.311914 3.01666
      vertex -79.7589 -0.010278 2.99712
    endloop
  endfacet
  facet normal 1 0 0
    outer loop
      vertex -79.7589 -0.626525 2.9965
      vertex -79.7589 -0.311914 3.02092
      vertex -79.7589 -0.626525 3.08257
    endloop
  endfacet
  facet normal 1 0 0
    outer loop
      vertex -79.7589 -0.311914 3.02092
      vertex -79.7589 -0.626525 2.9965
      vertex -79.7589 -0.311914 3.01666
    endloop
  endfacet
  facet normal 1 0 0
    outer loop
      vertex -79.7589 0.311914 4.97481
      vertex -79.7589 0.626525 4.99924
      vertex -79.7589 0.311914 4.97908
    endloop
  endfacet
  facet normal 1 0 0
    outer loop
      vertex -79.7589 0.626525 4.99924
      vertex -79.7589 0.311914 4.97481
      vertex -79.7589 0.626525 4.91317
    endloop
  endfacet
  facet normal 1 0 0
    outer loop
      vertex -79.7589 0.010278 4.99862
      vertex -79.7589 0.311914 4.97481
      vertex -79.7589 0.311914 4.97908
    endloop
  endfacet
  facet normal 1 0 0
    outer loop
      vertex -79.7589 0.010278 4.99862
      vertex -79.7589 0 4.99574
      vertex -79.7589 0.311914 4.97481
    endloop
  endfacet
  facet normal 1 0 0
    outer loop
      vertex -79.7589 0 5
      vertex -79.7589 0 4.99574
      vertex -79.7589 0.010278 4.99862
    endloop
  endfacet
  facet normal 1 0 0
    outer loop
      vertex -79.7589 0 5
      vertex -79.7589 -0.010278 4.99712
      vertex -79.7589 0 4.99574
    endloop
  endfacet
  facet normal 1 0 0
    outer loop
      vertex -79.7589 -0.311914 5.02092
      vertex -79.7589 -0.010278 4.99712
      vertex -79.7589 0 5
    endloop
  endfacet
  facet normal 1 0 0
    outer loop
      vertex -79.7589 -0.311914 5.02092
      vertex -79.7589 -0.311914 5.01666
      vertex -79.7589 -0.010278 4.99712
    endloop
  endfacet
  facet normal 1 0 0
    outer loop
      vertex -79.7589 -0.626525 4.9965
      vertex -79.7589 -0.311914 5.02092
      vertex -79.7589 -0.626525 5.08257
    endloop
  endfacet
  facet normal 1 0 0
    outer loop
      vertex -79.7589 -0.311914 5.02092
      vertex -79.7589 -0.626525 4.9965
      vertex -79.7589 -0.311914 5.01666
    endloop
  endfacet
  facet normal 1 0 0
    outer loop
      vertex -79.7589 0.311914 6.97481
      vertex -79.7589 0.626525 6.99924
      vertex -79.7589 0.311914 6.97908
    endloop
  endfacet
  facet normal 1 0 0
    outer loop
      vertex -79.7589 0.626525 6.99924
      vertex -79.7589 0.311914 6.97481
      vertex -79.7589 0.626525 6.91317
    endloop
  endfacet
  facet normal 1 0 0
    outer loop
      vertex -79.7589 0.010278 6.99862
      vertex -79.7589 0.311914 6.97481
      vertex -79.7589 0.311914 6.97908
    endloop
  endfacet
  facet normal 1 0 0
    outer loop
      vertex -79.7589 0.010278 6.99862
      vertex -79.7589 0 6.99574
      vertex -79.7589 0.311914 6.97481
    endloop
  endfacet
  facet normal 1 0 0
    outer loop
      vertex -79.7589 0 7
      vertex -79.7589 0 6.99574
      vertex -79.7589 0.010278 6.99862
    endloop
  endfacet
  facet normal 1 0 0
    outer loop
      vertex -79.7589 0 7
      vertex -79.7589 -0.010278 6.99712
      vertex -79.7589 0 6.99574
    endloop
  endfacet
  facet normal 1 0 0
    outer loop
      vertex -79.7589 -0.311914 7.02092
      vertex -79.7589 -0.010278 6.99712
      vertex -79.7589 0 7
    endloop
  endfacet
  facet normal 1 0 0
    outer loop
      vertex -79.7589 -0.311914 7.02092
      vertex -79.7589 -0.311914 7.01666
      vertex -79.7589 -0.010278 6.99712
    endloop
  endfacet
  facet normal 1 0 0
    outer loop
      vertex -79.7589 -0.626525 6.9965
      vertex -79.7589 -0.311914 7.02092
      vertex -79.7589 -0.626525 7.08257
    endloop
  endfacet
  facet normal 1 0 0
    outer loop
      vertex -79.7589 -0.311914 7.02092
      vertex -79.7589 -0.626525 6.9965
      vertex -79.7589 -0.311914 7.01666
    endloop
  endfacet
  facet normal 1 0 0
    outer loop
      vertex -79.7589 0.311914 8.97482
      vertex -79.7589 0.626525 8.99924
      vertex -79.7589 0.311914 8.97908
    endloop
  endfacet
  facet normal 1 0 0
    outer loop
      vertex -79.7589 0.626525 8.99924
      vertex -79.7589 0.311914 8.97482
      vertex -79.7589 0.626525 8.91317
    endloop
  endfacet
  facet normal 1 0 0
    outer loop
      vertex -79.7589 0.010278 8.99862
      vertex -79.7589 0.311914 8.97482
      vertex -79.7589 0.311914 8.97908
    endloop
  endfacet
  facet normal 1 0 0
    outer loop
      vertex -79.7589 0.010278 8.99862
      vertex -79.7589 0 8.99574
      vertex -79.7589 0.311914 8.97482
    endloop
  endfacet
  facet normal 1 0 0
    outer loop
      vertex -79.7589 0 9
      vertex -79.7589 0 8.99574
      vertex -79.7589 0.010278 8.99862
    endloop
  endfacet
  facet normal 1 0 0
    outer loop
      vertex -79.7589 0 9
      vertex -79.7589 -0.010278 8.99712
      vertex -79.7589 0 8.99574
    endloop
  endfacet
  facet normal 1 0 0
    outer loop
      vertex -79.7589 -0.311914 9.02092
      vertex -79.7589 -0.010278 8.99712
      vertex -79.7589 0 9
    endloop
  endfacet
  facet normal 1 0 0
    outer loop
      vertex -79.7589 -0.311914 9.02092
      vertex -79.7589 -0.311914 9.01666
      vertex -79.7589 -0.010278 8.99712
    endloop
  endfacet
  facet normal 1 0 0
    outer loop
      vertex -79.7589 -0.626525 8.9965
      vertex -79.7589 -0.311914 9.02092
      vertex -79.7589 -0.626525 9.08257
    endloop
  endfacet
  facet normal 1 0 0
    outer loop
      vertex -79.7589 -0.311914 9.02092
      vertex -79.7589 -0.626525 8.9965
      vertex -79.7589 -0.311914 9.01666
    endloop
  endfacet
  facet normal 1 0 0
    outer loop
      vertex -79.7589 0.311914 10.9748
      vertex -79.7589 0.626525 10.9992
      vertex -79.7589 0.311914 10.9791
    endloop
  endfacet
  facet normal 1 0 0
    outer loop
      vertex -79.7589 0.626525 10.9992
      vertex -79.7589 0.311914 10.9748
      vertex -79.7589 0.626525 10.9132
    endloop
  endfacet
  facet normal 1 0 0
    outer loop
      vertex -79.7589 0.010278 10.9986
      vertex -79.7589 0.311914 10.9748
      vertex -79.7589 0.311914 10.9791
    endloop
  endfacet
  facet normal 1 0 0
    outer loop
      vertex -79.7589 0.010278 10.9986
      vertex -79.7589 0 10.9957
      vertex -79.7589 0.311914 10.9748
    endloop
  endfacet
  facet normal 1 0 0
    outer loop
      vertex -79.7589 0 11
      vertex -79.7589 0 10.9957
      vertex -79.7589 0.010278 10.9986
    endloop
  endfacet
  facet normal 1 0 0
    outer loop
      vertex -79.7589 0 11
      vertex -79.7589 -0.010278 10.9971
      vertex -79.7589 0 10.9957
    endloop
  endfacet
  facet normal 1 0 0
    outer loop
      vertex -79.7589 -0.311914 11.0209
      vertex -79.7589 -0.010278 10.9971
      vertex -79.7589 0 11
    endloop
  endfacet
  facet normal 1 0 0
    outer loop
      vertex -79.7589 -0.311914 11.0209
      vertex -79.7589 -0.311914 11.0167
      vertex -79.7589 -0.010278 10.9971
    endloop
  endfacet
  facet normal 1 0 0
    outer loop
      vertex -79.7589 -0.626525 10.9965
      vertex -79.7589 -0.311914 11.0209
      vertex -79.7589 -0.626525 11.0826
    endloop
  endfacet
  facet normal 1 0 0
    outer loop
      vertex -79.7589 -0.311914 11.0209
      vertex -79.7589 -0.626525 10.9965
      vertex -79.7589 -0.311914 11.0167
    endloop
  endfacet
  facet normal 1 0 0
    outer loop
      vertex -79.7589 0.311914 12.9748
      vertex -79.7589 0.626525 12.9992
      vertex -79.7589 0.311914 12.9791
    endloop
  endfacet
  facet normal 1 0 0
    outer loop
      vertex -79.7589 0.626525 12.9992
      vertex -79.7589 0.311914 12.9748
      vertex -79.7589 0.626525 12.9132
    endloop
  endfacet
  facet normal 1 0 0
    outer loop
      vertex -79.7589 0.010278 12.9986
      vertex -79.7589 0.311914 12.9748
      vertex -79.7589 0.311914 12.9791
    endloop
  endfacet
  facet normal 1 0 0
    outer loop
      vertex -79.7589 0.010278 12.9986
      vertex -79.7589 0 12.9957
      vertex -79.7589 0.311914 12.9748
    endloop
  endfacet
  facet normal 1 0 0
    outer loop
      vertex -79.7589 0 13
      vertex -79.7589 0 12.9957
      vertex -79.7589 0.010278 12.9986
    endloop
  endfacet
  facet normal 1 0 0
    outer loop
      vertex -79.7589 0 13
      vertex -79.7589 -0.010278 12.9971
      vertex -79.7589 0 12.9957
    endloop
  endfacet
  facet normal 1 0 0
    outer loop
      vertex -79.7589 -0.311914 13.0209
      vertex -79.7589 -0.010278 12.9971
      vertex -79.7589 0 13
    endloop
  endfacet
  facet normal 1 0 0
    outer loop
      vertex -79.7589 -0.311914 13.0209
      vertex -79.7589 -0.311914 13.0167
      vertex -79.7589 -0.010278 12.9971
    endloop
  endfacet
  facet normal 1 0 0
    outer loop
      vertex -79.7589 -0.626525 12.9965
      vertex -79.7589 -0.311914 13.0209
      vertex -79.7589 -0.626525 13.0826
    endloop
  endfacet
  facet normal 1 0 0
    outer loop
      vertex -79.7589 -0.311914 13.0209
      vertex -79.7589 -0.626525 12.9965
      vertex -79.7589 -0.311914 13.0167
    endloop
  endfacet
  facet normal 1 0 0
    outer loop
      vertex -79.7589 0.311914 14.9748
      vertex -79.7589 0.626525 14.9992
      vertex -79.7589 0.311914 14.9791
    endloop
  endfacet
  facet normal 1 0 0
    outer loop
      vertex -79.7589 0.626525 14.9992
      vertex -79.7589 0.311914 14.9748
      vertex -79.7589 0.626525 14.9132
    endloop
  endfacet
  facet normal 1 0 0
    outer loop
      vertex -79.7589 0.010278 14.9986
      vertex -79.7589 0.311914 14.9748
      vertex -79.7589 0.311914 14.9791
    endloop
  endfacet
  facet normal 1 0 0
    outer loop
      vertex -79.7589 0.010278 14.9986
      vertex -79.7589 0 14.9957
      vertex -79.7589 0.311914 14.9748
    endloop
  endfacet
  facet normal 1 0 0
    outer loop
      vertex -79.7589 0 15
      vertex -79.7589 0 14.9957
      vertex -79.7589 0.010278 14.9986
    endloop
  endfacet
  facet normal 1 0 0
    outer loop
      vertex -79.7589 0 15
      vertex -79.7589 -0.010278 14.9971
      vertex -79.7589 0 14.9957
    endloop
  endfacet
  facet normal 1 0 0
    outer loop
      vertex -79.7589 -0.311914 15.0209
      vertex -79.7589 -0.010278 14.9971
      vertex -79.7589 0 15
    endloop
  endfacet
  facet normal 1 0 0
    outer loop
      vertex -79.7589 -0.311914 15.0209
      vertex -79.7589 -0.311914 15.0167
      vertex -79.7589 -0.010278 14.9971
    endloop
  endfacet
  facet normal 1 0 0
    outer loop
      vertex -79.7589 -0.626525 14.9965
      vertex -79.7589 -0.311914 15.0209
      vertex -79.7589 -0.626525 15.0826
    endloop
  endfacet
  facet normal 1 0 0
    outer loop
      vertex -79.7589 -0.311914 15.0209
      vertex -79.7589 -0.626525 14.9965
      vertex -79.7589 -0.311914 15.0167
    endloop
  endfacet
  facet normal 1 0 0
    outer loop
      vertex -79.7589 0.311914 16.9748
      vertex -79.7589 0.626525 16.9992
      vertex -79.7589 0.311914 16.9791
    endloop
  endfacet
  facet normal 1 0 0
    outer loop
      vertex -79.7589 0.626525 16.9992
      vertex -79.7589 0.311914 16.9748
      vertex -79.7589 0.626525 16.9132
    endloop
  endfacet
  facet normal 1 0 0
    outer loop
      vertex -79.7589 0.010278 16.9986
      vertex -79.7589 0.311914 16.9748
      vertex -79.7589 0.311914 16.9791
    endloop
  endfacet
  facet normal 1 0 0
    outer loop
      vertex -79.7589 0.010278 16.9986
      vertex -79.7589 0 16.9957
      vertex -79.7589 0.311914 16.9748
    endloop
  endfacet
  facet normal 1 0 0
    outer loop
      vertex -79.7589 0 17
      vertex -79.7589 0 16.9957
      vertex -79.7589 0.010278 16.9986
    endloop
  endfacet
  facet normal 1 0 0
    outer loop
      vertex -79.7589 0 17
      vertex -79.7589 -0.010278 16.9971
      vertex -79.7589 0 16.9957
    endloop
  endfacet
  facet normal 1 0 0
    outer loop
      vertex -79.7589 -0.311914 17.0209
      vertex -79.7589 -0.010278 16.9971
      vertex -79.7589 0 17
    endloop
  endfacet
  facet normal 1 0 0
    outer loop
      vertex -79.7589 -0.311914 17.0209
      vertex -79.7589 -0.311914 17.0167
      vertex -79.7589 -0.010278 16.9971
    endloop
  endfacet
  facet normal 1 0 0
    outer loop
      vertex -79.7589 -0.626525 16.9965
      vertex -79.7589 -0.311914 17.0209
      vertex -79.7589 -0.626525 17.0826
    endloop
  endfacet
  facet normal 1 0 0
    outer loop
      vertex -79.7589 -0.311914 17.0209
      vertex -79.7589 -0.626525 16.9965
      vertex -79.7589 -0.311914 17.0167
    endloop
  endfacet
  facet normal 0 -1 0
    outer loop
      vertex -75.6265 4.75893 0.582569
      vertex -75.6053 4.75893 0.539474
      vertex -75.4808 4.75893 0.554006
    endloop
  endfacet
  facet normal -0 -1 0
    outer loop
      vertex -75.6053 4.75893 0.539474
      vertex -75.6265 4.75893 0.582569
      vertex -75.6265 4.75893 0.537002
    endloop
  endfacet
  facet normal 0 -1 0
    outer loop
      vertex -75.6265 4.75893 2.4965
      vertex -75.3119 4.75893 2.52092
      vertex -75.6265 4.75893 2.58257
    endloop
  endfacet
  facet normal 0 -1 -0
    outer loop
      vertex -75.3119 4.75893 2.52092
      vertex -75.6265 4.75893 2.4965
      vertex -75.3119 4.75893 2.51666
    endloop
  endfacet
  facet normal 0 -1 0
    outer loop
      vertex -75.0103 4.75893 2.49712
      vertex -75.3119 4.75893 2.52092
      vertex -75.3119 4.75893 2.51666
    endloop
  endfacet
  facet normal 0 -1 0
    outer loop
      vertex -75.3119 4.75893 2.52092
      vertex -75.0103 4.75893 2.49712
      vertex -75 4.75893 2.5
    endloop
  endfacet
  facet normal 0 -1 -0
    outer loop
      vertex -75 4.75893 2.5
      vertex -75.0103 4.75893 2.49712
      vertex -75 4.75893 2.49574
    endloop
  endfacet
  facet normal 0 -1 0
    outer loop
      vertex -75.6265 4.75893 4.4965
      vertex -75.3119 4.75893 4.52092
      vertex -75.6265 4.75893 4.58257
    endloop
  endfacet
  facet normal 0 -1 -0
    outer loop
      vertex -75.3119 4.75893 4.52092
      vertex -75.6265 4.75893 4.4965
      vertex -75.3119 4.75893 4.51666
    endloop
  endfacet
  facet normal 0 -1 0
    outer loop
      vertex -75.0103 4.75893 4.49712
      vertex -75.3119 4.75893 4.52092
      vertex -75.3119 4.75893 4.51666
    endloop
  endfacet
  facet normal 0 -1 0
    outer loop
      vertex -75.3119 4.75893 4.52092
      vertex -75.0103 4.75893 4.49712
      vertex -75 4.75893 4.5
    endloop
  endfacet
  facet normal 0 -1 -0
    outer loop
      vertex -75 4.75893 4.5
      vertex -75.0103 4.75893 4.49712
      vertex -75 4.75893 4.49574
    endloop
  endfacet
  facet normal 0 -1 0
    outer loop
      vertex -75.6265 4.75893 6.4965
      vertex -75.3119 4.75893 6.52092
      vertex -75.6265 4.75893 6.58257
    endloop
  endfacet
  facet normal 0 -1 -0
    outer loop
      vertex -75.3119 4.75893 6.52092
      vertex -75.6265 4.75893 6.4965
      vertex -75.3119 4.75893 6.51666
    endloop
  endfacet
  facet normal 0 -1 0
    outer loop
      vertex -75.0103 4.75893 6.49712
      vertex -75.3119 4.75893 6.52092
      vertex -75.3119 4.75893 6.51666
    endloop
  endfacet
  facet normal 0 -1 0
    outer loop
      vertex -75.3119 4.75893 6.52092
      vertex -75.0103 4.75893 6.49712
      vertex -75 4.75893 6.5
    endloop
  endfacet
  facet normal 0 -1 -0
    outer loop
      vertex -75 4.75893 6.5
      vertex -75.0103 4.75893 6.49712
      vertex -75 4.75893 6.49574
    endloop
  endfacet
  facet normal 0 -1 0
    outer loop
      vertex -75.6265 4.75893 8.4965
      vertex -75.3119 4.75893 8.52092
      vertex -75.6265 4.75893 8.58257
    endloop
  endfacet
  facet normal 0 -1 -0
    outer loop
      vertex -75.3119 4.75893 8.52092
      vertex -75.6265 4.75893 8.4965
      vertex -75.3119 4.75893 8.51666
    endloop
  endfacet
  facet normal 0 -1 0
    outer loop
      vertex -75.0103 4.75893 8.49712
      vertex -75.3119 4.75893 8.52092
      vertex -75.3119 4.75893 8.51666
    endloop
  endfacet
  facet normal 0 -1 0
    outer loop
      vertex -75.3119 4.75893 8.52092
      vertex -75.0103 4.75893 8.49712
      vertex -75 4.75893 8.5
    endloop
  endfacet
  facet normal 0 -1 -0
    outer loop
      vertex -75 4.75893 8.5
      vertex -75.0103 4.75893 8.49712
      vertex -75 4.75893 8.49574
    endloop
  endfacet
  facet normal 0 -1 0
    outer loop
      vertex -75.6265 4.75893 10.4965
      vertex -75.3119 4.75893 10.5209
      vertex -75.6265 4.75893 10.5826
    endloop
  endfacet
  facet normal 0 -1 -0
    outer loop
      vertex -75.3119 4.75893 10.5209
      vertex -75.6265 4.75893 10.4965
      vertex -75.3119 4.75893 10.5167
    endloop
  endfacet
  facet normal 0 -1 0
    outer loop
      vertex -75.0103 4.75893 10.4971
      vertex -75.3119 4.75893 10.5209
      vertex -75.3119 4.75893 10.5167
    endloop
  endfacet
  facet normal 0 -1 0
    outer loop
      vertex -75.3119 4.75893 10.5209
      vertex -75.0103 4.75893 10.4971
      vertex -75 4.75893 10.5
    endloop
  endfacet
  facet normal 0 -1 -0
    outer loop
      vertex -75 4.75893 10.5
      vertex -75.0103 4.75893 10.4971
      vertex -75 4.75893 10.4957
    endloop
  endfacet
  facet normal 0 -1 0
    outer loop
      vertex -75.6265 4.75893 12.4965
      vertex -75.3119 4.75893 12.5209
      vertex -75.6265 4.75893 12.5826
    endloop
  endfacet
  facet normal 0 -1 -0
    outer loop
      vertex -75.3119 4.75893 12.5209
      vertex -75.6265 4.75893 12.4965
      vertex -75.3119 4.75893 12.5167
    endloop
  endfacet
  facet normal 0 -1 0
    outer loop
      vertex -75.0103 4.75893 12.4971
      vertex -75.3119 4.75893 12.5209
      vertex -75.3119 4.75893 12.5167
    endloop
  endfacet
  facet normal 0 -1 0
    outer loop
      vertex -75.3119 4.75893 12.5209
      vertex -75.0103 4.75893 12.4971
      vertex -75 4.75893 12.5
    endloop
  endfacet
  facet normal 0 -1 -0
    outer loop
      vertex -75 4.75893 12.5
      vertex -75.0103 4.75893 12.4971
      vertex -75 4.75893 12.4957
    endloop
  endfacet
  facet normal 0 -1 0
    outer loop
      vertex -75.6265 4.75893 14.4965
      vertex -75.3119 4.75893 14.5209
      vertex -75.6265 4.75893 14.5826
    endloop
  endfacet
  facet normal 0 -1 -0
    outer loop
      vertex -75.3119 4.75893 14.5209
      vertex -75.6265 4.75893 14.4965
      vertex -75.3119 4.75893 14.5167
    endloop
  endfacet
  facet normal 0 -1 0
    outer loop
      vertex -75.0103 4.75893 14.4971
      vertex -75.3119 4.75893 14.5209
      vertex -75.3119 4.75893 14.5167
    endloop
  endfacet
  facet normal 0 -1 0
    outer loop
      vertex -75.3119 4.75893 14.5209
      vertex -75.0103 4.75893 14.4971
      vertex -75 4.75893 14.5
    endloop
  endfacet
  facet normal 0 -1 -0
    outer loop
      vertex -75 4.75893 14.5
      vertex -75.0103 4.75893 14.4971
      vertex -75 4.75893 14.4957
    endloop
  endfacet
  facet normal 0 -1 0
    outer loop
      vertex -75.6265 4.75893 16.4965
      vertex -75.3119 4.75893 16.5209
      vertex -75.6265 4.75893 16.5826
    endloop
  endfacet
  facet normal 0 -1 -0
    outer loop
      vertex -75.3119 4.75893 16.5209
      vertex -75.6265 4.75893 16.4965
      vertex -75.3119 4.75893 16.5167
    endloop
  endfacet
  facet normal 0 -1 0
    outer loop
      vertex -75.0103 4.75893 16.4971
      vertex -75.3119 4.75893 16.5209
      vertex -75.3119 4.75893 16.5167
    endloop
  endfacet
  facet normal 0 -1 0
    outer loop
      vertex -75.3119 4.75893 16.5209
      vertex -75.0103 4.75893 16.4971
      vertex -75 4.75893 16.5
    endloop
  endfacet
  facet normal 0 -1 -0
    outer loop
      vertex -75 4.75893 16.5
      vertex -75.0103 4.75893 16.4971
      vertex -75 4.75893 16.4957
    endloop
  endfacet
  facet normal 0 -1 0
    outer loop
      vertex -75.6265 4.75893 18.4965
      vertex -75.3119 4.75893 18.5209
      vertex -75.6265 4.75893 18.5826
    endloop
  endfacet
  facet normal 0 -1 -0
    outer loop
      vertex -75.3119 4.75893 18.5209
      vertex -75.6265 4.75893 18.4965
      vertex -75.3119 4.75893 18.5167
    endloop
  endfacet
  facet normal 0 -1 0
    outer loop
      vertex -75.0103 4.75893 18.4971
      vertex -75.3119 4.75893 18.5209
      vertex -75.3119 4.75893 18.5167
    endloop
  endfacet
  facet normal 0 -1 0
    outer loop
      vertex -75.3119 4.75893 18.5209
      vertex -75.0103 4.75893 18.4971
      vertex -75 4.75893 18.5
    endloop
  endfacet
  facet normal 0 -1 -0
    outer loop
      vertex -75 4.75893 18.5
      vertex -75.0103 4.75893 18.4971
      vertex -75 4.75893 18.4957
    endloop
  endfacet
  facet normal 0.965922 0.258833 0
    outer loop
      vertex -79.7045 -0.829537 19.4142
      vertex -79.7589 -0.626525 18.9965
      vertex -79.7589 -0.626525 19.463
    endloop
  endfacet
  facet normal 0.96595 0.258728 -5.48153e-05
    outer loop
      vertex -79.7045 -0.829537 19.4142
      vertex -79.6775 -0.930416 19.0581
      vertex -79.7589 -0.626525 18.9965
    endloop
  endfacet
  facet normal 0.965921 0.258838 -8.82262e-05
    outer loop
      vertex -79.6427 -1.06016 19.4142
      vertex -79.6775 -0.930416 19.0581
      vertex -79.7045 -0.829537 19.4142
    endloop
  endfacet
  facet normal 0.965951 0.258724 -0.000132495
    outer loop
      vertex -79.6427 -1.06016 19.4142
      vertex -79.5968 -1.2317 19.0791
      vertex -79.6775 -0.930416 19.0581
    endloop
  endfacet
  facet normal 0.965035 0.262115 -0.0019938
    outer loop
      vertex -79.6427 -1.06016 19.4142
      vertex -79.5941 -1.24163 19.0805
      vertex -79.5968 -1.2317 19.0791
    endloop
  endfacet
  facet normal 0.965936 0.25878 -4.86028e-05
    outer loop
      vertex -79.489 -1.63387 19.4142
      vertex -79.5941 -1.24163 19.0805
      vertex -79.6427 -1.06016 19.4142
    endloop
  endfacet
  facet normal 0.965899 0.258921 0.000129479
    outer loop
      vertex -79.5941 -1.24163 19.0805
      vertex -79.489 -1.63387 19.4142
      vertex -79.516 -1.53299 19.1
    endloop
  endfacet
  facet normal 0.965922 0.258835 -0
    outer loop
      vertex -79.4346 -1.83688 19.0798
      vertex -79.489 -1.63387 19.4142
      vertex -79.4346 -1.83688 19.463
    endloop
  endfacet
  facet normal 0.965948 0.258735 6.53937e-05
    outer loop
      vertex -79.489 -1.63387 19.4142
      vertex -79.4346 -1.83688 19.0798
      vertex -79.516 -1.53299 19.1
    endloop
  endfacet
  facet normal 0.965948 0.258738 -0
    outer loop
      vertex -79.6775 -0.930416 1.05815
      vertex -79.7589 -0.626525 1.08257
      vertex -79.6775 -0.930416 1.06241
    endloop
  endfacet
  facet normal 0.965948 0.258738 0
    outer loop
      vertex -79.7589 -0.626525 1.08257
      vertex -79.6775 -0.930416 1.05815
      vertex -79.7589 -0.626525 0.996502
    endloop
  endfacet
  facet normal 0.965899 0.258918 0
    outer loop
      vertex -79.5994 -1.22177 1.08195
      vertex -79.6775 -0.930416 1.05815
      vertex -79.6775 -0.930416 1.06241
    endloop
  endfacet
  facet normal 0.966103 0.25765 -0.0161814
    outer loop
      vertex -79.5994 -1.22177 1.08195
      vertex -79.5968 -1.2317 1.07907
      vertex -79.6775 -0.930416 1.05815
    endloop
  endfacet
  facet normal 0.967389 0.253294 0
    outer loop
      vertex -79.5968 -1.2317 1.08333
      vertex -79.5968 -1.2317 1.07907
      vertex -79.5994 -1.22177 1.08195
    endloop
  endfacet
  facet normal 0.964965 0.262377 0
    outer loop
      vertex -79.5968 -1.2317 1.08333
      vertex -79.5941 -1.24163 1.08045
      vertex -79.5968 -1.2317 1.07907
    endloop
  endfacet
  facet normal 0.965648 0.259662 0.0100008
    outer loop
      vertex -79.516 -1.53299 1.10426
      vertex -79.5941 -1.24163 1.08045
      vertex -79.5968 -1.2317 1.08333
    endloop
  endfacet
  facet normal 0.965901 0.258913 0
    outer loop
      vertex -79.516 -1.53299 1.10426
      vertex -79.516 -1.53299 1.09999
      vertex -79.5941 -1.24163 1.08045
    endloop
  endfacet
  facet normal 0.965947 0.258739 -0
    outer loop
      vertex -79.4346 -1.83688 1.07984
      vertex -79.516 -1.53299 1.10426
      vertex -79.4346 -1.83688 1.1659
    endloop
  endfacet
  facet normal 0.965947 0.258739 0
    outer loop
      vertex -79.516 -1.53299 1.10426
      vertex -79.4346 -1.83688 1.07984
      vertex -79.516 -1.53299 1.09999
    endloop
  endfacet
  facet normal 0.965948 0.258738 -0
    outer loop
      vertex -79.6775 -0.930416 3.05815
      vertex -79.7589 -0.626525 3.08257
      vertex -79.6775 -0.930416 3.06241
    endloop
  endfacet
  facet normal 0.965948 0.258738 0
    outer loop
      vertex -79.7589 -0.626525 3.08257
      vertex -79.6775 -0.930416 3.05815
      vertex -79.7589 -0.626525 2.9965
    endloop
  endfacet
  facet normal 0.965899 0.258918 0
    outer loop
      vertex -79.5994 -1.22177 3.08195
      vertex -79.6775 -0.930416 3.05815
      vertex -79.6775 -0.930416 3.06241
    endloop
  endfacet
  facet normal 0.966103 0.25765 -0.0161814
    outer loop
      vertex -79.5994 -1.22177 3.08195
      vertex -79.5968 -1.2317 3.07907
      vertex -79.6775 -0.930416 3.05815
    endloop
  endfacet
  facet normal 0.967389 0.253294 0
    outer loop
      vertex -79.5968 -1.2317 3.08333
      vertex -79.5968 -1.2317 3.07907
      vertex -79.5994 -1.22177 3.08195
    endloop
  endfacet
  facet normal 0.964965 0.262377 0
    outer loop
      vertex -79.5968 -1.2317 3.08333
      vertex -79.5941 -1.24163 3.08045
      vertex -79.5968 -1.2317 3.07907
    endloop
  endfacet
  facet normal 0.965648 0.259662 0.0100008
    outer loop
      vertex -79.516 -1.53299 3.10426
      vertex -79.5941 -1.24163 3.08045
      vertex -79.5968 -1.2317 3.08333
    endloop
  endfacet
  facet normal 0.965901 0.258913 0
    outer loop
      vertex -79.516 -1.53299 3.10426
      vertex -79.516 -1.53299 3.09999
      vertex -79.5941 -1.24163 3.08045
    endloop
  endfacet
  facet normal 0.965947 0.258739 -0
    outer loop
      vertex -79.4346 -1.83688 3.07984
      vertex -79.516 -1.53299 3.10426
      vertex -79.4346 -1.83688 3.1659
    endloop
  endfacet
  facet normal 0.965947 0.258739 0
    outer loop
      vertex -79.516 -1.53299 3.10426
      vertex -79.4346 -1.83688 3.07984
      vertex -79.516 -1.53299 3.09999
    endloop
  endfacet
  facet normal 0.965948 0.258738 -0
    outer loop
      vertex -79.6775 -0.930416 5.05815
      vertex -79.7589 -0.626525 5.08257
      vertex -79.6775 -0.930416 5.06241
    endloop
  endfacet
  facet normal 0.965948 0.258738 0
    outer loop
      vertex -79.7589 -0.626525 5.08257
      vertex -79.6775 -0.930416 5.05815
      vertex -79.7589 -0.626525 4.9965
    endloop
  endfacet
  facet normal 0.965899 0.258918 0
    outer loop
      vertex -79.5994 -1.22177 5.08195
      vertex -79.6775 -0.930416 5.05815
      vertex -79.6775 -0.930416 5.06241
    endloop
  endfacet
  facet normal 0.966103 0.25765 -0.0161814
    outer loop
      vertex -79.5994 -1.22177 5.08195
      vertex -79.5968 -1.2317 5.07907
      vertex -79.6775 -0.930416 5.05815
    endloop
  endfacet
  facet normal 0.967389 0.253294 0
    outer loop
      vertex -79.5968 -1.2317 5.08333
      vertex -79.5968 -1.2317 5.07907
      vertex -79.5994 -1.22177 5.08195
    endloop
  endfacet
  facet normal 0.964965 0.262377 0
    outer loop
      vertex -79.5968 -1.2317 5.08333
      vertex -79.5941 -1.24163 5.08045
      vertex -79.5968 -1.2317 5.07907
    endloop
  endfacet
  facet normal 0.965648 0.259662 0.0100008
    outer loop
      vertex -79.516 -1.53299 5.10426
      vertex -79.5941 -1.24163 5.08045
      vertex -79.5968 -1.2317 5.08333
    endloop
  endfacet
  facet normal 0.965901 0.258913 0
    outer loop
      vertex -79.516 -1.53299 5.10426
      vertex -79.516 -1.53299 5.09999
      vertex -79.5941 -1.24163 5.08045
    endloop
  endfacet
  facet normal 0.965947 0.258739 -0
    outer loop
      vertex -79.4346 -1.83688 5.07984
      vertex -79.516 -1.53299 5.10426
      vertex -79.4346 -1.83688 5.1659
    endloop
  endfacet
  facet normal 0.965947 0.258739 0
    outer loop
      vertex -79.516 -1.53299 5.10426
      vertex -79.4346 -1.83688 5.07984
      vertex -79.516 -1.53299 5.09999
    endloop
  endfacet
  facet normal 0.965948 0.258738 -0
    outer loop
      vertex -79.6775 -0.930416 7.05815
      vertex -79.7589 -0.626525 7.08257
      vertex -79.6775 -0.930416 7.06241
    endloop
  endfacet
  facet normal 0.965948 0.258738 0
    outer loop
      vertex -79.7589 -0.626525 7.08257
      vertex -79.6775 -0.930416 7.05815
      vertex -79.7589 -0.626525 6.9965
    endloop
  endfacet
  facet normal 0.965899 0.258918 0
    outer loop
      vertex -79.5994 -1.22177 7.08195
      vertex -79.6775 -0.930416 7.05815
      vertex -79.6775 -0.930416 7.06241
    endloop
  endfacet
  facet normal 0.966103 0.25765 -0.0161814
    outer loop
      vertex -79.5994 -1.22177 7.08195
      vertex -79.5968 -1.2317 7.07907
      vertex -79.6775 -0.930416 7.05815
    endloop
  endfacet
  facet normal 0.967389 0.253294 0
    outer loop
      vertex -79.5968 -1.2317 7.08333
      vertex -79.5968 -1.2317 7.07907
      vertex -79.5994 -1.22177 7.08195
    endloop
  endfacet
  facet normal 0.964965 0.262377 0
    outer loop
      vertex -79.5968 -1.2317 7.08333
      vertex -79.5941 -1.24163 7.08045
      vertex -79.5968 -1.2317 7.07907
    endloop
  endfacet
  facet normal 0.965648 0.259662 0.0100008
    outer loop
      vertex -79.516 -1.53299 7.10426
      vertex -79.5941 -1.24163 7.08045
      vertex -79.5968 -1.2317 7.08333
    endloop
  endfacet
  facet normal 0.965901 0.258913 0
    outer loop
      vertex -79.516 -1.53299 7.10426
      vertex -79.516 -1.53299 7.09999
      vertex -79.5941 -1.24163 7.08045
    endloop
  endfacet
  facet normal 0.965947 0.258739 -0
    outer loop
      vertex -79.4346 -1.83688 7.07984
      vertex -79.516 -1.53299 7.10426
      vertex -79.4346 -1.83688 7.1659
    endloop
  endfacet
  facet normal 0.965947 0.258739 0
    outer loop
      vertex -79.516 -1.53299 7.10426
      vertex -79.4346 -1.83688 7.07984
      vertex -79.516 -1.53299 7.09999
    endloop
  endfacet
  facet normal 0.965948 0.258738 -0
    outer loop
      vertex -79.6775 -0.930416 9.05815
      vertex -79.7589 -0.626525 9.08257
      vertex -79.6775 -0.930416 9.06241
    endloop
  endfacet
  facet normal 0.965948 0.258738 0
    outer loop
      vertex -79.7589 -0.626525 9.08257
      vertex -79.6775 -0.930416 9.05815
      vertex -79.7589 -0.626525 8.9965
    endloop
  endfacet
  facet normal 0.965899 0.258918 0
    outer loop
      vertex -79.5994 -1.22177 9.08195
      vertex -79.6775 -0.930416 9.05815
      vertex -79.6775 -0.930416 9.06241
    endloop
  endfacet
  facet normal 0.966103 0.25765 -0.0161814
    outer loop
      vertex -79.5994 -1.22177 9.08195
      vertex -79.5968 -1.2317 9.07907
      vertex -79.6775 -0.930416 9.05815
    endloop
  endfacet
  facet normal 0.967389 0.253294 0
    outer loop
      vertex -79.5968 -1.2317 9.08333
      vertex -79.5968 -1.2317 9.07907
      vertex -79.5994 -1.22177 9.08195
    endloop
  endfacet
  facet normal 0.964965 0.262377 0
    outer loop
      vertex -79.5968 -1.2317 9.08333
      vertex -79.5941 -1.24163 9.08045
      vertex -79.5968 -1.2317 9.07907
    endloop
  endfacet
  facet normal 0.965648 0.259662 0.0100008
    outer loop
      vertex -79.516 -1.53299 9.10426
      vertex -79.5941 -1.24163 9.08045
      vertex -79.5968 -1.2317 9.08333
    endloop
  endfacet
  facet normal 0.965901 0.258913 0
    outer loop
      vertex -79.516 -1.53299 9.10426
      vertex -79.516 -1.53299 9.09999
      vertex -79.5941 -1.24163 9.08045
    endloop
  endfacet
  facet normal 0.965947 0.258739 -0
    outer loop
      vertex -79.4346 -1.83688 9.07984
      vertex -79.516 -1.53299 9.10426
      vertex -79.4346 -1.83688 9.1659
    endloop
  endfacet
  facet normal 0.965947 0.258739 0
    outer loop
      vertex -79.516 -1.53299 9.10426
      vertex -79.4346 -1.83688 9.07984
      vertex -79.516 -1.53299 9.09999
    endloop
  endfacet
  facet normal 0.965948 0.258738 -0
    outer loop
      vertex -79.6775 -0.930416 11.0581
      vertex -79.7589 -0.626525 11.0826
      vertex -79.6775 -0.930416 11.0624
    endloop
  endfacet
  facet normal 0.965948 0.258738 0
    outer loop
      vertex -79.7589 -0.626525 11.0826
      vertex -79.6775 -0.930416 11.0581
      vertex -79.7589 -0.626525 10.9965
    endloop
  endfacet
  facet normal 0.965899 0.258918 0
    outer loop
      vertex -79.5994 -1.22177 11.082
      vertex -79.6775 -0.930416 11.0581
      vertex -79.6775 -0.930416 11.0624
    endloop
  endfacet
  facet normal 0.966104 0.257654 -0.0160794
    outer loop
      vertex -79.5994 -1.22177 11.082
      vertex -79.5968 -1.2317 11.0791
      vertex -79.6775 -0.930416 11.0581
    endloop
  endfacet
  facet normal 0.967389 0.253294 0
    outer loop
      vertex -79.5968 -1.2317 11.0833
      vertex -79.5968 -1.2317 11.0791
      vertex -79.5994 -1.22177 11.082
    endloop
  endfacet
  facet normal 0.964965 0.262377 0
    outer loop
      vertex -79.5968 -1.2317 11.0833
      vertex -79.5941 -1.24163 11.0805
      vertex -79.5968 -1.2317 11.0791
    endloop
  endfacet
  facet normal 0.965641 0.259678 0.0102232
    outer loop
      vertex -79.516 -1.53299 11.1043
      vertex -79.5941 -1.24163 11.0805
      vertex -79.5968 -1.2317 11.0833
    endloop
  endfacet
  facet normal 0.965901 0.258913 0
    outer loop
      vertex -79.516 -1.53299 11.1043
      vertex -79.516 -1.53299 11.1
      vertex -79.5941 -1.24163 11.0805
    endloop
  endfacet
  facet normal 0.965947 0.258739 -0
    outer loop
      vertex -79.4346 -1.83688 11.0798
      vertex -79.516 -1.53299 11.1043
      vertex -79.4346 -1.83688 11.1659
    endloop
  endfacet
  facet normal 0.965947 0.258739 0
    outer loop
      vertex -79.516 -1.53299 11.1043
      vertex -79.4346 -1.83688 11.0798
      vertex -79.516 -1.53299 11.1
    endloop
  endfacet
  facet normal 0.965948 0.258738 -0
    outer loop
      vertex -79.6775 -0.930416 13.0581
      vertex -79.7589 -0.626525 13.0826
      vertex -79.6775 -0.930416 13.0624
    endloop
  endfacet
  facet normal 0.965948 0.258738 0
    outer loop
      vertex -79.7589 -0.626525 13.0826
      vertex -79.6775 -0.930416 13.0581
      vertex -79.7589 -0.626525 12.9965
    endloop
  endfacet
  facet normal 0.965899 0.258918 0
    outer loop
      vertex -79.5994 -1.22177 13.082
      vertex -79.6775 -0.930416 13.0581
      vertex -79.6775 -0.930416 13.0624
    endloop
  endfacet
  facet normal 0.966104 0.257654 -0.0160794
    outer loop
      vertex -79.5994 -1.22177 13.082
      vertex -79.5968 -1.2317 13.0791
      vertex -79.6775 -0.930416 13.0581
    endloop
  endfacet
  facet normal 0.967389 0.253294 0
    outer loop
      vertex -79.5968 -1.2317 13.0833
      vertex -79.5968 -1.2317 13.0791
      vertex -79.5994 -1.22177 13.082
    endloop
  endfacet
  facet normal 0.964965 0.262377 0
    outer loop
      vertex -79.5968 -1.2317 13.0833
      vertex -79.5941 -1.24163 13.0805
      vertex -79.5968 -1.2317 13.0791
    endloop
  endfacet
  facet normal 0.965641 0.259678 0.0102232
    outer loop
      vertex -79.516 -1.53299 13.1043
      vertex -79.5941 -1.24163 13.0805
      vertex -79.5968 -1.2317 13.0833
    endloop
  endfacet
  facet normal 0.965901 0.258913 0
    outer loop
      vertex -79.516 -1.53299 13.1043
      vertex -79.516 -1.53299 13.1
      vertex -79.5941 -1.24163 13.0805
    endloop
  endfacet
  facet normal 0.965947 0.258739 -0
    outer loop
      vertex -79.4346 -1.83688 13.0798
      vertex -79.516 -1.53299 13.1043
      vertex -79.4346 -1.83688 13.1659
    endloop
  endfacet
  facet normal 0.965947 0.258739 0
    outer loop
      vertex -79.516 -1.53299 13.1043
      vertex -79.4346 -1.83688 13.0798
      vertex -79.516 -1.53299 13.1
    endloop
  endfacet
  facet normal 0.965948 0.258738 -0
    outer loop
      vertex -79.6775 -0.930416 15.0581
      vertex -79.7589 -0.626525 15.0826
      vertex -79.6775 -0.930416 15.0624
    endloop
  endfacet
  facet normal 0.965948 0.258738 0
    outer loop
      vertex -79.7589 -0.626525 15.0826
      vertex -79.6775 -0.930416 15.0581
      vertex -79.7589 -0.626525 14.9965
    endloop
  endfacet
  facet normal 0.965899 0.258918 0
    outer loop
      vertex -79.5994 -1.22177 15.082
      vertex -79.6775 -0.930416 15.0581
      vertex -79.6775 -0.930416 15.0624
    endloop
  endfacet
  facet normal 0.966104 0.257654 -0.0160794
    outer loop
      vertex -79.5994 -1.22177 15.082
      vertex -79.5968 -1.2317 15.0791
      vertex -79.6775 -0.930416 15.0581
    endloop
  endfacet
  facet normal 0.967389 0.253294 0
    outer loop
      vertex -79.5968 -1.2317 15.0833
      vertex -79.5968 -1.2317 15.0791
      vertex -79.5994 -1.22177 15.082
    endloop
  endfacet
  facet normal 0.964965 0.262377 0
    outer loop
      vertex -79.5968 -1.2317 15.0833
      vertex -79.5941 -1.24163 15.0805
      vertex -79.5968 -1.2317 15.0791
    endloop
  endfacet
  facet normal 0.965641 0.259678 0.0102232
    outer loop
      vertex -79.516 -1.53299 15.1043
      vertex -79.5941 -1.24163 15.0805
      vertex -79.5968 -1.2317 15.0833
    endloop
  endfacet
  facet normal 0.965901 0.258913 0
    outer loop
      vertex -79.516 -1.53299 15.1043
      vertex -79.516 -1.53299 15.1
      vertex -79.5941 -1.24163 15.0805
    endloop
  endfacet
  facet normal 0.965947 0.258739 -0
    outer loop
      vertex -79.4346 -1.83688 15.0798
      vertex -79.516 -1.53299 15.1043
      vertex -79.4346 -1.83688 15.1659
    endloop
  endfacet
  facet normal 0.965947 0.258739 0
    outer loop
      vertex -79.516 -1.53299 15.1043
      vertex -79.4346 -1.83688 15.0798
      vertex -79.516 -1.53299 15.1
    endloop
  endfacet
  facet normal 0.965948 0.258738 -0
    outer loop
      vertex -79.6775 -0.930416 17.0581
      vertex -79.7589 -0.626525 17.0826
      vertex -79.6775 -0.930416 17.0624
    endloop
  endfacet
  facet normal 0.965948 0.258738 0
    outer loop
      vertex -79.7589 -0.626525 17.0826
      vertex -79.6775 -0.930416 17.0581
      vertex -79.7589 -0.626525 16.9965
    endloop
  endfacet
  facet normal 0.965899 0.258918 0
    outer loop
      vertex -79.5994 -1.22177 17.082
      vertex -79.6775 -0.930416 17.0581
      vertex -79.6775 -0.930416 17.0624
    endloop
  endfacet
  facet normal 0.966104 0.257654 -0.0160794
    outer loop
      vertex -79.5994 -1.22177 17.082
      vertex -79.5968 -1.2317 17.0791
      vertex -79.6775 -0.930416 17.0581
    endloop
  endfacet
  facet normal 0.967389 0.253294 0
    outer loop
      vertex -79.5968 -1.2317 17.0833
      vertex -79.5968 -1.2317 17.0791
      vertex -79.5994 -1.22177 17.082
    endloop
  endfacet
  facet normal 0.964965 0.262377 0
    outer loop
      vertex -79.5968 -1.2317 17.0833
      vertex -79.5941 -1.24163 17.0805
      vertex -79.5968 -1.2317 17.0791
    endloop
  endfacet
  facet normal 0.965641 0.259678 0.0102232
    outer loop
      vertex -79.516 -1.53299 17.1043
      vertex -79.5941 -1.24163 17.0805
      vertex -79.5968 -1.2317 17.0833
    endloop
  endfacet
  facet normal 0.965901 0.258913 0
    outer loop
      vertex -79.516 -1.53299 17.1043
      vertex -79.516 -1.53299 17.1
      vertex -79.5941 -1.24163 17.0805
    endloop
  endfacet
  facet normal 0.965947 0.258739 -0
    outer loop
      vertex -79.4346 -1.83688 17.0798
      vertex -79.516 -1.53299 17.1043
      vertex -79.4346 -1.83688 17.1659
    endloop
  endfacet
  facet normal 0.965947 0.258739 0
    outer loop
      vertex -79.516 -1.53299 17.1043
      vertex -79.4346 -1.83688 17.0798
      vertex -79.516 -1.53299 17.1
    endloop
  endfacet
  facet normal 0 1 0
    outer loop
      vertex -75.6265 -4.75893 19.4132
      vertex -75.6053 -4.75893 19.4605
      vertex -75.4671 -4.75893 19.4444
    endloop
  endfacet
  facet normal 0 1 0
    outer loop
      vertex -75.6053 -4.75893 19.4605
      vertex -75.6265 -4.75893 19.4132
      vertex -75.6265 -4.75893 19.463
    endloop
  endfacet
  facet normal 0 1 -0
    outer loop
      vertex -75 -4.75893 1.49574
      vertex -75.0103 -4.75893 1.49862
      vertex -75 -4.75893 1.5
    endloop
  endfacet
  facet normal 0 1 0
    outer loop
      vertex -75.3119 -4.75893 1.47482
      vertex -75.0103 -4.75893 1.49862
      vertex -75 -4.75893 1.49574
    endloop
  endfacet
  facet normal 0 1 0
    outer loop
      vertex -75.0103 -4.75893 1.49862
      vertex -75.3119 -4.75893 1.47482
      vertex -75.3119 -4.75893 1.47908
    endloop
  endfacet
  facet normal 0 1 -0
    outer loop
      vertex -75.3119 -4.75893 1.47482
      vertex -75.6265 -4.75893 1.49924
      vertex -75.3119 -4.75893 1.47908
    endloop
  endfacet
  facet normal 0 1 0
    outer loop
      vertex -75.6265 -4.75893 1.49924
      vertex -75.3119 -4.75893 1.47482
      vertex -75.6265 -4.75893 1.41317
    endloop
  endfacet
  facet normal 0 1 -0
    outer loop
      vertex -75 -4.75893 3.49574
      vertex -75.0103 -4.75893 3.49862
      vertex -75 -4.75893 3.5
    endloop
  endfacet
  facet normal 0 1 0
    outer loop
      vertex -75.3119 -4.75893 3.47482
      vertex -75.0103 -4.75893 3.49862
      vertex -75 -4.75893 3.49574
    endloop
  endfacet
  facet normal 0 1 0
    outer loop
      vertex -75.0103 -4.75893 3.49862
      vertex -75.3119 -4.75893 3.47482
      vertex -75.3119 -4.75893 3.47908
    endloop
  endfacet
  facet normal 0 1 -0
    outer loop
      vertex -75.3119 -4.75893 3.47482
      vertex -75.6265 -4.75893 3.49924
      vertex -75.3119 -4.75893 3.47908
    endloop
  endfacet
  facet normal 0 1 0
    outer loop
      vertex -75.6265 -4.75893 3.49924
      vertex -75.3119 -4.75893 3.47482
      vertex -75.6265 -4.75893 3.41317
    endloop
  endfacet
  facet normal 0 1 -0
    outer loop
      vertex -75 -4.75893 5.49574
      vertex -75.0103 -4.75893 5.49862
      vertex -75 -4.75893 5.5
    endloop
  endfacet
  facet normal 0 1 0
    outer loop
      vertex -75.3119 -4.75893 5.47481
      vertex -75.0103 -4.75893 5.49862
      vertex -75 -4.75893 5.49574
    endloop
  endfacet
  facet normal 0 1 0
    outer loop
      vertex -75.0103 -4.75893 5.49862
      vertex -75.3119 -4.75893 5.47481
      vertex -75.3119 -4.75893 5.47908
    endloop
  endfacet
  facet normal 0 1 -0
    outer loop
      vertex -75.3119 -4.75893 5.47481
      vertex -75.6265 -4.75893 5.49924
      vertex -75.3119 -4.75893 5.47908
    endloop
  endfacet
  facet normal 0 1 0
    outer loop
      vertex -75.6265 -4.75893 5.49924
      vertex -75.3119 -4.75893 5.47481
      vertex -75.6265 -4.75893 5.41317
    endloop
  endfacet
  facet normal 0 1 -0
    outer loop
      vertex -75 -4.75893 7.49574
      vertex -75.0103 -4.75893 7.49862
      vertex -75 -4.75893 7.5
    endloop
  endfacet
  facet normal 0 1 0
    outer loop
      vertex -75.3119 -4.75893 7.47481
      vertex -75.0103 -4.75893 7.49862
      vertex -75 -4.75893 7.49574
    endloop
  endfacet
  facet normal 0 1 0
    outer loop
      vertex -75.0103 -4.75893 7.49862
      vertex -75.3119 -4.75893 7.47481
      vertex -75.3119 -4.75893 7.47908
    endloop
  endfacet
  facet normal 0 1 -0
    outer loop
      vertex -75.3119 -4.75893 7.47481
      vertex -75.6265 -4.75893 7.49924
      vertex -75.3119 -4.75893 7.47908
    endloop
  endfacet
  facet normal 0 1 0
    outer loop
      vertex -75.6265 -4.75893 7.49924
      vertex -75.3119 -4.75893 7.47481
      vertex -75.6265 -4.75893 7.41317
    endloop
  endfacet
  facet normal 0 1 -0
    outer loop
      vertex -75 -4.75893 9.49574
      vertex -75.0103 -4.75893 9.49862
      vertex -75 -4.75893 9.5
    endloop
  endfacet
  facet normal 0 1 0
    outer loop
      vertex -75.3119 -4.75893 9.47482
      vertex -75.0103 -4.75893 9.49862
      vertex -75 -4.75893 9.49574
    endloop
  endfacet
  facet normal 0 1 0
    outer loop
      vertex -75.0103 -4.75893 9.49862
      vertex -75.3119 -4.75893 9.47482
      vertex -75.3119 -4.75893 9.47908
    endloop
  endfacet
  facet normal 0 1 -0
    outer loop
      vertex -75.3119 -4.75893 9.47482
      vertex -75.6265 -4.75893 9.49924
      vertex -75.3119 -4.75893 9.47908
    endloop
  endfacet
  facet normal 0 1 0
    outer loop
      vertex -75.6265 -4.75893 9.49924
      vertex -75.3119 -4.75893 9.47482
      vertex -75.6265 -4.75893 9.41317
    endloop
  endfacet
  facet normal 0 1 -0
    outer loop
      vertex -75 -4.75893 11.4957
      vertex -75.0103 -4.75893 11.4986
      vertex -75 -4.75893 11.5
    endloop
  endfacet
  facet normal 0 1 0
    outer loop
      vertex -75.3119 -4.75893 11.4748
      vertex -75.0103 -4.75893 11.4986
      vertex -75 -4.75893 11.4957
    endloop
  endfacet
  facet normal 0 1 0
    outer loop
      vertex -75.0103 -4.75893 11.4986
      vertex -75.3119 -4.75893 11.4748
      vertex -75.3119 -4.75893 11.4791
    endloop
  endfacet
  facet normal 0 1 -0
    outer loop
      vertex -75.3119 -4.75893 11.4748
      vertex -75.6265 -4.75893 11.4992
      vertex -75.3119 -4.75893 11.4791
    endloop
  endfacet
  facet normal 0 1 0
    outer loop
      vertex -75.6265 -4.75893 11.4992
      vertex -75.3119 -4.75893 11.4748
      vertex -75.6265 -4.75893 11.4132
    endloop
  endfacet
  facet normal 0 1 -0
    outer loop
      vertex -75 -4.75893 13.4957
      vertex -75.0103 -4.75893 13.4986
      vertex -75 -4.75893 13.5
    endloop
  endfacet
  facet normal 0 1 0
    outer loop
      vertex -75.3119 -4.75893 13.4748
      vertex -75.0103 -4.75893 13.4986
      vertex -75 -4.75893 13.4957
    endloop
  endfacet
  facet normal 0 1 0
    outer loop
      vertex -75.0103 -4.75893 13.4986
      vertex -75.3119 -4.75893 13.4748
      vertex -75.3119 -4.75893 13.4791
    endloop
  endfacet
  facet normal 0 1 -0
    outer loop
      vertex -75.3119 -4.75893 13.4748
      vertex -75.6265 -4.75893 13.4992
      vertex -75.3119 -4.75893 13.4791
    endloop
  endfacet
  facet normal 0 1 0
    outer loop
      vertex -75.6265 -4.75893 13.4992
      vertex -75.3119 -4.75893 13.4748
      vertex -75.6265 -4.75893 13.4132
    endloop
  endfacet
  facet normal 0 1 -0
    outer loop
      vertex -75 -4.75893 15.4957
      vertex -75.0103 -4.75893 15.4986
      vertex -75 -4.75893 15.5
    endloop
  endfacet
  facet normal 0 1 0
    outer loop
      vertex -75.3119 -4.75893 15.4748
      vertex -75.0103 -4.75893 15.4986
      vertex -75 -4.75893 15.4957
    endloop
  endfacet
  facet normal 0 1 0
    outer loop
      vertex -75.0103 -4.75893 15.4986
      vertex -75.3119 -4.75893 15.4748
      vertex -75.3119 -4.75893 15.4791
    endloop
  endfacet
  facet normal 0 1 -0
    outer loop
      vertex -75.3119 -4.75893 15.4748
      vertex -75.6265 -4.75893 15.4992
      vertex -75.3119 -4.75893 15.4791
    endloop
  endfacet
  facet normal 0 1 0
    outer loop
      vertex -75.6265 -4.75893 15.4992
      vertex -75.3119 -4.75893 15.4748
      vertex -75.6265 -4.75893 15.4132
    endloop
  endfacet
  facet normal 0 1 -0
    outer loop
      vertex -75 -4.75893 17.4957
      vertex -75.0103 -4.75893 17.4986
      vertex -75 -4.75893 17.5
    endloop
  endfacet
  facet normal 0 1 0
    outer loop
      vertex -75.3119 -4.75893 17.4748
      vertex -75.0103 -4.75893 17.4986
      vertex -75 -4.75893 17.4957
    endloop
  endfacet
  facet normal 0 1 0
    outer loop
      vertex -75.0103 -4.75893 17.4986
      vertex -75.3119 -4.75893 17.4748
      vertex -75.3119 -4.75893 17.4791
    endloop
  endfacet
  facet normal 0 1 -0
    outer loop
      vertex -75.3119 -4.75893 17.4748
      vertex -75.6265 -4.75893 17.4992
      vertex -75.3119 -4.75893 17.4791
    endloop
  endfacet
  facet normal 0 1 0
    outer loop
      vertex -75.6265 -4.75893 17.4992
      vertex -75.3119 -4.75893 17.4748
      vertex -75.6265 -4.75893 17.4132
    endloop
  endfacet
  facet normal 0.25882 -0.965926 0
    outer loop
      vertex -76.8369 4.43462 0.579836
      vertex -76.533 4.51605 0.604256
      vertex -76.8369 4.43462 0.665901
    endloop
  endfacet
  facet normal 0.25882 -0.965926 0
    outer loop
      vertex -76.533 4.51605 0.604256
      vertex -76.8369 4.43462 0.579836
      vertex -76.533 4.51605 0.599994
    endloop
  endfacet
  facet normal 0.258774 -0.965938 0
    outer loop
      vertex -76.3221 4.57255 0.585849
      vertex -76.533 4.51605 0.604256
      vertex -76.533 4.51605 0.599994
    endloop
  endfacet
  facet normal 0.258772 -0.965939 -3.09826e-05
    outer loop
      vertex -76.533 4.51605 0.604256
      vertex -76.3221 4.57255 0.585849
      vertex -76.2679 4.58707 0.585849
    endloop
  endfacet
  facet normal 0.258695 -0.965959 0
    outer loop
      vertex -75.6265 4.75893 0.537002
      vertex -75.6265 4.75893 0.582569
      vertex -75.775 4.71916 0.572721
    endloop
  endfacet
  facet normal 0.25882 -0.965926 0
    outer loop
      vertex -76.8369 4.43462 2.57984
      vertex -76.533 4.51605 2.60426
      vertex -76.8369 4.43462 2.6659
    endloop
  endfacet
  facet normal 0.25882 -0.965926 0
    outer loop
      vertex -76.533 4.51605 2.60426
      vertex -76.8369 4.43462 2.57984
      vertex -76.533 4.51605 2.59999
    endloop
  endfacet
  facet normal 0.258787 -0.965934 0
    outer loop
      vertex -76.2416 4.59412 2.58045
      vertex -76.533 4.51605 2.60426
      vertex -76.533 4.51605 2.59999
    endloop
  endfacet
  facet normal 0.258939 -0.965892 0.00200465
    outer loop
      vertex -76.533 4.51605 2.60426
      vertex -76.2416 4.59412 2.58045
      vertex -76.2317 4.59678 2.58333
    endloop
  endfacet
  facet normal 0.259484 -0.965747 0
    outer loop
      vertex -76.2317 4.59678 2.57907
      vertex -76.2317 4.59678 2.58333
      vertex -76.2416 4.59412 2.58045
    endloop
  endfacet
  facet normal 0.259484 -0.965747 0
    outer loop
      vertex -76.2317 4.59678 2.58333
      vertex -76.2317 4.59678 2.57907
      vertex -76.2218 4.59944 2.58195
    endloop
  endfacet
  facet normal 0.258939 -0.965892 0.00200484
    outer loop
      vertex -75.9304 4.67751 2.55815
      vertex -76.2218 4.59944 2.58195
      vertex -76.2317 4.59678 2.57907
    endloop
  endfacet
  facet normal 0.258787 -0.965934 0
    outer loop
      vertex -76.2218 4.59944 2.58195
      vertex -75.9304 4.67751 2.55815
      vertex -75.9304 4.67751 2.56241
    endloop
  endfacet
  facet normal 0.25879 -0.965934 0
    outer loop
      vertex -75.9304 4.67751 2.55815
      vertex -75.6265 4.75893 2.58257
      vertex -75.9304 4.67751 2.56241
    endloop
  endfacet
  facet normal 0.25879 -0.965934 0
    outer loop
      vertex -75.6265 4.75893 2.58257
      vertex -75.9304 4.67751 2.55815
      vertex -75.6265 4.75893 2.4965
    endloop
  endfacet
  facet normal 0.25882 -0.965926 0
    outer loop
      vertex -76.8369 4.43462 4.57984
      vertex -76.533 4.51605 4.60426
      vertex -76.8369 4.43462 4.6659
    endloop
  endfacet
  facet normal 0.25882 -0.965926 0
    outer loop
      vertex -76.533 4.51605 4.60426
      vertex -76.8369 4.43462 4.57984
      vertex -76.533 4.51605 4.59999
    endloop
  endfacet
  facet normal 0.258787 -0.965934 0
    outer loop
      vertex -76.2416 4.59412 4.58045
      vertex -76.533 4.51605 4.60426
      vertex -76.533 4.51605 4.59999
    endloop
  endfacet
  facet normal 0.258939 -0.965892 0.00200465
    outer loop
      vertex -76.533 4.51605 4.60426
      vertex -76.2416 4.59412 4.58045
      vertex -76.2317 4.59678 4.58333
    endloop
  endfacet
  facet normal 0.259484 -0.965747 0
    outer loop
      vertex -76.2317 4.59678 4.57907
      vertex -76.2317 4.59678 4.58333
      vertex -76.2416 4.59412 4.58045
    endloop
  endfacet
  facet normal 0.259484 -0.965747 0
    outer loop
      vertex -76.2317 4.59678 4.58333
      vertex -76.2317 4.59678 4.57907
      vertex -76.2218 4.59944 4.58195
    endloop
  endfacet
  facet normal 0.258939 -0.965892 0.00200484
    outer loop
      vertex -75.9304 4.67751 4.55815
      vertex -76.2218 4.59944 4.58195
      vertex -76.2317 4.59678 4.57907
    endloop
  endfacet
  facet normal 0.258787 -0.965934 0
    outer loop
      vertex -76.2218 4.59944 4.58195
      vertex -75.9304 4.67751 4.55815
      vertex -75.9304 4.67751 4.56241
    endloop
  endfacet
  facet normal 0.25879 -0.965934 0
    outer loop
      vertex -75.9304 4.67751 4.55815
      vertex -75.6265 4.75893 4.58257
      vertex -75.9304 4.67751 4.56241
    endloop
  endfacet
  facet normal 0.25879 -0.965934 0
    outer loop
      vertex -75.6265 4.75893 4.58257
      vertex -75.9304 4.67751 4.55815
      vertex -75.6265 4.75893 4.4965
    endloop
  endfacet
  facet normal 0.25882 -0.965926 0
    outer loop
      vertex -76.8369 4.43462 6.57984
      vertex -76.533 4.51605 6.60426
      vertex -76.8369 4.43462 6.6659
    endloop
  endfacet
  facet normal 0.25882 -0.965926 0
    outer loop
      vertex -76.533 4.51605 6.60426
      vertex -76.8369 4.43462 6.57984
      vertex -76.533 4.51605 6.59999
    endloop
  endfacet
  facet normal 0.258787 -0.965934 0
    outer loop
      vertex -76.2416 4.59412 6.58045
      vertex -76.533 4.51605 6.60426
      vertex -76.533 4.51605 6.59999
    endloop
  endfacet
  facet normal 0.258939 -0.965892 0.00200465
    outer loop
      vertex -76.533 4.51605 6.60426
      vertex -76.2416 4.59412 6.58045
      vertex -76.2317 4.59678 6.58333
    endloop
  endfacet
  facet normal 0.259484 -0.965747 0
    outer loop
      vertex -76.2317 4.59678 6.57907
      vertex -76.2317 4.59678 6.58333
      vertex -76.2416 4.59412 6.58045
    endloop
  endfacet
  facet normal 0.259484 -0.965747 0
    outer loop
      vertex -76.2317 4.59678 6.58333
      vertex -76.2317 4.59678 6.57907
      vertex -76.2218 4.59944 6.58195
    endloop
  endfacet
  facet normal 0.258939 -0.965892 0.00200484
    outer loop
      vertex -75.9304 4.67751 6.55815
      vertex -76.2218 4.59944 6.58195
      vertex -76.2317 4.59678 6.57907
    endloop
  endfacet
  facet normal 0.258787 -0.965934 0
    outer loop
      vertex -76.2218 4.59944 6.58195
      vertex -75.9304 4.67751 6.55815
      vertex -75.9304 4.67751 6.56241
    endloop
  endfacet
  facet normal 0.25879 -0.965934 0
    outer loop
      vertex -75.9304 4.67751 6.55815
      vertex -75.6265 4.75893 6.58257
      vertex -75.9304 4.67751 6.56241
    endloop
  endfacet
  facet normal 0.25879 -0.965934 0
    outer loop
      vertex -75.6265 4.75893 6.58257
      vertex -75.9304 4.67751 6.55815
      vertex -75.6265 4.75893 6.4965
    endloop
  endfacet
  facet normal 0.25882 -0.965926 0
    outer loop
      vertex -76.8369 4.43462 8.57984
      vertex -76.533 4.51605 8.60426
      vertex -76.8369 4.43462 8.6659
    endloop
  endfacet
  facet normal 0.25882 -0.965926 0
    outer loop
      vertex -76.533 4.51605 8.60426
      vertex -76.8369 4.43462 8.57984
      vertex -76.533 4.51605 8.59999
    endloop
  endfacet
  facet normal 0.258787 -0.965934 0
    outer loop
      vertex -76.2416 4.59412 8.58045
      vertex -76.533 4.51605 8.60426
      vertex -76.533 4.51605 8.59999
    endloop
  endfacet
  facet normal 0.258939 -0.965892 0.00200465
    outer loop
      vertex -76.533 4.51605 8.60426
      vertex -76.2416 4.59412 8.58045
      vertex -76.2317 4.59678 8.58333
    endloop
  endfacet
  facet normal 0.259484 -0.965747 0
    outer loop
      vertex -76.2317 4.59678 8.57907
      vertex -76.2317 4.59678 8.58333
      vertex -76.2416 4.59412 8.58045
    endloop
  endfacet
  facet normal 0.259484 -0.965747 0
    outer loop
      vertex -76.2317 4.59678 8.58333
      vertex -76.2317 4.59678 8.57907
      vertex -76.2218 4.59944 8.58195
    endloop
  endfacet
  facet normal 0.258939 -0.965892 0.00200484
    outer loop
      vertex -75.9304 4.67751 8.55815
      vertex -76.2218 4.59944 8.58195
      vertex -76.2317 4.59678 8.57907
    endloop
  endfacet
  facet normal 0.258787 -0.965934 0
    outer loop
      vertex -76.2218 4.59944 8.58195
      vertex -75.9304 4.67751 8.55815
      vertex -75.9304 4.67751 8.56241
    endloop
  endfacet
  facet normal 0.25879 -0.965934 0
    outer loop
      vertex -75.9304 4.67751 8.55815
      vertex -75.6265 4.75893 8.58257
      vertex -75.9304 4.67751 8.56241
    endloop
  endfacet
  facet normal 0.25879 -0.965934 0
    outer loop
      vertex -75.6265 4.75893 8.58257
      vertex -75.9304 4.67751 8.55815
      vertex -75.6265 4.75893 8.4965
    endloop
  endfacet
  facet normal 0.25882 -0.965926 0
    outer loop
      vertex -76.8369 4.43462 10.5798
      vertex -76.533 4.51605 10.6043
      vertex -76.8369 4.43462 10.6659
    endloop
  endfacet
  facet normal 0.25882 -0.965926 0
    outer loop
      vertex -76.533 4.51605 10.6043
      vertex -76.8369 4.43462 10.5798
      vertex -76.533 4.51605 10.6
    endloop
  endfacet
  facet normal 0.258787 -0.965934 0
    outer loop
      vertex -76.2416 4.59412 10.5805
      vertex -76.533 4.51605 10.6043
      vertex -76.533 4.51605 10.6
    endloop
  endfacet
  facet normal 0.258943 -0.965891 0.00204928
    outer loop
      vertex -76.533 4.51605 10.6043
      vertex -76.2416 4.59412 10.5805
      vertex -76.2317 4.59678 10.5833
    endloop
  endfacet
  facet normal 0.259484 -0.965747 0
    outer loop
      vertex -76.2317 4.59678 10.5791
      vertex -76.2317 4.59678 10.5833
      vertex -76.2416 4.59412 10.5805
    endloop
  endfacet
  facet normal 0.259484 -0.965747 0
    outer loop
      vertex -76.2317 4.59678 10.5833
      vertex -76.2317 4.59678 10.5791
      vertex -76.2218 4.59944 10.582
    endloop
  endfacet
  facet normal 0.258939 -0.965892 0.0019922
    outer loop
      vertex -75.9304 4.67751 10.5581
      vertex -76.2218 4.59944 10.582
      vertex -76.2317 4.59678 10.5791
    endloop
  endfacet
  facet normal 0.258787 -0.965934 0
    outer loop
      vertex -76.2218 4.59944 10.582
      vertex -75.9304 4.67751 10.5581
      vertex -75.9304 4.67751 10.5624
    endloop
  endfacet
  facet normal 0.25879 -0.965934 0
    outer loop
      vertex -75.9304 4.67751 10.5581
      vertex -75.6265 4.75893 10.5826
      vertex -75.9304 4.67751 10.5624
    endloop
  endfacet
  facet normal 0.25879 -0.965934 0
    outer loop
      vertex -75.6265 4.75893 10.5826
      vertex -75.9304 4.67751 10.5581
      vertex -75.6265 4.75893 10.4965
    endloop
  endfacet
  facet normal 0.25882 -0.965926 0
    outer loop
      vertex -76.8369 4.43462 12.5798
      vertex -76.533 4.51605 12.6043
      vertex -76.8369 4.43462 12.6659
    endloop
  endfacet
  facet normal 0.25882 -0.965926 0
    outer loop
      vertex -76.533 4.51605 12.6043
      vertex -76.8369 4.43462 12.5798
      vertex -76.533 4.51605 12.6
    endloop
  endfacet
  facet normal 0.258787 -0.965934 0
    outer loop
      vertex -76.2416 4.59412 12.5805
      vertex -76.533 4.51605 12.6043
      vertex -76.533 4.51605 12.6
    endloop
  endfacet
  facet normal 0.258943 -0.965891 0.00204928
    outer loop
      vertex -76.533 4.51605 12.6043
      vertex -76.2416 4.59412 12.5805
      vertex -76.2317 4.59678 12.5833
    endloop
  endfacet
  facet normal 0.259484 -0.965747 0
    outer loop
      vertex -76.2317 4.59678 12.5791
      vertex -76.2317 4.59678 12.5833
      vertex -76.2416 4.59412 12.5805
    endloop
  endfacet
  facet normal 0.259484 -0.965747 0
    outer loop
      vertex -76.2317 4.59678 12.5833
      vertex -76.2317 4.59678 12.5791
      vertex -76.2218 4.59944 12.582
    endloop
  endfacet
  facet normal 0.258939 -0.965892 0.0019922
    outer loop
      vertex -75.9304 4.67751 12.5581
      vertex -76.2218 4.59944 12.582
      vertex -76.2317 4.59678 12.5791
    endloop
  endfacet
  facet normal 0.258787 -0.965934 0
    outer loop
      vertex -76.2218 4.59944 12.582
      vertex -75.9304 4.67751 12.5581
      vertex -75.9304 4.67751 12.5624
    endloop
  endfacet
  facet normal 0.25879 -0.965934 0
    outer loop
      vertex -75.9304 4.67751 12.5581
      vertex -75.6265 4.75893 12.5826
      vertex -75.9304 4.67751 12.5624
    endloop
  endfacet
  facet normal 0.25879 -0.965934 0
    outer loop
      vertex -75.6265 4.75893 12.5826
      vertex -75.9304 4.67751 12.5581
      vertex -75.6265 4.75893 12.4965
    endloop
  endfacet
  facet normal 0.25882 -0.965926 0
    outer loop
      vertex -76.8369 4.43462 14.5798
      vertex -76.533 4.51605 14.6043
      vertex -76.8369 4.43462 14.6659
    endloop
  endfacet
  facet normal 0.25882 -0.965926 0
    outer loop
      vertex -76.533 4.51605 14.6043
      vertex -76.8369 4.43462 14.5798
      vertex -76.533 4.51605 14.6
    endloop
  endfacet
  facet normal 0.258787 -0.965934 0
    outer loop
      vertex -76.2416 4.59412 14.5805
      vertex -76.533 4.51605 14.6043
      vertex -76.533 4.51605 14.6
    endloop
  endfacet
  facet normal 0.258943 -0.965891 0.00204928
    outer loop
      vertex -76.533 4.51605 14.6043
      vertex -76.2416 4.59412 14.5805
      vertex -76.2317 4.59678 14.5833
    endloop
  endfacet
  facet normal 0.259484 -0.965747 0
    outer loop
      vertex -76.2317 4.59678 14.5791
      vertex -76.2317 4.59678 14.5833
      vertex -76.2416 4.59412 14.5805
    endloop
  endfacet
  facet normal 0.259484 -0.965747 0
    outer loop
      vertex -76.2317 4.59678 14.5833
      vertex -76.2317 4.59678 14.5791
      vertex -76.2218 4.59944 14.582
    endloop
  endfacet
  facet normal 0.258939 -0.965892 0.0019922
    outer loop
      vertex -75.9304 4.67751 14.5581
      vertex -76.2218 4.59944 14.582
      vertex -76.2317 4.59678 14.5791
    endloop
  endfacet
  facet normal 0.258787 -0.965934 0
    outer loop
      vertex -76.2218 4.59944 14.582
      vertex -75.9304 4.67751 14.5581
      vertex -75.9304 4.67751 14.5624
    endloop
  endfacet
  facet normal 0.25879 -0.965934 0
    outer loop
      vertex -75.9304 4.67751 14.5581
      vertex -75.6265 4.75893 14.5826
      vertex -75.9304 4.67751 14.5624
    endloop
  endfacet
  facet normal 0.25879 -0.965934 0
    outer loop
      vertex -75.6265 4.75893 14.5826
      vertex -75.9304 4.67751 14.5581
      vertex -75.6265 4.75893 14.4965
    endloop
  endfacet
  facet normal 0.25882 -0.965926 0
    outer loop
      vertex -76.8369 4.43462 16.5798
      vertex -76.533 4.51605 16.6043
      vertex -76.8369 4.43462 16.6659
    endloop
  endfacet
  facet normal 0.25882 -0.965926 0
    outer loop
      vertex -76.533 4.51605 16.6043
      vertex -76.8369 4.43462 16.5798
      vertex -76.533 4.51605 16.6
    endloop
  endfacet
  facet normal 0.258787 -0.965934 0
    outer loop
      vertex -76.2416 4.59412 16.5805
      vertex -76.533 4.51605 16.6043
      vertex -76.533 4.51605 16.6
    endloop
  endfacet
  facet normal 0.258943 -0.965891 0.00204928
    outer loop
      vertex -76.533 4.51605 16.6043
      vertex -76.2416 4.59412 16.5805
      vertex -76.2317 4.59678 16.5833
    endloop
  endfacet
  facet normal 0.259484 -0.965747 0
    outer loop
      vertex -76.2317 4.59678 16.5791
      vertex -76.2317 4.59678 16.5833
      vertex -76.2416 4.59412 16.5805
    endloop
  endfacet
  facet normal 0.259484 -0.965747 0
    outer loop
      vertex -76.2317 4.59678 16.5833
      vertex -76.2317 4.59678 16.5791
      vertex -76.2218 4.59944 16.582
    endloop
  endfacet
  facet normal 0.258939 -0.965892 0.0019922
    outer loop
      vertex -75.9304 4.67751 16.5581
      vertex -76.2218 4.59944 16.582
      vertex -76.2317 4.59678 16.5791
    endloop
  endfacet
  facet normal 0.258787 -0.965934 0
    outer loop
      vertex -76.2218 4.59944 16.582
      vertex -75.9304 4.67751 16.5581
      vertex -75.9304 4.67751 16.5624
    endloop
  endfacet
  facet normal 0.25879 -0.965934 0
    outer loop
      vertex -75.9304 4.67751 16.5581
      vertex -75.6265 4.75893 16.5826
      vertex -75.9304 4.67751 16.5624
    endloop
  endfacet
  facet normal 0.25879 -0.965934 0
    outer loop
      vertex -75.6265 4.75893 16.5826
      vertex -75.9304 4.67751 16.5581
      vertex -75.6265 4.75893 16.4965
    endloop
  endfacet
  facet normal 0.25882 -0.965926 0
    outer loop
      vertex -76.8369 4.43462 18.5798
      vertex -76.533 4.51605 18.6043
      vertex -76.8369 4.43462 18.6659
    endloop
  endfacet
  facet normal 0.25882 -0.965926 0
    outer loop
      vertex -76.533 4.51605 18.6043
      vertex -76.8369 4.43462 18.5798
      vertex -76.533 4.51605 18.6
    endloop
  endfacet
  facet normal 0.258787 -0.965934 0
    outer loop
      vertex -76.2416 4.59412 18.5805
      vertex -76.533 4.51605 18.6043
      vertex -76.533 4.51605 18.6
    endloop
  endfacet
  facet normal 0.258943 -0.965891 0.00204928
    outer loop
      vertex -76.533 4.51605 18.6043
      vertex -76.2416 4.59412 18.5805
      vertex -76.2317 4.59678 18.5833
    endloop
  endfacet
  facet normal 0.259484 -0.965747 0
    outer loop
      vertex -76.2317 4.59678 18.5791
      vertex -76.2317 4.59678 18.5833
      vertex -76.2416 4.59412 18.5805
    endloop
  endfacet
  facet normal 0.259484 -0.965747 0
    outer loop
      vertex -76.2317 4.59678 18.5833
      vertex -76.2317 4.59678 18.5791
      vertex -76.2218 4.59944 18.582
    endloop
  endfacet
  facet normal 0.258939 -0.965892 0.0019922
    outer loop
      vertex -75.9304 4.67751 18.5581
      vertex -76.2218 4.59944 18.582
      vertex -76.2317 4.59678 18.5791
    endloop
  endfacet
  facet normal 0.258787 -0.965934 0
    outer loop
      vertex -76.2218 4.59944 18.582
      vertex -75.9304 4.67751 18.5581
      vertex -75.9304 4.67751 18.5624
    endloop
  endfacet
  facet normal 0.25879 -0.965934 0
    outer loop
      vertex -75.9304 4.67751 18.5581
      vertex -75.6265 4.75893 18.5826
      vertex -75.9304 4.67751 18.5624
    endloop
  endfacet
  facet normal 0.25879 -0.965934 0
    outer loop
      vertex -75.6265 4.75893 18.5826
      vertex -75.9304 4.67751 18.5581
      vertex -75.6265 4.75893 18.4965
    endloop
  endfacet
  facet normal 0.707154 0.707059 0
    outer loop
      vertex -78.6595 -3.07067 19.4142
      vertex -78.8081 -2.92205 19.1632
      vertex -78.8081 -2.92205 19.463
    endloop
  endfacet
  facet normal 0.70704 0.707173 0.000134911
    outer loop
      vertex -78.6595 -3.07067 19.4142
      vertex -78.5856 -3.14452 19.2248
      vertex -78.8081 -2.92205 19.1632
    endloop
  endfacet
  facet normal 0.707191 0.707023 0.00025238
    outer loop
      vertex -78.6595 -3.07067 19.4142
      vertex -78.3651 -3.36508 19.2457
      vertex -78.5856 -3.14452 19.2248
    endloop
  endfacet
  facet normal 0.705645 0.708547 -0.00511236
    outer loop
      vertex -78.6595 -3.07067 19.4142
      vertex -78.3578 -3.37234 19.2471
      vertex -78.3651 -3.36508 19.2457
    endloop
  endfacet
  facet normal 0.707113 0.707101 0.000148631
    outer loop
      vertex -78.0707 -3.65948 19.4142
      vertex -78.3578 -3.37234 19.2471
      vertex -78.6595 -3.07067 19.4142
    endloop
  endfacet
  facet normal 0.707078 0.707136 0.000268646
    outer loop
      vertex -78.3578 -3.37234 19.2471
      vertex -78.0707 -3.65948 19.4142
      vertex -78.1445 -3.58563 19.2667
    endloop
  endfacet
  facet normal 0.707154 0.707059 -0
    outer loop
      vertex -77.9221 -3.8081 19.2465
      vertex -78.0707 -3.65948 19.4142
      vertex -77.9221 -3.8081 19.463
    endloop
  endfacet
  facet normal 0.707224 0.70699 0.000122742
    outer loop
      vertex -78.0707 -3.65948 19.4142
      vertex -77.9221 -3.8081 19.2465
      vertex -78.1445 -3.58563 19.2667
    endloop
  endfacet
  facet normal 0.707059 0.707154 -0
    outer loop
      vertex -78.5856 -3.14452 1.22482
      vertex -78.8081 -2.92205 1.24924
      vertex -78.5856 -3.14452 1.22908
    endloop
  endfacet
  facet normal 0.707059 0.707154 0
    outer loop
      vertex -78.8081 -2.92205 1.24924
      vertex -78.5856 -3.14452 1.22482
      vertex -78.8081 -2.92205 1.16317
    endloop
  endfacet
  facet normal 0.70709 0.707123 0
    outer loop
      vertex -78.3723 -3.35781 1.24862
      vertex -78.5856 -3.14452 1.22482
      vertex -78.5856 -3.14452 1.22908
    endloop
  endfacet
  facet normal 0.707778 0.706306 -0.0134876
    outer loop
      vertex -78.3723 -3.35781 1.24862
      vertex -78.3651 -3.36508 1.24574
      vertex -78.5856 -3.14452 1.22482
    endloop
  endfacet
  facet normal 0.710519 0.703678 0
    outer loop
      vertex -78.3651 -3.36508 1.25
      vertex -78.3651 -3.36508 1.24574
      vertex -78.3723 -3.35781 1.24862
    endloop
  endfacet
  facet normal 0.705162 0.709047 0
    outer loop
      vertex -78.3651 -3.36508 1.25
      vertex -78.3578 -3.37234 1.24712
      vertex -78.3651 -3.36508 1.24574
    endloop
  endfacet
  facet normal 0.706646 0.707527 0.00759471
    outer loop
      vertex -78.1445 -3.58563 1.27092
      vertex -78.3578 -3.37234 1.24712
      vertex -78.3651 -3.36508 1.25
    endloop
  endfacet
  facet normal 0.70709 0.707123 0
    outer loop
      vertex -78.1445 -3.58563 1.27092
      vertex -78.1445 -3.58563 1.26666
      vertex -78.3578 -3.37234 1.24712
    endloop
  endfacet
  facet normal 0.707218 0.706996 -0
    outer loop
      vertex -77.9221 -3.8081 1.2465
      vertex -78.1445 -3.58563 1.27092
      vertex -77.9221 -3.8081 1.33257
    endloop
  endfacet
  facet normal 0.707218 0.706996 0
    outer loop
      vertex -78.1445 -3.58563 1.27092
      vertex -77.9221 -3.8081 1.2465
      vertex -78.1445 -3.58563 1.26666
    endloop
  endfacet
  facet normal 0.707059 0.707154 -0
    outer loop
      vertex -78.5856 -3.14452 3.22482
      vertex -78.8081 -2.92205 3.24924
      vertex -78.5856 -3.14452 3.22908
    endloop
  endfacet
  facet normal 0.707059 0.707154 0
    outer loop
      vertex -78.8081 -2.92205 3.24924
      vertex -78.5856 -3.14452 3.22482
      vertex -78.8081 -2.92205 3.16317
    endloop
  endfacet
  facet normal 0.70709 0.707123 0
    outer loop
      vertex -78.3723 -3.35781 3.24862
      vertex -78.5856 -3.14452 3.22482
      vertex -78.5856 -3.14452 3.22908
    endloop
  endfacet
  facet normal 0.707778 0.706306 -0.0134876
    outer loop
      vertex -78.3723 -3.35781 3.24862
      vertex -78.3651 -3.36508 3.24574
      vertex -78.5856 -3.14452 3.22482
    endloop
  endfacet
  facet normal 0.710519 0.703678 0
    outer loop
      vertex -78.3651 -3.36508 3.25
      vertex -78.3651 -3.36508 3.24574
      vertex -78.3723 -3.35781 3.24862
    endloop
  endfacet
  facet normal 0.705162 0.709047 0
    outer loop
      vertex -78.3651 -3.36508 3.25
      vertex -78.3578 -3.37234 3.24712
      vertex -78.3651 -3.36508 3.24574
    endloop
  endfacet
  facet normal 0.706646 0.707527 0.00759471
    outer loop
      vertex -78.1445 -3.58563 3.27092
      vertex -78.3578 -3.37234 3.24712
      vertex -78.3651 -3.36508 3.25
    endloop
  endfacet
  facet normal 0.70709 0.707123 0
    outer loop
      vertex -78.1445 -3.58563 3.27092
      vertex -78.1445 -3.58563 3.26666
      vertex -78.3578 -3.37234 3.24712
    endloop
  endfacet
  facet normal 0.707218 0.706996 -0
    outer loop
      vertex -77.9221 -3.8081 3.2465
      vertex -78.1445 -3.58563 3.27092
      vertex -77.9221 -3.8081 3.33257
    endloop
  endfacet
  facet normal 0.707218 0.706996 0
    outer loop
      vertex -78.1445 -3.58563 3.27092
      vertex -77.9221 -3.8081 3.2465
      vertex -78.1445 -3.58563 3.26666
    endloop
  endfacet
  facet normal 0.707059 0.707154 -0
    outer loop
      vertex -78.5856 -3.14452 5.22482
      vertex -78.8081 -2.92205 5.24924
      vertex -78.5856 -3.14452 5.22908
    endloop
  endfacet
  facet normal 0.707059 0.707154 0
    outer loop
      vertex -78.8081 -2.92205 5.24924
      vertex -78.5856 -3.14452 5.22482
      vertex -78.8081 -2.92205 5.16317
    endloop
  endfacet
  facet normal 0.70709 0.707123 0
    outer loop
      vertex -78.3723 -3.35781 5.24862
      vertex -78.5856 -3.14452 5.22482
      vertex -78.5856 -3.14452 5.22908
    endloop
  endfacet
  facet normal 0.707778 0.706306 -0.0134876
    outer loop
      vertex -78.3723 -3.35781 5.24862
      vertex -78.3651 -3.36508 5.24574
      vertex -78.5856 -3.14452 5.22482
    endloop
  endfacet
  facet normal 0.710519 0.703678 0
    outer loop
      vertex -78.3651 -3.36508 5.25
      vertex -78.3651 -3.36508 5.24574
      vertex -78.3723 -3.35781 5.24862
    endloop
  endfacet
  facet normal 0.705162 0.709047 0
    outer loop
      vertex -78.3651 -3.36508 5.25
      vertex -78.3578 -3.37234 5.24712
      vertex -78.3651 -3.36508 5.24574
    endloop
  endfacet
  facet normal 0.706646 0.707527 0.00759471
    outer loop
      vertex -78.1445 -3.58563 5.27092
      vertex -78.3578 -3.37234 5.24712
      vertex -78.3651 -3.36508 5.25
    endloop
  endfacet
  facet normal 0.70709 0.707123 0
    outer loop
      vertex -78.1445 -3.58563 5.27092
      vertex -78.1445 -3.58563 5.26666
      vertex -78.3578 -3.37234 5.24712
    endloop
  endfacet
  facet normal 0.707218 0.706996 -0
    outer loop
      vertex -77.9221 -3.8081 5.2465
      vertex -78.1445 -3.58563 5.27092
      vertex -77.9221 -3.8081 5.33257
    endloop
  endfacet
  facet normal 0.707218 0.706996 0
    outer loop
      vertex -78.1445 -3.58563 5.27092
      vertex -77.9221 -3.8081 5.2465
      vertex -78.1445 -3.58563 5.26666
    endloop
  endfacet
  facet normal 0.707059 0.707154 -0
    outer loop
      vertex -78.5856 -3.14452 7.22482
      vertex -78.8081 -2.92205 7.24924
      vertex -78.5856 -3.14452 7.22908
    endloop
  endfacet
  facet normal 0.707059 0.707154 0
    outer loop
      vertex -78.8081 -2.92205 7.24924
      vertex -78.5856 -3.14452 7.22482
      vertex -78.8081 -2.92205 7.16317
    endloop
  endfacet
  facet normal 0.70709 0.707123 0
    outer loop
      vertex -78.3723 -3.35781 7.24862
      vertex -78.5856 -3.14452 7.22482
      vertex -78.5856 -3.14452 7.22908
    endloop
  endfacet
  facet normal 0.707778 0.706306 -0.0134876
    outer loop
      vertex -78.3723 -3.35781 7.24862
      vertex -78.3651 -3.36508 7.24574
      vertex -78.5856 -3.14452 7.22482
    endloop
  endfacet
  facet normal 0.710519 0.703678 0
    outer loop
      vertex -78.3651 -3.36508 7.25
      vertex -78.3651 -3.36508 7.24574
      vertex -78.3723 -3.35781 7.24862
    endloop
  endfacet
  facet normal 0.705162 0.709047 0
    outer loop
      vertex -78.3651 -3.36508 7.25
      vertex -78.3578 -3.37234 7.24712
      vertex -78.3651 -3.36508 7.24574
    endloop
  endfacet
  facet normal 0.706646 0.707527 0.00759471
    outer loop
      vertex -78.1445 -3.58563 7.27092
      vertex -78.3578 -3.37234 7.24712
      vertex -78.3651 -3.36508 7.25
    endloop
  endfacet
  facet normal 0.70709 0.707123 0
    outer loop
      vertex -78.1445 -3.58563 7.27092
      vertex -78.1445 -3.58563 7.26666
      vertex -78.3578 -3.37234 7.24712
    endloop
  endfacet
  facet normal 0.707218 0.706996 -0
    outer loop
      vertex -77.9221 -3.8081 7.2465
      vertex -78.1445 -3.58563 7.27092
      vertex -77.9221 -3.8081 7.33257
    endloop
  endfacet
  facet normal 0.707218 0.706996 0
    outer loop
      vertex -78.1445 -3.58563 7.27092
      vertex -77.9221 -3.8081 7.2465
      vertex -78.1445 -3.58563 7.26666
    endloop
  endfacet
  facet normal 0.707059 0.707154 -0
    outer loop
      vertex -78.5856 -3.14452 9.22482
      vertex -78.8081 -2.92205 9.24924
      vertex -78.5856 -3.14452 9.22908
    endloop
  endfacet
  facet normal 0.707059 0.707154 0
    outer loop
      vertex -78.8081 -2.92205 9.24924
      vertex -78.5856 -3.14452 9.22482
      vertex -78.8081 -2.92205 9.16317
    endloop
  endfacet
  facet normal 0.70709 0.707123 0
    outer loop
      vertex -78.3723 -3.35781 9.24862
      vertex -78.5856 -3.14452 9.22482
      vertex -78.5856 -3.14452 9.22908
    endloop
  endfacet
  facet normal 0.707778 0.706306 -0.0134876
    outer loop
      vertex -78.3723 -3.35781 9.24862
      vertex -78.3651 -3.36508 9.24574
      vertex -78.5856 -3.14452 9.22482
    endloop
  endfacet
  facet normal 0.710519 0.703678 0
    outer loop
      vertex -78.3651 -3.36508 9.25
      vertex -78.3651 -3.36508 9.24574
      vertex -78.3723 -3.35781 9.24862
    endloop
  endfacet
  facet normal 0.705162 0.709047 0
    outer loop
      vertex -78.3651 -3.36508 9.25
      vertex -78.3578 -3.37234 9.24712
      vertex -78.3651 -3.36508 9.24574
    endloop
  endfacet
  facet normal 0.706646 0.707527 0.00759471
    outer loop
      vertex -78.1445 -3.58563 9.27092
      vertex -78.3578 -3.37234 9.24712
      vertex -78.3651 -3.36508 9.25
    endloop
  endfacet
  facet normal 0.70709 0.707123 0
    outer loop
      vertex -78.1445 -3.58563 9.27092
      vertex -78.1445 -3.58563 9.26666
      vertex -78.3578 -3.37234 9.24712
    endloop
  endfacet
  facet normal 0.707218 0.706996 -0
    outer loop
      vertex -77.9221 -3.8081 9.2465
      vertex -78.1445 -3.58563 9.27092
      vertex -77.9221 -3.8081 9.33257
    endloop
  endfacet
  facet normal 0.707218 0.706996 0
    outer loop
      vertex -78.1445 -3.58563 9.27092
      vertex -77.9221 -3.8081 9.2465
      vertex -78.1445 -3.58563 9.26666
    endloop
  endfacet
  facet normal 0.707059 0.707154 -0
    outer loop
      vertex -78.5856 -3.14452 11.2248
      vertex -78.8081 -2.92205 11.2492
      vertex -78.5856 -3.14452 11.2291
    endloop
  endfacet
  facet normal 0.707059 0.707154 0
    outer loop
      vertex -78.8081 -2.92205 11.2492
      vertex -78.5856 -3.14452 11.2248
      vertex -78.8081 -2.92205 11.1632
    endloop
  endfacet
  facet normal 0.70709 0.707123 0
    outer loop
      vertex -78.3723 -3.35781 11.2486
      vertex -78.5856 -3.14452 11.2248
      vertex -78.5856 -3.14452 11.2291
    endloop
  endfacet
  facet normal 0.707775 0.706311 -0.0134148
    outer loop
      vertex -78.3723 -3.35781 11.2486
      vertex -78.3651 -3.36508 11.2457
      vertex -78.5856 -3.14452 11.2248
    endloop
  endfacet
  facet normal 0.710519 0.703678 0
    outer loop
      vertex -78.3651 -3.36508 11.25
      vertex -78.3651 -3.36508 11.2457
      vertex -78.3723 -3.35781 11.2486
    endloop
  endfacet
  facet normal 0.705162 0.709047 0
    outer loop
      vertex -78.3651 -3.36508 11.25
      vertex -78.3578 -3.37234 11.2471
      vertex -78.3651 -3.36508 11.2457
    endloop
  endfacet
  facet normal 0.706648 0.707524 0.0075538
    outer loop
      vertex -78.1445 -3.58563 11.2709
      vertex -78.3578 -3.37234 11.2471
      vertex -78.3651 -3.36508 11.25
    endloop
  endfacet
  facet normal 0.70709 0.707123 0
    outer loop
      vertex -78.1445 -3.58563 11.2709
      vertex -78.1445 -3.58563 11.2667
      vertex -78.3578 -3.37234 11.2471
    endloop
  endfacet
  facet normal 0.707218 0.706996 -0
    outer loop
      vertex -77.9221 -3.8081 11.2465
      vertex -78.1445 -3.58563 11.2709
      vertex -77.9221 -3.8081 11.3326
    endloop
  endfacet
  facet normal 0.707218 0.706996 0
    outer loop
      vertex -78.1445 -3.58563 11.2709
      vertex -77.9221 -3.8081 11.2465
      vertex -78.1445 -3.58563 11.2667
    endloop
  endfacet
  facet normal 0.707059 0.707154 -0
    outer loop
      vertex -78.5856 -3.14452 13.2248
      vertex -78.8081 -2.92205 13.2492
      vertex -78.5856 -3.14452 13.2291
    endloop
  endfacet
  facet normal 0.707059 0.707154 0
    outer loop
      vertex -78.8081 -2.92205 13.2492
      vertex -78.5856 -3.14452 13.2248
      vertex -78.8081 -2.92205 13.1632
    endloop
  endfacet
  facet normal 0.70709 0.707123 0
    outer loop
      vertex -78.3723 -3.35781 13.2486
      vertex -78.5856 -3.14452 13.2248
      vertex -78.5856 -3.14452 13.2291
    endloop
  endfacet
  facet normal 0.707775 0.706311 -0.0134148
    outer loop
      vertex -78.3723 -3.35781 13.2486
      vertex -78.3651 -3.36508 13.2457
      vertex -78.5856 -3.14452 13.2248
    endloop
  endfacet
  facet normal 0.710519 0.703678 0
    outer loop
      vertex -78.3651 -3.36508 13.25
      vertex -78.3651 -3.36508 13.2457
      vertex -78.3723 -3.35781 13.2486
    endloop
  endfacet
  facet normal 0.705162 0.709047 0
    outer loop
      vertex -78.3651 -3.36508 13.25
      vertex -78.3578 -3.37234 13.2471
      vertex -78.3651 -3.36508 13.2457
    endloop
  endfacet
  facet normal 0.706648 0.707524 0.0075538
    outer loop
      vertex -78.1445 -3.58563 13.2709
      vertex -78.3578 -3.37234 13.2471
      vertex -78.3651 -3.36508 13.25
    endloop
  endfacet
  facet normal 0.70709 0.707123 0
    outer loop
      vertex -78.1445 -3.58563 13.2709
      vertex -78.1445 -3.58563 13.2667
      vertex -78.3578 -3.37234 13.2471
    endloop
  endfacet
  facet normal 0.707218 0.706996 -0
    outer loop
      vertex -77.9221 -3.8081 13.2465
      vertex -78.1445 -3.58563 13.2709
      vertex -77.9221 -3.8081 13.3326
    endloop
  endfacet
  facet normal 0.707218 0.706996 0
    outer loop
      vertex -78.1445 -3.58563 13.2709
      vertex -77.9221 -3.8081 13.2465
      vertex -78.1445 -3.58563 13.2667
    endloop
  endfacet
  facet normal 0.707059 0.707154 -0
    outer loop
      vertex -78.5856 -3.14452 15.2248
      vertex -78.8081 -2.92205 15.2492
      vertex -78.5856 -3.14452 15.2291
    endloop
  endfacet
  facet normal 0.707059 0.707154 0
    outer loop
      vertex -78.8081 -2.92205 15.2492
      vertex -78.5856 -3.14452 15.2248
      vertex -78.8081 -2.92205 15.1632
    endloop
  endfacet
  facet normal 0.70709 0.707123 0
    outer loop
      vertex -78.3723 -3.35781 15.2486
      vertex -78.5856 -3.14452 15.2248
      vertex -78.5856 -3.14452 15.2291
    endloop
  endfacet
  facet normal 0.707775 0.706311 -0.0134148
    outer loop
      vertex -78.3723 -3.35781 15.2486
      vertex -78.3651 -3.36508 15.2457
      vertex -78.5856 -3.14452 15.2248
    endloop
  endfacet
  facet normal 0.710519 0.703678 0
    outer loop
      vertex -78.3651 -3.36508 15.25
      vertex -78.3651 -3.36508 15.2457
      vertex -78.3723 -3.35781 15.2486
    endloop
  endfacet
  facet normal 0.705162 0.709047 0
    outer loop
      vertex -78.3651 -3.36508 15.25
      vertex -78.3578 -3.37234 15.2471
      vertex -78.3651 -3.36508 15.2457
    endloop
  endfacet
  facet normal 0.706648 0.707524 0.0075538
    outer loop
      vertex -78.1445 -3.58563 15.2709
      vertex -78.3578 -3.37234 15.2471
      vertex -78.3651 -3.36508 15.25
    endloop
  endfacet
  facet normal 0.70709 0.707123 0
    outer loop
      vertex -78.1445 -3.58563 15.2709
      vertex -78.1445 -3.58563 15.2667
      vertex -78.3578 -3.37234 15.2471
    endloop
  endfacet
  facet normal 0.707218 0.706996 -0
    outer loop
      vertex -77.9221 -3.8081 15.2465
      vertex -78.1445 -3.58563 15.2709
      vertex -77.9221 -3.8081 15.3326
    endloop
  endfacet
  facet normal 0.707218 0.706996 0
    outer loop
      vertex -78.1445 -3.58563 15.2709
      vertex -77.9221 -3.8081 15.2465
      vertex -78.1445 -3.58563 15.2667
    endloop
  endfacet
  facet normal 0.707059 0.707154 -0
    outer loop
      vertex -78.5856 -3.14452 17.2248
      vertex -78.8081 -2.92205 17.2492
      vertex -78.5856 -3.14452 17.2291
    endloop
  endfacet
  facet normal 0.707059 0.707154 0
    outer loop
      vertex -78.8081 -2.92205 17.2492
      vertex -78.5856 -3.14452 17.2248
      vertex -78.8081 -2.92205 17.1632
    endloop
  endfacet
  facet normal 0.70709 0.707123 0
    outer loop
      vertex -78.3723 -3.35781 17.2486
      vertex -78.5856 -3.14452 17.2248
      vertex -78.5856 -3.14452 17.2291
    endloop
  endfacet
  facet normal 0.707775 0.706311 -0.0134148
    outer loop
      vertex -78.3723 -3.35781 17.2486
      vertex -78.3651 -3.36508 17.2457
      vertex -78.5856 -3.14452 17.2248
    endloop
  endfacet
  facet normal 0.710519 0.703678 0
    outer loop
      vertex -78.3651 -3.36508 17.25
      vertex -78.3651 -3.36508 17.2457
      vertex -78.3723 -3.35781 17.2486
    endloop
  endfacet
  facet normal 0.705162 0.709047 0
    outer loop
      vertex -78.3651 -3.36508 17.25
      vertex -78.3578 -3.37234 17.2471
      vertex -78.3651 -3.36508 17.2457
    endloop
  endfacet
  facet normal 0.706648 0.707524 0.0075538
    outer loop
      vertex -78.1445 -3.58563 17.2709
      vertex -78.3578 -3.37234 17.2471
      vertex -78.3651 -3.36508 17.25
    endloop
  endfacet
  facet normal 0.70709 0.707123 0
    outer loop
      vertex -78.1445 -3.58563 17.2709
      vertex -78.1445 -3.58563 17.2667
      vertex -78.3578 -3.37234 17.2471
    endloop
  endfacet
  facet normal 0.707218 0.706996 -0
    outer loop
      vertex -77.9221 -3.8081 17.2465
      vertex -78.1445 -3.58563 17.2709
      vertex -77.9221 -3.8081 17.3326
    endloop
  endfacet
  facet normal 0.707218 0.706996 0
    outer loop
      vertex -78.1445 -3.58563 17.2709
      vertex -77.9221 -3.8081 17.2465
      vertex -78.1445 -3.58563 17.2667
    endloop
  endfacet
  facet normal 0.866032 0.499988 0
    outer loop
      vertex -79.4346 -1.83688 19.463
      vertex -79.2773 -2.10934 19.1415
      vertex -79.4346 -1.83688 19.0798
    endloop
  endfacet
  facet normal 0.866048 0.49996 3.1943e-05
    outer loop
      vertex -79.24 -2.17397 19.4176
      vertex -79.2773 -2.10934 19.1415
      vertex -79.4346 -1.83688 19.463
    endloop
  endfacet
  facet normal 0.866108 0.499856 -0
    outer loop
      vertex -79.1214 -2.37947 19.1624
      vertex -79.24 -2.17397 19.4176
      vertex -79.1214 -2.37947 19.3899
    endloop
  endfacet
  facet normal 0.866108 0.499857 -3.7846e-07
    outer loop
      vertex -79.24 -2.17397 19.4176
      vertex -79.1214 -2.37947 19.1624
      vertex -79.2773 -2.10934 19.1415
    endloop
  endfacet
  facet normal 0.863427 0.504474 0
    outer loop
      vertex -79.1214 -2.37947 19.3899
      vertex -79.1162 -2.38837 19.1638
      vertex -79.1214 -2.37947 19.1624
    endloop
  endfacet
  facet normal 0.865902 0.500213 0.000224652
    outer loop
      vertex -79.0027 -2.58496 19.4176
      vertex -79.1162 -2.38837 19.1638
      vertex -79.1214 -2.37947 19.3899
    endloop
  endfacet
  facet normal 0.866049 0.49996 -3.74071e-05
    outer loop
      vertex -79.0027 -2.58496 19.4176
      vertex -78.9654 -2.64959 19.1833
      vertex -79.1162 -2.38837 19.1638
    endloop
  endfacet
  facet normal 0.866049 0.49996 -3.74376e-05
    outer loop
      vertex -78.8081 -2.92205 19.463
      vertex -78.9654 -2.64959 19.1833
      vertex -79.0027 -2.58496 19.4176
    endloop
  endfacet
  facet normal 0.866032 0.499988 0
    outer loop
      vertex -78.9654 -2.64959 19.1833
      vertex -78.8081 -2.92205 19.463
      vertex -78.8081 -2.92205 19.1632
    endloop
  endfacet
  facet normal 0.866032 0.499988 -0
    outer loop
      vertex -79.2773 -2.10934 1.14148
      vertex -79.4346 -1.83688 1.1659
      vertex -79.2773 -2.10934 1.14574
    endloop
  endfacet
  facet normal 0.866032 0.499988 0
    outer loop
      vertex -79.4346 -1.83688 1.1659
      vertex -79.2773 -2.10934 1.14148
      vertex -79.4346 -1.83688 1.07984
    endloop
  endfacet
  facet normal 0.866056 0.499947 0
    outer loop
      vertex -79.1265 -2.37057 1.16529
      vertex -79.2773 -2.10934 1.14148
      vertex -79.2773 -2.10934 1.14574
    endloop
  endfacet
  facet normal 0.86637 0.499324 -0.00882353
    outer loop
      vertex -79.1265 -2.37057 1.16529
      vertex -79.1214 -2.37947 1.1624
      vertex -79.2773 -2.10934 1.14148
    endloop
  endfacet
  facet normal 0.867643 0.497188 0
    outer loop
      vertex -79.1214 -2.37947 1.16667
      vertex -79.1214 -2.37947 1.1624
      vertex -79.1265 -2.37057 1.16529
    endloop
  endfacet
  facet normal 0.863427 0.504474 0
    outer loop
      vertex -79.1214 -2.37947 1.16667
      vertex -79.1162 -2.38837 1.16378
      vertex -79.1214 -2.37947 1.1624
    endloop
  endfacet
  facet normal 0.865383 0.500901 0.0145216
    outer loop
      vertex -78.9654 -2.64959 1.18759
      vertex -79.1162 -2.38837 1.16378
      vertex -79.1214 -2.37947 1.16667
    endloop
  endfacet
  facet normal 0.866048 0.499962 0
    outer loop
      vertex -78.9654 -2.64959 1.18759
      vertex -78.9654 -2.64959 1.18333
      vertex -79.1162 -2.38837 1.16378
    endloop
  endfacet
  facet normal 0.866032 0.499988 -0
    outer loop
      vertex -78.8081 -2.92205 1.16317
      vertex -78.9654 -2.64959 1.18759
      vertex -78.8081 -2.92205 1.24924
    endloop
  endfacet
  facet normal 0.866032 0.499988 0
    outer loop
      vertex -78.9654 -2.64959 1.18759
      vertex -78.8081 -2.92205 1.16317
      vertex -78.9654 -2.64959 1.18333
    endloop
  endfacet
  facet normal 0.866032 0.499988 -0
    outer loop
      vertex -79.2773 -2.10934 3.14148
      vertex -79.4346 -1.83688 3.1659
      vertex -79.2773 -2.10934 3.14574
    endloop
  endfacet
  facet normal 0.866032 0.499988 0
    outer loop
      vertex -79.4346 -1.83688 3.1659
      vertex -79.2773 -2.10934 3.14148
      vertex -79.4346 -1.83688 3.07984
    endloop
  endfacet
  facet normal 0.866056 0.499947 0
    outer loop
      vertex -79.1265 -2.37057 3.16529
      vertex -79.2773 -2.10934 3.14148
      vertex -79.2773 -2.10934 3.14574
    endloop
  endfacet
  facet normal 0.86637 0.499324 -0.00882353
    outer loop
      vertex -79.1265 -2.37057 3.16529
      vertex -79.1214 -2.37947 3.1624
      vertex -79.2773 -2.10934 3.14148
    endloop
  endfacet
  facet normal 0.867643 0.497188 0
    outer loop
      vertex -79.1214 -2.37947 3.16667
      vertex -79.1214 -2.37947 3.1624
      vertex -79.1265 -2.37057 3.16529
    endloop
  endfacet
  facet normal 0.863427 0.504474 0
    outer loop
      vertex -79.1214 -2.37947 3.16667
      vertex -79.1162 -2.38837 3.16378
      vertex -79.1214 -2.37947 3.1624
    endloop
  endfacet
  facet normal 0.865383 0.500901 0.0145216
    outer loop
      vertex -78.9654 -2.64959 3.18759
      vertex -79.1162 -2.38837 3.16378
      vertex -79.1214 -2.37947 3.16667
    endloop
  endfacet
  facet normal 0.866048 0.499962 0
    outer loop
      vertex -78.9654 -2.64959 3.18759
      vertex -78.9654 -2.64959 3.18333
      vertex -79.1162 -2.38837 3.16378
    endloop
  endfacet
  facet normal 0.866032 0.499988 -0
    outer loop
      vertex -78.8081 -2.92205 3.16317
      vertex -78.9654 -2.64959 3.18759
      vertex -78.8081 -2.92205 3.24924
    endloop
  endfacet
  facet normal 0.866032 0.499988 0
    outer loop
      vertex -78.9654 -2.64959 3.18759
      vertex -78.8081 -2.92205 3.16317
      vertex -78.9654 -2.64959 3.18333
    endloop
  endfacet
  facet normal 0.866032 0.499988 -0
    outer loop
      vertex -79.2773 -2.10934 5.14148
      vertex -79.4346 -1.83688 5.1659
      vertex -79.2773 -2.10934 5.14574
    endloop
  endfacet
  facet normal 0.866032 0.499988 0
    outer loop
      vertex -79.4346 -1.83688 5.1659
      vertex -79.2773 -2.10934 5.14148
      vertex -79.4346 -1.83688 5.07984
    endloop
  endfacet
  facet normal 0.866056 0.499947 0
    outer loop
      vertex -79.1265 -2.37057 5.16529
      vertex -79.2773 -2.10934 5.14148
      vertex -79.2773 -2.10934 5.14574
    endloop
  endfacet
  facet normal 0.86637 0.499324 -0.00882353
    outer loop
      vertex -79.1265 -2.37057 5.16529
      vertex -79.1214 -2.37947 5.1624
      vertex -79.2773 -2.10934 5.14148
    endloop
  endfacet
  facet normal 0.867643 0.497188 0
    outer loop
      vertex -79.1214 -2.37947 5.16667
      vertex -79.1214 -2.37947 5.1624
      vertex -79.1265 -2.37057 5.16529
    endloop
  endfacet
  facet normal 0.863427 0.504474 0
    outer loop
      vertex -79.1214 -2.37947 5.16667
      vertex -79.1162 -2.38837 5.16378
      vertex -79.1214 -2.37947 5.1624
    endloop
  endfacet
  facet normal 0.865383 0.500901 0.0145216
    outer loop
      vertex -78.9654 -2.64959 5.18759
      vertex -79.1162 -2.38837 5.16378
      vertex -79.1214 -2.37947 5.16667
    endloop
  endfacet
  facet normal 0.866048 0.499962 0
    outer loop
      vertex -78.9654 -2.64959 5.18759
      vertex -78.9654 -2.64959 5.18333
      vertex -79.1162 -2.38837 5.16378
    endloop
  endfacet
  facet normal 0.866032 0.499988 -0
    outer loop
      vertex -78.8081 -2.92205 5.16317
      vertex -78.9654 -2.64959 5.18759
      vertex -78.8081 -2.92205 5.24924
    endloop
  endfacet
  facet normal 0.866032 0.499988 0
    outer loop
      vertex -78.9654 -2.64959 5.18759
      vertex -78.8081 -2.92205 5.16317
      vertex -78.9654 -2.64959 5.18333
    endloop
  endfacet
  facet normal 0.866032 0.499988 -0
    outer loop
      vertex -79.2773 -2.10934 7.14148
      vertex -79.4346 -1.83688 7.1659
      vertex -79.2773 -2.10934 7.14574
    endloop
  endfacet
  facet normal 0.866032 0.499988 0
    outer loop
      vertex -79.4346 -1.83688 7.1659
      vertex -79.2773 -2.10934 7.14148
      vertex -79.4346 -1.83688 7.07984
    endloop
  endfacet
  facet normal 0.866056 0.499947 0
    outer loop
      vertex -79.1265 -2.37057 7.16529
      vertex -79.2773 -2.10934 7.14148
      vertex -79.2773 -2.10934 7.14574
    endloop
  endfacet
  facet normal 0.86637 0.499324 -0.00882353
    outer loop
      vertex -79.1265 -2.37057 7.16529
      vertex -79.1214 -2.37947 7.1624
      vertex -79.2773 -2.10934 7.14148
    endloop
  endfacet
  facet normal 0.867643 0.497188 0
    outer loop
      vertex -79.1214 -2.37947 7.16667
      vertex -79.1214 -2.37947 7.1624
      vertex -79.1265 -2.37057 7.16529
    endloop
  endfacet
  facet normal 0.863427 0.504474 0
    outer loop
      vertex -79.1214 -2.37947 7.16667
      vertex -79.1162 -2.38837 7.16378
      vertex -79.1214 -2.37947 7.1624
    endloop
  endfacet
  facet normal 0.865383 0.500901 0.0145216
    outer loop
      vertex -78.9654 -2.64959 7.18759
      vertex -79.1162 -2.38837 7.16378
      vertex -79.1214 -2.37947 7.16667
    endloop
  endfacet
  facet normal 0.866048 0.499962 0
    outer loop
      vertex -78.9654 -2.64959 7.18759
      vertex -78.9654 -2.64959 7.18333
      vertex -79.1162 -2.38837 7.16378
    endloop
  endfacet
  facet normal 0.866032 0.499988 -0
    outer loop
      vertex -78.8081 -2.92205 7.16317
      vertex -78.9654 -2.64959 7.18759
      vertex -78.8081 -2.92205 7.24924
    endloop
  endfacet
  facet normal 0.866032 0.499988 0
    outer loop
      vertex -78.9654 -2.64959 7.18759
      vertex -78.8081 -2.92205 7.16317
      vertex -78.9654 -2.64959 7.18333
    endloop
  endfacet
  facet normal 0.866032 0.499988 -0
    outer loop
      vertex -79.2773 -2.10934 9.14148
      vertex -79.4346 -1.83688 9.1659
      vertex -79.2773 -2.10934 9.14574
    endloop
  endfacet
  facet normal 0.866032 0.499988 0
    outer loop
      vertex -79.4346 -1.83688 9.1659
      vertex -79.2773 -2.10934 9.14148
      vertex -79.4346 -1.83688 9.07984
    endloop
  endfacet
  facet normal 0.866056 0.499947 0
    outer loop
      vertex -79.1265 -2.37057 9.16529
      vertex -79.2773 -2.10934 9.14148
      vertex -79.2773 -2.10934 9.14574
    endloop
  endfacet
  facet normal 0.86637 0.499324 -0.00882353
    outer loop
      vertex -79.1265 -2.37057 9.16529
      vertex -79.1214 -2.37947 9.1624
      vertex -79.2773 -2.10934 9.14148
    endloop
  endfacet
  facet normal 0.867643 0.497188 0
    outer loop
      vertex -79.1214 -2.37947 9.16667
      vertex -79.1214 -2.37947 9.1624
      vertex -79.1265 -2.37057 9.16529
    endloop
  endfacet
  facet normal 0.863427 0.504474 0
    outer loop
      vertex -79.1214 -2.37947 9.16667
      vertex -79.1162 -2.38837 9.16378
      vertex -79.1214 -2.37947 9.1624
    endloop
  endfacet
  facet normal 0.865383 0.500901 0.0145216
    outer loop
      vertex -78.9654 -2.64959 9.18759
      vertex -79.1162 -2.38837 9.16378
      vertex -79.1214 -2.37947 9.16667
    endloop
  endfacet
  facet normal 0.866048 0.499962 0
    outer loop
      vertex -78.9654 -2.64959 9.18759
      vertex -78.9654 -2.64959 9.18333
      vertex -79.1162 -2.38837 9.16378
    endloop
  endfacet
  facet normal 0.866032 0.499988 -0
    outer loop
      vertex -78.8081 -2.92205 9.16317
      vertex -78.9654 -2.64959 9.18759
      vertex -78.8081 -2.92205 9.24924
    endloop
  endfacet
  facet normal 0.866032 0.499988 0
    outer loop
      vertex -78.9654 -2.64959 9.18759
      vertex -78.8081 -2.92205 9.16317
      vertex -78.9654 -2.64959 9.18333
    endloop
  endfacet
  facet normal 0.866032 0.499988 -0
    outer loop
      vertex -79.2773 -2.10934 11.1415
      vertex -79.4346 -1.83688 11.1659
      vertex -79.2773 -2.10934 11.1457
    endloop
  endfacet
  facet normal 0.866032 0.499988 0
    outer loop
      vertex -79.4346 -1.83688 11.1659
      vertex -79.2773 -2.10934 11.1415
      vertex -79.4346 -1.83688 11.0798
    endloop
  endfacet
  facet normal 0.866056 0.499947 0
    outer loop
      vertex -79.1265 -2.37057 11.1653
      vertex -79.2773 -2.10934 11.1415
      vertex -79.2773 -2.10934 11.1457
    endloop
  endfacet
  facet normal 0.866369 0.499326 -0.00880055
    outer loop
      vertex -79.1265 -2.37057 11.1653
      vertex -79.1214 -2.37947 11.1624
      vertex -79.2773 -2.10934 11.1415
    endloop
  endfacet
  facet normal 0.867643 0.497188 0
    outer loop
      vertex -79.1214 -2.37947 11.1667
      vertex -79.1214 -2.37947 11.1624
      vertex -79.1265 -2.37057 11.1653
    endloop
  endfacet
  facet normal 0.863427 0.504474 0
    outer loop
      vertex -79.1214 -2.37947 11.1667
      vertex -79.1162 -2.38837 11.1638
      vertex -79.1214 -2.37947 11.1624
    endloop
  endfacet
  facet normal 0.865385 0.500899 0.0144838
    outer loop
      vertex -78.9654 -2.64959 11.1876
      vertex -79.1162 -2.38837 11.1638
      vertex -79.1214 -2.37947 11.1667
    endloop
  endfacet
  facet normal 0.866048 0.499962 0
    outer loop
      vertex -78.9654 -2.64959 11.1876
      vertex -78.9654 -2.64959 11.1833
      vertex -79.1162 -2.38837 11.1638
    endloop
  endfacet
  facet normal 0.866032 0.499988 -0
    outer loop
      vertex -78.8081 -2.92205 11.1632
      vertex -78.9654 -2.64959 11.1876
      vertex -78.8081 -2.92205 11.2492
    endloop
  endfacet
  facet normal 0.866032 0.499988 0
    outer loop
      vertex -78.9654 -2.64959 11.1876
      vertex -78.8081 -2.92205 11.1632
      vertex -78.9654 -2.64959 11.1833
    endloop
  endfacet
  facet normal 0.866032 0.499988 -0
    outer loop
      vertex -79.2773 -2.10934 13.1415
      vertex -79.4346 -1.83688 13.1659
      vertex -79.2773 -2.10934 13.1457
    endloop
  endfacet
  facet normal 0.866032 0.499988 0
    outer loop
      vertex -79.4346 -1.83688 13.1659
      vertex -79.2773 -2.10934 13.1415
      vertex -79.4346 -1.83688 13.0798
    endloop
  endfacet
  facet normal 0.866056 0.499947 0
    outer loop
      vertex -79.1265 -2.37057 13.1653
      vertex -79.2773 -2.10934 13.1415
      vertex -79.2773 -2.10934 13.1457
    endloop
  endfacet
  facet normal 0.866369 0.499326 -0.00880055
    outer loop
      vertex -79.1265 -2.37057 13.1653
      vertex -79.1214 -2.37947 13.1624
      vertex -79.2773 -2.10934 13.1415
    endloop
  endfacet
  facet normal 0.867643 0.497188 0
    outer loop
      vertex -79.1214 -2.37947 13.1667
      vertex -79.1214 -2.37947 13.1624
      vertex -79.1265 -2.37057 13.1653
    endloop
  endfacet
  facet normal 0.863427 0.504474 0
    outer loop
      vertex -79.1214 -2.37947 13.1667
      vertex -79.1162 -2.38837 13.1638
      vertex -79.1214 -2.37947 13.1624
    endloop
  endfacet
  facet normal 0.865385 0.500899 0.0144838
    outer loop
      vertex -78.9654 -2.64959 13.1876
      vertex -79.1162 -2.38837 13.1638
      vertex -79.1214 -2.37947 13.1667
    endloop
  endfacet
  facet normal 0.866048 0.499962 0
    outer loop
      vertex -78.9654 -2.64959 13.1876
      vertex -78.9654 -2.64959 13.1833
      vertex -79.1162 -2.38837 13.1638
    endloop
  endfacet
  facet normal 0.866032 0.499988 -0
    outer loop
      vertex -78.8081 -2.92205 13.1632
      vertex -78.9654 -2.64959 13.1876
      vertex -78.8081 -2.92205 13.2492
    endloop
  endfacet
  facet normal 0.866032 0.499988 0
    outer loop
      vertex -78.9654 -2.64959 13.1876
      vertex -78.8081 -2.92205 13.1632
      vertex -78.9654 -2.64959 13.1833
    endloop
  endfacet
  facet normal 0.866032 0.499988 -0
    outer loop
      vertex -79.2773 -2.10934 15.1415
      vertex -79.4346 -1.83688 15.1659
      vertex -79.2773 -2.10934 15.1457
    endloop
  endfacet
  facet normal 0.866032 0.499988 0
    outer loop
      vertex -79.4346 -1.83688 15.1659
      vertex -79.2773 -2.10934 15.1415
      vertex -79.4346 -1.83688 15.0798
    endloop
  endfacet
  facet normal 0.866056 0.499947 0
    outer loop
      vertex -79.1265 -2.37057 15.1653
      vertex -79.2773 -2.10934 15.1415
      vertex -79.2773 -2.10934 15.1457
    endloop
  endfacet
  facet normal 0.866369 0.499326 -0.00880055
    outer loop
      vertex -79.1265 -2.37057 15.1653
      vertex -79.1214 -2.37947 15.1624
      vertex -79.2773 -2.10934 15.1415
    endloop
  endfacet
  facet normal 0.867643 0.497188 0
    outer loop
      vertex -79.1214 -2.37947 15.1667
      vertex -79.1214 -2.37947 15.1624
      vertex -79.1265 -2.37057 15.1653
    endloop
  endfacet
  facet normal 0.863427 0.504474 0
    outer loop
      vertex -79.1214 -2.37947 15.1667
      vertex -79.1162 -2.38837 15.1638
      vertex -79.1214 -2.37947 15.1624
    endloop
  endfacet
  facet normal 0.865385 0.500899 0.0144838
    outer loop
      vertex -78.9654 -2.64959 15.1876
      vertex -79.1162 -2.38837 15.1638
      vertex -79.1214 -2.37947 15.1667
    endloop
  endfacet
  facet normal 0.866048 0.499962 0
    outer loop
      vertex -78.9654 -2.64959 15.1876
      vertex -78.9654 -2.64959 15.1833
      vertex -79.1162 -2.38837 15.1638
    endloop
  endfacet
  facet normal 0.866032 0.499988 -0
    outer loop
      vertex -78.8081 -2.92205 15.1632
      vertex -78.9654 -2.64959 15.1876
      vertex -78.8081 -2.92205 15.2492
    endloop
  endfacet
  facet normal 0.866032 0.499988 0
    outer loop
      vertex -78.9654 -2.64959 15.1876
      vertex -78.8081 -2.92205 15.1632
      vertex -78.9654 -2.64959 15.1833
    endloop
  endfacet
  facet normal 0.866032 0.499988 -0
    outer loop
      vertex -79.2773 -2.10934 17.1415
      vertex -79.4346 -1.83688 17.1659
      vertex -79.2773 -2.10934 17.1457
    endloop
  endfacet
  facet normal 0.866032 0.499988 0
    outer loop
      vertex -79.4346 -1.83688 17.1659
      vertex -79.2773 -2.10934 17.1415
      vertex -79.4346 -1.83688 17.0798
    endloop
  endfacet
  facet normal 0.866056 0.499947 0
    outer loop
      vertex -79.1265 -2.37057 17.1653
      vertex -79.2773 -2.10934 17.1415
      vertex -79.2773 -2.10934 17.1457
    endloop
  endfacet
  facet normal 0.866369 0.499326 -0.00880055
    outer loop
      vertex -79.1265 -2.37057 17.1653
      vertex -79.1214 -2.37947 17.1624
      vertex -79.2773 -2.10934 17.1415
    endloop
  endfacet
  facet normal 0.867643 0.497188 0
    outer loop
      vertex -79.1214 -2.37947 17.1667
      vertex -79.1214 -2.37947 17.1624
      vertex -79.1265 -2.37057 17.1653
    endloop
  endfacet
  facet normal 0.863427 0.504474 0
    outer loop
      vertex -79.1214 -2.37947 17.1667
      vertex -79.1162 -2.38837 17.1638
      vertex -79.1214 -2.37947 17.1624
    endloop
  endfacet
  facet normal 0.865385 0.500899 0.0144838
    outer loop
      vertex -78.9654 -2.64959 17.1876
      vertex -79.1162 -2.38837 17.1638
      vertex -79.1214 -2.37947 17.1667
    endloop
  endfacet
  facet normal 0.866048 0.499962 0
    outer loop
      vertex -78.9654 -2.64959 17.1876
      vertex -78.9654 -2.64959 17.1833
      vertex -79.1162 -2.38837 17.1638
    endloop
  endfacet
  facet normal 0.866032 0.499988 -0
    outer loop
      vertex -78.8081 -2.92205 17.1632
      vertex -78.9654 -2.64959 17.1876
      vertex -78.8081 -2.92205 17.2492
    endloop
  endfacet
  facet normal 0.866032 0.499988 0
    outer loop
      vertex -78.9654 -2.64959 17.1876
      vertex -78.8081 -2.92205 17.1632
      vertex -78.9654 -2.64959 17.1833
    endloop
  endfacet
  facet normal 0.866032 -0.499988 0
    outer loop
      vertex -78.9654 2.64959 0.808148
      vertex -78.8081 2.92205 0.832569
      vertex -78.9654 2.64959 0.81241
    endloop
  endfacet
  facet normal 0.866032 -0.499988 0
    outer loop
      vertex -78.8081 2.92205 0.832569
      vertex -78.9654 2.64959 0.808148
      vertex -78.8081 2.92205 0.746502
    endloop
  endfacet
  facet normal 0.866048 -0.499962 0
    outer loop
      vertex -79.1162 2.38837 0.831954
      vertex -78.9654 2.64959 0.808148
      vertex -78.9654 2.64959 0.81241
    endloop
  endfacet
  facet normal 0.865381 -0.500903 -0.0145496
    outer loop
      vertex -79.1162 2.38837 0.831954
      vertex -79.1214 2.37947 0.829071
      vertex -78.9654 2.64959 0.808148
    endloop
  endfacet
  facet normal 0.863427 -0.504474 0
    outer loop
      vertex -79.1214 2.37947 0.833333
      vertex -79.1214 2.37947 0.829071
      vertex -79.1162 2.38837 0.831954
    endloop
  endfacet
  facet normal 0.867643 -0.497188 0
    outer loop
      vertex -79.1214 2.37947 0.833333
      vertex -79.1265 2.37057 0.83045
      vertex -79.1214 2.37947 0.829071
    endloop
  endfacet
  facet normal 0.866371 -0.499323 0.00884058
    outer loop
      vertex -79.2773 2.10934 0.854256
      vertex -79.1265 2.37057 0.83045
      vertex -79.1214 2.37947 0.833333
    endloop
  endfacet
  facet normal 0.866056 -0.499947 0
    outer loop
      vertex -79.2773 2.10934 0.854256
      vertex -79.2773 2.10934 0.849994
      vertex -79.1265 2.37057 0.83045
    endloop
  endfacet
  facet normal 0.866032 -0.499988 0
    outer loop
      vertex -79.4346 1.83688 0.829836
      vertex -79.2773 2.10934 0.854256
      vertex -79.4346 1.83688 0.915901
    endloop
  endfacet
  facet normal 0.866032 -0.499988 0
    outer loop
      vertex -79.2773 2.10934 0.854256
      vertex -79.4346 1.83688 0.829836
      vertex -79.2773 2.10934 0.849994
    endloop
  endfacet
  facet normal 0.866032 -0.499988 0
    outer loop
      vertex -78.9654 2.64959 2.80815
      vertex -78.8081 2.92205 2.83257
      vertex -78.9654 2.64959 2.81241
    endloop
  endfacet
  facet normal 0.866032 -0.499988 0
    outer loop
      vertex -78.8081 2.92205 2.83257
      vertex -78.9654 2.64959 2.80815
      vertex -78.8081 2.92205 2.7465
    endloop
  endfacet
  facet normal 0.866048 -0.499962 0
    outer loop
      vertex -79.1162 2.38837 2.83195
      vertex -78.9654 2.64959 2.80815
      vertex -78.9654 2.64959 2.81241
    endloop
  endfacet
  facet normal 0.865381 -0.500903 -0.0145622
    outer loop
      vertex -79.1162 2.38837 2.83195
      vertex -79.1214 2.37947 2.82907
      vertex -78.9654 2.64959 2.80815
    endloop
  endfacet
  facet normal 0.863427 -0.504474 0
    outer loop
      vertex -79.1214 2.37947 2.83333
      vertex -79.1214 2.37947 2.82907
      vertex -79.1162 2.38837 2.83195
    endloop
  endfacet
  facet normal 0.867643 -0.497188 0
    outer loop
      vertex -79.1214 2.37947 2.83333
      vertex -79.1265 2.37057 2.83045
      vertex -79.1214 2.37947 2.82907
    endloop
  endfacet
  facet normal 0.866371 -0.499323 0.00884744
    outer loop
      vertex -79.2773 2.10934 2.85426
      vertex -79.1265 2.37057 2.83045
      vertex -79.1214 2.37947 2.83333
    endloop
  endfacet
  facet normal 0.866056 -0.499947 0
    outer loop
      vertex -79.2773 2.10934 2.85426
      vertex -79.2773 2.10934 2.84999
      vertex -79.1265 2.37057 2.83045
    endloop
  endfacet
  facet normal 0.866032 -0.499988 0
    outer loop
      vertex -79.4346 1.83688 2.82984
      vertex -79.2773 2.10934 2.85426
      vertex -79.4346 1.83688 2.9159
    endloop
  endfacet
  facet normal 0.866032 -0.499988 0
    outer loop
      vertex -79.2773 2.10934 2.85426
      vertex -79.4346 1.83688 2.82984
      vertex -79.2773 2.10934 2.84999
    endloop
  endfacet
  facet normal 0.866032 -0.499988 0
    outer loop
      vertex -78.9654 2.64959 4.80815
      vertex -78.8081 2.92205 4.83257
      vertex -78.9654 2.64959 4.81241
    endloop
  endfacet
  facet normal 0.866032 -0.499988 0
    outer loop
      vertex -78.8081 2.92205 4.83257
      vertex -78.9654 2.64959 4.80815
      vertex -78.8081 2.92205 4.7465
    endloop
  endfacet
  facet normal 0.866048 -0.499962 0
    outer loop
      vertex -79.1162 2.38837 4.83195
      vertex -78.9654 2.64959 4.80815
      vertex -78.9654 2.64959 4.81241
    endloop
  endfacet
  facet normal 0.865381 -0.500903 -0.0145622
    outer loop
      vertex -79.1162 2.38837 4.83195
      vertex -79.1214 2.37947 4.82907
      vertex -78.9654 2.64959 4.80815
    endloop
  endfacet
  facet normal 0.863427 -0.504474 0
    outer loop
      vertex -79.1214 2.37947 4.83333
      vertex -79.1214 2.37947 4.82907
      vertex -79.1162 2.38837 4.83195
    endloop
  endfacet
  facet normal 0.867643 -0.497188 0
    outer loop
      vertex -79.1214 2.37947 4.83333
      vertex -79.1265 2.37057 4.83045
      vertex -79.1214 2.37947 4.82907
    endloop
  endfacet
  facet normal 0.866371 -0.499323 0.00884744
    outer loop
      vertex -79.2773 2.10934 4.85426
      vertex -79.1265 2.37057 4.83045
      vertex -79.1214 2.37947 4.83333
    endloop
  endfacet
  facet normal 0.866056 -0.499947 0
    outer loop
      vertex -79.2773 2.10934 4.85426
      vertex -79.2773 2.10934 4.84999
      vertex -79.1265 2.37057 4.83045
    endloop
  endfacet
  facet normal 0.866032 -0.499988 0
    outer loop
      vertex -79.4346 1.83688 4.82984
      vertex -79.2773 2.10934 4.85426
      vertex -79.4346 1.83688 4.9159
    endloop
  endfacet
  facet normal 0.866032 -0.499988 0
    outer loop
      vertex -79.2773 2.10934 4.85426
      vertex -79.4346 1.83688 4.82984
      vertex -79.2773 2.10934 4.84999
    endloop
  endfacet
  facet normal 0.866032 -0.499988 0
    outer loop
      vertex -78.9654 2.64959 6.80815
      vertex -78.8081 2.92205 6.83257
      vertex -78.9654 2.64959 6.81241
    endloop
  endfacet
  facet normal 0.866032 -0.499988 0
    outer loop
      vertex -78.8081 2.92205 6.83257
      vertex -78.9654 2.64959 6.80815
      vertex -78.8081 2.92205 6.7465
    endloop
  endfacet
  facet normal 0.866048 -0.499962 0
    outer loop
      vertex -79.1162 2.38837 6.83195
      vertex -78.9654 2.64959 6.80815
      vertex -78.9654 2.64959 6.81241
    endloop
  endfacet
  facet normal 0.865381 -0.500903 -0.0145622
    outer loop
      vertex -79.1162 2.38837 6.83195
      vertex -79.1214 2.37947 6.82907
      vertex -78.9654 2.64959 6.80815
    endloop
  endfacet
  facet normal 0.863427 -0.504474 0
    outer loop
      vertex -79.1214 2.37947 6.83333
      vertex -79.1214 2.37947 6.82907
      vertex -79.1162 2.38837 6.83195
    endloop
  endfacet
  facet normal 0.867643 -0.497188 0
    outer loop
      vertex -79.1214 2.37947 6.83333
      vertex -79.1265 2.37057 6.83045
      vertex -79.1214 2.37947 6.82907
    endloop
  endfacet
  facet normal 0.866371 -0.499323 0.00884744
    outer loop
      vertex -79.2773 2.10934 6.85426
      vertex -79.1265 2.37057 6.83045
      vertex -79.1214 2.37947 6.83333
    endloop
  endfacet
  facet normal 0.866056 -0.499947 0
    outer loop
      vertex -79.2773 2.10934 6.85426
      vertex -79.2773 2.10934 6.84999
      vertex -79.1265 2.37057 6.83045
    endloop
  endfacet
  facet normal 0.866032 -0.499988 0
    outer loop
      vertex -79.4346 1.83688 6.82984
      vertex -79.2773 2.10934 6.85426
      vertex -79.4346 1.83688 6.9159
    endloop
  endfacet
  facet normal 0.866032 -0.499988 0
    outer loop
      vertex -79.2773 2.10934 6.85426
      vertex -79.4346 1.83688 6.82984
      vertex -79.2773 2.10934 6.84999
    endloop
  endfacet
  facet normal 0.866032 -0.499988 0
    outer loop
      vertex -78.9654 2.64959 8.80815
      vertex -78.8081 2.92205 8.83257
      vertex -78.9654 2.64959 8.81241
    endloop
  endfacet
  facet normal 0.866032 -0.499988 0
    outer loop
      vertex -78.8081 2.92205 8.83257
      vertex -78.9654 2.64959 8.80815
      vertex -78.8081 2.92205 8.7465
    endloop
  endfacet
  facet normal 0.866048 -0.499962 0
    outer loop
      vertex -79.1162 2.38837 8.83195
      vertex -78.9654 2.64959 8.80815
      vertex -78.9654 2.64959 8.81241
    endloop
  endfacet
  facet normal 0.865381 -0.500903 -0.0145622
    outer loop
      vertex -79.1162 2.38837 8.83195
      vertex -79.1214 2.37947 8.82907
      vertex -78.9654 2.64959 8.80815
    endloop
  endfacet
  facet normal 0.863427 -0.504474 0
    outer loop
      vertex -79.1214 2.37947 8.83333
      vertex -79.1214 2.37947 8.82907
      vertex -79.1162 2.38837 8.83195
    endloop
  endfacet
  facet normal 0.867643 -0.497188 0
    outer loop
      vertex -79.1214 2.37947 8.83333
      vertex -79.1265 2.37057 8.83045
      vertex -79.1214 2.37947 8.82907
    endloop
  endfacet
  facet normal 0.866371 -0.499323 0.00884744
    outer loop
      vertex -79.2773 2.10934 8.85426
      vertex -79.1265 2.37057 8.83045
      vertex -79.1214 2.37947 8.83333
    endloop
  endfacet
  facet normal 0.866056 -0.499947 0
    outer loop
      vertex -79.2773 2.10934 8.85426
      vertex -79.2773 2.10934 8.84999
      vertex -79.1265 2.37057 8.83045
    endloop
  endfacet
  facet normal 0.866032 -0.499988 0
    outer loop
      vertex -79.4346 1.83688 8.82984
      vertex -79.2773 2.10934 8.85426
      vertex -79.4346 1.83688 8.9159
    endloop
  endfacet
  facet normal 0.866032 -0.499988 0
    outer loop
      vertex -79.2773 2.10934 8.85426
      vertex -79.4346 1.83688 8.82984
      vertex -79.2773 2.10934 8.84999
    endloop
  endfacet
  facet normal 0.866032 -0.499988 0
    outer loop
      vertex -78.9654 2.64959 10.8081
      vertex -78.8081 2.92205 10.8326
      vertex -78.9654 2.64959 10.8124
    endloop
  endfacet
  facet normal 0.866032 -0.499988 0
    outer loop
      vertex -78.8081 2.92205 10.8326
      vertex -78.9654 2.64959 10.8081
      vertex -78.8081 2.92205 10.7465
    endloop
  endfacet
  facet normal 0.866048 -0.499962 0
    outer loop
      vertex -79.1162 2.38837 10.832
      vertex -78.9654 2.64959 10.8081
      vertex -78.9654 2.64959 10.8124
    endloop
  endfacet
  facet normal 0.865383 -0.500902 -0.0144705
    outer loop
      vertex -79.1162 2.38837 10.832
      vertex -79.1214 2.37947 10.8291
      vertex -78.9654 2.64959 10.8081
    endloop
  endfacet
  facet normal 0.863427 -0.504474 0
    outer loop
      vertex -79.1214 2.37947 10.8333
      vertex -79.1214 2.37947 10.8291
      vertex -79.1162 2.38837 10.832
    endloop
  endfacet
  facet normal 0.867643 -0.497188 0
    outer loop
      vertex -79.1214 2.37947 10.8333
      vertex -79.1265 2.37057 10.8305
      vertex -79.1214 2.37947 10.8291
    endloop
  endfacet
  facet normal 0.866377 -0.499309 0.00904435
    outer loop
      vertex -79.2773 2.10934 10.8543
      vertex -79.1265 2.37057 10.8305
      vertex -79.1214 2.37947 10.8333
    endloop
  endfacet
  facet normal 0.866056 -0.499947 0
    outer loop
      vertex -79.2773 2.10934 10.8543
      vertex -79.2773 2.10934 10.85
      vertex -79.1265 2.37057 10.8305
    endloop
  endfacet
  facet normal 0.866032 -0.499988 0
    outer loop
      vertex -79.4346 1.83688 10.8298
      vertex -79.2773 2.10934 10.8543
      vertex -79.4346 1.83688 10.9159
    endloop
  endfacet
  facet normal 0.866032 -0.499988 0
    outer loop
      vertex -79.2773 2.10934 10.8543
      vertex -79.4346 1.83688 10.8298
      vertex -79.2773 2.10934 10.85
    endloop
  endfacet
  facet normal 0.866032 -0.499988 0
    outer loop
      vertex -78.9654 2.64959 12.8081
      vertex -78.8081 2.92205 12.8326
      vertex -78.9654 2.64959 12.8124
    endloop
  endfacet
  facet normal 0.866032 -0.499988 0
    outer loop
      vertex -78.8081 2.92205 12.8326
      vertex -78.9654 2.64959 12.8081
      vertex -78.8081 2.92205 12.7465
    endloop
  endfacet
  facet normal 0.866048 -0.499962 0
    outer loop
      vertex -79.1162 2.38837 12.832
      vertex -78.9654 2.64959 12.8081
      vertex -78.9654 2.64959 12.8124
    endloop
  endfacet
  facet normal 0.865383 -0.500902 -0.0144705
    outer loop
      vertex -79.1162 2.38837 12.832
      vertex -79.1214 2.37947 12.8291
      vertex -78.9654 2.64959 12.8081
    endloop
  endfacet
  facet normal 0.863427 -0.504474 0
    outer loop
      vertex -79.1214 2.37947 12.8333
      vertex -79.1214 2.37947 12.8291
      vertex -79.1162 2.38837 12.832
    endloop
  endfacet
  facet normal 0.867643 -0.497188 0
    outer loop
      vertex -79.1214 2.37947 12.8333
      vertex -79.1265 2.37057 12.8305
      vertex -79.1214 2.37947 12.8291
    endloop
  endfacet
  facet normal 0.866377 -0.499309 0.00904435
    outer loop
      vertex -79.2773 2.10934 12.8543
      vertex -79.1265 2.37057 12.8305
      vertex -79.1214 2.37947 12.8333
    endloop
  endfacet
  facet normal 0.866056 -0.499947 0
    outer loop
      vertex -79.2773 2.10934 12.8543
      vertex -79.2773 2.10934 12.85
      vertex -79.1265 2.37057 12.8305
    endloop
  endfacet
  facet normal 0.866032 -0.499988 0
    outer loop
      vertex -79.4346 1.83688 12.8298
      vertex -79.2773 2.10934 12.8543
      vertex -79.4346 1.83688 12.9159
    endloop
  endfacet
  facet normal 0.866032 -0.499988 0
    outer loop
      vertex -79.2773 2.10934 12.8543
      vertex -79.4346 1.83688 12.8298
      vertex -79.2773 2.10934 12.85
    endloop
  endfacet
  facet normal 0.866032 -0.499988 0
    outer loop
      vertex -78.9654 2.64959 14.8081
      vertex -78.8081 2.92205 14.8326
      vertex -78.9654 2.64959 14.8124
    endloop
  endfacet
  facet normal 0.866032 -0.499988 0
    outer loop
      vertex -78.8081 2.92205 14.8326
      vertex -78.9654 2.64959 14.8081
      vertex -78.8081 2.92205 14.7465
    endloop
  endfacet
  facet normal 0.866048 -0.499962 0
    outer loop
      vertex -79.1162 2.38837 14.832
      vertex -78.9654 2.64959 14.8081
      vertex -78.9654 2.64959 14.8124
    endloop
  endfacet
  facet normal 0.865383 -0.500902 -0.0144705
    outer loop
      vertex -79.1162 2.38837 14.832
      vertex -79.1214 2.37947 14.8291
      vertex -78.9654 2.64959 14.8081
    endloop
  endfacet
  facet normal 0.863427 -0.504474 0
    outer loop
      vertex -79.1214 2.37947 14.8333
      vertex -79.1214 2.37947 14.8291
      vertex -79.1162 2.38837 14.832
    endloop
  endfacet
  facet normal 0.867643 -0.497188 0
    outer loop
      vertex -79.1214 2.37947 14.8333
      vertex -79.1265 2.37057 14.8305
      vertex -79.1214 2.37947 14.8291
    endloop
  endfacet
  facet normal 0.866377 -0.499309 0.00904435
    outer loop
      vertex -79.2773 2.10934 14.8543
      vertex -79.1265 2.37057 14.8305
      vertex -79.1214 2.37947 14.8333
    endloop
  endfacet
  facet normal 0.866056 -0.499947 0
    outer loop
      vertex -79.2773 2.10934 14.8543
      vertex -79.2773 2.10934 14.85
      vertex -79.1265 2.37057 14.8305
    endloop
  endfacet
  facet normal 0.866032 -0.499988 0
    outer loop
      vertex -79.4346 1.83688 14.8298
      vertex -79.2773 2.10934 14.8543
      vertex -79.4346 1.83688 14.9159
    endloop
  endfacet
  facet normal 0.866032 -0.499988 0
    outer loop
      vertex -79.2773 2.10934 14.8543
      vertex -79.4346 1.83688 14.8298
      vertex -79.2773 2.10934 14.85
    endloop
  endfacet
  facet normal 0.866032 -0.499988 0
    outer loop
      vertex -78.9654 2.64959 16.8081
      vertex -78.8081 2.92205 16.8326
      vertex -78.9654 2.64959 16.8124
    endloop
  endfacet
  facet normal 0.866032 -0.499988 0
    outer loop
      vertex -78.8081 2.92205 16.8326
      vertex -78.9654 2.64959 16.8081
      vertex -78.8081 2.92205 16.7465
    endloop
  endfacet
  facet normal 0.866048 -0.499962 0
    outer loop
      vertex -79.1162 2.38837 16.832
      vertex -78.9654 2.64959 16.8081
      vertex -78.9654 2.64959 16.8124
    endloop
  endfacet
  facet normal 0.865383 -0.500902 -0.0144705
    outer loop
      vertex -79.1162 2.38837 16.832
      vertex -79.1214 2.37947 16.8291
      vertex -78.9654 2.64959 16.8081
    endloop
  endfacet
  facet normal 0.863427 -0.504474 0
    outer loop
      vertex -79.1214 2.37947 16.8333
      vertex -79.1214 2.37947 16.8291
      vertex -79.1162 2.38837 16.832
    endloop
  endfacet
  facet normal 0.867643 -0.497188 0
    outer loop
      vertex -79.1214 2.37947 16.8333
      vertex -79.1265 2.37057 16.8305
      vertex -79.1214 2.37947 16.8291
    endloop
  endfacet
  facet normal 0.866377 -0.499309 0.00904435
    outer loop
      vertex -79.2773 2.10934 16.8543
      vertex -79.1265 2.37057 16.8305
      vertex -79.1214 2.37947 16.8333
    endloop
  endfacet
  facet normal 0.866056 -0.499947 0
    outer loop
      vertex -79.2773 2.10934 16.8543
      vertex -79.2773 2.10934 16.85
      vertex -79.1265 2.37057 16.8305
    endloop
  endfacet
  facet normal 0.866032 -0.499988 0
    outer loop
      vertex -79.4346 1.83688 16.8298
      vertex -79.2773 2.10934 16.8543
      vertex -79.4346 1.83688 16.9159
    endloop
  endfacet
  facet normal 0.866032 -0.499988 0
    outer loop
      vertex -79.2773 2.10934 16.8543
      vertex -79.4346 1.83688 16.8298
      vertex -79.2773 2.10934 16.85
    endloop
  endfacet
  facet normal 0.866032 -0.499988 0
    outer loop
      vertex -78.9654 2.64959 18.8081
      vertex -78.8081 2.92205 18.8326
      vertex -78.9654 2.64959 18.8124
    endloop
  endfacet
  facet normal 0.866032 -0.499988 0
    outer loop
      vertex -78.8081 2.92205 18.8326
      vertex -78.9654 2.64959 18.8081
      vertex -78.8081 2.92205 18.7465
    endloop
  endfacet
  facet normal 0.866048 -0.499962 0
    outer loop
      vertex -79.1162 2.38837 18.832
      vertex -78.9654 2.64959 18.8081
      vertex -78.9654 2.64959 18.8124
    endloop
  endfacet
  facet normal 0.865383 -0.500902 -0.0144705
    outer loop
      vertex -79.1162 2.38837 18.832
      vertex -79.1214 2.37947 18.8291
      vertex -78.9654 2.64959 18.8081
    endloop
  endfacet
  facet normal 0.863427 -0.504474 0
    outer loop
      vertex -79.1214 2.37947 18.8333
      vertex -79.1214 2.37947 18.8291
      vertex -79.1162 2.38837 18.832
    endloop
  endfacet
  facet normal 0.867643 -0.497188 0
    outer loop
      vertex -79.1214 2.37947 18.8333
      vertex -79.1265 2.37057 18.8305
      vertex -79.1214 2.37947 18.8291
    endloop
  endfacet
  facet normal 0.866377 -0.499309 0.00904435
    outer loop
      vertex -79.2773 2.10934 18.8543
      vertex -79.1265 2.37057 18.8305
      vertex -79.1214 2.37947 18.8333
    endloop
  endfacet
  facet normal 0.866056 -0.499947 0
    outer loop
      vertex -79.2773 2.10934 18.8543
      vertex -79.2773 2.10934 18.85
      vertex -79.1265 2.37057 18.8305
    endloop
  endfacet
  facet normal 0.866032 -0.499988 0
    outer loop
      vertex -79.4346 1.83688 18.8298
      vertex -79.2773 2.10934 18.8543
      vertex -79.4346 1.83688 18.9159
    endloop
  endfacet
  facet normal 0.866032 -0.499988 0
    outer loop
      vertex -79.2773 2.10934 18.8543
      vertex -79.4346 1.83688 18.8298
      vertex -79.2773 2.10934 18.85
    endloop
  endfacet
  facet normal 0.499933 -0.866064 0
    outer loop
      vertex -77.9221 3.8081 0.663168
      vertex -77.6496 3.9654 0.687589
      vertex -77.9221 3.8081 0.749235
    endloop
  endfacet
  facet normal 0.499933 -0.866064 0
    outer loop
      vertex -77.6496 3.9654 0.687589
      vertex -77.9221 3.8081 0.663168
      vertex -77.6496 3.9654 0.683327
    endloop
  endfacet
  facet normal 0.50004 -0.866002 0
    outer loop
      vertex -77.3884 4.11622 0.663783
      vertex -77.6496 3.9654 0.687589
      vertex -77.6496 3.9654 0.683327
    endloop
  endfacet
  facet normal 0.500057 -0.865993 0.00024232
    outer loop
      vertex -77.6496 3.9654 0.687589
      vertex -77.3884 4.11622 0.663783
      vertex -77.3795 4.12136 0.666666
    endloop
  endfacet
  facet normal 0.500115 -0.865959 0
    outer loop
      vertex -77.3795 4.12136 0.662404
      vertex -77.3795 4.12136 0.666666
      vertex -77.3884 4.11622 0.663783
    endloop
  endfacet
  facet normal 0.500115 -0.865959 0
    outer loop
      vertex -77.3795 4.12136 0.666666
      vertex -77.3795 4.12136 0.662404
      vertex -77.3706 4.1265 0.665287
    endloop
  endfacet
  facet normal 0.499944 -0.866057 0.000703469
    outer loop
      vertex -77.1093 4.27732 0.641481
      vertex -77.3706 4.1265 0.665287
      vertex -77.3795 4.12136 0.662404
    endloop
  endfacet
  facet normal 0.499897 -0.866085 0
    outer loop
      vertex -77.3706 4.1265 0.665287
      vertex -77.1093 4.27732 0.641481
      vertex -77.1093 4.27732 0.645743
    endloop
  endfacet
  facet normal 0.500071 -0.865984 0
    outer loop
      vertex -77.1093 4.27732 0.641481
      vertex -76.8369 4.43462 0.665901
      vertex -77.1093 4.27732 0.645743
    endloop
  endfacet
  facet normal 0.500071 -0.865984 0
    outer loop
      vertex -76.8369 4.43462 0.665901
      vertex -77.1093 4.27732 0.641481
      vertex -76.8369 4.43462 0.579836
    endloop
  endfacet
  facet normal 0.499933 -0.866064 0
    outer loop
      vertex -77.9221 3.8081 2.66317
      vertex -77.6496 3.9654 2.68759
      vertex -77.9221 3.8081 2.74924
    endloop
  endfacet
  facet normal 0.499933 -0.866064 0
    outer loop
      vertex -77.6496 3.9654 2.68759
      vertex -77.9221 3.8081 2.66317
      vertex -77.6496 3.9654 2.68333
    endloop
  endfacet
  facet normal 0.50004 -0.866002 0
    outer loop
      vertex -77.3884 4.11622 2.66378
      vertex -77.6496 3.9654 2.68759
      vertex -77.6496 3.9654 2.68333
    endloop
  endfacet
  facet normal 0.500057 -0.865993 0.000241853
    outer loop
      vertex -77.6496 3.9654 2.68759
      vertex -77.3884 4.11622 2.66378
      vertex -77.3795 4.12136 2.66667
    endloop
  endfacet
  facet normal 0.500115 -0.865959 0
    outer loop
      vertex -77.3795 4.12136 2.6624
      vertex -77.3795 4.12136 2.66667
      vertex -77.3884 4.11622 2.66378
    endloop
  endfacet
  facet normal 0.500115 -0.865959 0
    outer loop
      vertex -77.3795 4.12136 2.66667
      vertex -77.3795 4.12136 2.6624
      vertex -77.3706 4.1265 2.66529
    endloop
  endfacet
  facet normal 0.499944 -0.866057 0.000702112
    outer loop
      vertex -77.1093 4.27732 2.64148
      vertex -77.3706 4.1265 2.66529
      vertex -77.3795 4.12136 2.6624
    endloop
  endfacet
  facet normal 0.499897 -0.866085 0
    outer loop
      vertex -77.3706 4.1265 2.66529
      vertex -77.1093 4.27732 2.64148
      vertex -77.1093 4.27732 2.64574
    endloop
  endfacet
  facet normal 0.500071 -0.865984 0
    outer loop
      vertex -77.1093 4.27732 2.64148
      vertex -76.8369 4.43462 2.6659
      vertex -77.1093 4.27732 2.64574
    endloop
  endfacet
  facet normal 0.500071 -0.865984 0
    outer loop
      vertex -76.8369 4.43462 2.6659
      vertex -77.1093 4.27732 2.64148
      vertex -76.8369 4.43462 2.57984
    endloop
  endfacet
  facet normal 0.499933 -0.866064 0
    outer loop
      vertex -77.9221 3.8081 4.66317
      vertex -77.6496 3.9654 4.68759
      vertex -77.9221 3.8081 4.74924
    endloop
  endfacet
  facet normal 0.499933 -0.866064 0
    outer loop
      vertex -77.6496 3.9654 4.68759
      vertex -77.9221 3.8081 4.66317
      vertex -77.6496 3.9654 4.68333
    endloop
  endfacet
  facet normal 0.50004 -0.866002 0
    outer loop
      vertex -77.3884 4.11622 4.66378
      vertex -77.6496 3.9654 4.68759
      vertex -77.6496 3.9654 4.68333
    endloop
  endfacet
  facet normal 0.500057 -0.865993 0.000241853
    outer loop
      vertex -77.6496 3.9654 4.68759
      vertex -77.3884 4.11622 4.66378
      vertex -77.3795 4.12136 4.66667
    endloop
  endfacet
  facet normal 0.500115 -0.865959 0
    outer loop
      vertex -77.3795 4.12136 4.6624
      vertex -77.3795 4.12136 4.66667
      vertex -77.3884 4.11622 4.66378
    endloop
  endfacet
  facet normal 0.500115 -0.865959 0
    outer loop
      vertex -77.3795 4.12136 4.66667
      vertex -77.3795 4.12136 4.6624
      vertex -77.3706 4.1265 4.66529
    endloop
  endfacet
  facet normal 0.499944 -0.866057 0.000702112
    outer loop
      vertex -77.1093 4.27732 4.64148
      vertex -77.3706 4.1265 4.66529
      vertex -77.3795 4.12136 4.6624
    endloop
  endfacet
  facet normal 0.499897 -0.866085 0
    outer loop
      vertex -77.3706 4.1265 4.66529
      vertex -77.1093 4.27732 4.64148
      vertex -77.1093 4.27732 4.64574
    endloop
  endfacet
  facet normal 0.500071 -0.865984 0
    outer loop
      vertex -77.1093 4.27732 4.64148
      vertex -76.8369 4.43462 4.6659
      vertex -77.1093 4.27732 4.64574
    endloop
  endfacet
  facet normal 0.500071 -0.865984 0
    outer loop
      vertex -76.8369 4.43462 4.6659
      vertex -77.1093 4.27732 4.64148
      vertex -76.8369 4.43462 4.57984
    endloop
  endfacet
  facet normal 0.499933 -0.866064 0
    outer loop
      vertex -77.9221 3.8081 6.66317
      vertex -77.6496 3.9654 6.68759
      vertex -77.9221 3.8081 6.74924
    endloop
  endfacet
  facet normal 0.499933 -0.866064 0
    outer loop
      vertex -77.6496 3.9654 6.68759
      vertex -77.9221 3.8081 6.66317
      vertex -77.6496 3.9654 6.68333
    endloop
  endfacet
  facet normal 0.50004 -0.866002 0
    outer loop
      vertex -77.3884 4.11622 6.66378
      vertex -77.6496 3.9654 6.68759
      vertex -77.6496 3.9654 6.68333
    endloop
  endfacet
  facet normal 0.500057 -0.865993 0.000241853
    outer loop
      vertex -77.6496 3.9654 6.68759
      vertex -77.3884 4.11622 6.66378
      vertex -77.3795 4.12136 6.66667
    endloop
  endfacet
  facet normal 0.500115 -0.865959 0
    outer loop
      vertex -77.3795 4.12136 6.6624
      vertex -77.3795 4.12136 6.66667
      vertex -77.3884 4.11622 6.66378
    endloop
  endfacet
  facet normal 0.500115 -0.865959 0
    outer loop
      vertex -77.3795 4.12136 6.66667
      vertex -77.3795 4.12136 6.6624
      vertex -77.3706 4.1265 6.66529
    endloop
  endfacet
  facet normal 0.499944 -0.866057 0.000702112
    outer loop
      vertex -77.1093 4.27732 6.64148
      vertex -77.3706 4.1265 6.66529
      vertex -77.3795 4.12136 6.6624
    endloop
  endfacet
  facet normal 0.499897 -0.866085 0
    outer loop
      vertex -77.3706 4.1265 6.66529
      vertex -77.1093 4.27732 6.64148
      vertex -77.1093 4.27732 6.64574
    endloop
  endfacet
  facet normal 0.500071 -0.865984 0
    outer loop
      vertex -77.1093 4.27732 6.64148
      vertex -76.8369 4.43462 6.6659
      vertex -77.1093 4.27732 6.64574
    endloop
  endfacet
  facet normal 0.500071 -0.865984 0
    outer loop
      vertex -76.8369 4.43462 6.6659
      vertex -77.1093 4.27732 6.64148
      vertex -76.8369 4.43462 6.57984
    endloop
  endfacet
  facet normal 0.499933 -0.866064 0
    outer loop
      vertex -77.9221 3.8081 8.66317
      vertex -77.6496 3.9654 8.68759
      vertex -77.9221 3.8081 8.74924
    endloop
  endfacet
  facet normal 0.499933 -0.866064 0
    outer loop
      vertex -77.6496 3.9654 8.68759
      vertex -77.9221 3.8081 8.66317
      vertex -77.6496 3.9654 8.68333
    endloop
  endfacet
  facet normal 0.50004 -0.866002 0
    outer loop
      vertex -77.3884 4.11622 8.66378
      vertex -77.6496 3.9654 8.68759
      vertex -77.6496 3.9654 8.68333
    endloop
  endfacet
  facet normal 0.500057 -0.865993 0.000241853
    outer loop
      vertex -77.6496 3.9654 8.68759
      vertex -77.3884 4.11622 8.66378
      vertex -77.3795 4.12136 8.66667
    endloop
  endfacet
  facet normal 0.500115 -0.865959 0
    outer loop
      vertex -77.3795 4.12136 8.6624
      vertex -77.3795 4.12136 8.66667
      vertex -77.3884 4.11622 8.66378
    endloop
  endfacet
  facet normal 0.500115 -0.865959 0
    outer loop
      vertex -77.3795 4.12136 8.66667
      vertex -77.3795 4.12136 8.6624
      vertex -77.3706 4.1265 8.66529
    endloop
  endfacet
  facet normal 0.499944 -0.866057 0.000702112
    outer loop
      vertex -77.1093 4.27732 8.64148
      vertex -77.3706 4.1265 8.66529
      vertex -77.3795 4.12136 8.6624
    endloop
  endfacet
  facet normal 0.499897 -0.866085 0
    outer loop
      vertex -77.3706 4.1265 8.66529
      vertex -77.1093 4.27732 8.64148
      vertex -77.1093 4.27732 8.64574
    endloop
  endfacet
  facet normal 0.500071 -0.865984 0
    outer loop
      vertex -77.1093 4.27732 8.64148
      vertex -76.8369 4.43462 8.6659
      vertex -77.1093 4.27732 8.64574
    endloop
  endfacet
  facet normal 0.500071 -0.865984 0
    outer loop
      vertex -76.8369 4.43462 8.6659
      vertex -77.1093 4.27732 8.64148
      vertex -76.8369 4.43462 8.57984
    endloop
  endfacet
  facet normal 0.499933 -0.866064 0
    outer loop
      vertex -77.9221 3.8081 10.6632
      vertex -77.6496 3.9654 10.6876
      vertex -77.9221 3.8081 10.7492
    endloop
  endfacet
  facet normal 0.499933 -0.866064 0
    outer loop
      vertex -77.6496 3.9654 10.6876
      vertex -77.9221 3.8081 10.6632
      vertex -77.6496 3.9654 10.6833
    endloop
  endfacet
  facet normal 0.50004 -0.866002 0
    outer loop
      vertex -77.3884 4.11622 10.6638
      vertex -77.6496 3.9654 10.6876
      vertex -77.6496 3.9654 10.6833
    endloop
  endfacet
  facet normal 0.500057 -0.865993 0.000241224
    outer loop
      vertex -77.6496 3.9654 10.6876
      vertex -77.3884 4.11622 10.6638
      vertex -77.3795 4.12136 10.6667
    endloop
  endfacet
  facet normal 0.500115 -0.865959 0
    outer loop
      vertex -77.3795 4.12136 10.6624
      vertex -77.3795 4.12136 10.6667
      vertex -77.3884 4.11622 10.6638
    endloop
  endfacet
  facet normal 0.500115 -0.865959 0
    outer loop
      vertex -77.3795 4.12136 10.6667
      vertex -77.3795 4.12136 10.6624
      vertex -77.3706 4.1265 10.6653
    endloop
  endfacet
  facet normal 0.499944 -0.866057 0.000700285
    outer loop
      vertex -77.1093 4.27732 10.6415
      vertex -77.3706 4.1265 10.6653
      vertex -77.3795 4.12136 10.6624
    endloop
  endfacet
  facet normal 0.499897 -0.866085 0
    outer loop
      vertex -77.3706 4.1265 10.6653
      vertex -77.1093 4.27732 10.6415
      vertex -77.1093 4.27732 10.6457
    endloop
  endfacet
  facet normal 0.500071 -0.865984 0
    outer loop
      vertex -77.1093 4.27732 10.6415
      vertex -76.8369 4.43462 10.6659
      vertex -77.1093 4.27732 10.6457
    endloop
  endfacet
  facet normal 0.500071 -0.865984 0
    outer loop
      vertex -76.8369 4.43462 10.6659
      vertex -77.1093 4.27732 10.6415
      vertex -76.8369 4.43462 10.5798
    endloop
  endfacet
  facet normal 0.499933 -0.866064 0
    outer loop
      vertex -77.9221 3.8081 12.6632
      vertex -77.6496 3.9654 12.6876
      vertex -77.9221 3.8081 12.7492
    endloop
  endfacet
  facet normal 0.499933 -0.866064 0
    outer loop
      vertex -77.6496 3.9654 12.6876
      vertex -77.9221 3.8081 12.6632
      vertex -77.6496 3.9654 12.6833
    endloop
  endfacet
  facet normal 0.50004 -0.866002 0
    outer loop
      vertex -77.3884 4.11622 12.6638
      vertex -77.6496 3.9654 12.6876
      vertex -77.6496 3.9654 12.6833
    endloop
  endfacet
  facet normal 0.500057 -0.865993 0.000241224
    outer loop
      vertex -77.6496 3.9654 12.6876
      vertex -77.3884 4.11622 12.6638
      vertex -77.3795 4.12136 12.6667
    endloop
  endfacet
  facet normal 0.500115 -0.865959 0
    outer loop
      vertex -77.3795 4.12136 12.6624
      vertex -77.3795 4.12136 12.6667
      vertex -77.3884 4.11622 12.6638
    endloop
  endfacet
  facet normal 0.500115 -0.865959 0
    outer loop
      vertex -77.3795 4.12136 12.6667
      vertex -77.3795 4.12136 12.6624
      vertex -77.3706 4.1265 12.6653
    endloop
  endfacet
  facet normal 0.499944 -0.866057 0.000700285
    outer loop
      vertex -77.1093 4.27732 12.6415
      vertex -77.3706 4.1265 12.6653
      vertex -77.3795 4.12136 12.6624
    endloop
  endfacet
  facet normal 0.499897 -0.866085 0
    outer loop
      vertex -77.3706 4.1265 12.6653
      vertex -77.1093 4.27732 12.6415
      vertex -77.1093 4.27732 12.6457
    endloop
  endfacet
  facet normal 0.500071 -0.865984 0
    outer loop
      vertex -77.1093 4.27732 12.6415
      vertex -76.8369 4.43462 12.6659
      vertex -77.1093 4.27732 12.6457
    endloop
  endfacet
  facet normal 0.500071 -0.865984 0
    outer loop
      vertex -76.8369 4.43462 12.6659
      vertex -77.1093 4.27732 12.6415
      vertex -76.8369 4.43462 12.5798
    endloop
  endfacet
  facet normal 0.499933 -0.866064 0
    outer loop
      vertex -77.9221 3.8081 14.6632
      vertex -77.6496 3.9654 14.6876
      vertex -77.9221 3.8081 14.7492
    endloop
  endfacet
  facet normal 0.499933 -0.866064 0
    outer loop
      vertex -77.6496 3.9654 14.6876
      vertex -77.9221 3.8081 14.6632
      vertex -77.6496 3.9654 14.6833
    endloop
  endfacet
  facet normal 0.50004 -0.866002 0
    outer loop
      vertex -77.3884 4.11622 14.6638
      vertex -77.6496 3.9654 14.6876
      vertex -77.6496 3.9654 14.6833
    endloop
  endfacet
  facet normal 0.500057 -0.865993 0.000241224
    outer loop
      vertex -77.6496 3.9654 14.6876
      vertex -77.3884 4.11622 14.6638
      vertex -77.3795 4.12136 14.6667
    endloop
  endfacet
  facet normal 0.500115 -0.865959 0
    outer loop
      vertex -77.3795 4.12136 14.6624
      vertex -77.3795 4.12136 14.6667
      vertex -77.3884 4.11622 14.6638
    endloop
  endfacet
  facet normal 0.500115 -0.865959 0
    outer loop
      vertex -77.3795 4.12136 14.6667
      vertex -77.3795 4.12136 14.6624
      vertex -77.3706 4.1265 14.6653
    endloop
  endfacet
  facet normal 0.499944 -0.866057 0.000700285
    outer loop
      vertex -77.1093 4.27732 14.6415
      vertex -77.3706 4.1265 14.6653
      vertex -77.3795 4.12136 14.6624
    endloop
  endfacet
  facet normal 0.499897 -0.866085 0
    outer loop
      vertex -77.3706 4.1265 14.6653
      vertex -77.1093 4.27732 14.6415
      vertex -77.1093 4.27732 14.6457
    endloop
  endfacet
  facet normal 0.500071 -0.865984 0
    outer loop
      vertex -77.1093 4.27732 14.6415
      vertex -76.8369 4.43462 14.6659
      vertex -77.1093 4.27732 14.6457
    endloop
  endfacet
  facet normal 0.500071 -0.865984 0
    outer loop
      vertex -76.8369 4.43462 14.6659
      vertex -77.1093 4.27732 14.6415
      vertex -76.8369 4.43462 14.5798
    endloop
  endfacet
  facet normal 0.499933 -0.866064 0
    outer loop
      vertex -77.9221 3.8081 16.6632
      vertex -77.6496 3.9654 16.6876
      vertex -77.9221 3.8081 16.7492
    endloop
  endfacet
  facet normal 0.499933 -0.866064 0
    outer loop
      vertex -77.6496 3.9654 16.6876
      vertex -77.9221 3.8081 16.6632
      vertex -77.6496 3.9654 16.6833
    endloop
  endfacet
  facet normal 0.50004 -0.866002 0
    outer loop
      vertex -77.3884 4.11622 16.6638
      vertex -77.6496 3.9654 16.6876
      vertex -77.6496 3.9654 16.6833
    endloop
  endfacet
  facet normal 0.500057 -0.865993 0.000241224
    outer loop
      vertex -77.6496 3.9654 16.6876
      vertex -77.3884 4.11622 16.6638
      vertex -77.3795 4.12136 16.6667
    endloop
  endfacet
  facet normal 0.500115 -0.865959 0
    outer loop
      vertex -77.3795 4.12136 16.6624
      vertex -77.3795 4.12136 16.6667
      vertex -77.3884 4.11622 16.6638
    endloop
  endfacet
  facet normal 0.500115 -0.865959 0
    outer loop
      vertex -77.3795 4.12136 16.6667
      vertex -77.3795 4.12136 16.6624
      vertex -77.3706 4.1265 16.6653
    endloop
  endfacet
  facet normal 0.499944 -0.866057 0.000700285
    outer loop
      vertex -77.1093 4.27732 16.6415
      vertex -77.3706 4.1265 16.6653
      vertex -77.3795 4.12136 16.6624
    endloop
  endfacet
  facet normal 0.499897 -0.866085 0
    outer loop
      vertex -77.3706 4.1265 16.6653
      vertex -77.1093 4.27732 16.6415
      vertex -77.1093 4.27732 16.6457
    endloop
  endfacet
  facet normal 0.500071 -0.865984 0
    outer loop
      vertex -77.1093 4.27732 16.6415
      vertex -76.8369 4.43462 16.6659
      vertex -77.1093 4.27732 16.6457
    endloop
  endfacet
  facet normal 0.500071 -0.865984 0
    outer loop
      vertex -76.8369 4.43462 16.6659
      vertex -77.1093 4.27732 16.6415
      vertex -76.8369 4.43462 16.5798
    endloop
  endfacet
  facet normal 0.499933 -0.866064 0
    outer loop
      vertex -77.9221 3.8081 18.6632
      vertex -77.6496 3.9654 18.6876
      vertex -77.9221 3.8081 18.7492
    endloop
  endfacet
  facet normal 0.499933 -0.866064 0
    outer loop
      vertex -77.6496 3.9654 18.6876
      vertex -77.9221 3.8081 18.6632
      vertex -77.6496 3.9654 18.6833
    endloop
  endfacet
  facet normal 0.50004 -0.866002 0
    outer loop
      vertex -77.3884 4.11622 18.6638
      vertex -77.6496 3.9654 18.6876
      vertex -77.6496 3.9654 18.6833
    endloop
  endfacet
  facet normal 0.500057 -0.865993 0.000241224
    outer loop
      vertex -77.6496 3.9654 18.6876
      vertex -77.3884 4.11622 18.6638
      vertex -77.3795 4.12136 18.6667
    endloop
  endfacet
  facet normal 0.500115 -0.865959 0
    outer loop
      vertex -77.3795 4.12136 18.6624
      vertex -77.3795 4.12136 18.6667
      vertex -77.3884 4.11622 18.6638
    endloop
  endfacet
  facet normal 0.500115 -0.865959 0
    outer loop
      vertex -77.3795 4.12136 18.6667
      vertex -77.3795 4.12136 18.6624
      vertex -77.3706 4.1265 18.6653
    endloop
  endfacet
  facet normal 0.499944 -0.866057 0.000700285
    outer loop
      vertex -77.1093 4.27732 18.6415
      vertex -77.3706 4.1265 18.6653
      vertex -77.3795 4.12136 18.6624
    endloop
  endfacet
  facet normal 0.499897 -0.866085 0
    outer loop
      vertex -77.3706 4.1265 18.6653
      vertex -77.1093 4.27732 18.6415
      vertex -77.1093 4.27732 18.6457
    endloop
  endfacet
  facet normal 0.500071 -0.865984 0
    outer loop
      vertex -77.1093 4.27732 18.6415
      vertex -76.8369 4.43462 18.6659
      vertex -77.1093 4.27732 18.6457
    endloop
  endfacet
  facet normal 0.500071 -0.865984 0
    outer loop
      vertex -76.8369 4.43462 18.6659
      vertex -77.1093 4.27732 18.6415
      vertex -76.8369 4.43462 18.5798
    endloop
  endfacet
  facet normal 0.965947 -0.258739 0
    outer loop
      vertex -79.516 1.53299 0.891481
      vertex -79.4346 1.83688 0.915901
      vertex -79.516 1.53299 0.895743
    endloop
  endfacet
  facet normal 0.965947 -0.258739 0
    outer loop
      vertex -79.4346 1.83688 0.915901
      vertex -79.516 1.53299 0.891481
      vertex -79.4346 1.83688 0.829836
    endloop
  endfacet
  facet normal 0.965901 -0.258913 0
    outer loop
      vertex -79.5941 1.24163 0.915287
      vertex -79.516 1.53299 0.891481
      vertex -79.516 1.53299 0.895743
    endloop
  endfacet
  facet normal 0.965648 -0.259662 -0.00999304
    outer loop
      vertex -79.5941 1.24163 0.915287
      vertex -79.5968 1.2317 0.912404
      vertex -79.516 1.53299 0.891481
    endloop
  endfacet
  facet normal 0.964965 -0.262377 0
    outer loop
      vertex -79.5968 1.2317 0.916666
      vertex -79.5968 1.2317 0.912404
      vertex -79.5941 1.24163 0.915287
    endloop
  endfacet
  facet normal 0.967389 -0.253294 0
    outer loop
      vertex -79.5968 1.2317 0.916666
      vertex -79.5994 1.22177 0.913783
      vertex -79.5968 1.2317 0.912404
    endloop
  endfacet
  facet normal 0.966103 -0.257651 0.0161674
    outer loop
      vertex -79.6775 0.930416 0.937589
      vertex -79.5994 1.22177 0.913783
      vertex -79.5968 1.2317 0.916666
    endloop
  endfacet
  facet normal 0.965899 -0.258918 0
    outer loop
      vertex -79.6775 0.930416 0.937589
      vertex -79.6775 0.930416 0.933327
      vertex -79.5994 1.22177 0.913783
    endloop
  endfacet
  facet normal 0.965948 -0.258738 0
    outer loop
      vertex -79.7589 0.626525 0.913169
      vertex -79.6775 0.930416 0.937589
      vertex -79.7589 0.626525 0.999235
    endloop
  endfacet
  facet normal 0.965948 -0.258738 0
    outer loop
      vertex -79.6775 0.930416 0.937589
      vertex -79.7589 0.626525 0.913169
      vertex -79.6775 0.930416 0.933327
    endloop
  endfacet
  facet normal 0.965947 -0.258739 0
    outer loop
      vertex -79.516 1.53299 2.89148
      vertex -79.4346 1.83688 2.9159
      vertex -79.516 1.53299 2.89574
    endloop
  endfacet
  facet normal 0.965947 -0.258739 0
    outer loop
      vertex -79.4346 1.83688 2.9159
      vertex -79.516 1.53299 2.89148
      vertex -79.4346 1.83688 2.82984
    endloop
  endfacet
  facet normal 0.965901 -0.258913 0
    outer loop
      vertex -79.5941 1.24163 2.91529
      vertex -79.516 1.53299 2.89148
      vertex -79.516 1.53299 2.89574
    endloop
  endfacet
  facet normal 0.965649 -0.25966 -0.00997378
    outer loop
      vertex -79.5941 1.24163 2.91529
      vertex -79.5968 1.2317 2.9124
      vertex -79.516 1.53299 2.89148
    endloop
  endfacet
  facet normal 0.964965 -0.262377 0
    outer loop
      vertex -79.5968 1.2317 2.91667
      vertex -79.5968 1.2317 2.9124
      vertex -79.5941 1.24163 2.91529
    endloop
  endfacet
  facet normal 0.967389 -0.253294 0
    outer loop
      vertex -79.5968 1.2317 2.91667
      vertex -79.5994 1.22177 2.91378
      vertex -79.5968 1.2317 2.9124
    endloop
  endfacet
  facet normal 0.966103 -0.257654 0.0161362
    outer loop
      vertex -79.6775 0.930416 2.93759
      vertex -79.5994 1.22177 2.91378
      vertex -79.5968 1.2317 2.91667
    endloop
  endfacet
  facet normal 0.965899 -0.258918 0
    outer loop
      vertex -79.6775 0.930416 2.93759
      vertex -79.6775 0.930416 2.93333
      vertex -79.5994 1.22177 2.91378
    endloop
  endfacet
  facet normal 0.965948 -0.258738 0
    outer loop
      vertex -79.7589 0.626525 2.91317
      vertex -79.6775 0.930416 2.93759
      vertex -79.7589 0.626525 2.99924
    endloop
  endfacet
  facet normal 0.965948 -0.258738 0
    outer loop
      vertex -79.6775 0.930416 2.93759
      vertex -79.7589 0.626525 2.91317
      vertex -79.6775 0.930416 2.93333
    endloop
  endfacet
  facet normal 0.965947 -0.258739 0
    outer loop
      vertex -79.516 1.53299 4.89148
      vertex -79.4346 1.83688 4.9159
      vertex -79.516 1.53299 4.89574
    endloop
  endfacet
  facet normal 0.965947 -0.258739 0
    outer loop
      vertex -79.4346 1.83688 4.9159
      vertex -79.516 1.53299 4.89148
      vertex -79.4346 1.83688 4.82984
    endloop
  endfacet
  facet normal 0.965901 -0.258913 0
    outer loop
      vertex -79.5941 1.24163 4.91529
      vertex -79.516 1.53299 4.89148
      vertex -79.516 1.53299 4.89574
    endloop
  endfacet
  facet normal 0.965649 -0.25966 -0.00997378
    outer loop
      vertex -79.5941 1.24163 4.91529
      vertex -79.5968 1.2317 4.9124
      vertex -79.516 1.53299 4.89148
    endloop
  endfacet
  facet normal 0.964965 -0.262377 0
    outer loop
      vertex -79.5968 1.2317 4.91667
      vertex -79.5968 1.2317 4.9124
      vertex -79.5941 1.24163 4.91529
    endloop
  endfacet
  facet normal 0.967389 -0.253294 0
    outer loop
      vertex -79.5968 1.2317 4.91667
      vertex -79.5994 1.22177 4.91378
      vertex -79.5968 1.2317 4.9124
    endloop
  endfacet
  facet normal 0.966103 -0.257654 0.0161362
    outer loop
      vertex -79.6775 0.930416 4.93759
      vertex -79.5994 1.22177 4.91378
      vertex -79.5968 1.2317 4.91667
    endloop
  endfacet
  facet normal 0.965899 -0.258918 0
    outer loop
      vertex -79.6775 0.930416 4.93759
      vertex -79.6775 0.930416 4.93333
      vertex -79.5994 1.22177 4.91378
    endloop
  endfacet
  facet normal 0.965948 -0.258738 0
    outer loop
      vertex -79.7589 0.626525 4.91317
      vertex -79.6775 0.930416 4.93759
      vertex -79.7589 0.626525 4.99924
    endloop
  endfacet
  facet normal 0.965948 -0.258738 0
    outer loop
      vertex -79.6775 0.930416 4.93759
      vertex -79.7589 0.626525 4.91317
      vertex -79.6775 0.930416 4.93333
    endloop
  endfacet
  facet normal 0.965947 -0.258739 0
    outer loop
      vertex -79.516 1.53299 6.89148
      vertex -79.4346 1.83688 6.9159
      vertex -79.516 1.53299 6.89574
    endloop
  endfacet
  facet normal 0.965947 -0.258739 0
    outer loop
      vertex -79.4346 1.83688 6.9159
      vertex -79.516 1.53299 6.89148
      vertex -79.4346 1.83688 6.82984
    endloop
  endfacet
  facet normal 0.965901 -0.258913 0
    outer loop
      vertex -79.5941 1.24163 6.91529
      vertex -79.516 1.53299 6.89148
      vertex -79.516 1.53299 6.89574
    endloop
  endfacet
  facet normal 0.965649 -0.25966 -0.00997378
    outer loop
      vertex -79.5941 1.24163 6.91529
      vertex -79.5968 1.2317 6.9124
      vertex -79.516 1.53299 6.89148
    endloop
  endfacet
  facet normal 0.964965 -0.262377 0
    outer loop
      vertex -79.5968 1.2317 6.91667
      vertex -79.5968 1.2317 6.9124
      vertex -79.5941 1.24163 6.91529
    endloop
  endfacet
  facet normal 0.967389 -0.253294 0
    outer loop
      vertex -79.5968 1.2317 6.91667
      vertex -79.5994 1.22177 6.91378
      vertex -79.5968 1.2317 6.9124
    endloop
  endfacet
  facet normal 0.966103 -0.257654 0.0161362
    outer loop
      vertex -79.6775 0.930416 6.93759
      vertex -79.5994 1.22177 6.91378
      vertex -79.5968 1.2317 6.91667
    endloop
  endfacet
  facet normal 0.965899 -0.258918 0
    outer loop
      vertex -79.6775 0.930416 6.93759
      vertex -79.6775 0.930416 6.93333
      vertex -79.5994 1.22177 6.91378
    endloop
  endfacet
  facet normal 0.965948 -0.258738 0
    outer loop
      vertex -79.7589 0.626525 6.91317
      vertex -79.6775 0.930416 6.93759
      vertex -79.7589 0.626525 6.99924
    endloop
  endfacet
  facet normal 0.965948 -0.258738 0
    outer loop
      vertex -79.6775 0.930416 6.93759
      vertex -79.7589 0.626525 6.91317
      vertex -79.6775 0.930416 6.93333
    endloop
  endfacet
  facet normal 0.965947 -0.258739 0
    outer loop
      vertex -79.516 1.53299 8.89148
      vertex -79.4346 1.83688 8.9159
      vertex -79.516 1.53299 8.89574
    endloop
  endfacet
  facet normal 0.965947 -0.258739 0
    outer loop
      vertex -79.4346 1.83688 8.9159
      vertex -79.516 1.53299 8.89148
      vertex -79.4346 1.83688 8.82984
    endloop
  endfacet
  facet normal 0.965901 -0.258913 0
    outer loop
      vertex -79.5941 1.24163 8.91529
      vertex -79.516 1.53299 8.89148
      vertex -79.516 1.53299 8.89574
    endloop
  endfacet
  facet normal 0.965649 -0.25966 -0.00997378
    outer loop
      vertex -79.5941 1.24163 8.91529
      vertex -79.5968 1.2317 8.9124
      vertex -79.516 1.53299 8.89148
    endloop
  endfacet
  facet normal 0.964965 -0.262377 0
    outer loop
      vertex -79.5968 1.2317 8.91667
      vertex -79.5968 1.2317 8.9124
      vertex -79.5941 1.24163 8.91529
    endloop
  endfacet
  facet normal 0.967389 -0.253294 0
    outer loop
      vertex -79.5968 1.2317 8.91667
      vertex -79.5994 1.22177 8.91378
      vertex -79.5968 1.2317 8.9124
    endloop
  endfacet
  facet normal 0.966103 -0.257654 0.0161362
    outer loop
      vertex -79.6775 0.930416 8.93759
      vertex -79.5994 1.22177 8.91378
      vertex -79.5968 1.2317 8.91667
    endloop
  endfacet
  facet normal 0.965899 -0.258918 0
    outer loop
      vertex -79.6775 0.930416 8.93759
      vertex -79.6775 0.930416 8.93333
      vertex -79.5994 1.22177 8.91378
    endloop
  endfacet
  facet normal 0.965948 -0.258738 0
    outer loop
      vertex -79.7589 0.626525 8.91317
      vertex -79.6775 0.930416 8.93759
      vertex -79.7589 0.626525 8.99924
    endloop
  endfacet
  facet normal 0.965948 -0.258738 0
    outer loop
      vertex -79.6775 0.930416 8.93759
      vertex -79.7589 0.626525 8.91317
      vertex -79.6775 0.930416 8.93333
    endloop
  endfacet
  facet normal 0.965947 -0.258739 0
    outer loop
      vertex -79.516 1.53299 10.8915
      vertex -79.4346 1.83688 10.9159
      vertex -79.516 1.53299 10.8957
    endloop
  endfacet
  facet normal 0.965947 -0.258739 0
    outer loop
      vertex -79.4346 1.83688 10.9159
      vertex -79.516 1.53299 10.8915
      vertex -79.4346 1.83688 10.8298
    endloop
  endfacet
  facet normal 0.965901 -0.258913 0
    outer loop
      vertex -79.5941 1.24163 10.9153
      vertex -79.516 1.53299 10.8915
      vertex -79.516 1.53299 10.8957
    endloop
  endfacet
  facet normal 0.965649 -0.259658 -0.00994783
    outer loop
      vertex -79.5941 1.24163 10.9153
      vertex -79.5968 1.2317 10.9124
      vertex -79.516 1.53299 10.8915
    endloop
  endfacet
  facet normal 0.964965 -0.262377 0
    outer loop
      vertex -79.5968 1.2317 10.9167
      vertex -79.5968 1.2317 10.9124
      vertex -79.5941 1.24163 10.9153
    endloop
  endfacet
  facet normal 0.967389 -0.253294 0
    outer loop
      vertex -79.5968 1.2317 10.9167
      vertex -79.5994 1.22177 10.9138
      vertex -79.5968 1.2317 10.9124
    endloop
  endfacet
  facet normal 0.966102 -0.257658 0.0160942
    outer loop
      vertex -79.6775 0.930416 10.9376
      vertex -79.5994 1.22177 10.9138
      vertex -79.5968 1.2317 10.9167
    endloop
  endfacet
  facet normal 0.965899 -0.258918 0
    outer loop
      vertex -79.6775 0.930416 10.9376
      vertex -79.6775 0.930416 10.9333
      vertex -79.5994 1.22177 10.9138
    endloop
  endfacet
  facet normal 0.965948 -0.258738 0
    outer loop
      vertex -79.7589 0.626525 10.9132
      vertex -79.6775 0.930416 10.9376
      vertex -79.7589 0.626525 10.9992
    endloop
  endfacet
  facet normal 0.965948 -0.258738 0
    outer loop
      vertex -79.6775 0.930416 10.9376
      vertex -79.7589 0.626525 10.9132
      vertex -79.6775 0.930416 10.9333
    endloop
  endfacet
  facet normal 0.965947 -0.258739 0
    outer loop
      vertex -79.516 1.53299 12.8915
      vertex -79.4346 1.83688 12.9159
      vertex -79.516 1.53299 12.8957
    endloop
  endfacet
  facet normal 0.965947 -0.258739 0
    outer loop
      vertex -79.4346 1.83688 12.9159
      vertex -79.516 1.53299 12.8915
      vertex -79.4346 1.83688 12.8298
    endloop
  endfacet
  facet normal 0.965901 -0.258913 0
    outer loop
      vertex -79.5941 1.24163 12.9153
      vertex -79.516 1.53299 12.8915
      vertex -79.516 1.53299 12.8957
    endloop
  endfacet
  facet normal 0.965649 -0.259658 -0.00994783
    outer loop
      vertex -79.5941 1.24163 12.9153
      vertex -79.5968 1.2317 12.9124
      vertex -79.516 1.53299 12.8915
    endloop
  endfacet
  facet normal 0.964965 -0.262377 0
    outer loop
      vertex -79.5968 1.2317 12.9167
      vertex -79.5968 1.2317 12.9124
      vertex -79.5941 1.24163 12.9153
    endloop
  endfacet
  facet normal 0.967389 -0.253294 0
    outer loop
      vertex -79.5968 1.2317 12.9167
      vertex -79.5994 1.22177 12.9138
      vertex -79.5968 1.2317 12.9124
    endloop
  endfacet
  facet normal 0.966102 -0.257658 0.0160942
    outer loop
      vertex -79.6775 0.930416 12.9376
      vertex -79.5994 1.22177 12.9138
      vertex -79.5968 1.2317 12.9167
    endloop
  endfacet
  facet normal 0.965899 -0.258918 0
    outer loop
      vertex -79.6775 0.930416 12.9376
      vertex -79.6775 0.930416 12.9333
      vertex -79.5994 1.22177 12.9138
    endloop
  endfacet
  facet normal 0.965948 -0.258738 0
    outer loop
      vertex -79.7589 0.626525 12.9132
      vertex -79.6775 0.930416 12.9376
      vertex -79.7589 0.626525 12.9992
    endloop
  endfacet
  facet normal 0.965948 -0.258738 0
    outer loop
      vertex -79.6775 0.930416 12.9376
      vertex -79.7589 0.626525 12.9132
      vertex -79.6775 0.930416 12.9333
    endloop
  endfacet
  facet normal 0.965947 -0.258739 0
    outer loop
      vertex -79.516 1.53299 14.8915
      vertex -79.4346 1.83688 14.9159
      vertex -79.516 1.53299 14.8957
    endloop
  endfacet
  facet normal 0.965947 -0.258739 0
    outer loop
      vertex -79.4346 1.83688 14.9159
      vertex -79.516 1.53299 14.8915
      vertex -79.4346 1.83688 14.8298
    endloop
  endfacet
  facet normal 0.965901 -0.258913 0
    outer loop
      vertex -79.5941 1.24163 14.9153
      vertex -79.516 1.53299 14.8915
      vertex -79.516 1.53299 14.8957
    endloop
  endfacet
  facet normal 0.965649 -0.259658 -0.00994783
    outer loop
      vertex -79.5941 1.24163 14.9153
      vertex -79.5968 1.2317 14.9124
      vertex -79.516 1.53299 14.8915
    endloop
  endfacet
  facet normal 0.964965 -0.262377 0
    outer loop
      vertex -79.5968 1.2317 14.9167
      vertex -79.5968 1.2317 14.9124
      vertex -79.5941 1.24163 14.9153
    endloop
  endfacet
  facet normal 0.967389 -0.253294 0
    outer loop
      vertex -79.5968 1.2317 14.9167
      vertex -79.5994 1.22177 14.9138
      vertex -79.5968 1.2317 14.9124
    endloop
  endfacet
  facet normal 0.966102 -0.257658 0.0160942
    outer loop
      vertex -79.6775 0.930416 14.9376
      vertex -79.5994 1.22177 14.9138
      vertex -79.5968 1.2317 14.9167
    endloop
  endfacet
  facet normal 0.965899 -0.258918 0
    outer loop
      vertex -79.6775 0.930416 14.9376
      vertex -79.6775 0.930416 14.9333
      vertex -79.5994 1.22177 14.9138
    endloop
  endfacet
  facet normal 0.965948 -0.258738 0
    outer loop
      vertex -79.7589 0.626525 14.9132
      vertex -79.6775 0.930416 14.9376
      vertex -79.7589 0.626525 14.9992
    endloop
  endfacet
  facet normal 0.965948 -0.258738 0
    outer loop
      vertex -79.6775 0.930416 14.9376
      vertex -79.7589 0.626525 14.9132
      vertex -79.6775 0.930416 14.9333
    endloop
  endfacet
  facet normal 0.965947 -0.258739 0
    outer loop
      vertex -79.516 1.53299 16.8915
      vertex -79.4346 1.83688 16.9159
      vertex -79.516 1.53299 16.8957
    endloop
  endfacet
  facet normal 0.965947 -0.258739 0
    outer loop
      vertex -79.4346 1.83688 16.9159
      vertex -79.516 1.53299 16.8915
      vertex -79.4346 1.83688 16.8298
    endloop
  endfacet
  facet normal 0.965901 -0.258913 0
    outer loop
      vertex -79.5941 1.24163 16.9153
      vertex -79.516 1.53299 16.8915
      vertex -79.516 1.53299 16.8957
    endloop
  endfacet
  facet normal 0.965649 -0.259658 -0.00994783
    outer loop
      vertex -79.5941 1.24163 16.9153
      vertex -79.5968 1.2317 16.9124
      vertex -79.516 1.53299 16.8915
    endloop
  endfacet
  facet normal 0.964965 -0.262377 0
    outer loop
      vertex -79.5968 1.2317 16.9167
      vertex -79.5968 1.2317 16.9124
      vertex -79.5941 1.24163 16.9153
    endloop
  endfacet
  facet normal 0.967389 -0.253294 0
    outer loop
      vertex -79.5968 1.2317 16.9167
      vertex -79.5994 1.22177 16.9138
      vertex -79.5968 1.2317 16.9124
    endloop
  endfacet
  facet normal 0.966102 -0.257658 0.0160942
    outer loop
      vertex -79.6775 0.930416 16.9376
      vertex -79.5994 1.22177 16.9138
      vertex -79.5968 1.2317 16.9167
    endloop
  endfacet
  facet normal 0.965899 -0.258918 0
    outer loop
      vertex -79.6775 0.930416 16.9376
      vertex -79.6775 0.930416 16.9333
      vertex -79.5994 1.22177 16.9138
    endloop
  endfacet
  facet normal 0.965948 -0.258738 0
    outer loop
      vertex -79.7589 0.626525 16.9132
      vertex -79.6775 0.930416 16.9376
      vertex -79.7589 0.626525 16.9992
    endloop
  endfacet
  facet normal 0.965948 -0.258738 0
    outer loop
      vertex -79.6775 0.930416 16.9376
      vertex -79.7589 0.626525 16.9132
      vertex -79.6775 0.930416 16.9333
    endloop
  endfacet
  facet normal 0.965947 -0.258739 0
    outer loop
      vertex -79.516 1.53299 18.8915
      vertex -79.4346 1.83688 18.9159
      vertex -79.516 1.53299 18.8957
    endloop
  endfacet
  facet normal 0.965947 -0.258739 0
    outer loop
      vertex -79.4346 1.83688 18.9159
      vertex -79.516 1.53299 18.8915
      vertex -79.4346 1.83688 18.8298
    endloop
  endfacet
  facet normal 0.965901 -0.258913 0
    outer loop
      vertex -79.5941 1.24163 18.9153
      vertex -79.516 1.53299 18.8915
      vertex -79.516 1.53299 18.8957
    endloop
  endfacet
  facet normal 0.965649 -0.259658 -0.00994783
    outer loop
      vertex -79.5941 1.24163 18.9153
      vertex -79.5968 1.2317 18.9124
      vertex -79.516 1.53299 18.8915
    endloop
  endfacet
  facet normal 0.964965 -0.262377 0
    outer loop
      vertex -79.5968 1.2317 18.9167
      vertex -79.5968 1.2317 18.9124
      vertex -79.5941 1.24163 18.9153
    endloop
  endfacet
  facet normal 0.967389 -0.253294 0
    outer loop
      vertex -79.5968 1.2317 18.9167
      vertex -79.5994 1.22177 18.9138
      vertex -79.5968 1.2317 18.9124
    endloop
  endfacet
  facet normal 0.966102 -0.257658 0.0160942
    outer loop
      vertex -79.6775 0.930416 18.9376
      vertex -79.5994 1.22177 18.9138
      vertex -79.5968 1.2317 18.9167
    endloop
  endfacet
  facet normal 0.965899 -0.258918 0
    outer loop
      vertex -79.6775 0.930416 18.9376
      vertex -79.6775 0.930416 18.9333
      vertex -79.5994 1.22177 18.9138
    endloop
  endfacet
  facet normal 0.965948 -0.258738 0
    outer loop
      vertex -79.7589 0.626525 18.9132
      vertex -79.6775 0.930416 18.9376
      vertex -79.7589 0.626525 18.9992
    endloop
  endfacet
  facet normal 0.965948 -0.258738 0
    outer loop
      vertex -79.6775 0.930416 18.9376
      vertex -79.7589 0.626525 18.9132
      vertex -79.6775 0.930416 18.9333
    endloop
  endfacet
  facet normal 0.258797 0.965892 -0.00880659
    outer loop
      vertex -76.2163 -4.60091 19.4142
      vertex -76.2218 -4.59944 19.4138
      vertex -76.6339 -4.48902 19.4142
    endloop
  endfacet
  facet normal 0.258816 0.965913 0.00503492
    outer loop
      vertex -76.2317 -4.59678 19.4124
      vertex -76.6339 -4.48902 19.4142
      vertex -76.2218 -4.59944 19.4138
    endloop
  endfacet
  facet normal 0.258799 0.965931 0.000163861
    outer loop
      vertex -76.533 -4.51605 19.3915
      vertex -76.6339 -4.48902 19.4142
      vertex -76.2317 -4.59678 19.4124
    endloop
  endfacet
  facet normal 0.258847 0.965918 0
    outer loop
      vertex -76.6339 -4.48902 19.4142
      vertex -76.8369 -4.43462 19.3298
      vertex -76.8369 -4.43462 19.463
    endloop
  endfacet
  facet normal 0.258794 0.965933 0.000137632
    outer loop
      vertex -76.8369 -4.43462 19.3298
      vertex -76.6339 -4.48902 19.4142
      vertex -76.533 -4.51605 19.3915
    endloop
  endfacet
  facet normal 0.258681 0.965963 0
    outer loop
      vertex -75.6265 -4.75893 19.463
      vertex -75.6265 -4.75893 19.4132
      vertex -75.7889 -4.71544 19.4239
    endloop
  endfacet
  facet normal 0.25879 0.965934 -0
    outer loop
      vertex -75.6265 -4.75893 1.41317
      vertex -75.9304 -4.67751 1.43759
      vertex -75.6265 -4.75893 1.49924
    endloop
  endfacet
  facet normal 0.25879 0.965934 0
    outer loop
      vertex -75.9304 -4.67751 1.43759
      vertex -75.6265 -4.75893 1.41317
      vertex -75.9304 -4.67751 1.43333
    endloop
  endfacet
  facet normal 0.258787 0.965934 0
    outer loop
      vertex -76.2218 -4.59944 1.41378
      vertex -75.9304 -4.67751 1.43759
      vertex -75.9304 -4.67751 1.43333
    endloop
  endfacet
  facet normal 0.258939 0.965892 -0.00199923
    outer loop
      vertex -75.9304 -4.67751 1.43759
      vertex -76.2218 -4.59944 1.41378
      vertex -76.2317 -4.59678 1.41667
    endloop
  endfacet
  facet normal 0.259484 0.965747 -0
    outer loop
      vertex -76.2317 -4.59678 1.4124
      vertex -76.2317 -4.59678 1.41667
      vertex -76.2218 -4.59944 1.41378
    endloop
  endfacet
  facet normal 0.259484 0.965747 0
    outer loop
      vertex -76.2317 -4.59678 1.41667
      vertex -76.2317 -4.59678 1.4124
      vertex -76.2416 -4.59412 1.41529
    endloop
  endfacet
  facet normal 0.258939 0.965892 -0.00199923
    outer loop
      vertex -76.533 -4.51605 1.39148
      vertex -76.2416 -4.59412 1.41529
      vertex -76.2317 -4.59678 1.4124
    endloop
  endfacet
  facet normal 0.258787 0.965934 0
    outer loop
      vertex -76.2416 -4.59412 1.41529
      vertex -76.533 -4.51605 1.39148
      vertex -76.533 -4.51605 1.39574
    endloop
  endfacet
  facet normal 0.25882 0.965926 -0
    outer loop
      vertex -76.533 -4.51605 1.39148
      vertex -76.8369 -4.43462 1.4159
      vertex -76.533 -4.51605 1.39574
    endloop
  endfacet
  facet normal 0.25882 0.965926 0
    outer loop
      vertex -76.8369 -4.43462 1.4159
      vertex -76.533 -4.51605 1.39148
      vertex -76.8369 -4.43462 1.32984
    endloop
  endfacet
  facet normal 0.25879 0.965934 -0
    outer loop
      vertex -75.6265 -4.75893 3.41317
      vertex -75.9304 -4.67751 3.43759
      vertex -75.6265 -4.75893 3.49924
    endloop
  endfacet
  facet normal 0.25879 0.965934 0
    outer loop
      vertex -75.9304 -4.67751 3.43759
      vertex -75.6265 -4.75893 3.41317
      vertex -75.9304 -4.67751 3.43333
    endloop
  endfacet
  facet normal 0.258787 0.965934 0
    outer loop
      vertex -76.2218 -4.59944 3.41378
      vertex -75.9304 -4.67751 3.43759
      vertex -75.9304 -4.67751 3.43333
    endloop
  endfacet
  facet normal 0.258939 0.965892 -0.00199923
    outer loop
      vertex -75.9304 -4.67751 3.43759
      vertex -76.2218 -4.59944 3.41378
      vertex -76.2317 -4.59678 3.41667
    endloop
  endfacet
  facet normal 0.259484 0.965747 -0
    outer loop
      vertex -76.2317 -4.59678 3.4124
      vertex -76.2317 -4.59678 3.41667
      vertex -76.2218 -4.59944 3.41378
    endloop
  endfacet
  facet normal 0.259484 0.965747 0
    outer loop
      vertex -76.2317 -4.59678 3.41667
      vertex -76.2317 -4.59678 3.4124
      vertex -76.2416 -4.59412 3.41529
    endloop
  endfacet
  facet normal 0.258939 0.965892 -0.00199923
    outer loop
      vertex -76.533 -4.51605 3.39148
      vertex -76.2416 -4.59412 3.41529
      vertex -76.2317 -4.59678 3.4124
    endloop
  endfacet
  facet normal 0.258787 0.965934 0
    outer loop
      vertex -76.2416 -4.59412 3.41529
      vertex -76.533 -4.51605 3.39148
      vertex -76.533 -4.51605 3.39574
    endloop
  endfacet
  facet normal 0.25882 0.965926 -0
    outer loop
      vertex -76.533 -4.51605 3.39148
      vertex -76.8369 -4.43462 3.4159
      vertex -76.533 -4.51605 3.39574
    endloop
  endfacet
  facet normal 0.25882 0.965926 0
    outer loop
      vertex -76.8369 -4.43462 3.4159
      vertex -76.533 -4.51605 3.39148
      vertex -76.8369 -4.43462 3.32984
    endloop
  endfacet
  facet normal 0.25879 0.965934 -0
    outer loop
      vertex -75.6265 -4.75893 5.41317
      vertex -75.9304 -4.67751 5.43759
      vertex -75.6265 -4.75893 5.49924
    endloop
  endfacet
  facet normal 0.25879 0.965934 0
    outer loop
      vertex -75.9304 -4.67751 5.43759
      vertex -75.6265 -4.75893 5.41317
      vertex -75.9304 -4.67751 5.43333
    endloop
  endfacet
  facet normal 0.258787 0.965934 0
    outer loop
      vertex -76.2218 -4.59944 5.41378
      vertex -75.9304 -4.67751 5.43759
      vertex -75.9304 -4.67751 5.43333
    endloop
  endfacet
  facet normal 0.258939 0.965892 -0.00199923
    outer loop
      vertex -75.9304 -4.67751 5.43759
      vertex -76.2218 -4.59944 5.41378
      vertex -76.2317 -4.59678 5.41667
    endloop
  endfacet
  facet normal 0.259484 0.965747 -0
    outer loop
      vertex -76.2317 -4.59678 5.4124
      vertex -76.2317 -4.59678 5.41667
      vertex -76.2218 -4.59944 5.41378
    endloop
  endfacet
  facet normal 0.259484 0.965747 0
    outer loop
      vertex -76.2317 -4.59678 5.41667
      vertex -76.2317 -4.59678 5.4124
      vertex -76.2416 -4.59412 5.41529
    endloop
  endfacet
  facet normal 0.258939 0.965892 -0.00199923
    outer loop
      vertex -76.533 -4.51605 5.39148
      vertex -76.2416 -4.59412 5.41529
      vertex -76.2317 -4.59678 5.4124
    endloop
  endfacet
  facet normal 0.258787 0.965934 0
    outer loop
      vertex -76.2416 -4.59412 5.41529
      vertex -76.533 -4.51605 5.39148
      vertex -76.533 -4.51605 5.39574
    endloop
  endfacet
  facet normal 0.25882 0.965926 -0
    outer loop
      vertex -76.533 -4.51605 5.39148
      vertex -76.8369 -4.43462 5.4159
      vertex -76.533 -4.51605 5.39574
    endloop
  endfacet
  facet normal 0.25882 0.965926 0
    outer loop
      vertex -76.8369 -4.43462 5.4159
      vertex -76.533 -4.51605 5.39148
      vertex -76.8369 -4.43462 5.32984
    endloop
  endfacet
  facet normal 0.25879 0.965934 -0
    outer loop
      vertex -75.6265 -4.75893 7.41317
      vertex -75.9304 -4.67751 7.43759
      vertex -75.6265 -4.75893 7.49924
    endloop
  endfacet
  facet normal 0.25879 0.965934 0
    outer loop
      vertex -75.9304 -4.67751 7.43759
      vertex -75.6265 -4.75893 7.41317
      vertex -75.9304 -4.67751 7.43333
    endloop
  endfacet
  facet normal 0.258787 0.965934 0
    outer loop
      vertex -76.2218 -4.59944 7.41378
      vertex -75.9304 -4.67751 7.43759
      vertex -75.9304 -4.67751 7.43333
    endloop
  endfacet
  facet normal 0.258939 0.965892 -0.00199923
    outer loop
      vertex -75.9304 -4.67751 7.43759
      vertex -76.2218 -4.59944 7.41378
      vertex -76.2317 -4.59678 7.41667
    endloop
  endfacet
  facet normal 0.259484 0.965747 -0
    outer loop
      vertex -76.2317 -4.59678 7.4124
      vertex -76.2317 -4.59678 7.41667
      vertex -76.2218 -4.59944 7.41378
    endloop
  endfacet
  facet normal 0.259484 0.965747 0
    outer loop
      vertex -76.2317 -4.59678 7.41667
      vertex -76.2317 -4.59678 7.4124
      vertex -76.2416 -4.59412 7.41529
    endloop
  endfacet
  facet normal 0.258939 0.965892 -0.00199923
    outer loop
      vertex -76.533 -4.51605 7.39148
      vertex -76.2416 -4.59412 7.41529
      vertex -76.2317 -4.59678 7.4124
    endloop
  endfacet
  facet normal 0.258787 0.965934 0
    outer loop
      vertex -76.2416 -4.59412 7.41529
      vertex -76.533 -4.51605 7.39148
      vertex -76.533 -4.51605 7.39574
    endloop
  endfacet
  facet normal 0.25882 0.965926 -0
    outer loop
      vertex -76.533 -4.51605 7.39148
      vertex -76.8369 -4.43462 7.4159
      vertex -76.533 -4.51605 7.39574
    endloop
  endfacet
  facet normal 0.25882 0.965926 0
    outer loop
      vertex -76.8369 -4.43462 7.4159
      vertex -76.533 -4.51605 7.39148
      vertex -76.8369 -4.43462 7.32984
    endloop
  endfacet
  facet normal 0.25879 0.965934 -0
    outer loop
      vertex -75.6265 -4.75893 9.41317
      vertex -75.9304 -4.67751 9.43759
      vertex -75.6265 -4.75893 9.49924
    endloop
  endfacet
  facet normal 0.25879 0.965934 0
    outer loop
      vertex -75.9304 -4.67751 9.43759
      vertex -75.6265 -4.75893 9.41317
      vertex -75.9304 -4.67751 9.43333
    endloop
  endfacet
  facet normal 0.258787 0.965934 0
    outer loop
      vertex -76.2218 -4.59944 9.41378
      vertex -75.9304 -4.67751 9.43759
      vertex -75.9304 -4.67751 9.43333
    endloop
  endfacet
  facet normal 0.258939 0.965892 -0.00199923
    outer loop
      vertex -75.9304 -4.67751 9.43759
      vertex -76.2218 -4.59944 9.41378
      vertex -76.2317 -4.59678 9.41667
    endloop
  endfacet
  facet normal 0.259484 0.965747 -0
    outer loop
      vertex -76.2317 -4.59678 9.4124
      vertex -76.2317 -4.59678 9.41667
      vertex -76.2218 -4.59944 9.41378
    endloop
  endfacet
  facet normal 0.259484 0.965747 0
    outer loop
      vertex -76.2317 -4.59678 9.41667
      vertex -76.2317 -4.59678 9.4124
      vertex -76.2416 -4.59412 9.41529
    endloop
  endfacet
  facet normal 0.258939 0.965892 -0.00199923
    outer loop
      vertex -76.533 -4.51605 9.39148
      vertex -76.2416 -4.59412 9.41529
      vertex -76.2317 -4.59678 9.4124
    endloop
  endfacet
  facet normal 0.258787 0.965934 0
    outer loop
      vertex -76.2416 -4.59412 9.41529
      vertex -76.533 -4.51605 9.39148
      vertex -76.533 -4.51605 9.39574
    endloop
  endfacet
  facet normal 0.25882 0.965926 -0
    outer loop
      vertex -76.533 -4.51605 9.39148
      vertex -76.8369 -4.43462 9.4159
      vertex -76.533 -4.51605 9.39574
    endloop
  endfacet
  facet normal 0.25882 0.965926 0
    outer loop
      vertex -76.8369 -4.43462 9.4159
      vertex -76.533 -4.51605 9.39148
      vertex -76.8369 -4.43462 9.32984
    endloop
  endfacet
  facet normal 0.25879 0.965934 -0
    outer loop
      vertex -75.6265 -4.75893 11.4132
      vertex -75.9304 -4.67751 11.4376
      vertex -75.6265 -4.75893 11.4992
    endloop
  endfacet
  facet normal 0.25879 0.965934 0
    outer loop
      vertex -75.9304 -4.67751 11.4376
      vertex -75.6265 -4.75893 11.4132
      vertex -75.9304 -4.67751 11.4333
    endloop
  endfacet
  facet normal 0.258787 0.965934 0
    outer loop
      vertex -76.2218 -4.59944 11.4138
      vertex -75.9304 -4.67751 11.4376
      vertex -75.9304 -4.67751 11.4333
    endloop
  endfacet
  facet normal 0.258938 0.965892 -0.00199403
    outer loop
      vertex -75.9304 -4.67751 11.4376
      vertex -76.2218 -4.59944 11.4138
      vertex -76.2317 -4.59678 11.4167
    endloop
  endfacet
  facet normal 0.259484 0.965747 -0
    outer loop
      vertex -76.2317 -4.59678 11.4124
      vertex -76.2317 -4.59678 11.4167
      vertex -76.2218 -4.59944 11.4138
    endloop
  endfacet
  facet normal 0.259484 0.965747 0
    outer loop
      vertex -76.2317 -4.59678 11.4167
      vertex -76.2317 -4.59678 11.4124
      vertex -76.2416 -4.59412 11.4153
    endloop
  endfacet
  facet normal 0.258938 0.965892 -0.00199403
    outer loop
      vertex -76.533 -4.51605 11.3915
      vertex -76.2416 -4.59412 11.4153
      vertex -76.2317 -4.59678 11.4124
    endloop
  endfacet
  facet normal 0.258787 0.965934 0
    outer loop
      vertex -76.2416 -4.59412 11.4153
      vertex -76.533 -4.51605 11.3915
      vertex -76.533 -4.51605 11.3957
    endloop
  endfacet
  facet normal 0.25882 0.965926 -0
    outer loop
      vertex -76.533 -4.51605 11.3915
      vertex -76.8369 -4.43462 11.4159
      vertex -76.533 -4.51605 11.3957
    endloop
  endfacet
  facet normal 0.25882 0.965926 0
    outer loop
      vertex -76.8369 -4.43462 11.4159
      vertex -76.533 -4.51605 11.3915
      vertex -76.8369 -4.43462 11.3298
    endloop
  endfacet
  facet normal 0.25879 0.965934 -0
    outer loop
      vertex -75.6265 -4.75893 13.4132
      vertex -75.9304 -4.67751 13.4376
      vertex -75.6265 -4.75893 13.4992
    endloop
  endfacet
  facet normal 0.25879 0.965934 0
    outer loop
      vertex -75.9304 -4.67751 13.4376
      vertex -75.6265 -4.75893 13.4132
      vertex -75.9304 -4.67751 13.4333
    endloop
  endfacet
  facet normal 0.258787 0.965934 0
    outer loop
      vertex -76.2218 -4.59944 13.4138
      vertex -75.9304 -4.67751 13.4376
      vertex -75.9304 -4.67751 13.4333
    endloop
  endfacet
  facet normal 0.258938 0.965892 -0.00199403
    outer loop
      vertex -75.9304 -4.67751 13.4376
      vertex -76.2218 -4.59944 13.4138
      vertex -76.2317 -4.59678 13.4167
    endloop
  endfacet
  facet normal 0.259484 0.965747 -0
    outer loop
      vertex -76.2317 -4.59678 13.4124
      vertex -76.2317 -4.59678 13.4167
      vertex -76.2218 -4.59944 13.4138
    endloop
  endfacet
  facet normal 0.259484 0.965747 0
    outer loop
      vertex -76.2317 -4.59678 13.4167
      vertex -76.2317 -4.59678 13.4124
      vertex -76.2416 -4.59412 13.4153
    endloop
  endfacet
  facet normal 0.258938 0.965892 -0.00199403
    outer loop
      vertex -76.533 -4.51605 13.3915
      vertex -76.2416 -4.59412 13.4153
      vertex -76.2317 -4.59678 13.4124
    endloop
  endfacet
  facet normal 0.258787 0.965934 0
    outer loop
      vertex -76.2416 -4.59412 13.4153
      vertex -76.533 -4.51605 13.3915
      vertex -76.533 -4.51605 13.3957
    endloop
  endfacet
  facet normal 0.25882 0.965926 -0
    outer loop
      vertex -76.533 -4.51605 13.3915
      vertex -76.8369 -4.43462 13.4159
      vertex -76.533 -4.51605 13.3957
    endloop
  endfacet
  facet normal 0.25882 0.965926 0
    outer loop
      vertex -76.8369 -4.43462 13.4159
      vertex -76.533 -4.51605 13.3915
      vertex -76.8369 -4.43462 13.3298
    endloop
  endfacet
  facet normal 0.25879 0.965934 -0
    outer loop
      vertex -75.6265 -4.75893 15.4132
      vertex -75.9304 -4.67751 15.4376
      vertex -75.6265 -4.75893 15.4992
    endloop
  endfacet
  facet normal 0.25879 0.965934 0
    outer loop
      vertex -75.9304 -4.67751 15.4376
      vertex -75.6265 -4.75893 15.4132
      vertex -75.9304 -4.67751 15.4333
    endloop
  endfacet
  facet normal 0.258787 0.965934 0
    outer loop
      vertex -76.2218 -4.59944 15.4138
      vertex -75.9304 -4.67751 15.4376
      vertex -75.9304 -4.67751 15.4333
    endloop
  endfacet
  facet normal 0.258938 0.965892 -0.00199403
    outer loop
      vertex -75.9304 -4.67751 15.4376
      vertex -76.2218 -4.59944 15.4138
      vertex -76.2317 -4.59678 15.4167
    endloop
  endfacet
  facet normal 0.259484 0.965747 -0
    outer loop
      vertex -76.2317 -4.59678 15.4124
      vertex -76.2317 -4.59678 15.4167
      vertex -76.2218 -4.59944 15.4138
    endloop
  endfacet
  facet normal 0.259484 0.965747 0
    outer loop
      vertex -76.2317 -4.59678 15.4167
      vertex -76.2317 -4.59678 15.4124
      vertex -76.2416 -4.59412 15.4153
    endloop
  endfacet
  facet normal 0.258938 0.965892 -0.00199403
    outer loop
      vertex -76.533 -4.51605 15.3915
      vertex -76.2416 -4.59412 15.4153
      vertex -76.2317 -4.59678 15.4124
    endloop
  endfacet
  facet normal 0.258787 0.965934 0
    outer loop
      vertex -76.2416 -4.59412 15.4153
      vertex -76.533 -4.51605 15.3915
      vertex -76.533 -4.51605 15.3957
    endloop
  endfacet
  facet normal 0.25882 0.965926 -0
    outer loop
      vertex -76.533 -4.51605 15.3915
      vertex -76.8369 -4.43462 15.4159
      vertex -76.533 -4.51605 15.3957
    endloop
  endfacet
  facet normal 0.25882 0.965926 0
    outer loop
      vertex -76.8369 -4.43462 15.4159
      vertex -76.533 -4.51605 15.3915
      vertex -76.8369 -4.43462 15.3298
    endloop
  endfacet
  facet normal 0.25879 0.965934 -0
    outer loop
      vertex -75.6265 -4.75893 17.4132
      vertex -75.9304 -4.67751 17.4376
      vertex -75.6265 -4.75893 17.4992
    endloop
  endfacet
  facet normal 0.25879 0.965934 0
    outer loop
      vertex -75.9304 -4.67751 17.4376
      vertex -75.6265 -4.75893 17.4132
      vertex -75.9304 -4.67751 17.4333
    endloop
  endfacet
  facet normal 0.258787 0.965934 0
    outer loop
      vertex -76.2218 -4.59944 17.4138
      vertex -75.9304 -4.67751 17.4376
      vertex -75.9304 -4.67751 17.4333
    endloop
  endfacet
  facet normal 0.258938 0.965892 -0.00199403
    outer loop
      vertex -75.9304 -4.67751 17.4376
      vertex -76.2218 -4.59944 17.4138
      vertex -76.2317 -4.59678 17.4167
    endloop
  endfacet
  facet normal 0.259484 0.965747 -0
    outer loop
      vertex -76.2317 -4.59678 17.4124
      vertex -76.2317 -4.59678 17.4167
      vertex -76.2218 -4.59944 17.4138
    endloop
  endfacet
  facet normal 0.259484 0.965747 0
    outer loop
      vertex -76.2317 -4.59678 17.4167
      vertex -76.2317 -4.59678 17.4124
      vertex -76.2416 -4.59412 17.4153
    endloop
  endfacet
  facet normal 0.258938 0.965892 -0.00199403
    outer loop
      vertex -76.533 -4.51605 17.3915
      vertex -76.2416 -4.59412 17.4153
      vertex -76.2317 -4.59678 17.4124
    endloop
  endfacet
  facet normal 0.258787 0.965934 0
    outer loop
      vertex -76.2416 -4.59412 17.4153
      vertex -76.533 -4.51605 17.3915
      vertex -76.533 -4.51605 17.3957
    endloop
  endfacet
  facet normal 0.25882 0.965926 -0
    outer loop
      vertex -76.533 -4.51605 17.3915
      vertex -76.8369 -4.43462 17.4159
      vertex -76.533 -4.51605 17.3957
    endloop
  endfacet
  facet normal 0.25882 0.965926 0
    outer loop
      vertex -76.8369 -4.43462 17.4159
      vertex -76.533 -4.51605 17.3915
      vertex -76.8369 -4.43462 17.3298
    endloop
  endfacet
  facet normal 0.0699001 -0.798042 -0.598533
    outer loop
      vertex -75.854 4.84358 0.397602
      vertex -75.775 4.71916 0.572721
      vertex -75.8308 4.71161 0.576271
    endloop
  endfacet
  facet normal 0.0698572 -0.798054 -0.598522
    outer loop
      vertex -75.775 4.71916 0.572721
      vertex -75.854 4.84358 0.397602
      vertex -75.6525 4.87502 0.379199
    endloop
  endfacet
  facet normal 0.0697453 -0.798027 -0.598572
    outer loop
      vertex -75.775 4.71916 0.572721
      vertex -75.6525 4.87502 0.379199
      vertex -75.6265 4.75893 0.537002
    endloop
  endfacet
  facet normal 0.0697961 -0.798021 -0.598575
    outer loop
      vertex -75.6265 4.75893 0.537002
      vertex -75.6525 4.87502 0.379199
      vertex -75.6053 4.75893 0.539474
    endloop
  endfacet
  facet normal 0.0698686 -0.798006 -0.598586
    outer loop
      vertex -75.6525 4.87502 0.379199
      vertex -75.4808 4.75893 0.554006
      vertex -75.6053 4.75893 0.539474
    endloop
  endfacet
  facet normal 0.0698148 -0.798042 -0.598544
    outer loop
      vertex -75.4808 4.75893 0.554006
      vertex -75 4.97677 0.31964
      vertex -75.0357 4.8191 0.525698
    endloop
  endfacet
  facet normal 0.0698105 -0.798038 -0.59855
    outer loop
      vertex -75.4808 4.75893 0.554006
      vertex -75.6525 4.87502 0.379199
      vertex -75 4.97677 0.31964
    endloop
  endfacet
  facet normal 0.0698281 -0.798042 -0.598542
    outer loop
      vertex -75.0357 4.8191 0.525698
      vertex -75 4.97677 0.31964
      vertex -75 4.82375 0.523663
    endloop
  endfacet
  facet normal 0.207171 -0.773324 -0.599208
    outer loop
      vertex -76.2417 4.59838 0.580311
      vertex -76.2679 4.58707 0.585849
      vertex -76.3221 4.57255 0.585849
    endloop
  endfacet
  facet normal 0.207501 -0.773758 -0.598534
    outer loop
      vertex -76.2679 4.58707 0.585849
      vertex -76.2417 4.59838 0.580311
      vertex -76.2322 4.59859 0.583333
    endloop
  endfacet
  facet normal 0.207421 -0.773986 -0.598267
    outer loop
      vertex -76.233 4.60167 0.579071
      vertex -76.2322 4.59859 0.583333
      vertex -76.2417 4.59838 0.580311
    endloop
  endfacet
  facet normal 0.207858 -0.77387 -0.598265
    outer loop
      vertex -76.2322 4.59859 0.583333
      vertex -76.233 4.60167 0.579071
      vertex -76.2232 4.602 0.582049
    endloop
  endfacet
  facet normal 0.207638 -0.774546 -0.597466
    outer loop
      vertex -76.0596 4.65757 0.566865
      vertex -76.2232 4.602 0.582049
      vertex -76.233 4.60167 0.579071
    endloop
  endfacet
  facet normal 0.207325 -0.773888 -0.598426
    outer loop
      vertex -76.2232 4.602 0.582049
      vertex -76.0596 4.65757 0.566865
      vertex -76.0597 4.65428 0.571085
    endloop
  endfacet
  facet normal 0.20814 -0.773761 -0.598308
    outer loop
      vertex -76.0443 4.66252 0.565786
      vertex -76.0597 4.65428 0.571085
      vertex -76.0596 4.65757 0.566865
    endloop
  endfacet
  facet normal 0.207352 -0.773052 -0.599496
    outer loop
      vertex -76.0597 4.65428 0.571085
      vertex -76.0443 4.66252 0.565786
      vertex -76.0268 4.66482 0.568873
    endloop
  endfacet
  facet normal 0.207282 -0.773822 -0.598526
    outer loop
      vertex -75.854 4.84358 0.397602
      vertex -76.0268 4.66482 0.568873
      vertex -76.0443 4.66252 0.565786
    endloop
  endfacet
  facet normal 0.207323 -0.773834 -0.598496
    outer loop
      vertex -76.0268 4.66482 0.568873
      vertex -75.854 4.84358 0.397602
      vertex -75.8308 4.71161 0.576271
    endloop
  endfacet
  facet normal 0.726136 0.338399 0.598509
    outer loop
      vertex -79.5778 -2.47918 20
      vertex -79.1214 -2.37947 19.3899
      vertex -79.24 -2.17397 19.4176
    endloop
  endfacet
  facet normal 0.726047 0.338638 0.598481
    outer loop
      vertex -79.1214 -2.37947 19.3899
      vertex -79.5778 -2.47918 20
      vertex -79.5176 -2.60825 20
    endloop
  endfacet
  facet normal 0.773748 0.207291 0.598618
    outer loop
      vertex -80.1004 -1.0434 20
      vertex -79.489 -1.63387 19.4142
      vertex -79.6427 -1.06016 19.4142
    endloop
  endfacet
  facet normal 0.773764 0.207347 0.598579
    outer loop
      vertex -79.489 -1.63387 19.4142
      vertex -80.1004 -1.0434 20
      vertex -79.9019 -1.78415 20
    endloop
  endfacet
  facet normal 0.798033 0.0698103 0.598557
    outer loop
      vertex -80.2165 0 20
      vertex -79.7589 -0.605328 19.4605
      vertex -79.7589 0 19.3899
    endloop
  endfacet
  facet normal 0.798017 0.0697775 0.598581
    outer loop
      vertex -79.7589 -0.605328 19.4605
      vertex -80.2165 0 20
      vertex -80.1497 -0.763965 20
    endloop
  endfacet
  facet normal 0.726053 0.338447 0.598582
    outer loop
      vertex -79.9019 -1.78415 20
      vertex -79.4346 -1.83688 19.463
      vertex -79.489 -1.63387 19.4142
    endloop
  endfacet
  facet normal 0.726037 0.338521 0.59856
    outer loop
      vertex -79.9019 -1.78415 20
      vertex -79.24 -2.17397 19.4176
      vertex -79.4346 -1.83688 19.463
    endloop
  endfacet
  facet normal 0.726038 0.33856 0.598536
    outer loop
      vertex -79.24 -2.17397 19.4176
      vertex -79.9019 -1.78415 20
      vertex -79.5778 -2.47918 20
    endloop
  endfacet
  facet normal 0.656244 0.459457 0.598534
    outer loop
      vertex -79.4359 -2.72491 20
      vertex -78.8081 -2.92205 19.463
      vertex -79.0027 -2.58496 19.4176
    endloop
  endfacet
  facet normal 0.656247 0.459443 0.598542
    outer loop
      vertex -78.9961 -3.3531 20
      vertex -78.8081 -2.92205 19.463
      vertex -79.4359 -2.72491 20
    endloop
  endfacet
  facet normal 0.656158 0.459524 0.598577
    outer loop
      vertex -78.8081 -2.92205 19.463
      vertex -78.9961 -3.3531 20
      vertex -78.6595 -3.07067 19.4142
    endloop
  endfacet
  facet normal 0.0696196 0.798077 0.59852
    outer loop
      vertex -75.7889 -4.71544 19.4239
      vertex -75.764 -5.14966 20
      vertex -75.6265 -4.75893 19.463
    endloop
  endfacet
  facet normal 0.0705945 0.7979 0.598641
    outer loop
      vertex -75.6265 -4.75893 19.463
      vertex -75.764 -5.14966 20
      vertex -75.6053 -4.75893 19.4605
    endloop
  endfacet
  facet normal 0.070601 0.798042 0.598451
    outer loop
      vertex -75.8305 -4.70981 19.4213
      vertex -75.764 -5.14966 20
      vertex -75.7889 -4.71544 19.4239
    endloop
  endfacet
  facet normal 0.0698428 0.798043 0.598539
    outer loop
      vertex -75.764 -5.14966 20
      vertex -75.8305 -4.70981 19.4213
      vertex -75.9058 -5.13725 20
    endloop
  endfacet
  facet normal 0.3385 0.726071 0.598531
    outer loop
      vertex -77.3795 -4.12136 19.3899
      vertex -77.4792 -4.57781 20
      vertex -77.174 -4.24 19.4176
    endloop
  endfacet
  facet normal 0.338512 0.726066 0.598529
    outer loop
      vertex -77.4792 -4.57781 20
      vertex -77.3795 -4.12136 19.3899
      vertex -77.6083 -4.51762 20
    endloop
  endfacet
  facet normal 0.0692869 0.798074 0.598563
    outer loop
      vertex -75.033 -4.81763 19.472
      vertex -75 -5.2165 20
      vertex -75 -4.82192 19.4739
    endloop
  endfacet
  facet normal 0.0698618 0.798059 0.598516
    outer loop
      vertex -75.4671 -4.75893 19.4444
      vertex -75 -5.2165 20
      vertex -75.033 -4.81763 19.472
    endloop
  endfacet
  facet normal 0.0698184 0.798044 0.59854
    outer loop
      vertex -75 -5.2165 20
      vertex -75.4671 -4.75893 19.4444
      vertex -75.764 -5.14966 20
    endloop
  endfacet
  facet normal 0.0697253 0.798074 0.598511
    outer loop
      vertex -75.764 -5.14966 20
      vertex -75.4671 -4.75893 19.4444
      vertex -75.6053 -4.75893 19.4605
    endloop
  endfacet
  facet normal 0.566459 0.566449 0.598548
    outer loop
      vertex -78.6595 -3.07067 19.4142
      vertex -78.3531 -3.99607 20
      vertex -78.0707 -3.65948 19.4142
    endloop
  endfacet
  facet normal 0.566428 0.566455 0.598572
    outer loop
      vertex -78.3531 -3.99607 20
      vertex -78.6595 -3.07067 19.4142
      vertex -78.9961 -3.3531 20
    endloop
  endfacet
  facet normal 0.459502 0.656237 0.598507
    outer loop
      vertex -77.7249 -4.43594 20
      vertex -77.9221 -3.8081 19.463
      vertex -78.3531 -3.99607 20
    endloop
  endfacet
  facet normal 0.459479 0.656241 0.59852
    outer loop
      vertex -77.9221 -3.8081 19.463
      vertex -77.7249 -4.43594 20
      vertex -77.585 -4.00272 19.4176
    endloop
  endfacet
  facet normal 0.459626 0.656103 0.598559
    outer loop
      vertex -78.3531 -3.99607 20
      vertex -77.9221 -3.8081 19.463
      vertex -78.0707 -3.65948 19.4142
    endloop
  endfacet
  facet normal 0.773711 0.207538 0.598582
    outer loop
      vertex -79.6427 -1.06016 19.4142
      vertex -80.1373 -0.905835 20
      vertex -80.1004 -1.0434 20
    endloop
  endfacet
  facet normal 0.773719 0.207333 0.598642
    outer loop
      vertex -80.1373 -0.905835 20
      vertex -79.6427 -1.06016 19.4142
      vertex -79.7045 -0.829537 19.4142
    endloop
  endfacet
  facet normal 0.207723 0.773769 0.598441
    outer loop
      vertex -76.2163 -4.60091 19.4142
      vertex -76.0434 -5.10039 20
      vertex -76.0599 -4.65094 19.4246
    endloop
  endfacet
  facet normal 0.207344 0.773778 0.598561
    outer loop
      vertex -76.0434 -5.10039 20
      vertex -76.2163 -4.60091 19.4142
      vertex -76.7841 -4.90191 20
    endloop
  endfacet
  facet normal 0.207326 0.773791 0.598551
    outer loop
      vertex -76.7841 -4.90191 20
      vertex -76.2163 -4.60091 19.4142
      vertex -76.6339 -4.48902 19.4142
    endloop
  endfacet
  facet normal 0.33857 0.726053 0.598512
    outer loop
      vertex -77.174 -4.24 19.4176
      vertex -76.7841 -4.90191 20
      vertex -76.8369 -4.43462 19.463
    endloop
  endfacet
  facet normal 0.338461 0.726078 0.598544
    outer loop
      vertex -76.8369 -4.43462 19.463
      vertex -76.7841 -4.90191 20
      vertex -76.6339 -4.48902 19.4142
    endloop
  endfacet
  facet normal 0.338532 0.726052 0.598536
    outer loop
      vertex -76.7841 -4.90191 20
      vertex -77.174 -4.24 19.4176
      vertex -77.4792 -4.57781 20
    endloop
  endfacet
  facet normal 0.797851 0.0706121 0.598706
    outer loop
      vertex -80.1497 -0.763965 20
      vertex -79.7589 -0.626525 19.463
      vertex -79.7589 -0.605328 19.4605
    endloop
  endfacet
  facet normal 0.797974 0.0699321 0.598621
    outer loop
      vertex -80.1497 -0.763965 20
      vertex -79.7045 -0.829537 19.4142
      vertex -79.7589 -0.626525 19.463
    endloop
  endfacet
  facet normal 0.797974 0.0697461 0.598642
    outer loop
      vertex -79.7045 -0.829537 19.4142
      vertex -80.1497 -0.763965 20
      vertex -80.1373 -0.905835 20
    endloop
  endfacet
  facet normal 0.656137 0.459688 0.598474
    outer loop
      vertex -79.5176 -2.60825 20
      vertex -79.0027 -2.58496 19.4176
      vertex -79.1214 -2.37947 19.3899
    endloop
  endfacet
  facet normal 0.656194 0.459549 0.598518
    outer loop
      vertex -79.0027 -2.58496 19.4176
      vertex -79.5176 -2.60825 20
      vertex -79.4359 -2.72491 20
    endloop
  endfacet
  facet normal 0.459644 0.656151 0.598492
    outer loop
      vertex -77.6083 -4.51762 20
      vertex -77.585 -4.00272 19.4176
      vertex -77.7249 -4.43594 20
    endloop
  endfacet
  facet normal 0.459519 0.656202 0.598532
    outer loop
      vertex -77.585 -4.00272 19.4176
      vertex -77.6083 -4.51762 20
      vertex -77.3795 -4.12136 19.3899
    endloop
  endfacet
  facet normal 0.20729 0.773822 0.598524
    outer loop
      vertex -75.9058 -5.13725 20
      vertex -76.0092 -4.66713 19.428
      vertex -76.0434 -5.10039 20
    endloop
  endfacet
  facet normal 0.207258 0.773825 0.598531
    outer loop
      vertex -76.0092 -4.66713 19.428
      vertex -75.9058 -5.13725 20
      vertex -75.8305 -4.70981 19.4213
    endloop
  endfacet
  facet normal 0.206984 0.773883 0.598551
    outer loop
      vertex -76.0434 -5.10039 20
      vertex -76.0092 -4.66713 19.428
      vertex -76.0599 -4.65094 19.4246
    endloop
  endfacet
  facet normal 0 -1 0
    outer loop
      vertex -80 -8.66025 0
      vertex -75 -8.66025 20
      vertex -80 -8.66025 20
    endloop
  endfacet
  facet normal 0 -1 -0
    outer loop
      vertex -75 -8.66025 20
      vertex -80 -8.66025 0
      vertex -75 -8.66025 0
    endloop
  endfacet
  facet normal 0 1 -0
    outer loop
      vertex -75 8.66025 0
      vertex -80 8.66025 20
      vertex -75 8.66025 20
    endloop
  endfacet
  facet normal 0 1 0
    outer loop
      vertex -80 8.66025 20
      vertex -75 8.66025 0
      vertex -80 8.66025 0
    endloop
  endfacet
  facet normal -0.866025 0.5 0
    outer loop
      vertex -85 0 0
      vertex -80 8.66025 20
      vertex -80 8.66025 0
    endloop
  endfacet
  facet normal -0.866025 0.5 0
    outer loop
      vertex -80 8.66025 20
      vertex -85 0 0
      vertex -85 0 20
    endloop
  endfacet
  facet normal -0.866025 -0.5 0
    outer loop
      vertex -80 -8.66025 0
      vertex -85 0 20
      vertex -85 0 0
    endloop
  endfacet
  facet normal -0.866025 -0.5 0
    outer loop
      vertex -85 0 20
      vertex -80 -8.66025 0
      vertex -80 -8.66025 20
    endloop
  endfacet
  facet normal 0 0 1
    outer loop
      vertex -75 8.66025 20
      vertex -75.5759 5.26059 20
      vertex -75 5.29763 20
    endloop
  endfacet
  facet normal 0 0 1
    outer loop
      vertex -75 8.66025 20
      vertex -76.3928 5.19792 20
      vertex -75.5759 5.26059 20
    endloop
  endfacet
  facet normal 0 0 1
    outer loop
      vertex -75 8.66025 20
      vertex -76.8485 5.04386 20
      vertex -76.3928 5.19792 20
    endloop
  endfacet
  facet normal -0 0 1
    outer loop
      vertex -80 8.66025 20
      vertex -76.8485 5.04386 20
      vertex -75 8.66025 20
    endloop
  endfacet
  facet normal 0 0 1
    outer loop
      vertex -76.8485 5.04386 20
      vertex -80 8.66025 20
      vertex -77.7325 4.73277 20
    endloop
  endfacet
  facet normal 0 0 1
    outer loop
      vertex -77.7325 4.73277 20
      vertex -80 8.66025 20
      vertex -78.0528 4.51931 20
    endloop
  endfacet
  facet normal 0 0 1
    outer loop
      vertex -78.0528 4.51931 20
      vertex -80 8.66025 20
      vertex -78.9234 3.92344 20
    endloop
  endfacet
  facet normal 0 0 1
    outer loop
      vertex -78.9234 3.92344 20
      vertex -80 8.66025 20
      vertex -79.1141 3.70653 20
    endloop
  endfacet
  facet normal 0 0 1
    outer loop
      vertex -79.1141 3.70653 20
      vertex -80 8.66025 20
      vertex -79.8777 2.81612 20
    endloop
  endfacet
  facet normal 0 0 1
    outer loop
      vertex -85 0 20
      vertex -79.8777 2.81612 20
      vertex -80 8.66025 20
    endloop
  endfacet
  facet normal 0 0 1
    outer loop
      vertex -79.8777 2.81612 20
      vertex -85 0 20
      vertex -79.9631 2.64337 20
    endloop
  endfacet
  facet normal 0 0 1
    outer loop
      vertex -79.9631 2.64337 20
      vertex -85 0 20
      vertex -80.5211 1.47938 20
    endloop
  endfacet
  facet normal 0 0 1
    outer loop
      vertex -80.5211 1.47938 20
      vertex -85 0 20
      vertex -80.5401 1.38463 20
    endloop
  endfacet
  facet normal 0 0 1
    outer loop
      vertex -80.5401 1.38463 20
      vertex -85 0 20
      vertex -80.7995 0 20
    endloop
  endfacet
  facet normal 0 0 1
    outer loop
      vertex -75.764 -5.14966 20
      vertex -75 -8.66025 20
      vertex -75 -5.2165 20
    endloop
  endfacet
  facet normal 0 0 1
    outer loop
      vertex -75.9058 -5.13725 20
      vertex -75 -8.66025 20
      vertex -75.764 -5.14966 20
    endloop
  endfacet
  facet normal 0 0 1
    outer loop
      vertex -76.0434 -5.10039 20
      vertex -75 -8.66025 20
      vertex -75.9058 -5.13725 20
    endloop
  endfacet
  facet normal 0 0 1
    outer loop
      vertex -76.7841 -4.90191 20
      vertex -75 -8.66025 20
      vertex -76.0434 -5.10039 20
    endloop
  endfacet
  facet normal 0 0 1
    outer loop
      vertex -80 -8.66025 20
      vertex -76.7841 -4.90191 20
      vertex -77.4792 -4.57781 20
    endloop
  endfacet
  facet normal 0 0 1
    outer loop
      vertex -80 -8.66025 20
      vertex -77.4792 -4.57781 20
      vertex -77.6083 -4.51762 20
    endloop
  endfacet
  facet normal 0 0 1
    outer loop
      vertex -80 -8.66025 20
      vertex -77.6083 -4.51762 20
      vertex -77.7249 -4.43594 20
    endloop
  endfacet
  facet normal 0 0 1
    outer loop
      vertex -80 -8.66025 20
      vertex -77.7249 -4.43594 20
      vertex -78.3531 -3.99607 20
    endloop
  endfacet
  facet normal 0 0 1
    outer loop
      vertex -80 -8.66025 20
      vertex -78.3531 -3.99607 20
      vertex -78.9961 -3.3531 20
    endloop
  endfacet
  facet normal 0 0 1
    outer loop
      vertex -80 -8.66025 20
      vertex -79.4359 -2.72491 20
      vertex -79.5176 -2.60825 20
    endloop
  endfacet
  facet normal 0 0 1
    outer loop
      vertex -85 0 20
      vertex -79.5778 -2.47918 20
      vertex -79.9019 -1.78415 20
    endloop
  endfacet
  facet normal 0 0 1
    outer loop
      vertex -76.7841 -4.90191 20
      vertex -80 -8.66025 20
      vertex -75 -8.66025 20
    endloop
  endfacet
  facet normal 0 0 1
    outer loop
      vertex -79.4359 -2.72491 20
      vertex -80 -8.66025 20
      vertex -78.9961 -3.3531 20
    endloop
  endfacet
  facet normal 0 0 1
    outer loop
      vertex -79.5778 -2.47918 20
      vertex -85 0 20
      vertex -79.5176 -2.60825 20
    endloop
  endfacet
  facet normal 0 0 1
    outer loop
      vertex -85 0 20
      vertex -79.9019 -1.78415 20
      vertex -80.1004 -1.0434 20
    endloop
  endfacet
  facet normal 0 0 1
    outer loop
      vertex -80.7995 0 20
      vertex -80.1004 -1.0434 20
      vertex -80.1373 -0.905835 20
    endloop
  endfacet
  facet normal 0 0 1
    outer loop
      vertex -80.7995 0 20
      vertex -80.1373 -0.905835 20
      vertex -80.1497 -0.763965 20
    endloop
  endfacet
  facet normal -0 0 1
    outer loop
      vertex -80.7995 0 20
      vertex -80.1497 -0.763965 20
      vertex -80.2165 0 20
    endloop
  endfacet
  facet normal 0 0 1
    outer loop
      vertex -80.1004 -1.0434 20
      vertex -80.7995 0 20
      vertex -85 0 20
    endloop
  endfacet
  facet normal 0 0 1
    outer loop
      vertex -79.5176 -2.60825 20
      vertex -85 0 20
      vertex -80 -8.66025 20
    endloop
  endfacet
  facet normal 0 0 -1
    outer loop
      vertex -75 -8.66025 0
      vertex -75.571 -5.26518 0
      vertex -75 -5.30191 0
    endloop
  endfacet
  facet normal 0 0 -1
    outer loop
      vertex -75 -8.66025 0
      vertex -76.3939 -5.20205 0
      vertex -75.571 -5.26518 0
    endloop
  endfacet
  facet normal 0 0 -1
    outer loop
      vertex -75 -8.66025 0
      vertex -76.8449 -5.04956 0
      vertex -76.3939 -5.20205 0
    endloop
  endfacet
  facet normal 0 0 -1
    outer loop
      vertex -80 -8.66025 0
      vertex -76.8449 -5.04956 0
      vertex -75 -8.66025 0
    endloop
  endfacet
  facet normal -0 0 -1
    outer loop
      vertex -76.8449 -5.04956 0
      vertex -80 -8.66025 0
      vertex -77.7346 -4.73648 0
    endloop
  endfacet
  facet normal -0 0 -1
    outer loop
      vertex -77.7346 -4.73648 0
      vertex -80 -8.66025 0
      vertex -78.0508 -4.52574 0
    endloop
  endfacet
  facet normal -0 0 -1
    outer loop
      vertex -78.0508 -4.52574 0
      vertex -80 -8.66025 0
      vertex -78.9265 -3.92647 0
    endloop
  endfacet
  facet normal -0 0 -1
    outer loop
      vertex -78.9265 -3.92647 0
      vertex -80 -8.66025 0
      vertex -79.1139 -3.71324 0
    endloop
  endfacet
  facet normal -0 0 -1
    outer loop
      vertex -79.1139 -3.71324 0
      vertex -80 -8.66025 0
      vertex -79.8814 -2.81826 0
    endloop
  endfacet
  facet normal 0 0 -1
    outer loop
      vertex -85 0 0
      vertex -79.8814 -2.81826 0
      vertex -80 -8.66025 0
    endloop
  endfacet
  facet normal 0 0 -1
    outer loop
      vertex -79.8814 -2.81826 0
      vertex -85 0 0
      vertex -79.9646 -2.64992 0
    endloop
  endfacet
  facet normal 0 0 -1
    outer loop
      vertex -79.9646 -2.64992 0
      vertex -85 0 0
      vertex -80.5253 -1.48049 0
    endloop
  endfacet
  facet normal 0 0 -1
    outer loop
      vertex -80.5253 -1.48049 0
      vertex -85 0 0
      vertex -80.5433 -1.39056 0
    endloop
  endfacet
  facet normal 0 0 -1
    outer loop
      vertex -80.5433 -1.39056 0
      vertex -85 0 0
      vertex -80.791 -0.0685482 0
    endloop
  endfacet
  facet normal 0 0 -1
    outer loop
      vertex -80.7995 -0.000525864 0
      vertex -85 0 0
      vertex -80.7995 0 0
    endloop
  endfacet
  facet normal 0 0 -1
    outer loop
      vertex -80.7989 -0.00823146 0
      vertex -85 0 0
      vertex -80.7995 -0.000525864 0
    endloop
  endfacet
  facet normal 0 0 -1
    outer loop
      vertex -80.791 -0.0685482 0
      vertex -85 0 0
      vertex -80.7989 -0.00823146 0
    endloop
  endfacet
  facet normal 0 0 -1
    outer loop
      vertex -75.5759 5.26059 0
      vertex -75 8.66025 0
      vertex -75 5.29763 0
    endloop
  endfacet
  facet normal 0 0 -1
    outer loop
      vertex -76.3928 5.19792 0
      vertex -75 8.66025 0
      vertex -75.5759 5.26059 0
    endloop
  endfacet
  facet normal 0 0 -1
    outer loop
      vertex -76.8485 5.04386 0
      vertex -75 8.66025 0
      vertex -76.3928 5.19792 0
    endloop
  endfacet
  facet normal 0 0 -1
    outer loop
      vertex -80 8.66025 0
      vertex -76.8485 5.04386 0
      vertex -77.7325 4.73277 0
    endloop
  endfacet
  facet normal 0 0 -1
    outer loop
      vertex -80 8.66025 0
      vertex -77.7325 4.73277 0
      vertex -78.0528 4.51931 0
    endloop
  endfacet
  facet normal 0 0 -1
    outer loop
      vertex -80 8.66025 0
      vertex -78.0528 4.51931 0
      vertex -78.9234 3.92344 0
    endloop
  endfacet
  facet normal 0 0 -1
    outer loop
      vertex -80 8.66025 0
      vertex -78.9234 3.92344 0
      vertex -79.1141 3.70653 0
    endloop
  endfacet
  facet normal 0 0 -1
    outer loop
      vertex -80 8.66025 0
      vertex -79.1141 3.70653 0
      vertex -79.8777 2.81612 0
    endloop
  endfacet
  facet normal 0 0 -1
    outer loop
      vertex -76.8485 5.04386 0
      vertex -80 8.66025 0
      vertex -75 8.66025 0
    endloop
  endfacet
  facet normal 0 0 -1
    outer loop
      vertex -85 0 0
      vertex -79.8777 2.81612 0
      vertex -79.9631 2.64337 0
    endloop
  endfacet
  facet normal 0 0 -1
    outer loop
      vertex -85 0 0
      vertex -79.9631 2.64337 0
      vertex -80.5211 1.47938 0
    endloop
  endfacet
  facet normal 0 0 -1
    outer loop
      vertex -85 0 0
      vertex -80.5211 1.47938 0
      vertex -80.5401 1.38463 0
    endloop
  endfacet
  facet normal 0 0 -1
    outer loop
      vertex -85 0 0
      vertex -80.5401 1.38463 0
      vertex -80.7995 0 0
    endloop
  endfacet
  facet normal -0 0 -1
    outer loop
      vertex -79.8777 2.81612 0
      vertex -85 0 0
      vertex -80 8.66025 0
    endloop
  endfacet
  facet normal 1 -0 0
    outer loop
      vertex -75 4.8 2.5
      vertex -75 5.8 1.49954
      vertex -75 5.8 3.49619
    endloop
  endfacet
  facet normal 1 0 0
    outer loop
      vertex -75 4.8 2.5
      vertex -75 4.8 2.49574
      vertex -75 5.8 1.49954
    endloop
  endfacet
  facet normal 1 -0 0
    outer loop
      vertex -75 4.75893 2.5
      vertex -75 4.8 2.49574
      vertex -75 4.8 2.5
    endloop
  endfacet
  facet normal 1 0 0
    outer loop
      vertex -75 4.8 2.49574
      vertex -75 4.75893 2.5
      vertex -75 4.75893 2.49574
    endloop
  endfacet
  facet normal 1 -0 0
    outer loop
      vertex -75 4.8 4.5
      vertex -75 5.8 3.49954
      vertex -75 5.8 5.49619
    endloop
  endfacet
  facet normal 1 0 0
    outer loop
      vertex -75 4.8 4.5
      vertex -75 4.8 4.49574
      vertex -75 5.8 3.49954
    endloop
  endfacet
  facet normal 1 -0 0
    outer loop
      vertex -75 4.75893 4.5
      vertex -75 4.8 4.49574
      vertex -75 4.8 4.5
    endloop
  endfacet
  facet normal 1 0 0
    outer loop
      vertex -75 4.8 4.49574
      vertex -75 4.75893 4.5
      vertex -75 4.75893 4.49574
    endloop
  endfacet
  facet normal 1 -0 0
    outer loop
      vertex -75 4.8 6.5
      vertex -75 5.8 5.49954
      vertex -75 5.8 7.49619
    endloop
  endfacet
  facet normal 1 0 0
    outer loop
      vertex -75 4.8 6.5
      vertex -75 4.8 6.49574
      vertex -75 5.8 5.49954
    endloop
  endfacet
  facet normal 1 -0 0
    outer loop
      vertex -75 4.75893 6.5
      vertex -75 4.8 6.49574
      vertex -75 4.8 6.5
    endloop
  endfacet
  facet normal 1 0 0
    outer loop
      vertex -75 4.8 6.49574
      vertex -75 4.75893 6.5
      vertex -75 4.75893 6.49574
    endloop
  endfacet
  facet normal 1 -0 0
    outer loop
      vertex -75 4.8 8.5
      vertex -75 5.8 7.49954
      vertex -75 5.8 9.49619
    endloop
  endfacet
  facet normal 1 0 0
    outer loop
      vertex -75 4.8 8.5
      vertex -75 4.8 8.49574
      vertex -75 5.8 7.49954
    endloop
  endfacet
  facet normal 1 -0 0
    outer loop
      vertex -75 4.75893 8.5
      vertex -75 4.8 8.49574
      vertex -75 4.8 8.5
    endloop
  endfacet
  facet normal 1 0 0
    outer loop
      vertex -75 4.8 8.49574
      vertex -75 4.75893 8.5
      vertex -75 4.75893 8.49574
    endloop
  endfacet
  facet normal 1 -0 0
    outer loop
      vertex -75 4.8 10.5
      vertex -75 5.8 9.49954
      vertex -75 5.8 11.4962
    endloop
  endfacet
  facet normal 1 0 0
    outer loop
      vertex -75 4.8 10.5
      vertex -75 4.8 10.4957
      vertex -75 5.8 9.49954
    endloop
  endfacet
  facet normal 1 -0 0
    outer loop
      vertex -75 4.75893 10.5
      vertex -75 4.8 10.4957
      vertex -75 4.8 10.5
    endloop
  endfacet
  facet normal 1 0 0
    outer loop
      vertex -75 4.8 10.4957
      vertex -75 4.75893 10.5
      vertex -75 4.75893 10.4957
    endloop
  endfacet
  facet normal 1 -0 0
    outer loop
      vertex -75 4.8 12.5
      vertex -75 5.8 11.4995
      vertex -75 5.8 13.4962
    endloop
  endfacet
  facet normal 1 0 0
    outer loop
      vertex -75 4.8 12.5
      vertex -75 4.8 12.4957
      vertex -75 5.8 11.4995
    endloop
  endfacet
  facet normal 1 -0 0
    outer loop
      vertex -75 4.75893 12.5
      vertex -75 4.8 12.4957
      vertex -75 4.8 12.5
    endloop
  endfacet
  facet normal 1 0 0
    outer loop
      vertex -75 4.8 12.4957
      vertex -75 4.75893 12.5
      vertex -75 4.75893 12.4957
    endloop
  endfacet
  facet normal 1 -0 0
    outer loop
      vertex -75 4.8 14.5
      vertex -75 5.8 13.4995
      vertex -75 5.8 15.4962
    endloop
  endfacet
  facet normal 1 0 0
    outer loop
      vertex -75 4.8 14.5
      vertex -75 4.8 14.4957
      vertex -75 5.8 13.4995
    endloop
  endfacet
  facet normal 1 -0 0
    outer loop
      vertex -75 4.75893 14.5
      vertex -75 4.8 14.4957
      vertex -75 4.8 14.5
    endloop
  endfacet
  facet normal 1 0 0
    outer loop
      vertex -75 4.8 14.4957
      vertex -75 4.75893 14.5
      vertex -75 4.75893 14.4957
    endloop
  endfacet
  facet normal 1 -0 0
    outer loop
      vertex -75 4.8 16.5
      vertex -75 5.8 15.4995
      vertex -75 5.8 17.4962
    endloop
  endfacet
  facet normal 1 0 0
    outer loop
      vertex -75 4.8 16.5
      vertex -75 4.8 16.4957
      vertex -75 5.8 15.4995
    endloop
  endfacet
  facet normal 1 -0 0
    outer loop
      vertex -75 4.75893 16.5
      vertex -75 4.8 16.4957
      vertex -75 4.8 16.5
    endloop
  endfacet
  facet normal 1 0 0
    outer loop
      vertex -75 4.8 16.4957
      vertex -75 4.75893 16.5
      vertex -75 4.75893 16.4957
    endloop
  endfacet
  facet normal 1 -0 0
    outer loop
      vertex -75 4.8 18.5
      vertex -75 5.8 17.4995
      vertex -75 5.8 19.4962
    endloop
  endfacet
  facet normal 1 0 0
    outer loop
      vertex -75 4.8 18.5
      vertex -75 4.8 18.4957
      vertex -75 5.8 17.4995
    endloop
  endfacet
  facet normal 1 -0 0
    outer loop
      vertex -75 4.75893 18.5
      vertex -75 4.8 18.4957
      vertex -75 4.8 18.5
    endloop
  endfacet
  facet normal 1 0 0
    outer loop
      vertex -75 4.8 18.4957
      vertex -75 4.75893 18.5
      vertex -75 4.75893 18.4957
    endloop
  endfacet
  facet normal 1 0 0
    outer loop
      vertex -75 5.8 19.4962
      vertex -75 8.66025 20
      vertex -75 5.8 19.4995
    endloop
  endfacet
  facet normal 1 0 -0
    outer loop
      vertex -75 5.8 19.4995
      vertex -75 8.66025 20
      vertex -75 5.29763 20
    endloop
  endfacet
  facet normal 1 0 0
    outer loop
      vertex -75 5.8 17.4995
      vertex -75 8.66025 20
      vertex -75 5.8 19.4962
    endloop
  endfacet
  facet normal 1 0 0
    outer loop
      vertex -75 5.8 17.4962
      vertex -75 8.66025 20
      vertex -75 5.8 17.4995
    endloop
  endfacet
  facet normal 1 0 0
    outer loop
      vertex -75 5.8 15.4995
      vertex -75 8.66025 20
      vertex -75 5.8 17.4962
    endloop
  endfacet
  facet normal 1 0 0
    outer loop
      vertex -75 5.8 15.4962
      vertex -75 8.66025 20
      vertex -75 5.8 15.4995
    endloop
  endfacet
  facet normal 1 0 0
    outer loop
      vertex -75 5.8 13.4995
      vertex -75 8.66025 20
      vertex -75 5.8 15.4962
    endloop
  endfacet
  facet normal 1 0 0
    outer loop
      vertex -75 5.8 13.4962
      vertex -75 8.66025 20
      vertex -75 5.8 13.4995
    endloop
  endfacet
  facet normal 1 0 0
    outer loop
      vertex -75 5.8 11.4995
      vertex -75 8.66025 20
      vertex -75 5.8 13.4962
    endloop
  endfacet
  facet normal 1 0 0
    outer loop
      vertex -75 5.8 11.4962
      vertex -75 8.66025 20
      vertex -75 5.8 11.4995
    endloop
  endfacet
  facet normal 1 0 0
    outer loop
      vertex -75 5.8 9.49954
      vertex -75 8.66025 20
      vertex -75 5.8 11.4962
    endloop
  endfacet
  facet normal 1 0 0
    outer loop
      vertex -75 8.66025 20
      vertex -75 5.8 9.49954
      vertex -75 8.66025 0
    endloop
  endfacet
  facet normal 1 -0 0
    outer loop
      vertex -75 5.8 9.49619
      vertex -75 8.66025 0
      vertex -75 5.8 9.49954
    endloop
  endfacet
  facet normal 1 -0 0
    outer loop
      vertex -75 5.8 7.49954
      vertex -75 8.66025 0
      vertex -75 5.8 9.49619
    endloop
  endfacet
  facet normal 1 -0 0
    outer loop
      vertex -75 5.8 7.49619
      vertex -75 8.66025 0
      vertex -75 5.8 7.49954
    endloop
  endfacet
  facet normal 1 -0 0
    outer loop
      vertex -75 5.8 5.49954
      vertex -75 8.66025 0
      vertex -75 5.8 7.49619
    endloop
  endfacet
  facet normal 1 -0 0
    outer loop
      vertex -75 5.8 5.49619
      vertex -75 8.66025 0
      vertex -75 5.8 5.49954
    endloop
  endfacet
  facet normal 1 -0 0
    outer loop
      vertex -75 5.8 3.49954
      vertex -75 8.66025 0
      vertex -75 5.8 5.49619
    endloop
  endfacet
  facet normal 1 -0 0
    outer loop
      vertex -75 5.8 3.49619
      vertex -75 8.66025 0
      vertex -75 5.8 3.49954
    endloop
  endfacet
  facet normal 1 -0 0
    outer loop
      vertex -75 5.8 1.49954
      vertex -75 8.66025 0
      vertex -75 5.8 3.49619
    endloop
  endfacet
  facet normal 1 -0 0
    outer loop
      vertex -75 5.8 1.49619
      vertex -75 8.66025 0
      vertex -75 5.8 1.49954
    endloop
  endfacet
  facet normal 1 0 0
    outer loop
      vertex -75 5.8 1.49619
      vertex -75 5.29763 0
      vertex -75 8.66025 0
    endloop
  endfacet
  facet normal 1 0 0
    outer loop
      vertex -75 5.8 1.49619
      vertex -75 4.97677 0.31964
      vertex -75 5.29763 0
    endloop
  endfacet
  facet normal 1 0 -0
    outer loop
      vertex -75 4.97677 0.31964
      vertex -75 5.8 1.49619
      vertex -75 4.82375 0.523663
    endloop
  endfacet
  facet normal 1 0 0
    outer loop
      vertex -75 -5.2165 20
      vertex -75 -5.8 18.4995
      vertex -75 -4.82192 19.4739
    endloop
  endfacet
  facet normal 1 0 0
    outer loop
      vertex -75 -8.66025 20
      vertex -75 -5.8 18.4962
      vertex -75 -5.8 18.4995
    endloop
  endfacet
  facet normal 1 0 0
    outer loop
      vertex -75 -5.8 18.4962
      vertex -75 -8.66025 20
      vertex -75 -5.8 16.4995
    endloop
  endfacet
  facet normal 1 0 0
    outer loop
      vertex -75 -5.8 16.4995
      vertex -75 -8.66025 20
      vertex -75 -5.8 16.4962
    endloop
  endfacet
  facet normal 1 0 0
    outer loop
      vertex -75 -5.8 16.4962
      vertex -75 -8.66025 20
      vertex -75 -5.8 14.4995
    endloop
  endfacet
  facet normal 1 0 0
    outer loop
      vertex -75 -5.8 14.4995
      vertex -75 -8.66025 20
      vertex -75 -5.8 14.4962
    endloop
  endfacet
  facet normal 1 0 0
    outer loop
      vertex -75 -5.8 14.4962
      vertex -75 -8.66025 20
      vertex -75 -5.8 12.4995
    endloop
  endfacet
  facet normal 1 0 0
    outer loop
      vertex -75 -5.8 12.4995
      vertex -75 -8.66025 20
      vertex -75 -5.8 12.4962
    endloop
  endfacet
  facet normal 1 0 0
    outer loop
      vertex -75 -5.8 12.4962
      vertex -75 -8.66025 20
      vertex -75 -5.8 10.4995
    endloop
  endfacet
  facet normal 1 0 0
    outer loop
      vertex -75 -5.8 10.4995
      vertex -75 -8.66025 20
      vertex -75 -5.8 10.4962
    endloop
  endfacet
  facet normal 1 0 0
    outer loop
      vertex -75 -8.66025 0
      vertex -75 -5.8 10.4962
      vertex -75 -8.66025 20
    endloop
  endfacet
  facet normal 1 0 0
    outer loop
      vertex -75 -5.8 10.4962
      vertex -75 -8.66025 0
      vertex -75 -5.8 8.49954
    endloop
  endfacet
  facet normal 1 0 0
    outer loop
      vertex -75 -5.8 8.49954
      vertex -75 -8.66025 0
      vertex -75 -5.8 8.49619
    endloop
  endfacet
  facet normal 1 0 0
    outer loop
      vertex -75 -5.8 8.49619
      vertex -75 -8.66025 0
      vertex -75 -5.8 6.49954
    endloop
  endfacet
  facet normal 1 0 0
    outer loop
      vertex -75 -5.8 6.49954
      vertex -75 -8.66025 0
      vertex -75 -5.8 6.49619
    endloop
  endfacet
  facet normal 1 0 0
    outer loop
      vertex -75 -5.8 6.49619
      vertex -75 -8.66025 0
      vertex -75 -5.8 4.49954
    endloop
  endfacet
  facet normal 1 0 0
    outer loop
      vertex -75 -5.8 4.49954
      vertex -75 -8.66025 0
      vertex -75 -5.8 4.49619
    endloop
  endfacet
  facet normal 1 0 0
    outer loop
      vertex -75 -5.8 4.49619
      vertex -75 -8.66025 0
      vertex -75 -5.8 2.49954
    endloop
  endfacet
  facet normal 1 0 0
    outer loop
      vertex -75 -5.8 2.49619
      vertex -75 -8.66025 0
      vertex -75 -5.8 0.499543
    endloop
  endfacet
  facet normal 1 0 0
    outer loop
      vertex -75 -5.8 2.49954
      vertex -75 -8.66025 0
      vertex -75 -5.8 2.49619
    endloop
  endfacet
  facet normal 1 -0 0
    outer loop
      vertex -75 -8.66025 20
      vertex -75 -5.8 18.4995
      vertex -75 -5.2165 20
    endloop
  endfacet
  facet normal 1 -0 0
    outer loop
      vertex -75 -4.8 17.5
      vertex -75 -4.75893 17.4957
      vertex -75 -4.75893 17.5
    endloop
  endfacet
  facet normal 1 0 0
    outer loop
      vertex -75 -4.8 17.5
      vertex -75 -4.8 17.4957
      vertex -75 -4.75893 17.4957
    endloop
  endfacet
  facet normal 1 0 0
    outer loop
      vertex -75 -5.8 18.4962
      vertex -75 -4.8 17.4957
      vertex -75 -4.8 17.5
    endloop
  endfacet
  facet normal 1 0 0
    outer loop
      vertex -75 -4.8 17.4957
      vertex -75 -5.8 18.4962
      vertex -75 -5.8 16.4995
    endloop
  endfacet
  facet normal 1 -0 0
    outer loop
      vertex -75 -4.8 15.5
      vertex -75 -4.75893 15.4957
      vertex -75 -4.75893 15.5
    endloop
  endfacet
  facet normal 1 0 0
    outer loop
      vertex -75 -4.8 15.5
      vertex -75 -4.8 15.4957
      vertex -75 -4.75893 15.4957
    endloop
  endfacet
  facet normal 1 0 0
    outer loop
      vertex -75 -5.8 16.4962
      vertex -75 -4.8 15.4957
      vertex -75 -4.8 15.5
    endloop
  endfacet
  facet normal 1 0 0
    outer loop
      vertex -75 -4.8 15.4957
      vertex -75 -5.8 16.4962
      vertex -75 -5.8 14.4995
    endloop
  endfacet
  facet normal 1 -0 0
    outer loop
      vertex -75 -4.8 13.5
      vertex -75 -4.75893 13.4957
      vertex -75 -4.75893 13.5
    endloop
  endfacet
  facet normal 1 0 0
    outer loop
      vertex -75 -4.8 13.5
      vertex -75 -4.8 13.4957
      vertex -75 -4.75893 13.4957
    endloop
  endfacet
  facet normal 1 0 0
    outer loop
      vertex -75 -5.8 14.4962
      vertex -75 -4.8 13.4957
      vertex -75 -4.8 13.5
    endloop
  endfacet
  facet normal 1 0 0
    outer loop
      vertex -75 -4.8 13.4957
      vertex -75 -5.8 14.4962
      vertex -75 -5.8 12.4995
    endloop
  endfacet
  facet normal 1 -0 0
    outer loop
      vertex -75 -4.8 11.5
      vertex -75 -4.75893 11.4957
      vertex -75 -4.75893 11.5
    endloop
  endfacet
  facet normal 1 0 0
    outer loop
      vertex -75 -4.8 11.5
      vertex -75 -4.8 11.4957
      vertex -75 -4.75893 11.4957
    endloop
  endfacet
  facet normal 1 0 0
    outer loop
      vertex -75 -5.8 12.4962
      vertex -75 -4.8 11.4957
      vertex -75 -4.8 11.5
    endloop
  endfacet
  facet normal 1 0 0
    outer loop
      vertex -75 -4.8 11.4957
      vertex -75 -5.8 12.4962
      vertex -75 -5.8 10.4995
    endloop
  endfacet
  facet normal 1 -0 0
    outer loop
      vertex -75 -4.8 9.5
      vertex -75 -4.75893 9.49574
      vertex -75 -4.75893 9.5
    endloop
  endfacet
  facet normal 1 0 0
    outer loop
      vertex -75 -4.8 9.5
      vertex -75 -4.8 9.49574
      vertex -75 -4.75893 9.49574
    endloop
  endfacet
  facet normal 1 0 0
    outer loop
      vertex -75 -5.8 10.4962
      vertex -75 -4.8 9.49574
      vertex -75 -4.8 9.5
    endloop
  endfacet
  facet normal 1 0 0
    outer loop
      vertex -75 -4.8 9.49574
      vertex -75 -5.8 10.4962
      vertex -75 -5.8 8.49954
    endloop
  endfacet
  facet normal 1 -0 0
    outer loop
      vertex -75 -4.8 7.5
      vertex -75 -4.75893 7.49574
      vertex -75 -4.75893 7.5
    endloop
  endfacet
  facet normal 1 0 0
    outer loop
      vertex -75 -4.8 7.5
      vertex -75 -4.8 7.49574
      vertex -75 -4.75893 7.49574
    endloop
  endfacet
  facet normal 1 0 0
    outer loop
      vertex -75 -5.8 8.49619
      vertex -75 -4.8 7.49574
      vertex -75 -4.8 7.5
    endloop
  endfacet
  facet normal 1 0 0
    outer loop
      vertex -75 -4.8 7.49574
      vertex -75 -5.8 8.49619
      vertex -75 -5.8 6.49954
    endloop
  endfacet
  facet normal 1 -0 0
    outer loop
      vertex -75 -4.8 5.5
      vertex -75 -4.75893 5.49574
      vertex -75 -4.75893 5.5
    endloop
  endfacet
  facet normal 1 0 0
    outer loop
      vertex -75 -4.8 5.5
      vertex -75 -4.8 5.49574
      vertex -75 -4.75893 5.49574
    endloop
  endfacet
  facet normal 1 0 0
    outer loop
      vertex -75 -5.8 6.49619
      vertex -75 -4.8 5.49574
      vertex -75 -4.8 5.5
    endloop
  endfacet
  facet normal 1 0 0
    outer loop
      vertex -75 -4.8 5.49574
      vertex -75 -5.8 6.49619
      vertex -75 -5.8 4.49954
    endloop
  endfacet
  facet normal 1 -0 0
    outer loop
      vertex -75 -4.8 3.5
      vertex -75 -4.75893 3.49574
      vertex -75 -4.75893 3.5
    endloop
  endfacet
  facet normal 1 0 0
    outer loop
      vertex -75 -4.8 3.5
      vertex -75 -4.8 3.49574
      vertex -75 -4.75893 3.49574
    endloop
  endfacet
  facet normal 1 0 0
    outer loop
      vertex -75 -5.8 4.49619
      vertex -75 -4.8 3.49574
      vertex -75 -4.8 3.5
    endloop
  endfacet
  facet normal 1 0 0
    outer loop
      vertex -75 -4.8 3.49574
      vertex -75 -5.8 4.49619
      vertex -75 -5.8 2.49954
    endloop
  endfacet
  facet normal 1 -0 0
    outer loop
      vertex -75 -4.8 1.5
      vertex -75 -4.75893 1.49574
      vertex -75 -4.75893 1.5
    endloop
  endfacet
  facet normal 1 0 0
    outer loop
      vertex -75 -4.8 1.5
      vertex -75 -4.8 1.49574
      vertex -75 -4.75893 1.49574
    endloop
  endfacet
  facet normal 1 0 0
    outer loop
      vertex -75 -5.8 2.49619
      vertex -75 -4.8 1.49574
      vertex -75 -4.8 1.5
    endloop
  endfacet
  facet normal 1 0 0
    outer loop
      vertex -75 -4.8 1.49574
      vertex -75 -5.8 2.49619
      vertex -75 -5.8 0.499543
    endloop
  endfacet
  facet normal 1 0 0
    outer loop
      vertex -75 -5.8 0.496195
      vertex -75 -8.66025 0
      vertex -75 -5.30191 0
    endloop
  endfacet
  facet normal 1 0 0
    outer loop
      vertex -75 -5.8 0.499543
      vertex -75 -8.66025 0
      vertex -75 -5.8 0.496195
    endloop
  endfacet
endsolid OpenSCAD_Model
