solid OpenSCAD_Model
  facet normal 0 1 -0
    outer loop
      vertex 64.05 72.3153 -0.0499992
      vertex 60.95 72.3153 2.5
      vertex 64.05 72.3153 2.5
    endloop
  endfacet
  facet normal 0 1 0
    outer loop
      vertex 60.95 72.3153 2.5
      vertex 64.05 72.3153 -0.0499992
      vertex 60.95 72.3153 -0.0499992
    endloop
  endfacet
  facet normal -0.866027 0.499997 0
    outer loop
      vertex 64.05 72.3153 -0.0499992
      vertex 65.6 75 2.5
      vertex 65.6 75 -0.0499992
    endloop
  endfacet
  facet normal -0.866027 0.499997 0
    outer loop
      vertex 65.6 75 2.5
      vertex 64.05 72.3153 -0.0499992
      vertex 64.05 72.3153 2.5
    endloop
  endfacet
  facet normal 0 -1 0
    outer loop
      vertex 60.95 77.6847 -0.0499992
      vertex 64.05 77.6847 2.5
      vertex 60.95 77.6847 2.5
    endloop
  endfacet
  facet normal 0 -1 -0
    outer loop
      vertex 64.05 77.6847 2.5
      vertex 60.95 77.6847 -0.0499992
      vertex 64.05 77.6847 -0.0499992
    endloop
  endfacet
  facet normal -0.866027 -0.499997 0
    outer loop
      vertex 65.6 75 -0.0499992
      vertex 64.05 77.6847 2.5
      vertex 64.05 77.6847 -0.0499992
    endloop
  endfacet
  facet normal -0.866027 -0.499997 0
    outer loop
      vertex 64.05 77.6847 2.5
      vertex 65.6 75 -0.0499992
      vertex 65.6 75 2.5
    endloop
  endfacet
  facet normal 0.866027 -0.499997 0
    outer loop
      vertex 59.4 75 2.5
      vertex 60.95 77.6847 -0.0499992
      vertex 60.95 77.6847 2.5
    endloop
  endfacet
  facet normal 0.866027 -0.499997 0
    outer loop
      vertex 60.95 77.6847 -0.0499992
      vertex 59.4 75 2.5
      vertex 59.4 75 -0.0499992
    endloop
  endfacet
  facet normal 0.866027 0.499997 0
    outer loop
      vertex 60.95 72.3153 2.5
      vertex 59.4 75 -0.0499992
      vertex 59.4 75 2.5
    endloop
  endfacet
  facet normal 0.866027 0.499997 0
    outer loop
      vertex 59.4 75 -0.0499992
      vertex 60.95 72.3153 2.5
      vertex 60.95 72.3153 -0.0499992
    endloop
  endfacet
  facet normal 0 0 1
    outer loop
      vertex 65.6 75 -0.0499992
      vertex 64.0757 75.2778 -0.0499992
      vertex 64.1 75 -0.0499992
    endloop
  endfacet
  facet normal -0 0 1
    outer loop
      vertex 63.8856 75.8 -0.0499992
      vertex 65.6 75 -0.0499992
      vertex 64.05 77.6847 -0.0499992
    endloop
  endfacet
  facet normal 0 0 1
    outer loop
      vertex 65.6 75 -0.0499992
      vertex 64.0035 75.5472 -0.0499992
      vertex 64.0757 75.2778 -0.0499992
    endloop
  endfacet
  facet normal 0 0 1
    outer loop
      vertex 65.6 75 -0.0499992
      vertex 63.8856 75.8 -0.0499992
      vertex 64.0035 75.5472 -0.0499992
    endloop
  endfacet
  facet normal 0 0 1
    outer loop
      vertex 64.05 77.6847 -0.0499992
      vertex 63.7257 76.0285 -0.0499992
      vertex 63.8856 75.8 -0.0499992
    endloop
  endfacet
  facet normal 0 0 1
    outer loop
      vertex 64.05 77.6847 -0.0499992
      vertex 63.5285 76.2257 -0.0499992
      vertex 63.7257 76.0285 -0.0499992
    endloop
  endfacet
  facet normal 0 0 1
    outer loop
      vertex 64.05 77.6847 -0.0499992
      vertex 63.3 76.3856 -0.0499992
      vertex 63.5285 76.2257 -0.0499992
    endloop
  endfacet
  facet normal 0 0 1
    outer loop
      vertex 64.05 77.6847 -0.0499992
      vertex 63.0472 76.5035 -0.0499992
      vertex 63.3 76.3856 -0.0499992
    endloop
  endfacet
  facet normal 0 0 1
    outer loop
      vertex 64.05 77.6847 -0.0499992
      vertex 62.7778 76.5757 -0.0499992
      vertex 63.0472 76.5035 -0.0499992
    endloop
  endfacet
  facet normal 0 0 1
    outer loop
      vertex 64.05 77.6847 -0.0499992
      vertex 62.5 76.6 -0.0499992
      vertex 62.7778 76.5757 -0.0499992
    endloop
  endfacet
  facet normal -0 0 1
    outer loop
      vertex 60.95 77.6847 -0.0499992
      vertex 62.5 76.6 -0.0499992
      vertex 64.05 77.6847 -0.0499992
    endloop
  endfacet
  facet normal 0 0 1
    outer loop
      vertex 62.5 76.6 -0.0499992
      vertex 60.95 77.6847 -0.0499992
      vertex 62.2222 76.5757 -0.0499992
    endloop
  endfacet
  facet normal 0 0 1
    outer loop
      vertex 62.2222 76.5757 -0.0499992
      vertex 60.95 77.6847 -0.0499992
      vertex 61.9528 76.5035 -0.0499992
    endloop
  endfacet
  facet normal 0 0 1
    outer loop
      vertex 61.9528 76.5035 -0.0499992
      vertex 60.95 77.6847 -0.0499992
      vertex 61.7 76.3856 -0.0499992
    endloop
  endfacet
  facet normal 0 0 1
    outer loop
      vertex 60.95 77.6847 -0.0499992
      vertex 61.4715 76.2257 -0.0499992
      vertex 61.7 76.3856 -0.0499992
    endloop
  endfacet
  facet normal 0 0 1
    outer loop
      vertex 60.95 77.6847 -0.0499992
      vertex 61.2743 76.0285 -0.0499992
      vertex 61.4715 76.2257 -0.0499992
    endloop
  endfacet
  facet normal 0 0 1
    outer loop
      vertex 60.95 77.6847 -0.0499992
      vertex 61.1144 75.8 -0.0499992
      vertex 61.2743 76.0285 -0.0499992
    endloop
  endfacet
  facet normal 0 0 1
    outer loop
      vertex 59.4 75 -0.0499992
      vertex 61.1144 75.8 -0.0499992
      vertex 60.95 77.6847 -0.0499992
    endloop
  endfacet
  facet normal 0 0 1
    outer loop
      vertex 61.1144 75.8 -0.0499992
      vertex 59.4 75 -0.0499992
      vertex 60.9965 75.5472 -0.0499992
    endloop
  endfacet
  facet normal 0 0 1
    outer loop
      vertex 60.9965 75.5472 -0.0499992
      vertex 59.4 75 -0.0499992
      vertex 60.9243 75.2778 -0.0499992
    endloop
  endfacet
  facet normal 0 0 1
    outer loop
      vertex 60.9243 75.2778 -0.0499992
      vertex 59.4 75 -0.0499992
      vertex 60.9 75 -0.0499992
    endloop
  endfacet
  facet normal 0 0 1
    outer loop
      vertex 64.0757 74.7222 -0.0499992
      vertex 65.6 75 -0.0499992
      vertex 64.1 75 -0.0499992
    endloop
  endfacet
  facet normal 0 0 1
    outer loop
      vertex 64.0035 74.4528 -0.0499992
      vertex 65.6 75 -0.0499992
      vertex 64.0757 74.7222 -0.0499992
    endloop
  endfacet
  facet normal 0 0 1
    outer loop
      vertex 63.8856 74.2 -0.0499992
      vertex 65.6 75 -0.0499992
      vertex 64.0035 74.4528 -0.0499992
    endloop
  endfacet
  facet normal 0 0 1
    outer loop
      vertex 65.6 75 -0.0499992
      vertex 63.8856 74.2 -0.0499992
      vertex 64.05 72.3153 -0.0499992
    endloop
  endfacet
  facet normal -0 0 1
    outer loop
      vertex 63.7257 73.9715 -0.0499992
      vertex 64.05 72.3153 -0.0499992
      vertex 63.8856 74.2 -0.0499992
    endloop
  endfacet
  facet normal -0 0 1
    outer loop
      vertex 63.5285 73.7743 -0.0499992
      vertex 64.05 72.3153 -0.0499992
      vertex 63.7257 73.9715 -0.0499992
    endloop
  endfacet
  facet normal -0 0 1
    outer loop
      vertex 63.3 73.6144 -0.0499992
      vertex 64.05 72.3153 -0.0499992
      vertex 63.5285 73.7743 -0.0499992
    endloop
  endfacet
  facet normal -0 0 1
    outer loop
      vertex 63.0472 73.4965 -0.0499992
      vertex 64.05 72.3153 -0.0499992
      vertex 63.3 73.6144 -0.0499992
    endloop
  endfacet
  facet normal -0 0 1
    outer loop
      vertex 62.7778 73.4243 -0.0499992
      vertex 64.05 72.3153 -0.0499992
      vertex 63.0472 73.4965 -0.0499992
    endloop
  endfacet
  facet normal -0 0 1
    outer loop
      vertex 62.5 73.4 -0.0499992
      vertex 64.05 72.3153 -0.0499992
      vertex 62.7778 73.4243 -0.0499992
    endloop
  endfacet
  facet normal 0 0 1
    outer loop
      vertex 60.95 72.3153 -0.0499992
      vertex 62.5 73.4 -0.0499992
      vertex 62.2222 73.4243 -0.0499992
    endloop
  endfacet
  facet normal 0 0 1
    outer loop
      vertex 60.95 72.3153 -0.0499992
      vertex 62.2222 73.4243 -0.0499992
      vertex 61.9528 73.4965 -0.0499992
    endloop
  endfacet
  facet normal 0 0 1
    outer loop
      vertex 60.95 72.3153 -0.0499992
      vertex 61.9528 73.4965 -0.0499992
      vertex 61.7 73.6144 -0.0499992
    endloop
  endfacet
  facet normal 0 0 1
    outer loop
      vertex 62.5 73.4 -0.0499992
      vertex 60.95 72.3153 -0.0499992
      vertex 64.05 72.3153 -0.0499992
    endloop
  endfacet
  facet normal 0 0 1
    outer loop
      vertex 61.4715 73.7743 -0.0499992
      vertex 60.95 72.3153 -0.0499992
      vertex 61.7 73.6144 -0.0499992
    endloop
  endfacet
  facet normal 0 0 1
    outer loop
      vertex 61.2743 73.9715 -0.0499992
      vertex 60.95 72.3153 -0.0499992
      vertex 61.4715 73.7743 -0.0499992
    endloop
  endfacet
  facet normal 0 0 1
    outer loop
      vertex 61.1144 74.2 -0.0499992
      vertex 60.95 72.3153 -0.0499992
      vertex 61.2743 73.9715 -0.0499992
    endloop
  endfacet
  facet normal 0 0 1
    outer loop
      vertex 59.4 75 -0.0499992
      vertex 61.1144 74.2 -0.0499992
      vertex 60.9965 74.4528 -0.0499992
    endloop
  endfacet
  facet normal 0 0 1
    outer loop
      vertex 59.4 75 -0.0499992
      vertex 60.9965 74.4528 -0.0499992
      vertex 60.9243 74.7222 -0.0499992
    endloop
  endfacet
  facet normal -0 0 1
    outer loop
      vertex 59.4 75 -0.0499992
      vertex 60.9243 74.7222 -0.0499992
      vertex 60.9 75 -0.0499992
    endloop
  endfacet
  facet normal 0 0 1
    outer loop
      vertex 61.1144 74.2 -0.0499992
      vertex 59.4 75 -0.0499992
      vertex 60.95 72.3153 -0.0499992
    endloop
  endfacet
  facet normal 0.258868 -0.965913 0
    outer loop
      vertex 61.9528 76.5035 -2.5
      vertex 62.2222 76.5757 -0.0499992
      vertex 61.9528 76.5035 -0.0499992
    endloop
  endfacet
  facet normal 0.258868 -0.965913 0
    outer loop
      vertex 62.2222 76.5757 -0.0499992
      vertex 61.9528 76.5035 -2.5
      vertex 62.2222 76.5757 -2.5
    endloop
  endfacet
  facet normal -0.965913 -0.258868 0
    outer loop
      vertex 64.0757 75.2778 -2.5
      vertex 64.0035 75.5472 -0.0499992
      vertex 64.0035 75.5472 -2.5
    endloop
  endfacet
  facet normal -0.965913 -0.258868 0
    outer loop
      vertex 64.0035 75.5472 -0.0499992
      vertex 64.0757 75.2778 -2.5
      vertex 64.0757 75.2778 -0.0499992
    endloop
  endfacet
  facet normal -0.996196 -0.0871403 0
    outer loop
      vertex 64.1 75 -2.5
      vertex 64.0757 75.2778 -0.0499992
      vertex 64.0757 75.2778 -2.5
    endloop
  endfacet
  facet normal -0.996196 -0.0871403 0
    outer loop
      vertex 64.0757 75.2778 -0.0499992
      vertex 64.1 75 -2.5
      vertex 64.1 75 -0.0499992
    endloop
  endfacet
  facet normal -0.906284 -0.42267 0
    outer loop
      vertex 64.0035 75.5472 -2.5
      vertex 63.8856 75.8 -0.0499992
      vertex 63.8856 75.8 -2.5
    endloop
  endfacet
  facet normal -0.906284 -0.42267 0
    outer loop
      vertex 63.8856 75.8 -0.0499992
      vertex 64.0035 75.5472 -2.5
      vertex 64.0035 75.5472 -0.0499992
    endloop
  endfacet
  facet normal 0.906284 0.42267 0
    outer loop
      vertex 61.1144 74.2 -0.0499992
      vertex 60.9965 74.4528 -2.5
      vertex 60.9965 74.4528 -0.0499992
    endloop
  endfacet
  facet normal 0.906284 0.42267 0
    outer loop
      vertex 60.9965 74.4528 -2.5
      vertex 61.1144 74.2 -0.0499992
      vertex 61.1144 74.2 -2.5
    endloop
  endfacet
  facet normal -0.906284 0.42267 0
    outer loop
      vertex 63.8856 74.2 -2.5
      vertex 64.0035 74.4528 -0.0499992
      vertex 64.0035 74.4528 -2.5
    endloop
  endfacet
  facet normal -0.906284 0.42267 0
    outer loop
      vertex 64.0035 74.4528 -0.0499992
      vertex 63.8856 74.2 -2.5
      vertex 63.8856 74.2 -0.0499992
    endloop
  endfacet
  facet normal -0.819316 0.573342 0
    outer loop
      vertex 63.7257 73.9715 -2.5
      vertex 63.8856 74.2 -0.0499992
      vertex 63.8856 74.2 -2.5
    endloop
  endfacet
  facet normal -0.819316 0.573342 0
    outer loop
      vertex 63.8856 74.2 -0.0499992
      vertex 63.7257 73.9715 -2.5
      vertex 63.7257 73.9715 -0.0499992
    endloop
  endfacet
  facet normal -0.996196 0.0871403 0
    outer loop
      vertex 64.0757 74.7222 -2.5
      vertex 64.1 75 -0.0499992
      vertex 64.1 75 -2.5
    endloop
  endfacet
  facet normal -0.996196 0.0871403 0
    outer loop
      vertex 64.1 75 -0.0499992
      vertex 64.0757 74.7222 -2.5
      vertex 64.0757 74.7222 -0.0499992
    endloop
  endfacet
  facet normal -0.819316 -0.573342 0
    outer loop
      vertex 63.8856 75.8 -2.5
      vertex 63.7257 76.0285 -0.0499992
      vertex 63.7257 76.0285 -2.5
    endloop
  endfacet
  facet normal -0.819316 -0.573342 0
    outer loop
      vertex 63.7257 76.0285 -0.0499992
      vertex 63.8856 75.8 -2.5
      vertex 63.8856 75.8 -0.0499992
    endloop
  endfacet
  facet normal 0.965913 0.258868 0
    outer loop
      vertex 60.9965 74.4528 -0.0499992
      vertex 60.9243 74.7222 -2.5
      vertex 60.9243 74.7222 -0.0499992
    endloop
  endfacet
  facet normal 0.965913 0.258868 0
    outer loop
      vertex 60.9243 74.7222 -2.5
      vertex 60.9965 74.4528 -0.0499992
      vertex 60.9965 74.4528 -2.5
    endloop
  endfacet
  facet normal -0.707107 0.707107 0
    outer loop
      vertex 63.5285 73.7743 -2.5
      vertex 63.7257 73.9715 -0.0499992
      vertex 63.7257 73.9715 -2.5
    endloop
  endfacet
  facet normal -0.707107 0.707107 0
    outer loop
      vertex 63.7257 73.9715 -0.0499992
      vertex 63.5285 73.7743 -2.5
      vertex 63.5285 73.7743 -0.0499992
    endloop
  endfacet
  facet normal 0.707107 -0.707107 0
    outer loop
      vertex 61.2743 76.0285 -0.0499992
      vertex 61.4715 76.2257 -2.5
      vertex 61.4715 76.2257 -0.0499992
    endloop
  endfacet
  facet normal 0.707107 -0.707107 0
    outer loop
      vertex 61.4715 76.2257 -2.5
      vertex 61.2743 76.0285 -0.0499992
      vertex 61.2743 76.0285 -2.5
    endloop
  endfacet
  facet normal 0.0871403 -0.996196 0
    outer loop
      vertex 62.2222 76.5757 -2.5
      vertex 62.5 76.6 -0.0499992
      vertex 62.2222 76.5757 -0.0499992
    endloop
  endfacet
  facet normal 0.0871403 -0.996196 0
    outer loop
      vertex 62.5 76.6 -0.0499992
      vertex 62.2222 76.5757 -2.5
      vertex 62.5 76.6 -2.5
    endloop
  endfacet
  facet normal 0.573342 -0.819316 0
    outer loop
      vertex 61.4715 76.2257 -2.5
      vertex 61.7 76.3856 -0.0499992
      vertex 61.4715 76.2257 -0.0499992
    endloop
  endfacet
  facet normal 0.573342 -0.819316 0
    outer loop
      vertex 61.7 76.3856 -0.0499992
      vertex 61.4715 76.2257 -2.5
      vertex 61.7 76.3856 -2.5
    endloop
  endfacet
  facet normal 0.42267 -0.906284 0
    outer loop
      vertex 61.7 76.3856 -2.5
      vertex 61.9528 76.5035 -0.0499992
      vertex 61.7 76.3856 -0.0499992
    endloop
  endfacet
  facet normal 0.42267 -0.906284 0
    outer loop
      vertex 61.9528 76.5035 -0.0499992
      vertex 61.7 76.3856 -2.5
      vertex 61.9528 76.5035 -2.5
    endloop
  endfacet
  facet normal -0.42267 0.906284 0
    outer loop
      vertex 63.3 73.6144 -2.5
      vertex 63.0472 73.4965 -0.0499992
      vertex 63.3 73.6144 -0.0499992
    endloop
  endfacet
  facet normal -0.42267 0.906284 0
    outer loop
      vertex 63.0472 73.4965 -0.0499992
      vertex 63.3 73.6144 -2.5
      vertex 63.0472 73.4965 -2.5
    endloop
  endfacet
  facet normal 0.996196 0.0871403 0
    outer loop
      vertex 60.9243 74.7222 -0.0499992
      vertex 60.9 75 -2.5
      vertex 60.9 75 -0.0499992
    endloop
  endfacet
  facet normal 0.996196 0.0871403 0
    outer loop
      vertex 60.9 75 -2.5
      vertex 60.9243 74.7222 -0.0499992
      vertex 60.9243 74.7222 -2.5
    endloop
  endfacet
  facet normal -0.258868 -0.965913 0
    outer loop
      vertex 62.7778 76.5757 -2.5
      vertex 63.0472 76.5035 -0.0499992
      vertex 62.7778 76.5757 -0.0499992
    endloop
  endfacet
  facet normal -0.258868 -0.965913 -0
    outer loop
      vertex 63.0472 76.5035 -0.0499992
      vertex 62.7778 76.5757 -2.5
      vertex 63.0472 76.5035 -2.5
    endloop
  endfacet
  facet normal -0.573342 0.819316 0
    outer loop
      vertex 63.5285 73.7743 -2.5
      vertex 63.3 73.6144 -0.0499992
      vertex 63.5285 73.7743 -0.0499992
    endloop
  endfacet
  facet normal -0.573342 0.819316 0
    outer loop
      vertex 63.3 73.6144 -0.0499992
      vertex 63.5285 73.7743 -2.5
      vertex 63.3 73.6144 -2.5
    endloop
  endfacet
  facet normal 0.965913 -0.258868 0
    outer loop
      vertex 60.9243 75.2778 -0.0499992
      vertex 60.9965 75.5472 -2.5
      vertex 60.9965 75.5472 -0.0499992
    endloop
  endfacet
  facet normal 0.965913 -0.258868 0
    outer loop
      vertex 60.9965 75.5472 -2.5
      vertex 60.9243 75.2778 -0.0499992
      vertex 60.9243 75.2778 -2.5
    endloop
  endfacet
  facet normal 0.819316 -0.573342 0
    outer loop
      vertex 61.1144 75.8 -0.0499992
      vertex 61.2743 76.0285 -2.5
      vertex 61.2743 76.0285 -0.0499992
    endloop
  endfacet
  facet normal 0.819316 -0.573342 0
    outer loop
      vertex 61.2743 76.0285 -2.5
      vertex 61.1144 75.8 -0.0499992
      vertex 61.1144 75.8 -2.5
    endloop
  endfacet
  facet normal 0.819316 0.573342 0
    outer loop
      vertex 61.2743 73.9715 -0.0499992
      vertex 61.1144 74.2 -2.5
      vertex 61.1144 74.2 -0.0499992
    endloop
  endfacet
  facet normal 0.819316 0.573342 0
    outer loop
      vertex 61.1144 74.2 -2.5
      vertex 61.2743 73.9715 -0.0499992
      vertex 61.2743 73.9715 -2.5
    endloop
  endfacet
  facet normal -0.258868 0.965913 0
    outer loop
      vertex 63.0472 73.4965 -2.5
      vertex 62.7778 73.4243 -0.0499992
      vertex 63.0472 73.4965 -0.0499992
    endloop
  endfacet
  facet normal -0.258868 0.965913 0
    outer loop
      vertex 62.7778 73.4243 -0.0499992
      vertex 63.0472 73.4965 -2.5
      vertex 62.7778 73.4243 -2.5
    endloop
  endfacet
  facet normal -0.707107 -0.707107 0
    outer loop
      vertex 63.7257 76.0285 -2.5
      vertex 63.5285 76.2257 -0.0499992
      vertex 63.5285 76.2257 -2.5
    endloop
  endfacet
  facet normal -0.707107 -0.707107 0
    outer loop
      vertex 63.5285 76.2257 -0.0499992
      vertex 63.7257 76.0285 -2.5
      vertex 63.7257 76.0285 -0.0499992
    endloop
  endfacet
  facet normal -0.965913 0.258868 0
    outer loop
      vertex 64.0035 74.4528 -2.5
      vertex 64.0757 74.7222 -0.0499992
      vertex 64.0757 74.7222 -2.5
    endloop
  endfacet
  facet normal -0.965913 0.258868 0
    outer loop
      vertex 64.0757 74.7222 -0.0499992
      vertex 64.0035 74.4528 -2.5
      vertex 64.0035 74.4528 -0.0499992
    endloop
  endfacet
  facet normal -0.573342 -0.819316 0
    outer loop
      vertex 63.3 76.3856 -2.5
      vertex 63.5285 76.2257 -0.0499992
      vertex 63.3 76.3856 -0.0499992
    endloop
  endfacet
  facet normal -0.573342 -0.819316 -0
    outer loop
      vertex 63.5285 76.2257 -0.0499992
      vertex 63.3 76.3856 -2.5
      vertex 63.5285 76.2257 -2.5
    endloop
  endfacet
  facet normal 0.707107 0.707107 0
    outer loop
      vertex 61.4715 73.7743 -0.0499992
      vertex 61.2743 73.9715 -2.5
      vertex 61.2743 73.9715 -0.0499992
    endloop
  endfacet
  facet normal 0.707107 0.707107 0
    outer loop
      vertex 61.2743 73.9715 -2.5
      vertex 61.4715 73.7743 -0.0499992
      vertex 61.4715 73.7743 -2.5
    endloop
  endfacet
  facet normal 0.906284 -0.42267 0
    outer loop
      vertex 60.9965 75.5472 -0.0499992
      vertex 61.1144 75.8 -2.5
      vertex 61.1144 75.8 -0.0499992
    endloop
  endfacet
  facet normal 0.906284 -0.42267 0
    outer loop
      vertex 61.1144 75.8 -2.5
      vertex 60.9965 75.5472 -0.0499992
      vertex 60.9965 75.5472 -2.5
    endloop
  endfacet
  facet normal 0.573342 0.819316 -0
    outer loop
      vertex 61.7 73.6144 -2.5
      vertex 61.4715 73.7743 -0.0499992
      vertex 61.7 73.6144 -0.0499992
    endloop
  endfacet
  facet normal 0.573342 0.819316 0
    outer loop
      vertex 61.4715 73.7743 -0.0499992
      vertex 61.7 73.6144 -2.5
      vertex 61.4715 73.7743 -2.5
    endloop
  endfacet
  facet normal -0.0871403 0.996196 0
    outer loop
      vertex 62.7778 73.4243 -2.5
      vertex 62.5 73.4 -0.0499992
      vertex 62.7778 73.4243 -0.0499992
    endloop
  endfacet
  facet normal -0.0871403 0.996196 0
    outer loop
      vertex 62.5 73.4 -0.0499992
      vertex 62.7778 73.4243 -2.5
      vertex 62.5 73.4 -2.5
    endloop
  endfacet
  facet normal -0.0871403 -0.996196 0
    outer loop
      vertex 62.5 76.6 -2.5
      vertex 62.7778 76.5757 -0.0499992
      vertex 62.5 76.6 -0.0499992
    endloop
  endfacet
  facet normal -0.0871403 -0.996196 -0
    outer loop
      vertex 62.7778 76.5757 -0.0499992
      vertex 62.5 76.6 -2.5
      vertex 62.7778 76.5757 -2.5
    endloop
  endfacet
  facet normal -0.42267 -0.906284 0
    outer loop
      vertex 63.0472 76.5035 -2.5
      vertex 63.3 76.3856 -0.0499992
      vertex 63.0472 76.5035 -0.0499992
    endloop
  endfacet
  facet normal -0.42267 -0.906284 -0
    outer loop
      vertex 63.3 76.3856 -0.0499992
      vertex 63.0472 76.5035 -2.5
      vertex 63.3 76.3856 -2.5
    endloop
  endfacet
  facet normal 0.996196 -0.0871403 0
    outer loop
      vertex 60.9 75 -0.0499992
      vertex 60.9243 75.2778 -2.5
      vertex 60.9243 75.2778 -0.0499992
    endloop
  endfacet
  facet normal 0.996196 -0.0871403 0
    outer loop
      vertex 60.9243 75.2778 -2.5
      vertex 60.9 75 -0.0499992
      vertex 60.9 75 -2.5
    endloop
  endfacet
  facet normal 0.0871403 0.996196 -0
    outer loop
      vertex 62.5 73.4 -2.5
      vertex 62.2222 73.4243 -0.0499992
      vertex 62.5 73.4 -0.0499992
    endloop
  endfacet
  facet normal 0.0871403 0.996196 0
    outer loop
      vertex 62.2222 73.4243 -0.0499992
      vertex 62.5 73.4 -2.5
      vertex 62.2222 73.4243 -2.5
    endloop
  endfacet
  facet normal 0.258868 0.965913 -0
    outer loop
      vertex 62.2222 73.4243 -2.5
      vertex 61.9528 73.4965 -0.0499992
      vertex 62.2222 73.4243 -0.0499992
    endloop
  endfacet
  facet normal 0.258868 0.965913 0
    outer loop
      vertex 61.9528 73.4965 -0.0499992
      vertex 62.2222 73.4243 -2.5
      vertex 61.9528 73.4965 -2.5
    endloop
  endfacet
  facet normal 0.42267 0.906284 -0
    outer loop
      vertex 61.9528 73.4965 -2.5
      vertex 61.7 73.6144 -0.0499992
      vertex 61.9528 73.4965 -0.0499992
    endloop
  endfacet
  facet normal 0.42267 0.906284 0
    outer loop
      vertex 61.7 73.6144 -0.0499992
      vertex 61.9528 73.4965 -2.5
      vertex 61.7 73.6144 -2.5
    endloop
  endfacet
  facet normal 0 1 -0
    outer loop
      vertex 64.05 -77.6847 -0.0499992
      vertex 60.95 -77.6847 2.5
      vertex 64.05 -77.6847 2.5
    endloop
  endfacet
  facet normal 0 1 0
    outer loop
      vertex 60.95 -77.6847 2.5
      vertex 64.05 -77.6847 -0.0499992
      vertex 60.95 -77.6847 -0.0499992
    endloop
  endfacet
  facet normal -0.866027 0.499997 0
    outer loop
      vertex 64.05 -77.6847 -0.0499992
      vertex 65.6 -75 2.5
      vertex 65.6 -75 -0.0499992
    endloop
  endfacet
  facet normal -0.866027 0.499997 0
    outer loop
      vertex 65.6 -75 2.5
      vertex 64.05 -77.6847 -0.0499992
      vertex 64.05 -77.6847 2.5
    endloop
  endfacet
  facet normal 0 -1 0
    outer loop
      vertex 60.95 -72.3153 -0.0499992
      vertex 64.05 -72.3153 2.5
      vertex 60.95 -72.3153 2.5
    endloop
  endfacet
  facet normal 0 -1 -0
    outer loop
      vertex 64.05 -72.3153 2.5
      vertex 60.95 -72.3153 -0.0499992
      vertex 64.05 -72.3153 -0.0499992
    endloop
  endfacet
  facet normal -0.866027 -0.499997 0
    outer loop
      vertex 65.6 -75 -0.0499992
      vertex 64.05 -72.3153 2.5
      vertex 64.05 -72.3153 -0.0499992
    endloop
  endfacet
  facet normal -0.866027 -0.499997 0
    outer loop
      vertex 64.05 -72.3153 2.5
      vertex 65.6 -75 -0.0499992
      vertex 65.6 -75 2.5
    endloop
  endfacet
  facet normal 0.866027 -0.499997 0
    outer loop
      vertex 59.4 -75 2.5
      vertex 60.95 -72.3153 -0.0499992
      vertex 60.95 -72.3153 2.5
    endloop
  endfacet
  facet normal 0.866027 -0.499997 0
    outer loop
      vertex 60.95 -72.3153 -0.0499992
      vertex 59.4 -75 2.5
      vertex 59.4 -75 -0.0499992
    endloop
  endfacet
  facet normal 0.866027 0.499997 0
    outer loop
      vertex 60.95 -77.6847 2.5
      vertex 59.4 -75 -0.0499992
      vertex 59.4 -75 2.5
    endloop
  endfacet
  facet normal 0.866027 0.499997 0
    outer loop
      vertex 59.4 -75 -0.0499992
      vertex 60.95 -77.6847 2.5
      vertex 60.95 -77.6847 -0.0499992
    endloop
  endfacet
  facet normal 0 0 1
    outer loop
      vertex 65.6 -75 -0.0499992
      vertex 64.0757 -74.7222 -0.0499992
      vertex 64.1 -75 -0.0499992
    endloop
  endfacet
  facet normal -0 0 1
    outer loop
      vertex 63.8856 -74.2 -0.0499992
      vertex 65.6 -75 -0.0499992
      vertex 64.05 -72.3153 -0.0499992
    endloop
  endfacet
  facet normal 0 0 1
    outer loop
      vertex 65.6 -75 -0.0499992
      vertex 64.0035 -74.4528 -0.0499992
      vertex 64.0757 -74.7222 -0.0499992
    endloop
  endfacet
  facet normal 0 0 1
    outer loop
      vertex 65.6 -75 -0.0499992
      vertex 63.8856 -74.2 -0.0499992
      vertex 64.0035 -74.4528 -0.0499992
    endloop
  endfacet
  facet normal 0 0 1
    outer loop
      vertex 64.05 -72.3153 -0.0499992
      vertex 63.7257 -73.9715 -0.0499992
      vertex 63.8856 -74.2 -0.0499992
    endloop
  endfacet
  facet normal 0 0 1
    outer loop
      vertex 64.05 -72.3153 -0.0499992
      vertex 63.5285 -73.7743 -0.0499992
      vertex 63.7257 -73.9715 -0.0499992
    endloop
  endfacet
  facet normal 0 0 1
    outer loop
      vertex 64.05 -72.3153 -0.0499992
      vertex 63.3 -73.6144 -0.0499992
      vertex 63.5285 -73.7743 -0.0499992
    endloop
  endfacet
  facet normal 0 0 1
    outer loop
      vertex 64.05 -72.3153 -0.0499992
      vertex 63.0472 -73.4965 -0.0499992
      vertex 63.3 -73.6144 -0.0499992
    endloop
  endfacet
  facet normal 0 0 1
    outer loop
      vertex 64.05 -72.3153 -0.0499992
      vertex 62.7778 -73.4243 -0.0499992
      vertex 63.0472 -73.4965 -0.0499992
    endloop
  endfacet
  facet normal 0 0 1
    outer loop
      vertex 64.05 -72.3153 -0.0499992
      vertex 62.5 -73.4 -0.0499992
      vertex 62.7778 -73.4243 -0.0499992
    endloop
  endfacet
  facet normal -0 0 1
    outer loop
      vertex 60.95 -72.3153 -0.0499992
      vertex 62.5 -73.4 -0.0499992
      vertex 64.05 -72.3153 -0.0499992
    endloop
  endfacet
  facet normal 0 0 1
    outer loop
      vertex 62.5 -73.4 -0.0499992
      vertex 60.95 -72.3153 -0.0499992
      vertex 62.2222 -73.4243 -0.0499992
    endloop
  endfacet
  facet normal 0 0 1
    outer loop
      vertex 62.2222 -73.4243 -0.0499992
      vertex 60.95 -72.3153 -0.0499992
      vertex 61.9528 -73.4965 -0.0499992
    endloop
  endfacet
  facet normal 0 0 1
    outer loop
      vertex 61.9528 -73.4965 -0.0499992
      vertex 60.95 -72.3153 -0.0499992
      vertex 61.7 -73.6144 -0.0499992
    endloop
  endfacet
  facet normal 0 0 1
    outer loop
      vertex 60.95 -72.3153 -0.0499992
      vertex 61.4715 -73.7743 -0.0499992
      vertex 61.7 -73.6144 -0.0499992
    endloop
  endfacet
  facet normal 0 0 1
    outer loop
      vertex 60.95 -72.3153 -0.0499992
      vertex 61.2743 -73.9715 -0.0499992
      vertex 61.4715 -73.7743 -0.0499992
    endloop
  endfacet
  facet normal 0 0 1
    outer loop
      vertex 60.95 -72.3153 -0.0499992
      vertex 61.1144 -74.2 -0.0499992
      vertex 61.2743 -73.9715 -0.0499992
    endloop
  endfacet
  facet normal 0 0 1
    outer loop
      vertex 59.4 -75 -0.0499992
      vertex 61.1144 -74.2 -0.0499992
      vertex 60.95 -72.3153 -0.0499992
    endloop
  endfacet
  facet normal 0 0 1
    outer loop
      vertex 61.1144 -74.2 -0.0499992
      vertex 59.4 -75 -0.0499992
      vertex 60.9965 -74.4528 -0.0499992
    endloop
  endfacet
  facet normal 0 0 1
    outer loop
      vertex 60.9965 -74.4528 -0.0499992
      vertex 59.4 -75 -0.0499992
      vertex 60.9243 -74.7222 -0.0499992
    endloop
  endfacet
  facet normal 0 0 1
    outer loop
      vertex 60.9243 -74.7222 -0.0499992
      vertex 59.4 -75 -0.0499992
      vertex 60.9 -75 -0.0499992
    endloop
  endfacet
  facet normal 0 0 1
    outer loop
      vertex 64.0757 -75.2778 -0.0499992
      vertex 65.6 -75 -0.0499992
      vertex 64.1 -75 -0.0499992
    endloop
  endfacet
  facet normal 0 0 1
    outer loop
      vertex 64.0035 -75.5472 -0.0499992
      vertex 65.6 -75 -0.0499992
      vertex 64.0757 -75.2778 -0.0499992
    endloop
  endfacet
  facet normal 0 0 1
    outer loop
      vertex 63.8856 -75.8 -0.0499992
      vertex 65.6 -75 -0.0499992
      vertex 64.0035 -75.5472 -0.0499992
    endloop
  endfacet
  facet normal 0 0 1
    outer loop
      vertex 65.6 -75 -0.0499992
      vertex 63.8856 -75.8 -0.0499992
      vertex 64.05 -77.6847 -0.0499992
    endloop
  endfacet
  facet normal -0 0 1
    outer loop
      vertex 63.7257 -76.0285 -0.0499992
      vertex 64.05 -77.6847 -0.0499992
      vertex 63.8856 -75.8 -0.0499992
    endloop
  endfacet
  facet normal -0 0 1
    outer loop
      vertex 63.5285 -76.2257 -0.0499992
      vertex 64.05 -77.6847 -0.0499992
      vertex 63.7257 -76.0285 -0.0499992
    endloop
  endfacet
  facet normal -0 0 1
    outer loop
      vertex 63.3 -76.3856 -0.0499992
      vertex 64.05 -77.6847 -0.0499992
      vertex 63.5285 -76.2257 -0.0499992
    endloop
  endfacet
  facet normal -0 0 1
    outer loop
      vertex 63.0472 -76.5035 -0.0499992
      vertex 64.05 -77.6847 -0.0499992
      vertex 63.3 -76.3856 -0.0499992
    endloop
  endfacet
  facet normal -0 0 1
    outer loop
      vertex 62.7778 -76.5757 -0.0499992
      vertex 64.05 -77.6847 -0.0499992
      vertex 63.0472 -76.5035 -0.0499992
    endloop
  endfacet
  facet normal -0 0 1
    outer loop
      vertex 62.5 -76.6 -0.0499992
      vertex 64.05 -77.6847 -0.0499992
      vertex 62.7778 -76.5757 -0.0499992
    endloop
  endfacet
  facet normal 0 0 1
    outer loop
      vertex 60.95 -77.6847 -0.0499992
      vertex 62.5 -76.6 -0.0499992
      vertex 62.2222 -76.5757 -0.0499992
    endloop
  endfacet
  facet normal 0 0 1
    outer loop
      vertex 60.95 -77.6847 -0.0499992
      vertex 62.2222 -76.5757 -0.0499992
      vertex 61.9528 -76.5035 -0.0499992
    endloop
  endfacet
  facet normal 0 0 1
    outer loop
      vertex 60.95 -77.6847 -0.0499992
      vertex 61.9528 -76.5035 -0.0499992
      vertex 61.7 -76.3856 -0.0499992
    endloop
  endfacet
  facet normal 0 0 1
    outer loop
      vertex 62.5 -76.6 -0.0499992
      vertex 60.95 -77.6847 -0.0499992
      vertex 64.05 -77.6847 -0.0499992
    endloop
  endfacet
  facet normal 0 0 1
    outer loop
      vertex 61.4715 -76.2257 -0.0499992
      vertex 60.95 -77.6847 -0.0499992
      vertex 61.7 -76.3856 -0.0499992
    endloop
  endfacet
  facet normal 0 0 1
    outer loop
      vertex 61.2743 -76.0285 -0.0499992
      vertex 60.95 -77.6847 -0.0499992
      vertex 61.4715 -76.2257 -0.0499992
    endloop
  endfacet
  facet normal 0 0 1
    outer loop
      vertex 61.1144 -75.8 -0.0499992
      vertex 60.95 -77.6847 -0.0499992
      vertex 61.2743 -76.0285 -0.0499992
    endloop
  endfacet
  facet normal 0 0 1
    outer loop
      vertex 59.4 -75 -0.0499992
      vertex 61.1144 -75.8 -0.0499992
      vertex 60.9965 -75.5472 -0.0499992
    endloop
  endfacet
  facet normal 0 0 1
    outer loop
      vertex 59.4 -75 -0.0499992
      vertex 60.9965 -75.5472 -0.0499992
      vertex 60.9243 -75.2778 -0.0499992
    endloop
  endfacet
  facet normal -0 0 1
    outer loop
      vertex 59.4 -75 -0.0499992
      vertex 60.9243 -75.2778 -0.0499992
      vertex 60.9 -75 -0.0499992
    endloop
  endfacet
  facet normal 0 0 1
    outer loop
      vertex 61.1144 -75.8 -0.0499992
      vertex 59.4 -75 -0.0499992
      vertex 60.95 -77.6847 -0.0499992
    endloop
  endfacet
  facet normal 0.258868 -0.965913 0
    outer loop
      vertex 61.9528 -73.4965 -2.5
      vertex 62.2222 -73.4243 -0.0499992
      vertex 61.9528 -73.4965 -0.0499992
    endloop
  endfacet
  facet normal 0.258868 -0.965913 0
    outer loop
      vertex 62.2222 -73.4243 -0.0499992
      vertex 61.9528 -73.4965 -2.5
      vertex 62.2222 -73.4243 -2.5
    endloop
  endfacet
  facet normal -0.965913 -0.258868 0
    outer loop
      vertex 64.0757 -74.7222 -2.5
      vertex 64.0035 -74.4528 -0.0499992
      vertex 64.0035 -74.4528 -2.5
    endloop
  endfacet
  facet normal -0.965913 -0.258868 0
    outer loop
      vertex 64.0035 -74.4528 -0.0499992
      vertex 64.0757 -74.7222 -2.5
      vertex 64.0757 -74.7222 -0.0499992
    endloop
  endfacet
  facet normal -0.996196 -0.0871403 0
    outer loop
      vertex 64.1 -75 -2.5
      vertex 64.0757 -74.7222 -0.0499992
      vertex 64.0757 -74.7222 -2.5
    endloop
  endfacet
  facet normal -0.996196 -0.0871403 0
    outer loop
      vertex 64.0757 -74.7222 -0.0499992
      vertex 64.1 -75 -2.5
      vertex 64.1 -75 -0.0499992
    endloop
  endfacet
  facet normal -0.906284 -0.42267 0
    outer loop
      vertex 64.0035 -74.4528 -2.5
      vertex 63.8856 -74.2 -0.0499992
      vertex 63.8856 -74.2 -2.5
    endloop
  endfacet
  facet normal -0.906284 -0.42267 0
    outer loop
      vertex 63.8856 -74.2 -0.0499992
      vertex 64.0035 -74.4528 -2.5
      vertex 64.0035 -74.4528 -0.0499992
    endloop
  endfacet
  facet normal 0.906284 0.42267 0
    outer loop
      vertex 61.1144 -75.8 -0.0499992
      vertex 60.9965 -75.5472 -2.5
      vertex 60.9965 -75.5472 -0.0499992
    endloop
  endfacet
  facet normal 0.906284 0.42267 0
    outer loop
      vertex 60.9965 -75.5472 -2.5
      vertex 61.1144 -75.8 -0.0499992
      vertex 61.1144 -75.8 -2.5
    endloop
  endfacet
  facet normal -0.906284 0.42267 0
    outer loop
      vertex 63.8856 -75.8 -2.5
      vertex 64.0035 -75.5472 -0.0499992
      vertex 64.0035 -75.5472 -2.5
    endloop
  endfacet
  facet normal -0.906284 0.42267 0
    outer loop
      vertex 64.0035 -75.5472 -0.0499992
      vertex 63.8856 -75.8 -2.5
      vertex 63.8856 -75.8 -0.0499992
    endloop
  endfacet
  facet normal -0.819316 0.573342 0
    outer loop
      vertex 63.7257 -76.0285 -2.5
      vertex 63.8856 -75.8 -0.0499992
      vertex 63.8856 -75.8 -2.5
    endloop
  endfacet
  facet normal -0.819316 0.573342 0
    outer loop
      vertex 63.8856 -75.8 -0.0499992
      vertex 63.7257 -76.0285 -2.5
      vertex 63.7257 -76.0285 -0.0499992
    endloop
  endfacet
  facet normal -0.996196 0.0871403 0
    outer loop
      vertex 64.0757 -75.2778 -2.5
      vertex 64.1 -75 -0.0499992
      vertex 64.1 -75 -2.5
    endloop
  endfacet
  facet normal -0.996196 0.0871403 0
    outer loop
      vertex 64.1 -75 -0.0499992
      vertex 64.0757 -75.2778 -2.5
      vertex 64.0757 -75.2778 -0.0499992
    endloop
  endfacet
  facet normal -0.819316 -0.573342 0
    outer loop
      vertex 63.8856 -74.2 -2.5
      vertex 63.7257 -73.9715 -0.0499992
      vertex 63.7257 -73.9715 -2.5
    endloop
  endfacet
  facet normal -0.819316 -0.573342 0
    outer loop
      vertex 63.7257 -73.9715 -0.0499992
      vertex 63.8856 -74.2 -2.5
      vertex 63.8856 -74.2 -0.0499992
    endloop
  endfacet
  facet normal 0.965913 0.258868 0
    outer loop
      vertex 60.9965 -75.5472 -0.0499992
      vertex 60.9243 -75.2778 -2.5
      vertex 60.9243 -75.2778 -0.0499992
    endloop
  endfacet
  facet normal 0.965913 0.258868 0
    outer loop
      vertex 60.9243 -75.2778 -2.5
      vertex 60.9965 -75.5472 -0.0499992
      vertex 60.9965 -75.5472 -2.5
    endloop
  endfacet
  facet normal -0.707107 0.707107 0
    outer loop
      vertex 63.5285 -76.2257 -2.5
      vertex 63.7257 -76.0285 -0.0499992
      vertex 63.7257 -76.0285 -2.5
    endloop
  endfacet
  facet normal -0.707107 0.707107 0
    outer loop
      vertex 63.7257 -76.0285 -0.0499992
      vertex 63.5285 -76.2257 -2.5
      vertex 63.5285 -76.2257 -0.0499992
    endloop
  endfacet
  facet normal 0.707107 -0.707107 0
    outer loop
      vertex 61.2743 -73.9715 -0.0499992
      vertex 61.4715 -73.7743 -2.5
      vertex 61.4715 -73.7743 -0.0499992
    endloop
  endfacet
  facet normal 0.707107 -0.707107 0
    outer loop
      vertex 61.4715 -73.7743 -2.5
      vertex 61.2743 -73.9715 -0.0499992
      vertex 61.2743 -73.9715 -2.5
    endloop
  endfacet
  facet normal 0.0871403 -0.996196 0
    outer loop
      vertex 62.2222 -73.4243 -2.5
      vertex 62.5 -73.4 -0.0499992
      vertex 62.2222 -73.4243 -0.0499992
    endloop
  endfacet
  facet normal 0.0871403 -0.996196 0
    outer loop
      vertex 62.5 -73.4 -0.0499992
      vertex 62.2222 -73.4243 -2.5
      vertex 62.5 -73.4 -2.5
    endloop
  endfacet
  facet normal 0.573342 -0.819316 0
    outer loop
      vertex 61.4715 -73.7743 -2.5
      vertex 61.7 -73.6144 -0.0499992
      vertex 61.4715 -73.7743 -0.0499992
    endloop
  endfacet
  facet normal 0.573342 -0.819316 0
    outer loop
      vertex 61.7 -73.6144 -0.0499992
      vertex 61.4715 -73.7743 -2.5
      vertex 61.7 -73.6144 -2.5
    endloop
  endfacet
  facet normal 0.42267 -0.906284 0
    outer loop
      vertex 61.7 -73.6144 -2.5
      vertex 61.9528 -73.4965 -0.0499992
      vertex 61.7 -73.6144 -0.0499992
    endloop
  endfacet
  facet normal 0.42267 -0.906284 0
    outer loop
      vertex 61.9528 -73.4965 -0.0499992
      vertex 61.7 -73.6144 -2.5
      vertex 61.9528 -73.4965 -2.5
    endloop
  endfacet
  facet normal -0.42267 0.906284 0
    outer loop
      vertex 63.3 -76.3856 -2.5
      vertex 63.0472 -76.5035 -0.0499992
      vertex 63.3 -76.3856 -0.0499992
    endloop
  endfacet
  facet normal -0.42267 0.906284 0
    outer loop
      vertex 63.0472 -76.5035 -0.0499992
      vertex 63.3 -76.3856 -2.5
      vertex 63.0472 -76.5035 -2.5
    endloop
  endfacet
  facet normal 0.996196 0.0871403 0
    outer loop
      vertex 60.9243 -75.2778 -0.0499992
      vertex 60.9 -75 -2.5
      vertex 60.9 -75 -0.0499992
    endloop
  endfacet
  facet normal 0.996196 0.0871403 0
    outer loop
      vertex 60.9 -75 -2.5
      vertex 60.9243 -75.2778 -0.0499992
      vertex 60.9243 -75.2778 -2.5
    endloop
  endfacet
  facet normal -0.258868 -0.965913 0
    outer loop
      vertex 62.7778 -73.4243 -2.5
      vertex 63.0472 -73.4965 -0.0499992
      vertex 62.7778 -73.4243 -0.0499992
    endloop
  endfacet
  facet normal -0.258868 -0.965913 -0
    outer loop
      vertex 63.0472 -73.4965 -0.0499992
      vertex 62.7778 -73.4243 -2.5
      vertex 63.0472 -73.4965 -2.5
    endloop
  endfacet
  facet normal -0.573342 0.819316 0
    outer loop
      vertex 63.5285 -76.2257 -2.5
      vertex 63.3 -76.3856 -0.0499992
      vertex 63.5285 -76.2257 -0.0499992
    endloop
  endfacet
  facet normal -0.573342 0.819316 0
    outer loop
      vertex 63.3 -76.3856 -0.0499992
      vertex 63.5285 -76.2257 -2.5
      vertex 63.3 -76.3856 -2.5
    endloop
  endfacet
  facet normal 0.965913 -0.258868 0
    outer loop
      vertex 60.9243 -74.7222 -0.0499992
      vertex 60.9965 -74.4528 -2.5
      vertex 60.9965 -74.4528 -0.0499992
    endloop
  endfacet
  facet normal 0.965913 -0.258868 0
    outer loop
      vertex 60.9965 -74.4528 -2.5
      vertex 60.9243 -74.7222 -0.0499992
      vertex 60.9243 -74.7222 -2.5
    endloop
  endfacet
  facet normal 0.819316 -0.573342 0
    outer loop
      vertex 61.1144 -74.2 -0.0499992
      vertex 61.2743 -73.9715 -2.5
      vertex 61.2743 -73.9715 -0.0499992
    endloop
  endfacet
  facet normal 0.819316 -0.573342 0
    outer loop
      vertex 61.2743 -73.9715 -2.5
      vertex 61.1144 -74.2 -0.0499992
      vertex 61.1144 -74.2 -2.5
    endloop
  endfacet
  facet normal 0.819316 0.573342 0
    outer loop
      vertex 61.2743 -76.0285 -0.0499992
      vertex 61.1144 -75.8 -2.5
      vertex 61.1144 -75.8 -0.0499992
    endloop
  endfacet
  facet normal 0.819316 0.573342 0
    outer loop
      vertex 61.1144 -75.8 -2.5
      vertex 61.2743 -76.0285 -0.0499992
      vertex 61.2743 -76.0285 -2.5
    endloop
  endfacet
  facet normal -0.258868 0.965913 0
    outer loop
      vertex 63.0472 -76.5035 -2.5
      vertex 62.7778 -76.5757 -0.0499992
      vertex 63.0472 -76.5035 -0.0499992
    endloop
  endfacet
  facet normal -0.258868 0.965913 0
    outer loop
      vertex 62.7778 -76.5757 -0.0499992
      vertex 63.0472 -76.5035 -2.5
      vertex 62.7778 -76.5757 -2.5
    endloop
  endfacet
  facet normal -0.707107 -0.707107 0
    outer loop
      vertex 63.7257 -73.9715 -2.5
      vertex 63.5285 -73.7743 -0.0499992
      vertex 63.5285 -73.7743 -2.5
    endloop
  endfacet
  facet normal -0.707107 -0.707107 0
    outer loop
      vertex 63.5285 -73.7743 -0.0499992
      vertex 63.7257 -73.9715 -2.5
      vertex 63.7257 -73.9715 -0.0499992
    endloop
  endfacet
  facet normal -0.965913 0.258868 0
    outer loop
      vertex 64.0035 -75.5472 -2.5
      vertex 64.0757 -75.2778 -0.0499992
      vertex 64.0757 -75.2778 -2.5
    endloop
  endfacet
  facet normal -0.965913 0.258868 0
    outer loop
      vertex 64.0757 -75.2778 -0.0499992
      vertex 64.0035 -75.5472 -2.5
      vertex 64.0035 -75.5472 -0.0499992
    endloop
  endfacet
  facet normal -0.573342 -0.819316 0
    outer loop
      vertex 63.3 -73.6144 -2.5
      vertex 63.5285 -73.7743 -0.0499992
      vertex 63.3 -73.6144 -0.0499992
    endloop
  endfacet
  facet normal -0.573342 -0.819316 -0
    outer loop
      vertex 63.5285 -73.7743 -0.0499992
      vertex 63.3 -73.6144 -2.5
      vertex 63.5285 -73.7743 -2.5
    endloop
  endfacet
  facet normal 0.707107 0.707107 0
    outer loop
      vertex 61.4715 -76.2257 -0.0499992
      vertex 61.2743 -76.0285 -2.5
      vertex 61.2743 -76.0285 -0.0499992
    endloop
  endfacet
  facet normal 0.707107 0.707107 0
    outer loop
      vertex 61.2743 -76.0285 -2.5
      vertex 61.4715 -76.2257 -0.0499992
      vertex 61.4715 -76.2257 -2.5
    endloop
  endfacet
  facet normal 0.906284 -0.42267 0
    outer loop
      vertex 60.9965 -74.4528 -0.0499992
      vertex 61.1144 -74.2 -2.5
      vertex 61.1144 -74.2 -0.0499992
    endloop
  endfacet
  facet normal 0.906284 -0.42267 0
    outer loop
      vertex 61.1144 -74.2 -2.5
      vertex 60.9965 -74.4528 -0.0499992
      vertex 60.9965 -74.4528 -2.5
    endloop
  endfacet
  facet normal 0.573342 0.819316 -0
    outer loop
      vertex 61.7 -76.3856 -2.5
      vertex 61.4715 -76.2257 -0.0499992
      vertex 61.7 -76.3856 -0.0499992
    endloop
  endfacet
  facet normal 0.573342 0.819316 0
    outer loop
      vertex 61.4715 -76.2257 -0.0499992
      vertex 61.7 -76.3856 -2.5
      vertex 61.4715 -76.2257 -2.5
    endloop
  endfacet
  facet normal -0.0871403 0.996196 0
    outer loop
      vertex 62.7778 -76.5757 -2.5
      vertex 62.5 -76.6 -0.0499992
      vertex 62.7778 -76.5757 -0.0499992
    endloop
  endfacet
  facet normal -0.0871403 0.996196 0
    outer loop
      vertex 62.5 -76.6 -0.0499992
      vertex 62.7778 -76.5757 -2.5
      vertex 62.5 -76.6 -2.5
    endloop
  endfacet
  facet normal -0.0871403 -0.996196 0
    outer loop
      vertex 62.5 -73.4 -2.5
      vertex 62.7778 -73.4243 -0.0499992
      vertex 62.5 -73.4 -0.0499992
    endloop
  endfacet
  facet normal -0.0871403 -0.996196 -0
    outer loop
      vertex 62.7778 -73.4243 -0.0499992
      vertex 62.5 -73.4 -2.5
      vertex 62.7778 -73.4243 -2.5
    endloop
  endfacet
  facet normal -0.42267 -0.906284 0
    outer loop
      vertex 63.0472 -73.4965 -2.5
      vertex 63.3 -73.6144 -0.0499992
      vertex 63.0472 -73.4965 -0.0499992
    endloop
  endfacet
  facet normal -0.42267 -0.906284 -0
    outer loop
      vertex 63.3 -73.6144 -0.0499992
      vertex 63.0472 -73.4965 -2.5
      vertex 63.3 -73.6144 -2.5
    endloop
  endfacet
  facet normal 0.996196 -0.0871403 0
    outer loop
      vertex 60.9 -75 -0.0499992
      vertex 60.9243 -74.7222 -2.5
      vertex 60.9243 -74.7222 -0.0499992
    endloop
  endfacet
  facet normal 0.996196 -0.0871403 0
    outer loop
      vertex 60.9243 -74.7222 -2.5
      vertex 60.9 -75 -0.0499992
      vertex 60.9 -75 -2.5
    endloop
  endfacet
  facet normal 0.0871403 0.996196 -0
    outer loop
      vertex 62.5 -76.6 -2.5
      vertex 62.2222 -76.5757 -0.0499992
      vertex 62.5 -76.6 -0.0499992
    endloop
  endfacet
  facet normal 0.0871403 0.996196 0
    outer loop
      vertex 62.2222 -76.5757 -0.0499992
      vertex 62.5 -76.6 -2.5
      vertex 62.2222 -76.5757 -2.5
    endloop
  endfacet
  facet normal 0.258868 0.965913 -0
    outer loop
      vertex 62.2222 -76.5757 -2.5
      vertex 61.9528 -76.5035 -0.0499992
      vertex 62.2222 -76.5757 -0.0499992
    endloop
  endfacet
  facet normal 0.258868 0.965913 0
    outer loop
      vertex 61.9528 -76.5035 -0.0499992
      vertex 62.2222 -76.5757 -2.5
      vertex 61.9528 -76.5035 -2.5
    endloop
  endfacet
  facet normal 0.42267 0.906284 -0
    outer loop
      vertex 61.9528 -76.5035 -2.5
      vertex 61.7 -76.3856 -0.0499992
      vertex 61.9528 -76.5035 -0.0499992
    endloop
  endfacet
  facet normal 0.42267 0.906284 0
    outer loop
      vertex 61.7 -76.3856 -0.0499992
      vertex 61.9528 -76.5035 -2.5
      vertex 61.7 -76.3856 -2.5
    endloop
  endfacet
  facet normal 0 1 -0
    outer loop
      vertex -60.95 72.3153 -0.0499992
      vertex -64.05 72.3153 2.5
      vertex -60.95 72.3153 2.5
    endloop
  endfacet
  facet normal 0 1 0
    outer loop
      vertex -64.05 72.3153 2.5
      vertex -60.95 72.3153 -0.0499992
      vertex -64.05 72.3153 -0.0499992
    endloop
  endfacet
  facet normal -0.866027 0.499997 0
    outer loop
      vertex -60.95 72.3153 -0.0499992
      vertex -59.4 75 2.5
      vertex -59.4 75 -0.0499992
    endloop
  endfacet
  facet normal -0.866027 0.499997 0
    outer loop
      vertex -59.4 75 2.5
      vertex -60.95 72.3153 -0.0499992
      vertex -60.95 72.3153 2.5
    endloop
  endfacet
  facet normal 0 -1 0
    outer loop
      vertex -64.05 77.6847 -0.0499992
      vertex -60.95 77.6847 2.5
      vertex -64.05 77.6847 2.5
    endloop
  endfacet
  facet normal 0 -1 -0
    outer loop
      vertex -60.95 77.6847 2.5
      vertex -64.05 77.6847 -0.0499992
      vertex -60.95 77.6847 -0.0499992
    endloop
  endfacet
  facet normal -0.866027 -0.499997 0
    outer loop
      vertex -59.4 75 -0.0499992
      vertex -60.95 77.6847 2.5
      vertex -60.95 77.6847 -0.0499992
    endloop
  endfacet
  facet normal -0.866027 -0.499997 0
    outer loop
      vertex -60.95 77.6847 2.5
      vertex -59.4 75 -0.0499992
      vertex -59.4 75 2.5
    endloop
  endfacet
  facet normal 0.866027 -0.499997 0
    outer loop
      vertex -65.6 75 2.5
      vertex -64.05 77.6847 -0.0499992
      vertex -64.05 77.6847 2.5
    endloop
  endfacet
  facet normal 0.866027 -0.499997 0
    outer loop
      vertex -64.05 77.6847 -0.0499992
      vertex -65.6 75 2.5
      vertex -65.6 75 -0.0499992
    endloop
  endfacet
  facet normal 0.866027 0.499997 0
    outer loop
      vertex -64.05 72.3153 2.5
      vertex -65.6 75 -0.0499992
      vertex -65.6 75 2.5
    endloop
  endfacet
  facet normal 0.866027 0.499997 0
    outer loop
      vertex -65.6 75 -0.0499992
      vertex -64.05 72.3153 2.5
      vertex -64.05 72.3153 -0.0499992
    endloop
  endfacet
  facet normal 0 0 1
    outer loop
      vertex -59.4 75 -0.0499992
      vertex -60.9243 75.2778 -0.0499992
      vertex -60.9 75 -0.0499992
    endloop
  endfacet
  facet normal -0 0 1
    outer loop
      vertex -61.1144 75.8 -0.0499992
      vertex -59.4 75 -0.0499992
      vertex -60.95 77.6847 -0.0499992
    endloop
  endfacet
  facet normal 0 0 1
    outer loop
      vertex -59.4 75 -0.0499992
      vertex -60.9965 75.5472 -0.0499992
      vertex -60.9243 75.2778 -0.0499992
    endloop
  endfacet
  facet normal 0 0 1
    outer loop
      vertex -59.4 75 -0.0499992
      vertex -61.1144 75.8 -0.0499992
      vertex -60.9965 75.5472 -0.0499992
    endloop
  endfacet
  facet normal 0 0 1
    outer loop
      vertex -60.95 77.6847 -0.0499992
      vertex -61.2743 76.0285 -0.0499992
      vertex -61.1144 75.8 -0.0499992
    endloop
  endfacet
  facet normal 0 0 1
    outer loop
      vertex -60.95 77.6847 -0.0499992
      vertex -61.4715 76.2257 -0.0499992
      vertex -61.2743 76.0285 -0.0499992
    endloop
  endfacet
  facet normal 0 0 1
    outer loop
      vertex -60.95 77.6847 -0.0499992
      vertex -61.7 76.3856 -0.0499992
      vertex -61.4715 76.2257 -0.0499992
    endloop
  endfacet
  facet normal 0 0 1
    outer loop
      vertex -60.95 77.6847 -0.0499992
      vertex -61.9528 76.5035 -0.0499992
      vertex -61.7 76.3856 -0.0499992
    endloop
  endfacet
  facet normal 0 0 1
    outer loop
      vertex -60.95 77.6847 -0.0499992
      vertex -62.2222 76.5757 -0.0499992
      vertex -61.9528 76.5035 -0.0499992
    endloop
  endfacet
  facet normal 0 0 1
    outer loop
      vertex -60.95 77.6847 -0.0499992
      vertex -62.5 76.6 -0.0499992
      vertex -62.2222 76.5757 -0.0499992
    endloop
  endfacet
  facet normal -0 0 1
    outer loop
      vertex -64.05 77.6847 -0.0499992
      vertex -62.5 76.6 -0.0499992
      vertex -60.95 77.6847 -0.0499992
    endloop
  endfacet
  facet normal 0 0 1
    outer loop
      vertex -62.5 76.6 -0.0499992
      vertex -64.05 77.6847 -0.0499992
      vertex -62.7778 76.5757 -0.0499992
    endloop
  endfacet
  facet normal 0 0 1
    outer loop
      vertex -62.7778 76.5757 -0.0499992
      vertex -64.05 77.6847 -0.0499992
      vertex -63.0472 76.5035 -0.0499992
    endloop
  endfacet
  facet normal 0 0 1
    outer loop
      vertex -63.0472 76.5035 -0.0499992
      vertex -64.05 77.6847 -0.0499992
      vertex -63.3 76.3856 -0.0499992
    endloop
  endfacet
  facet normal 0 0 1
    outer loop
      vertex -64.05 77.6847 -0.0499992
      vertex -63.5285 76.2257 -0.0499992
      vertex -63.3 76.3856 -0.0499992
    endloop
  endfacet
  facet normal 0 0 1
    outer loop
      vertex -64.05 77.6847 -0.0499992
      vertex -63.7257 76.0285 -0.0499992
      vertex -63.5285 76.2257 -0.0499992
    endloop
  endfacet
  facet normal 0 0 1
    outer loop
      vertex -64.05 77.6847 -0.0499992
      vertex -63.8856 75.8 -0.0499992
      vertex -63.7257 76.0285 -0.0499992
    endloop
  endfacet
  facet normal 0 0 1
    outer loop
      vertex -65.6 75 -0.0499992
      vertex -63.8856 75.8 -0.0499992
      vertex -64.05 77.6847 -0.0499992
    endloop
  endfacet
  facet normal 0 0 1
    outer loop
      vertex -63.8856 75.8 -0.0499992
      vertex -65.6 75 -0.0499992
      vertex -64.0035 75.5472 -0.0499992
    endloop
  endfacet
  facet normal 0 0 1
    outer loop
      vertex -64.0035 75.5472 -0.0499992
      vertex -65.6 75 -0.0499992
      vertex -64.0757 75.2778 -0.0499992
    endloop
  endfacet
  facet normal 0 0 1
    outer loop
      vertex -64.0757 75.2778 -0.0499992
      vertex -65.6 75 -0.0499992
      vertex -64.1 75 -0.0499992
    endloop
  endfacet
  facet normal 0 0 1
    outer loop
      vertex -60.9243 74.7222 -0.0499992
      vertex -59.4 75 -0.0499992
      vertex -60.9 75 -0.0499992
    endloop
  endfacet
  facet normal 0 0 1
    outer loop
      vertex -60.9965 74.4528 -0.0499992
      vertex -59.4 75 -0.0499992
      vertex -60.9243 74.7222 -0.0499992
    endloop
  endfacet
  facet normal 0 0 1
    outer loop
      vertex -61.1144 74.2 -0.0499992
      vertex -59.4 75 -0.0499992
      vertex -60.9965 74.4528 -0.0499992
    endloop
  endfacet
  facet normal 0 0 1
    outer loop
      vertex -59.4 75 -0.0499992
      vertex -61.1144 74.2 -0.0499992
      vertex -60.95 72.3153 -0.0499992
    endloop
  endfacet
  facet normal -0 0 1
    outer loop
      vertex -61.2743 73.9715 -0.0499992
      vertex -60.95 72.3153 -0.0499992
      vertex -61.1144 74.2 -0.0499992
    endloop
  endfacet
  facet normal -0 0 1
    outer loop
      vertex -61.4715 73.7743 -0.0499992
      vertex -60.95 72.3153 -0.0499992
      vertex -61.2743 73.9715 -0.0499992
    endloop
  endfacet
  facet normal -0 0 1
    outer loop
      vertex -61.7 73.6144 -0.0499992
      vertex -60.95 72.3153 -0.0499992
      vertex -61.4715 73.7743 -0.0499992
    endloop
  endfacet
  facet normal -0 0 1
    outer loop
      vertex -61.9528 73.4965 -0.0499992
      vertex -60.95 72.3153 -0.0499992
      vertex -61.7 73.6144 -0.0499992
    endloop
  endfacet
  facet normal -0 0 1
    outer loop
      vertex -62.2222 73.4243 -0.0499992
      vertex -60.95 72.3153 -0.0499992
      vertex -61.9528 73.4965 -0.0499992
    endloop
  endfacet
  facet normal -0 0 1
    outer loop
      vertex -62.5 73.4 -0.0499992
      vertex -60.95 72.3153 -0.0499992
      vertex -62.2222 73.4243 -0.0499992
    endloop
  endfacet
  facet normal 0 0 1
    outer loop
      vertex -64.05 72.3153 -0.0499992
      vertex -62.5 73.4 -0.0499992
      vertex -62.7778 73.4243 -0.0499992
    endloop
  endfacet
  facet normal 0 0 1
    outer loop
      vertex -64.05 72.3153 -0.0499992
      vertex -62.7778 73.4243 -0.0499992
      vertex -63.0472 73.4965 -0.0499992
    endloop
  endfacet
  facet normal 0 0 1
    outer loop
      vertex -64.05 72.3153 -0.0499992
      vertex -63.0472 73.4965 -0.0499992
      vertex -63.3 73.6144 -0.0499992
    endloop
  endfacet
  facet normal 0 0 1
    outer loop
      vertex -62.5 73.4 -0.0499992
      vertex -64.05 72.3153 -0.0499992
      vertex -60.95 72.3153 -0.0499992
    endloop
  endfacet
  facet normal 0 0 1
    outer loop
      vertex -63.5285 73.7743 -0.0499992
      vertex -64.05 72.3153 -0.0499992
      vertex -63.3 73.6144 -0.0499992
    endloop
  endfacet
  facet normal 0 0 1
    outer loop
      vertex -63.7257 73.9715 -0.0499992
      vertex -64.05 72.3153 -0.0499992
      vertex -63.5285 73.7743 -0.0499992
    endloop
  endfacet
  facet normal 0 0 1
    outer loop
      vertex -63.8856 74.2 -0.0499992
      vertex -64.05 72.3153 -0.0499992
      vertex -63.7257 73.9715 -0.0499992
    endloop
  endfacet
  facet normal 0 0 1
    outer loop
      vertex -65.6 75 -0.0499992
      vertex -63.8856 74.2 -0.0499992
      vertex -64.0035 74.4528 -0.0499992
    endloop
  endfacet
  facet normal 0 0 1
    outer loop
      vertex -65.6 75 -0.0499992
      vertex -64.0035 74.4528 -0.0499992
      vertex -64.0757 74.7222 -0.0499992
    endloop
  endfacet
  facet normal -0 0 1
    outer loop
      vertex -65.6 75 -0.0499992
      vertex -64.0757 74.7222 -0.0499992
      vertex -64.1 75 -0.0499992
    endloop
  endfacet
  facet normal 0 0 1
    outer loop
      vertex -63.8856 74.2 -0.0499992
      vertex -65.6 75 -0.0499992
      vertex -64.05 72.3153 -0.0499992
    endloop
  endfacet
  facet normal 0.258868 -0.965913 0
    outer loop
      vertex -63.0472 76.5035 -2.5
      vertex -62.7778 76.5757 -0.0499992
      vertex -63.0472 76.5035 -0.0499992
    endloop
  endfacet
  facet normal 0.258868 -0.965913 0
    outer loop
      vertex -62.7778 76.5757 -0.0499992
      vertex -63.0472 76.5035 -2.5
      vertex -62.7778 76.5757 -2.5
    endloop
  endfacet
  facet normal -0.965913 -0.258868 0
    outer loop
      vertex -60.9243 75.2778 -2.5
      vertex -60.9965 75.5472 -0.0499992
      vertex -60.9965 75.5472 -2.5
    endloop
  endfacet
  facet normal -0.965913 -0.258868 0
    outer loop
      vertex -60.9965 75.5472 -0.0499992
      vertex -60.9243 75.2778 -2.5
      vertex -60.9243 75.2778 -0.0499992
    endloop
  endfacet
  facet normal -0.996196 -0.0871403 0
    outer loop
      vertex -60.9 75 -2.5
      vertex -60.9243 75.2778 -0.0499992
      vertex -60.9243 75.2778 -2.5
    endloop
  endfacet
  facet normal -0.996196 -0.0871403 0
    outer loop
      vertex -60.9243 75.2778 -0.0499992
      vertex -60.9 75 -2.5
      vertex -60.9 75 -0.0499992
    endloop
  endfacet
  facet normal -0.906284 -0.42267 0
    outer loop
      vertex -60.9965 75.5472 -2.5
      vertex -61.1144 75.8 -0.0499992
      vertex -61.1144 75.8 -2.5
    endloop
  endfacet
  facet normal -0.906284 -0.42267 0
    outer loop
      vertex -61.1144 75.8 -0.0499992
      vertex -60.9965 75.5472 -2.5
      vertex -60.9965 75.5472 -0.0499992
    endloop
  endfacet
  facet normal 0.906284 0.42267 0
    outer loop
      vertex -63.8856 74.2 -0.0499992
      vertex -64.0035 74.4528 -2.5
      vertex -64.0035 74.4528 -0.0499992
    endloop
  endfacet
  facet normal 0.906284 0.42267 0
    outer loop
      vertex -64.0035 74.4528 -2.5
      vertex -63.8856 74.2 -0.0499992
      vertex -63.8856 74.2 -2.5
    endloop
  endfacet
  facet normal -0.906284 0.42267 0
    outer loop
      vertex -61.1144 74.2 -2.5
      vertex -60.9965 74.4528 -0.0499992
      vertex -60.9965 74.4528 -2.5
    endloop
  endfacet
  facet normal -0.906284 0.42267 0
    outer loop
      vertex -60.9965 74.4528 -0.0499992
      vertex -61.1144 74.2 -2.5
      vertex -61.1144 74.2 -0.0499992
    endloop
  endfacet
  facet normal -0.819316 0.573342 0
    outer loop
      vertex -61.2743 73.9715 -2.5
      vertex -61.1144 74.2 -0.0499992
      vertex -61.1144 74.2 -2.5
    endloop
  endfacet
  facet normal -0.819316 0.573342 0
    outer loop
      vertex -61.1144 74.2 -0.0499992
      vertex -61.2743 73.9715 -2.5
      vertex -61.2743 73.9715 -0.0499992
    endloop
  endfacet
  facet normal -0.996196 0.0871403 0
    outer loop
      vertex -60.9243 74.7222 -2.5
      vertex -60.9 75 -0.0499992
      vertex -60.9 75 -2.5
    endloop
  endfacet
  facet normal -0.996196 0.0871403 0
    outer loop
      vertex -60.9 75 -0.0499992
      vertex -60.9243 74.7222 -2.5
      vertex -60.9243 74.7222 -0.0499992
    endloop
  endfacet
  facet normal -0.819316 -0.573342 0
    outer loop
      vertex -61.1144 75.8 -2.5
      vertex -61.2743 76.0285 -0.0499992
      vertex -61.2743 76.0285 -2.5
    endloop
  endfacet
  facet normal -0.819316 -0.573342 0
    outer loop
      vertex -61.2743 76.0285 -0.0499992
      vertex -61.1144 75.8 -2.5
      vertex -61.1144 75.8 -0.0499992
    endloop
  endfacet
  facet normal 0.965913 0.258868 0
    outer loop
      vertex -64.0035 74.4528 -0.0499992
      vertex -64.0757 74.7222 -2.5
      vertex -64.0757 74.7222 -0.0499992
    endloop
  endfacet
  facet normal 0.965913 0.258868 0
    outer loop
      vertex -64.0757 74.7222 -2.5
      vertex -64.0035 74.4528 -0.0499992
      vertex -64.0035 74.4528 -2.5
    endloop
  endfacet
  facet normal -0.707107 0.707107 0
    outer loop
      vertex -61.4715 73.7743 -2.5
      vertex -61.2743 73.9715 -0.0499992
      vertex -61.2743 73.9715 -2.5
    endloop
  endfacet
  facet normal -0.707107 0.707107 0
    outer loop
      vertex -61.2743 73.9715 -0.0499992
      vertex -61.4715 73.7743 -2.5
      vertex -61.4715 73.7743 -0.0499992
    endloop
  endfacet
  facet normal 0.707107 -0.707107 0
    outer loop
      vertex -63.7257 76.0285 -0.0499992
      vertex -63.5285 76.2257 -2.5
      vertex -63.5285 76.2257 -0.0499992
    endloop
  endfacet
  facet normal 0.707107 -0.707107 0
    outer loop
      vertex -63.5285 76.2257 -2.5
      vertex -63.7257 76.0285 -0.0499992
      vertex -63.7257 76.0285 -2.5
    endloop
  endfacet
  facet normal 0.0871403 -0.996196 0
    outer loop
      vertex -62.7778 76.5757 -2.5
      vertex -62.5 76.6 -0.0499992
      vertex -62.7778 76.5757 -0.0499992
    endloop
  endfacet
  facet normal 0.0871403 -0.996196 0
    outer loop
      vertex -62.5 76.6 -0.0499992
      vertex -62.7778 76.5757 -2.5
      vertex -62.5 76.6 -2.5
    endloop
  endfacet
  facet normal 0.573342 -0.819316 0
    outer loop
      vertex -63.5285 76.2257 -2.5
      vertex -63.3 76.3856 -0.0499992
      vertex -63.5285 76.2257 -0.0499992
    endloop
  endfacet
  facet normal 0.573342 -0.819316 0
    outer loop
      vertex -63.3 76.3856 -0.0499992
      vertex -63.5285 76.2257 -2.5
      vertex -63.3 76.3856 -2.5
    endloop
  endfacet
  facet normal 0.42267 -0.906284 0
    outer loop
      vertex -63.3 76.3856 -2.5
      vertex -63.0472 76.5035 -0.0499992
      vertex -63.3 76.3856 -0.0499992
    endloop
  endfacet
  facet normal 0.42267 -0.906284 0
    outer loop
      vertex -63.0472 76.5035 -0.0499992
      vertex -63.3 76.3856 -2.5
      vertex -63.0472 76.5035 -2.5
    endloop
  endfacet
  facet normal -0.42267 0.906284 0
    outer loop
      vertex -61.7 73.6144 -2.5
      vertex -61.9528 73.4965 -0.0499992
      vertex -61.7 73.6144 -0.0499992
    endloop
  endfacet
  facet normal -0.42267 0.906284 0
    outer loop
      vertex -61.9528 73.4965 -0.0499992
      vertex -61.7 73.6144 -2.5
      vertex -61.9528 73.4965 -2.5
    endloop
  endfacet
  facet normal 0.996196 0.0871403 0
    outer loop
      vertex -64.0757 74.7222 -0.0499992
      vertex -64.1 75 -2.5
      vertex -64.1 75 -0.0499992
    endloop
  endfacet
  facet normal 0.996196 0.0871403 0
    outer loop
      vertex -64.1 75 -2.5
      vertex -64.0757 74.7222 -0.0499992
      vertex -64.0757 74.7222 -2.5
    endloop
  endfacet
  facet normal -0.258868 -0.965913 0
    outer loop
      vertex -62.2222 76.5757 -2.5
      vertex -61.9528 76.5035 -0.0499992
      vertex -62.2222 76.5757 -0.0499992
    endloop
  endfacet
  facet normal -0.258868 -0.965913 -0
    outer loop
      vertex -61.9528 76.5035 -0.0499992
      vertex -62.2222 76.5757 -2.5
      vertex -61.9528 76.5035 -2.5
    endloop
  endfacet
  facet normal -0.573342 0.819316 0
    outer loop
      vertex -61.4715 73.7743 -2.5
      vertex -61.7 73.6144 -0.0499992
      vertex -61.4715 73.7743 -0.0499992
    endloop
  endfacet
  facet normal -0.573342 0.819316 0
    outer loop
      vertex -61.7 73.6144 -0.0499992
      vertex -61.4715 73.7743 -2.5
      vertex -61.7 73.6144 -2.5
    endloop
  endfacet
  facet normal 0.965913 -0.258868 0
    outer loop
      vertex -64.0757 75.2778 -0.0499992
      vertex -64.0035 75.5472 -2.5
      vertex -64.0035 75.5472 -0.0499992
    endloop
  endfacet
  facet normal 0.965913 -0.258868 0
    outer loop
      vertex -64.0035 75.5472 -2.5
      vertex -64.0757 75.2778 -0.0499992
      vertex -64.0757 75.2778 -2.5
    endloop
  endfacet
  facet normal 0.819316 -0.573342 0
    outer loop
      vertex -63.8856 75.8 -0.0499992
      vertex -63.7257 76.0285 -2.5
      vertex -63.7257 76.0285 -0.0499992
    endloop
  endfacet
  facet normal 0.819316 -0.573342 0
    outer loop
      vertex -63.7257 76.0285 -2.5
      vertex -63.8856 75.8 -0.0499992
      vertex -63.8856 75.8 -2.5
    endloop
  endfacet
  facet normal 0.819316 0.573342 0
    outer loop
      vertex -63.7257 73.9715 -0.0499992
      vertex -63.8856 74.2 -2.5
      vertex -63.8856 74.2 -0.0499992
    endloop
  endfacet
  facet normal 0.819316 0.573342 0
    outer loop
      vertex -63.8856 74.2 -2.5
      vertex -63.7257 73.9715 -0.0499992
      vertex -63.7257 73.9715 -2.5
    endloop
  endfacet
  facet normal -0.258868 0.965913 0
    outer loop
      vertex -61.9528 73.4965 -2.5
      vertex -62.2222 73.4243 -0.0499992
      vertex -61.9528 73.4965 -0.0499992
    endloop
  endfacet
  facet normal -0.258868 0.965913 0
    outer loop
      vertex -62.2222 73.4243 -0.0499992
      vertex -61.9528 73.4965 -2.5
      vertex -62.2222 73.4243 -2.5
    endloop
  endfacet
  facet normal -0.707107 -0.707107 0
    outer loop
      vertex -61.2743 76.0285 -2.5
      vertex -61.4715 76.2257 -0.0499992
      vertex -61.4715 76.2257 -2.5
    endloop
  endfacet
  facet normal -0.707107 -0.707107 0
    outer loop
      vertex -61.4715 76.2257 -0.0499992
      vertex -61.2743 76.0285 -2.5
      vertex -61.2743 76.0285 -0.0499992
    endloop
  endfacet
  facet normal -0.965913 0.258868 0
    outer loop
      vertex -60.9965 74.4528 -2.5
      vertex -60.9243 74.7222 -0.0499992
      vertex -60.9243 74.7222 -2.5
    endloop
  endfacet
  facet normal -0.965913 0.258868 0
    outer loop
      vertex -60.9243 74.7222 -0.0499992
      vertex -60.9965 74.4528 -2.5
      vertex -60.9965 74.4528 -0.0499992
    endloop
  endfacet
  facet normal -0.573342 -0.819316 0
    outer loop
      vertex -61.7 76.3856 -2.5
      vertex -61.4715 76.2257 -0.0499992
      vertex -61.7 76.3856 -0.0499992
    endloop
  endfacet
  facet normal -0.573342 -0.819316 -0
    outer loop
      vertex -61.4715 76.2257 -0.0499992
      vertex -61.7 76.3856 -2.5
      vertex -61.4715 76.2257 -2.5
    endloop
  endfacet
  facet normal 0.707107 0.707107 0
    outer loop
      vertex -63.5285 73.7743 -0.0499992
      vertex -63.7257 73.9715 -2.5
      vertex -63.7257 73.9715 -0.0499992
    endloop
  endfacet
  facet normal 0.707107 0.707107 0
    outer loop
      vertex -63.7257 73.9715 -2.5
      vertex -63.5285 73.7743 -0.0499992
      vertex -63.5285 73.7743 -2.5
    endloop
  endfacet
  facet normal 0.906284 -0.42267 0
    outer loop
      vertex -64.0035 75.5472 -0.0499992
      vertex -63.8856 75.8 -2.5
      vertex -63.8856 75.8 -0.0499992
    endloop
  endfacet
  facet normal 0.906284 -0.42267 0
    outer loop
      vertex -63.8856 75.8 -2.5
      vertex -64.0035 75.5472 -0.0499992
      vertex -64.0035 75.5472 -2.5
    endloop
  endfacet
  facet normal 0.573342 0.819316 -0
    outer loop
      vertex -63.3 73.6144 -2.5
      vertex -63.5285 73.7743 -0.0499992
      vertex -63.3 73.6144 -0.0499992
    endloop
  endfacet
  facet normal 0.573342 0.819316 0
    outer loop
      vertex -63.5285 73.7743 -0.0499992
      vertex -63.3 73.6144 -2.5
      vertex -63.5285 73.7743 -2.5
    endloop
  endfacet
  facet normal -0.0871403 0.996196 0
    outer loop
      vertex -62.2222 73.4243 -2.5
      vertex -62.5 73.4 -0.0499992
      vertex -62.2222 73.4243 -0.0499992
    endloop
  endfacet
  facet normal -0.0871403 0.996196 0
    outer loop
      vertex -62.5 73.4 -0.0499992
      vertex -62.2222 73.4243 -2.5
      vertex -62.5 73.4 -2.5
    endloop
  endfacet
  facet normal -0.0871403 -0.996196 0
    outer loop
      vertex -62.5 76.6 -2.5
      vertex -62.2222 76.5757 -0.0499992
      vertex -62.5 76.6 -0.0499992
    endloop
  endfacet
  facet normal -0.0871403 -0.996196 -0
    outer loop
      vertex -62.2222 76.5757 -0.0499992
      vertex -62.5 76.6 -2.5
      vertex -62.2222 76.5757 -2.5
    endloop
  endfacet
  facet normal -0.42267 -0.906284 0
    outer loop
      vertex -61.9528 76.5035 -2.5
      vertex -61.7 76.3856 -0.0499992
      vertex -61.9528 76.5035 -0.0499992
    endloop
  endfacet
  facet normal -0.42267 -0.906284 -0
    outer loop
      vertex -61.7 76.3856 -0.0499992
      vertex -61.9528 76.5035 -2.5
      vertex -61.7 76.3856 -2.5
    endloop
  endfacet
  facet normal 0.996196 -0.0871403 0
    outer loop
      vertex -64.1 75 -0.0499992
      vertex -64.0757 75.2778 -2.5
      vertex -64.0757 75.2778 -0.0499992
    endloop
  endfacet
  facet normal 0.996196 -0.0871403 0
    outer loop
      vertex -64.0757 75.2778 -2.5
      vertex -64.1 75 -0.0499992
      vertex -64.1 75 -2.5
    endloop
  endfacet
  facet normal 0.0871403 0.996196 -0
    outer loop
      vertex -62.5 73.4 -2.5
      vertex -62.7778 73.4243 -0.0499992
      vertex -62.5 73.4 -0.0499992
    endloop
  endfacet
  facet normal 0.0871403 0.996196 0
    outer loop
      vertex -62.7778 73.4243 -0.0499992
      vertex -62.5 73.4 -2.5
      vertex -62.7778 73.4243 -2.5
    endloop
  endfacet
  facet normal 0.258868 0.965913 -0
    outer loop
      vertex -62.7778 73.4243 -2.5
      vertex -63.0472 73.4965 -0.0499992
      vertex -62.7778 73.4243 -0.0499992
    endloop
  endfacet
  facet normal 0.258868 0.965913 0
    outer loop
      vertex -63.0472 73.4965 -0.0499992
      vertex -62.7778 73.4243 -2.5
      vertex -63.0472 73.4965 -2.5
    endloop
  endfacet
  facet normal 0.42267 0.906284 -0
    outer loop
      vertex -63.0472 73.4965 -2.5
      vertex -63.3 73.6144 -0.0499992
      vertex -63.0472 73.4965 -0.0499992
    endloop
  endfacet
  facet normal 0.42267 0.906284 0
    outer loop
      vertex -63.3 73.6144 -0.0499992
      vertex -63.0472 73.4965 -2.5
      vertex -63.3 73.6144 -2.5
    endloop
  endfacet
  facet normal 0 1 -0
    outer loop
      vertex -60.95 -77.6847 -0.0499992
      vertex -64.05 -77.6847 2.5
      vertex -60.95 -77.6847 2.5
    endloop
  endfacet
  facet normal 0 1 0
    outer loop
      vertex -64.05 -77.6847 2.5
      vertex -60.95 -77.6847 -0.0499992
      vertex -64.05 -77.6847 -0.0499992
    endloop
  endfacet
  facet normal -0.866027 0.499997 0
    outer loop
      vertex -60.95 -77.6847 -0.0499992
      vertex -59.4 -75 2.5
      vertex -59.4 -75 -0.0499992
    endloop
  endfacet
  facet normal -0.866027 0.499997 0
    outer loop
      vertex -59.4 -75 2.5
      vertex -60.95 -77.6847 -0.0499992
      vertex -60.95 -77.6847 2.5
    endloop
  endfacet
  facet normal 0 -1 0
    outer loop
      vertex -64.05 -72.3153 -0.0499992
      vertex -60.95 -72.3153 2.5
      vertex -64.05 -72.3153 2.5
    endloop
  endfacet
  facet normal 0 -1 -0
    outer loop
      vertex -60.95 -72.3153 2.5
      vertex -64.05 -72.3153 -0.0499992
      vertex -60.95 -72.3153 -0.0499992
    endloop
  endfacet
  facet normal -0.866027 -0.499997 0
    outer loop
      vertex -59.4 -75 -0.0499992
      vertex -60.95 -72.3153 2.5
      vertex -60.95 -72.3153 -0.0499992
    endloop
  endfacet
  facet normal -0.866027 -0.499997 0
    outer loop
      vertex -60.95 -72.3153 2.5
      vertex -59.4 -75 -0.0499992
      vertex -59.4 -75 2.5
    endloop
  endfacet
  facet normal 0.866027 -0.499997 0
    outer loop
      vertex -65.6 -75 2.5
      vertex -64.05 -72.3153 -0.0499992
      vertex -64.05 -72.3153 2.5
    endloop
  endfacet
  facet normal 0.866027 -0.499997 0
    outer loop
      vertex -64.05 -72.3153 -0.0499992
      vertex -65.6 -75 2.5
      vertex -65.6 -75 -0.0499992
    endloop
  endfacet
  facet normal 0.866027 0.499997 0
    outer loop
      vertex -64.05 -77.6847 2.5
      vertex -65.6 -75 -0.0499992
      vertex -65.6 -75 2.5
    endloop
  endfacet
  facet normal 0.866027 0.499997 0
    outer loop
      vertex -65.6 -75 -0.0499992
      vertex -64.05 -77.6847 2.5
      vertex -64.05 -77.6847 -0.0499992
    endloop
  endfacet
  facet normal 0 0 1
    outer loop
      vertex -59.4 -75 -0.0499992
      vertex -60.9243 -74.7222 -0.0499992
      vertex -60.9 -75 -0.0499992
    endloop
  endfacet
  facet normal -0 0 1
    outer loop
      vertex -61.1144 -74.2 -0.0499992
      vertex -59.4 -75 -0.0499992
      vertex -60.95 -72.3153 -0.0499992
    endloop
  endfacet
  facet normal 0 0 1
    outer loop
      vertex -59.4 -75 -0.0499992
      vertex -60.9965 -74.4528 -0.0499992
      vertex -60.9243 -74.7222 -0.0499992
    endloop
  endfacet
  facet normal 0 0 1
    outer loop
      vertex -59.4 -75 -0.0499992
      vertex -61.1144 -74.2 -0.0499992
      vertex -60.9965 -74.4528 -0.0499992
    endloop
  endfacet
  facet normal 0 0 1
    outer loop
      vertex -60.95 -72.3153 -0.0499992
      vertex -61.2743 -73.9715 -0.0499992
      vertex -61.1144 -74.2 -0.0499992
    endloop
  endfacet
  facet normal 0 0 1
    outer loop
      vertex -60.95 -72.3153 -0.0499992
      vertex -61.4715 -73.7743 -0.0499992
      vertex -61.2743 -73.9715 -0.0499992
    endloop
  endfacet
  facet normal 0 0 1
    outer loop
      vertex -60.95 -72.3153 -0.0499992
      vertex -61.7 -73.6144 -0.0499992
      vertex -61.4715 -73.7743 -0.0499992
    endloop
  endfacet
  facet normal 0 0 1
    outer loop
      vertex -60.95 -72.3153 -0.0499992
      vertex -61.9528 -73.4965 -0.0499992
      vertex -61.7 -73.6144 -0.0499992
    endloop
  endfacet
  facet normal 0 0 1
    outer loop
      vertex -60.95 -72.3153 -0.0499992
      vertex -62.2222 -73.4243 -0.0499992
      vertex -61.9528 -73.4965 -0.0499992
    endloop
  endfacet
  facet normal 0 0 1
    outer loop
      vertex -60.95 -72.3153 -0.0499992
      vertex -62.5 -73.4 -0.0499992
      vertex -62.2222 -73.4243 -0.0499992
    endloop
  endfacet
  facet normal -0 0 1
    outer loop
      vertex -64.05 -72.3153 -0.0499992
      vertex -62.5 -73.4 -0.0499992
      vertex -60.95 -72.3153 -0.0499992
    endloop
  endfacet
  facet normal 0 0 1
    outer loop
      vertex -62.5 -73.4 -0.0499992
      vertex -64.05 -72.3153 -0.0499992
      vertex -62.7778 -73.4243 -0.0499992
    endloop
  endfacet
  facet normal 0 0 1
    outer loop
      vertex -62.7778 -73.4243 -0.0499992
      vertex -64.05 -72.3153 -0.0499992
      vertex -63.0472 -73.4965 -0.0499992
    endloop
  endfacet
  facet normal 0 0 1
    outer loop
      vertex -63.0472 -73.4965 -0.0499992
      vertex -64.05 -72.3153 -0.0499992
      vertex -63.3 -73.6144 -0.0499992
    endloop
  endfacet
  facet normal 0 0 1
    outer loop
      vertex -64.05 -72.3153 -0.0499992
      vertex -63.5285 -73.7743 -0.0499992
      vertex -63.3 -73.6144 -0.0499992
    endloop
  endfacet
  facet normal 0 0 1
    outer loop
      vertex -64.05 -72.3153 -0.0499992
      vertex -63.7257 -73.9715 -0.0499992
      vertex -63.5285 -73.7743 -0.0499992
    endloop
  endfacet
  facet normal 0 0 1
    outer loop
      vertex -64.05 -72.3153 -0.0499992
      vertex -63.8856 -74.2 -0.0499992
      vertex -63.7257 -73.9715 -0.0499992
    endloop
  endfacet
  facet normal 0 0 1
    outer loop
      vertex -65.6 -75 -0.0499992
      vertex -63.8856 -74.2 -0.0499992
      vertex -64.05 -72.3153 -0.0499992
    endloop
  endfacet
  facet normal 0 0 1
    outer loop
      vertex -63.8856 -74.2 -0.0499992
      vertex -65.6 -75 -0.0499992
      vertex -64.0035 -74.4528 -0.0499992
    endloop
  endfacet
  facet normal 0 0 1
    outer loop
      vertex -64.0035 -74.4528 -0.0499992
      vertex -65.6 -75 -0.0499992
      vertex -64.0757 -74.7222 -0.0499992
    endloop
  endfacet
  facet normal 0 0 1
    outer loop
      vertex -64.0757 -74.7222 -0.0499992
      vertex -65.6 -75 -0.0499992
      vertex -64.1 -75 -0.0499992
    endloop
  endfacet
  facet normal 0 0 1
    outer loop
      vertex -60.9243 -75.2778 -0.0499992
      vertex -59.4 -75 -0.0499992
      vertex -60.9 -75 -0.0499992
    endloop
  endfacet
  facet normal 0 0 1
    outer loop
      vertex -60.9965 -75.5472 -0.0499992
      vertex -59.4 -75 -0.0499992
      vertex -60.9243 -75.2778 -0.0499992
    endloop
  endfacet
  facet normal 0 0 1
    outer loop
      vertex -61.1144 -75.8 -0.0499992
      vertex -59.4 -75 -0.0499992
      vertex -60.9965 -75.5472 -0.0499992
    endloop
  endfacet
  facet normal 0 0 1
    outer loop
      vertex -59.4 -75 -0.0499992
      vertex -61.1144 -75.8 -0.0499992
      vertex -60.95 -77.6847 -0.0499992
    endloop
  endfacet
  facet normal -0 0 1
    outer loop
      vertex -61.2743 -76.0285 -0.0499992
      vertex -60.95 -77.6847 -0.0499992
      vertex -61.1144 -75.8 -0.0499992
    endloop
  endfacet
  facet normal -0 0 1
    outer loop
      vertex -61.4715 -76.2257 -0.0499992
      vertex -60.95 -77.6847 -0.0499992
      vertex -61.2743 -76.0285 -0.0499992
    endloop
  endfacet
  facet normal -0 0 1
    outer loop
      vertex -61.7 -76.3856 -0.0499992
      vertex -60.95 -77.6847 -0.0499992
      vertex -61.4715 -76.2257 -0.0499992
    endloop
  endfacet
  facet normal -0 0 1
    outer loop
      vertex -61.9528 -76.5035 -0.0499992
      vertex -60.95 -77.6847 -0.0499992
      vertex -61.7 -76.3856 -0.0499992
    endloop
  endfacet
  facet normal -0 0 1
    outer loop
      vertex -62.2222 -76.5757 -0.0499992
      vertex -60.95 -77.6847 -0.0499992
      vertex -61.9528 -76.5035 -0.0499992
    endloop
  endfacet
  facet normal -0 0 1
    outer loop
      vertex -62.5 -76.6 -0.0499992
      vertex -60.95 -77.6847 -0.0499992
      vertex -62.2222 -76.5757 -0.0499992
    endloop
  endfacet
  facet normal 0 0 1
    outer loop
      vertex -64.05 -77.6847 -0.0499992
      vertex -62.5 -76.6 -0.0499992
      vertex -62.7778 -76.5757 -0.0499992
    endloop
  endfacet
  facet normal 0 0 1
    outer loop
      vertex -64.05 -77.6847 -0.0499992
      vertex -62.7778 -76.5757 -0.0499992
      vertex -63.0472 -76.5035 -0.0499992
    endloop
  endfacet
  facet normal 0 0 1
    outer loop
      vertex -64.05 -77.6847 -0.0499992
      vertex -63.0472 -76.5035 -0.0499992
      vertex -63.3 -76.3856 -0.0499992
    endloop
  endfacet
  facet normal 0 0 1
    outer loop
      vertex -62.5 -76.6 -0.0499992
      vertex -64.05 -77.6847 -0.0499992
      vertex -60.95 -77.6847 -0.0499992
    endloop
  endfacet
  facet normal 0 0 1
    outer loop
      vertex -63.5285 -76.2257 -0.0499992
      vertex -64.05 -77.6847 -0.0499992
      vertex -63.3 -76.3856 -0.0499992
    endloop
  endfacet
  facet normal 0 0 1
    outer loop
      vertex -63.7257 -76.0285 -0.0499992
      vertex -64.05 -77.6847 -0.0499992
      vertex -63.5285 -76.2257 -0.0499992
    endloop
  endfacet
  facet normal 0 0 1
    outer loop
      vertex -63.8856 -75.8 -0.0499992
      vertex -64.05 -77.6847 -0.0499992
      vertex -63.7257 -76.0285 -0.0499992
    endloop
  endfacet
  facet normal 0 0 1
    outer loop
      vertex -65.6 -75 -0.0499992
      vertex -63.8856 -75.8 -0.0499992
      vertex -64.0035 -75.5472 -0.0499992
    endloop
  endfacet
  facet normal 0 0 1
    outer loop
      vertex -65.6 -75 -0.0499992
      vertex -64.0035 -75.5472 -0.0499992
      vertex -64.0757 -75.2778 -0.0499992
    endloop
  endfacet
  facet normal -0 0 1
    outer loop
      vertex -65.6 -75 -0.0499992
      vertex -64.0757 -75.2778 -0.0499992
      vertex -64.1 -75 -0.0499992
    endloop
  endfacet
  facet normal 0 0 1
    outer loop
      vertex -63.8856 -75.8 -0.0499992
      vertex -65.6 -75 -0.0499992
      vertex -64.05 -77.6847 -0.0499992
    endloop
  endfacet
  facet normal 0.258868 -0.965913 0
    outer loop
      vertex -63.0472 -73.4965 -2.5
      vertex -62.7778 -73.4243 -0.0499992
      vertex -63.0472 -73.4965 -0.0499992
    endloop
  endfacet
  facet normal 0.258868 -0.965913 0
    outer loop
      vertex -62.7778 -73.4243 -0.0499992
      vertex -63.0472 -73.4965 -2.5
      vertex -62.7778 -73.4243 -2.5
    endloop
  endfacet
  facet normal -0.965913 -0.258868 0
    outer loop
      vertex -60.9243 -74.7222 -2.5
      vertex -60.9965 -74.4528 -0.0499992
      vertex -60.9965 -74.4528 -2.5
    endloop
  endfacet
  facet normal -0.965913 -0.258868 0
    outer loop
      vertex -60.9965 -74.4528 -0.0499992
      vertex -60.9243 -74.7222 -2.5
      vertex -60.9243 -74.7222 -0.0499992
    endloop
  endfacet
  facet normal -0.996196 -0.0871403 0
    outer loop
      vertex -60.9 -75 -2.5
      vertex -60.9243 -74.7222 -0.0499992
      vertex -60.9243 -74.7222 -2.5
    endloop
  endfacet
  facet normal -0.996196 -0.0871403 0
    outer loop
      vertex -60.9243 -74.7222 -0.0499992
      vertex -60.9 -75 -2.5
      vertex -60.9 -75 -0.0499992
    endloop
  endfacet
  facet normal -0.906284 -0.42267 0
    outer loop
      vertex -60.9965 -74.4528 -2.5
      vertex -61.1144 -74.2 -0.0499992
      vertex -61.1144 -74.2 -2.5
    endloop
  endfacet
  facet normal -0.906284 -0.42267 0
    outer loop
      vertex -61.1144 -74.2 -0.0499992
      vertex -60.9965 -74.4528 -2.5
      vertex -60.9965 -74.4528 -0.0499992
    endloop
  endfacet
  facet normal 0.906284 0.42267 0
    outer loop
      vertex -63.8856 -75.8 -0.0499992
      vertex -64.0035 -75.5472 -2.5
      vertex -64.0035 -75.5472 -0.0499992
    endloop
  endfacet
  facet normal 0.906284 0.42267 0
    outer loop
      vertex -64.0035 -75.5472 -2.5
      vertex -63.8856 -75.8 -0.0499992
      vertex -63.8856 -75.8 -2.5
    endloop
  endfacet
  facet normal -0.906284 0.42267 0
    outer loop
      vertex -61.1144 -75.8 -2.5
      vertex -60.9965 -75.5472 -0.0499992
      vertex -60.9965 -75.5472 -2.5
    endloop
  endfacet
  facet normal -0.906284 0.42267 0
    outer loop
      vertex -60.9965 -75.5472 -0.0499992
      vertex -61.1144 -75.8 -2.5
      vertex -61.1144 -75.8 -0.0499992
    endloop
  endfacet
  facet normal -0.819316 0.573342 0
    outer loop
      vertex -61.2743 -76.0285 -2.5
      vertex -61.1144 -75.8 -0.0499992
      vertex -61.1144 -75.8 -2.5
    endloop
  endfacet
  facet normal -0.819316 0.573342 0
    outer loop
      vertex -61.1144 -75.8 -0.0499992
      vertex -61.2743 -76.0285 -2.5
      vertex -61.2743 -76.0285 -0.0499992
    endloop
  endfacet
  facet normal -0.996196 0.0871403 0
    outer loop
      vertex -60.9243 -75.2778 -2.5
      vertex -60.9 -75 -0.0499992
      vertex -60.9 -75 -2.5
    endloop
  endfacet
  facet normal -0.996196 0.0871403 0
    outer loop
      vertex -60.9 -75 -0.0499992
      vertex -60.9243 -75.2778 -2.5
      vertex -60.9243 -75.2778 -0.0499992
    endloop
  endfacet
  facet normal -0.819316 -0.573342 0
    outer loop
      vertex -61.1144 -74.2 -2.5
      vertex -61.2743 -73.9715 -0.0499992
      vertex -61.2743 -73.9715 -2.5
    endloop
  endfacet
  facet normal -0.819316 -0.573342 0
    outer loop
      vertex -61.2743 -73.9715 -0.0499992
      vertex -61.1144 -74.2 -2.5
      vertex -61.1144 -74.2 -0.0499992
    endloop
  endfacet
  facet normal 0.965913 0.258868 0
    outer loop
      vertex -64.0035 -75.5472 -0.0499992
      vertex -64.0757 -75.2778 -2.5
      vertex -64.0757 -75.2778 -0.0499992
    endloop
  endfacet
  facet normal 0.965913 0.258868 0
    outer loop
      vertex -64.0757 -75.2778 -2.5
      vertex -64.0035 -75.5472 -0.0499992
      vertex -64.0035 -75.5472 -2.5
    endloop
  endfacet
  facet normal -0.707107 0.707107 0
    outer loop
      vertex -61.4715 -76.2257 -2.5
      vertex -61.2743 -76.0285 -0.0499992
      vertex -61.2743 -76.0285 -2.5
    endloop
  endfacet
  facet normal -0.707107 0.707107 0
    outer loop
      vertex -61.2743 -76.0285 -0.0499992
      vertex -61.4715 -76.2257 -2.5
      vertex -61.4715 -76.2257 -0.0499992
    endloop
  endfacet
  facet normal 0.707107 -0.707107 0
    outer loop
      vertex -63.7257 -73.9715 -0.0499992
      vertex -63.5285 -73.7743 -2.5
      vertex -63.5285 -73.7743 -0.0499992
    endloop
  endfacet
  facet normal 0.707107 -0.707107 0
    outer loop
      vertex -63.5285 -73.7743 -2.5
      vertex -63.7257 -73.9715 -0.0499992
      vertex -63.7257 -73.9715 -2.5
    endloop
  endfacet
  facet normal 0.0871403 -0.996196 0
    outer loop
      vertex -62.7778 -73.4243 -2.5
      vertex -62.5 -73.4 -0.0499992
      vertex -62.7778 -73.4243 -0.0499992
    endloop
  endfacet
  facet normal 0.0871403 -0.996196 0
    outer loop
      vertex -62.5 -73.4 -0.0499992
      vertex -62.7778 -73.4243 -2.5
      vertex -62.5 -73.4 -2.5
    endloop
  endfacet
  facet normal 0.573342 -0.819316 0
    outer loop
      vertex -63.5285 -73.7743 -2.5
      vertex -63.3 -73.6144 -0.0499992
      vertex -63.5285 -73.7743 -0.0499992
    endloop
  endfacet
  facet normal 0.573342 -0.819316 0
    outer loop
      vertex -63.3 -73.6144 -0.0499992
      vertex -63.5285 -73.7743 -2.5
      vertex -63.3 -73.6144 -2.5
    endloop
  endfacet
  facet normal 0.42267 -0.906284 0
    outer loop
      vertex -63.3 -73.6144 -2.5
      vertex -63.0472 -73.4965 -0.0499992
      vertex -63.3 -73.6144 -0.0499992
    endloop
  endfacet
  facet normal 0.42267 -0.906284 0
    outer loop
      vertex -63.0472 -73.4965 -0.0499992
      vertex -63.3 -73.6144 -2.5
      vertex -63.0472 -73.4965 -2.5
    endloop
  endfacet
  facet normal -0.42267 0.906284 0
    outer loop
      vertex -61.7 -76.3856 -2.5
      vertex -61.9528 -76.5035 -0.0499992
      vertex -61.7 -76.3856 -0.0499992
    endloop
  endfacet
  facet normal -0.42267 0.906284 0
    outer loop
      vertex -61.9528 -76.5035 -0.0499992
      vertex -61.7 -76.3856 -2.5
      vertex -61.9528 -76.5035 -2.5
    endloop
  endfacet
  facet normal 0.996196 0.0871403 0
    outer loop
      vertex -64.0757 -75.2778 -0.0499992
      vertex -64.1 -75 -2.5
      vertex -64.1 -75 -0.0499992
    endloop
  endfacet
  facet normal 0.996196 0.0871403 0
    outer loop
      vertex -64.1 -75 -2.5
      vertex -64.0757 -75.2778 -0.0499992
      vertex -64.0757 -75.2778 -2.5
    endloop
  endfacet
  facet normal -0.258868 -0.965913 0
    outer loop
      vertex -62.2222 -73.4243 -2.5
      vertex -61.9528 -73.4965 -0.0499992
      vertex -62.2222 -73.4243 -0.0499992
    endloop
  endfacet
  facet normal -0.258868 -0.965913 -0
    outer loop
      vertex -61.9528 -73.4965 -0.0499992
      vertex -62.2222 -73.4243 -2.5
      vertex -61.9528 -73.4965 -2.5
    endloop
  endfacet
  facet normal -0.573342 0.819316 0
    outer loop
      vertex -61.4715 -76.2257 -2.5
      vertex -61.7 -76.3856 -0.0499992
      vertex -61.4715 -76.2257 -0.0499992
    endloop
  endfacet
  facet normal -0.573342 0.819316 0
    outer loop
      vertex -61.7 -76.3856 -0.0499992
      vertex -61.4715 -76.2257 -2.5
      vertex -61.7 -76.3856 -2.5
    endloop
  endfacet
  facet normal 0.965913 -0.258868 0
    outer loop
      vertex -64.0757 -74.7222 -0.0499992
      vertex -64.0035 -74.4528 -2.5
      vertex -64.0035 -74.4528 -0.0499992
    endloop
  endfacet
  facet normal 0.965913 -0.258868 0
    outer loop
      vertex -64.0035 -74.4528 -2.5
      vertex -64.0757 -74.7222 -0.0499992
      vertex -64.0757 -74.7222 -2.5
    endloop
  endfacet
  facet normal 0.819316 -0.573342 0
    outer loop
      vertex -63.8856 -74.2 -0.0499992
      vertex -63.7257 -73.9715 -2.5
      vertex -63.7257 -73.9715 -0.0499992
    endloop
  endfacet
  facet normal 0.819316 -0.573342 0
    outer loop
      vertex -63.7257 -73.9715 -2.5
      vertex -63.8856 -74.2 -0.0499992
      vertex -63.8856 -74.2 -2.5
    endloop
  endfacet
  facet normal 0.819316 0.573342 0
    outer loop
      vertex -63.7257 -76.0285 -0.0499992
      vertex -63.8856 -75.8 -2.5
      vertex -63.8856 -75.8 -0.0499992
    endloop
  endfacet
  facet normal 0.819316 0.573342 0
    outer loop
      vertex -63.8856 -75.8 -2.5
      vertex -63.7257 -76.0285 -0.0499992
      vertex -63.7257 -76.0285 -2.5
    endloop
  endfacet
  facet normal -0.258868 0.965913 0
    outer loop
      vertex -61.9528 -76.5035 -2.5
      vertex -62.2222 -76.5757 -0.0499992
      vertex -61.9528 -76.5035 -0.0499992
    endloop
  endfacet
  facet normal -0.258868 0.965913 0
    outer loop
      vertex -62.2222 -76.5757 -0.0499992
      vertex -61.9528 -76.5035 -2.5
      vertex -62.2222 -76.5757 -2.5
    endloop
  endfacet
  facet normal -0.707107 -0.707107 0
    outer loop
      vertex -61.2743 -73.9715 -2.5
      vertex -61.4715 -73.7743 -0.0499992
      vertex -61.4715 -73.7743 -2.5
    endloop
  endfacet
  facet normal -0.707107 -0.707107 0
    outer loop
      vertex -61.4715 -73.7743 -0.0499992
      vertex -61.2743 -73.9715 -2.5
      vertex -61.2743 -73.9715 -0.0499992
    endloop
  endfacet
  facet normal -0.965913 0.258868 0
    outer loop
      vertex -60.9965 -75.5472 -2.5
      vertex -60.9243 -75.2778 -0.0499992
      vertex -60.9243 -75.2778 -2.5
    endloop
  endfacet
  facet normal -0.965913 0.258868 0
    outer loop
      vertex -60.9243 -75.2778 -0.0499992
      vertex -60.9965 -75.5472 -2.5
      vertex -60.9965 -75.5472 -0.0499992
    endloop
  endfacet
  facet normal -0.573342 -0.819316 0
    outer loop
      vertex -61.7 -73.6144 -2.5
      vertex -61.4715 -73.7743 -0.0499992
      vertex -61.7 -73.6144 -0.0499992
    endloop
  endfacet
  facet normal -0.573342 -0.819316 -0
    outer loop
      vertex -61.4715 -73.7743 -0.0499992
      vertex -61.7 -73.6144 -2.5
      vertex -61.4715 -73.7743 -2.5
    endloop
  endfacet
  facet normal 0.707107 0.707107 0
    outer loop
      vertex -63.5285 -76.2257 -0.0499992
      vertex -63.7257 -76.0285 -2.5
      vertex -63.7257 -76.0285 -0.0499992
    endloop
  endfacet
  facet normal 0.707107 0.707107 0
    outer loop
      vertex -63.7257 -76.0285 -2.5
      vertex -63.5285 -76.2257 -0.0499992
      vertex -63.5285 -76.2257 -2.5
    endloop
  endfacet
  facet normal 0.906284 -0.42267 0
    outer loop
      vertex -64.0035 -74.4528 -0.0499992
      vertex -63.8856 -74.2 -2.5
      vertex -63.8856 -74.2 -0.0499992
    endloop
  endfacet
  facet normal 0.906284 -0.42267 0
    outer loop
      vertex -63.8856 -74.2 -2.5
      vertex -64.0035 -74.4528 -0.0499992
      vertex -64.0035 -74.4528 -2.5
    endloop
  endfacet
  facet normal 0.573342 0.819316 -0
    outer loop
      vertex -63.3 -76.3856 -2.5
      vertex -63.5285 -76.2257 -0.0499992
      vertex -63.3 -76.3856 -0.0499992
    endloop
  endfacet
  facet normal 0.573342 0.819316 0
    outer loop
      vertex -63.5285 -76.2257 -0.0499992
      vertex -63.3 -76.3856 -2.5
      vertex -63.5285 -76.2257 -2.5
    endloop
  endfacet
  facet normal -0.0871403 0.996196 0
    outer loop
      vertex -62.2222 -76.5757 -2.5
      vertex -62.5 -76.6 -0.0499992
      vertex -62.2222 -76.5757 -0.0499992
    endloop
  endfacet
  facet normal -0.0871403 0.996196 0
    outer loop
      vertex -62.5 -76.6 -0.0499992
      vertex -62.2222 -76.5757 -2.5
      vertex -62.5 -76.6 -2.5
    endloop
  endfacet
  facet normal -0.0871403 -0.996196 0
    outer loop
      vertex -62.5 -73.4 -2.5
      vertex -62.2222 -73.4243 -0.0499992
      vertex -62.5 -73.4 -0.0499992
    endloop
  endfacet
  facet normal -0.0871403 -0.996196 -0
    outer loop
      vertex -62.2222 -73.4243 -0.0499992
      vertex -62.5 -73.4 -2.5
      vertex -62.2222 -73.4243 -2.5
    endloop
  endfacet
  facet normal -0.42267 -0.906284 0
    outer loop
      vertex -61.9528 -73.4965 -2.5
      vertex -61.7 -73.6144 -0.0499992
      vertex -61.9528 -73.4965 -0.0499992
    endloop
  endfacet
  facet normal -0.42267 -0.906284 -0
    outer loop
      vertex -61.7 -73.6144 -0.0499992
      vertex -61.9528 -73.4965 -2.5
      vertex -61.7 -73.6144 -2.5
    endloop
  endfacet
  facet normal 0.996196 -0.0871403 0
    outer loop
      vertex -64.1 -75 -0.0499992
      vertex -64.0757 -74.7222 -2.5
      vertex -64.0757 -74.7222 -0.0499992
    endloop
  endfacet
  facet normal 0.996196 -0.0871403 0
    outer loop
      vertex -64.0757 -74.7222 -2.5
      vertex -64.1 -75 -0.0499992
      vertex -64.1 -75 -2.5
    endloop
  endfacet
  facet normal 0.0871403 0.996196 -0
    outer loop
      vertex -62.5 -76.6 -2.5
      vertex -62.7778 -76.5757 -0.0499992
      vertex -62.5 -76.6 -0.0499992
    endloop
  endfacet
  facet normal 0.0871403 0.996196 0
    outer loop
      vertex -62.7778 -76.5757 -0.0499992
      vertex -62.5 -76.6 -2.5
      vertex -62.7778 -76.5757 -2.5
    endloop
  endfacet
  facet normal 0.258868 0.965913 -0
    outer loop
      vertex -62.7778 -76.5757 -2.5
      vertex -63.0472 -76.5035 -0.0499992
      vertex -62.7778 -76.5757 -0.0499992
    endloop
  endfacet
  facet normal 0.258868 0.965913 0
    outer loop
      vertex -63.0472 -76.5035 -0.0499992
      vertex -62.7778 -76.5757 -2.5
      vertex -63.0472 -76.5035 -2.5
    endloop
  endfacet
  facet normal 0.42267 0.906284 -0
    outer loop
      vertex -63.0472 -76.5035 -2.5
      vertex -63.3 -76.3856 -0.0499992
      vertex -63.0472 -76.5035 -0.0499992
    endloop
  endfacet
  facet normal 0.42267 0.906284 0
    outer loop
      vertex -63.3 -76.3856 -0.0499992
      vertex -63.0472 -76.5035 -2.5
      vertex -63.3 -76.3856 -2.5
    endloop
  endfacet
  facet normal 1 -0 0
    outer loop
      vertex 72.5 -85 2.5
      vertex 72.5 85 -2.5
      vertex 72.5 85 2.5
    endloop
  endfacet
  facet normal 1 0 0
    outer loop
      vertex 72.5 85 -2.5
      vertex 72.5 -85 2.5
      vertex 72.5 -85 -2.5
    endloop
  endfacet
  facet normal 0 0 1
    outer loop
      vertex -60.95 -72.3153 2.5
      vertex 60.95 -72.3153 2.5
      vertex -60.95 72.3153 2.5
    endloop
  endfacet
  facet normal 0 0 1
    outer loop
      vertex 60.95 -72.3153 2.5
      vertex -60.95 -72.3153 2.5
      vertex -59.4 -75 2.5
    endloop
  endfacet
  facet normal -0 0 1
    outer loop
      vertex -64.05 72.3153 2.5
      vertex -60.95 -72.3153 2.5
      vertex -60.95 72.3153 2.5
    endloop
  endfacet
  facet normal 0 0 1
    outer loop
      vertex -64.05 72.3153 2.5
      vertex -64.05 -72.3153 2.5
      vertex -60.95 -72.3153 2.5
    endloop
  endfacet
  facet normal 0 0 1
    outer loop
      vertex -72.5 85 2.5
      vertex -64.05 72.3153 2.5
      vertex -65.6 75 2.5
    endloop
  endfacet
  facet normal 0 0 1
    outer loop
      vertex -64.05 72.3153 2.5
      vertex -72.5 85 2.5
      vertex -64.05 -72.3153 2.5
    endloop
  endfacet
  facet normal -0 0 1
    outer loop
      vertex 64.05 -72.3153 2.5
      vertex 72.5 -85 2.5
      vertex 64.05 72.3153 2.5
    endloop
  endfacet
  facet normal 0 0 1
    outer loop
      vertex 72.5 -85 2.5
      vertex 64.05 -72.3153 2.5
      vertex 65.6 -75 2.5
    endloop
  endfacet
  facet normal -0 0 1
    outer loop
      vertex 60.95 72.3153 2.5
      vertex 64.05 -72.3153 2.5
      vertex 64.05 72.3153 2.5
    endloop
  endfacet
  facet normal 0 0 1
    outer loop
      vertex 60.95 72.3153 2.5
      vertex 60.95 -72.3153 2.5
      vertex 64.05 -72.3153 2.5
    endloop
  endfacet
  facet normal -0 0 1
    outer loop
      vertex -59.4 75 2.5
      vertex 60.95 72.3153 2.5
      vertex 59.4 75 2.5
    endloop
  endfacet
  facet normal 0 0 1
    outer loop
      vertex -60.95 72.3153 2.5
      vertex 60.95 72.3153 2.5
      vertex -59.4 75 2.5
    endloop
  endfacet
  facet normal 0 0 1
    outer loop
      vertex 64.05 72.3153 2.5
      vertex 72.5 85 2.5
      vertex 65.6 75 2.5
    endloop
  endfacet
  facet normal 0 0 1
    outer loop
      vertex 72.5 85 2.5
      vertex 64.05 77.6847 2.5
      vertex 65.6 75 2.5
    endloop
  endfacet
  facet normal 0 0 1
    outer loop
      vertex 72.5 85 2.5
      vertex 60.95 77.6847 2.5
      vertex 64.05 77.6847 2.5
    endloop
  endfacet
  facet normal 0 0 1
    outer loop
      vertex 60.95 72.3153 2.5
      vertex -60.95 72.3153 2.5
      vertex 60.95 -72.3153 2.5
    endloop
  endfacet
  facet normal 0 0 1
    outer loop
      vertex 60.95 77.6847 2.5
      vertex -59.4 75 2.5
      vertex 59.4 75 2.5
    endloop
  endfacet
  facet normal 0 0 1
    outer loop
      vertex -60.95 77.6847 2.5
      vertex 60.95 77.6847 2.5
      vertex 72.5 85 2.5
    endloop
  endfacet
  facet normal 0 0 1
    outer loop
      vertex 60.95 77.6847 2.5
      vertex -60.95 77.6847 2.5
      vertex -59.4 75 2.5
    endloop
  endfacet
  facet normal -0 0 1
    outer loop
      vertex -72.5 85 2.5
      vertex -60.95 77.6847 2.5
      vertex 72.5 85 2.5
    endloop
  endfacet
  facet normal 0 0 1
    outer loop
      vertex -72.5 -85 2.5
      vertex -64.05 -72.3153 2.5
      vertex -72.5 85 2.5
    endloop
  endfacet
  facet normal 0 0 1
    outer loop
      vertex -64.05 77.6847 2.5
      vertex -72.5 85 2.5
      vertex -65.6 75 2.5
    endloop
  endfacet
  facet normal 0 0 1
    outer loop
      vertex -60.95 77.6847 2.5
      vertex -72.5 85 2.5
      vertex -64.05 77.6847 2.5
    endloop
  endfacet
  facet normal 0 0 1
    outer loop
      vertex 72.5 85 2.5
      vertex 64.05 72.3153 2.5
      vertex 72.5 -85 2.5
    endloop
  endfacet
  facet normal -0 0 1
    outer loop
      vertex 64.05 -77.6847 2.5
      vertex 72.5 -85 2.5
      vertex 65.6 -75 2.5
    endloop
  endfacet
  facet normal -0 0 1
    outer loop
      vertex 60.95 -77.6847 2.5
      vertex 72.5 -85 2.5
      vertex 64.05 -77.6847 2.5
    endloop
  endfacet
  facet normal 0 0 1
    outer loop
      vertex 60.95 -72.3153 2.5
      vertex -59.4 -75 2.5
      vertex 59.4 -75 2.5
    endloop
  endfacet
  facet normal 0 0 1
    outer loop
      vertex 59.4 -75 2.5
      vertex -59.4 -75 2.5
      vertex 60.95 -77.6847 2.5
    endloop
  endfacet
  facet normal 0 0 1
    outer loop
      vertex -60.95 -77.6847 2.5
      vertex 60.95 -77.6847 2.5
      vertex -59.4 -75 2.5
    endloop
  endfacet
  facet normal 0 0 1
    outer loop
      vertex 60.95 -77.6847 2.5
      vertex -60.95 -77.6847 2.5
      vertex 72.5 -85 2.5
    endloop
  endfacet
  facet normal 0 0 1
    outer loop
      vertex -72.5 -85 2.5
      vertex -60.95 -77.6847 2.5
      vertex -64.05 -77.6847 2.5
    endloop
  endfacet
  facet normal 0 0 1
    outer loop
      vertex -60.95 -77.6847 2.5
      vertex -72.5 -85 2.5
      vertex 72.5 -85 2.5
    endloop
  endfacet
  facet normal 0 0 1
    outer loop
      vertex -65.6 -75 2.5
      vertex -72.5 -85 2.5
      vertex -64.05 -77.6847 2.5
    endloop
  endfacet
  facet normal 0 0 1
    outer loop
      vertex -64.05 -72.3153 2.5
      vertex -72.5 -85 2.5
      vertex -65.6 -75 2.5
    endloop
  endfacet
  facet normal 0 0 -1
    outer loop
      vertex -61.2743 -73.9715 -2.5
      vertex 61.2743 -73.9715 -2.5
      vertex -61.1144 -74.2 -2.5
    endloop
  endfacet
  facet normal 0 0 -1
    outer loop
      vertex 61.4715 73.7743 -2.5
      vertex -60.9243 74.7222 -2.5
      vertex -60.9 75 -2.5
    endloop
  endfacet
  facet normal 0 0 -1
    outer loop
      vertex 61.2743 -73.9715 -2.5
      vertex -61.2743 -73.9715 -2.5
      vertex 61.4715 -73.7743 -2.5
    endloop
  endfacet
  facet normal 0 0 -1
    outer loop
      vertex 61.4715 73.7743 -2.5
      vertex -60.9965 74.4528 -2.5
      vertex -60.9243 74.7222 -2.5
    endloop
  endfacet
  facet normal 0 0 -1
    outer loop
      vertex -61.4715 -73.7743 -2.5
      vertex 61.4715 -73.7743 -2.5
      vertex -61.2743 -73.9715 -2.5
    endloop
  endfacet
  facet normal 0 0 -1
    outer loop
      vertex 61.4715 73.7743 -2.5
      vertex -61.1144 74.2 -2.5
      vertex -60.9965 74.4528 -2.5
    endloop
  endfacet
  facet normal 0 0 -1
    outer loop
      vertex 61.4715 -73.7743 -2.5
      vertex -61.4715 -73.7743 -2.5
      vertex 61.4715 73.7743 -2.5
    endloop
  endfacet
  facet normal 0 0 -1
    outer loop
      vertex 61.4715 73.7743 -2.5
      vertex -61.2743 73.9715 -2.5
      vertex -61.1144 74.2 -2.5
    endloop
  endfacet
  facet normal 0 0 -1
    outer loop
      vertex -61.4715 73.7743 -2.5
      vertex 61.4715 73.7743 -2.5
      vertex -61.4715 -73.7743 -2.5
    endloop
  endfacet
  facet normal 0 0 -1
    outer loop
      vertex 61.4715 73.7743 -2.5
      vertex -61.4715 73.7743 -2.5
      vertex -61.2743 73.9715 -2.5
    endloop
  endfacet
  facet normal 0 0 -1
    outer loop
      vertex -61.7 -73.6144 -2.5
      vertex -61.4715 73.7743 -2.5
      vertex -61.4715 -73.7743 -2.5
    endloop
  endfacet
  facet normal 0 0 -1
    outer loop
      vertex -61.7 -73.6144 -2.5
      vertex -61.7 73.6144 -2.5
      vertex -61.4715 73.7743 -2.5
    endloop
  endfacet
  facet normal 0 0 -1
    outer loop
      vertex -61.9528 -73.4965 -2.5
      vertex -61.7 73.6144 -2.5
      vertex -61.7 -73.6144 -2.5
    endloop
  endfacet
  facet normal 0 0 -1
    outer loop
      vertex -61.9528 -73.4965 -2.5
      vertex -61.9528 73.4965 -2.5
      vertex -61.7 73.6144 -2.5
    endloop
  endfacet
  facet normal 0 0 -1
    outer loop
      vertex -62.2222 -73.4243 -2.5
      vertex -61.9528 73.4965 -2.5
      vertex -61.9528 -73.4965 -2.5
    endloop
  endfacet
  facet normal 0 0 -1
    outer loop
      vertex -62.2222 -73.4243 -2.5
      vertex -62.2222 73.4243 -2.5
      vertex -61.9528 73.4965 -2.5
    endloop
  endfacet
  facet normal 0 0 -1
    outer loop
      vertex -62.5 -73.4 -2.5
      vertex -62.2222 73.4243 -2.5
      vertex -62.2222 -73.4243 -2.5
    endloop
  endfacet
  facet normal 0 0 -1
    outer loop
      vertex -62.5 -73.4 -2.5
      vertex -62.5 73.4 -2.5
      vertex -62.2222 73.4243 -2.5
    endloop
  endfacet
  facet normal 0 0 -1
    outer loop
      vertex -62.7778 -73.4243 -2.5
      vertex -62.5 73.4 -2.5
      vertex -62.5 -73.4 -2.5
    endloop
  endfacet
  facet normal 0 0 -1
    outer loop
      vertex -62.7778 -73.4243 -2.5
      vertex -62.7778 73.4243 -2.5
      vertex -62.5 73.4 -2.5
    endloop
  endfacet
  facet normal 0 0 -1
    outer loop
      vertex -63.0472 -73.4965 -2.5
      vertex -62.7778 73.4243 -2.5
      vertex -62.7778 -73.4243 -2.5
    endloop
  endfacet
  facet normal 0 0 -1
    outer loop
      vertex -63.0472 -73.4965 -2.5
      vertex -63.0472 73.4965 -2.5
      vertex -62.7778 73.4243 -2.5
    endloop
  endfacet
  facet normal 0 0 -1
    outer loop
      vertex -63.3 -73.6144 -2.5
      vertex -63.0472 73.4965 -2.5
      vertex -63.0472 -73.4965 -2.5
    endloop
  endfacet
  facet normal 0 0 -1
    outer loop
      vertex -63.3 -73.6144 -2.5
      vertex -63.3 73.6144 -2.5
      vertex -63.0472 73.4965 -2.5
    endloop
  endfacet
  facet normal 0 0 -1
    outer loop
      vertex -63.5285 -73.7743 -2.5
      vertex -63.3 73.6144 -2.5
      vertex -63.3 -73.6144 -2.5
    endloop
  endfacet
  facet normal 0 0 -1
    outer loop
      vertex -63.5285 -73.7743 -2.5
      vertex -63.5285 73.7743 -2.5
      vertex -63.3 73.6144 -2.5
    endloop
  endfacet
  facet normal 0 0 -1
    outer loop
      vertex -63.7257 -73.9715 -2.5
      vertex -63.5285 73.7743 -2.5
      vertex -63.5285 -73.7743 -2.5
    endloop
  endfacet
  facet normal 0 0 -1
    outer loop
      vertex -63.7257 -73.9715 -2.5
      vertex -63.7257 73.9715 -2.5
      vertex -63.5285 73.7743 -2.5
    endloop
  endfacet
  facet normal 0 0 -1
    outer loop
      vertex -63.8856 -74.2 -2.5
      vertex -63.7257 73.9715 -2.5
      vertex -63.7257 -73.9715 -2.5
    endloop
  endfacet
  facet normal 0 0 -1
    outer loop
      vertex -63.8856 -74.2 -2.5
      vertex -63.8856 74.2 -2.5
      vertex -63.7257 73.9715 -2.5
    endloop
  endfacet
  facet normal 0 0 -1
    outer loop
      vertex -72.5 -85 -2.5
      vertex -63.8856 -74.2 -2.5
      vertex -64.0035 -74.4528 -2.5
    endloop
  endfacet
  facet normal -0 0 -1
    outer loop
      vertex -63.8856 -74.2 -2.5
      vertex -72.5 -85 -2.5
      vertex -63.8856 74.2 -2.5
    endloop
  endfacet
  facet normal 0 0 -1
    outer loop
      vertex -72.5 -85 -2.5
      vertex -64.0035 -74.4528 -2.5
      vertex -64.0757 -74.7222 -2.5
    endloop
  endfacet
  facet normal 0 0 -1
    outer loop
      vertex -72.5 85 -2.5
      vertex -63.8856 74.2 -2.5
      vertex -72.5 -85 -2.5
    endloop
  endfacet
  facet normal 0 0 -1
    outer loop
      vertex -72.5 -85 -2.5
      vertex -64.0757 -74.7222 -2.5
      vertex -64.1 -75 -2.5
    endloop
  endfacet
  facet normal 0 0 -1
    outer loop
      vertex -63.8856 74.2 -2.5
      vertex -72.5 85 -2.5
      vertex -64.0035 74.4528 -2.5
    endloop
  endfacet
  facet normal 0 0 -1
    outer loop
      vertex 63.8856 -74.2 -2.5
      vertex 72.5 -85 -2.5
      vertex 64.0035 -74.4528 -2.5
    endloop
  endfacet
  facet normal 0 0 -1
    outer loop
      vertex 72.5 85 -2.5
      vertex 64.0757 74.7222 -2.5
      vertex 64.1 75 -2.5
    endloop
  endfacet
  facet normal 0 0 -1
    outer loop
      vertex 72.5 -85 -2.5
      vertex 63.8856 -74.2 -2.5
      vertex 72.5 85 -2.5
    endloop
  endfacet
  facet normal 0 0 -1
    outer loop
      vertex 72.5 85 -2.5
      vertex 64.0035 74.4528 -2.5
      vertex 64.0757 74.7222 -2.5
    endloop
  endfacet
  facet normal 0 0 -1
    outer loop
      vertex 63.8856 74.2 -2.5
      vertex 72.5 85 -2.5
      vertex 63.8856 -74.2 -2.5
    endloop
  endfacet
  facet normal 0 0 -1
    outer loop
      vertex 72.5 85 -2.5
      vertex 63.8856 74.2 -2.5
      vertex 64.0035 74.4528 -2.5
    endloop
  endfacet
  facet normal 0 0 -1
    outer loop
      vertex 63.7257 -73.9715 -2.5
      vertex 63.8856 74.2 -2.5
      vertex 63.8856 -74.2 -2.5
    endloop
  endfacet
  facet normal 0 0 -1
    outer loop
      vertex 63.7257 -73.9715 -2.5
      vertex 63.7257 73.9715 -2.5
      vertex 63.8856 74.2 -2.5
    endloop
  endfacet
  facet normal 0 0 -1
    outer loop
      vertex 63.5285 -73.7743 -2.5
      vertex 63.7257 73.9715 -2.5
      vertex 63.7257 -73.9715 -2.5
    endloop
  endfacet
  facet normal 0 0 -1
    outer loop
      vertex 63.5285 -73.7743 -2.5
      vertex 63.5285 73.7743 -2.5
      vertex 63.7257 73.9715 -2.5
    endloop
  endfacet
  facet normal 0 0 -1
    outer loop
      vertex 63.3 -73.6144 -2.5
      vertex 63.5285 73.7743 -2.5
      vertex 63.5285 -73.7743 -2.5
    endloop
  endfacet
  facet normal 0 0 -1
    outer loop
      vertex 63.3 -73.6144 -2.5
      vertex 63.3 73.6144 -2.5
      vertex 63.5285 73.7743 -2.5
    endloop
  endfacet
  facet normal 0 0 -1
    outer loop
      vertex 63.0472 -73.4965 -2.5
      vertex 63.3 73.6144 -2.5
      vertex 63.3 -73.6144 -2.5
    endloop
  endfacet
  facet normal 0 0 -1
    outer loop
      vertex 63.0472 -73.4965 -2.5
      vertex 63.0472 73.4965 -2.5
      vertex 63.3 73.6144 -2.5
    endloop
  endfacet
  facet normal 0 0 -1
    outer loop
      vertex 62.7778 -73.4243 -2.5
      vertex 63.0472 73.4965 -2.5
      vertex 63.0472 -73.4965 -2.5
    endloop
  endfacet
  facet normal 0 0 -1
    outer loop
      vertex 62.7778 -73.4243 -2.5
      vertex 62.7778 73.4243 -2.5
      vertex 63.0472 73.4965 -2.5
    endloop
  endfacet
  facet normal 0 0 -1
    outer loop
      vertex 62.5 -73.4 -2.5
      vertex 62.7778 73.4243 -2.5
      vertex 62.7778 -73.4243 -2.5
    endloop
  endfacet
  facet normal 0 0 -1
    outer loop
      vertex 62.5 -73.4 -2.5
      vertex 62.5 73.4 -2.5
      vertex 62.7778 73.4243 -2.5
    endloop
  endfacet
  facet normal 0 0 -1
    outer loop
      vertex 62.2222 -73.4243 -2.5
      vertex 62.5 73.4 -2.5
      vertex 62.5 -73.4 -2.5
    endloop
  endfacet
  facet normal 0 0 -1
    outer loop
      vertex 62.2222 -73.4243 -2.5
      vertex 62.2222 73.4243 -2.5
      vertex 62.5 73.4 -2.5
    endloop
  endfacet
  facet normal 0 0 -1
    outer loop
      vertex 61.9528 -73.4965 -2.5
      vertex 62.2222 73.4243 -2.5
      vertex 62.2222 -73.4243 -2.5
    endloop
  endfacet
  facet normal 0 0 -1
    outer loop
      vertex 61.9528 -73.4965 -2.5
      vertex 61.9528 73.4965 -2.5
      vertex 62.2222 73.4243 -2.5
    endloop
  endfacet
  facet normal 0 0 -1
    outer loop
      vertex 61.7 -73.6144 -2.5
      vertex 61.9528 73.4965 -2.5
      vertex 61.9528 -73.4965 -2.5
    endloop
  endfacet
  facet normal 0 0 -1
    outer loop
      vertex 61.7 -73.6144 -2.5
      vertex 61.7 73.6144 -2.5
      vertex 61.9528 73.4965 -2.5
    endloop
  endfacet
  facet normal 0 0 -1
    outer loop
      vertex 61.4715 -73.7743 -2.5
      vertex 61.7 73.6144 -2.5
      vertex 61.7 -73.6144 -2.5
    endloop
  endfacet
  facet normal 0 0 -1
    outer loop
      vertex 61.4715 -73.7743 -2.5
      vertex 61.4715 73.7743 -2.5
      vertex 61.7 73.6144 -2.5
    endloop
  endfacet
  facet normal 0 0 -1
    outer loop
      vertex 60.9965 -74.4528 -2.5
      vertex -60.9965 -74.4528 -2.5
      vertex 61.1144 -74.2 -2.5
    endloop
  endfacet
  facet normal 0 0 -1
    outer loop
      vertex -61.1144 -74.2 -2.5
      vertex 61.1144 -74.2 -2.5
      vertex -60.9965 -74.4528 -2.5
    endloop
  endfacet
  facet normal 0 0 -1
    outer loop
      vertex -60.9965 -74.4528 -2.5
      vertex 60.9965 -74.4528 -2.5
      vertex -60.9243 -74.7222 -2.5
    endloop
  endfacet
  facet normal 0 0 -1
    outer loop
      vertex 61.1144 -74.2 -2.5
      vertex -61.1144 -74.2 -2.5
      vertex 61.2743 -73.9715 -2.5
    endloop
  endfacet
  facet normal 0 0 -1
    outer loop
      vertex 60.9243 -74.7222 -2.5
      vertex -60.9243 -74.7222 -2.5
      vertex 60.9965 -74.4528 -2.5
    endloop
  endfacet
  facet normal 0 0 -1
    outer loop
      vertex 61.4715 73.7743 -2.5
      vertex -60.9 75 -2.5
      vertex 61.2743 73.9715 -2.5
    endloop
  endfacet
  facet normal 0 0 -1
    outer loop
      vertex -60.9243 -74.7222 -2.5
      vertex 60.9243 -74.7222 -2.5
      vertex -60.9 -75 -2.5
    endloop
  endfacet
  facet normal 0 0 -1
    outer loop
      vertex 61.2743 73.9715 -2.5
      vertex -60.9 75 -2.5
      vertex 61.1144 74.2 -2.5
    endloop
  endfacet
  facet normal 0 0 -1
    outer loop
      vertex -60.9 -75 -2.5
      vertex 60.9243 -74.7222 -2.5
      vertex 60.9 -75 -2.5
    endloop
  endfacet
  facet normal 0 0 -1
    outer loop
      vertex 61.1144 74.2 -2.5
      vertex -60.9 75 -2.5
      vertex 60.9965 74.4528 -2.5
    endloop
  endfacet
  facet normal 0 0 -1
    outer loop
      vertex 64.0757 -74.7222 -2.5
      vertex 72.5 -85 -2.5
      vertex 64.1 -75 -2.5
    endloop
  endfacet
  facet normal 0 0 -1
    outer loop
      vertex 72.5 -85 -2.5
      vertex 64.0757 -75.2778 -2.5
      vertex 64.1 -75 -2.5
    endloop
  endfacet
  facet normal 0 0 -1
    outer loop
      vertex 72.5 -85 -2.5
      vertex 64.0035 -75.5472 -2.5
      vertex 64.0757 -75.2778 -2.5
    endloop
  endfacet
  facet normal 0 0 -1
    outer loop
      vertex 72.5 -85 -2.5
      vertex 63.8856 -75.8 -2.5
      vertex 64.0035 -75.5472 -2.5
    endloop
  endfacet
  facet normal 0 0 -1
    outer loop
      vertex 72.5 -85 -2.5
      vertex 63.7257 -76.0285 -2.5
      vertex 63.8856 -75.8 -2.5
    endloop
  endfacet
  facet normal 0 0 -1
    outer loop
      vertex 72.5 -85 -2.5
      vertex 63.5285 -76.2257 -2.5
      vertex 63.7257 -76.0285 -2.5
    endloop
  endfacet
  facet normal 0 0 -1
    outer loop
      vertex 72.5 -85 -2.5
      vertex 63.3 -76.3856 -2.5
      vertex 63.5285 -76.2257 -2.5
    endloop
  endfacet
  facet normal 0 0 -1
    outer loop
      vertex 72.5 -85 -2.5
      vertex 63.0472 -76.5035 -2.5
      vertex 63.3 -76.3856 -2.5
    endloop
  endfacet
  facet normal 0 0 -1
    outer loop
      vertex 72.5 -85 -2.5
      vertex 62.7778 -76.5757 -2.5
      vertex 63.0472 -76.5035 -2.5
    endloop
  endfacet
  facet normal 0 0 -1
    outer loop
      vertex 72.5 -85 -2.5
      vertex 62.5 -76.6 -2.5
      vertex 62.7778 -76.5757 -2.5
    endloop
  endfacet
  facet normal 0 0 -1
    outer loop
      vertex 72.5 -85 -2.5
      vertex 62.2222 -76.5757 -2.5
      vertex 62.5 -76.6 -2.5
    endloop
  endfacet
  facet normal 0 0 -1
    outer loop
      vertex 72.5 -85 -2.5
      vertex 61.9528 -76.5035 -2.5
      vertex 62.2222 -76.5757 -2.5
    endloop
  endfacet
  facet normal 0 0 -1
    outer loop
      vertex 72.5 -85 -2.5
      vertex 61.7 -76.3856 -2.5
      vertex 61.9528 -76.5035 -2.5
    endloop
  endfacet
  facet normal 0 0 -1
    outer loop
      vertex 72.5 -85 -2.5
      vertex 61.4715 -76.2257 -2.5
      vertex 61.7 -76.3856 -2.5
    endloop
  endfacet
  facet normal 0 0 -1
    outer loop
      vertex 60.9965 74.4528 -2.5
      vertex -60.9 75 -2.5
      vertex 60.9243 74.7222 -2.5
    endloop
  endfacet
  facet normal 0 0 -1
    outer loop
      vertex 60.9243 -75.2778 -2.5
      vertex -60.9 -75 -2.5
      vertex 60.9 -75 -2.5
    endloop
  endfacet
  facet normal 0 0 -1
    outer loop
      vertex -60.9243 -75.2778 -2.5
      vertex 60.9243 -75.2778 -2.5
      vertex 60.9965 -75.5472 -2.5
    endloop
  endfacet
  facet normal 0 0 -1
    outer loop
      vertex -60.9965 -75.5472 -2.5
      vertex 60.9965 -75.5472 -2.5
      vertex 61.1144 -75.8 -2.5
    endloop
  endfacet
  facet normal 0 0 -1
    outer loop
      vertex -61.1144 -75.8 -2.5
      vertex 61.1144 -75.8 -2.5
      vertex 61.2743 -76.0285 -2.5
    endloop
  endfacet
  facet normal 0 0 -1
    outer loop
      vertex -61.2743 -76.0285 -2.5
      vertex 61.2743 -76.0285 -2.5
      vertex 61.4715 -76.2257 -2.5
    endloop
  endfacet
  facet normal 0 0 -1
    outer loop
      vertex -61.4715 -76.2257 -2.5
      vertex 61.4715 -76.2257 -2.5
      vertex 72.5 -85 -2.5
    endloop
  endfacet
  facet normal 0 0 -1
    outer loop
      vertex 60.9243 -75.2778 -2.5
      vertex -60.9243 -75.2778 -2.5
      vertex -60.9 -75 -2.5
    endloop
  endfacet
  facet normal 0 0 -1
    outer loop
      vertex 60.9965 -75.5472 -2.5
      vertex -60.9965 -75.5472 -2.5
      vertex -60.9243 -75.2778 -2.5
    endloop
  endfacet
  facet normal 0 0 -1
    outer loop
      vertex 61.1144 -75.8 -2.5
      vertex -61.1144 -75.8 -2.5
      vertex -60.9965 -75.5472 -2.5
    endloop
  endfacet
  facet normal 0 0 -1
    outer loop
      vertex 61.2743 -76.0285 -2.5
      vertex -61.2743 -76.0285 -2.5
      vertex -61.1144 -75.8 -2.5
    endloop
  endfacet
  facet normal 0 0 -1
    outer loop
      vertex 61.4715 -76.2257 -2.5
      vertex -61.4715 -76.2257 -2.5
      vertex -61.2743 -76.0285 -2.5
    endloop
  endfacet
  facet normal 0 0 -1
    outer loop
      vertex 72.5 -85 -2.5
      vertex -61.7 -76.3856 -2.5
      vertex -61.4715 -76.2257 -2.5
    endloop
  endfacet
  facet normal 0 0 -1
    outer loop
      vertex -72.5 -85 -2.5
      vertex -61.7 -76.3856 -2.5
      vertex 72.5 -85 -2.5
    endloop
  endfacet
  facet normal 0 0 -1
    outer loop
      vertex -61.7 -76.3856 -2.5
      vertex -72.5 -85 -2.5
      vertex -61.9528 -76.5035 -2.5
    endloop
  endfacet
  facet normal 0 0 -1
    outer loop
      vertex -61.9528 -76.5035 -2.5
      vertex -72.5 -85 -2.5
      vertex -62.2222 -76.5757 -2.5
    endloop
  endfacet
  facet normal 0 0 -1
    outer loop
      vertex -64.0035 74.4528 -2.5
      vertex -72.5 85 -2.5
      vertex -64.0757 74.7222 -2.5
    endloop
  endfacet
  facet normal -0 0 -1
    outer loop
      vertex -64.0757 -75.2778 -2.5
      vertex -72.5 -85 -2.5
      vertex -64.1 -75 -2.5
    endloop
  endfacet
  facet normal -0 0 -1
    outer loop
      vertex -64.0035 -75.5472 -2.5
      vertex -72.5 -85 -2.5
      vertex -64.0757 -75.2778 -2.5
    endloop
  endfacet
  facet normal -0 0 -1
    outer loop
      vertex -63.8856 -75.8 -2.5
      vertex -72.5 -85 -2.5
      vertex -64.0035 -75.5472 -2.5
    endloop
  endfacet
  facet normal -0 0 -1
    outer loop
      vertex -63.7257 -76.0285 -2.5
      vertex -72.5 -85 -2.5
      vertex -63.8856 -75.8 -2.5
    endloop
  endfacet
  facet normal -0 0 -1
    outer loop
      vertex -63.5285 -76.2257 -2.5
      vertex -72.5 -85 -2.5
      vertex -63.7257 -76.0285 -2.5
    endloop
  endfacet
  facet normal -0 0 -1
    outer loop
      vertex -63.3 -76.3856 -2.5
      vertex -72.5 -85 -2.5
      vertex -63.5285 -76.2257 -2.5
    endloop
  endfacet
  facet normal -0 0 -1
    outer loop
      vertex -63.0472 -76.5035 -2.5
      vertex -72.5 -85 -2.5
      vertex -63.3 -76.3856 -2.5
    endloop
  endfacet
  facet normal -0 0 -1
    outer loop
      vertex -62.7778 -76.5757 -2.5
      vertex -72.5 -85 -2.5
      vertex -63.0472 -76.5035 -2.5
    endloop
  endfacet
  facet normal -0 0 -1
    outer loop
      vertex -62.5 -76.6 -2.5
      vertex -72.5 -85 -2.5
      vertex -62.7778 -76.5757 -2.5
    endloop
  endfacet
  facet normal 0 0 -1
    outer loop
      vertex -62.2222 -76.5757 -2.5
      vertex -72.5 -85 -2.5
      vertex -62.5 -76.6 -2.5
    endloop
  endfacet
  facet normal 0 0 -1
    outer loop
      vertex 64.0035 -74.4528 -2.5
      vertex 72.5 -85 -2.5
      vertex 64.0757 -74.7222 -2.5
    endloop
  endfacet
  facet normal 0 0 -1
    outer loop
      vertex 64.0757 75.2778 -2.5
      vertex 72.5 85 -2.5
      vertex 64.1 75 -2.5
    endloop
  endfacet
  facet normal 0 0 -1
    outer loop
      vertex 64.0035 75.5472 -2.5
      vertex 72.5 85 -2.5
      vertex 64.0757 75.2778 -2.5
    endloop
  endfacet
  facet normal 0 0 -1
    outer loop
      vertex 63.8856 75.8 -2.5
      vertex 72.5 85 -2.5
      vertex 64.0035 75.5472 -2.5
    endloop
  endfacet
  facet normal 0 0 -1
    outer loop
      vertex 63.7257 76.0285 -2.5
      vertex 72.5 85 -2.5
      vertex 63.8856 75.8 -2.5
    endloop
  endfacet
  facet normal 0 0 -1
    outer loop
      vertex 63.5285 76.2257 -2.5
      vertex 72.5 85 -2.5
      vertex 63.7257 76.0285 -2.5
    endloop
  endfacet
  facet normal 0 0 -1
    outer loop
      vertex 63.3 76.3856 -2.5
      vertex 72.5 85 -2.5
      vertex 63.5285 76.2257 -2.5
    endloop
  endfacet
  facet normal 0 0 -1
    outer loop
      vertex 63.0472 76.5035 -2.5
      vertex 72.5 85 -2.5
      vertex 63.3 76.3856 -2.5
    endloop
  endfacet
  facet normal 0 0 -1
    outer loop
      vertex 62.7778 76.5757 -2.5
      vertex 72.5 85 -2.5
      vertex 63.0472 76.5035 -2.5
    endloop
  endfacet
  facet normal 0 0 -1
    outer loop
      vertex 62.5 76.6 -2.5
      vertex 72.5 85 -2.5
      vertex 62.7778 76.5757 -2.5
    endloop
  endfacet
  facet normal 0 0 -1
    outer loop
      vertex 62.2222 76.5757 -2.5
      vertex 72.5 85 -2.5
      vertex 62.5 76.6 -2.5
    endloop
  endfacet
  facet normal 0 0 -1
    outer loop
      vertex 61.9528 76.5035 -2.5
      vertex 72.5 85 -2.5
      vertex 62.2222 76.5757 -2.5
    endloop
  endfacet
  facet normal 0 0 -1
    outer loop
      vertex 61.7 76.3856 -2.5
      vertex 72.5 85 -2.5
      vertex 61.9528 76.5035 -2.5
    endloop
  endfacet
  facet normal 0 0 -1
    outer loop
      vertex 61.4715 76.2257 -2.5
      vertex 72.5 85 -2.5
      vertex 61.7 76.3856 -2.5
    endloop
  endfacet
  facet normal 0 0 -1
    outer loop
      vertex 60.9243 74.7222 -2.5
      vertex -60.9 75 -2.5
      vertex 60.9 75 -2.5
    endloop
  endfacet
  facet normal 0 0 -1
    outer loop
      vertex 60.9 75 -2.5
      vertex -60.9 75 -2.5
      vertex 60.9243 75.2778 -2.5
    endloop
  endfacet
  facet normal 0 0 -1
    outer loop
      vertex -60.9243 75.2778 -2.5
      vertex 60.9243 75.2778 -2.5
      vertex -60.9 75 -2.5
    endloop
  endfacet
  facet normal 0 0 -1
    outer loop
      vertex 60.9243 75.2778 -2.5
      vertex -60.9243 75.2778 -2.5
      vertex 60.9965 75.5472 -2.5
    endloop
  endfacet
  facet normal 0 0 -1
    outer loop
      vertex -60.9965 75.5472 -2.5
      vertex 60.9965 75.5472 -2.5
      vertex -60.9243 75.2778 -2.5
    endloop
  endfacet
  facet normal 0 0 -1
    outer loop
      vertex 60.9965 75.5472 -2.5
      vertex -60.9965 75.5472 -2.5
      vertex 61.1144 75.8 -2.5
    endloop
  endfacet
  facet normal 0 0 -1
    outer loop
      vertex -61.1144 75.8 -2.5
      vertex 61.1144 75.8 -2.5
      vertex -60.9965 75.5472 -2.5
    endloop
  endfacet
  facet normal 0 0 -1
    outer loop
      vertex 61.1144 75.8 -2.5
      vertex -61.1144 75.8 -2.5
      vertex 61.2743 76.0285 -2.5
    endloop
  endfacet
  facet normal 0 0 -1
    outer loop
      vertex -61.2743 76.0285 -2.5
      vertex 61.2743 76.0285 -2.5
      vertex -61.1144 75.8 -2.5
    endloop
  endfacet
  facet normal 0 0 -1
    outer loop
      vertex 61.2743 76.0285 -2.5
      vertex -61.2743 76.0285 -2.5
      vertex 61.4715 76.2257 -2.5
    endloop
  endfacet
  facet normal 0 0 -1
    outer loop
      vertex -61.4715 76.2257 -2.5
      vertex 61.4715 76.2257 -2.5
      vertex -61.2743 76.0285 -2.5
    endloop
  endfacet
  facet normal 0 0 -1
    outer loop
      vertex 61.4715 76.2257 -2.5
      vertex -61.4715 76.2257 -2.5
      vertex 72.5 85 -2.5
    endloop
  endfacet
  facet normal 0 0 -1
    outer loop
      vertex -61.7 76.3856 -2.5
      vertex 72.5 85 -2.5
      vertex -61.4715 76.2257 -2.5
    endloop
  endfacet
  facet normal 0 0 -1
    outer loop
      vertex -72.5 85 -2.5
      vertex -61.7 76.3856 -2.5
      vertex -61.9528 76.5035 -2.5
    endloop
  endfacet
  facet normal 0 0 -1
    outer loop
      vertex -72.5 85 -2.5
      vertex -61.9528 76.5035 -2.5
      vertex -62.2222 76.5757 -2.5
    endloop
  endfacet
  facet normal 0 0 -1
    outer loop
      vertex -72.5 85 -2.5
      vertex -62.2222 76.5757 -2.5
      vertex -62.5 76.6 -2.5
    endloop
  endfacet
  facet normal 0 0 -1
    outer loop
      vertex -61.7 76.3856 -2.5
      vertex -72.5 85 -2.5
      vertex 72.5 85 -2.5
    endloop
  endfacet
  facet normal 0 0 -1
    outer loop
      vertex -62.7778 76.5757 -2.5
      vertex -72.5 85 -2.5
      vertex -62.5 76.6 -2.5
    endloop
  endfacet
  facet normal 0 0 -1
    outer loop
      vertex -63.0472 76.5035 -2.5
      vertex -72.5 85 -2.5
      vertex -62.7778 76.5757 -2.5
    endloop
  endfacet
  facet normal 0 0 -1
    outer loop
      vertex -63.3 76.3856 -2.5
      vertex -72.5 85 -2.5
      vertex -63.0472 76.5035 -2.5
    endloop
  endfacet
  facet normal 0 0 -1
    outer loop
      vertex -63.5285 76.2257 -2.5
      vertex -72.5 85 -2.5
      vertex -63.3 76.3856 -2.5
    endloop
  endfacet
  facet normal 0 0 -1
    outer loop
      vertex -63.7257 76.0285 -2.5
      vertex -72.5 85 -2.5
      vertex -63.5285 76.2257 -2.5
    endloop
  endfacet
  facet normal 0 0 -1
    outer loop
      vertex -63.8856 75.8 -2.5
      vertex -72.5 85 -2.5
      vertex -63.7257 76.0285 -2.5
    endloop
  endfacet
  facet normal 0 0 -1
    outer loop
      vertex -64.0035 75.5472 -2.5
      vertex -72.5 85 -2.5
      vertex -63.8856 75.8 -2.5
    endloop
  endfacet
  facet normal 0 0 -1
    outer loop
      vertex -64.0757 75.2778 -2.5
      vertex -72.5 85 -2.5
      vertex -64.0035 75.5472 -2.5
    endloop
  endfacet
  facet normal 0 0 -1
    outer loop
      vertex -64.1 75 -2.5
      vertex -72.5 85 -2.5
      vertex -64.0757 75.2778 -2.5
    endloop
  endfacet
  facet normal 0 0 -1
    outer loop
      vertex -64.0757 74.7222 -2.5
      vertex -72.5 85 -2.5
      vertex -64.1 75 -2.5
    endloop
  endfacet
  facet normal -1 0 0
    outer loop
      vertex -72.5 -85 -2.5
      vertex -72.5 85 2.5
      vertex -72.5 85 -2.5
    endloop
  endfacet
  facet normal -1 -0 0
    outer loop
      vertex -72.5 85 2.5
      vertex -72.5 -85 -2.5
      vertex -72.5 -85 2.5
    endloop
  endfacet
  facet normal 0 1 -0
    outer loop
      vertex 72.5 85 -2.5
      vertex -72.5 85 2.5
      vertex 72.5 85 2.5
    endloop
  endfacet
  facet normal 0 1 0
    outer loop
      vertex -72.5 85 2.5
      vertex 72.5 85 -2.5
      vertex -72.5 85 -2.5
    endloop
  endfacet
  facet normal 0 -1 0
    outer loop
      vertex -72.5 -85 -2.5
      vertex 72.5 -85 2.5
      vertex -72.5 -85 2.5
    endloop
  endfacet
  facet normal 0 -1 -0
    outer loop
      vertex 72.5 -85 2.5
      vertex -72.5 -85 -2.5
      vertex 72.5 -85 -2.5
    endloop
  endfacet
  facet normal -0.707107 -0.707107 0
    outer loop
      vertex -62.9284 -75.7981 2.5
      vertex -63.2981 -75.4284 2.71
      vertex -63.2981 -75.4284 2.5
    endloop
  endfacet
  facet normal -0.707107 -0.707107 0
    outer loop
      vertex -63.2981 -75.4284 2.71
      vertex -62.9284 -75.7981 2.5
      vertex -62.9284 -75.7981 2.71
    endloop
  endfacet
  facet normal -0.0872073 -0.99619 0
    outer loop
      vertex -61.5209 -76.4544 2.5
      vertex -61 -76.5 2.71
      vertex -61.5209 -76.4544 2.71
    endloop
  endfacet
  facet normal -0.0872073 -0.99619 -0
    outer loop
      vertex -61 -76.5 2.71
      vertex -61.5209 -76.4544 2.5
      vertex -61 -76.5 2.5
    endloop
  endfacet
  facet normal 0.573616 -0.819124 0
    outer loop
      vertex 62.5 -76.0981 2.5
      vertex 62.9284 -75.7981 2.71
      vertex 62.5 -76.0981 2.71
    endloop
  endfacet
  facet normal 0.573616 -0.819124 0
    outer loop
      vertex 62.9284 -75.7981 2.71
      vertex 62.5 -76.0981 2.5
      vertex 62.9284 -75.7981 2.5
    endloop
  endfacet
  facet normal -0.99619 -0.0872073 0
    outer loop
      vertex -63.9544 -74.0209 2.5
      vertex -64 -73.5 2.71
      vertex -64 -73.5 2.5
    endloop
  endfacet
  facet normal -0.99619 -0.0872073 0
    outer loop
      vertex -64 -73.5 2.71
      vertex -63.9544 -74.0209 2.5
      vertex -63.9544 -74.0209 2.71
    endloop
  endfacet
  facet normal -0.906295 -0.422645 0
    outer loop
      vertex -63.5981 -75 2.5
      vertex -63.8191 -74.5261 2.71
      vertex -63.8191 -74.5261 2.5
    endloop
  endfacet
  facet normal -0.906295 -0.422645 0
    outer loop
      vertex -63.8191 -74.5261 2.71
      vertex -63.5981 -75 2.5
      vertex -63.5981 -75 2.71
    endloop
  endfacet
  facet normal -1 0 0
    outer loop
      vertex -64 -73.5 2.5
      vertex -64 73.5 2.71
      vertex -64 73.5 2.5
    endloop
  endfacet
  facet normal -1 -0 0
    outer loop
      vertex -64 73.5 2.71
      vertex -64 -73.5 2.5
      vertex -64 -73.5 2.71
    endloop
  endfacet
  facet normal 0.99619 -0.0872073 0
    outer loop
      vertex 63.9544 -74.0209 2.71
      vertex 64 -73.5 2.5
      vertex 64 -73.5 2.71
    endloop
  endfacet
  facet normal 0.99619 -0.0872073 0
    outer loop
      vertex 64 -73.5 2.5
      vertex 63.9544 -74.0209 2.71
      vertex 63.9544 -74.0209 2.5
    endloop
  endfacet
  facet normal 1 -0 0
    outer loop
      vertex 64 -73.5 2.71
      vertex 64 73.5 2.5
      vertex 64 73.5 2.71
    endloop
  endfacet
  facet normal 1 0 0
    outer loop
      vertex 64 73.5 2.5
      vertex 64 -73.5 2.71
      vertex 64 -73.5 2.5
    endloop
  endfacet
  facet normal -0.422645 0.906295 0
    outer loop
      vertex -62.0261 76.3191 2.5
      vertex -62.5 76.0981 2.71
      vertex -62.0261 76.3191 2.71
    endloop
  endfacet
  facet normal -0.422645 0.906295 0
    outer loop
      vertex -62.5 76.0981 2.71
      vertex -62.0261 76.3191 2.5
      vertex -62.5 76.0981 2.5
    endloop
  endfacet
  facet normal 0 1 -0
    outer loop
      vertex 61 76.5 2.5
      vertex -61 76.5 2.71
      vertex 61 76.5 2.71
    endloop
  endfacet
  facet normal 0 1 0
    outer loop
      vertex -61 76.5 2.71
      vertex 61 76.5 2.5
      vertex -61 76.5 2.5
    endloop
  endfacet
  facet normal -0.965958 -0.258698 0
    outer loop
      vertex -63.8191 -74.5261 2.5
      vertex -63.9544 -74.0209 2.71
      vertex -63.9544 -74.0209 2.5
    endloop
  endfacet
  facet normal -0.965958 -0.258698 0
    outer loop
      vertex -63.9544 -74.0209 2.71
      vertex -63.8191 -74.5261 2.5
      vertex -63.8191 -74.5261 2.71
    endloop
  endfacet
  facet normal 0.422645 -0.906295 0
    outer loop
      vertex 62.0261 -76.3191 2.5
      vertex 62.5 -76.0981 2.71
      vertex 62.0261 -76.3191 2.71
    endloop
  endfacet
  facet normal 0.422645 -0.906295 0
    outer loop
      vertex 62.5 -76.0981 2.71
      vertex 62.0261 -76.3191 2.5
      vertex 62.5 -76.0981 2.5
    endloop
  endfacet
  facet normal 0.99619 0.0872073 0
    outer loop
      vertex 64 73.5 2.71
      vertex 63.9544 74.0209 2.5
      vertex 63.9544 74.0209 2.71
    endloop
  endfacet
  facet normal 0.99619 0.0872073 0
    outer loop
      vertex 63.9544 74.0209 2.5
      vertex 64 73.5 2.71
      vertex 64 73.5 2.5
    endloop
  endfacet
  facet normal 0.906295 0.422645 0
    outer loop
      vertex 63.8191 74.5261 2.71
      vertex 63.5981 75 2.5
      vertex 63.5981 75 2.71
    endloop
  endfacet
  facet normal 0.906295 0.422645 0
    outer loop
      vertex 63.5981 75 2.5
      vertex 63.8191 74.5261 2.71
      vertex 63.8191 74.5261 2.5
    endloop
  endfacet
  facet normal 0.965958 -0.258698 0
    outer loop
      vertex 63.8191 -74.5261 2.71
      vertex 63.9544 -74.0209 2.5
      vertex 63.9544 -74.0209 2.71
    endloop
  endfacet
  facet normal 0.965958 -0.258698 0
    outer loop
      vertex 63.9544 -74.0209 2.5
      vertex 63.8191 -74.5261 2.71
      vertex 63.8191 -74.5261 2.5
    endloop
  endfacet
  facet normal -0.258698 0.965958 0
    outer loop
      vertex -61.5209 76.4544 2.5
      vertex -62.0261 76.3191 2.71
      vertex -61.5209 76.4544 2.71
    endloop
  endfacet
  facet normal -0.258698 0.965958 0
    outer loop
      vertex -62.0261 76.3191 2.71
      vertex -61.5209 76.4544 2.5
      vertex -62.0261 76.3191 2.5
    endloop
  endfacet
  facet normal 0.819124 -0.573616 0
    outer loop
      vertex 63.2981 -75.4284 2.71
      vertex 63.5981 -75 2.5
      vertex 63.5981 -75 2.71
    endloop
  endfacet
  facet normal 0.819124 -0.573616 0
    outer loop
      vertex 63.5981 -75 2.5
      vertex 63.2981 -75.4284 2.71
      vertex 63.2981 -75.4284 2.5
    endloop
  endfacet
  facet normal -0.707107 0.707107 0
    outer loop
      vertex -63.2981 75.4284 2.5
      vertex -62.9284 75.7981 2.71
      vertex -62.9284 75.7981 2.5
    endloop
  endfacet
  facet normal -0.707107 0.707107 0
    outer loop
      vertex -62.9284 75.7981 2.71
      vertex -63.2981 75.4284 2.5
      vertex -63.2981 75.4284 2.71
    endloop
  endfacet
  facet normal 0.819124 0.573616 0
    outer loop
      vertex 63.5981 75 2.71
      vertex 63.2981 75.4284 2.5
      vertex 63.2981 75.4284 2.71
    endloop
  endfacet
  facet normal 0.819124 0.573616 0
    outer loop
      vertex 63.2981 75.4284 2.5
      vertex 63.5981 75 2.71
      vertex 63.5981 75 2.5
    endloop
  endfacet
  facet normal 0.965958 0.258698 0
    outer loop
      vertex 63.9544 74.0209 2.71
      vertex 63.8191 74.5261 2.5
      vertex 63.8191 74.5261 2.71
    endloop
  endfacet
  facet normal 0.965958 0.258698 0
    outer loop
      vertex 63.8191 74.5261 2.5
      vertex 63.9544 74.0209 2.71
      vertex 63.9544 74.0209 2.5
    endloop
  endfacet
  facet normal -0.258698 -0.965958 0
    outer loop
      vertex -62.0261 -76.3191 2.5
      vertex -61.5209 -76.4544 2.71
      vertex -62.0261 -76.3191 2.71
    endloop
  endfacet
  facet normal -0.258698 -0.965958 -0
    outer loop
      vertex -61.5209 -76.4544 2.71
      vertex -62.0261 -76.3191 2.5
      vertex -61.5209 -76.4544 2.5
    endloop
  endfacet
  facet normal 0.707107 -0.707107 0
    outer loop
      vertex 62.9284 -75.7981 2.71
      vertex 63.2981 -75.4284 2.5
      vertex 63.2981 -75.4284 2.71
    endloop
  endfacet
  facet normal 0.707107 -0.707107 0
    outer loop
      vertex 63.2981 -75.4284 2.5
      vertex 62.9284 -75.7981 2.71
      vertex 62.9284 -75.7981 2.5
    endloop
  endfacet
  facet normal 0 -1 0
    outer loop
      vertex -61 -76.5 2.5
      vertex 61 -76.5 2.71
      vertex -61 -76.5 2.71
    endloop
  endfacet
  facet normal 0 -1 -0
    outer loop
      vertex 61 -76.5 2.71
      vertex -61 -76.5 2.5
      vertex 61 -76.5 2.5
    endloop
  endfacet
  facet normal -0.0872073 0.99619 0
    outer loop
      vertex -61 76.5 2.5
      vertex -61.5209 76.4544 2.71
      vertex -61 76.5 2.71
    endloop
  endfacet
  facet normal -0.0872073 0.99619 0
    outer loop
      vertex -61.5209 76.4544 2.71
      vertex -61 76.5 2.5
      vertex -61.5209 76.4544 2.5
    endloop
  endfacet
  facet normal -0.422645 -0.906295 0
    outer loop
      vertex -62.5 -76.0981 2.5
      vertex -62.0261 -76.3191 2.71
      vertex -62.5 -76.0981 2.71
    endloop
  endfacet
  facet normal -0.422645 -0.906295 -0
    outer loop
      vertex -62.0261 -76.3191 2.71
      vertex -62.5 -76.0981 2.5
      vertex -62.0261 -76.3191 2.5
    endloop
  endfacet
  facet normal 0.906295 -0.422645 0
    outer loop
      vertex 63.5981 -75 2.71
      vertex 63.8191 -74.5261 2.5
      vertex 63.8191 -74.5261 2.71
    endloop
  endfacet
  facet normal 0.906295 -0.422645 0
    outer loop
      vertex 63.8191 -74.5261 2.5
      vertex 63.5981 -75 2.71
      vertex 63.5981 -75 2.5
    endloop
  endfacet
  facet normal -0.573616 0.819124 0
    outer loop
      vertex -62.5 76.0981 2.5
      vertex -62.9284 75.7981 2.71
      vertex -62.5 76.0981 2.71
    endloop
  endfacet
  facet normal -0.573616 0.819124 0
    outer loop
      vertex -62.9284 75.7981 2.71
      vertex -62.5 76.0981 2.5
      vertex -62.9284 75.7981 2.5
    endloop
  endfacet
  facet normal 0.422645 0.906295 -0
    outer loop
      vertex 62.5 76.0981 2.5
      vertex 62.0261 76.3191 2.71
      vertex 62.5 76.0981 2.71
    endloop
  endfacet
  facet normal 0.422645 0.906295 0
    outer loop
      vertex 62.0261 76.3191 2.71
      vertex 62.5 76.0981 2.5
      vertex 62.0261 76.3191 2.5
    endloop
  endfacet
  facet normal -0.819124 -0.573616 0
    outer loop
      vertex -63.2981 -75.4284 2.5
      vertex -63.5981 -75 2.71
      vertex -63.5981 -75 2.5
    endloop
  endfacet
  facet normal -0.819124 -0.573616 0
    outer loop
      vertex -63.5981 -75 2.71
      vertex -63.2981 -75.4284 2.5
      vertex -63.2981 -75.4284 2.71
    endloop
  endfacet
  facet normal 0.258698 -0.965958 0
    outer loop
      vertex 61.5209 -76.4544 2.5
      vertex 62.0261 -76.3191 2.71
      vertex 61.5209 -76.4544 2.71
    endloop
  endfacet
  facet normal 0.258698 -0.965958 0
    outer loop
      vertex 62.0261 -76.3191 2.71
      vertex 61.5209 -76.4544 2.5
      vertex 62.0261 -76.3191 2.5
    endloop
  endfacet
  facet normal 0.707107 0.707107 0
    outer loop
      vertex 63.2981 75.4284 2.71
      vertex 62.9284 75.7981 2.5
      vertex 62.9284 75.7981 2.71
    endloop
  endfacet
  facet normal 0.707107 0.707107 0
    outer loop
      vertex 62.9284 75.7981 2.5
      vertex 63.2981 75.4284 2.71
      vertex 63.2981 75.4284 2.5
    endloop
  endfacet
  facet normal -0.573616 -0.819124 0
    outer loop
      vertex -62.9284 -75.7981 2.5
      vertex -62.5 -76.0981 2.71
      vertex -62.9284 -75.7981 2.71
    endloop
  endfacet
  facet normal -0.573616 -0.819124 -0
    outer loop
      vertex -62.5 -76.0981 2.71
      vertex -62.9284 -75.7981 2.5
      vertex -62.5 -76.0981 2.5
    endloop
  endfacet
  facet normal 0.258698 0.965958 -0
    outer loop
      vertex 62.0261 76.3191 2.5
      vertex 61.5209 76.4544 2.71
      vertex 62.0261 76.3191 2.71
    endloop
  endfacet
  facet normal 0.258698 0.965958 0
    outer loop
      vertex 61.5209 76.4544 2.71
      vertex 62.0261 76.3191 2.5
      vertex 61.5209 76.4544 2.5
    endloop
  endfacet
  facet normal 0.573616 0.819124 -0
    outer loop
      vertex 62.9284 75.7981 2.5
      vertex 62.5 76.0981 2.71
      vertex 62.9284 75.7981 2.71
    endloop
  endfacet
  facet normal 0.573616 0.819124 0
    outer loop
      vertex 62.5 76.0981 2.71
      vertex 62.9284 75.7981 2.5
      vertex 62.5 76.0981 2.5
    endloop
  endfacet
  facet normal 0.0872073 0.99619 -0
    outer loop
      vertex 61.5209 76.4544 2.5
      vertex 61 76.5 2.71
      vertex 61.5209 76.4544 2.71
    endloop
  endfacet
  facet normal 0.0872073 0.99619 0
    outer loop
      vertex 61 76.5 2.71
      vertex 61.5209 76.4544 2.5
      vertex 61 76.5 2.5
    endloop
  endfacet
  facet normal 0 0 -1
    outer loop
      vertex 63.0691 -73.7761 2.5
      vertex 64 -73.5 2.5
      vertex 63.9544 -74.0209 2.5
    endloop
  endfacet
  facet normal 0 0 -1
    outer loop
      vertex 64 -73.5 2.5
      vertex 63.25 -72.75 2.5
      vertex 64 73.5 2.5
    endloop
  endfacet
  facet normal 0 0 -1
    outer loop
      vertex 63.0691 -73.7761 2.5
      vertex 63.9544 -74.0209 2.5
      vertex 63.8191 -74.5261 2.5
    endloop
  endfacet
  facet normal 0 0 -1
    outer loop
      vertex 63.25 72.75 2.5
      vertex 64 73.5 2.5
      vertex 63.25 -72.75 2.5
    endloop
  endfacet
  facet normal 0 0 -1
    outer loop
      vertex 62.8481 -74.25 2.5
      vertex 63.8191 -74.5261 2.5
      vertex 63.5981 -75 2.5
    endloop
  endfacet
  facet normal 0 0 -1
    outer loop
      vertex 63.2044 73.2709 2.5
      vertex 64 73.5 2.5
      vertex 63.25 72.75 2.5
    endloop
  endfacet
  facet normal 0 0 -1
    outer loop
      vertex 62.5481 -74.6784 2.5
      vertex 63.5981 -75 2.5
      vertex 63.2981 -75.4284 2.5
    endloop
  endfacet
  facet normal 0 0 -1
    outer loop
      vertex 63.0691 73.7761 2.5
      vertex 64 73.5 2.5
      vertex 63.2044 73.2709 2.5
    endloop
  endfacet
  facet normal 0 0 -1
    outer loop
      vertex 64 73.5 2.5
      vertex 63.0691 73.7761 2.5
      vertex 63.9544 74.0209 2.5
    endloop
  endfacet
  facet normal 0 0 -1
    outer loop
      vertex 64 -73.5 2.5
      vertex 63.2044 -73.2709 2.5
      vertex 63.25 -72.75 2.5
    endloop
  endfacet
  facet normal -0 0 -1
    outer loop
      vertex 64 -73.5 2.5
      vertex 63.0691 -73.7761 2.5
      vertex 63.2044 -73.2709 2.5
    endloop
  endfacet
  facet normal 0 0 -1
    outer loop
      vertex 62.5481 -74.6784 2.5
      vertex 63.2981 -75.4284 2.5
      vertex 62.9284 -75.7981 2.5
    endloop
  endfacet
  facet normal 0 0 -1
    outer loop
      vertex 63.8191 -74.5261 2.5
      vertex 62.8481 -74.25 2.5
      vertex 63.0691 -73.7761 2.5
    endloop
  endfacet
  facet normal 0 0 -1
    outer loop
      vertex 63.5981 -75 2.5
      vertex 62.5481 -74.6784 2.5
      vertex 62.8481 -74.25 2.5
    endloop
  endfacet
  facet normal 0 0 -1
    outer loop
      vertex 62.1784 -75.0481 2.5
      vertex 62.9284 -75.7981 2.5
      vertex 62.5 -76.0981 2.5
    endloop
  endfacet
  facet normal 0 0 -1
    outer loop
      vertex 62.9284 -75.7981 2.5
      vertex 62.1784 -75.0481 2.5
      vertex 62.5481 -74.6784 2.5
    endloop
  endfacet
  facet normal 0 0 -1
    outer loop
      vertex 61.75 -75.3481 2.5
      vertex 62.5 -76.0981 2.5
      vertex 62.0261 -76.3191 2.5
    endloop
  endfacet
  facet normal 0 0 -1
    outer loop
      vertex 62.5 -76.0981 2.5
      vertex 61.75 -75.3481 2.5
      vertex 62.1784 -75.0481 2.5
    endloop
  endfacet
  facet normal 0 0 -1
    outer loop
      vertex 61.2761 -75.5691 2.5
      vertex 62.0261 -76.3191 2.5
      vertex 61.5209 -76.4544 2.5
    endloop
  endfacet
  facet normal 0 0 -1
    outer loop
      vertex 62.0261 -76.3191 2.5
      vertex 61.2761 -75.5691 2.5
      vertex 61.75 -75.3481 2.5
    endloop
  endfacet
  facet normal 0 0 -1
    outer loop
      vertex 61 -76.5 2.5
      vertex 61.2761 -75.5691 2.5
      vertex 61.5209 -76.4544 2.5
    endloop
  endfacet
  facet normal 0 0 -1
    outer loop
      vertex 61 -76.5 2.5
      vertex 60.7709 -75.7044 2.5
      vertex 61.2761 -75.5691 2.5
    endloop
  endfacet
  facet normal 0 0 -1
    outer loop
      vertex 61 -76.5 2.5
      vertex 60.25 -75.75 2.5
      vertex 60.7709 -75.7044 2.5
    endloop
  endfacet
  facet normal 0 0 -1
    outer loop
      vertex 61 -76.5 2.5
      vertex -60.25 -75.75 2.5
      vertex 60.25 -75.75 2.5
    endloop
  endfacet
  facet normal 0 0 -1
    outer loop
      vertex -61 -76.5 2.5
      vertex -60.25 -75.75 2.5
      vertex 61 -76.5 2.5
    endloop
  endfacet
  facet normal 0 0 -1
    outer loop
      vertex -61 -76.5 2.5
      vertex -60.7709 -75.7044 2.5
      vertex -60.25 -75.75 2.5
    endloop
  endfacet
  facet normal 0 0 -1
    outer loop
      vertex -61 -76.5 2.5
      vertex -61.2761 -75.5691 2.5
      vertex -60.7709 -75.7044 2.5
    endloop
  endfacet
  facet normal 0 0 -1
    outer loop
      vertex -61.5209 -76.4544 2.5
      vertex -61.2761 -75.5691 2.5
      vertex -61 -76.5 2.5
    endloop
  endfacet
  facet normal 0 0 -1
    outer loop
      vertex -62.0261 -76.3191 2.5
      vertex -61.2761 -75.5691 2.5
      vertex -61.5209 -76.4544 2.5
    endloop
  endfacet
  facet normal -0 0 -1
    outer loop
      vertex -61.2761 -75.5691 2.5
      vertex -62.0261 -76.3191 2.5
      vertex -61.75 -75.3481 2.5
    endloop
  endfacet
  facet normal 0 0 -1
    outer loop
      vertex -62.5 -76.0981 2.5
      vertex -61.75 -75.3481 2.5
      vertex -62.0261 -76.3191 2.5
    endloop
  endfacet
  facet normal -0 0 -1
    outer loop
      vertex -61.75 -75.3481 2.5
      vertex -62.5 -76.0981 2.5
      vertex -62.1784 -75.0481 2.5
    endloop
  endfacet
  facet normal 0 0 -1
    outer loop
      vertex -62.9284 -75.7981 2.5
      vertex -62.1784 -75.0481 2.5
      vertex -62.5 -76.0981 2.5
    endloop
  endfacet
  facet normal -0 0 -1
    outer loop
      vertex -62.1784 -75.0481 2.5
      vertex -62.9284 -75.7981 2.5
      vertex -62.5481 -74.6784 2.5
    endloop
  endfacet
  facet normal 0 0 -1
    outer loop
      vertex -63.2981 -75.4284 2.5
      vertex -62.5481 -74.6784 2.5
      vertex -62.9284 -75.7981 2.5
    endloop
  endfacet
  facet normal 0 0 -1
    outer loop
      vertex -63.5981 -75 2.5
      vertex -62.5481 -74.6784 2.5
      vertex -63.2981 -75.4284 2.5
    endloop
  endfacet
  facet normal -0 0 -1
    outer loop
      vertex -62.5481 -74.6784 2.5
      vertex -63.5981 -75 2.5
      vertex -62.8481 -74.25 2.5
    endloop
  endfacet
  facet normal 0 0 -1
    outer loop
      vertex -63.9544 -74.0209 2.5
      vertex -63.0691 -73.7761 2.5
      vertex -63.8191 -74.5261 2.5
    endloop
  endfacet
  facet normal -0 0 -1
    outer loop
      vertex -62.8481 -74.25 2.5
      vertex -63.8191 -74.5261 2.5
      vertex -63.0691 -73.7761 2.5
    endloop
  endfacet
  facet normal 0 0 -1
    outer loop
      vertex -63.8191 -74.5261 2.5
      vertex -62.8481 -74.25 2.5
      vertex -63.5981 -75 2.5
    endloop
  endfacet
  facet normal -0 0 -1
    outer loop
      vertex 63.9544 74.0209 2.5
      vertex 63.0691 73.7761 2.5
      vertex 63.8191 74.5261 2.5
    endloop
  endfacet
  facet normal 0 0 -1
    outer loop
      vertex 62.8481 74.25 2.5
      vertex 63.8191 74.5261 2.5
      vertex 63.0691 73.7761 2.5
    endloop
  endfacet
  facet normal -0 0 -1
    outer loop
      vertex 63.8191 74.5261 2.5
      vertex 62.8481 74.25 2.5
      vertex 63.5981 75 2.5
    endloop
  endfacet
  facet normal 0 0 -1
    outer loop
      vertex 62.5481 74.6784 2.5
      vertex 63.5981 75 2.5
      vertex 62.8481 74.25 2.5
    endloop
  endfacet
  facet normal -0 0 -1
    outer loop
      vertex 63.5981 75 2.5
      vertex 62.5481 74.6784 2.5
      vertex 63.2981 75.4284 2.5
    endloop
  endfacet
  facet normal -0 0 -1
    outer loop
      vertex 63.2981 75.4284 2.5
      vertex 62.5481 74.6784 2.5
      vertex 62.9284 75.7981 2.5
    endloop
  endfacet
  facet normal 0 0 -1
    outer loop
      vertex 62.1784 75.0481 2.5
      vertex 62.9284 75.7981 2.5
      vertex 62.5481 74.6784 2.5
    endloop
  endfacet
  facet normal -0 0 -1
    outer loop
      vertex 62.9284 75.7981 2.5
      vertex 62.1784 75.0481 2.5
      vertex 62.5 76.0981 2.5
    endloop
  endfacet
  facet normal 0 0 -1
    outer loop
      vertex 61.75 75.3481 2.5
      vertex 62.5 76.0981 2.5
      vertex 62.1784 75.0481 2.5
    endloop
  endfacet
  facet normal -0 0 -1
    outer loop
      vertex 62.5 76.0981 2.5
      vertex 61.75 75.3481 2.5
      vertex 62.0261 76.3191 2.5
    endloop
  endfacet
  facet normal 0 0 -1
    outer loop
      vertex 61.2761 75.5691 2.5
      vertex 62.0261 76.3191 2.5
      vertex 61.75 75.3481 2.5
    endloop
  endfacet
  facet normal -0 0 -1
    outer loop
      vertex 62.0261 76.3191 2.5
      vertex 61.2761 75.5691 2.5
      vertex 61.5209 76.4544 2.5
    endloop
  endfacet
  facet normal 0 0 -1
    outer loop
      vertex 61.2761 75.5691 2.5
      vertex 61 76.5 2.5
      vertex 61.5209 76.4544 2.5
    endloop
  endfacet
  facet normal 0 0 -1
    outer loop
      vertex 60.7709 75.7044 2.5
      vertex 61 76.5 2.5
      vertex 61.2761 75.5691 2.5
    endloop
  endfacet
  facet normal 0 0 -1
    outer loop
      vertex 60.25 75.75 2.5
      vertex 61 76.5 2.5
      vertex 60.7709 75.7044 2.5
    endloop
  endfacet
  facet normal 0 0 -1
    outer loop
      vertex -60.25 75.75 2.5
      vertex 61 76.5 2.5
      vertex 60.25 75.75 2.5
    endloop
  endfacet
  facet normal 0 0 -1
    outer loop
      vertex -60.25 75.75 2.5
      vertex -61 76.5 2.5
      vertex 61 76.5 2.5
    endloop
  endfacet
  facet normal 0 0 -1
    outer loop
      vertex -60.7709 75.7044 2.5
      vertex -61 76.5 2.5
      vertex -60.25 75.75 2.5
    endloop
  endfacet
  facet normal 0 0 -1
    outer loop
      vertex -61.2761 75.5691 2.5
      vertex -61 76.5 2.5
      vertex -60.7709 75.7044 2.5
    endloop
  endfacet
  facet normal 0 0 -1
    outer loop
      vertex -61.2761 75.5691 2.5
      vertex -61.5209 76.4544 2.5
      vertex -61 76.5 2.5
    endloop
  endfacet
  facet normal 0 0 -1
    outer loop
      vertex -62.0261 76.3191 2.5
      vertex -61.2761 75.5691 2.5
      vertex -61.75 75.3481 2.5
    endloop
  endfacet
  facet normal 0 0 -1
    outer loop
      vertex -61.2761 75.5691 2.5
      vertex -62.0261 76.3191 2.5
      vertex -61.5209 76.4544 2.5
    endloop
  endfacet
  facet normal 0 0 -1
    outer loop
      vertex -62.5 76.0981 2.5
      vertex -61.75 75.3481 2.5
      vertex -62.1784 75.0481 2.5
    endloop
  endfacet
  facet normal 0 0 -1
    outer loop
      vertex -61.75 75.3481 2.5
      vertex -62.5 76.0981 2.5
      vertex -62.0261 76.3191 2.5
    endloop
  endfacet
  facet normal 0 0 -1
    outer loop
      vertex -62.9284 75.7981 2.5
      vertex -62.1784 75.0481 2.5
      vertex -62.5481 74.6784 2.5
    endloop
  endfacet
  facet normal 0 0 -1
    outer loop
      vertex -63.5981 75 2.5
      vertex -62.5481 74.6784 2.5
      vertex -62.8481 74.25 2.5
    endloop
  endfacet
  facet normal 0 0 -1
    outer loop
      vertex -62.1784 75.0481 2.5
      vertex -62.9284 75.7981 2.5
      vertex -62.5 76.0981 2.5
    endloop
  endfacet
  facet normal 0 0 -1
    outer loop
      vertex -63.8191 74.5261 2.5
      vertex -62.8481 74.25 2.5
      vertex -63.0691 73.7761 2.5
    endloop
  endfacet
  facet normal 0 0 -1
    outer loop
      vertex -64 73.5 2.5
      vertex -63.0691 73.7761 2.5
      vertex -63.2044 73.2709 2.5
    endloop
  endfacet
  facet normal 0 0 -1
    outer loop
      vertex -62.5481 74.6784 2.5
      vertex -63.2981 75.4284 2.5
      vertex -62.9284 75.7981 2.5
    endloop
  endfacet
  facet normal 0 0 -1
    outer loop
      vertex -64 73.5 2.5
      vertex -63.2044 73.2709 2.5
      vertex -63.25 72.75 2.5
    endloop
  endfacet
  facet normal -0 0 -1
    outer loop
      vertex -63.25 -72.75 2.5
      vertex -64 -73.5 2.5
      vertex -63.25 72.75 2.5
    endloop
  endfacet
  facet normal 0 0 -1
    outer loop
      vertex -64 -73.5 2.5
      vertex -63.0691 -73.7761 2.5
      vertex -63.9544 -74.0209 2.5
    endloop
  endfacet
  facet normal 0 0 -1
    outer loop
      vertex -64 73.5 2.5
      vertex -63.25 72.75 2.5
      vertex -64 -73.5 2.5
    endloop
  endfacet
  facet normal 0 0 -1
    outer loop
      vertex -63.0691 -73.7761 2.5
      vertex -64 -73.5 2.5
      vertex -63.2044 -73.2709 2.5
    endloop
  endfacet
  facet normal -0 0 -1
    outer loop
      vertex -63.0691 73.7761 2.5
      vertex -64 73.5 2.5
      vertex -63.9544 74.0209 2.5
    endloop
  endfacet
  facet normal -0 0 -1
    outer loop
      vertex -63.2044 -73.2709 2.5
      vertex -64 -73.5 2.5
      vertex -63.25 -72.75 2.5
    endloop
  endfacet
  facet normal 0 0 -1
    outer loop
      vertex -62.5481 74.6784 2.5
      vertex -63.5981 75 2.5
      vertex -63.2981 75.4284 2.5
    endloop
  endfacet
  facet normal 0 0 -1
    outer loop
      vertex -62.8481 74.25 2.5
      vertex -63.8191 74.5261 2.5
      vertex -63.5981 75 2.5
    endloop
  endfacet
  facet normal 0 0 -1
    outer loop
      vertex -63.0691 73.7761 2.5
      vertex -63.9544 74.0209 2.5
      vertex -63.8191 74.5261 2.5
    endloop
  endfacet
  facet normal -0 0 1
    outer loop
      vertex 63.0691 73.7761 2.71
      vertex 64 73.5 2.71
      vertex 63.9544 74.0209 2.71
    endloop
  endfacet
  facet normal 0 0 1
    outer loop
      vertex 64 73.5 2.71
      vertex 63.25 72.75 2.71
      vertex 64 -73.5 2.71
    endloop
  endfacet
  facet normal 0 0 1
    outer loop
      vertex 63.0691 73.7761 2.71
      vertex 63.9544 74.0209 2.71
      vertex 63.8191 74.5261 2.71
    endloop
  endfacet
  facet normal -0 0 1
    outer loop
      vertex 63.25 -72.75 2.71
      vertex 64 -73.5 2.71
      vertex 63.25 72.75 2.71
    endloop
  endfacet
  facet normal 0 0 1
    outer loop
      vertex 62.8481 74.25 2.71
      vertex 63.8191 74.5261 2.71
      vertex 63.5981 75 2.71
    endloop
  endfacet
  facet normal -0 0 1
    outer loop
      vertex 63.2044 -73.2709 2.71
      vertex 64 -73.5 2.71
      vertex 63.25 -72.75 2.71
    endloop
  endfacet
  facet normal 0 0 1
    outer loop
      vertex 62.5481 74.6784 2.71
      vertex 63.5981 75 2.71
      vertex 63.2981 75.4284 2.71
    endloop
  endfacet
  facet normal 0 0 1
    outer loop
      vertex 63.0691 -73.7761 2.71
      vertex 64 -73.5 2.71
      vertex 63.2044 -73.2709 2.71
    endloop
  endfacet
  facet normal 0 0 1
    outer loop
      vertex 64 -73.5 2.71
      vertex 63.0691 -73.7761 2.71
      vertex 63.9544 -74.0209 2.71
    endloop
  endfacet
  facet normal 0 0 1
    outer loop
      vertex 64 73.5 2.71
      vertex 63.2044 73.2709 2.71
      vertex 63.25 72.75 2.71
    endloop
  endfacet
  facet normal 0 0 1
    outer loop
      vertex 64 73.5 2.71
      vertex 63.0691 73.7761 2.71
      vertex 63.2044 73.2709 2.71
    endloop
  endfacet
  facet normal 0 0 1
    outer loop
      vertex 62.5481 74.6784 2.71
      vertex 63.2981 75.4284 2.71
      vertex 62.9284 75.7981 2.71
    endloop
  endfacet
  facet normal 0 0 1
    outer loop
      vertex 63.8191 74.5261 2.71
      vertex 62.8481 74.25 2.71
      vertex 63.0691 73.7761 2.71
    endloop
  endfacet
  facet normal 0 0 1
    outer loop
      vertex 63.5981 75 2.71
      vertex 62.5481 74.6784 2.71
      vertex 62.8481 74.25 2.71
    endloop
  endfacet
  facet normal 0 0 1
    outer loop
      vertex 62.1784 75.0481 2.71
      vertex 62.9284 75.7981 2.71
      vertex 62.5 76.0981 2.71
    endloop
  endfacet
  facet normal 0 0 1
    outer loop
      vertex 62.9284 75.7981 2.71
      vertex 62.1784 75.0481 2.71
      vertex 62.5481 74.6784 2.71
    endloop
  endfacet
  facet normal 0 0 1
    outer loop
      vertex 61.75 75.3481 2.71
      vertex 62.5 76.0981 2.71
      vertex 62.0261 76.3191 2.71
    endloop
  endfacet
  facet normal 0 0 1
    outer loop
      vertex 62.5 76.0981 2.71
      vertex 61.75 75.3481 2.71
      vertex 62.1784 75.0481 2.71
    endloop
  endfacet
  facet normal 0 0 1
    outer loop
      vertex 61.2761 75.5691 2.71
      vertex 62.0261 76.3191 2.71
      vertex 61.5209 76.4544 2.71
    endloop
  endfacet
  facet normal 0 0 1
    outer loop
      vertex 62.0261 76.3191 2.71
      vertex 61.2761 75.5691 2.71
      vertex 61.75 75.3481 2.71
    endloop
  endfacet
  facet normal 0 0 1
    outer loop
      vertex 61 76.5 2.71
      vertex 61.2761 75.5691 2.71
      vertex 61.5209 76.4544 2.71
    endloop
  endfacet
  facet normal 0 0 1
    outer loop
      vertex 61 76.5 2.71
      vertex 60.7709 75.7044 2.71
      vertex 61.2761 75.5691 2.71
    endloop
  endfacet
  facet normal 0 0 1
    outer loop
      vertex 61 76.5 2.71
      vertex 60.25 75.75 2.71
      vertex 60.7709 75.7044 2.71
    endloop
  endfacet
  facet normal 0 0 1
    outer loop
      vertex 61 76.5 2.71
      vertex -60.25 75.75 2.71
      vertex 60.25 75.75 2.71
    endloop
  endfacet
  facet normal -0 0 1
    outer loop
      vertex -61 76.5 2.71
      vertex -60.25 75.75 2.71
      vertex 61 76.5 2.71
    endloop
  endfacet
  facet normal 0 0 1
    outer loop
      vertex -61 76.5 2.71
      vertex -60.7709 75.7044 2.71
      vertex -60.25 75.75 2.71
    endloop
  endfacet
  facet normal 0 0 1
    outer loop
      vertex -61 76.5 2.71
      vertex -61.2761 75.5691 2.71
      vertex -60.7709 75.7044 2.71
    endloop
  endfacet
  facet normal -0 0 1
    outer loop
      vertex -61.5209 76.4544 2.71
      vertex -61.2761 75.5691 2.71
      vertex -61 76.5 2.71
    endloop
  endfacet
  facet normal -0 0 1
    outer loop
      vertex -62.0261 76.3191 2.71
      vertex -61.2761 75.5691 2.71
      vertex -61.5209 76.4544 2.71
    endloop
  endfacet
  facet normal 0 0 1
    outer loop
      vertex -61.2761 75.5691 2.71
      vertex -62.0261 76.3191 2.71
      vertex -61.75 75.3481 2.71
    endloop
  endfacet
  facet normal -0 0 1
    outer loop
      vertex -62.5 76.0981 2.71
      vertex -61.75 75.3481 2.71
      vertex -62.0261 76.3191 2.71
    endloop
  endfacet
  facet normal 0 0 1
    outer loop
      vertex -61.75 75.3481 2.71
      vertex -62.5 76.0981 2.71
      vertex -62.1784 75.0481 2.71
    endloop
  endfacet
  facet normal -0 0 1
    outer loop
      vertex -62.9284 75.7981 2.71
      vertex -62.1784 75.0481 2.71
      vertex -62.5 76.0981 2.71
    endloop
  endfacet
  facet normal 0 0 1
    outer loop
      vertex -62.1784 75.0481 2.71
      vertex -62.9284 75.7981 2.71
      vertex -62.5481 74.6784 2.71
    endloop
  endfacet
  facet normal -0 0 1
    outer loop
      vertex -63.2981 75.4284 2.71
      vertex -62.5481 74.6784 2.71
      vertex -62.9284 75.7981 2.71
    endloop
  endfacet
  facet normal -0 0 1
    outer loop
      vertex -63.5981 75 2.71
      vertex -62.5481 74.6784 2.71
      vertex -63.2981 75.4284 2.71
    endloop
  endfacet
  facet normal 0 0 1
    outer loop
      vertex -62.5481 74.6784 2.71
      vertex -63.5981 75 2.71
      vertex -62.8481 74.25 2.71
    endloop
  endfacet
  facet normal -0 0 1
    outer loop
      vertex -63.9544 74.0209 2.71
      vertex -63.0691 73.7761 2.71
      vertex -63.8191 74.5261 2.71
    endloop
  endfacet
  facet normal 0 0 1
    outer loop
      vertex -62.8481 74.25 2.71
      vertex -63.8191 74.5261 2.71
      vertex -63.0691 73.7761 2.71
    endloop
  endfacet
  facet normal -0 0 1
    outer loop
      vertex -63.8191 74.5261 2.71
      vertex -62.8481 74.25 2.71
      vertex -63.5981 75 2.71
    endloop
  endfacet
  facet normal 0 0 1
    outer loop
      vertex 63.9544 -74.0209 2.71
      vertex 63.0691 -73.7761 2.71
      vertex 63.8191 -74.5261 2.71
    endloop
  endfacet
  facet normal -0 0 1
    outer loop
      vertex 62.8481 -74.25 2.71
      vertex 63.8191 -74.5261 2.71
      vertex 63.0691 -73.7761 2.71
    endloop
  endfacet
  facet normal 0 0 1
    outer loop
      vertex 63.8191 -74.5261 2.71
      vertex 62.8481 -74.25 2.71
      vertex 63.5981 -75 2.71
    endloop
  endfacet
  facet normal -0 0 1
    outer loop
      vertex 62.5481 -74.6784 2.71
      vertex 63.5981 -75 2.71
      vertex 62.8481 -74.25 2.71
    endloop
  endfacet
  facet normal 0 0 1
    outer loop
      vertex 63.5981 -75 2.71
      vertex 62.5481 -74.6784 2.71
      vertex 63.2981 -75.4284 2.71
    endloop
  endfacet
  facet normal 0 0 1
    outer loop
      vertex 63.2981 -75.4284 2.71
      vertex 62.5481 -74.6784 2.71
      vertex 62.9284 -75.7981 2.71
    endloop
  endfacet
  facet normal -0 0 1
    outer loop
      vertex 62.1784 -75.0481 2.71
      vertex 62.9284 -75.7981 2.71
      vertex 62.5481 -74.6784 2.71
    endloop
  endfacet
  facet normal 0 0 1
    outer loop
      vertex 62.9284 -75.7981 2.71
      vertex 62.1784 -75.0481 2.71
      vertex 62.5 -76.0981 2.71
    endloop
  endfacet
  facet normal -0 0 1
    outer loop
      vertex 61.75 -75.3481 2.71
      vertex 62.5 -76.0981 2.71
      vertex 62.1784 -75.0481 2.71
    endloop
  endfacet
  facet normal 0 0 1
    outer loop
      vertex 62.5 -76.0981 2.71
      vertex 61.75 -75.3481 2.71
      vertex 62.0261 -76.3191 2.71
    endloop
  endfacet
  facet normal -0 0 1
    outer loop
      vertex 61.2761 -75.5691 2.71
      vertex 62.0261 -76.3191 2.71
      vertex 61.75 -75.3481 2.71
    endloop
  endfacet
  facet normal 0 0 1
    outer loop
      vertex 62.0261 -76.3191 2.71
      vertex 61.2761 -75.5691 2.71
      vertex 61.5209 -76.4544 2.71
    endloop
  endfacet
  facet normal 0 0 1
    outer loop
      vertex 61.2761 -75.5691 2.71
      vertex 61 -76.5 2.71
      vertex 61.5209 -76.4544 2.71
    endloop
  endfacet
  facet normal -0 0 1
    outer loop
      vertex 60.7709 -75.7044 2.71
      vertex 61 -76.5 2.71
      vertex 61.2761 -75.5691 2.71
    endloop
  endfacet
  facet normal -0 0 1
    outer loop
      vertex 60.25 -75.75 2.71
      vertex 61 -76.5 2.71
      vertex 60.7709 -75.7044 2.71
    endloop
  endfacet
  facet normal -0 0 1
    outer loop
      vertex -60.25 -75.75 2.71
      vertex 61 -76.5 2.71
      vertex 60.25 -75.75 2.71
    endloop
  endfacet
  facet normal 0 0 1
    outer loop
      vertex -60.25 -75.75 2.71
      vertex -61 -76.5 2.71
      vertex 61 -76.5 2.71
    endloop
  endfacet
  facet normal 0 0 1
    outer loop
      vertex -60.7709 -75.7044 2.71
      vertex -61 -76.5 2.71
      vertex -60.25 -75.75 2.71
    endloop
  endfacet
  facet normal 0 0 1
    outer loop
      vertex -61.2761 -75.5691 2.71
      vertex -61 -76.5 2.71
      vertex -60.7709 -75.7044 2.71
    endloop
  endfacet
  facet normal 0 0 1
    outer loop
      vertex -61.2761 -75.5691 2.71
      vertex -61.5209 -76.4544 2.71
      vertex -61 -76.5 2.71
    endloop
  endfacet
  facet normal 0 0 1
    outer loop
      vertex -62.0261 -76.3191 2.71
      vertex -61.2761 -75.5691 2.71
      vertex -61.75 -75.3481 2.71
    endloop
  endfacet
  facet normal 0 0 1
    outer loop
      vertex -61.2761 -75.5691 2.71
      vertex -62.0261 -76.3191 2.71
      vertex -61.5209 -76.4544 2.71
    endloop
  endfacet
  facet normal 0 0 1
    outer loop
      vertex -62.5 -76.0981 2.71
      vertex -61.75 -75.3481 2.71
      vertex -62.1784 -75.0481 2.71
    endloop
  endfacet
  facet normal 0 0 1
    outer loop
      vertex -61.75 -75.3481 2.71
      vertex -62.5 -76.0981 2.71
      vertex -62.0261 -76.3191 2.71
    endloop
  endfacet
  facet normal 0 0 1
    outer loop
      vertex -62.9284 -75.7981 2.71
      vertex -62.1784 -75.0481 2.71
      vertex -62.5481 -74.6784 2.71
    endloop
  endfacet
  facet normal 0 0 1
    outer loop
      vertex -63.5981 -75 2.71
      vertex -62.5481 -74.6784 2.71
      vertex -62.8481 -74.25 2.71
    endloop
  endfacet
  facet normal 0 0 1
    outer loop
      vertex -62.1784 -75.0481 2.71
      vertex -62.9284 -75.7981 2.71
      vertex -62.5 -76.0981 2.71
    endloop
  endfacet
  facet normal 0 0 1
    outer loop
      vertex -63.8191 -74.5261 2.71
      vertex -62.8481 -74.25 2.71
      vertex -63.0691 -73.7761 2.71
    endloop
  endfacet
  facet normal -0 0 1
    outer loop
      vertex -64 -73.5 2.71
      vertex -63.0691 -73.7761 2.71
      vertex -63.2044 -73.2709 2.71
    endloop
  endfacet
  facet normal 0 0 1
    outer loop
      vertex -62.5481 -74.6784 2.71
      vertex -63.2981 -75.4284 2.71
      vertex -62.9284 -75.7981 2.71
    endloop
  endfacet
  facet normal 0 0 1
    outer loop
      vertex -64 -73.5 2.71
      vertex -63.2044 -73.2709 2.71
      vertex -63.25 -72.75 2.71
    endloop
  endfacet
  facet normal 0 0 1
    outer loop
      vertex -63.25 72.75 2.71
      vertex -64 73.5 2.71
      vertex -63.25 -72.75 2.71
    endloop
  endfacet
  facet normal 0 0 1
    outer loop
      vertex -64 73.5 2.71
      vertex -63.0691 73.7761 2.71
      vertex -63.9544 74.0209 2.71
    endloop
  endfacet
  facet normal 0 0 1
    outer loop
      vertex -64 -73.5 2.71
      vertex -63.25 -72.75 2.71
      vertex -64 73.5 2.71
    endloop
  endfacet
  facet normal 0 0 1
    outer loop
      vertex -63.0691 73.7761 2.71
      vertex -64 73.5 2.71
      vertex -63.2044 73.2709 2.71
    endloop
  endfacet
  facet normal 0 0 1
    outer loop
      vertex -63.0691 -73.7761 2.71
      vertex -64 -73.5 2.71
      vertex -63.9544 -74.0209 2.71
    endloop
  endfacet
  facet normal 0 0 1
    outer loop
      vertex -63.2044 73.2709 2.71
      vertex -64 73.5 2.71
      vertex -63.25 72.75 2.71
    endloop
  endfacet
  facet normal 0 0 1
    outer loop
      vertex -62.5481 -74.6784 2.71
      vertex -63.5981 -75 2.71
      vertex -63.2981 -75.4284 2.71
    endloop
  endfacet
  facet normal 0 0 1
    outer loop
      vertex -62.8481 -74.25 2.71
      vertex -63.8191 -74.5261 2.71
      vertex -63.5981 -75 2.71
    endloop
  endfacet
  facet normal 0 0 1
    outer loop
      vertex -63.0691 -73.7761 2.71
      vertex -63.9544 -74.0209 2.71
      vertex -63.8191 -74.5261 2.71
    endloop
  endfacet
  facet normal 0.0872073 -0.99619 0
    outer loop
      vertex 61 -76.5 2.5
      vertex 61.5209 -76.4544 2.71
      vertex 61 -76.5 2.71
    endloop
  endfacet
  facet normal 0.0872073 -0.99619 0
    outer loop
      vertex 61.5209 -76.4544 2.71
      vertex 61 -76.5 2.5
      vertex 61.5209 -76.4544 2.5
    endloop
  endfacet
  facet normal -0.906295 0.422645 0
    outer loop
      vertex -63.8191 74.5261 2.5
      vertex -63.5981 75 2.71
      vertex -63.5981 75 2.5
    endloop
  endfacet
  facet normal -0.906295 0.422645 0
    outer loop
      vertex -63.5981 75 2.71
      vertex -63.8191 74.5261 2.5
      vertex -63.8191 74.5261 2.71
    endloop
  endfacet
  facet normal -0.819124 0.573616 0
    outer loop
      vertex -63.5981 75 2.5
      vertex -63.2981 75.4284 2.71
      vertex -63.2981 75.4284 2.5
    endloop
  endfacet
  facet normal -0.819124 0.573616 0
    outer loop
      vertex -63.2981 75.4284 2.71
      vertex -63.5981 75 2.5
      vertex -63.5981 75 2.71
    endloop
  endfacet
  facet normal -0.965958 0.258698 0
    outer loop
      vertex -63.9544 74.0209 2.5
      vertex -63.8191 74.5261 2.71
      vertex -63.8191 74.5261 2.5
    endloop
  endfacet
  facet normal -0.965958 0.258698 0
    outer loop
      vertex -63.8191 74.5261 2.71
      vertex -63.9544 74.0209 2.5
      vertex -63.9544 74.0209 2.71
    endloop
  endfacet
  facet normal -0.99619 0.0872073 0
    outer loop
      vertex -64 73.5 2.5
      vertex -63.9544 74.0209 2.71
      vertex -63.9544 74.0209 2.5
    endloop
  endfacet
  facet normal -0.99619 0.0872073 0
    outer loop
      vertex -63.9544 74.0209 2.71
      vertex -64 73.5 2.5
      vertex -64 73.5 2.71
    endloop
  endfacet
  facet normal 0 1 -0
    outer loop
      vertex 60.25 -75.75 2.5
      vertex -60.25 -75.75 2.71
      vertex 60.25 -75.75 2.71
    endloop
  endfacet
  facet normal 0 1 0
    outer loop
      vertex -60.25 -75.75 2.71
      vertex 60.25 -75.75 2.5
      vertex -60.25 -75.75 2.5
    endloop
  endfacet
  facet normal -0.258698 -0.965958 0
    outer loop
      vertex 60.7709 75.7044 2.5
      vertex 61.2761 75.5691 2.71
      vertex 60.7709 75.7044 2.71
    endloop
  endfacet
  facet normal -0.258698 -0.965958 -0
    outer loop
      vertex 61.2761 75.5691 2.71
      vertex 60.7709 75.7044 2.5
      vertex 61.2761 75.5691 2.5
    endloop
  endfacet
  facet normal 0 -1 0
    outer loop
      vertex -60.25 75.75 2.5
      vertex 60.25 75.75 2.71
      vertex -60.25 75.75 2.71
    endloop
  endfacet
  facet normal 0 -1 -0
    outer loop
      vertex 60.25 75.75 2.71
      vertex -60.25 75.75 2.5
      vertex 60.25 75.75 2.5
    endloop
  endfacet
  facet normal -0.0872073 0.99619 0
    outer loop
      vertex 60.7709 -75.7044 2.5
      vertex 60.25 -75.75 2.71
      vertex 60.7709 -75.7044 2.71
    endloop
  endfacet
  facet normal -0.0872073 0.99619 0
    outer loop
      vertex 60.25 -75.75 2.71
      vertex 60.7709 -75.7044 2.5
      vertex 60.25 -75.75 2.5
    endloop
  endfacet
  facet normal -0.965958 -0.258698 0
    outer loop
      vertex 63.2044 73.2709 2.5
      vertex 63.0691 73.7761 2.71
      vertex 63.0691 73.7761 2.5
    endloop
  endfacet
  facet normal -0.965958 -0.258698 0
    outer loop
      vertex 63.0691 73.7761 2.71
      vertex 63.2044 73.2709 2.5
      vertex 63.2044 73.2709 2.71
    endloop
  endfacet
  facet normal 0.0872073 0.99619 -0
    outer loop
      vertex -60.25 -75.75 2.5
      vertex -60.7709 -75.7044 2.71
      vertex -60.25 -75.75 2.71
    endloop
  endfacet
  facet normal 0.0872073 0.99619 0
    outer loop
      vertex -60.7709 -75.7044 2.71
      vertex -60.25 -75.75 2.5
      vertex -60.7709 -75.7044 2.5
    endloop
  endfacet
  facet normal -0.707107 -0.707107 0
    outer loop
      vertex 62.5481 74.6784 2.5
      vertex 62.1784 75.0481 2.71
      vertex 62.1784 75.0481 2.5
    endloop
  endfacet
  facet normal -0.707107 -0.707107 0
    outer loop
      vertex 62.1784 75.0481 2.71
      vertex 62.5481 74.6784 2.5
      vertex 62.5481 74.6784 2.71
    endloop
  endfacet
  facet normal 0.819124 -0.573616 0
    outer loop
      vertex -62.8481 74.25 2.71
      vertex -62.5481 74.6784 2.5
      vertex -62.5481 74.6784 2.71
    endloop
  endfacet
  facet normal 0.819124 -0.573616 0
    outer loop
      vertex -62.5481 74.6784 2.5
      vertex -62.8481 74.25 2.71
      vertex -62.8481 74.25 2.5
    endloop
  endfacet
  facet normal 1 -0 0
    outer loop
      vertex -63.25 -72.75 2.71
      vertex -63.25 72.75 2.5
      vertex -63.25 72.75 2.71
    endloop
  endfacet
  facet normal 1 0 0
    outer loop
      vertex -63.25 72.75 2.5
      vertex -63.25 -72.75 2.71
      vertex -63.25 -72.75 2.5
    endloop
  endfacet
  facet normal 0.573616 -0.819124 0
    outer loop
      vertex -62.1784 75.0481 2.5
      vertex -61.75 75.3481 2.71
      vertex -62.1784 75.0481 2.71
    endloop
  endfacet
  facet normal 0.573616 -0.819124 0
    outer loop
      vertex -61.75 75.3481 2.71
      vertex -62.1784 75.0481 2.5
      vertex -61.75 75.3481 2.5
    endloop
  endfacet
  facet normal 0.258698 -0.965958 0
    outer loop
      vertex -61.2761 75.5691 2.5
      vertex -60.7709 75.7044 2.71
      vertex -61.2761 75.5691 2.71
    endloop
  endfacet
  facet normal 0.258698 -0.965958 0
    outer loop
      vertex -60.7709 75.7044 2.71
      vertex -61.2761 75.5691 2.5
      vertex -60.7709 75.7044 2.5
    endloop
  endfacet
  facet normal 0.99619 0.0872073 0
    outer loop
      vertex -63.2044 -73.2709 2.71
      vertex -63.25 -72.75 2.5
      vertex -63.25 -72.75 2.71
    endloop
  endfacet
  facet normal 0.99619 0.0872073 0
    outer loop
      vertex -63.25 -72.75 2.5
      vertex -63.2044 -73.2709 2.71
      vertex -63.2044 -73.2709 2.5
    endloop
  endfacet
  facet normal 0.99619 -0.0872073 0
    outer loop
      vertex -63.25 72.75 2.71
      vertex -63.2044 73.2709 2.5
      vertex -63.2044 73.2709 2.71
    endloop
  endfacet
  facet normal 0.99619 -0.0872073 0
    outer loop
      vertex -63.2044 73.2709 2.5
      vertex -63.25 72.75 2.71
      vertex -63.25 72.75 2.5
    endloop
  endfacet
  facet normal 0.707107 0.707107 0
    outer loop
      vertex -62.1784 -75.0481 2.71
      vertex -62.5481 -74.6784 2.5
      vertex -62.5481 -74.6784 2.71
    endloop
  endfacet
  facet normal 0.707107 0.707107 0
    outer loop
      vertex -62.5481 -74.6784 2.5
      vertex -62.1784 -75.0481 2.71
      vertex -62.1784 -75.0481 2.5
    endloop
  endfacet
  facet normal -1 0 0
    outer loop
      vertex 63.25 -72.75 2.5
      vertex 63.25 72.75 2.71
      vertex 63.25 72.75 2.5
    endloop
  endfacet
  facet normal -1 -0 0
    outer loop
      vertex 63.25 72.75 2.71
      vertex 63.25 -72.75 2.5
      vertex 63.25 -72.75 2.71
    endloop
  endfacet
  facet normal -0.422645 -0.906295 0
    outer loop
      vertex 61.2761 75.5691 2.5
      vertex 61.75 75.3481 2.71
      vertex 61.2761 75.5691 2.71
    endloop
  endfacet
  facet normal -0.422645 -0.906295 -0
    outer loop
      vertex 61.75 75.3481 2.71
      vertex 61.2761 75.5691 2.5
      vertex 61.75 75.3481 2.5
    endloop
  endfacet
  facet normal 0.965958 -0.258698 0
    outer loop
      vertex -63.2044 73.2709 2.71
      vertex -63.0691 73.7761 2.5
      vertex -63.0691 73.7761 2.71
    endloop
  endfacet
  facet normal 0.965958 -0.258698 0
    outer loop
      vertex -63.0691 73.7761 2.5
      vertex -63.2044 73.2709 2.71
      vertex -63.2044 73.2709 2.5
    endloop
  endfacet
  facet normal -0.573616 0.819124 0
    outer loop
      vertex 62.1784 -75.0481 2.5
      vertex 61.75 -75.3481 2.71
      vertex 62.1784 -75.0481 2.71
    endloop
  endfacet
  facet normal -0.573616 0.819124 0
    outer loop
      vertex 61.75 -75.3481 2.71
      vertex 62.1784 -75.0481 2.5
      vertex 61.75 -75.3481 2.5
    endloop
  endfacet
  facet normal 0.965958 0.258698 0
    outer loop
      vertex -63.0691 -73.7761 2.71
      vertex -63.2044 -73.2709 2.5
      vertex -63.2044 -73.2709 2.71
    endloop
  endfacet
  facet normal 0.965958 0.258698 0
    outer loop
      vertex -63.2044 -73.2709 2.5
      vertex -63.0691 -73.7761 2.71
      vertex -63.0691 -73.7761 2.5
    endloop
  endfacet
  facet normal 0.906295 -0.422645 0
    outer loop
      vertex -63.0691 73.7761 2.71
      vertex -62.8481 74.25 2.5
      vertex -62.8481 74.25 2.71
    endloop
  endfacet
  facet normal 0.906295 -0.422645 0
    outer loop
      vertex -62.8481 74.25 2.5
      vertex -63.0691 73.7761 2.71
      vertex -63.0691 73.7761 2.5
    endloop
  endfacet
  facet normal -0.422645 0.906295 0
    outer loop
      vertex 61.75 -75.3481 2.5
      vertex 61.2761 -75.5691 2.71
      vertex 61.75 -75.3481 2.71
    endloop
  endfacet
  facet normal -0.422645 0.906295 0
    outer loop
      vertex 61.2761 -75.5691 2.71
      vertex 61.75 -75.3481 2.5
      vertex 61.2761 -75.5691 2.5
    endloop
  endfacet
  facet normal 0.422645 0.906295 -0
    outer loop
      vertex -61.2761 -75.5691 2.5
      vertex -61.75 -75.3481 2.71
      vertex -61.2761 -75.5691 2.71
    endloop
  endfacet
  facet normal 0.422645 0.906295 0
    outer loop
      vertex -61.75 -75.3481 2.71
      vertex -61.2761 -75.5691 2.5
      vertex -61.75 -75.3481 2.5
    endloop
  endfacet
  facet normal 0.819124 0.573616 0
    outer loop
      vertex -62.5481 -74.6784 2.71
      vertex -62.8481 -74.25 2.5
      vertex -62.8481 -74.25 2.71
    endloop
  endfacet
  facet normal 0.819124 0.573616 0
    outer loop
      vertex -62.8481 -74.25 2.5
      vertex -62.5481 -74.6784 2.71
      vertex -62.5481 -74.6784 2.5
    endloop
  endfacet
  facet normal 0.0872073 -0.99619 0
    outer loop
      vertex -60.7709 75.7044 2.5
      vertex -60.25 75.75 2.71
      vertex -60.7709 75.7044 2.71
    endloop
  endfacet
  facet normal 0.0872073 -0.99619 0
    outer loop
      vertex -60.25 75.75 2.71
      vertex -60.7709 75.7044 2.5
      vertex -60.25 75.75 2.5
    endloop
  endfacet
  facet normal -0.906295 -0.422645 0
    outer loop
      vertex 63.0691 73.7761 2.5
      vertex 62.8481 74.25 2.71
      vertex 62.8481 74.25 2.5
    endloop
  endfacet
  facet normal -0.906295 -0.422645 0
    outer loop
      vertex 62.8481 74.25 2.71
      vertex 63.0691 73.7761 2.5
      vertex 63.0691 73.7761 2.71
    endloop
  endfacet
  facet normal -0.906295 0.422645 0
    outer loop
      vertex 62.8481 -74.25 2.5
      vertex 63.0691 -73.7761 2.71
      vertex 63.0691 -73.7761 2.5
    endloop
  endfacet
  facet normal -0.906295 0.422645 0
    outer loop
      vertex 63.0691 -73.7761 2.71
      vertex 62.8481 -74.25 2.5
      vertex 62.8481 -74.25 2.71
    endloop
  endfacet
  facet normal -0.99619 -0.0872073 0
    outer loop
      vertex 63.25 72.75 2.5
      vertex 63.2044 73.2709 2.71
      vertex 63.2044 73.2709 2.5
    endloop
  endfacet
  facet normal -0.99619 -0.0872073 0
    outer loop
      vertex 63.2044 73.2709 2.71
      vertex 63.25 72.75 2.5
      vertex 63.25 72.75 2.71
    endloop
  endfacet
  facet normal 0.707107 -0.707107 0
    outer loop
      vertex -62.5481 74.6784 2.71
      vertex -62.1784 75.0481 2.5
      vertex -62.1784 75.0481 2.71
    endloop
  endfacet
  facet normal 0.707107 -0.707107 0
    outer loop
      vertex -62.1784 75.0481 2.5
      vertex -62.5481 74.6784 2.71
      vertex -62.5481 74.6784 2.5
    endloop
  endfacet
  facet normal -0.573616 -0.819124 0
    outer loop
      vertex 61.75 75.3481 2.5
      vertex 62.1784 75.0481 2.71
      vertex 61.75 75.3481 2.71
    endloop
  endfacet
  facet normal -0.573616 -0.819124 -0
    outer loop
      vertex 62.1784 75.0481 2.71
      vertex 61.75 75.3481 2.5
      vertex 62.1784 75.0481 2.5
    endloop
  endfacet
  facet normal -0.707107 0.707107 0
    outer loop
      vertex 62.1784 -75.0481 2.5
      vertex 62.5481 -74.6784 2.71
      vertex 62.5481 -74.6784 2.5
    endloop
  endfacet
  facet normal -0.707107 0.707107 0
    outer loop
      vertex 62.5481 -74.6784 2.71
      vertex 62.1784 -75.0481 2.5
      vertex 62.1784 -75.0481 2.71
    endloop
  endfacet
  facet normal -0.258698 0.965958 0
    outer loop
      vertex 61.2761 -75.5691 2.5
      vertex 60.7709 -75.7044 2.71
      vertex 61.2761 -75.5691 2.71
    endloop
  endfacet
  facet normal -0.258698 0.965958 0
    outer loop
      vertex 60.7709 -75.7044 2.71
      vertex 61.2761 -75.5691 2.5
      vertex 60.7709 -75.7044 2.5
    endloop
  endfacet
  facet normal -0.819124 0.573616 0
    outer loop
      vertex 62.5481 -74.6784 2.5
      vertex 62.8481 -74.25 2.71
      vertex 62.8481 -74.25 2.5
    endloop
  endfacet
  facet normal -0.819124 0.573616 0
    outer loop
      vertex 62.8481 -74.25 2.71
      vertex 62.5481 -74.6784 2.5
      vertex 62.5481 -74.6784 2.71
    endloop
  endfacet
  facet normal 0.573616 0.819124 -0
    outer loop
      vertex -61.75 -75.3481 2.5
      vertex -62.1784 -75.0481 2.71
      vertex -61.75 -75.3481 2.71
    endloop
  endfacet
  facet normal 0.573616 0.819124 0
    outer loop
      vertex -62.1784 -75.0481 2.71
      vertex -61.75 -75.3481 2.5
      vertex -62.1784 -75.0481 2.5
    endloop
  endfacet
  facet normal 0.422645 -0.906295 0
    outer loop
      vertex -61.75 75.3481 2.5
      vertex -61.2761 75.5691 2.71
      vertex -61.75 75.3481 2.71
    endloop
  endfacet
  facet normal 0.422645 -0.906295 0
    outer loop
      vertex -61.2761 75.5691 2.71
      vertex -61.75 75.3481 2.5
      vertex -61.2761 75.5691 2.5
    endloop
  endfacet
  facet normal -0.99619 0.0872073 0
    outer loop
      vertex 63.2044 -73.2709 2.5
      vertex 63.25 -72.75 2.71
      vertex 63.25 -72.75 2.5
    endloop
  endfacet
  facet normal -0.99619 0.0872073 0
    outer loop
      vertex 63.25 -72.75 2.71
      vertex 63.2044 -73.2709 2.5
      vertex 63.2044 -73.2709 2.71
    endloop
  endfacet
  facet normal -0.965958 0.258698 0
    outer loop
      vertex 63.0691 -73.7761 2.5
      vertex 63.2044 -73.2709 2.71
      vertex 63.2044 -73.2709 2.5
    endloop
  endfacet
  facet normal -0.965958 0.258698 0
    outer loop
      vertex 63.2044 -73.2709 2.71
      vertex 63.0691 -73.7761 2.5
      vertex 63.0691 -73.7761 2.71
    endloop
  endfacet
  facet normal 0.906295 0.422645 0
    outer loop
      vertex -62.8481 -74.25 2.71
      vertex -63.0691 -73.7761 2.5
      vertex -63.0691 -73.7761 2.71
    endloop
  endfacet
  facet normal 0.906295 0.422645 0
    outer loop
      vertex -63.0691 -73.7761 2.5
      vertex -62.8481 -74.25 2.71
      vertex -62.8481 -74.25 2.5
    endloop
  endfacet
  facet normal -0.0872073 -0.99619 0
    outer loop
      vertex 60.25 75.75 2.5
      vertex 60.7709 75.7044 2.71
      vertex 60.25 75.75 2.71
    endloop
  endfacet
  facet normal -0.0872073 -0.99619 -0
    outer loop
      vertex 60.7709 75.7044 2.71
      vertex 60.25 75.75 2.5
      vertex 60.7709 75.7044 2.5
    endloop
  endfacet
  facet normal -0.819124 -0.573616 0
    outer loop
      vertex 62.8481 74.25 2.5
      vertex 62.5481 74.6784 2.71
      vertex 62.5481 74.6784 2.5
    endloop
  endfacet
  facet normal -0.819124 -0.573616 0
    outer loop
      vertex 62.5481 74.6784 2.71
      vertex 62.8481 74.25 2.5
      vertex 62.8481 74.25 2.71
    endloop
  endfacet
  facet normal 0.258698 0.965958 -0
    outer loop
      vertex -60.7709 -75.7044 2.5
      vertex -61.2761 -75.5691 2.71
      vertex -60.7709 -75.7044 2.71
    endloop
  endfacet
  facet normal 0.258698 0.965958 0
    outer loop
      vertex -61.2761 -75.5691 2.71
      vertex -60.7709 -75.7044 2.5
      vertex -61.2761 -75.5691 2.5
    endloop
  endfacet
endsolid OpenSCAD_Model
