solid OpenSCAD_Model
  facet normal 0.572892 -0.819631 0
    outer loop
      vertex 174.175 -52.6691 -10
      vertex 174.368 -52.5342 10
      vertex 174.175 -52.6691 10
    endloop
  endfacet
  facet normal 0.572892 -0.819631 0
    outer loop
      vertex 174.368 -52.5342 10
      vertex 174.175 -52.6691 -10
      vertex 174.368 -52.5342 -10
    endloop
  endfacet
  facet normal -0.258058 0.966129 0
    outer loop
      vertex 173.266 -50.1705 -10
      vertex 173.038 -50.2314 10
      vertex 173.266 -50.1705 10
    endloop
  endfacet
  facet normal -0.258058 0.966129 0
    outer loop
      vertex 173.038 -50.2314 10
      vertex 173.266 -50.1705 -10
      vertex 173.038 -50.2314 -10
    endloop
  endfacet
  facet normal -0.0872726 0.996184 0
    outer loop
      vertex 173.5 -50.15 -10
      vertex 173.266 -50.1705 10
      vertex 173.5 -50.15 10
    endloop
  endfacet
  facet normal -0.0872726 0.996184 0
    outer loop
      vertex 173.266 -50.1705 10
      vertex 173.5 -50.15 -10
      vertex 173.266 -50.1705 -10
    endloop
  endfacet
  facet normal -0.423235 0.90602 0
    outer loop
      vertex 173.038 -50.2314 -10
      vertex 172.825 -50.3309 10
      vertex 173.038 -50.2314 10
    endloop
  endfacet
  facet normal -0.423235 0.90602 0
    outer loop
      vertex 172.825 -50.3309 10
      vertex 173.038 -50.2314 -10
      vertex 172.825 -50.3309 -10
    endloop
  endfacet
  facet normal 0.996011 -0.089233 0
    outer loop
      vertex 174.829 -51.7344 10
      vertex 174.85 -51.5 -10
      vertex 174.85 -51.5 10
    endloop
  endfacet
  facet normal 0.996011 -0.089233 0
    outer loop
      vertex 174.85 -51.5 -10
      vertex 174.829 -51.7344 10
      vertex 174.829 -51.7344 -10
    endloop
  endfacet
  facet normal 0.258058 -0.966129 0
    outer loop
      vertex 173.734 -52.8295 -10
      vertex 173.962 -52.7686 10
      vertex 173.734 -52.8295 10
    endloop
  endfacet
  facet normal 0.258058 -0.966129 0
    outer loop
      vertex 173.962 -52.7686 10
      vertex 173.734 -52.8295 -10
      vertex 173.962 -52.7686 -10
    endloop
  endfacet
  facet normal 0.0872726 0.996184 -0
    outer loop
      vertex 173.734 -50.1705 -10
      vertex 173.5 -50.15 10
      vertex 173.734 -50.1705 10
    endloop
  endfacet
  facet normal 0.0872726 0.996184 0
    outer loop
      vertex 173.5 -50.15 10
      vertex 173.734 -50.1705 -10
      vertex 173.5 -50.15 -10
    endloop
  endfacet
  facet normal 0.0872726 -0.996184 0
    outer loop
      vertex 173.5 -52.85 -10
      vertex 173.734 -52.8295 10
      vertex 173.5 -52.85 10
    endloop
  endfacet
  facet normal 0.0872726 -0.996184 0
    outer loop
      vertex 173.734 -52.8295 10
      vertex 173.5 -52.85 -10
      vertex 173.734 -52.8295 -10
    endloop
  endfacet
  facet normal -0.996011 0.089233 0
    outer loop
      vertex 172.15 -51.5 -10
      vertex 172.171 -51.2656 10
      vertex 172.171 -51.2656 -10
    endloop
  endfacet
  facet normal -0.996011 0.089233 0
    outer loop
      vertex 172.171 -51.2656 10
      vertex 172.15 -51.5 -10
      vertex 172.15 -51.5 10
    endloop
  endfacet
  facet normal -0.572892 0.819631 0
    outer loop
      vertex 172.825 -50.3309 -10
      vertex 172.632 -50.4658 10
      vertex 172.825 -50.3309 10
    endloop
  endfacet
  facet normal -0.572892 0.819631 0
    outer loop
      vertex 172.632 -50.4658 10
      vertex 172.825 -50.3309 -10
      vertex 172.632 -50.4658 -10
    endloop
  endfacet
  facet normal -0.966881 -0.255226 0
    outer loop
      vertex 172.231 -51.9617 -10
      vertex 172.171 -51.7344 10
      vertex 172.171 -51.7344 -10
    endloop
  endfacet
  facet normal -0.966881 -0.255226 0
    outer loop
      vertex 172.171 -51.7344 10
      vertex 172.231 -51.9617 -10
      vertex 172.231 -51.9617 10
    endloop
  endfacet
  facet normal -0.905433 -0.424488 0
    outer loop
      vertex 172.331 -52.175 -10
      vertex 172.231 -51.9617 10
      vertex 172.231 -51.9617 -10
    endloop
  endfacet
  facet normal -0.905433 -0.424488 0
    outer loop
      vertex 172.231 -51.9617 10
      vertex 172.331 -52.175 -10
      vertex 172.331 -52.175 10
    endloop
  endfacet
  facet normal 0.905433 0.424488 0
    outer loop
      vertex 174.769 -51.0383 10
      vertex 174.669 -50.825 -10
      vertex 174.669 -50.825 10
    endloop
  endfacet
  facet normal 0.905433 0.424488 0
    outer loop
      vertex 174.669 -50.825 -10
      vertex 174.769 -51.0383 10
      vertex 174.769 -51.0383 -10
    endloop
  endfacet
  facet normal 0.905433 -0.424488 0
    outer loop
      vertex 174.669 -52.175 10
      vertex 174.769 -51.9617 -10
      vertex 174.769 -51.9617 10
    endloop
  endfacet
  facet normal 0.905433 -0.424488 0
    outer loop
      vertex 174.769 -51.9617 -10
      vertex 174.669 -52.175 10
      vertex 174.669 -52.175 -10
    endloop
  endfacet
  facet normal 0.423235 0.90602 -0
    outer loop
      vertex 174.175 -50.3309 -10
      vertex 173.962 -50.2314 10
      vertex 174.175 -50.3309 10
    endloop
  endfacet
  facet normal 0.423235 0.90602 0
    outer loop
      vertex 173.962 -50.2314 10
      vertex 174.175 -50.3309 -10
      vertex 173.962 -50.2314 -10
    endloop
  endfacet
  facet normal -0.423235 -0.90602 0
    outer loop
      vertex 172.825 -52.6691 -10
      vertex 173.038 -52.7686 10
      vertex 172.825 -52.6691 10
    endloop
  endfacet
  facet normal -0.423235 -0.90602 -0
    outer loop
      vertex 173.038 -52.7686 10
      vertex 172.825 -52.6691 -10
      vertex 173.038 -52.7686 -10
    endloop
  endfacet
  facet normal 0 0 -1
    outer loop
      vertex 174.829 -51.7344 -10
      vertex 174.829 -51.2656 -10
      vertex 174.85 -51.5 -10
    endloop
  endfacet
  facet normal 0 0 -1
    outer loop
      vertex 174.769 -51.9617 -10
      vertex 174.829 -51.2656 -10
      vertex 174.829 -51.7344 -10
    endloop
  endfacet
  facet normal 0 0 -1
    outer loop
      vertex 174.769 -51.9617 -10
      vertex 174.769 -51.0383 -10
      vertex 174.829 -51.2656 -10
    endloop
  endfacet
  facet normal 0 0 -1
    outer loop
      vertex 174.669 -52.175 -10
      vertex 174.769 -51.0383 -10
      vertex 174.769 -51.9617 -10
    endloop
  endfacet
  facet normal 0 0 -1
    outer loop
      vertex 174.669 -52.175 -10
      vertex 174.669 -50.825 -10
      vertex 174.769 -51.0383 -10
    endloop
  endfacet
  facet normal 0 0 -1
    outer loop
      vertex 174.534 -52.3678 -10
      vertex 174.669 -50.825 -10
      vertex 174.669 -52.175 -10
    endloop
  endfacet
  facet normal 0 0 -1
    outer loop
      vertex 174.534 -52.3678 -10
      vertex 174.534 -50.6322 -10
      vertex 174.669 -50.825 -10
    endloop
  endfacet
  facet normal 0 0 -1
    outer loop
      vertex 174.368 -52.5342 -10
      vertex 174.534 -50.6322 -10
      vertex 174.534 -52.3678 -10
    endloop
  endfacet
  facet normal 0 0 -1
    outer loop
      vertex 174.368 -52.5342 -10
      vertex 174.368 -50.4658 -10
      vertex 174.534 -50.6322 -10
    endloop
  endfacet
  facet normal 0 0 -1
    outer loop
      vertex 174.175 -52.6691 -10
      vertex 174.368 -50.4658 -10
      vertex 174.368 -52.5342 -10
    endloop
  endfacet
  facet normal 0 0 -1
    outer loop
      vertex 174.175 -52.6691 -10
      vertex 174.175 -50.3309 -10
      vertex 174.368 -50.4658 -10
    endloop
  endfacet
  facet normal 0 0 -1
    outer loop
      vertex 173.962 -52.7686 -10
      vertex 174.175 -50.3309 -10
      vertex 174.175 -52.6691 -10
    endloop
  endfacet
  facet normal 0 0 -1
    outer loop
      vertex 173.962 -52.7686 -10
      vertex 173.962 -50.2314 -10
      vertex 174.175 -50.3309 -10
    endloop
  endfacet
  facet normal 0 0 -1
    outer loop
      vertex 173.734 -52.8295 -10
      vertex 173.962 -50.2314 -10
      vertex 173.962 -52.7686 -10
    endloop
  endfacet
  facet normal 0 0 -1
    outer loop
      vertex 173.734 -52.8295 -10
      vertex 173.734 -50.1705 -10
      vertex 173.962 -50.2314 -10
    endloop
  endfacet
  facet normal 0 0 -1
    outer loop
      vertex 173.5 -52.85 -10
      vertex 173.734 -50.1705 -10
      vertex 173.734 -52.8295 -10
    endloop
  endfacet
  facet normal 0 0 -1
    outer loop
      vertex 173.5 -52.85 -10
      vertex 173.5 -50.15 -10
      vertex 173.734 -50.1705 -10
    endloop
  endfacet
  facet normal 0 0 -1
    outer loop
      vertex 173.266 -52.8295 -10
      vertex 173.5 -50.15 -10
      vertex 173.5 -52.85 -10
    endloop
  endfacet
  facet normal 0 0 -1
    outer loop
      vertex 173.266 -52.8295 -10
      vertex 173.266 -50.1705 -10
      vertex 173.5 -50.15 -10
    endloop
  endfacet
  facet normal 0 0 -1
    outer loop
      vertex 173.038 -52.7686 -10
      vertex 173.266 -50.1705 -10
      vertex 173.266 -52.8295 -10
    endloop
  endfacet
  facet normal 0 0 -1
    outer loop
      vertex 173.038 -52.7686 -10
      vertex 173.038 -50.2314 -10
      vertex 173.266 -50.1705 -10
    endloop
  endfacet
  facet normal 0 0 -1
    outer loop
      vertex 172.825 -52.6691 -10
      vertex 173.038 -50.2314 -10
      vertex 173.038 -52.7686 -10
    endloop
  endfacet
  facet normal 0 0 -1
    outer loop
      vertex 172.825 -52.6691 -10
      vertex 172.825 -50.3309 -10
      vertex 173.038 -50.2314 -10
    endloop
  endfacet
  facet normal 0 0 -1
    outer loop
      vertex 172.632 -52.5342 -10
      vertex 172.825 -50.3309 -10
      vertex 172.825 -52.6691 -10
    endloop
  endfacet
  facet normal 0 0 -1
    outer loop
      vertex 172.632 -52.5342 -10
      vertex 172.632 -50.4658 -10
      vertex 172.825 -50.3309 -10
    endloop
  endfacet
  facet normal 0 0 -1
    outer loop
      vertex 172.466 -52.3678 -10
      vertex 172.632 -50.4658 -10
      vertex 172.632 -52.5342 -10
    endloop
  endfacet
  facet normal 0 0 -1
    outer loop
      vertex 172.466 -52.3678 -10
      vertex 172.466 -50.6322 -10
      vertex 172.632 -50.4658 -10
    endloop
  endfacet
  facet normal 0 0 -1
    outer loop
      vertex 172.331 -52.175 -10
      vertex 172.466 -50.6322 -10
      vertex 172.466 -52.3678 -10
    endloop
  endfacet
  facet normal 0 0 -1
    outer loop
      vertex 172.331 -52.175 -10
      vertex 172.331 -50.825 -10
      vertex 172.466 -50.6322 -10
    endloop
  endfacet
  facet normal 0 0 -1
    outer loop
      vertex 172.231 -51.9617 -10
      vertex 172.331 -50.825 -10
      vertex 172.331 -52.175 -10
    endloop
  endfacet
  facet normal 0 0 -1
    outer loop
      vertex 172.231 -51.9617 -10
      vertex 172.231 -51.0383 -10
      vertex 172.331 -50.825 -10
    endloop
  endfacet
  facet normal 0 0 -1
    outer loop
      vertex 172.171 -51.7344 -10
      vertex 172.231 -51.0383 -10
      vertex 172.231 -51.9617 -10
    endloop
  endfacet
  facet normal 0 0 -1
    outer loop
      vertex 172.171 -51.7344 -10
      vertex 172.171 -51.2656 -10
      vertex 172.231 -51.0383 -10
    endloop
  endfacet
  facet normal 0 -0 -1
    outer loop
      vertex 172.171 -51.2656 -10
      vertex 172.171 -51.7344 -10
      vertex 172.15 -51.5 -10
    endloop
  endfacet
  facet normal 0.707957 -0.706255 0
    outer loop
      vertex 174.368 -52.5342 10
      vertex 174.534 -52.3678 -10
      vertex 174.534 -52.3678 10
    endloop
  endfacet
  facet normal 0.707957 -0.706255 0
    outer loop
      vertex 174.534 -52.3678 -10
      vertex 174.368 -52.5342 10
      vertex 174.368 -52.5342 -10
    endloop
  endfacet
  facet normal 0.819152 -0.573576 0
    outer loop
      vertex 174.534 -52.3678 10
      vertex 174.669 -52.175 -10
      vertex 174.669 -52.175 10
    endloop
  endfacet
  facet normal 0.819152 -0.573576 0
    outer loop
      vertex 174.669 -52.175 -10
      vertex 174.534 -52.3678 10
      vertex 174.534 -52.3678 -10
    endloop
  endfacet
  facet normal -0.966881 0.255226 0
    outer loop
      vertex 172.171 -51.2656 -10
      vertex 172.231 -51.0383 10
      vertex 172.231 -51.0383 -10
    endloop
  endfacet
  facet normal -0.966881 0.255226 0
    outer loop
      vertex 172.231 -51.0383 10
      vertex 172.171 -51.2656 -10
      vertex 172.171 -51.2656 10
    endloop
  endfacet
  facet normal 0.966881 0.255226 0
    outer loop
      vertex 174.829 -51.2656 10
      vertex 174.769 -51.0383 -10
      vertex 174.769 -51.0383 10
    endloop
  endfacet
  facet normal 0.966881 0.255226 0
    outer loop
      vertex 174.769 -51.0383 -10
      vertex 174.829 -51.2656 10
      vertex 174.829 -51.2656 -10
    endloop
  endfacet
  facet normal 0.966881 -0.255226 0
    outer loop
      vertex 174.769 -51.9617 10
      vertex 174.829 -51.7344 -10
      vertex 174.829 -51.7344 10
    endloop
  endfacet
  facet normal 0.966881 -0.255226 0
    outer loop
      vertex 174.829 -51.7344 -10
      vertex 174.769 -51.9617 10
      vertex 174.769 -51.9617 -10
    endloop
  endfacet
  facet normal -0.819152 0.573576 0
    outer loop
      vertex 172.331 -50.825 -10
      vertex 172.466 -50.6322 10
      vertex 172.466 -50.6322 -10
    endloop
  endfacet
  facet normal -0.819152 0.573576 0
    outer loop
      vertex 172.466 -50.6322 10
      vertex 172.331 -50.825 -10
      vertex 172.331 -50.825 10
    endloop
  endfacet
  facet normal -0.0872726 -0.996184 0
    outer loop
      vertex 173.266 -52.8295 -10
      vertex 173.5 -52.85 10
      vertex 173.266 -52.8295 10
    endloop
  endfacet
  facet normal -0.0872726 -0.996184 -0
    outer loop
      vertex 173.5 -52.85 10
      vertex 173.266 -52.8295 -10
      vertex 173.5 -52.85 -10
    endloop
  endfacet
  facet normal -0.905433 0.424488 0
    outer loop
      vertex 172.231 -51.0383 -10
      vertex 172.331 -50.825 10
      vertex 172.331 -50.825 -10
    endloop
  endfacet
  facet normal -0.905433 0.424488 0
    outer loop
      vertex 172.331 -50.825 10
      vertex 172.231 -51.0383 -10
      vertex 172.231 -51.0383 10
    endloop
  endfacet
  facet normal 0 0 1
    outer loop
      vertex 174.829 -51.2656 10
      vertex 174.829 -51.7344 10
      vertex 174.85 -51.5 10
    endloop
  endfacet
  facet normal 0 0 1
    outer loop
      vertex 174.769 -51.0383 10
      vertex 174.829 -51.7344 10
      vertex 174.829 -51.2656 10
    endloop
  endfacet
  facet normal 0 0 1
    outer loop
      vertex 174.769 -51.0383 10
      vertex 174.769 -51.9617 10
      vertex 174.829 -51.7344 10
    endloop
  endfacet
  facet normal 0 0 1
    outer loop
      vertex 174.669 -50.825 10
      vertex 174.769 -51.9617 10
      vertex 174.769 -51.0383 10
    endloop
  endfacet
  facet normal 0 0 1
    outer loop
      vertex 174.669 -50.825 10
      vertex 174.669 -52.175 10
      vertex 174.769 -51.9617 10
    endloop
  endfacet
  facet normal 0 0 1
    outer loop
      vertex 174.534 -50.6322 10
      vertex 174.669 -52.175 10
      vertex 174.669 -50.825 10
    endloop
  endfacet
  facet normal 0 0 1
    outer loop
      vertex 174.534 -50.6322 10
      vertex 174.534 -52.3678 10
      vertex 174.669 -52.175 10
    endloop
  endfacet
  facet normal 0 0 1
    outer loop
      vertex 174.368 -50.4658 10
      vertex 174.534 -52.3678 10
      vertex 174.534 -50.6322 10
    endloop
  endfacet
  facet normal 0 0 1
    outer loop
      vertex 174.368 -50.4658 10
      vertex 174.368 -52.5342 10
      vertex 174.534 -52.3678 10
    endloop
  endfacet
  facet normal 0 0 1
    outer loop
      vertex 174.175 -50.3309 10
      vertex 174.368 -52.5342 10
      vertex 174.368 -50.4658 10
    endloop
  endfacet
  facet normal 0 0 1
    outer loop
      vertex 174.175 -50.3309 10
      vertex 174.175 -52.6691 10
      vertex 174.368 -52.5342 10
    endloop
  endfacet
  facet normal 0 0 1
    outer loop
      vertex 173.962 -50.2314 10
      vertex 174.175 -52.6691 10
      vertex 174.175 -50.3309 10
    endloop
  endfacet
  facet normal 0 0 1
    outer loop
      vertex 173.962 -50.2314 10
      vertex 173.962 -52.7686 10
      vertex 174.175 -52.6691 10
    endloop
  endfacet
  facet normal 0 0 1
    outer loop
      vertex 173.734 -50.1705 10
      vertex 173.962 -52.7686 10
      vertex 173.962 -50.2314 10
    endloop
  endfacet
  facet normal 0 0 1
    outer loop
      vertex 173.734 -50.1705 10
      vertex 173.734 -52.8295 10
      vertex 173.962 -52.7686 10
    endloop
  endfacet
  facet normal 0 0 1
    outer loop
      vertex 173.5 -50.15 10
      vertex 173.734 -52.8295 10
      vertex 173.734 -50.1705 10
    endloop
  endfacet
  facet normal 0 0 1
    outer loop
      vertex 173.5 -50.15 10
      vertex 173.5 -52.85 10
      vertex 173.734 -52.8295 10
    endloop
  endfacet
  facet normal -0 0 1
    outer loop
      vertex 173.266 -50.1705 10
      vertex 173.5 -52.85 10
      vertex 173.5 -50.15 10
    endloop
  endfacet
  facet normal 0 0 1
    outer loop
      vertex 173.266 -50.1705 10
      vertex 173.266 -52.8295 10
      vertex 173.5 -52.85 10
    endloop
  endfacet
  facet normal -0 0 1
    outer loop
      vertex 173.038 -50.2314 10
      vertex 173.266 -52.8295 10
      vertex 173.266 -50.1705 10
    endloop
  endfacet
  facet normal 0 0 1
    outer loop
      vertex 173.038 -50.2314 10
      vertex 173.038 -52.7686 10
      vertex 173.266 -52.8295 10
    endloop
  endfacet
  facet normal -0 0 1
    outer loop
      vertex 172.825 -50.3309 10
      vertex 173.038 -52.7686 10
      vertex 173.038 -50.2314 10
    endloop
  endfacet
  facet normal 0 0 1
    outer loop
      vertex 172.825 -50.3309 10
      vertex 172.825 -52.6691 10
      vertex 173.038 -52.7686 10
    endloop
  endfacet
  facet normal -0 0 1
    outer loop
      vertex 172.632 -50.4658 10
      vertex 172.825 -52.6691 10
      vertex 172.825 -50.3309 10
    endloop
  endfacet
  facet normal 0 0 1
    outer loop
      vertex 172.632 -50.4658 10
      vertex 172.632 -52.5342 10
      vertex 172.825 -52.6691 10
    endloop
  endfacet
  facet normal -0 0 1
    outer loop
      vertex 172.466 -50.6322 10
      vertex 172.632 -52.5342 10
      vertex 172.632 -50.4658 10
    endloop
  endfacet
  facet normal 0 0 1
    outer loop
      vertex 172.466 -50.6322 10
      vertex 172.466 -52.3678 10
      vertex 172.632 -52.5342 10
    endloop
  endfacet
  facet normal -0 0 1
    outer loop
      vertex 172.331 -50.825 10
      vertex 172.466 -52.3678 10
      vertex 172.466 -50.6322 10
    endloop
  endfacet
  facet normal 0 0 1
    outer loop
      vertex 172.331 -50.825 10
      vertex 172.331 -52.175 10
      vertex 172.466 -52.3678 10
    endloop
  endfacet
  facet normal -0 0 1
    outer loop
      vertex 172.231 -51.0383 10
      vertex 172.331 -52.175 10
      vertex 172.331 -50.825 10
    endloop
  endfacet
  facet normal 0 0 1
    outer loop
      vertex 172.231 -51.0383 10
      vertex 172.231 -51.9617 10
      vertex 172.331 -52.175 10
    endloop
  endfacet
  facet normal -0 0 1
    outer loop
      vertex 172.171 -51.2656 10
      vertex 172.231 -51.9617 10
      vertex 172.231 -51.0383 10
    endloop
  endfacet
  facet normal 0 0 1
    outer loop
      vertex 172.171 -51.2656 10
      vertex 172.171 -51.7344 10
      vertex 172.231 -51.9617 10
    endloop
  endfacet
  facet normal 0 -0 1
    outer loop
      vertex 172.171 -51.7344 10
      vertex 172.171 -51.2656 10
      vertex 172.15 -51.5 10
    endloop
  endfacet
  facet normal 0.996011 0.089233 0
    outer loop
      vertex 174.85 -51.5 10
      vertex 174.829 -51.2656 -10
      vertex 174.829 -51.2656 10
    endloop
  endfacet
  facet normal 0.996011 0.089233 0
    outer loop
      vertex 174.829 -51.2656 -10
      vertex 174.85 -51.5 10
      vertex 174.85 -51.5 -10
    endloop
  endfacet
  facet normal 0.258058 0.966129 -0
    outer loop
      vertex 173.962 -50.2314 -10
      vertex 173.734 -50.1705 10
      vertex 173.962 -50.2314 10
    endloop
  endfacet
  facet normal 0.258058 0.966129 0
    outer loop
      vertex 173.734 -50.1705 10
      vertex 173.962 -50.2314 -10
      vertex 173.734 -50.1705 -10
    endloop
  endfacet
  facet normal -0.707957 0.706255 0
    outer loop
      vertex 172.466 -50.6322 -10
      vertex 172.632 -50.4658 10
      vertex 172.632 -50.4658 -10
    endloop
  endfacet
  facet normal -0.707957 0.706255 0
    outer loop
      vertex 172.632 -50.4658 10
      vertex 172.466 -50.6322 -10
      vertex 172.466 -50.6322 10
    endloop
  endfacet
  facet normal 0.423235 -0.90602 0
    outer loop
      vertex 173.962 -52.7686 -10
      vertex 174.175 -52.6691 10
      vertex 173.962 -52.7686 10
    endloop
  endfacet
  facet normal 0.423235 -0.90602 0
    outer loop
      vertex 174.175 -52.6691 10
      vertex 173.962 -52.7686 -10
      vertex 174.175 -52.6691 -10
    endloop
  endfacet
  facet normal -0.819152 -0.573576 0
    outer loop
      vertex 172.466 -52.3678 -10
      vertex 172.331 -52.175 10
      vertex 172.331 -52.175 -10
    endloop
  endfacet
  facet normal -0.819152 -0.573576 0
    outer loop
      vertex 172.331 -52.175 10
      vertex 172.466 -52.3678 -10
      vertex 172.466 -52.3678 10
    endloop
  endfacet
  facet normal -0.996011 -0.089233 0
    outer loop
      vertex 172.171 -51.7344 -10
      vertex 172.15 -51.5 10
      vertex 172.15 -51.5 -10
    endloop
  endfacet
  facet normal -0.996011 -0.089233 0
    outer loop
      vertex 172.15 -51.5 10
      vertex 172.171 -51.7344 -10
      vertex 172.171 -51.7344 10
    endloop
  endfacet
  facet normal 0.819152 0.573576 0
    outer loop
      vertex 174.669 -50.825 10
      vertex 174.534 -50.6322 -10
      vertex 174.534 -50.6322 10
    endloop
  endfacet
  facet normal 0.819152 0.573576 0
    outer loop
      vertex 174.534 -50.6322 -10
      vertex 174.669 -50.825 10
      vertex 174.669 -50.825 -10
    endloop
  endfacet
  facet normal 0.572892 0.819631 -0
    outer loop
      vertex 174.368 -50.4658 -10
      vertex 174.175 -50.3309 10
      vertex 174.368 -50.4658 10
    endloop
  endfacet
  facet normal 0.572892 0.819631 0
    outer loop
      vertex 174.175 -50.3309 10
      vertex 174.368 -50.4658 -10
      vertex 174.175 -50.3309 -10
    endloop
  endfacet
  facet normal 0.707957 0.706255 0
    outer loop
      vertex 174.534 -50.6322 10
      vertex 174.368 -50.4658 -10
      vertex 174.368 -50.4658 10
    endloop
  endfacet
  facet normal 0.707957 0.706255 0
    outer loop
      vertex 174.368 -50.4658 -10
      vertex 174.534 -50.6322 10
      vertex 174.534 -50.6322 -10
    endloop
  endfacet
  facet normal -0.572892 -0.819631 0
    outer loop
      vertex 172.632 -52.5342 -10
      vertex 172.825 -52.6691 10
      vertex 172.632 -52.5342 10
    endloop
  endfacet
  facet normal -0.572892 -0.819631 -0
    outer loop
      vertex 172.825 -52.6691 10
      vertex 172.632 -52.5342 -10
      vertex 172.825 -52.6691 -10
    endloop
  endfacet
  facet normal -0.707957 -0.706255 0
    outer loop
      vertex 172.632 -52.5342 -10
      vertex 172.466 -52.3678 10
      vertex 172.466 -52.3678 -10
    endloop
  endfacet
  facet normal -0.707957 -0.706255 0
    outer loop
      vertex 172.466 -52.3678 10
      vertex 172.632 -52.5342 -10
      vertex 172.632 -52.5342 10
    endloop
  endfacet
  facet normal -0.258058 -0.966129 0
    outer loop
      vertex 173.038 -52.7686 -10
      vertex 173.266 -52.8295 10
      vertex 173.038 -52.7686 10
    endloop
  endfacet
  facet normal -0.258058 -0.966129 -0
    outer loop
      vertex 173.266 -52.8295 10
      vertex 173.038 -52.7686 -10
      vertex 173.266 -52.8295 -10
    endloop
  endfacet
  facet normal -0.0872726 -0.996184 0
    outer loop
      vertex 222.266 -52.8295 -10
      vertex 222.5 -52.85 10
      vertex 222.266 -52.8295 10
    endloop
  endfacet
  facet normal -0.0872726 -0.996184 -0
    outer loop
      vertex 222.5 -52.85 10
      vertex 222.266 -52.8295 -10
      vertex 222.5 -52.85 -10
    endloop
  endfacet
  facet normal -0.258058 0.966129 0
    outer loop
      vertex 222.266 -50.1705 -10
      vertex 222.038 -50.2314 10
      vertex 222.266 -50.1705 10
    endloop
  endfacet
  facet normal -0.258058 0.966129 0
    outer loop
      vertex 222.038 -50.2314 10
      vertex 222.266 -50.1705 -10
      vertex 222.038 -50.2314 -10
    endloop
  endfacet
  facet normal -0.0872726 0.996184 0
    outer loop
      vertex 222.5 -50.15 -10
      vertex 222.266 -50.1705 10
      vertex 222.5 -50.15 10
    endloop
  endfacet
  facet normal -0.0872726 0.996184 0
    outer loop
      vertex 222.266 -50.1705 10
      vertex 222.5 -50.15 -10
      vertex 222.266 -50.1705 -10
    endloop
  endfacet
  facet normal -0.423235 0.90602 0
    outer loop
      vertex 222.038 -50.2314 -10
      vertex 221.825 -50.3309 10
      vertex 222.038 -50.2314 10
    endloop
  endfacet
  facet normal -0.423235 0.90602 0
    outer loop
      vertex 221.825 -50.3309 10
      vertex 222.038 -50.2314 -10
      vertex 221.825 -50.3309 -10
    endloop
  endfacet
  facet normal 0.966881 0.255226 0
    outer loop
      vertex 223.829 -51.2656 10
      vertex 223.769 -51.0383 -10
      vertex 223.769 -51.0383 10
    endloop
  endfacet
  facet normal 0.966881 0.255226 0
    outer loop
      vertex 223.769 -51.0383 -10
      vertex 223.829 -51.2656 10
      vertex 223.829 -51.2656 -10
    endloop
  endfacet
  facet normal 0.819152 0.573576 0
    outer loop
      vertex 223.669 -50.825 10
      vertex 223.534 -50.6322 -10
      vertex 223.534 -50.6322 10
    endloop
  endfacet
  facet normal 0.819152 0.573576 0
    outer loop
      vertex 223.534 -50.6322 -10
      vertex 223.669 -50.825 10
      vertex 223.669 -50.825 -10
    endloop
  endfacet
  facet normal 0.996011 0.089233 0
    outer loop
      vertex 223.85 -51.5 10
      vertex 223.829 -51.2656 -10
      vertex 223.829 -51.2656 10
    endloop
  endfacet
  facet normal 0.996011 0.089233 0
    outer loop
      vertex 223.829 -51.2656 -10
      vertex 223.85 -51.5 10
      vertex 223.85 -51.5 -10
    endloop
  endfacet
  facet normal 0.258058 0.966129 -0
    outer loop
      vertex 222.962 -50.2314 -10
      vertex 222.734 -50.1705 10
      vertex 222.962 -50.2314 10
    endloop
  endfacet
  facet normal 0.258058 0.966129 0
    outer loop
      vertex 222.734 -50.1705 10
      vertex 222.962 -50.2314 -10
      vertex 222.734 -50.1705 -10
    endloop
  endfacet
  facet normal 0.423235 0.90602 -0
    outer loop
      vertex 223.175 -50.3309 -10
      vertex 222.962 -50.2314 10
      vertex 223.175 -50.3309 10
    endloop
  endfacet
  facet normal 0.423235 0.90602 0
    outer loop
      vertex 222.962 -50.2314 10
      vertex 223.175 -50.3309 -10
      vertex 222.962 -50.2314 -10
    endloop
  endfacet
  facet normal 0.905433 0.424488 0
    outer loop
      vertex 223.769 -51.0383 10
      vertex 223.669 -50.825 -10
      vertex 223.669 -50.825 10
    endloop
  endfacet
  facet normal 0.905433 0.424488 0
    outer loop
      vertex 223.669 -50.825 -10
      vertex 223.769 -51.0383 10
      vertex 223.769 -51.0383 -10
    endloop
  endfacet
  facet normal -0.966881 -0.255226 0
    outer loop
      vertex 221.231 -51.9617 -10
      vertex 221.171 -51.7344 10
      vertex 221.171 -51.7344 -10
    endloop
  endfacet
  facet normal -0.966881 -0.255226 0
    outer loop
      vertex 221.171 -51.7344 10
      vertex 221.231 -51.9617 -10
      vertex 221.231 -51.9617 10
    endloop
  endfacet
  facet normal -0.996011 0.089233 0
    outer loop
      vertex 221.15 -51.5 -10
      vertex 221.171 -51.2656 10
      vertex 221.171 -51.2656 -10
    endloop
  endfacet
  facet normal -0.996011 0.089233 0
    outer loop
      vertex 221.171 -51.2656 10
      vertex 221.15 -51.5 -10
      vertex 221.15 -51.5 10
    endloop
  endfacet
  facet normal -0.905433 -0.424488 0
    outer loop
      vertex 221.331 -52.175 -10
      vertex 221.231 -51.9617 10
      vertex 221.231 -51.9617 -10
    endloop
  endfacet
  facet normal -0.905433 -0.424488 0
    outer loop
      vertex 221.231 -51.9617 10
      vertex 221.331 -52.175 -10
      vertex 221.331 -52.175 10
    endloop
  endfacet
  facet normal 0.0872726 -0.996184 0
    outer loop
      vertex 222.5 -52.85 -10
      vertex 222.734 -52.8295 10
      vertex 222.5 -52.85 10
    endloop
  endfacet
  facet normal 0.0872726 -0.996184 0
    outer loop
      vertex 222.734 -52.8295 10
      vertex 222.5 -52.85 -10
      vertex 222.734 -52.8295 -10
    endloop
  endfacet
  facet normal 0.0872726 0.996184 -0
    outer loop
      vertex 222.734 -50.1705 -10
      vertex 222.5 -50.15 10
      vertex 222.734 -50.1705 10
    endloop
  endfacet
  facet normal 0.0872726 0.996184 0
    outer loop
      vertex 222.5 -50.15 10
      vertex 222.734 -50.1705 -10
      vertex 222.5 -50.15 -10
    endloop
  endfacet
  facet normal 0.423235 -0.90602 0
    outer loop
      vertex 222.962 -52.7686 -10
      vertex 223.175 -52.6691 10
      vertex 222.962 -52.7686 10
    endloop
  endfacet
  facet normal 0.423235 -0.90602 0
    outer loop
      vertex 223.175 -52.6691 10
      vertex 222.962 -52.7686 -10
      vertex 223.175 -52.6691 -10
    endloop
  endfacet
  facet normal -0.572892 -0.819631 0
    outer loop
      vertex 221.632 -52.5342 -10
      vertex 221.825 -52.6691 10
      vertex 221.632 -52.5342 10
    endloop
  endfacet
  facet normal -0.572892 -0.819631 -0
    outer loop
      vertex 221.825 -52.6691 10
      vertex 221.632 -52.5342 -10
      vertex 221.825 -52.6691 -10
    endloop
  endfacet
  facet normal 0.819152 -0.573576 0
    outer loop
      vertex 223.534 -52.3678 10
      vertex 223.669 -52.175 -10
      vertex 223.669 -52.175 10
    endloop
  endfacet
  facet normal 0.819152 -0.573576 0
    outer loop
      vertex 223.669 -52.175 -10
      vertex 223.534 -52.3678 10
      vertex 223.534 -52.3678 -10
    endloop
  endfacet
  facet normal 0.707957 -0.706255 0
    outer loop
      vertex 223.368 -52.5342 10
      vertex 223.534 -52.3678 -10
      vertex 223.534 -52.3678 10
    endloop
  endfacet
  facet normal 0.707957 -0.706255 0
    outer loop
      vertex 223.534 -52.3678 -10
      vertex 223.368 -52.5342 10
      vertex 223.368 -52.5342 -10
    endloop
  endfacet
  facet normal -0.819152 -0.573576 0
    outer loop
      vertex 221.466 -52.3678 -10
      vertex 221.331 -52.175 10
      vertex 221.331 -52.175 -10
    endloop
  endfacet
  facet normal -0.819152 -0.573576 0
    outer loop
      vertex 221.331 -52.175 10
      vertex 221.466 -52.3678 -10
      vertex 221.466 -52.3678 10
    endloop
  endfacet
  facet normal 0.572892 0.819631 -0
    outer loop
      vertex 223.368 -50.4658 -10
      vertex 223.175 -50.3309 10
      vertex 223.368 -50.4658 10
    endloop
  endfacet
  facet normal 0.572892 0.819631 0
    outer loop
      vertex 223.175 -50.3309 10
      vertex 223.368 -50.4658 -10
      vertex 223.175 -50.3309 -10
    endloop
  endfacet
  facet normal -0.572892 0.819631 0
    outer loop
      vertex 221.825 -50.3309 -10
      vertex 221.632 -50.4658 10
      vertex 221.825 -50.3309 10
    endloop
  endfacet
  facet normal -0.572892 0.819631 0
    outer loop
      vertex 221.632 -50.4658 10
      vertex 221.825 -50.3309 -10
      vertex 221.632 -50.4658 -10
    endloop
  endfacet
  facet normal -0.707957 -0.706255 0
    outer loop
      vertex 221.632 -52.5342 -10
      vertex 221.466 -52.3678 10
      vertex 221.466 -52.3678 -10
    endloop
  endfacet
  facet normal -0.707957 -0.706255 0
    outer loop
      vertex 221.466 -52.3678 10
      vertex 221.632 -52.5342 -10
      vertex 221.632 -52.5342 10
    endloop
  endfacet
  facet normal -0.905433 0.424488 0
    outer loop
      vertex 221.231 -51.0383 -10
      vertex 221.331 -50.825 10
      vertex 221.331 -50.825 -10
    endloop
  endfacet
  facet normal -0.905433 0.424488 0
    outer loop
      vertex 221.331 -50.825 10
      vertex 221.231 -51.0383 -10
      vertex 221.231 -51.0383 10
    endloop
  endfacet
  facet normal -0.707957 0.706255 0
    outer loop
      vertex 221.466 -50.6322 -10
      vertex 221.632 -50.4658 10
      vertex 221.632 -50.4658 -10
    endloop
  endfacet
  facet normal -0.707957 0.706255 0
    outer loop
      vertex 221.632 -50.4658 10
      vertex 221.466 -50.6322 -10
      vertex 221.466 -50.6322 10
    endloop
  endfacet
  facet normal -0.423235 -0.90602 0
    outer loop
      vertex 221.825 -52.6691 -10
      vertex 222.038 -52.7686 10
      vertex 221.825 -52.6691 10
    endloop
  endfacet
  facet normal -0.423235 -0.90602 -0
    outer loop
      vertex 222.038 -52.7686 10
      vertex 221.825 -52.6691 -10
      vertex 222.038 -52.7686 -10
    endloop
  endfacet
  facet normal -0.819152 0.573576 0
    outer loop
      vertex 221.331 -50.825 -10
      vertex 221.466 -50.6322 10
      vertex 221.466 -50.6322 -10
    endloop
  endfacet
  facet normal -0.819152 0.573576 0
    outer loop
      vertex 221.466 -50.6322 10
      vertex 221.331 -50.825 -10
      vertex 221.331 -50.825 10
    endloop
  endfacet
  facet normal -0.996011 -0.089233 0
    outer loop
      vertex 221.171 -51.7344 -10
      vertex 221.15 -51.5 10
      vertex 221.15 -51.5 -10
    endloop
  endfacet
  facet normal -0.996011 -0.089233 0
    outer loop
      vertex 221.15 -51.5 10
      vertex 221.171 -51.7344 -10
      vertex 221.171 -51.7344 10
    endloop
  endfacet
  facet normal 0.572892 -0.819631 0
    outer loop
      vertex 223.175 -52.6691 -10
      vertex 223.368 -52.5342 10
      vertex 223.175 -52.6691 10
    endloop
  endfacet
  facet normal 0.572892 -0.819631 0
    outer loop
      vertex 223.368 -52.5342 10
      vertex 223.175 -52.6691 -10
      vertex 223.368 -52.5342 -10
    endloop
  endfacet
  facet normal 0.258058 -0.966129 0
    outer loop
      vertex 222.734 -52.8295 -10
      vertex 222.962 -52.7686 10
      vertex 222.734 -52.8295 10
    endloop
  endfacet
  facet normal 0.258058 -0.966129 0
    outer loop
      vertex 222.962 -52.7686 10
      vertex 222.734 -52.8295 -10
      vertex 222.962 -52.7686 -10
    endloop
  endfacet
  facet normal -0.258058 -0.966129 0
    outer loop
      vertex 222.038 -52.7686 -10
      vertex 222.266 -52.8295 10
      vertex 222.038 -52.7686 10
    endloop
  endfacet
  facet normal -0.258058 -0.966129 -0
    outer loop
      vertex 222.266 -52.8295 10
      vertex 222.038 -52.7686 -10
      vertex 222.266 -52.8295 -10
    endloop
  endfacet
  facet normal 0.966881 -0.255226 0
    outer loop
      vertex 223.769 -51.9617 10
      vertex 223.829 -51.7344 -10
      vertex 223.829 -51.7344 10
    endloop
  endfacet
  facet normal 0.966881 -0.255226 0
    outer loop
      vertex 223.829 -51.7344 -10
      vertex 223.769 -51.9617 10
      vertex 223.769 -51.9617 -10
    endloop
  endfacet
  facet normal 0 0 -1
    outer loop
      vertex 223.829 -51.7344 -10
      vertex 223.829 -51.2656 -10
      vertex 223.85 -51.5 -10
    endloop
  endfacet
  facet normal 0 0 -1
    outer loop
      vertex 223.769 -51.9617 -10
      vertex 223.829 -51.2656 -10
      vertex 223.829 -51.7344 -10
    endloop
  endfacet
  facet normal 0 0 -1
    outer loop
      vertex 223.769 -51.9617 -10
      vertex 223.769 -51.0383 -10
      vertex 223.829 -51.2656 -10
    endloop
  endfacet
  facet normal 0 0 -1
    outer loop
      vertex 223.669 -52.175 -10
      vertex 223.769 -51.0383 -10
      vertex 223.769 -51.9617 -10
    endloop
  endfacet
  facet normal 0 0 -1
    outer loop
      vertex 223.669 -52.175 -10
      vertex 223.669 -50.825 -10
      vertex 223.769 -51.0383 -10
    endloop
  endfacet
  facet normal 0 0 -1
    outer loop
      vertex 223.534 -52.3678 -10
      vertex 223.669 -50.825 -10
      vertex 223.669 -52.175 -10
    endloop
  endfacet
  facet normal 0 0 -1
    outer loop
      vertex 223.534 -52.3678 -10
      vertex 223.534 -50.6322 -10
      vertex 223.669 -50.825 -10
    endloop
  endfacet
  facet normal 0 0 -1
    outer loop
      vertex 223.368 -52.5342 -10
      vertex 223.534 -50.6322 -10
      vertex 223.534 -52.3678 -10
    endloop
  endfacet
  facet normal 0 0 -1
    outer loop
      vertex 223.368 -52.5342 -10
      vertex 223.368 -50.4658 -10
      vertex 223.534 -50.6322 -10
    endloop
  endfacet
  facet normal 0 0 -1
    outer loop
      vertex 223.175 -52.6691 -10
      vertex 223.368 -50.4658 -10
      vertex 223.368 -52.5342 -10
    endloop
  endfacet
  facet normal 0 0 -1
    outer loop
      vertex 223.175 -52.6691 -10
      vertex 223.175 -50.3309 -10
      vertex 223.368 -50.4658 -10
    endloop
  endfacet
  facet normal 0 0 -1
    outer loop
      vertex 222.962 -52.7686 -10
      vertex 223.175 -50.3309 -10
      vertex 223.175 -52.6691 -10
    endloop
  endfacet
  facet normal 0 0 -1
    outer loop
      vertex 222.962 -52.7686 -10
      vertex 222.962 -50.2314 -10
      vertex 223.175 -50.3309 -10
    endloop
  endfacet
  facet normal 0 0 -1
    outer loop
      vertex 222.734 -52.8295 -10
      vertex 222.962 -50.2314 -10
      vertex 222.962 -52.7686 -10
    endloop
  endfacet
  facet normal 0 0 -1
    outer loop
      vertex 222.734 -52.8295 -10
      vertex 222.734 -50.1705 -10
      vertex 222.962 -50.2314 -10
    endloop
  endfacet
  facet normal 0 0 -1
    outer loop
      vertex 222.5 -52.85 -10
      vertex 222.734 -50.1705 -10
      vertex 222.734 -52.8295 -10
    endloop
  endfacet
  facet normal 0 0 -1
    outer loop
      vertex 222.5 -52.85 -10
      vertex 222.5 -50.15 -10
      vertex 222.734 -50.1705 -10
    endloop
  endfacet
  facet normal 0 0 -1
    outer loop
      vertex 222.266 -52.8295 -10
      vertex 222.5 -50.15 -10
      vertex 222.5 -52.85 -10
    endloop
  endfacet
  facet normal 0 0 -1
    outer loop
      vertex 222.266 -52.8295 -10
      vertex 222.266 -50.1705 -10
      vertex 222.5 -50.15 -10
    endloop
  endfacet
  facet normal 0 0 -1
    outer loop
      vertex 222.038 -52.7686 -10
      vertex 222.266 -50.1705 -10
      vertex 222.266 -52.8295 -10
    endloop
  endfacet
  facet normal 0 0 -1
    outer loop
      vertex 222.038 -52.7686 -10
      vertex 222.038 -50.2314 -10
      vertex 222.266 -50.1705 -10
    endloop
  endfacet
  facet normal 0 0 -1
    outer loop
      vertex 221.825 -52.6691 -10
      vertex 222.038 -50.2314 -10
      vertex 222.038 -52.7686 -10
    endloop
  endfacet
  facet normal 0 0 -1
    outer loop
      vertex 221.825 -52.6691 -10
      vertex 221.825 -50.3309 -10
      vertex 222.038 -50.2314 -10
    endloop
  endfacet
  facet normal 0 0 -1
    outer loop
      vertex 221.632 -52.5342 -10
      vertex 221.825 -50.3309 -10
      vertex 221.825 -52.6691 -10
    endloop
  endfacet
  facet normal 0 0 -1
    outer loop
      vertex 221.632 -52.5342 -10
      vertex 221.632 -50.4658 -10
      vertex 221.825 -50.3309 -10
    endloop
  endfacet
  facet normal 0 0 -1
    outer loop
      vertex 221.466 -52.3678 -10
      vertex 221.632 -50.4658 -10
      vertex 221.632 -52.5342 -10
    endloop
  endfacet
  facet normal 0 0 -1
    outer loop
      vertex 221.466 -52.3678 -10
      vertex 221.466 -50.6322 -10
      vertex 221.632 -50.4658 -10
    endloop
  endfacet
  facet normal 0 0 -1
    outer loop
      vertex 221.331 -52.175 -10
      vertex 221.466 -50.6322 -10
      vertex 221.466 -52.3678 -10
    endloop
  endfacet
  facet normal 0 0 -1
    outer loop
      vertex 221.331 -52.175 -10
      vertex 221.331 -50.825 -10
      vertex 221.466 -50.6322 -10
    endloop
  endfacet
  facet normal 0 0 -1
    outer loop
      vertex 221.231 -51.9617 -10
      vertex 221.331 -50.825 -10
      vertex 221.331 -52.175 -10
    endloop
  endfacet
  facet normal 0 0 -1
    outer loop
      vertex 221.231 -51.9617 -10
      vertex 221.231 -51.0383 -10
      vertex 221.331 -50.825 -10
    endloop
  endfacet
  facet normal 0 0 -1
    outer loop
      vertex 221.171 -51.7344 -10
      vertex 221.231 -51.0383 -10
      vertex 221.231 -51.9617 -10
    endloop
  endfacet
  facet normal 0 0 -1
    outer loop
      vertex 221.171 -51.7344 -10
      vertex 221.171 -51.2656 -10
      vertex 221.231 -51.0383 -10
    endloop
  endfacet
  facet normal 0 -0 -1
    outer loop
      vertex 221.171 -51.2656 -10
      vertex 221.171 -51.7344 -10
      vertex 221.15 -51.5 -10
    endloop
  endfacet
  facet normal 0.707957 0.706255 0
    outer loop
      vertex 223.534 -50.6322 10
      vertex 223.368 -50.4658 -10
      vertex 223.368 -50.4658 10
    endloop
  endfacet
  facet normal 0.707957 0.706255 0
    outer loop
      vertex 223.368 -50.4658 -10
      vertex 223.534 -50.6322 10
      vertex 223.534 -50.6322 -10
    endloop
  endfacet
  facet normal -0.966881 0.255226 0
    outer loop
      vertex 221.171 -51.2656 -10
      vertex 221.231 -51.0383 10
      vertex 221.231 -51.0383 -10
    endloop
  endfacet
  facet normal -0.966881 0.255226 0
    outer loop
      vertex 221.231 -51.0383 10
      vertex 221.171 -51.2656 -10
      vertex 221.171 -51.2656 10
    endloop
  endfacet
  facet normal 0.996011 -0.089233 0
    outer loop
      vertex 223.829 -51.7344 10
      vertex 223.85 -51.5 -10
      vertex 223.85 -51.5 10
    endloop
  endfacet
  facet normal 0.996011 -0.089233 0
    outer loop
      vertex 223.85 -51.5 -10
      vertex 223.829 -51.7344 10
      vertex 223.829 -51.7344 -10
    endloop
  endfacet
  facet normal 0 0 1
    outer loop
      vertex 223.829 -51.2656 10
      vertex 223.829 -51.7344 10
      vertex 223.85 -51.5 10
    endloop
  endfacet
  facet normal 0 0 1
    outer loop
      vertex 223.769 -51.0383 10
      vertex 223.829 -51.7344 10
      vertex 223.829 -51.2656 10
    endloop
  endfacet
  facet normal 0 0 1
    outer loop
      vertex 223.769 -51.0383 10
      vertex 223.769 -51.9617 10
      vertex 223.829 -51.7344 10
    endloop
  endfacet
  facet normal 0 0 1
    outer loop
      vertex 223.669 -50.825 10
      vertex 223.769 -51.9617 10
      vertex 223.769 -51.0383 10
    endloop
  endfacet
  facet normal 0 0 1
    outer loop
      vertex 223.669 -50.825 10
      vertex 223.669 -52.175 10
      vertex 223.769 -51.9617 10
    endloop
  endfacet
  facet normal 0 0 1
    outer loop
      vertex 223.534 -50.6322 10
      vertex 223.669 -52.175 10
      vertex 223.669 -50.825 10
    endloop
  endfacet
  facet normal 0 0 1
    outer loop
      vertex 223.534 -50.6322 10
      vertex 223.534 -52.3678 10
      vertex 223.669 -52.175 10
    endloop
  endfacet
  facet normal 0 0 1
    outer loop
      vertex 223.368 -50.4658 10
      vertex 223.534 -52.3678 10
      vertex 223.534 -50.6322 10
    endloop
  endfacet
  facet normal 0 0 1
    outer loop
      vertex 223.368 -50.4658 10
      vertex 223.368 -52.5342 10
      vertex 223.534 -52.3678 10
    endloop
  endfacet
  facet normal 0 0 1
    outer loop
      vertex 223.175 -50.3309 10
      vertex 223.368 -52.5342 10
      vertex 223.368 -50.4658 10
    endloop
  endfacet
  facet normal 0 0 1
    outer loop
      vertex 223.175 -50.3309 10
      vertex 223.175 -52.6691 10
      vertex 223.368 -52.5342 10
    endloop
  endfacet
  facet normal 0 0 1
    outer loop
      vertex 222.962 -50.2314 10
      vertex 223.175 -52.6691 10
      vertex 223.175 -50.3309 10
    endloop
  endfacet
  facet normal 0 0 1
    outer loop
      vertex 222.962 -50.2314 10
      vertex 222.962 -52.7686 10
      vertex 223.175 -52.6691 10
    endloop
  endfacet
  facet normal 0 0 1
    outer loop
      vertex 222.734 -50.1705 10
      vertex 222.962 -52.7686 10
      vertex 222.962 -50.2314 10
    endloop
  endfacet
  facet normal 0 0 1
    outer loop
      vertex 222.734 -50.1705 10
      vertex 222.734 -52.8295 10
      vertex 222.962 -52.7686 10
    endloop
  endfacet
  facet normal 0 0 1
    outer loop
      vertex 222.5 -50.15 10
      vertex 222.734 -52.8295 10
      vertex 222.734 -50.1705 10
    endloop
  endfacet
  facet normal 0 0 1
    outer loop
      vertex 222.5 -50.15 10
      vertex 222.5 -52.85 10
      vertex 222.734 -52.8295 10
    endloop
  endfacet
  facet normal -0 0 1
    outer loop
      vertex 222.266 -50.1705 10
      vertex 222.5 -52.85 10
      vertex 222.5 -50.15 10
    endloop
  endfacet
  facet normal 0 0 1
    outer loop
      vertex 222.266 -50.1705 10
      vertex 222.266 -52.8295 10
      vertex 222.5 -52.85 10
    endloop
  endfacet
  facet normal -0 0 1
    outer loop
      vertex 222.038 -50.2314 10
      vertex 222.266 -52.8295 10
      vertex 222.266 -50.1705 10
    endloop
  endfacet
  facet normal 0 0 1
    outer loop
      vertex 222.038 -50.2314 10
      vertex 222.038 -52.7686 10
      vertex 222.266 -52.8295 10
    endloop
  endfacet
  facet normal -0 0 1
    outer loop
      vertex 221.825 -50.3309 10
      vertex 222.038 -52.7686 10
      vertex 222.038 -50.2314 10
    endloop
  endfacet
  facet normal 0 0 1
    outer loop
      vertex 221.825 -50.3309 10
      vertex 221.825 -52.6691 10
      vertex 222.038 -52.7686 10
    endloop
  endfacet
  facet normal -0 0 1
    outer loop
      vertex 221.632 -50.4658 10
      vertex 221.825 -52.6691 10
      vertex 221.825 -50.3309 10
    endloop
  endfacet
  facet normal 0 0 1
    outer loop
      vertex 221.632 -50.4658 10
      vertex 221.632 -52.5342 10
      vertex 221.825 -52.6691 10
    endloop
  endfacet
  facet normal -0 0 1
    outer loop
      vertex 221.466 -50.6322 10
      vertex 221.632 -52.5342 10
      vertex 221.632 -50.4658 10
    endloop
  endfacet
  facet normal 0 0 1
    outer loop
      vertex 221.466 -50.6322 10
      vertex 221.466 -52.3678 10
      vertex 221.632 -52.5342 10
    endloop
  endfacet
  facet normal -0 0 1
    outer loop
      vertex 221.331 -50.825 10
      vertex 221.466 -52.3678 10
      vertex 221.466 -50.6322 10
    endloop
  endfacet
  facet normal 0 0 1
    outer loop
      vertex 221.331 -50.825 10
      vertex 221.331 -52.175 10
      vertex 221.466 -52.3678 10
    endloop
  endfacet
  facet normal -0 0 1
    outer loop
      vertex 221.231 -51.0383 10
      vertex 221.331 -52.175 10
      vertex 221.331 -50.825 10
    endloop
  endfacet
  facet normal 0 0 1
    outer loop
      vertex 221.231 -51.0383 10
      vertex 221.231 -51.9617 10
      vertex 221.331 -52.175 10
    endloop
  endfacet
  facet normal -0 0 1
    outer loop
      vertex 221.171 -51.2656 10
      vertex 221.231 -51.9617 10
      vertex 221.231 -51.0383 10
    endloop
  endfacet
  facet normal 0 0 1
    outer loop
      vertex 221.171 -51.2656 10
      vertex 221.171 -51.7344 10
      vertex 221.231 -51.9617 10
    endloop
  endfacet
  facet normal 0 -0 1
    outer loop
      vertex 221.171 -51.7344 10
      vertex 221.171 -51.2656 10
      vertex 221.15 -51.5 10
    endloop
  endfacet
  facet normal 0.905433 -0.424488 0
    outer loop
      vertex 223.669 -52.175 10
      vertex 223.769 -51.9617 -10
      vertex 223.769 -51.9617 10
    endloop
  endfacet
  facet normal 0.905433 -0.424488 0
    outer loop
      vertex 223.769 -51.9617 -10
      vertex 223.669 -52.175 10
      vertex 223.669 -52.175 -10
    endloop
  endfacet
  facet normal 0.57312 -0.819471 0
    outer loop
      vertex 174.175 5.33086 -10
      vertex 174.368 5.46584 10
      vertex 174.175 5.33086 10
    endloop
  endfacet
  facet normal 0.57312 -0.819471 0
    outer loop
      vertex 174.368 5.46584 10
      vertex 174.175 5.33086 -10
      vertex 174.368 5.46584 -10
    endloop
  endfacet
  facet normal -0.258098 0.966119 0
    outer loop
      vertex 173.266 7.82949 -10
      vertex 173.038 7.76858 10
      vertex 173.266 7.82949 10
    endloop
  endfacet
  facet normal -0.258098 0.966119 0
    outer loop
      vertex 173.038 7.76858 10
      vertex 173.266 7.82949 -10
      vertex 173.038 7.76858 -10
    endloop
  endfacet
  facet normal -0.0873148 0.996181 0
    outer loop
      vertex 173.5 7.85 -10
      vertex 173.266 7.82949 10
      vertex 173.5 7.85 10
    endloop
  endfacet
  facet normal -0.0873148 0.996181 0
    outer loop
      vertex 173.266 7.82949 10
      vertex 173.5 7.85 -10
      vertex 173.266 7.82949 -10
    endloop
  endfacet
  facet normal -0.42306 0.906102 0
    outer loop
      vertex 173.038 7.76858 -10
      vertex 172.825 7.66913 10
      vertex 173.038 7.76858 10
    endloop
  endfacet
  facet normal -0.42306 0.906102 0
    outer loop
      vertex 172.825 7.66913 10
      vertex 173.038 7.76858 -10
      vertex 172.825 7.66913 -10
    endloop
  endfacet
  facet normal 0.996012 -0.0892217 0
    outer loop
      vertex 174.829 6.26557 10
      vertex 174.85 6.5 -10
      vertex 174.85 6.5 10
    endloop
  endfacet
  facet normal 0.996012 -0.0892217 0
    outer loop
      vertex 174.85 6.5 -10
      vertex 174.829 6.26557 10
      vertex 174.829 6.26557 -10
    endloop
  endfacet
  facet normal 0.258058 -0.966129 0
    outer loop
      vertex 173.734 5.17051 -10
      vertex 173.962 5.23141 10
      vertex 173.734 5.17051 10
    endloop
  endfacet
  facet normal 0.258058 -0.966129 0
    outer loop
      vertex 173.962 5.23141 10
      vertex 173.734 5.17051 -10
      vertex 173.962 5.23141 -10
    endloop
  endfacet
  facet normal 0.0873148 0.996181 -0
    outer loop
      vertex 173.734 7.82949 -10
      vertex 173.5 7.85 10
      vertex 173.734 7.82949 10
    endloop
  endfacet
  facet normal 0.0873148 0.996181 0
    outer loop
      vertex 173.5 7.85 10
      vertex 173.734 7.82949 -10
      vertex 173.5 7.85 -10
    endloop
  endfacet
  facet normal 0.0873148 -0.996181 0
    outer loop
      vertex 173.5 5.15 -10
      vertex 173.734 5.17051 10
      vertex 173.5 5.15 10
    endloop
  endfacet
  facet normal 0.0873148 -0.996181 0
    outer loop
      vertex 173.734 5.17051 10
      vertex 173.5 5.15 -10
      vertex 173.734 5.17051 -10
    endloop
  endfacet
  facet normal -0.996011 0.0892255 0
    outer loop
      vertex 172.15 6.5 -10
      vertex 172.171 6.73442 10
      vertex 172.171 6.73442 -10
    endloop
  endfacet
  facet normal -0.996011 0.0892255 0
    outer loop
      vertex 172.171 6.73442 10
      vertex 172.15 6.5 -10
      vertex 172.15 6.5 10
    endloop
  endfacet
  facet normal -0.573092 0.819491 0
    outer loop
      vertex 172.825 7.66913 -10
      vertex 172.632 7.53416 10
      vertex 172.825 7.66913 10
    endloop
  endfacet
  facet normal -0.573092 0.819491 0
    outer loop
      vertex 172.632 7.53416 10
      vertex 172.825 7.66913 -10
      vertex 172.632 7.53416 -10
    endloop
  endfacet
  facet normal -0.966881 -0.255226 0
    outer loop
      vertex 172.231 6.03827 -10
      vertex 172.171 6.26557 10
      vertex 172.171 6.26557 -10
    endloop
  endfacet
  facet normal -0.966881 -0.255226 0
    outer loop
      vertex 172.171 6.26557 10
      vertex 172.231 6.03827 -10
      vertex 172.231 6.03827 10
    endloop
  endfacet
  facet normal -0.90541 -0.424537 0
    outer loop
      vertex 172.331 5.825 -10
      vertex 172.231 6.03827 10
      vertex 172.231 6.03827 -10
    endloop
  endfacet
  facet normal -0.90541 -0.424537 0
    outer loop
      vertex 172.231 6.03827 10
      vertex 172.331 5.825 -10
      vertex 172.331 5.825 10
    endloop
  endfacet
  facet normal 0.90541 0.424537 0
    outer loop
      vertex 174.769 6.96173 10
      vertex 174.669 7.175 -10
      vertex 174.669 7.175 10
    endloop
  endfacet
  facet normal 0.90541 0.424537 0
    outer loop
      vertex 174.669 7.175 -10
      vertex 174.769 6.96173 10
      vertex 174.769 6.96173 -10
    endloop
  endfacet
  facet normal 0.90541 -0.424537 0
    outer loop
      vertex 174.669 5.825 10
      vertex 174.769 6.03827 -10
      vertex 174.769 6.03827 10
    endloop
  endfacet
  facet normal 0.90541 -0.424537 0
    outer loop
      vertex 174.769 6.03827 -10
      vertex 174.669 5.825 10
      vertex 174.669 5.825 -10
    endloop
  endfacet
  facet normal 0.42306 0.906102 -0
    outer loop
      vertex 174.175 7.66913 -10
      vertex 173.962 7.76858 10
      vertex 174.175 7.66913 10
    endloop
  endfacet
  facet normal 0.42306 0.906102 0
    outer loop
      vertex 173.962 7.76858 10
      vertex 174.175 7.66913 -10
      vertex 173.962 7.76858 -10
    endloop
  endfacet
  facet normal -0.42306 -0.906102 0
    outer loop
      vertex 172.825 5.33086 -10
      vertex 173.038 5.23141 10
      vertex 172.825 5.33086 10
    endloop
  endfacet
  facet normal -0.42306 -0.906102 -0
    outer loop
      vertex 173.038 5.23141 10
      vertex 172.825 5.33086 -10
      vertex 173.038 5.23141 -10
    endloop
  endfacet
  facet normal 0 0 -1
    outer loop
      vertex 174.829 6.26557 -10
      vertex 174.829 6.73442 -10
      vertex 174.85 6.5 -10
    endloop
  endfacet
  facet normal 0 0 -1
    outer loop
      vertex 174.769 6.03827 -10
      vertex 174.829 6.73442 -10
      vertex 174.829 6.26557 -10
    endloop
  endfacet
  facet normal 0 0 -1
    outer loop
      vertex 174.769 6.03827 -10
      vertex 174.769 6.96173 -10
      vertex 174.829 6.73442 -10
    endloop
  endfacet
  facet normal 0 0 -1
    outer loop
      vertex 174.669 5.825 -10
      vertex 174.769 6.96173 -10
      vertex 174.769 6.03827 -10
    endloop
  endfacet
  facet normal 0 0 -1
    outer loop
      vertex 174.669 5.825 -10
      vertex 174.669 7.175 -10
      vertex 174.769 6.96173 -10
    endloop
  endfacet
  facet normal 0 0 -1
    outer loop
      vertex 174.534 5.63224 -10
      vertex 174.669 7.175 -10
      vertex 174.669 5.825 -10
    endloop
  endfacet
  facet normal 0 0 -1
    outer loop
      vertex 174.534 5.63224 -10
      vertex 174.534 7.36776 -10
      vertex 174.669 7.175 -10
    endloop
  endfacet
  facet normal 0 0 -1
    outer loop
      vertex 174.368 5.46584 -10
      vertex 174.534 7.36776 -10
      vertex 174.534 5.63224 -10
    endloop
  endfacet
  facet normal 0 0 -1
    outer loop
      vertex 174.368 5.46584 -10
      vertex 174.368 7.53416 -10
      vertex 174.534 7.36776 -10
    endloop
  endfacet
  facet normal 0 0 -1
    outer loop
      vertex 174.175 5.33086 -10
      vertex 174.368 7.53416 -10
      vertex 174.368 5.46584 -10
    endloop
  endfacet
  facet normal 0 0 -1
    outer loop
      vertex 174.175 5.33086 -10
      vertex 174.175 7.66913 -10
      vertex 174.368 7.53416 -10
    endloop
  endfacet
  facet normal 0 0 -1
    outer loop
      vertex 173.962 5.23141 -10
      vertex 174.175 7.66913 -10
      vertex 174.175 5.33086 -10
    endloop
  endfacet
  facet normal 0 0 -1
    outer loop
      vertex 173.962 5.23141 -10
      vertex 173.962 7.76858 -10
      vertex 174.175 7.66913 -10
    endloop
  endfacet
  facet normal 0 0 -1
    outer loop
      vertex 173.734 5.17051 -10
      vertex 173.962 7.76858 -10
      vertex 173.962 5.23141 -10
    endloop
  endfacet
  facet normal 0 0 -1
    outer loop
      vertex 173.734 5.17051 -10
      vertex 173.734 7.82949 -10
      vertex 173.962 7.76858 -10
    endloop
  endfacet
  facet normal 0 0 -1
    outer loop
      vertex 173.5 5.15 -10
      vertex 173.734 7.82949 -10
      vertex 173.734 5.17051 -10
    endloop
  endfacet
  facet normal 0 0 -1
    outer loop
      vertex 173.5 5.15 -10
      vertex 173.5 7.85 -10
      vertex 173.734 7.82949 -10
    endloop
  endfacet
  facet normal 0 0 -1
    outer loop
      vertex 173.266 5.17051 -10
      vertex 173.5 7.85 -10
      vertex 173.5 5.15 -10
    endloop
  endfacet
  facet normal 0 0 -1
    outer loop
      vertex 173.266 5.17051 -10
      vertex 173.266 7.82949 -10
      vertex 173.5 7.85 -10
    endloop
  endfacet
  facet normal 0 0 -1
    outer loop
      vertex 173.038 5.23141 -10
      vertex 173.266 7.82949 -10
      vertex 173.266 5.17051 -10
    endloop
  endfacet
  facet normal 0 0 -1
    outer loop
      vertex 173.038 5.23141 -10
      vertex 173.038 7.76858 -10
      vertex 173.266 7.82949 -10
    endloop
  endfacet
  facet normal 0 0 -1
    outer loop
      vertex 172.825 5.33086 -10
      vertex 173.038 7.76858 -10
      vertex 173.038 5.23141 -10
    endloop
  endfacet
  facet normal 0 0 -1
    outer loop
      vertex 172.825 5.33086 -10
      vertex 172.825 7.66913 -10
      vertex 173.038 7.76858 -10
    endloop
  endfacet
  facet normal 0 0 -1
    outer loop
      vertex 172.632 5.46584 -10
      vertex 172.825 7.66913 -10
      vertex 172.825 5.33086 -10
    endloop
  endfacet
  facet normal 0 0 -1
    outer loop
      vertex 172.632 5.46584 -10
      vertex 172.632 7.53416 -10
      vertex 172.825 7.66913 -10
    endloop
  endfacet
  facet normal 0 0 -1
    outer loop
      vertex 172.466 5.63224 -10
      vertex 172.632 7.53416 -10
      vertex 172.632 5.46584 -10
    endloop
  endfacet
  facet normal 0 0 -1
    outer loop
      vertex 172.466 5.63224 -10
      vertex 172.466 7.36776 -10
      vertex 172.632 7.53416 -10
    endloop
  endfacet
  facet normal 0 0 -1
    outer loop
      vertex 172.331 5.825 -10
      vertex 172.466 7.36776 -10
      vertex 172.466 5.63224 -10
    endloop
  endfacet
  facet normal 0 0 -1
    outer loop
      vertex 172.331 5.825 -10
      vertex 172.331 7.175 -10
      vertex 172.466 7.36776 -10
    endloop
  endfacet
  facet normal 0 0 -1
    outer loop
      vertex 172.231 6.03827 -10
      vertex 172.331 7.175 -10
      vertex 172.331 5.825 -10
    endloop
  endfacet
  facet normal 0 0 -1
    outer loop
      vertex 172.231 6.03827 -10
      vertex 172.231 6.96173 -10
      vertex 172.331 7.175 -10
    endloop
  endfacet
  facet normal 0 0 -1
    outer loop
      vertex 172.171 6.26557 -10
      vertex 172.231 6.96173 -10
      vertex 172.231 6.03827 -10
    endloop
  endfacet
  facet normal 0 0 -1
    outer loop
      vertex 172.171 6.26557 -10
      vertex 172.171 6.73442 -10
      vertex 172.231 6.96173 -10
    endloop
  endfacet
  facet normal 0 -0 -1
    outer loop
      vertex 172.171 6.73442 -10
      vertex 172.171 6.26557 -10
      vertex 172.15 6.5 -10
    endloop
  endfacet
  facet normal 0.707957 -0.706255 0
    outer loop
      vertex 174.368 5.46584 10
      vertex 174.534 5.63224 -10
      vertex 174.534 5.63224 10
    endloop
  endfacet
  facet normal 0.707957 -0.706255 0
    outer loop
      vertex 174.534 5.63224 -10
      vertex 174.368 5.46584 10
      vertex 174.368 5.46584 -10
    endloop
  endfacet
  facet normal 0.819096 -0.573656 0
    outer loop
      vertex 174.534 5.63224 10
      vertex 174.669 5.825 -10
      vertex 174.669 5.825 10
    endloop
  endfacet
  facet normal 0.819096 -0.573656 0
    outer loop
      vertex 174.669 5.825 -10
      vertex 174.534 5.63224 10
      vertex 174.534 5.63224 -10
    endloop
  endfacet
  facet normal -0.966884 0.255216 0
    outer loop
      vertex 172.171 6.73442 -10
      vertex 172.231 6.96173 10
      vertex 172.231 6.96173 -10
    endloop
  endfacet
  facet normal -0.966884 0.255216 0
    outer loop
      vertex 172.231 6.96173 10
      vertex 172.171 6.73442 -10
      vertex 172.171 6.73442 10
    endloop
  endfacet
  facet normal 0.966884 0.255216 0
    outer loop
      vertex 174.829 6.73442 10
      vertex 174.769 6.96173 -10
      vertex 174.769 6.96173 10
    endloop
  endfacet
  facet normal 0.966884 0.255216 0
    outer loop
      vertex 174.769 6.96173 -10
      vertex 174.829 6.73442 10
      vertex 174.829 6.73442 -10
    endloop
  endfacet
  facet normal 0.966881 -0.255226 0
    outer loop
      vertex 174.769 6.03827 10
      vertex 174.829 6.26557 -10
      vertex 174.829 6.26557 10
    endloop
  endfacet
  facet normal 0.966881 -0.255226 0
    outer loop
      vertex 174.829 6.26557 -10
      vertex 174.769 6.03827 10
      vertex 174.769 6.03827 -10
    endloop
  endfacet
  facet normal -0.819096 0.573656 0
    outer loop
      vertex 172.331 7.175 -10
      vertex 172.466 7.36776 10
      vertex 172.466 7.36776 -10
    endloop
  endfacet
  facet normal -0.819096 0.573656 0
    outer loop
      vertex 172.466 7.36776 10
      vertex 172.331 7.175 -10
      vertex 172.331 7.175 10
    endloop
  endfacet
  facet normal -0.0873148 -0.996181 0
    outer loop
      vertex 173.266 5.17051 -10
      vertex 173.5 5.15 10
      vertex 173.266 5.17051 10
    endloop
  endfacet
  facet normal -0.0873148 -0.996181 -0
    outer loop
      vertex 173.5 5.15 10
      vertex 173.266 5.17051 -10
      vertex 173.5 5.15 -10
    endloop
  endfacet
  facet normal -0.90541 0.424537 0
    outer loop
      vertex 172.231 6.96173 -10
      vertex 172.331 7.175 10
      vertex 172.331 7.175 -10
    endloop
  endfacet
  facet normal -0.90541 0.424537 0
    outer loop
      vertex 172.331 7.175 10
      vertex 172.231 6.96173 -10
      vertex 172.231 6.96173 10
    endloop
  endfacet
  facet normal 0 0 1
    outer loop
      vertex 174.829 6.73442 10
      vertex 174.829 6.26557 10
      vertex 174.85 6.5 10
    endloop
  endfacet
  facet normal 0 0 1
    outer loop
      vertex 174.769 6.96173 10
      vertex 174.829 6.26557 10
      vertex 174.829 6.73442 10
    endloop
  endfacet
  facet normal 0 0 1
    outer loop
      vertex 174.769 6.96173 10
      vertex 174.769 6.03827 10
      vertex 174.829 6.26557 10
    endloop
  endfacet
  facet normal 0 0 1
    outer loop
      vertex 174.669 7.175 10
      vertex 174.769 6.03827 10
      vertex 174.769 6.96173 10
    endloop
  endfacet
  facet normal 0 0 1
    outer loop
      vertex 174.669 7.175 10
      vertex 174.669 5.825 10
      vertex 174.769 6.03827 10
    endloop
  endfacet
  facet normal 0 0 1
    outer loop
      vertex 174.534 7.36776 10
      vertex 174.669 5.825 10
      vertex 174.669 7.175 10
    endloop
  endfacet
  facet normal 0 0 1
    outer loop
      vertex 174.534 7.36776 10
      vertex 174.534 5.63224 10
      vertex 174.669 5.825 10
    endloop
  endfacet
  facet normal 0 0 1
    outer loop
      vertex 174.368 7.53416 10
      vertex 174.534 5.63224 10
      vertex 174.534 7.36776 10
    endloop
  endfacet
  facet normal 0 0 1
    outer loop
      vertex 174.368 7.53416 10
      vertex 174.368 5.46584 10
      vertex 174.534 5.63224 10
    endloop
  endfacet
  facet normal 0 0 1
    outer loop
      vertex 174.175 7.66913 10
      vertex 174.368 5.46584 10
      vertex 174.368 7.53416 10
    endloop
  endfacet
  facet normal 0 0 1
    outer loop
      vertex 174.175 7.66913 10
      vertex 174.175 5.33086 10
      vertex 174.368 5.46584 10
    endloop
  endfacet
  facet normal 0 0 1
    outer loop
      vertex 173.962 7.76858 10
      vertex 174.175 5.33086 10
      vertex 174.175 7.66913 10
    endloop
  endfacet
  facet normal 0 0 1
    outer loop
      vertex 173.962 7.76858 10
      vertex 173.962 5.23141 10
      vertex 174.175 5.33086 10
    endloop
  endfacet
  facet normal 0 0 1
    outer loop
      vertex 173.734 7.82949 10
      vertex 173.962 5.23141 10
      vertex 173.962 7.76858 10
    endloop
  endfacet
  facet normal 0 0 1
    outer loop
      vertex 173.734 7.82949 10
      vertex 173.734 5.17051 10
      vertex 173.962 5.23141 10
    endloop
  endfacet
  facet normal 0 0 1
    outer loop
      vertex 173.5 7.85 10
      vertex 173.734 5.17051 10
      vertex 173.734 7.82949 10
    endloop
  endfacet
  facet normal 0 0 1
    outer loop
      vertex 173.5 7.85 10
      vertex 173.5 5.15 10
      vertex 173.734 5.17051 10
    endloop
  endfacet
  facet normal -0 0 1
    outer loop
      vertex 173.266 7.82949 10
      vertex 173.5 5.15 10
      vertex 173.5 7.85 10
    endloop
  endfacet
  facet normal 0 0 1
    outer loop
      vertex 173.266 7.82949 10
      vertex 173.266 5.17051 10
      vertex 173.5 5.15 10
    endloop
  endfacet
  facet normal -0 0 1
    outer loop
      vertex 173.038 7.76858 10
      vertex 173.266 5.17051 10
      vertex 173.266 7.82949 10
    endloop
  endfacet
  facet normal 0 0 1
    outer loop
      vertex 173.038 7.76858 10
      vertex 173.038 5.23141 10
      vertex 173.266 5.17051 10
    endloop
  endfacet
  facet normal -0 0 1
    outer loop
      vertex 172.825 7.66913 10
      vertex 173.038 5.23141 10
      vertex 173.038 7.76858 10
    endloop
  endfacet
  facet normal 0 0 1
    outer loop
      vertex 172.825 7.66913 10
      vertex 172.825 5.33086 10
      vertex 173.038 5.23141 10
    endloop
  endfacet
  facet normal -0 0 1
    outer loop
      vertex 172.632 7.53416 10
      vertex 172.825 5.33086 10
      vertex 172.825 7.66913 10
    endloop
  endfacet
  facet normal 0 0 1
    outer loop
      vertex 172.632 7.53416 10
      vertex 172.632 5.46584 10
      vertex 172.825 5.33086 10
    endloop
  endfacet
  facet normal -0 0 1
    outer loop
      vertex 172.466 7.36776 10
      vertex 172.632 5.46584 10
      vertex 172.632 7.53416 10
    endloop
  endfacet
  facet normal 0 0 1
    outer loop
      vertex 172.466 7.36776 10
      vertex 172.466 5.63224 10
      vertex 172.632 5.46584 10
    endloop
  endfacet
  facet normal -0 0 1
    outer loop
      vertex 172.331 7.175 10
      vertex 172.466 5.63224 10
      vertex 172.466 7.36776 10
    endloop
  endfacet
  facet normal 0 0 1
    outer loop
      vertex 172.331 7.175 10
      vertex 172.331 5.825 10
      vertex 172.466 5.63224 10
    endloop
  endfacet
  facet normal -0 0 1
    outer loop
      vertex 172.231 6.96173 10
      vertex 172.331 5.825 10
      vertex 172.331 7.175 10
    endloop
  endfacet
  facet normal 0 0 1
    outer loop
      vertex 172.231 6.96173 10
      vertex 172.231 6.03827 10
      vertex 172.331 5.825 10
    endloop
  endfacet
  facet normal -0 0 1
    outer loop
      vertex 172.171 6.73442 10
      vertex 172.231 6.03827 10
      vertex 172.231 6.96173 10
    endloop
  endfacet
  facet normal 0 0 1
    outer loop
      vertex 172.171 6.73442 10
      vertex 172.171 6.26557 10
      vertex 172.231 6.03827 10
    endloop
  endfacet
  facet normal 0 -0 1
    outer loop
      vertex 172.171 6.26557 10
      vertex 172.171 6.73442 10
      vertex 172.15 6.5 10
    endloop
  endfacet
  facet normal 0.996011 0.0892255 0
    outer loop
      vertex 174.85 6.5 10
      vertex 174.829 6.73442 -10
      vertex 174.829 6.73442 10
    endloop
  endfacet
  facet normal 0.996011 0.0892255 0
    outer loop
      vertex 174.829 6.73442 -10
      vertex 174.85 6.5 10
      vertex 174.85 6.5 -10
    endloop
  endfacet
  facet normal 0.258098 0.966119 -0
    outer loop
      vertex 173.962 7.76858 -10
      vertex 173.734 7.82949 10
      vertex 173.962 7.76858 10
    endloop
  endfacet
  facet normal 0.258098 0.966119 0
    outer loop
      vertex 173.734 7.82949 10
      vertex 173.962 7.76858 -10
      vertex 173.734 7.82949 -10
    endloop
  endfacet
  facet normal -0.707957 0.706255 0
    outer loop
      vertex 172.466 7.36776 -10
      vertex 172.632 7.53416 10
      vertex 172.632 7.53416 -10
    endloop
  endfacet
  facet normal -0.707957 0.706255 0
    outer loop
      vertex 172.632 7.53416 10
      vertex 172.466 7.36776 -10
      vertex 172.466 7.36776 10
    endloop
  endfacet
  facet normal 0.42306 -0.906102 0
    outer loop
      vertex 173.962 5.23141 -10
      vertex 174.175 5.33086 10
      vertex 173.962 5.23141 10
    endloop
  endfacet
  facet normal 0.42306 -0.906102 0
    outer loop
      vertex 174.175 5.33086 10
      vertex 173.962 5.23141 -10
      vertex 174.175 5.33086 -10
    endloop
  endfacet
  facet normal -0.819096 -0.573656 0
    outer loop
      vertex 172.466 5.63224 -10
      vertex 172.331 5.825 10
      vertex 172.331 5.825 -10
    endloop
  endfacet
  facet normal -0.819096 -0.573656 0
    outer loop
      vertex 172.331 5.825 10
      vertex 172.466 5.63224 -10
      vertex 172.466 5.63224 10
    endloop
  endfacet
  facet normal -0.996012 -0.0892217 0
    outer loop
      vertex 172.171 6.26557 -10
      vertex 172.15 6.5 10
      vertex 172.15 6.5 -10
    endloop
  endfacet
  facet normal -0.996012 -0.0892217 0
    outer loop
      vertex 172.15 6.5 10
      vertex 172.171 6.26557 -10
      vertex 172.171 6.26557 10
    endloop
  endfacet
  facet normal 0.819096 0.573656 0
    outer loop
      vertex 174.669 7.175 10
      vertex 174.534 7.36776 -10
      vertex 174.534 7.36776 10
    endloop
  endfacet
  facet normal 0.819096 0.573656 0
    outer loop
      vertex 174.534 7.36776 -10
      vertex 174.669 7.175 10
      vertex 174.669 7.175 -10
    endloop
  endfacet
  facet normal 0.573092 0.819491 -0
    outer loop
      vertex 174.368 7.53416 -10
      vertex 174.175 7.66913 10
      vertex 174.368 7.53416 10
    endloop
  endfacet
  facet normal 0.573092 0.819491 0
    outer loop
      vertex 174.175 7.66913 10
      vertex 174.368 7.53416 -10
      vertex 174.175 7.66913 -10
    endloop
  endfacet
  facet normal 0.707957 0.706255 0
    outer loop
      vertex 174.534 7.36776 10
      vertex 174.368 7.53416 -10
      vertex 174.368 7.53416 10
    endloop
  endfacet
  facet normal 0.707957 0.706255 0
    outer loop
      vertex 174.368 7.53416 -10
      vertex 174.534 7.36776 10
      vertex 174.534 7.36776 -10
    endloop
  endfacet
  facet normal -0.57312 -0.819471 0
    outer loop
      vertex 172.632 5.46584 -10
      vertex 172.825 5.33086 10
      vertex 172.632 5.46584 10
    endloop
  endfacet
  facet normal -0.57312 -0.819471 -0
    outer loop
      vertex 172.825 5.33086 10
      vertex 172.632 5.46584 -10
      vertex 172.825 5.33086 -10
    endloop
  endfacet
  facet normal -0.707957 -0.706255 0
    outer loop
      vertex 172.632 5.46584 -10
      vertex 172.466 5.63224 10
      vertex 172.466 5.63224 -10
    endloop
  endfacet
  facet normal -0.707957 -0.706255 0
    outer loop
      vertex 172.466 5.63224 10
      vertex 172.632 5.46584 -10
      vertex 172.632 5.46584 10
    endloop
  endfacet
  facet normal -0.258058 -0.966129 0
    outer loop
      vertex 173.038 5.23141 -10
      vertex 173.266 5.17051 10
      vertex 173.038 5.23141 10
    endloop
  endfacet
  facet normal -0.258058 -0.966129 -0
    outer loop
      vertex 173.266 5.17051 10
      vertex 173.038 5.23141 -10
      vertex 173.266 5.17051 -10
    endloop
  endfacet
  facet normal -0.0873148 -0.996181 0
    outer loop
      vertex 222.266 5.17051 -10
      vertex 222.5 5.15 10
      vertex 222.266 5.17051 10
    endloop
  endfacet
  facet normal -0.0873148 -0.996181 -0
    outer loop
      vertex 222.5 5.15 10
      vertex 222.266 5.17051 -10
      vertex 222.5 5.15 -10
    endloop
  endfacet
  facet normal -0.258098 0.966119 0
    outer loop
      vertex 222.266 7.82949 -10
      vertex 222.038 7.76858 10
      vertex 222.266 7.82949 10
    endloop
  endfacet
  facet normal -0.258098 0.966119 0
    outer loop
      vertex 222.038 7.76858 10
      vertex 222.266 7.82949 -10
      vertex 222.038 7.76858 -10
    endloop
  endfacet
  facet normal -0.0873148 0.996181 0
    outer loop
      vertex 222.5 7.85 -10
      vertex 222.266 7.82949 10
      vertex 222.5 7.85 10
    endloop
  endfacet
  facet normal -0.0873148 0.996181 0
    outer loop
      vertex 222.266 7.82949 10
      vertex 222.5 7.85 -10
      vertex 222.266 7.82949 -10
    endloop
  endfacet
  facet normal -0.42306 0.906102 0
    outer loop
      vertex 222.038 7.76858 -10
      vertex 221.825 7.66913 10
      vertex 222.038 7.76858 10
    endloop
  endfacet
  facet normal -0.42306 0.906102 0
    outer loop
      vertex 221.825 7.66913 10
      vertex 222.038 7.76858 -10
      vertex 221.825 7.66913 -10
    endloop
  endfacet
  facet normal 0.966884 0.255216 0
    outer loop
      vertex 223.829 6.73442 10
      vertex 223.769 6.96173 -10
      vertex 223.769 6.96173 10
    endloop
  endfacet
  facet normal 0.966884 0.255216 0
    outer loop
      vertex 223.769 6.96173 -10
      vertex 223.829 6.73442 10
      vertex 223.829 6.73442 -10
    endloop
  endfacet
  facet normal 0.819096 0.573656 0
    outer loop
      vertex 223.669 7.175 10
      vertex 223.534 7.36776 -10
      vertex 223.534 7.36776 10
    endloop
  endfacet
  facet normal 0.819096 0.573656 0
    outer loop
      vertex 223.534 7.36776 -10
      vertex 223.669 7.175 10
      vertex 223.669 7.175 -10
    endloop
  endfacet
  facet normal 0.996011 0.0892255 0
    outer loop
      vertex 223.85 6.5 10
      vertex 223.829 6.73442 -10
      vertex 223.829 6.73442 10
    endloop
  endfacet
  facet normal 0.996011 0.0892255 0
    outer loop
      vertex 223.829 6.73442 -10
      vertex 223.85 6.5 10
      vertex 223.85 6.5 -10
    endloop
  endfacet
  facet normal 0.258098 0.966119 -0
    outer loop
      vertex 222.962 7.76858 -10
      vertex 222.734 7.82949 10
      vertex 222.962 7.76858 10
    endloop
  endfacet
  facet normal 0.258098 0.966119 0
    outer loop
      vertex 222.734 7.82949 10
      vertex 222.962 7.76858 -10
      vertex 222.734 7.82949 -10
    endloop
  endfacet
  facet normal 0.707957 0.706255 0
    outer loop
      vertex 223.534 7.36776 10
      vertex 223.368 7.53416 -10
      vertex 223.368 7.53416 10
    endloop
  endfacet
  facet normal 0.707957 0.706255 0
    outer loop
      vertex 223.368 7.53416 -10
      vertex 223.534 7.36776 10
      vertex 223.534 7.36776 -10
    endloop
  endfacet
  facet normal 0.42306 0.906102 -0
    outer loop
      vertex 223.175 7.66913 -10
      vertex 222.962 7.76858 10
      vertex 223.175 7.66913 10
    endloop
  endfacet
  facet normal 0.42306 0.906102 0
    outer loop
      vertex 222.962 7.76858 10
      vertex 223.175 7.66913 -10
      vertex 222.962 7.76858 -10
    endloop
  endfacet
  facet normal 0.90541 0.424537 0
    outer loop
      vertex 223.769 6.96173 10
      vertex 223.669 7.175 -10
      vertex 223.669 7.175 10
    endloop
  endfacet
  facet normal 0.90541 0.424537 0
    outer loop
      vertex 223.669 7.175 -10
      vertex 223.769 6.96173 10
      vertex 223.769 6.96173 -10
    endloop
  endfacet
  facet normal -0.966881 -0.255226 0
    outer loop
      vertex 221.231 6.03827 -10
      vertex 221.171 6.26557 10
      vertex 221.171 6.26557 -10
    endloop
  endfacet
  facet normal -0.966881 -0.255226 0
    outer loop
      vertex 221.171 6.26557 10
      vertex 221.231 6.03827 -10
      vertex 221.231 6.03827 10
    endloop
  endfacet
  facet normal -0.996011 0.0892255 0
    outer loop
      vertex 221.15 6.5 -10
      vertex 221.171 6.73442 10
      vertex 221.171 6.73442 -10
    endloop
  endfacet
  facet normal -0.996011 0.0892255 0
    outer loop
      vertex 221.171 6.73442 10
      vertex 221.15 6.5 -10
      vertex 221.15 6.5 10
    endloop
  endfacet
  facet normal -0.90541 -0.424537 0
    outer loop
      vertex 221.331 5.825 -10
      vertex 221.231 6.03827 10
      vertex 221.231 6.03827 -10
    endloop
  endfacet
  facet normal -0.90541 -0.424537 0
    outer loop
      vertex 221.231 6.03827 10
      vertex 221.331 5.825 -10
      vertex 221.331 5.825 10
    endloop
  endfacet
  facet normal 0.0873148 -0.996181 0
    outer loop
      vertex 222.5 5.15 -10
      vertex 222.734 5.17051 10
      vertex 222.5 5.15 10
    endloop
  endfacet
  facet normal 0.0873148 -0.996181 0
    outer loop
      vertex 222.734 5.17051 10
      vertex 222.5 5.15 -10
      vertex 222.734 5.17051 -10
    endloop
  endfacet
  facet normal 0.0873148 0.996181 -0
    outer loop
      vertex 222.734 7.82949 -10
      vertex 222.5 7.85 10
      vertex 222.734 7.82949 10
    endloop
  endfacet
  facet normal 0.0873148 0.996181 0
    outer loop
      vertex 222.5 7.85 10
      vertex 222.734 7.82949 -10
      vertex 222.5 7.85 -10
    endloop
  endfacet
  facet normal 0.42306 -0.906102 0
    outer loop
      vertex 222.962 5.23141 -10
      vertex 223.175 5.33086 10
      vertex 222.962 5.23141 10
    endloop
  endfacet
  facet normal 0.42306 -0.906102 0
    outer loop
      vertex 223.175 5.33086 10
      vertex 222.962 5.23141 -10
      vertex 223.175 5.33086 -10
    endloop
  endfacet
  facet normal -0.57312 -0.819471 0
    outer loop
      vertex 221.632 5.46584 -10
      vertex 221.825 5.33086 10
      vertex 221.632 5.46584 10
    endloop
  endfacet
  facet normal -0.57312 -0.819471 -0
    outer loop
      vertex 221.825 5.33086 10
      vertex 221.632 5.46584 -10
      vertex 221.825 5.33086 -10
    endloop
  endfacet
  facet normal 0.819096 -0.573656 0
    outer loop
      vertex 223.534 5.63224 10
      vertex 223.669 5.825 -10
      vertex 223.669 5.825 10
    endloop
  endfacet
  facet normal 0.819096 -0.573656 0
    outer loop
      vertex 223.669 5.825 -10
      vertex 223.534 5.63224 10
      vertex 223.534 5.63224 -10
    endloop
  endfacet
  facet normal 0.707957 -0.706255 0
    outer loop
      vertex 223.368 5.46584 10
      vertex 223.534 5.63224 -10
      vertex 223.534 5.63224 10
    endloop
  endfacet
  facet normal 0.707957 -0.706255 0
    outer loop
      vertex 223.534 5.63224 -10
      vertex 223.368 5.46584 10
      vertex 223.368 5.46584 -10
    endloop
  endfacet
  facet normal -0.819096 -0.573656 0
    outer loop
      vertex 221.466 5.63224 -10
      vertex 221.331 5.825 10
      vertex 221.331 5.825 -10
    endloop
  endfacet
  facet normal -0.819096 -0.573656 0
    outer loop
      vertex 221.331 5.825 10
      vertex 221.466 5.63224 -10
      vertex 221.466 5.63224 10
    endloop
  endfacet
  facet normal 0.573092 0.819491 -0
    outer loop
      vertex 223.368 7.53416 -10
      vertex 223.175 7.66913 10
      vertex 223.368 7.53416 10
    endloop
  endfacet
  facet normal 0.573092 0.819491 0
    outer loop
      vertex 223.175 7.66913 10
      vertex 223.368 7.53416 -10
      vertex 223.175 7.66913 -10
    endloop
  endfacet
  facet normal -0.573092 0.819491 0
    outer loop
      vertex 221.825 7.66913 -10
      vertex 221.632 7.53416 10
      vertex 221.825 7.66913 10
    endloop
  endfacet
  facet normal -0.573092 0.819491 0
    outer loop
      vertex 221.632 7.53416 10
      vertex 221.825 7.66913 -10
      vertex 221.632 7.53416 -10
    endloop
  endfacet
  facet normal -0.707957 -0.706255 0
    outer loop
      vertex 221.632 5.46584 -10
      vertex 221.466 5.63224 10
      vertex 221.466 5.63224 -10
    endloop
  endfacet
  facet normal -0.707957 -0.706255 0
    outer loop
      vertex 221.466 5.63224 10
      vertex 221.632 5.46584 -10
      vertex 221.632 5.46584 10
    endloop
  endfacet
  facet normal -0.90541 0.424537 0
    outer loop
      vertex 221.231 6.96173 -10
      vertex 221.331 7.175 10
      vertex 221.331 7.175 -10
    endloop
  endfacet
  facet normal -0.90541 0.424537 0
    outer loop
      vertex 221.331 7.175 10
      vertex 221.231 6.96173 -10
      vertex 221.231 6.96173 10
    endloop
  endfacet
  facet normal -0.707957 0.706255 0
    outer loop
      vertex 221.466 7.36776 -10
      vertex 221.632 7.53416 10
      vertex 221.632 7.53416 -10
    endloop
  endfacet
  facet normal -0.707957 0.706255 0
    outer loop
      vertex 221.632 7.53416 10
      vertex 221.466 7.36776 -10
      vertex 221.466 7.36776 10
    endloop
  endfacet
  facet normal -0.42306 -0.906102 0
    outer loop
      vertex 221.825 5.33086 -10
      vertex 222.038 5.23141 10
      vertex 221.825 5.33086 10
    endloop
  endfacet
  facet normal -0.42306 -0.906102 -0
    outer loop
      vertex 222.038 5.23141 10
      vertex 221.825 5.33086 -10
      vertex 222.038 5.23141 -10
    endloop
  endfacet
  facet normal -0.819096 0.573656 0
    outer loop
      vertex 221.331 7.175 -10
      vertex 221.466 7.36776 10
      vertex 221.466 7.36776 -10
    endloop
  endfacet
  facet normal -0.819096 0.573656 0
    outer loop
      vertex 221.466 7.36776 10
      vertex 221.331 7.175 -10
      vertex 221.331 7.175 10
    endloop
  endfacet
  facet normal 0.258058 -0.966129 0
    outer loop
      vertex 222.734 5.17051 -10
      vertex 222.962 5.23141 10
      vertex 222.734 5.17051 10
    endloop
  endfacet
  facet normal 0.258058 -0.966129 0
    outer loop
      vertex 222.962 5.23141 10
      vertex 222.734 5.17051 -10
      vertex 222.962 5.23141 -10
    endloop
  endfacet
  facet normal -0.996012 -0.0892217 0
    outer loop
      vertex 221.171 6.26557 -10
      vertex 221.15 6.5 10
      vertex 221.15 6.5 -10
    endloop
  endfacet
  facet normal -0.996012 -0.0892217 0
    outer loop
      vertex 221.15 6.5 10
      vertex 221.171 6.26557 -10
      vertex 221.171 6.26557 10
    endloop
  endfacet
  facet normal 0.57312 -0.819471 0
    outer loop
      vertex 223.175 5.33086 -10
      vertex 223.368 5.46584 10
      vertex 223.175 5.33086 10
    endloop
  endfacet
  facet normal 0.57312 -0.819471 0
    outer loop
      vertex 223.368 5.46584 10
      vertex 223.175 5.33086 -10
      vertex 223.368 5.46584 -10
    endloop
  endfacet
  facet normal -0.258058 -0.966129 0
    outer loop
      vertex 222.038 5.23141 -10
      vertex 222.266 5.17051 10
      vertex 222.038 5.23141 10
    endloop
  endfacet
  facet normal -0.258058 -0.966129 -0
    outer loop
      vertex 222.266 5.17051 10
      vertex 222.038 5.23141 -10
      vertex 222.266 5.17051 -10
    endloop
  endfacet
  facet normal 0.966881 -0.255226 0
    outer loop
      vertex 223.769 6.03827 10
      vertex 223.829 6.26557 -10
      vertex 223.829 6.26557 10
    endloop
  endfacet
  facet normal 0.966881 -0.255226 0
    outer loop
      vertex 223.829 6.26557 -10
      vertex 223.769 6.03827 10
      vertex 223.769 6.03827 -10
    endloop
  endfacet
  facet normal 0 0 -1
    outer loop
      vertex 223.829 6.26557 -10
      vertex 223.829 6.73442 -10
      vertex 223.85 6.5 -10
    endloop
  endfacet
  facet normal 0 0 -1
    outer loop
      vertex 223.769 6.03827 -10
      vertex 223.829 6.73442 -10
      vertex 223.829 6.26557 -10
    endloop
  endfacet
  facet normal 0 0 -1
    outer loop
      vertex 223.769 6.03827 -10
      vertex 223.769 6.96173 -10
      vertex 223.829 6.73442 -10
    endloop
  endfacet
  facet normal 0 0 -1
    outer loop
      vertex 223.669 5.825 -10
      vertex 223.769 6.96173 -10
      vertex 223.769 6.03827 -10
    endloop
  endfacet
  facet normal 0 0 -1
    outer loop
      vertex 223.669 5.825 -10
      vertex 223.669 7.175 -10
      vertex 223.769 6.96173 -10
    endloop
  endfacet
  facet normal 0 0 -1
    outer loop
      vertex 223.534 5.63224 -10
      vertex 223.669 7.175 -10
      vertex 223.669 5.825 -10
    endloop
  endfacet
  facet normal 0 0 -1
    outer loop
      vertex 223.534 5.63224 -10
      vertex 223.534 7.36776 -10
      vertex 223.669 7.175 -10
    endloop
  endfacet
  facet normal 0 0 -1
    outer loop
      vertex 223.368 5.46584 -10
      vertex 223.534 7.36776 -10
      vertex 223.534 5.63224 -10
    endloop
  endfacet
  facet normal 0 0 -1
    outer loop
      vertex 223.368 5.46584 -10
      vertex 223.368 7.53416 -10
      vertex 223.534 7.36776 -10
    endloop
  endfacet
  facet normal 0 0 -1
    outer loop
      vertex 223.175 5.33086 -10
      vertex 223.368 7.53416 -10
      vertex 223.368 5.46584 -10
    endloop
  endfacet
  facet normal 0 0 -1
    outer loop
      vertex 223.175 5.33086 -10
      vertex 223.175 7.66913 -10
      vertex 223.368 7.53416 -10
    endloop
  endfacet
  facet normal 0 0 -1
    outer loop
      vertex 222.962 5.23141 -10
      vertex 223.175 7.66913 -10
      vertex 223.175 5.33086 -10
    endloop
  endfacet
  facet normal 0 0 -1
    outer loop
      vertex 222.962 5.23141 -10
      vertex 222.962 7.76858 -10
      vertex 223.175 7.66913 -10
    endloop
  endfacet
  facet normal 0 0 -1
    outer loop
      vertex 222.734 5.17051 -10
      vertex 222.962 7.76858 -10
      vertex 222.962 5.23141 -10
    endloop
  endfacet
  facet normal 0 0 -1
    outer loop
      vertex 222.734 5.17051 -10
      vertex 222.734 7.82949 -10
      vertex 222.962 7.76858 -10
    endloop
  endfacet
  facet normal 0 0 -1
    outer loop
      vertex 222.5 5.15 -10
      vertex 222.734 7.82949 -10
      vertex 222.734 5.17051 -10
    endloop
  endfacet
  facet normal 0 0 -1
    outer loop
      vertex 222.5 5.15 -10
      vertex 222.5 7.85 -10
      vertex 222.734 7.82949 -10
    endloop
  endfacet
  facet normal 0 0 -1
    outer loop
      vertex 222.266 5.17051 -10
      vertex 222.5 7.85 -10
      vertex 222.5 5.15 -10
    endloop
  endfacet
  facet normal 0 0 -1
    outer loop
      vertex 222.266 5.17051 -10
      vertex 222.266 7.82949 -10
      vertex 222.5 7.85 -10
    endloop
  endfacet
  facet normal 0 0 -1
    outer loop
      vertex 222.038 5.23141 -10
      vertex 222.266 7.82949 -10
      vertex 222.266 5.17051 -10
    endloop
  endfacet
  facet normal 0 0 -1
    outer loop
      vertex 222.038 5.23141 -10
      vertex 222.038 7.76858 -10
      vertex 222.266 7.82949 -10
    endloop
  endfacet
  facet normal 0 0 -1
    outer loop
      vertex 221.825 5.33086 -10
      vertex 222.038 7.76858 -10
      vertex 222.038 5.23141 -10
    endloop
  endfacet
  facet normal 0 0 -1
    outer loop
      vertex 221.825 5.33086 -10
      vertex 221.825 7.66913 -10
      vertex 222.038 7.76858 -10
    endloop
  endfacet
  facet normal 0 0 -1
    outer loop
      vertex 221.632 5.46584 -10
      vertex 221.825 7.66913 -10
      vertex 221.825 5.33086 -10
    endloop
  endfacet
  facet normal 0 0 -1
    outer loop
      vertex 221.632 5.46584 -10
      vertex 221.632 7.53416 -10
      vertex 221.825 7.66913 -10
    endloop
  endfacet
  facet normal 0 0 -1
    outer loop
      vertex 221.466 5.63224 -10
      vertex 221.632 7.53416 -10
      vertex 221.632 5.46584 -10
    endloop
  endfacet
  facet normal 0 0 -1
    outer loop
      vertex 221.466 5.63224 -10
      vertex 221.466 7.36776 -10
      vertex 221.632 7.53416 -10
    endloop
  endfacet
  facet normal 0 0 -1
    outer loop
      vertex 221.331 5.825 -10
      vertex 221.466 7.36776 -10
      vertex 221.466 5.63224 -10
    endloop
  endfacet
  facet normal 0 0 -1
    outer loop
      vertex 221.331 5.825 -10
      vertex 221.331 7.175 -10
      vertex 221.466 7.36776 -10
    endloop
  endfacet
  facet normal 0 0 -1
    outer loop
      vertex 221.231 6.03827 -10
      vertex 221.331 7.175 -10
      vertex 221.331 5.825 -10
    endloop
  endfacet
  facet normal 0 0 -1
    outer loop
      vertex 221.231 6.03827 -10
      vertex 221.231 6.96173 -10
      vertex 221.331 7.175 -10
    endloop
  endfacet
  facet normal 0 0 -1
    outer loop
      vertex 221.171 6.26557 -10
      vertex 221.231 6.96173 -10
      vertex 221.231 6.03827 -10
    endloop
  endfacet
  facet normal 0 0 -1
    outer loop
      vertex 221.171 6.26557 -10
      vertex 221.171 6.73442 -10
      vertex 221.231 6.96173 -10
    endloop
  endfacet
  facet normal 0 -0 -1
    outer loop
      vertex 221.171 6.73442 -10
      vertex 221.171 6.26557 -10
      vertex 221.15 6.5 -10
    endloop
  endfacet
  facet normal -0.966884 0.255216 0
    outer loop
      vertex 221.171 6.73442 -10
      vertex 221.231 6.96173 10
      vertex 221.231 6.96173 -10
    endloop
  endfacet
  facet normal -0.966884 0.255216 0
    outer loop
      vertex 221.231 6.96173 10
      vertex 221.171 6.73442 -10
      vertex 221.171 6.73442 10
    endloop
  endfacet
  facet normal 0.996012 -0.0892217 0
    outer loop
      vertex 223.829 6.26557 10
      vertex 223.85 6.5 -10
      vertex 223.85 6.5 10
    endloop
  endfacet
  facet normal 0.996012 -0.0892217 0
    outer loop
      vertex 223.85 6.5 -10
      vertex 223.829 6.26557 10
      vertex 223.829 6.26557 -10
    endloop
  endfacet
  facet normal 0 0 1
    outer loop
      vertex 223.829 6.73442 10
      vertex 223.829 6.26557 10
      vertex 223.85 6.5 10
    endloop
  endfacet
  facet normal 0 0 1
    outer loop
      vertex 223.769 6.96173 10
      vertex 223.829 6.26557 10
      vertex 223.829 6.73442 10
    endloop
  endfacet
  facet normal 0 0 1
    outer loop
      vertex 223.769 6.96173 10
      vertex 223.769 6.03827 10
      vertex 223.829 6.26557 10
    endloop
  endfacet
  facet normal 0 0 1
    outer loop
      vertex 223.669 7.175 10
      vertex 223.769 6.03827 10
      vertex 223.769 6.96173 10
    endloop
  endfacet
  facet normal 0 0 1
    outer loop
      vertex 223.669 7.175 10
      vertex 223.669 5.825 10
      vertex 223.769 6.03827 10
    endloop
  endfacet
  facet normal 0 0 1
    outer loop
      vertex 223.534 7.36776 10
      vertex 223.669 5.825 10
      vertex 223.669 7.175 10
    endloop
  endfacet
  facet normal 0 0 1
    outer loop
      vertex 223.534 7.36776 10
      vertex 223.534 5.63224 10
      vertex 223.669 5.825 10
    endloop
  endfacet
  facet normal 0 0 1
    outer loop
      vertex 223.368 7.53416 10
      vertex 223.534 5.63224 10
      vertex 223.534 7.36776 10
    endloop
  endfacet
  facet normal 0 0 1
    outer loop
      vertex 223.368 7.53416 10
      vertex 223.368 5.46584 10
      vertex 223.534 5.63224 10
    endloop
  endfacet
  facet normal 0 0 1
    outer loop
      vertex 223.175 7.66913 10
      vertex 223.368 5.46584 10
      vertex 223.368 7.53416 10
    endloop
  endfacet
  facet normal 0 0 1
    outer loop
      vertex 223.175 7.66913 10
      vertex 223.175 5.33086 10
      vertex 223.368 5.46584 10
    endloop
  endfacet
  facet normal 0 0 1
    outer loop
      vertex 222.962 7.76858 10
      vertex 223.175 5.33086 10
      vertex 223.175 7.66913 10
    endloop
  endfacet
  facet normal 0 0 1
    outer loop
      vertex 222.962 7.76858 10
      vertex 222.962 5.23141 10
      vertex 223.175 5.33086 10
    endloop
  endfacet
  facet normal 0 0 1
    outer loop
      vertex 222.734 7.82949 10
      vertex 222.962 5.23141 10
      vertex 222.962 7.76858 10
    endloop
  endfacet
  facet normal 0 0 1
    outer loop
      vertex 222.734 7.82949 10
      vertex 222.734 5.17051 10
      vertex 222.962 5.23141 10
    endloop
  endfacet
  facet normal 0 0 1
    outer loop
      vertex 222.5 7.85 10
      vertex 222.734 5.17051 10
      vertex 222.734 7.82949 10
    endloop
  endfacet
  facet normal 0 0 1
    outer loop
      vertex 222.5 7.85 10
      vertex 222.5 5.15 10
      vertex 222.734 5.17051 10
    endloop
  endfacet
  facet normal -0 0 1
    outer loop
      vertex 222.266 7.82949 10
      vertex 222.5 5.15 10
      vertex 222.5 7.85 10
    endloop
  endfacet
  facet normal 0 0 1
    outer loop
      vertex 222.266 7.82949 10
      vertex 222.266 5.17051 10
      vertex 222.5 5.15 10
    endloop
  endfacet
  facet normal -0 0 1
    outer loop
      vertex 222.038 7.76858 10
      vertex 222.266 5.17051 10
      vertex 222.266 7.82949 10
    endloop
  endfacet
  facet normal 0 0 1
    outer loop
      vertex 222.038 7.76858 10
      vertex 222.038 5.23141 10
      vertex 222.266 5.17051 10
    endloop
  endfacet
  facet normal -0 0 1
    outer loop
      vertex 221.825 7.66913 10
      vertex 222.038 5.23141 10
      vertex 222.038 7.76858 10
    endloop
  endfacet
  facet normal 0 0 1
    outer loop
      vertex 221.825 7.66913 10
      vertex 221.825 5.33086 10
      vertex 222.038 5.23141 10
    endloop
  endfacet
  facet normal -0 0 1
    outer loop
      vertex 221.632 7.53416 10
      vertex 221.825 5.33086 10
      vertex 221.825 7.66913 10
    endloop
  endfacet
  facet normal 0 0 1
    outer loop
      vertex 221.632 7.53416 10
      vertex 221.632 5.46584 10
      vertex 221.825 5.33086 10
    endloop
  endfacet
  facet normal -0 0 1
    outer loop
      vertex 221.466 7.36776 10
      vertex 221.632 5.46584 10
      vertex 221.632 7.53416 10
    endloop
  endfacet
  facet normal 0 0 1
    outer loop
      vertex 221.466 7.36776 10
      vertex 221.466 5.63224 10
      vertex 221.632 5.46584 10
    endloop
  endfacet
  facet normal -0 0 1
    outer loop
      vertex 221.331 7.175 10
      vertex 221.466 5.63224 10
      vertex 221.466 7.36776 10
    endloop
  endfacet
  facet normal 0 0 1
    outer loop
      vertex 221.331 7.175 10
      vertex 221.331 5.825 10
      vertex 221.466 5.63224 10
    endloop
  endfacet
  facet normal -0 0 1
    outer loop
      vertex 221.231 6.96173 10
      vertex 221.331 5.825 10
      vertex 221.331 7.175 10
    endloop
  endfacet
  facet normal 0 0 1
    outer loop
      vertex 221.231 6.96173 10
      vertex 221.231 6.03827 10
      vertex 221.331 5.825 10
    endloop
  endfacet
  facet normal -0 0 1
    outer loop
      vertex 221.171 6.73442 10
      vertex 221.231 6.03827 10
      vertex 221.231 6.96173 10
    endloop
  endfacet
  facet normal 0 0 1
    outer loop
      vertex 221.171 6.73442 10
      vertex 221.171 6.26557 10
      vertex 221.231 6.03827 10
    endloop
  endfacet
  facet normal 0 -0 1
    outer loop
      vertex 221.171 6.26557 10
      vertex 221.171 6.73442 10
      vertex 221.15 6.5 10
    endloop
  endfacet
  facet normal 0.90541 -0.424537 0
    outer loop
      vertex 223.669 5.825 10
      vertex 223.769 6.03827 -10
      vertex 223.769 6.03827 10
    endloop
  endfacet
  facet normal 0.90541 -0.424537 0
    outer loop
      vertex 223.769 6.03827 -10
      vertex 223.669 5.825 10
      vertex 223.669 5.825 -10
    endloop
  endfacet
  facet normal 0.572892 -0.819631 0
    outer loop
      vertex 174.175 25.3309 -10
      vertex 174.368 25.4658 10
      vertex 174.175 25.3309 10
    endloop
  endfacet
  facet normal 0.572892 -0.819631 0
    outer loop
      vertex 174.368 25.4658 10
      vertex 174.175 25.3309 -10
      vertex 174.368 25.4658 -10
    endloop
  endfacet
  facet normal -0.258058 0.966129 0
    outer loop
      vertex 173.266 27.8295 -10
      vertex 173.038 27.7686 10
      vertex 173.266 27.8295 10
    endloop
  endfacet
  facet normal -0.258058 0.966129 0
    outer loop
      vertex 173.038 27.7686 10
      vertex 173.266 27.8295 -10
      vertex 173.038 27.7686 -10
    endloop
  endfacet
  facet normal -0.0872726 0.996184 0
    outer loop
      vertex 173.5 27.85 -10
      vertex 173.266 27.8295 10
      vertex 173.5 27.85 10
    endloop
  endfacet
  facet normal -0.0872726 0.996184 0
    outer loop
      vertex 173.266 27.8295 10
      vertex 173.5 27.85 -10
      vertex 173.266 27.8295 -10
    endloop
  endfacet
  facet normal -0.423235 0.90602 0
    outer loop
      vertex 173.038 27.7686 -10
      vertex 172.825 27.6691 10
      vertex 173.038 27.7686 10
    endloop
  endfacet
  facet normal -0.423235 0.90602 0
    outer loop
      vertex 172.825 27.6691 10
      vertex 173.038 27.7686 -10
      vertex 172.825 27.6691 -10
    endloop
  endfacet
  facet normal 0.996011 -0.089233 0
    outer loop
      vertex 174.829 26.2656 10
      vertex 174.85 26.5 -10
      vertex 174.85 26.5 10
    endloop
  endfacet
  facet normal 0.996011 -0.089233 0
    outer loop
      vertex 174.85 26.5 -10
      vertex 174.829 26.2656 10
      vertex 174.829 26.2656 -10
    endloop
  endfacet
  facet normal 0.258058 -0.966129 0
    outer loop
      vertex 173.734 25.1705 -10
      vertex 173.962 25.2314 10
      vertex 173.734 25.1705 10
    endloop
  endfacet
  facet normal 0.258058 -0.966129 0
    outer loop
      vertex 173.962 25.2314 10
      vertex 173.734 25.1705 -10
      vertex 173.962 25.2314 -10
    endloop
  endfacet
  facet normal 0.0872726 0.996184 -0
    outer loop
      vertex 173.734 27.8295 -10
      vertex 173.5 27.85 10
      vertex 173.734 27.8295 10
    endloop
  endfacet
  facet normal 0.0872726 0.996184 0
    outer loop
      vertex 173.5 27.85 10
      vertex 173.734 27.8295 -10
      vertex 173.5 27.85 -10
    endloop
  endfacet
  facet normal 0.0872726 -0.996184 0
    outer loop
      vertex 173.5 25.15 -10
      vertex 173.734 25.1705 10
      vertex 173.5 25.15 10
    endloop
  endfacet
  facet normal 0.0872726 -0.996184 0
    outer loop
      vertex 173.734 25.1705 10
      vertex 173.5 25.15 -10
      vertex 173.734 25.1705 -10
    endloop
  endfacet
  facet normal -0.996011 0.089233 0
    outer loop
      vertex 172.15 26.5 -10
      vertex 172.171 26.7344 10
      vertex 172.171 26.7344 -10
    endloop
  endfacet
  facet normal -0.996011 0.089233 0
    outer loop
      vertex 172.171 26.7344 10
      vertex 172.15 26.5 -10
      vertex 172.15 26.5 10
    endloop
  endfacet
  facet normal -0.572892 0.819631 0
    outer loop
      vertex 172.825 27.6691 -10
      vertex 172.632 27.5342 10
      vertex 172.825 27.6691 10
    endloop
  endfacet
  facet normal -0.572892 0.819631 0
    outer loop
      vertex 172.632 27.5342 10
      vertex 172.825 27.6691 -10
      vertex 172.632 27.5342 -10
    endloop
  endfacet
  facet normal -0.966881 -0.255226 0
    outer loop
      vertex 172.231 26.0383 -10
      vertex 172.171 26.2656 10
      vertex 172.171 26.2656 -10
    endloop
  endfacet
  facet normal -0.966881 -0.255226 0
    outer loop
      vertex 172.171 26.2656 10
      vertex 172.231 26.0383 -10
      vertex 172.231 26.0383 10
    endloop
  endfacet
  facet normal -0.905433 -0.424488 0
    outer loop
      vertex 172.331 25.825 -10
      vertex 172.231 26.0383 10
      vertex 172.231 26.0383 -10
    endloop
  endfacet
  facet normal -0.905433 -0.424488 0
    outer loop
      vertex 172.231 26.0383 10
      vertex 172.331 25.825 -10
      vertex 172.331 25.825 10
    endloop
  endfacet
  facet normal 0.905433 0.424488 0
    outer loop
      vertex 174.769 26.9617 10
      vertex 174.669 27.175 -10
      vertex 174.669 27.175 10
    endloop
  endfacet
  facet normal 0.905433 0.424488 0
    outer loop
      vertex 174.669 27.175 -10
      vertex 174.769 26.9617 10
      vertex 174.769 26.9617 -10
    endloop
  endfacet
  facet normal 0.905433 -0.424488 0
    outer loop
      vertex 174.669 25.825 10
      vertex 174.769 26.0383 -10
      vertex 174.769 26.0383 10
    endloop
  endfacet
  facet normal 0.905433 -0.424488 0
    outer loop
      vertex 174.769 26.0383 -10
      vertex 174.669 25.825 10
      vertex 174.669 25.825 -10
    endloop
  endfacet
  facet normal 0.423235 0.90602 -0
    outer loop
      vertex 174.175 27.6691 -10
      vertex 173.962 27.7686 10
      vertex 174.175 27.6691 10
    endloop
  endfacet
  facet normal 0.423235 0.90602 0
    outer loop
      vertex 173.962 27.7686 10
      vertex 174.175 27.6691 -10
      vertex 173.962 27.7686 -10
    endloop
  endfacet
  facet normal -0.423235 -0.90602 0
    outer loop
      vertex 172.825 25.3309 -10
      vertex 173.038 25.2314 10
      vertex 172.825 25.3309 10
    endloop
  endfacet
  facet normal -0.423235 -0.90602 -0
    outer loop
      vertex 173.038 25.2314 10
      vertex 172.825 25.3309 -10
      vertex 173.038 25.2314 -10
    endloop
  endfacet
  facet normal 0.707957 -0.706255 0
    outer loop
      vertex 174.368 25.4658 10
      vertex 174.534 25.6322 -10
      vertex 174.534 25.6322 10
    endloop
  endfacet
  facet normal 0.707957 -0.706255 0
    outer loop
      vertex 174.534 25.6322 -10
      vertex 174.368 25.4658 10
      vertex 174.368 25.4658 -10
    endloop
  endfacet
  facet normal 0.819152 -0.573576 0
    outer loop
      vertex 174.534 25.6322 10
      vertex 174.669 25.825 -10
      vertex 174.669 25.825 10
    endloop
  endfacet
  facet normal 0.819152 -0.573576 0
    outer loop
      vertex 174.669 25.825 -10
      vertex 174.534 25.6322 10
      vertex 174.534 25.6322 -10
    endloop
  endfacet
  facet normal -0.966881 0.255226 0
    outer loop
      vertex 172.171 26.7344 -10
      vertex 172.231 26.9617 10
      vertex 172.231 26.9617 -10
    endloop
  endfacet
  facet normal -0.966881 0.255226 0
    outer loop
      vertex 172.231 26.9617 10
      vertex 172.171 26.7344 -10
      vertex 172.171 26.7344 10
    endloop
  endfacet
  facet normal 0.966881 0.255226 0
    outer loop
      vertex 174.829 26.7344 10
      vertex 174.769 26.9617 -10
      vertex 174.769 26.9617 10
    endloop
  endfacet
  facet normal 0.966881 0.255226 0
    outer loop
      vertex 174.769 26.9617 -10
      vertex 174.829 26.7344 10
      vertex 174.829 26.7344 -10
    endloop
  endfacet
  facet normal 0.966881 -0.255226 0
    outer loop
      vertex 174.769 26.0383 10
      vertex 174.829 26.2656 -10
      vertex 174.829 26.2656 10
    endloop
  endfacet
  facet normal 0.966881 -0.255226 0
    outer loop
      vertex 174.829 26.2656 -10
      vertex 174.769 26.0383 10
      vertex 174.769 26.0383 -10
    endloop
  endfacet
  facet normal -0.819152 0.573576 0
    outer loop
      vertex 172.331 27.175 -10
      vertex 172.466 27.3678 10
      vertex 172.466 27.3678 -10
    endloop
  endfacet
  facet normal -0.819152 0.573576 0
    outer loop
      vertex 172.466 27.3678 10
      vertex 172.331 27.175 -10
      vertex 172.331 27.175 10
    endloop
  endfacet
  facet normal -0.0872726 -0.996184 0
    outer loop
      vertex 173.266 25.1705 -10
      vertex 173.5 25.15 10
      vertex 173.266 25.1705 10
    endloop
  endfacet
  facet normal -0.0872726 -0.996184 -0
    outer loop
      vertex 173.5 25.15 10
      vertex 173.266 25.1705 -10
      vertex 173.5 25.15 -10
    endloop
  endfacet
  facet normal -0.905433 0.424488 0
    outer loop
      vertex 172.231 26.9617 -10
      vertex 172.331 27.175 10
      vertex 172.331 27.175 -10
    endloop
  endfacet
  facet normal -0.905433 0.424488 0
    outer loop
      vertex 172.331 27.175 10
      vertex 172.231 26.9617 -10
      vertex 172.231 26.9617 10
    endloop
  endfacet
  facet normal 0 0 1
    outer loop
      vertex 174.829 26.7344 10
      vertex 174.829 26.2656 10
      vertex 174.85 26.5 10
    endloop
  endfacet
  facet normal 0 0 1
    outer loop
      vertex 174.769 26.9617 10
      vertex 174.829 26.2656 10
      vertex 174.829 26.7344 10
    endloop
  endfacet
  facet normal 0 0 1
    outer loop
      vertex 174.769 26.9617 10
      vertex 174.769 26.0383 10
      vertex 174.829 26.2656 10
    endloop
  endfacet
  facet normal 0 0 1
    outer loop
      vertex 174.669 27.175 10
      vertex 174.769 26.0383 10
      vertex 174.769 26.9617 10
    endloop
  endfacet
  facet normal 0 0 1
    outer loop
      vertex 174.669 27.175 10
      vertex 174.669 25.825 10
      vertex 174.769 26.0383 10
    endloop
  endfacet
  facet normal 0 0 1
    outer loop
      vertex 174.534 27.3678 10
      vertex 174.669 25.825 10
      vertex 174.669 27.175 10
    endloop
  endfacet
  facet normal 0 0 1
    outer loop
      vertex 174.534 27.3678 10
      vertex 174.534 25.6322 10
      vertex 174.669 25.825 10
    endloop
  endfacet
  facet normal 0 0 1
    outer loop
      vertex 174.368 27.5342 10
      vertex 174.534 25.6322 10
      vertex 174.534 27.3678 10
    endloop
  endfacet
  facet normal 0 0 1
    outer loop
      vertex 174.368 27.5342 10
      vertex 174.368 25.4658 10
      vertex 174.534 25.6322 10
    endloop
  endfacet
  facet normal 0 0 1
    outer loop
      vertex 174.175 27.6691 10
      vertex 174.368 25.4658 10
      vertex 174.368 27.5342 10
    endloop
  endfacet
  facet normal 0 0 1
    outer loop
      vertex 174.175 27.6691 10
      vertex 174.175 25.3309 10
      vertex 174.368 25.4658 10
    endloop
  endfacet
  facet normal 0 0 1
    outer loop
      vertex 173.962 27.7686 10
      vertex 174.175 25.3309 10
      vertex 174.175 27.6691 10
    endloop
  endfacet
  facet normal 0 0 1
    outer loop
      vertex 173.962 27.7686 10
      vertex 173.962 25.2314 10
      vertex 174.175 25.3309 10
    endloop
  endfacet
  facet normal 0 0 1
    outer loop
      vertex 173.734 27.8295 10
      vertex 173.962 25.2314 10
      vertex 173.962 27.7686 10
    endloop
  endfacet
  facet normal 0 0 1
    outer loop
      vertex 173.734 27.8295 10
      vertex 173.734 25.1705 10
      vertex 173.962 25.2314 10
    endloop
  endfacet
  facet normal 0 0 1
    outer loop
      vertex 173.5 27.85 10
      vertex 173.734 25.1705 10
      vertex 173.734 27.8295 10
    endloop
  endfacet
  facet normal 0 0 1
    outer loop
      vertex 173.5 27.85 10
      vertex 173.5 25.15 10
      vertex 173.734 25.1705 10
    endloop
  endfacet
  facet normal -0 0 1
    outer loop
      vertex 173.266 27.8295 10
      vertex 173.5 25.15 10
      vertex 173.5 27.85 10
    endloop
  endfacet
  facet normal 0 0 1
    outer loop
      vertex 173.266 27.8295 10
      vertex 173.266 25.1705 10
      vertex 173.5 25.15 10
    endloop
  endfacet
  facet normal -0 0 1
    outer loop
      vertex 173.038 27.7686 10
      vertex 173.266 25.1705 10
      vertex 173.266 27.8295 10
    endloop
  endfacet
  facet normal 0 0 1
    outer loop
      vertex 173.038 27.7686 10
      vertex 173.038 25.2314 10
      vertex 173.266 25.1705 10
    endloop
  endfacet
  facet normal -0 0 1
    outer loop
      vertex 172.825 27.6691 10
      vertex 173.038 25.2314 10
      vertex 173.038 27.7686 10
    endloop
  endfacet
  facet normal 0 0 1
    outer loop
      vertex 172.825 27.6691 10
      vertex 172.825 25.3309 10
      vertex 173.038 25.2314 10
    endloop
  endfacet
  facet normal -0 0 1
    outer loop
      vertex 172.632 27.5342 10
      vertex 172.825 25.3309 10
      vertex 172.825 27.6691 10
    endloop
  endfacet
  facet normal 0 0 1
    outer loop
      vertex 172.632 27.5342 10
      vertex 172.632 25.4658 10
      vertex 172.825 25.3309 10
    endloop
  endfacet
  facet normal -0 0 1
    outer loop
      vertex 172.466 27.3678 10
      vertex 172.632 25.4658 10
      vertex 172.632 27.5342 10
    endloop
  endfacet
  facet normal 0 0 1
    outer loop
      vertex 172.466 27.3678 10
      vertex 172.466 25.6322 10
      vertex 172.632 25.4658 10
    endloop
  endfacet
  facet normal -0 0 1
    outer loop
      vertex 172.331 27.175 10
      vertex 172.466 25.6322 10
      vertex 172.466 27.3678 10
    endloop
  endfacet
  facet normal 0 0 1
    outer loop
      vertex 172.331 27.175 10
      vertex 172.331 25.825 10
      vertex 172.466 25.6322 10
    endloop
  endfacet
  facet normal -0 0 1
    outer loop
      vertex 172.231 26.9617 10
      vertex 172.331 25.825 10
      vertex 172.331 27.175 10
    endloop
  endfacet
  facet normal 0 0 1
    outer loop
      vertex 172.231 26.9617 10
      vertex 172.231 26.0383 10
      vertex 172.331 25.825 10
    endloop
  endfacet
  facet normal -0 0 1
    outer loop
      vertex 172.171 26.7344 10
      vertex 172.231 26.0383 10
      vertex 172.231 26.9617 10
    endloop
  endfacet
  facet normal 0 0 1
    outer loop
      vertex 172.171 26.7344 10
      vertex 172.171 26.2656 10
      vertex 172.231 26.0383 10
    endloop
  endfacet
  facet normal 0 -0 1
    outer loop
      vertex 172.171 26.2656 10
      vertex 172.171 26.7344 10
      vertex 172.15 26.5 10
    endloop
  endfacet
  facet normal 0.996011 0.089233 0
    outer loop
      vertex 174.85 26.5 10
      vertex 174.829 26.7344 -10
      vertex 174.829 26.7344 10
    endloop
  endfacet
  facet normal 0.996011 0.089233 0
    outer loop
      vertex 174.829 26.7344 -10
      vertex 174.85 26.5 10
      vertex 174.85 26.5 -10
    endloop
  endfacet
  facet normal 0 0 -1
    outer loop
      vertex 174.829 26.2656 -10
      vertex 174.829 26.7344 -10
      vertex 174.85 26.5 -10
    endloop
  endfacet
  facet normal 0 0 -1
    outer loop
      vertex 174.769 26.0383 -10
      vertex 174.829 26.7344 -10
      vertex 174.829 26.2656 -10
    endloop
  endfacet
  facet normal 0 0 -1
    outer loop
      vertex 174.769 26.0383 -10
      vertex 174.769 26.9617 -10
      vertex 174.829 26.7344 -10
    endloop
  endfacet
  facet normal 0 0 -1
    outer loop
      vertex 174.669 25.825 -10
      vertex 174.769 26.9617 -10
      vertex 174.769 26.0383 -10
    endloop
  endfacet
  facet normal 0 0 -1
    outer loop
      vertex 174.669 25.825 -10
      vertex 174.669 27.175 -10
      vertex 174.769 26.9617 -10
    endloop
  endfacet
  facet normal 0 0 -1
    outer loop
      vertex 174.534 25.6322 -10
      vertex 174.669 27.175 -10
      vertex 174.669 25.825 -10
    endloop
  endfacet
  facet normal 0 0 -1
    outer loop
      vertex 174.534 25.6322 -10
      vertex 174.534 27.3678 -10
      vertex 174.669 27.175 -10
    endloop
  endfacet
  facet normal 0 0 -1
    outer loop
      vertex 174.368 25.4658 -10
      vertex 174.534 27.3678 -10
      vertex 174.534 25.6322 -10
    endloop
  endfacet
  facet normal 0 0 -1
    outer loop
      vertex 174.368 25.4658 -10
      vertex 174.368 27.5342 -10
      vertex 174.534 27.3678 -10
    endloop
  endfacet
  facet normal 0 0 -1
    outer loop
      vertex 174.175 25.3309 -10
      vertex 174.368 27.5342 -10
      vertex 174.368 25.4658 -10
    endloop
  endfacet
  facet normal 0 0 -1
    outer loop
      vertex 174.175 25.3309 -10
      vertex 174.175 27.6691 -10
      vertex 174.368 27.5342 -10
    endloop
  endfacet
  facet normal 0 0 -1
    outer loop
      vertex 173.962 25.2314 -10
      vertex 174.175 27.6691 -10
      vertex 174.175 25.3309 -10
    endloop
  endfacet
  facet normal 0 0 -1
    outer loop
      vertex 173.962 25.2314 -10
      vertex 173.962 27.7686 -10
      vertex 174.175 27.6691 -10
    endloop
  endfacet
  facet normal 0 0 -1
    outer loop
      vertex 173.734 25.1705 -10
      vertex 173.962 27.7686 -10
      vertex 173.962 25.2314 -10
    endloop
  endfacet
  facet normal 0 0 -1
    outer loop
      vertex 173.734 25.1705 -10
      vertex 173.734 27.8295 -10
      vertex 173.962 27.7686 -10
    endloop
  endfacet
  facet normal 0 0 -1
    outer loop
      vertex 173.5 25.15 -10
      vertex 173.734 27.8295 -10
      vertex 173.734 25.1705 -10
    endloop
  endfacet
  facet normal 0 0 -1
    outer loop
      vertex 173.5 25.15 -10
      vertex 173.5 27.85 -10
      vertex 173.734 27.8295 -10
    endloop
  endfacet
  facet normal 0 0 -1
    outer loop
      vertex 173.266 25.1705 -10
      vertex 173.5 27.85 -10
      vertex 173.5 25.15 -10
    endloop
  endfacet
  facet normal 0 0 -1
    outer loop
      vertex 173.266 25.1705 -10
      vertex 173.266 27.8295 -10
      vertex 173.5 27.85 -10
    endloop
  endfacet
  facet normal 0 0 -1
    outer loop
      vertex 173.038 25.2314 -10
      vertex 173.266 27.8295 -10
      vertex 173.266 25.1705 -10
    endloop
  endfacet
  facet normal 0 0 -1
    outer loop
      vertex 173.038 25.2314 -10
      vertex 173.038 27.7686 -10
      vertex 173.266 27.8295 -10
    endloop
  endfacet
  facet normal 0 0 -1
    outer loop
      vertex 172.825 25.3309 -10
      vertex 173.038 27.7686 -10
      vertex 173.038 25.2314 -10
    endloop
  endfacet
  facet normal 0 0 -1
    outer loop
      vertex 172.825 25.3309 -10
      vertex 172.825 27.6691 -10
      vertex 173.038 27.7686 -10
    endloop
  endfacet
  facet normal 0 0 -1
    outer loop
      vertex 172.632 25.4658 -10
      vertex 172.825 27.6691 -10
      vertex 172.825 25.3309 -10
    endloop
  endfacet
  facet normal 0 0 -1
    outer loop
      vertex 172.632 25.4658 -10
      vertex 172.632 27.5342 -10
      vertex 172.825 27.6691 -10
    endloop
  endfacet
  facet normal 0 0 -1
    outer loop
      vertex 172.466 25.6322 -10
      vertex 172.632 27.5342 -10
      vertex 172.632 25.4658 -10
    endloop
  endfacet
  facet normal 0 0 -1
    outer loop
      vertex 172.466 25.6322 -10
      vertex 172.466 27.3678 -10
      vertex 172.632 27.5342 -10
    endloop
  endfacet
  facet normal 0 0 -1
    outer loop
      vertex 172.331 25.825 -10
      vertex 172.466 27.3678 -10
      vertex 172.466 25.6322 -10
    endloop
  endfacet
  facet normal 0 0 -1
    outer loop
      vertex 172.331 25.825 -10
      vertex 172.331 27.175 -10
      vertex 172.466 27.3678 -10
    endloop
  endfacet
  facet normal 0 0 -1
    outer loop
      vertex 172.231 26.0383 -10
      vertex 172.331 27.175 -10
      vertex 172.331 25.825 -10
    endloop
  endfacet
  facet normal 0 0 -1
    outer loop
      vertex 172.231 26.0383 -10
      vertex 172.231 26.9617 -10
      vertex 172.331 27.175 -10
    endloop
  endfacet
  facet normal 0 0 -1
    outer loop
      vertex 172.171 26.2656 -10
      vertex 172.231 26.9617 -10
      vertex 172.231 26.0383 -10
    endloop
  endfacet
  facet normal 0 0 -1
    outer loop
      vertex 172.171 26.2656 -10
      vertex 172.171 26.7344 -10
      vertex 172.231 26.9617 -10
    endloop
  endfacet
  facet normal 0 -0 -1
    outer loop
      vertex 172.171 26.7344 -10
      vertex 172.171 26.2656 -10
      vertex 172.15 26.5 -10
    endloop
  endfacet
  facet normal 0.258058 0.966129 -0
    outer loop
      vertex 173.962 27.7686 -10
      vertex 173.734 27.8295 10
      vertex 173.962 27.7686 10
    endloop
  endfacet
  facet normal 0.258058 0.966129 0
    outer loop
      vertex 173.734 27.8295 10
      vertex 173.962 27.7686 -10
      vertex 173.734 27.8295 -10
    endloop
  endfacet
  facet normal -0.707957 0.706255 0
    outer loop
      vertex 172.466 27.3678 -10
      vertex 172.632 27.5342 10
      vertex 172.632 27.5342 -10
    endloop
  endfacet
  facet normal -0.707957 0.706255 0
    outer loop
      vertex 172.632 27.5342 10
      vertex 172.466 27.3678 -10
      vertex 172.466 27.3678 10
    endloop
  endfacet
  facet normal 0.423235 -0.90602 0
    outer loop
      vertex 173.962 25.2314 -10
      vertex 174.175 25.3309 10
      vertex 173.962 25.2314 10
    endloop
  endfacet
  facet normal 0.423235 -0.90602 0
    outer loop
      vertex 174.175 25.3309 10
      vertex 173.962 25.2314 -10
      vertex 174.175 25.3309 -10
    endloop
  endfacet
  facet normal -0.819152 -0.573576 0
    outer loop
      vertex 172.466 25.6322 -10
      vertex 172.331 25.825 10
      vertex 172.331 25.825 -10
    endloop
  endfacet
  facet normal -0.819152 -0.573576 0
    outer loop
      vertex 172.331 25.825 10
      vertex 172.466 25.6322 -10
      vertex 172.466 25.6322 10
    endloop
  endfacet
  facet normal -0.996011 -0.089233 0
    outer loop
      vertex 172.171 26.2656 -10
      vertex 172.15 26.5 10
      vertex 172.15 26.5 -10
    endloop
  endfacet
  facet normal -0.996011 -0.089233 0
    outer loop
      vertex 172.15 26.5 10
      vertex 172.171 26.2656 -10
      vertex 172.171 26.2656 10
    endloop
  endfacet
  facet normal 0.819152 0.573576 0
    outer loop
      vertex 174.669 27.175 10
      vertex 174.534 27.3678 -10
      vertex 174.534 27.3678 10
    endloop
  endfacet
  facet normal 0.819152 0.573576 0
    outer loop
      vertex 174.534 27.3678 -10
      vertex 174.669 27.175 10
      vertex 174.669 27.175 -10
    endloop
  endfacet
  facet normal 0.572892 0.819631 -0
    outer loop
      vertex 174.368 27.5342 -10
      vertex 174.175 27.6691 10
      vertex 174.368 27.5342 10
    endloop
  endfacet
  facet normal 0.572892 0.819631 0
    outer loop
      vertex 174.175 27.6691 10
      vertex 174.368 27.5342 -10
      vertex 174.175 27.6691 -10
    endloop
  endfacet
  facet normal 0.707957 0.706255 0
    outer loop
      vertex 174.534 27.3678 10
      vertex 174.368 27.5342 -10
      vertex 174.368 27.5342 10
    endloop
  endfacet
  facet normal 0.707957 0.706255 0
    outer loop
      vertex 174.368 27.5342 -10
      vertex 174.534 27.3678 10
      vertex 174.534 27.3678 -10
    endloop
  endfacet
  facet normal -0.572892 -0.819631 0
    outer loop
      vertex 172.632 25.4658 -10
      vertex 172.825 25.3309 10
      vertex 172.632 25.4658 10
    endloop
  endfacet
  facet normal -0.572892 -0.819631 -0
    outer loop
      vertex 172.825 25.3309 10
      vertex 172.632 25.4658 -10
      vertex 172.825 25.3309 -10
    endloop
  endfacet
  facet normal -0.707957 -0.706255 0
    outer loop
      vertex 172.632 25.4658 -10
      vertex 172.466 25.6322 10
      vertex 172.466 25.6322 -10
    endloop
  endfacet
  facet normal -0.707957 -0.706255 0
    outer loop
      vertex 172.466 25.6322 10
      vertex 172.632 25.4658 -10
      vertex 172.632 25.4658 10
    endloop
  endfacet
  facet normal -0.258058 -0.966129 0
    outer loop
      vertex 173.038 25.2314 -10
      vertex 173.266 25.1705 10
      vertex 173.038 25.2314 10
    endloop
  endfacet
  facet normal -0.258058 -0.966129 -0
    outer loop
      vertex 173.266 25.1705 10
      vertex 173.038 25.2314 -10
      vertex 173.266 25.1705 -10
    endloop
  endfacet
  facet normal 0.707957 0.706255 0
    outer loop
      vertex 223.534 27.3678 10
      vertex 223.368 27.5342 -10
      vertex 223.368 27.5342 10
    endloop
  endfacet
  facet normal 0.707957 0.706255 0
    outer loop
      vertex 223.368 27.5342 -10
      vertex 223.534 27.3678 10
      vertex 223.534 27.3678 -10
    endloop
  endfacet
  facet normal 0.996011 0.089233 0
    outer loop
      vertex 223.85 26.5 10
      vertex 223.829 26.7344 -10
      vertex 223.829 26.7344 10
    endloop
  endfacet
  facet normal 0.996011 0.089233 0
    outer loop
      vertex 223.829 26.7344 -10
      vertex 223.85 26.5 10
      vertex 223.85 26.5 -10
    endloop
  endfacet
  facet normal -0.258058 0.966129 0
    outer loop
      vertex 222.266 27.8295 -10
      vertex 222.038 27.7686 10
      vertex 222.266 27.8295 10
    endloop
  endfacet
  facet normal -0.258058 0.966129 0
    outer loop
      vertex 222.038 27.7686 10
      vertex 222.266 27.8295 -10
      vertex 222.038 27.7686 -10
    endloop
  endfacet
  facet normal -0.966881 0.255226 0
    outer loop
      vertex 221.171 26.7344 -10
      vertex 221.231 26.9617 10
      vertex 221.231 26.9617 -10
    endloop
  endfacet
  facet normal -0.966881 0.255226 0
    outer loop
      vertex 221.231 26.9617 10
      vertex 221.171 26.7344 -10
      vertex 221.171 26.7344 10
    endloop
  endfacet
  facet normal -0.0872726 -0.996184 0
    outer loop
      vertex 222.266 25.1705 -10
      vertex 222.5 25.15 10
      vertex 222.266 25.1705 10
    endloop
  endfacet
  facet normal -0.0872726 -0.996184 -0
    outer loop
      vertex 222.5 25.15 10
      vertex 222.266 25.1705 -10
      vertex 222.5 25.15 -10
    endloop
  endfacet
  facet normal -0.819152 -0.573576 0
    outer loop
      vertex 221.466 25.6322 -10
      vertex 221.331 25.825 10
      vertex 221.331 25.825 -10
    endloop
  endfacet
  facet normal -0.819152 -0.573576 0
    outer loop
      vertex 221.331 25.825 10
      vertex 221.466 25.6322 -10
      vertex 221.466 25.6322 10
    endloop
  endfacet
  facet normal -0.996011 0.089233 0
    outer loop
      vertex 221.15 26.5 -10
      vertex 221.171 26.7344 10
      vertex 221.171 26.7344 -10
    endloop
  endfacet
  facet normal -0.996011 0.089233 0
    outer loop
      vertex 221.171 26.7344 10
      vertex 221.15 26.5 -10
      vertex 221.15 26.5 10
    endloop
  endfacet
  facet normal 0.572892 0.819631 -0
    outer loop
      vertex 223.368 27.5342 -10
      vertex 223.175 27.6691 10
      vertex 223.368 27.5342 10
    endloop
  endfacet
  facet normal 0.572892 0.819631 0
    outer loop
      vertex 223.175 27.6691 10
      vertex 223.368 27.5342 -10
      vertex 223.175 27.6691 -10
    endloop
  endfacet
  facet normal 0.905433 -0.424488 0
    outer loop
      vertex 223.669 25.825 10
      vertex 223.769 26.0383 -10
      vertex 223.769 26.0383 10
    endloop
  endfacet
  facet normal 0.905433 -0.424488 0
    outer loop
      vertex 223.769 26.0383 -10
      vertex 223.669 25.825 10
      vertex 223.669 25.825 -10
    endloop
  endfacet
  facet normal 0.966881 -0.255226 0
    outer loop
      vertex 223.769 26.0383 10
      vertex 223.829 26.2656 -10
      vertex 223.829 26.2656 10
    endloop
  endfacet
  facet normal 0.966881 -0.255226 0
    outer loop
      vertex 223.829 26.2656 -10
      vertex 223.769 26.0383 10
      vertex 223.769 26.0383 -10
    endloop
  endfacet
  facet normal -0.258058 -0.966129 0
    outer loop
      vertex 222.038 25.2314 -10
      vertex 222.266 25.1705 10
      vertex 222.038 25.2314 10
    endloop
  endfacet
  facet normal -0.258058 -0.966129 -0
    outer loop
      vertex 222.266 25.1705 10
      vertex 222.038 25.2314 -10
      vertex 222.266 25.1705 -10
    endloop
  endfacet
  facet normal -0.996011 -0.089233 0
    outer loop
      vertex 221.171 26.2656 -10
      vertex 221.15 26.5 10
      vertex 221.15 26.5 -10
    endloop
  endfacet
  facet normal -0.996011 -0.089233 0
    outer loop
      vertex 221.15 26.5 10
      vertex 221.171 26.2656 -10
      vertex 221.171 26.2656 10
    endloop
  endfacet
  facet normal -0.0872726 0.996184 0
    outer loop
      vertex 222.5 27.85 -10
      vertex 222.266 27.8295 10
      vertex 222.5 27.85 10
    endloop
  endfacet
  facet normal -0.0872726 0.996184 0
    outer loop
      vertex 222.266 27.8295 10
      vertex 222.5 27.85 -10
      vertex 222.266 27.8295 -10
    endloop
  endfacet
  facet normal 0 0 -1
    outer loop
      vertex 223.829 26.2656 -10
      vertex 223.829 26.7344 -10
      vertex 223.85 26.5 -10
    endloop
  endfacet
  facet normal 0 0 -1
    outer loop
      vertex 223.769 26.0383 -10
      vertex 223.829 26.7344 -10
      vertex 223.829 26.2656 -10
    endloop
  endfacet
  facet normal 0 0 -1
    outer loop
      vertex 223.769 26.0383 -10
      vertex 223.769 26.9617 -10
      vertex 223.829 26.7344 -10
    endloop
  endfacet
  facet normal 0 0 -1
    outer loop
      vertex 223.669 25.825 -10
      vertex 223.769 26.9617 -10
      vertex 223.769 26.0383 -10
    endloop
  endfacet
  facet normal 0 0 -1
    outer loop
      vertex 223.669 25.825 -10
      vertex 223.669 27.175 -10
      vertex 223.769 26.9617 -10
    endloop
  endfacet
  facet normal 0 0 -1
    outer loop
      vertex 223.534 25.6322 -10
      vertex 223.669 27.175 -10
      vertex 223.669 25.825 -10
    endloop
  endfacet
  facet normal 0 0 -1
    outer loop
      vertex 223.534 25.6322 -10
      vertex 223.534 27.3678 -10
      vertex 223.669 27.175 -10
    endloop
  endfacet
  facet normal 0 0 -1
    outer loop
      vertex 223.368 25.4658 -10
      vertex 223.534 27.3678 -10
      vertex 223.534 25.6322 -10
    endloop
  endfacet
  facet normal 0 0 -1
    outer loop
      vertex 223.368 25.4658 -10
      vertex 223.368 27.5342 -10
      vertex 223.534 27.3678 -10
    endloop
  endfacet
  facet normal 0 0 -1
    outer loop
      vertex 223.175 25.3309 -10
      vertex 223.368 27.5342 -10
      vertex 223.368 25.4658 -10
    endloop
  endfacet
  facet normal 0 0 -1
    outer loop
      vertex 223.175 25.3309 -10
      vertex 223.175 27.6691 -10
      vertex 223.368 27.5342 -10
    endloop
  endfacet
  facet normal 0 0 -1
    outer loop
      vertex 222.962 25.2314 -10
      vertex 223.175 27.6691 -10
      vertex 223.175 25.3309 -10
    endloop
  endfacet
  facet normal 0 0 -1
    outer loop
      vertex 222.962 25.2314 -10
      vertex 222.962 27.7686 -10
      vertex 223.175 27.6691 -10
    endloop
  endfacet
  facet normal 0 0 -1
    outer loop
      vertex 222.734 25.1705 -10
      vertex 222.962 27.7686 -10
      vertex 222.962 25.2314 -10
    endloop
  endfacet
  facet normal 0 0 -1
    outer loop
      vertex 222.734 25.1705 -10
      vertex 222.734 27.8295 -10
      vertex 222.962 27.7686 -10
    endloop
  endfacet
  facet normal 0 0 -1
    outer loop
      vertex 222.5 25.15 -10
      vertex 222.734 27.8295 -10
      vertex 222.734 25.1705 -10
    endloop
  endfacet
  facet normal 0 0 -1
    outer loop
      vertex 222.5 25.15 -10
      vertex 222.5 27.85 -10
      vertex 222.734 27.8295 -10
    endloop
  endfacet
  facet normal 0 0 -1
    outer loop
      vertex 222.266 25.1705 -10
      vertex 222.5 27.85 -10
      vertex 222.5 25.15 -10
    endloop
  endfacet
  facet normal 0 0 -1
    outer loop
      vertex 222.266 25.1705 -10
      vertex 222.266 27.8295 -10
      vertex 222.5 27.85 -10
    endloop
  endfacet
  facet normal 0 0 -1
    outer loop
      vertex 222.038 25.2314 -10
      vertex 222.266 27.8295 -10
      vertex 222.266 25.1705 -10
    endloop
  endfacet
  facet normal 0 0 -1
    outer loop
      vertex 222.038 25.2314 -10
      vertex 222.038 27.7686 -10
      vertex 222.266 27.8295 -10
    endloop
  endfacet
  facet normal 0 0 -1
    outer loop
      vertex 221.825 25.3309 -10
      vertex 222.038 27.7686 -10
      vertex 222.038 25.2314 -10
    endloop
  endfacet
  facet normal 0 0 -1
    outer loop
      vertex 221.825 25.3309 -10
      vertex 221.825 27.6691 -10
      vertex 222.038 27.7686 -10
    endloop
  endfacet
  facet normal 0 0 -1
    outer loop
      vertex 221.632 25.4658 -10
      vertex 221.825 27.6691 -10
      vertex 221.825 25.3309 -10
    endloop
  endfacet
  facet normal 0 0 -1
    outer loop
      vertex 221.632 25.4658 -10
      vertex 221.632 27.5342 -10
      vertex 221.825 27.6691 -10
    endloop
  endfacet
  facet normal 0 0 -1
    outer loop
      vertex 221.466 25.6322 -10
      vertex 221.632 27.5342 -10
      vertex 221.632 25.4658 -10
    endloop
  endfacet
  facet normal 0 0 -1
    outer loop
      vertex 221.466 25.6322 -10
      vertex 221.466 27.3678 -10
      vertex 221.632 27.5342 -10
    endloop
  endfacet
  facet normal 0 0 -1
    outer loop
      vertex 221.331 25.825 -10
      vertex 221.466 27.3678 -10
      vertex 221.466 25.6322 -10
    endloop
  endfacet
  facet normal 0 0 -1
    outer loop
      vertex 221.331 25.825 -10
      vertex 221.331 27.175 -10
      vertex 221.466 27.3678 -10
    endloop
  endfacet
  facet normal 0 0 -1
    outer loop
      vertex 221.231 26.0383 -10
      vertex 221.331 27.175 -10
      vertex 221.331 25.825 -10
    endloop
  endfacet
  facet normal 0 0 -1
    outer loop
      vertex 221.231 26.0383 -10
      vertex 221.231 26.9617 -10
      vertex 221.331 27.175 -10
    endloop
  endfacet
  facet normal 0 0 -1
    outer loop
      vertex 221.171 26.2656 -10
      vertex 221.231 26.9617 -10
      vertex 221.231 26.0383 -10
    endloop
  endfacet
  facet normal 0 0 -1
    outer loop
      vertex 221.171 26.2656 -10
      vertex 221.171 26.7344 -10
      vertex 221.231 26.9617 -10
    endloop
  endfacet
  facet normal 0 -0 -1
    outer loop
      vertex 221.171 26.7344 -10
      vertex 221.171 26.2656 -10
      vertex 221.15 26.5 -10
    endloop
  endfacet
  facet normal 0.258058 -0.966129 0
    outer loop
      vertex 222.734 25.1705 -10
      vertex 222.962 25.2314 10
      vertex 222.734 25.1705 10
    endloop
  endfacet
  facet normal 0.258058 -0.966129 0
    outer loop
      vertex 222.962 25.2314 10
      vertex 222.734 25.1705 -10
      vertex 222.962 25.2314 -10
    endloop
  endfacet
  facet normal -0.423235 0.90602 0
    outer loop
      vertex 222.038 27.7686 -10
      vertex 221.825 27.6691 10
      vertex 222.038 27.7686 10
    endloop
  endfacet
  facet normal -0.423235 0.90602 0
    outer loop
      vertex 221.825 27.6691 10
      vertex 222.038 27.7686 -10
      vertex 221.825 27.6691 -10
    endloop
  endfacet
  facet normal -0.905433 0.424488 0
    outer loop
      vertex 221.231 26.9617 -10
      vertex 221.331 27.175 10
      vertex 221.331 27.175 -10
    endloop
  endfacet
  facet normal -0.905433 0.424488 0
    outer loop
      vertex 221.331 27.175 10
      vertex 221.231 26.9617 -10
      vertex 221.231 26.9617 10
    endloop
  endfacet
  facet normal 0.423235 -0.90602 0
    outer loop
      vertex 222.962 25.2314 -10
      vertex 223.175 25.3309 10
      vertex 222.962 25.2314 10
    endloop
  endfacet
  facet normal 0.423235 -0.90602 0
    outer loop
      vertex 223.175 25.3309 10
      vertex 222.962 25.2314 -10
      vertex 223.175 25.3309 -10
    endloop
  endfacet
  facet normal -0.966881 -0.255226 0
    outer loop
      vertex 221.231 26.0383 -10
      vertex 221.171 26.2656 10
      vertex 221.171 26.2656 -10
    endloop
  endfacet
  facet normal -0.966881 -0.255226 0
    outer loop
      vertex 221.171 26.2656 10
      vertex 221.231 26.0383 -10
      vertex 221.231 26.0383 10
    endloop
  endfacet
  facet normal 0.423235 0.90602 -0
    outer loop
      vertex 223.175 27.6691 -10
      vertex 222.962 27.7686 10
      vertex 223.175 27.6691 10
    endloop
  endfacet
  facet normal 0.423235 0.90602 0
    outer loop
      vertex 222.962 27.7686 10
      vertex 223.175 27.6691 -10
      vertex 222.962 27.7686 -10
    endloop
  endfacet
  facet normal 0.0872726 0.996184 -0
    outer loop
      vertex 222.734 27.8295 -10
      vertex 222.5 27.85 10
      vertex 222.734 27.8295 10
    endloop
  endfacet
  facet normal 0.0872726 0.996184 0
    outer loop
      vertex 222.5 27.85 10
      vertex 222.734 27.8295 -10
      vertex 222.5 27.85 -10
    endloop
  endfacet
  facet normal -0.423235 -0.90602 0
    outer loop
      vertex 221.825 25.3309 -10
      vertex 222.038 25.2314 10
      vertex 221.825 25.3309 10
    endloop
  endfacet
  facet normal -0.423235 -0.90602 -0
    outer loop
      vertex 222.038 25.2314 10
      vertex 221.825 25.3309 -10
      vertex 222.038 25.2314 -10
    endloop
  endfacet
  facet normal -0.707957 0.706255 0
    outer loop
      vertex 221.466 27.3678 -10
      vertex 221.632 27.5342 10
      vertex 221.632 27.5342 -10
    endloop
  endfacet
  facet normal -0.707957 0.706255 0
    outer loop
      vertex 221.632 27.5342 10
      vertex 221.466 27.3678 -10
      vertex 221.466 27.3678 10
    endloop
  endfacet
  facet normal 0.905433 0.424488 0
    outer loop
      vertex 223.769 26.9617 10
      vertex 223.669 27.175 -10
      vertex 223.669 27.175 10
    endloop
  endfacet
  facet normal 0.905433 0.424488 0
    outer loop
      vertex 223.669 27.175 -10
      vertex 223.769 26.9617 10
      vertex 223.769 26.9617 -10
    endloop
  endfacet
  facet normal 0.0872726 -0.996184 0
    outer loop
      vertex 222.5 25.15 -10
      vertex 222.734 25.1705 10
      vertex 222.5 25.15 10
    endloop
  endfacet
  facet normal 0.0872726 -0.996184 0
    outer loop
      vertex 222.734 25.1705 10
      vertex 222.5 25.15 -10
      vertex 222.734 25.1705 -10
    endloop
  endfacet
  facet normal -0.572892 0.819631 0
    outer loop
      vertex 221.825 27.6691 -10
      vertex 221.632 27.5342 10
      vertex 221.825 27.6691 10
    endloop
  endfacet
  facet normal -0.572892 0.819631 0
    outer loop
      vertex 221.632 27.5342 10
      vertex 221.825 27.6691 -10
      vertex 221.632 27.5342 -10
    endloop
  endfacet
  facet normal -0.819152 0.573576 0
    outer loop
      vertex 221.331 27.175 -10
      vertex 221.466 27.3678 10
      vertex 221.466 27.3678 -10
    endloop
  endfacet
  facet normal -0.819152 0.573576 0
    outer loop
      vertex 221.466 27.3678 10
      vertex 221.331 27.175 -10
      vertex 221.331 27.175 10
    endloop
  endfacet
  facet normal 0 0 1
    outer loop
      vertex 223.829 26.7344 10
      vertex 223.829 26.2656 10
      vertex 223.85 26.5 10
    endloop
  endfacet
  facet normal 0 0 1
    outer loop
      vertex 223.769 26.9617 10
      vertex 223.829 26.2656 10
      vertex 223.829 26.7344 10
    endloop
  endfacet
  facet normal 0 0 1
    outer loop
      vertex 223.769 26.9617 10
      vertex 223.769 26.0383 10
      vertex 223.829 26.2656 10
    endloop
  endfacet
  facet normal 0 0 1
    outer loop
      vertex 223.669 27.175 10
      vertex 223.769 26.0383 10
      vertex 223.769 26.9617 10
    endloop
  endfacet
  facet normal 0 0 1
    outer loop
      vertex 223.669 27.175 10
      vertex 223.669 25.825 10
      vertex 223.769 26.0383 10
    endloop
  endfacet
  facet normal 0 0 1
    outer loop
      vertex 223.534 27.3678 10
      vertex 223.669 25.825 10
      vertex 223.669 27.175 10
    endloop
  endfacet
  facet normal 0 0 1
    outer loop
      vertex 223.534 27.3678 10
      vertex 223.534 25.6322 10
      vertex 223.669 25.825 10
    endloop
  endfacet
  facet normal 0 0 1
    outer loop
      vertex 223.368 27.5342 10
      vertex 223.534 25.6322 10
      vertex 223.534 27.3678 10
    endloop
  endfacet
  facet normal 0 0 1
    outer loop
      vertex 223.368 27.5342 10
      vertex 223.368 25.4658 10
      vertex 223.534 25.6322 10
    endloop
  endfacet
  facet normal 0 0 1
    outer loop
      vertex 223.175 27.6691 10
      vertex 223.368 25.4658 10
      vertex 223.368 27.5342 10
    endloop
  endfacet
  facet normal 0 0 1
    outer loop
      vertex 223.175 27.6691 10
      vertex 223.175 25.3309 10
      vertex 223.368 25.4658 10
    endloop
  endfacet
  facet normal 0 0 1
    outer loop
      vertex 222.962 27.7686 10
      vertex 223.175 25.3309 10
      vertex 223.175 27.6691 10
    endloop
  endfacet
  facet normal 0 0 1
    outer loop
      vertex 222.962 27.7686 10
      vertex 222.962 25.2314 10
      vertex 223.175 25.3309 10
    endloop
  endfacet
  facet normal 0 0 1
    outer loop
      vertex 222.734 27.8295 10
      vertex 222.962 25.2314 10
      vertex 222.962 27.7686 10
    endloop
  endfacet
  facet normal 0 0 1
    outer loop
      vertex 222.734 27.8295 10
      vertex 222.734 25.1705 10
      vertex 222.962 25.2314 10
    endloop
  endfacet
  facet normal 0 0 1
    outer loop
      vertex 222.5 27.85 10
      vertex 222.734 25.1705 10
      vertex 222.734 27.8295 10
    endloop
  endfacet
  facet normal 0 0 1
    outer loop
      vertex 222.5 27.85 10
      vertex 222.5 25.15 10
      vertex 222.734 25.1705 10
    endloop
  endfacet
  facet normal -0 0 1
    outer loop
      vertex 222.266 27.8295 10
      vertex 222.5 25.15 10
      vertex 222.5 27.85 10
    endloop
  endfacet
  facet normal 0 0 1
    outer loop
      vertex 222.266 27.8295 10
      vertex 222.266 25.1705 10
      vertex 222.5 25.15 10
    endloop
  endfacet
  facet normal -0 0 1
    outer loop
      vertex 222.038 27.7686 10
      vertex 222.266 25.1705 10
      vertex 222.266 27.8295 10
    endloop
  endfacet
  facet normal 0 0 1
    outer loop
      vertex 222.038 27.7686 10
      vertex 222.038 25.2314 10
      vertex 222.266 25.1705 10
    endloop
  endfacet
  facet normal -0 0 1
    outer loop
      vertex 221.825 27.6691 10
      vertex 222.038 25.2314 10
      vertex 222.038 27.7686 10
    endloop
  endfacet
  facet normal 0 0 1
    outer loop
      vertex 221.825 27.6691 10
      vertex 221.825 25.3309 10
      vertex 222.038 25.2314 10
    endloop
  endfacet
  facet normal -0 0 1
    outer loop
      vertex 221.632 27.5342 10
      vertex 221.825 25.3309 10
      vertex 221.825 27.6691 10
    endloop
  endfacet
  facet normal 0 0 1
    outer loop
      vertex 221.632 27.5342 10
      vertex 221.632 25.4658 10
      vertex 221.825 25.3309 10
    endloop
  endfacet
  facet normal -0 0 1
    outer loop
      vertex 221.466 27.3678 10
      vertex 221.632 25.4658 10
      vertex 221.632 27.5342 10
    endloop
  endfacet
  facet normal 0 0 1
    outer loop
      vertex 221.466 27.3678 10
      vertex 221.466 25.6322 10
      vertex 221.632 25.4658 10
    endloop
  endfacet
  facet normal -0 0 1
    outer loop
      vertex 221.331 27.175 10
      vertex 221.466 25.6322 10
      vertex 221.466 27.3678 10
    endloop
  endfacet
  facet normal 0 0 1
    outer loop
      vertex 221.331 27.175 10
      vertex 221.331 25.825 10
      vertex 221.466 25.6322 10
    endloop
  endfacet
  facet normal -0 0 1
    outer loop
      vertex 221.231 26.9617 10
      vertex 221.331 25.825 10
      vertex 221.331 27.175 10
    endloop
  endfacet
  facet normal 0 0 1
    outer loop
      vertex 221.231 26.9617 10
      vertex 221.231 26.0383 10
      vertex 221.331 25.825 10
    endloop
  endfacet
  facet normal -0 0 1
    outer loop
      vertex 221.171 26.7344 10
      vertex 221.231 26.0383 10
      vertex 221.231 26.9617 10
    endloop
  endfacet
  facet normal 0 0 1
    outer loop
      vertex 221.171 26.7344 10
      vertex 221.171 26.2656 10
      vertex 221.231 26.0383 10
    endloop
  endfacet
  facet normal 0 -0 1
    outer loop
      vertex 221.171 26.2656 10
      vertex 221.171 26.7344 10
      vertex 221.15 26.5 10
    endloop
  endfacet
  facet normal 0.819152 -0.573576 0
    outer loop
      vertex 223.534 25.6322 10
      vertex 223.669 25.825 -10
      vertex 223.669 25.825 10
    endloop
  endfacet
  facet normal 0.819152 -0.573576 0
    outer loop
      vertex 223.669 25.825 -10
      vertex 223.534 25.6322 10
      vertex 223.534 25.6322 -10
    endloop
  endfacet
  facet normal -0.905433 -0.424488 0
    outer loop
      vertex 221.331 25.825 -10
      vertex 221.231 26.0383 10
      vertex 221.231 26.0383 -10
    endloop
  endfacet
  facet normal -0.905433 -0.424488 0
    outer loop
      vertex 221.231 26.0383 10
      vertex 221.331 25.825 -10
      vertex 221.331 25.825 10
    endloop
  endfacet
  facet normal 0.572892 -0.819631 0
    outer loop
      vertex 223.175 25.3309 -10
      vertex 223.368 25.4658 10
      vertex 223.175 25.3309 10
    endloop
  endfacet
  facet normal 0.572892 -0.819631 0
    outer loop
      vertex 223.368 25.4658 10
      vertex 223.175 25.3309 -10
      vertex 223.368 25.4658 -10
    endloop
  endfacet
  facet normal 0.707957 -0.706255 0
    outer loop
      vertex 223.368 25.4658 10
      vertex 223.534 25.6322 -10
      vertex 223.534 25.6322 10
    endloop
  endfacet
  facet normal 0.707957 -0.706255 0
    outer loop
      vertex 223.534 25.6322 -10
      vertex 223.368 25.4658 10
      vertex 223.368 25.4658 -10
    endloop
  endfacet
  facet normal 0.966881 0.255226 0
    outer loop
      vertex 223.829 26.7344 10
      vertex 223.769 26.9617 -10
      vertex 223.769 26.9617 10
    endloop
  endfacet
  facet normal 0.966881 0.255226 0
    outer loop
      vertex 223.769 26.9617 -10
      vertex 223.829 26.7344 10
      vertex 223.829 26.7344 -10
    endloop
  endfacet
  facet normal -0.572892 -0.819631 0
    outer loop
      vertex 221.632 25.4658 -10
      vertex 221.825 25.3309 10
      vertex 221.632 25.4658 10
    endloop
  endfacet
  facet normal -0.572892 -0.819631 -0
    outer loop
      vertex 221.825 25.3309 10
      vertex 221.632 25.4658 -10
      vertex 221.825 25.3309 -10
    endloop
  endfacet
  facet normal 0.819152 0.573576 0
    outer loop
      vertex 223.669 27.175 10
      vertex 223.534 27.3678 -10
      vertex 223.534 27.3678 10
    endloop
  endfacet
  facet normal 0.819152 0.573576 0
    outer loop
      vertex 223.534 27.3678 -10
      vertex 223.669 27.175 10
      vertex 223.669 27.175 -10
    endloop
  endfacet
  facet normal 0.258058 0.966129 -0
    outer loop
      vertex 222.962 27.7686 -10
      vertex 222.734 27.8295 10
      vertex 222.962 27.7686 10
    endloop
  endfacet
  facet normal 0.258058 0.966129 0
    outer loop
      vertex 222.734 27.8295 10
      vertex 222.962 27.7686 -10
      vertex 222.734 27.8295 -10
    endloop
  endfacet
  facet normal 0.996011 -0.089233 0
    outer loop
      vertex 223.829 26.2656 10
      vertex 223.85 26.5 -10
      vertex 223.85 26.5 10
    endloop
  endfacet
  facet normal 0.996011 -0.089233 0
    outer loop
      vertex 223.85 26.5 -10
      vertex 223.829 26.2656 10
      vertex 223.829 26.2656 -10
    endloop
  endfacet
  facet normal -0.707957 -0.706255 0
    outer loop
      vertex 221.632 25.4658 -10
      vertex 221.466 25.6322 10
      vertex 221.466 25.6322 -10
    endloop
  endfacet
  facet normal -0.707957 -0.706255 0
    outer loop
      vertex 221.466 25.6322 10
      vertex 221.632 25.4658 -10
      vertex 221.632 25.4658 10
    endloop
  endfacet
endsolid OpenSCAD_Model
